species,node,fcv,FCS,ProfileCorrDistFCV,ObservedNetTE,NeighborNetTE,n_recordings,level,window_config,root_area_id,normalization,node_class,cell_class,fcv_z,rank_high_to_low,percentile,global_rank_high_to_low,global_percentile,class_order,class_label,class_short,fine_class,analysis_note,shared_fine_order,shared_fine_label
Drosophila,AVLP_L,1.6328346151869817,0.2905075904079016,-0.4646533906905917,0.3317792006544209,-0.4556167764285316,20,side key,w15_step5_highpass_atlas_mean_trace,,within_recording_zscore_then_node_mean,side key,,2.2214221134233174,1,1.0,1,1.0,2,integrative relay,integrative relay,visual-association protocerebrum,"Literature-guided five-way anatomical/functional class; compare within-species FCV ranks, not raw FCV or strict homology.",4,integrative relay
Zebrafish,rSP,1.6255425838240107,-0.1574951752049005,-0.2393960301928908,1.2373570928776072,0.4124918134735601,7,root_area_from_louvain_communities,baseline_highpass,64.0,within_recording_zscore_then_node_mean,root_area_from_louvain_communities,,2.040312187856549,1,1.0,2,0.9957627118644068,3,associative / learning,associative / learning,subpallium,"Literature-guided five-way anatomical/functional class; compare within-species FCV ranks, not raw FCV or strict homology.",5,associative / learning
Zebrafish,SP,1.4702203349418974,-0.4193244379550248,-0.169463736162695,1.106374388488888,0.488012819583613,7,root_area_from_louvain_communities,baseline_highpass,28.0,within_recording_zscore_then_node_mean,root_area_from_louvain_communities,,1.856904787919362,2,0.9795918367346939,3,0.9915254237288136,3,associative / learning,associative / learning,subpallium,"Literature-guided five-way anatomical/functional class; compare within-species FCV ranks, not raw FCV or strict homology.",5,associative / learning
C. elegans,BAGL,1.4517242918919655,0.0985685780897919,-0.6664114420577424,1.3293630009149144,-0.2200654543681742,7,neuron,w20_step8_highpass,,within_recording_zscore_then_node_mean,neuron,Sensory,1.8404423972838555,1,1.0,4,0.9872881355932204,0,sensory input,sensory input,thermo/gas sensory,"Literature-guided five-way anatomical/functional class; compare within-species FCV ranks, not raw FCV or strict homology.",2,other sensory
Drosophila,MB_R,1.2804103580774668,1.0918925824522308,-1.33507169189508,1.685950403375582,-0.2426394495459584,20,side key,w15_step5_highpass_atlas_mean_trace,,within_recording_zscore_then_node_mean,side key,,1.7473719724066874,2,0.9850746268656716,5,0.9830508474576272,3,associative / learning,associative / learning,mushroom body,"Literature-guided five-way anatomical/functional class; compare within-species FCV ranks, not raw FCV or strict homology.",5,associative / learning
Zebrafish,rP,1.2738165395287406,-0.430950826639782,0.3826596755689774,0.3547206473713294,0.3327969992528315,7,root_area_from_louvain_communities,baseline_highpass,58.0,within_recording_zscore_then_node_mean,root_area_from_louvain_communities,,1.6249875338634912,3,0.9591836734693877,6,0.9788135593220338,3,associative / learning,associative / learning,pallium,"Literature-guided five-way anatomical/functional class; compare within-species FCV ranks, not raw FCV or strict homology.",5,associative / learning
Zebrafish,rHb,1.2349172807677784,-1.2675328053735366,1.456598742613128,0.1027141395517234,0.7769484413307053,6,root_area_from_louvain_communities,baseline_highpass,52.0,within_recording_zscore_then_node_mean,root_area_from_louvain_communities,,1.5790545657267319,4,0.9387755102040817,7,0.9745762711864406,4,state-dependent / modulatory,state-dependent / modulatory,habenula,"Literature-guided five-way anatomical/functional class; compare within-species FCV ranks, not raw FCV or strict homology.",6,state-dependent / modulatory
C. elegans,RMEL,1.208135070005396,0.0654673714802056,-0.815173567436752,0.5411635219109919,-0.118435883130835,15,neuron,w20_step8_highpass,,within_recording_zscore_then_node_mean,neuron,Motorneuron,1.5299874176885668,2,0.9916666666666667,8,0.9703389830508474,1,sensorimotor output,sensorimotor output,head motor / command,"Literature-guided five-way anatomical/functional class; compare within-species FCV ranks, not raw FCV or strict homology.",3,sensorimotor output
C. elegans,RID,1.2079587676968455,-0.6440325876870145,-0.99022915284638,1.031601985030332,-0.1863609011895195,14,neuron,w20_step8_highpass,,within_recording_zscore_then_node_mean,neuron,Interneuron,1.5297627200226367,3,0.9833333333333333,9,0.9661016949152542,2,integrative relay,integrative relay,integrative interneuron,"Literature-guided five-way anatomical/functional class; compare within-species FCV ranks, not raw FCV or strict homology.",4,integrative relay
Drosophila,SOG,1.202638659885017,0.3741925114381517,-0.2818426049302988,1.6088847634886183,-0.114577651122649,20,side key,w15_step5_highpass_atlas_mean_trace,,within_recording_zscore_then_node_mean,side key,,1.6427603182668387,3,0.9701492537313433,10,0.961864406779661,2,integrative relay,integrative relay,other fly brain,"Literature-guided five-way anatomical/functional class; compare within-species FCV ranks, not raw FCV or strict homology.",4,integrative relay
Zebrafish,P,1.1980834724781957,-0.7580809042849077,0.5680476666286128,0.2788504085163426,0.6836343486454864,7,root_area_from_louvain_communities,baseline_highpass,22.0,within_recording_zscore_then_node_mean,root_area_from_louvain_communities,,1.53556051991682,5,0.9183673469387755,11,0.9576271186440678,3,associative / learning,associative / learning,pallium,"Literature-guided five-way anatomical/functional class; compare within-species FCV ranks, not raw FCV or strict homology.",5,associative / learning
C. elegans,ASIL,1.1971120119688037,-0.6522530977963871,1.5971933407842314,1.3934127227055448e-06,0.2664501950299685,5,neuron,w20_step8_highpass,,within_recording_zscore_then_node_mean,neuron,Sensory,1.5159385068569475,4,0.975,12,0.9533898305084746,0,sensory input,sensory input,chemosensory,"Literature-guided five-way anatomical/functional class; compare within-species FCV ranks, not raw FCV or strict homology.",0,olfactory / chemosensory
C. elegans,OLQVL,1.1540407671462405,1.3228807285101376,-0.3388963148180512,0.2457113481509564,-0.0425434946521571,16,neuron,w20_step8_highpass,,within_recording_zscore_then_node_mean,neuron,Sensory,1.4610441140387003,5,0.9666666666666667,13,0.9491525423728814,0,sensory input,sensory input,mechanosensory,"Literature-guided five-way anatomical/functional class; compare within-species FCV ranks, not raw FCV or strict homology.",2,other sensory
C. elegans,SMDVL,1.1515477577291289,0.4559076296597836,-0.5433162988750084,1.19026475988859,0.0855972764224506,16,neuron,w20_step8_highpass,,within_recording_zscore_then_node_mean,neuron,Motorneuron,1.4578667682525197,6,0.9583333333333334,14,0.9449152542372882,1,sensorimotor output,sensorimotor output,head motor / command,"Literature-guided five-way anatomical/functional class; compare within-species FCV ranks, not raw FCV or strict homology.",3,sensorimotor output
Drosophila,AL_R,1.101799983131912,0.6524900749192728,-0.9791295721958332,0.5797275109009007,-0.3183683793881232,20,side key,w15_step5_highpass_atlas_mean_trace,,within_recording_zscore_then_node_mean,side key,,1.5071209916018604,4,0.9552238805970149,15,0.940677966101695,0,sensory input,sensory input,olfactory system,"Literature-guided five-way anatomical/functional class; compare within-species FCV ranks, not raw FCV or strict homology.",0,olfactory / chemosensory
Zebrafish,rPO,1.083515270117505,0.2889078852669907,-0.2641181115191212,0.7251611180292079,-0.0035286183624302,7,root_area_from_louvain_communities,baseline_highpass,61.0,within_recording_zscore_then_node_mean,root_area_from_louvain_communities,,1.4002762559965882,6,0.8979591836734694,16,0.9364406779661016,4,state-dependent / modulatory,state-dependent / modulatory,hypothalamic / preoptic state,"Literature-guided five-way anatomical/functional class; compare within-species FCV ranks, not raw FCV or strict homology.",6,state-dependent / modulatory
Drosophila,AVLP_R,1.072540610741776,0.0687976049303839,-0.2147836350412668,0.004159117349011,-0.2292929859307987,20,side key,w15_step5_highpass_atlas_mean_trace,,within_recording_zscore_then_node_mean,side key,,1.467763855060343,5,0.9402985074626866,17,0.9322033898305084,2,integrative relay,integrative relay,visual-association protocerebrum,"Literature-guided five-way anatomical/functional class; compare within-species FCV ranks, not raw FCV or strict homology.",4,integrative relay
C. elegans,RIBL,1.0583050683591275,-0.5215289588180163,-1.5475996490657922,3.2744167504232458,-0.2280495002685401,10,neuron,w20_step8_highpass,,within_recording_zscore_then_node_mean,neuron,Interneuron,1.3390287630174054,7,0.95,18,0.9279661016949152,3,associative / learning,associative / learning,associative interneuron,"Literature-guided five-way anatomical/functional class; compare within-species FCV ranks, not raw FCV or strict homology.",5,associative / learning
C. elegans,OLQDL,1.045968953881444,1.309108913272731,-0.511329591479642,0.6112659414104895,-0.1720660130249535,17,neuron,w20_step8_highpass,,within_recording_zscore_then_node_mean,neuron,Sensory,1.3233063589685194,8,0.9416666666666667,19,0.923728813559322,0,sensory input,sensory input,mechanosensory,"Literature-guided five-way anatomical/functional class; compare within-species FCV ranks, not raw FCV or strict homology.",2,other sensory
Zebrafish,OB,1.0382328629889686,-1.7160800539131662,1.511276292161842,0.1181607238415435,1.2767000250770937,4,root_area_from_louvain_communities,baseline_highpass,20.0,within_recording_zscore_then_node_mean,root_area_from_louvain_communities,,1.3468059475628913,7,0.8775510204081632,20,0.9194915254237288,0,sensory input,sensory input,olfactory bulb,"Literature-guided five-way anatomical/functional class; compare within-species FCV ranks, not raw FCV or strict homology.",0,olfactory / chemosensory
C. elegans,RIML,1.035451381066493,-1.1602646570799493,-1.3132276566794605,-0.5726283378014833,-0.3819478795617144,7,neuron,w20_step8_highpass,,within_recording_zscore_then_node_mean,neuron,Interneuron,1.3099016901232856,9,0.9333333333333333,21,0.9152542372881356,4,state-dependent / modulatory,state-dependent / modulatory,state-modulatory interneuron,"Literature-guided five-way anatomical/functional class; compare within-species FCV ranks, not raw FCV or strict homology.",6,state-dependent / modulatory
C. elegans,RIBR,1.0345687486246304,-0.8557706601690084,-1.344162851070242,2.741313327266395,-0.1231311580520326,3,neuron,w20_step8_highpass,,within_recording_zscore_then_node_mean,neuron,Interneuron,1.3087767732053435,10,0.925,22,0.9110169491525424,3,associative / learning,associative / learning,associative interneuron,"Literature-guided five-way anatomical/functional class; compare within-species FCV ranks, not raw FCV or strict homology.",5,associative / learning
C. elegans,RIVL,0.99887880595307,0.6595184107290701,0.1221082447542772,0.1608156354409753,0.2457401741860699,18,neuron,w20_step8_highpass,,within_recording_zscore_then_node_mean,neuron,Motorneuron,1.2632898656236284,11,0.9166666666666666,23,0.9067796610169492,1,sensorimotor output,sensorimotor output,head motor / command,"Literature-guided five-way anatomical/functional class; compare within-species FCV ranks, not raw FCV or strict homology.",3,sensorimotor output
C. elegans,RMDL,0.9874034751941082,0.8855331846875518,-0.2508496921628675,0.4754046072374341,0.1308620531245428,14,neuron,w20_step8_highpass,,within_recording_zscore_then_node_mean,neuron,Motorneuron,1.248664532248732,12,0.9083333333333333,24,0.902542372881356,1,sensorimotor output,sensorimotor output,head motor / command,"Literature-guided five-way anatomical/functional class; compare within-species FCV ranks, not raw FCV or strict homology.",3,sensorimotor output
C. elegans,AIBL,0.9820569098964484,-0.3747629664811975,-1.4599047262818814,1.4417466559474972,-0.2522708679161414,16,neuron,w20_step8_highpass,,within_recording_zscore_then_node_mean,neuron,Interneuron,1.2418503234445233,13,0.9,25,0.8983050847457628,3,associative / learning,associative / learning,associative interneuron,"Literature-guided five-way anatomical/functional class; compare within-species FCV ranks, not raw FCV or strict homology.",5,associative / learning
C. elegans,RIMR,0.9817674602349216,-1.3178343733161757,-1.277154914889045,0.2534022530301826,-0.3152236996099029,7,neuron,w20_step8_highpass,,within_recording_zscore_then_node_mean,neuron,Interneuron,1.2414814192374026,14,0.8916666666666667,26,0.8940677966101694,4,state-dependent / modulatory,state-dependent / modulatory,state-modulatory interneuron,"Literature-guided five-way anatomical/functional class; compare within-species FCV ranks, not raw FCV or strict homology.",6,state-dependent / modulatory
C. elegans,IL1VR,0.97918895787414,0.3614779384750793,-0.3292390205210991,0.3677860541978319,-0.0599437601367438,12,neuron,w20_step8_highpass,,within_recording_zscore_then_node_mean,neuron,Sensory,1.2381951125133077,15,0.8833333333333333,27,0.8898305084745762,0,sensory input,sensory input,mechanosensory,"Literature-guided five-way anatomical/functional class; compare within-species FCV ranks, not raw FCV or strict homology.",2,other sensory
C. elegans,AIML,0.9681821108084344,-1.505868031541553,0.1390251511711777,-0.1397088147829918,0.819937782427495,3,neuron,w20_step8_highpass,,within_recording_zscore_then_node_mean,neuron,Interneuron,1.2241668625984437,16,0.875,28,0.885593220338983,3,associative / learning,associative / learning,associative interneuron,"Literature-guided five-way anatomical/functional class; compare within-species FCV ranks, not raw FCV or strict homology.",5,associative / learning
Drosophila,AL_L,0.9636087904663526,0.5713424481115357,-0.9429295913117246,0.1312875413358872,-0.0917688295614613,20,side key,w15_step5_highpass_atlas_mean_trace,,within_recording_zscore_then_node_mean,side key,,1.321238342922522,6,0.9253731343283582,29,0.8813559322033898,0,sensory input,sensory input,olfactory system,"Literature-guided five-way anatomical/functional class; compare within-species FCV ranks, not raw FCV or strict homology.",0,olfactory / chemosensory
C. elegans,RIS,0.9586480487944484,0.6190337477532756,-0.0931597218919479,0.5314600098273278,0.5059346444878415,3,neuron,w20_step8_highpass,,within_recording_zscore_then_node_mean,neuron,Interneuron,1.2120156803536457,17,0.8666666666666667,30,0.8771186440677966,4,state-dependent / modulatory,state-dependent / modulatory,state-modulatory interneuron,"Literature-guided five-way anatomical/functional class; compare within-species FCV ranks, not raw FCV or strict homology.",6,state-dependent / modulatory
C. elegans,AVAL,0.9541331639757188,-1.0577515080913111,-1.3897406180383018,0.023278323915903,-0.2642536459629574,16,neuron,w20_step8_highpass,,within_recording_zscore_then_node_mean,neuron,Interneuron,1.2062614500826263,18,0.8583333333333333,31,0.8728813559322034,1,sensorimotor output,sensorimotor output,locomotor command interneuron,"Literature-guided five-way anatomical/functional class; compare within-species FCV ranks, not raw FCV or strict homology.",3,sensorimotor output
C. elegans,AVBL,0.9244595349435024,-0.0656278450462523,-0.6814856633326419,1.6017573618646446,-0.0936744643796898,4,neuron,w20_step8_highpass,,within_recording_zscore_then_node_mean,neuron,Interneuron,1.1684423469861651,19,0.85,32,0.8686440677966102,1,sensorimotor output,sensorimotor output,locomotor command interneuron,"Literature-guided five-way anatomical/functional class; compare within-species FCV ranks, not raw FCV or strict homology.",3,sensorimotor output
C. elegans,IL1R,0.9055717120515602,0.3130009440896273,-0.8533743167112325,0.6068082105246047,-0.1334212892116199,13,neuron,w20_step8_highpass,,within_recording_zscore_then_node_mean,neuron,Sensory,1.1443697766765974,20,0.8416666666666667,33,0.864406779661017,0,sensory input,sensory input,mechanosensory,"Literature-guided five-way anatomical/functional class; compare within-species FCV ranks, not raw FCV or strict homology.",2,other sensory
Zebrafish,rTh,0.9013717040253286,0.3217400484925911,0.2632932520803065,0.1006794952568121,-0.0885849494746338,7,root_area_from_louvain_communities,baseline_highpass,66.0,within_recording_zscore_then_node_mean,root_area_from_louvain_communities,,1.185197745913927,8,0.8571428571428571,34,0.8601694915254238,2,integrative relay,integrative relay,thalamic/pretectal,"Literature-guided five-way anatomical/functional class; compare within-species FCV ranks, not raw FCV or strict homology.",4,integrative relay
Zebrafish,PO,0.8906418059514196,0.0001089255196086,-0.2226208399688361,-0.2665341932633315,0.2018593160586888,7,root_area_from_louvain_communities,baseline_highpass,25.0,within_recording_zscore_then_node_mean,root_area_from_louvain_communities,,1.172527682729223,9,0.8367346938775511,35,0.8559322033898306,4,state-dependent / modulatory,state-dependent / modulatory,hypothalamic / preoptic state,"Literature-guided five-way anatomical/functional class; compare within-species FCV ranks, not raw FCV or strict homology.",6,state-dependent / modulatory
C. elegans,AIBR,0.8827592495661705,-0.4564328155579609,-1.342647067397087,0.9975964315583956,-0.1836121357217245,16,neuron,w20_step8_highpass,,within_recording_zscore_then_node_mean,neuron,Interneuron,1.1152952448866897,21,0.8333333333333334,36,0.8516949152542372,3,associative / learning,associative / learning,associative interneuron,"Literature-guided five-way anatomical/functional class; compare within-species FCV ranks, not raw FCV or strict homology.",5,associative / learning
Zebrafish,MOS3,0.88052138979676,0.4943150180626335,-0.3897729231405951,1.2101895584606168,-0.27239647616773,7,root_area_from_louvain_communities,baseline_highpass,4.0,within_recording_zscore_then_node_mean,root_area_from_louvain_communities,,1.1605773071290266,10,0.8163265306122449,37,0.847457627118644,1,sensorimotor output,sensorimotor output,hindbrain/reticular,"Literature-guided five-way anatomical/functional class; compare within-species FCV ranks, not raw FCV or strict homology.",3,sensorimotor output
C. elegans,ASGL,0.879999177469131,-0.402518660251175,-0.2617369140805302,0.3310915101472098,-0.2318511387424855,15,neuron,w20_step8_highpass,,within_recording_zscore_then_node_mean,neuron,Sensory,1.111777527148887,22,0.825,38,0.8432203389830508,0,sensory input,sensory input,chemosensory,"Literature-guided five-way anatomical/functional class; compare within-species FCV ranks, not raw FCV or strict homology.",0,olfactory / chemosensory
C. elegans,RIVR,0.8779121806194595,0.6655469013907368,0.2318854280206808,0.0691678434885559,-0.0199555288344229,16,neuron,w20_step8_highpass,,within_recording_zscore_then_node_mean,neuron,Motorneuron,1.1091176452404752,23,0.8166666666666667,39,0.8389830508474576,1,sensorimotor output,sensorimotor output,head motor / command,"Literature-guided five-way anatomical/functional class; compare within-species FCV ranks, not raw FCV or strict homology.",3,sensorimotor output
C. elegans,RMEV,0.8770372523427571,0.7674447800460324,-0.6370976415793018,0.6187493526056151,-0.0619270268404788,6,neuron,w20_step8_highpass,,within_recording_zscore_then_node_mean,neuron,Motorneuron,1.1080025472973591,24,0.8083333333333333,40,0.8347457627118644,1,sensorimotor output,sensorimotor output,head motor / command,"Literature-guided five-way anatomical/functional class; compare within-species FCV ranks, not raw FCV or strict homology.",3,sensorimotor output
Drosophila,IPS_R,0.8732340847811113,0.220475916122594,-0.2847546152378359,1.246701343260113,-0.1125067626237329,20,side key,w15_step5_highpass_atlas_mean_trace,,within_recording_zscore_then_node_mean,side key,,1.1996742306057242,7,0.9104477611940298,41,0.8305084745762712,2,integrative relay,integrative relay,other fly brain,"Literature-guided five-way anatomical/functional class; compare within-species FCV ranks, not raw FCV or strict homology.",4,integrative relay
C. elegans,RMER,0.8615438524198483,0.2162371135521146,-1.155689138985431,1.233332960967268,-0.306630557449902,17,neuron,w20_step8_highpass,,within_recording_zscore_then_node_mean,neuron,Motorneuron,1.088256176256492,25,0.8,42,0.826271186440678,1,sensorimotor output,sensorimotor output,head motor / command,"Literature-guided five-way anatomical/functional class; compare within-species FCV ranks, not raw FCV or strict homology.",3,sensorimotor output
Drosophila,MB_L,0.8450483728176931,1.2951800471754982,-1.3739505503122484,1.8491695280101617,-0.4967367608432327,20,side key,w15_step5_highpass_atlas_mean_trace,,within_recording_zscore_then_node_mean,side key,,1.161761287721204,8,0.8955223880597015,43,0.8220338983050848,3,associative / learning,associative / learning,mushroom body,"Literature-guided five-way anatomical/functional class; compare within-species FCV ranks, not raw FCV or strict homology.",5,associative / learning
Zebrafish,Hb,0.7924371237195381,-1.7073556462379729,1.8485231130082331,0.0291257222371149,0.6897712985463894,6,root_area_from_louvain_communities,baseline_highpass,16.0,within_recording_zscore_then_node_mean,root_area_from_louvain_communities,,1.056565767682027,11,0.7959183673469388,44,0.8177966101694916,4,state-dependent / modulatory,state-dependent / modulatory,habenula,"Literature-guided five-way anatomical/functional class; compare within-species FCV ranks, not raw FCV or strict homology.",6,state-dependent / modulatory
C. elegans,AIMR,0.7860068505129321,-0.7064674115554626,0.0585674559894783,0.2202357396586161,0.6882119534214624,4,neuron,w20_step8_highpass,,within_recording_zscore_then_node_mean,neuron,Interneuron,0.9919841072212653,26,0.7916666666666666,45,0.8135593220338984,3,associative / learning,associative / learning,associative interneuron,"Literature-guided five-way anatomical/functional class; compare within-species FCV ranks, not raw FCV or strict homology.",5,associative / learning
C. elegans,ASER,0.7767642771058964,-0.2354860781975471,1.463901926799282,-0.1317297493893244,0.1398738334201192,7,neuron,w20_step8_highpass,,within_recording_zscore_then_node_mean,neuron,Sensory,0.9802044278238518,27,0.7833333333333333,46,0.809322033898305,0,sensory input,sensory input,chemosensory,"Literature-guided five-way anatomical/functional class; compare within-species FCV ranks, not raw FCV or strict homology.",0,olfactory / chemosensory
C. elegans,AVKL,0.7325166341555567,-1.2345667629408483,0.7069632184108839,-0.6622073857016985,-0.2975895221253454,2,neuron,w20_step8_highpass,,within_recording_zscore_then_node_mean,neuron,Interneuron,0.9238107130983123,28,0.775,47,0.8050847457627118,2,integrative relay,integrative relay,integrative interneuron,"Literature-guided five-way anatomical/functional class; compare within-species FCV ranks, not raw FCV or strict homology.",4,integrative relay
Drosophila,SLP_L,0.7277639982252342,0.7388948637567933,-0.7787289982952539,0.0197985265621414,-0.291088243718862,20,side key,w15_step5_highpass_atlas_mean_trace,,within_recording_zscore_then_node_mean,side key,,1.0040006535054802,9,0.8805970149253731,48,0.8008474576271186,2,integrative relay,integrative relay,superior protocerebrum,"Literature-guided five-way anatomical/functional class; compare within-species FCV ranks, not raw FCV or strict homology.",4,integrative relay
C. elegans,SMBVR,0.720566827203706,-0.480964095465369,-0.2318325545025621,-0.0280914315897513,0.0876888120242255,2,neuron,w20_step8_highpass,,within_recording_zscore_then_node_mean,neuron,Motorneuron,0.9085806588099005,29,0.7666666666666667,49,0.7966101694915254,1,sensorimotor output,sensorimotor output,head motor / command,"Literature-guided five-way anatomical/functional class; compare within-species FCV ranks, not raw FCV or strict homology.",3,sensorimotor output
C. elegans,AVAR,0.680299247823455,-1.058271284985749,-1.3727743576573137,-0.0545976675214359,-0.2183220002080393,14,neuron,w20_step8_highpass,,within_recording_zscore_then_node_mean,neuron,Interneuron,0.8572595435404043,30,0.7583333333333333,50,0.7923728813559322,1,sensorimotor output,sensorimotor output,locomotor command interneuron,"Literature-guided five-way anatomical/functional class; compare within-species FCV ranks, not raw FCV or strict homology.",3,sensorimotor output
C. elegans,ASHL,0.6738876331718797,0.3110970173835121,0.9232957410990386,0.3694228454559929,0.8885555916733329,7,neuron,w20_step8_highpass,,within_recording_zscore_then_node_mean,neuron,Sensory,0.849087927077199,31,0.75,51,0.788135593220339,0,sensory input,sensory input,chemosensory,"Literature-guided five-way anatomical/functional class; compare within-species FCV ranks, not raw FCV or strict homology.",0,olfactory / chemosensory
Drosophila,SLP_R,0.6664468040176648,0.6313431683980313,-0.533079906794747,0.1788489843804341,0.0235635769737104,20,side key,w15_step5_highpass_atlas_mean_trace,,within_recording_zscore_then_node_mean,side key,,0.9215221521694902,10,0.8656716417910447,52,0.7838983050847458,2,integrative relay,integrative relay,superior protocerebrum,"Literature-guided five-way anatomical/functional class; compare within-species FCV ranks, not raw FCV or strict homology.",4,integrative relay
C. elegans,AVER,0.6500604998307045,-0.9997458522336068,-1.5589994612432625,-0.0239385868524218,-0.1402566211819325,14,neuron,w20_step8_highpass,,within_recording_zscore_then_node_mean,neuron,Interneuron,0.8187201951309415,32,0.7416666666666667,53,0.7796610169491526,1,sensorimotor output,sensorimotor output,locomotor command interneuron,"Literature-guided five-way anatomical/functional class; compare within-species FCV ranks, not raw FCV or strict homology.",3,sensorimotor output
Drosophila,PB,0.6451926071976828,-0.4622566818728273,0.5033258265877026,0.4791798931735204,-0.0022431245173898,20,side key,w15_step5_highpass_atlas_mean_trace,,within_recording_zscore_then_node_mean,side key,,0.8929328743418384,11,0.8507462686567164,54,0.7754237288135594,4,state-dependent / modulatory,state-dependent / modulatory,central complex,"Literature-guided five-way anatomical/functional class; compare within-species FCV ranks, not raw FCV or strict homology.",6,state-dependent / modulatory
Drosophila,IPS_L,0.6164480795611077,0.3226484480852571,-0.2505859018390303,0.6250973034830859,-0.1154568670138516,20,side key,w15_step5_highpass_atlas_mean_trace,,within_recording_zscore_then_node_mean,side key,,0.8542682617202944,12,0.835820895522388,55,0.7711864406779662,2,integrative relay,integrative relay,other fly brain,"Literature-guided five-way anatomical/functional class; compare within-species FCV ranks, not raw FCV or strict homology.",4,integrative relay
C. elegans,AVEL,0.6137646863542995,-0.6807863352407204,-1.682380187332189,0.5690981606822318,-0.2083350907944174,12,neuron,w20_step8_highpass,,within_recording_zscore_then_node_mean,neuron,Interneuron,0.7724611039242751,33,0.7333333333333333,56,0.7669491525423728,1,sensorimotor output,sensorimotor output,locomotor command interneuron,"Literature-guided five-way anatomical/functional class; compare within-species FCV ranks, not raw FCV or strict homology.",3,sensorimotor output
C. elegans,OLLL,0.606781154693357,1.5048215061347388,-0.6700856975062432,-0.1285480283490352,-0.1302216278606139,16,neuron,w20_step8_highpass,,within_recording_zscore_then_node_mean,neuron,Sensory,0.7635605780204217,34,0.725,57,0.7627118644067796,0,sensory input,sensory input,other sensory neuron,"Literature-guided five-way anatomical/functional class; compare within-species FCV ranks, not raw FCV or strict homology.",2,other sensory
Zebrafish,rMOS3,0.6006125249948738,1.0886684717213655,-0.565714070093828,0.7583708013931002,-0.077771360816365,7,root_area_from_louvain_communities,baseline_highpass,40.0,within_recording_zscore_then_node_mean,root_area_from_louvain_communities,,0.8300557142331654,12,0.7755102040816326,58,0.7584745762711864,1,sensorimotor output,sensorimotor output,hindbrain/reticular,"Literature-guided five-way anatomical/functional class; compare within-species FCV ranks, not raw FCV or strict homology.",3,sensorimotor output
C. elegans,ASEL,0.5999583936775703,-0.5180904408485838,0.4927206992630867,0.1671808327193268,0.4189530060888308,14,neuron,w20_step8_highpass,,within_recording_zscore_then_node_mean,neuron,Sensory,0.7548649546445814,35,0.7166666666666667,59,0.7542372881355932,0,sensory input,sensory input,chemosensory,"Literature-guided five-way anatomical/functional class; compare within-species FCV ranks, not raw FCV or strict homology.",0,olfactory / chemosensory
C. elegans,ASKL,0.5883323255348336,-0.0405582235481815,1.7006827256193724,-0.1453260012664819,0.2942794375769891,3,neuron,w20_step8_highpass,,within_recording_zscore_then_node_mean,neuron,Sensory,0.7400475061545676,36,0.7083333333333334,60,0.75,0,sensory input,sensory input,other sensory neuron,"Literature-guided five-way anatomical/functional class; compare within-species FCV ranks, not raw FCV or strict homology.",2,other sensory
C. elegans,AWAL,0.577224714145049,-0.6439779148503378,0.2008519534919967,-0.3689596329737668,0.201596098502643,11,neuron,w20_step8_highpass,,within_recording_zscore_then_node_mean,neuron,Sensory,0.7258908318950892,37,0.7,61,0.7457627118644068,0,sensory input,sensory input,chemosensory,"Literature-guided five-way anatomical/functional class; compare within-species FCV ranks, not raw FCV or strict homology.",0,olfactory / chemosensory
Zebrafish,MOS1,0.5596060464553536,0.6964195772532633,-0.8397669867838887,1.039511699498348,-0.2000453311766014,7,root_area_from_louvain_communities,baseline_highpass,2.0,within_recording_zscore_then_node_mean,root_area_from_louvain_communities,,0.7816345017948773,13,0.7551020408163265,62,0.7415254237288136,1,sensorimotor output,sensorimotor output,hindbrain/reticular,"Literature-guided five-way anatomical/functional class; compare within-species FCV ranks, not raw FCV or strict homology.",3,sensorimotor output
Drosophila,SMP_R,0.5561460857546392,1.0704002126206429,-0.8879626429852954,0.8685150659695559,-0.4813547523866271,20,side key,w15_step5_highpass_atlas_mean_trace,,within_recording_zscore_then_node_mean,side key,,0.7731553187520773,13,0.8208955223880597,63,0.7372881355932204,2,integrative relay,integrative relay,superior protocerebrum,"Literature-guided five-way anatomical/functional class; compare within-species FCV ranks, not raw FCV or strict homology.",4,integrative relay
Drosophila,VES_L,0.5288246271017737,0.972233990814679,-0.6454399024006771,0.424539969488424,-0.1674905296086346,20,side key,w15_step5_highpass_atlas_mean_trace,,within_recording_zscore_then_node_mean,side key,,0.7364048934737566,14,0.8059701492537313,64,0.7330508474576272,1,sensorimotor output,sensorimotor output,premotor / descending interface,"Literature-guided five-way anatomical/functional class; compare within-species FCV ranks, not raw FCV or strict homology.",3,sensorimotor output
Drosophila,VES_R,0.5249681128180895,0.8104662438698801,-0.5961193777328161,0.5120353066851188,-0.1633249470105814,20,side key,w15_step5_highpass_atlas_mean_trace,,within_recording_zscore_then_node_mean,side key,,0.7312174493545368,15,0.7910447761194029,65,0.7288135593220338,1,sensorimotor output,sensorimotor output,premotor / descending interface,"Literature-guided five-way anatomical/functional class; compare within-species FCV ranks, not raw FCV or strict homology.",3,sensorimotor output
Drosophila,SMP_L,0.4981025441101815,0.991869014011766,-0.8107295377229133,0.6122500865138267,-0.314726396657086,20,side key,w15_step5_highpass_atlas_mean_trace,,within_recording_zscore_then_node_mean,side key,,0.6950802471683712,16,0.7761194029850746,66,0.7245762711864406,2,integrative relay,integrative relay,superior protocerebrum,"Literature-guided five-way anatomical/functional class; compare within-species FCV ranks, not raw FCV or strict homology.",4,integrative relay
C. elegans,SMDVR,0.4971143493714456,0.0591979456405028,0.0958033352295101,0.225981210243427,0.3551907022721045,12,neuron,w20_step8_highpass,,within_recording_zscore_then_node_mean,neuron,Motorneuron,0.6237900021927737,38,0.6916666666666667,67,0.7203389830508474,1,sensorimotor output,sensorimotor output,head motor / command,"Literature-guided five-way anatomical/functional class; compare within-species FCV ranks, not raw FCV or strict homology.",3,sensorimotor output
Drosophila,LH_L,0.4949474512208566,0.3322948287576177,-0.4139265629141889,-0.3214747643477784,-0.1288268642277906,20,side key,w15_step5_highpass_atlas_mean_trace,,within_recording_zscore_then_node_mean,side key,,0.6908362934707111,17,0.7611940298507462,68,0.7161016949152542,0,sensory input,sensory input,olfactory system,"Literature-guided five-way anatomical/functional class; compare within-species FCV ranks, not raw FCV or strict homology.",0,olfactory / chemosensory
Drosophila,LAL_R,0.4937769585849373,0.9874930957423318,-0.5832986820271789,0.1993584377499336,-0.3096483549687145,20,side key,w15_step5_highpass_atlas_mean_trace,,within_recording_zscore_then_node_mean,side key,,0.6892618496351267,18,0.746268656716418,69,0.711864406779661,1,sensorimotor output,sensorimotor output,premotor / descending interface,"Literature-guided five-way anatomical/functional class; compare within-species FCV ranks, not raw FCV or strict homology.",3,sensorimotor output
C. elegans,ASIR,0.4849856275222814,-0.7324724324560794,1.188799583291816,-0.3305150498282085,0.438168909980047,6,neuron,w20_step8_highpass,,within_recording_zscore_then_node_mean,neuron,Sensory,0.6083319204885158,39,0.6833333333333333,70,0.7076271186440678,0,sensory input,sensory input,chemosensory,"Literature-guided five-way anatomical/functional class; compare within-species FCV ranks, not raw FCV or strict homology.",0,olfactory / chemosensory
C. elegans,OLLR,0.4687836997370606,1.65761470114874,-0.585916147975814,0.4533935019539206,-0.1414947653965428,17,neuron,w20_step8_highpass,,within_recording_zscore_then_node_mean,neuron,Sensory,0.5876825291853679,40,0.675,71,0.7033898305084746,0,sensory input,sensory input,other sensory neuron,"Literature-guided five-way anatomical/functional class; compare within-species FCV ranks, not raw FCV or strict homology.",2,other sensory
Drosophila,CRE_R,0.4577458268980124,0.7577204218349758,-1.0229794113885031,-0.8437620101097989,-0.1125460873560447,20,side key,w15_step5_highpass_atlas_mean_trace,,within_recording_zscore_then_node_mean,side key,,0.6407959375629398,19,0.7313432835820896,72,0.6991525423728814,2,integrative relay,integrative relay,lateral/inferior protocerebrum,"Literature-guided five-way anatomical/functional class; compare within-species FCV ranks, not raw FCV or strict homology.",4,integrative relay
C. elegans,RIH,0.4553865140885128,0.2470007453712704,0.0763291155660195,-0.3245226734687025,0.2756416135607064,14,neuron,w20_step8_highpass,,within_recording_zscore_then_node_mean,neuron,Interneuron,0.5706077876802162,41,0.6666666666666666,73,0.6949152542372882,2,integrative relay,integrative relay,integrative interneuron,"Literature-guided five-way anatomical/functional class; compare within-species FCV ranks, not raw FCV or strict homology.",4,integrative relay
C. elegans,SMDDL,0.4548987190159245,-0.520839040346125,-0.526715154887189,0.0381536851275416,0.4006612159992047,6,neuron,w20_step8_highpass,,within_recording_zscore_then_node_mean,neuron,Motorneuron,0.5699860918262938,42,0.6583333333333333,74,0.690677966101695,1,sensorimotor output,sensorimotor output,head motor / command,"Literature-guided five-way anatomical/functional class; compare within-species FCV ranks, not raw FCV or strict homology.",3,sensorimotor output
C. elegans,RIR,0.4501143383908784,-0.4133623066227784,0.5532807774816366,-0.5821799983110687,0.4530658263679225,4,neuron,w20_step8_highpass,,within_recording_zscore_then_node_mean,neuron,Interneuron,0.5638883885789127,43,0.65,75,0.6864406779661016,2,integrative relay,integrative relay,integrative interneuron,"Literature-guided five-way anatomical/functional class; compare within-species FCV ranks, not raw FCV or strict homology.",4,integrative relay
Drosophila,LAL_L,0.4396997499677837,0.978350540010649,-0.6667077480314775,0.0980135055798757,-0.226530898988775,20,side key,w15_step5_highpass_atlas_mean_trace,,within_recording_zscore_then_node_mean,side key,,0.6165219406941218,20,0.7164179104477612,76,0.6822033898305084,1,sensorimotor output,sensorimotor output,premotor / descending interface,"Literature-guided five-way anatomical/functional class; compare within-species FCV ranks, not raw FCV or strict homology.",3,sensorimotor output
Drosophila,LH_R,0.4310021709390036,-0.1804497675008425,0.0579142930810058,-0.540003615107674,-0.0733906155432213,20,side key,w15_step5_highpass_atlas_mean_trace,,within_recording_zscore_then_node_mean,side key,,0.6048227216933841,21,0.7014925373134329,77,0.6779661016949152,0,sensory input,sensory input,olfactory system,"Literature-guided five-way anatomical/functional class; compare within-species FCV ranks, not raw FCV or strict homology.",0,olfactory / chemosensory
C. elegans,SAADL,0.4228558155914764,-0.9479740658005468,-0.2374596257026009,0.6213578038514113,0.4785706160446045,3,neuron,w20_step8_highpass,,within_recording_zscore_then_node_mean,neuron,Interneuron,0.529147343495125,44,0.6416666666666667,78,0.673728813559322,1,sensorimotor output,sensorimotor output,other interneuron,"Literature-guided five-way anatomical/functional class; compare within-species FCV ranks, not raw FCV or strict homology.",3,sensorimotor output
C. elegans,OLQVR,0.3997094468964087,1.169836548472417,-0.280919419485687,0.1447338146185192,-0.2504332222364676,12,neuron,w20_step8_highpass,,within_recording_zscore_then_node_mean,neuron,Sensory,0.49964724753324996,45,0.6333333333333333,79,0.6694915254237288,0,sensory input,sensory input,mechanosensory,"Literature-guided five-way anatomical/functional class; compare within-species FCV ranks, not raw FCV or strict homology.",2,other sensory
Drosophila,SPS_L,0.3901537089516166,0.8376384376140423,-0.4284417818015839,0.3918398233584614,-0.1059988992348096,20,side key,w15_step5_highpass_atlas_mean_trace,,within_recording_zscore_then_node_mean,side key,,0.5498769602289119,22,0.6865671641791045,80,0.6652542372881356,1,sensorimotor output,sensorimotor output,premotor / descending interface,"Literature-guided five-way anatomical/functional class; compare within-species FCV ranks, not raw FCV or strict homology.",3,sensorimotor output
C. elegans,AWCL,0.3832651283528502,-0.0368229523874476,0.6876512903565858,-0.1418960017650895,0.4279441383280103,17,neuron,w20_step8_highpass,,within_recording_zscore_then_node_mean,neuron,Sensory,0.47868892869484014,46,0.625,81,0.6610169491525424,0,sensory input,sensory input,chemosensory,"Literature-guided five-way anatomical/functional class; compare within-species FCV ranks, not raw FCV or strict homology.",0,olfactory / chemosensory
C. elegans,RMED,0.3714234804910817,0.3737084421110566,-0.6177560374109412,-0.6785169637075152,0.097709604841688,3,neuron,w20_step8_highpass,,within_recording_zscore_then_node_mean,neuron,Motorneuron,0.4635967233959873,47,0.6166666666666667,82,0.6567796610169492,1,sensorimotor output,sensorimotor output,head motor / command,"Literature-guided five-way anatomical/functional class; compare within-species FCV ranks, not raw FCV or strict homology.",3,sensorimotor output
Drosophila,SPS_R,0.36874158204957,0.6706172708987681,-0.3020202623330361,0.1750949330748588,-0.0131384522679384,20,side key,w15_step5_highpass_atlas_mean_trace,,within_recording_zscore_then_node_mean,side key,,0.5210752487331366,23,0.6716417910447762,83,0.652542372881356,1,sensorimotor output,sensorimotor output,premotor / descending interface,"Literature-guided five-way anatomical/functional class; compare within-species FCV ranks, not raw FCV or strict homology.",3,sensorimotor output
Drosophila,PLP_L,0.3684434293372752,0.8191728047090207,-0.5615787450908492,0.5667451011858544,-0.2195503148218848,20,side key,w15_step5_highpass_atlas_mean_trace,,within_recording_zscore_then_node_mean,side key,,0.5206741999050364,24,0.6567164179104478,84,0.6483050847457628,2,integrative relay,integrative relay,visual-association protocerebrum,"Literature-guided five-way anatomical/functional class; compare within-species FCV ranks, not raw FCV or strict homology.",4,integrative relay
C. elegans,IL1L,0.3664814278559613,1.142381404417109,-0.2236623483221606,-0.4102881362463168,-0.0934248572143096,15,neuron,w20_step8_highpass,,within_recording_zscore_then_node_mean,neuron,Sensory,0.45729806683757185,48,0.6083333333333333,85,0.6440677966101694,0,sensory input,sensory input,mechanosensory,"Literature-guided five-way anatomical/functional class; compare within-species FCV ranks, not raw FCV or strict homology.",2,other sensory
C. elegans,AINL,0.364216525156013,-0.6589906732249817,0.8319645191688704,-0.4635351903899516,-0.0470183767467158,12,neuron,w20_step8_highpass,,within_recording_zscore_then_node_mean,neuron,Interneuron,0.45441144354590096,49,0.6,86,0.6398305084745762,3,associative / learning,associative / learning,associative interneuron,"Literature-guided five-way anatomical/functional class; compare within-species FCV ranks, not raw FCV or strict homology.",5,associative / learning
Zebrafish,rPT,0.353145074004784,0.7055852588323897,-0.1128612952712912,-0.3860842129776369,-0.118668947066589,7,root_area_from_louvain_communities,baseline_highpass,60.0,within_recording_zscore_then_node_mean,root_area_from_louvain_communities,,0.5378415460644842,14,0.7346938775510204,87,0.635593220338983,0,sensory input,sensory input,pretectal visual,"Literature-guided five-way anatomical/functional class; compare within-species FCV ranks, not raw FCV or strict homology.",1,visual / optic
Drosophila,SIP_R,0.3441416109096894,0.5086695320597057,-0.6695813169357729,-0.3513623332392205,-0.3488715672260166,20,side key,w15_step5_highpass_atlas_mean_trace,,within_recording_zscore_then_node_mean,side key,,0.48798552930374556,25,0.6417910447761194,88,0.6313559322033898,2,integrative relay,integrative relay,superior protocerebrum,"Literature-guided five-way anatomical/functional class; compare within-species FCV ranks, not raw FCV or strict homology.",4,integrative relay
Drosophila,CRE_L,0.3426909346216281,0.6994282388678797,-1.142905585288427,-0.691559114364249,-0.0974110778245264,20,side key,w15_step5_highpass_atlas_mean_trace,,within_recording_zscore_then_node_mean,side key,,0.4860342070407287,26,0.6268656716417911,89,0.6271186440677966,2,integrative relay,integrative relay,lateral/inferior protocerebrum,"Literature-guided five-way anatomical/functional class; compare within-species FCV ranks, not raw FCV or strict homology.",4,integrative relay
Drosophila,SAD,0.3380285331423904,0.8688156319836242,-0.5797671577527139,0.6626247693676428,-0.2025926094196681,20,side key,w15_step5_highpass_atlas_mean_trace,,within_recording_zscore_then_node_mean,side key,,0.4797627542842235,27,0.6119402985074627,90,0.6228813559322034,2,integrative relay,integrative relay,other fly brain,"Literature-guided five-way anatomical/functional class; compare within-species FCV ranks, not raw FCV or strict homology.",4,integrative relay
C. elegans,IL1DR,0.3375285923488725,0.8802678325309023,-0.4589107407115689,-0.0650553805023231,0.14904015351577,16,neuron,w20_step8_highpass,,within_recording_zscore_then_node_mean,neuron,Sensory,0.4203976166166477,50,0.5916666666666667,91,0.6186440677966102,0,sensory input,sensory input,mechanosensory,"Literature-guided five-way anatomical/functional class; compare within-species FCV ranks, not raw FCV or strict homology.",2,other sensory
C. elegans,URYVL,0.3352270176992441,0.0061249137831991,-0.8090521680405129,-0.5867913336960952,-0.0058817706658885,17,neuron,w20_step8_highpass,,within_recording_zscore_then_node_mean,neuron,Sensory,0.4174642548473813,51,0.5833333333333334,92,0.614406779661017,0,sensory input,sensory input,other sensory neuron,"Literature-guided five-way anatomical/functional class; compare within-species FCV ranks, not raw FCV or strict homology.",2,other sensory
Zebrafish,pRF,0.3253332848692573,-0.2233327988661183,-0.5794064945739549,0.3960485994230183,0.3579760217603596,7,root_area_from_louvain_communities,baseline_highpass,14.0,within_recording_zscore_then_node_mean,root_area_from_louvain_communities,,0.5050008682500667,15,0.7142857142857143,93,0.6101694915254238,1,sensorimotor output,sensorimotor output,hindbrain/reticular,"Literature-guided five-way anatomical/functional class; compare within-species FCV ranks, not raw FCV or strict homology.",3,sensorimotor output
C. elegans,ADLR,0.3055545828186178,-0.2572444944395016,1.0847968182072416,-0.3281148687322128,-0.9223364159310292,5,neuron,w20_step8_highpass,,within_recording_zscore_then_node_mean,neuron,Sensory,0.3796466736996528,52,0.575,94,0.6059322033898306,0,sensory input,sensory input,chemosensory,"Literature-guided five-way anatomical/functional class; compare within-species FCV ranks, not raw FCV or strict homology.",0,olfactory / chemosensory
Drosophila,SCL_L,0.3000152501603713,0.6380395322634754,-0.5271667426448888,-0.2650733736594693,-0.1358008558477783,20,side key,w15_step5_highpass_atlas_mean_trace,,within_recording_zscore_then_node_mean,side key,,0.4286306264734766,28,0.5970149253731343,95,0.6016949152542372,2,integrative relay,integrative relay,other fly brain,"Literature-guided five-way anatomical/functional class; compare within-species FCV ranks, not raw FCV or strict homology.",4,integrative relay
Drosophila,PVLP_L,0.2930105331063098,0.5697311186671901,-0.3037444064918707,-0.0112127247154702,-0.1003409605804141,20,side key,w15_step5_highpass_atlas_mean_trace,,within_recording_zscore_then_node_mean,side key,,0.4192084966391288,29,0.582089552238806,96,0.597457627118644,2,integrative relay,integrative relay,visual-association protocerebrum,"Literature-guided five-way anatomical/functional class; compare within-species FCV ranks, not raw FCV or strict homology.",4,integrative relay
Drosophila,PLP_R,0.2849500985973232,0.5285909944926259,-0.3214594519311159,-0.0428701114356739,0.0849208666734363,20,side key,w15_step5_highpass_atlas_mean_trace,,within_recording_zscore_then_node_mean,side key,,0.4083663084566818,30,0.5671641791044776,97,0.5932203389830508,2,integrative relay,integrative relay,visual-association protocerebrum,"Literature-guided five-way anatomical/functional class; compare within-species FCV ranks, not raw FCV or strict homology.",4,integrative relay
C. elegans,ASGR,0.2448407951202664,-0.293484572425871,-0.5765816763306326,-0.0838639500981662,0.0515834948094006,12,neuron,w20_step8_highpass,,within_recording_zscore_then_node_mean,neuron,Sensory,0.3022668225918661,53,0.5666666666666667,98,0.5889830508474576,0,sensory input,sensory input,chemosensory,"Literature-guided five-way anatomical/functional class; compare within-species FCV ranks, not raw FCV or strict homology.",0,olfactory / chemosensory
C. elegans,SAADR,0.2322001526469293,-0.6256141440743301,0.3697926737804053,-0.3967657821537811,0.4871642957632618,4,neuron,w20_step8_highpass,,within_recording_zscore_then_node_mean,neuron,Interneuron,0.2861562969670557,54,0.5583333333333333,99,0.5847457627118644,1,sensorimotor output,sensorimotor output,other interneuron,"Literature-guided five-way anatomical/functional class; compare within-species FCV ranks, not raw FCV or strict homology.",3,sensorimotor output
C. elegans,OLQDR,0.2279380724054969,1.3268014963819696,-0.1666160400501981,-0.2139089126990023,0.1635668994547793,16,neuron,w20_step8_highpass,,within_recording_zscore_then_node_mean,neuron,Sensory,0.28072426666563477,55,0.55,100,0.5805084745762712,0,sensory input,sensory input,mechanosensory,"Literature-guided five-way anatomical/functional class; compare within-species FCV ranks, not raw FCV or strict homology.",2,other sensory
C. elegans,SMDDR,0.2208586436124091,0.4540655258241586,-0.4870311869473076,-0.2682134754821467,-0.2977203688872631,4,neuron,w20_step8_highpass,,within_recording_zscore_then_node_mean,neuron,Motorneuron,0.2717015196636027,56,0.5416666666666666,101,0.576271186440678,1,sensorimotor output,sensorimotor output,head motor / command,"Literature-guided five-way anatomical/functional class; compare within-species FCV ranks, not raw FCV or strict homology.",3,sensorimotor output
Zebrafish,rPrT,0.2089757229379403,0.7595810771794304,-0.3178299277722134,-0.5210501517860583,-0.2031842443825288,7,root_area_from_louvain_communities,baseline_highpass,62.0,within_recording_zscore_then_node_mean,root_area_from_louvain_communities,,0.3676036952729336,16,0.6938775510204082,102,0.5720338983050848,0,sensory input,sensory input,pretectal visual,"Literature-guided five-way anatomical/functional class; compare within-species FCV ranks, not raw FCV or strict homology.",1,visual / optic
C. elegans,AWBL,0.2060838325176514,-0.0970805494221019,0.4849779925798668,-0.1444180463333277,0.5715693105134416,18,neuron,w20_step8_highpass,,within_recording_zscore_then_node_mean,neuron,Sensory,0.25287099160730303,57,0.5333333333333333,103,0.5677966101694916,0,sensory input,sensory input,chemosensory,"Literature-guided five-way anatomical/functional class; compare within-species FCV ranks, not raw FCV or strict homology.",0,olfactory / chemosensory
Drosophila,FB,0.1995542295275978,0.9288965557007216,-1.1674743363710491,0.2467628683768407,-0.1820092496389133,20,side key,w15_step5_highpass_atlas_mean_trace,,within_recording_zscore_then_node_mean,side key,,0.293499289634645,31,0.5522388059701493,104,0.5635593220338984,4,state-dependent / modulatory,state-dependent / modulatory,central complex,"Literature-guided five-way anatomical/functional class; compare within-species FCV ranks, not raw FCV or strict homology.",6,state-dependent / modulatory
Drosophila,SCL_R,0.19423635092422,0.5504246178057438,-0.4711203670008082,-0.4452627496966403,-0.1628541371348368,20,side key,w15_step5_highpass_atlas_mean_trace,,within_recording_zscore_then_node_mean,side key,,0.28634614665147856,32,0.5373134328358209,105,0.559322033898305,2,integrative relay,integrative relay,other fly brain,"Literature-guided five-way anatomical/functional class; compare within-species FCV ranks, not raw FCV or strict homology.",4,integrative relay
Drosophila,EB,0.1770184289602794,0.0406388951368797,-0.8379857723991957,-0.1922043709318893,-0.1027018341080901,20,side key,w15_step5_highpass_atlas_mean_trace,,within_recording_zscore_then_node_mean,side key,,0.2631861110683348,33,0.5223880597014925,106,0.5550847457627118,4,state-dependent / modulatory,state-dependent / modulatory,central complex,"Literature-guided five-way anatomical/functional class; compare within-species FCV ranks, not raw FCV or strict homology.",6,state-dependent / modulatory
Zebrafish,rTeO,0.1595628735529932,-0.5274194817084695,0.9202568185801256,0.5427007172755779,-0.8020438180261555,7,root_area_from_louvain_communities,baseline_highpass,65.0,within_recording_zscore_then_node_mean,root_area_from_louvain_communities,,0.30925608381091196,17,0.673469387755102,107,0.5508474576271186,0,sensory input,sensory input,optic tectum / midbrain,"Literature-guided five-way anatomical/functional class; compare within-species FCV ranks, not raw FCV or strict homology.",1,visual / optic
Drosophila,SIP_L,0.150938837554705,0.2308576423277401,-0.3412616723824904,-0.5433069708885297,-0.1128809140072707,20,side key,w15_step5_highpass_atlas_mean_trace,,within_recording_zscore_then_node_mean,side key,,0.22810613648069775,34,0.5074626865671642,108,0.5466101694915254,2,integrative relay,integrative relay,superior protocerebrum,"Literature-guided five-way anatomical/functional class; compare within-species FCV ranks, not raw FCV or strict homology.",4,integrative relay
C. elegans,AVKR,0.1289578386435944,-1.3090211686767117,0.5777294006618098,-0.2892964711175182,0.4135859260828563,2,neuron,w20_step8_highpass,,within_recording_zscore_then_node_mean,neuron,Interneuron,0.15457374894199888,58,0.525,109,0.5423728813559322,2,integrative relay,integrative relay,integrative interneuron,"Literature-guided five-way anatomical/functional class; compare within-species FCV ranks, not raw FCV or strict homology.",4,integrative relay
Zebrafish,rMOS1,0.1271693952762554,1.1251800210027396,-1.0276538871248284,0.769355104067202,-0.0045274857886018,7,root_area_from_louvain_communities,baseline_highpass,38.0,within_recording_zscore_then_node_mean,root_area_from_louvain_communities,,0.2710052622549642,18,0.6530612244897959,110,0.538135593220339,1,sensorimotor output,sensorimotor output,hindbrain/reticular,"Literature-guided five-way anatomical/functional class; compare within-species FCV ranks, not raw FCV or strict homology.",3,sensorimotor output
Drosophila,PVLP_R,0.1177895177903817,0.4865566200780858,-0.1650534226784979,0.0699321109422291,-0.2348775471157663,20,side key,w15_step5_highpass_atlas_mean_trace,,within_recording_zscore_then_node_mean,side key,,0.1835165845645832,35,0.4925373134328358,111,0.5338983050847458,2,integrative relay,integrative relay,visual-association protocerebrum,"Literature-guided five-way anatomical/functional class; compare within-species FCV ranks, not raw FCV or strict homology.",4,integrative relay
C. elegans,AVBR,0.1153840283642345,-0.852651431839577,-0.6925924168404154,-0.1267869095426117,-0.3875421966612523,2,neuron,w20_step8_highpass,,within_recording_zscore_then_node_mean,neuron,Interneuron,0.13727389897051154,59,0.5166666666666667,112,0.5296610169491526,1,sensorimotor output,sensorimotor output,locomotor command interneuron,"Literature-guided five-way anatomical/functional class; compare within-species FCV ranks, not raw FCV or strict homology.",3,sensorimotor output
Zebrafish,Ra,0.0794719632346676,-0.5475044365298958,0.7178768097418369,-0.4297474059423262,0.7903257774444109,7,root_area_from_louvain_communities,baseline_highpass,10.0,within_recording_zscore_then_node_mean,root_area_from_louvain_communities,,0.21468324749281698,19,0.6326530612244898,113,0.5254237288135594,4,state-dependent / modulatory,state-dependent / modulatory,interpeduncular / raphe state,"Literature-guided five-way anatomical/functional class; compare within-species FCV ranks, not raw FCV or strict homology.",6,state-dependent / modulatory
Zebrafish,Th,0.0740050907234849,-0.0904151908211885,0.7441898298052335,-0.5459591580017642,0.1569619258829433,7,root_area_from_louvain_communities,baseline_highpass,30.0,within_recording_zscore_then_node_mean,root_area_from_louvain_communities,,0.2082278627666719,20,0.6122448979591837,114,0.5211864406779662,2,integrative relay,integrative relay,thalamic/pretectal,"Literature-guided five-way anatomical/functional class; compare within-species FCV ranks, not raw FCV or strict homology.",4,integrative relay
Drosophila,IVLP_L,0.0641595102916485,0.1476867886196642,-0.1416019411698763,-0.0854086000665419,-0.0657348583586217,20,side key,w15_step5_highpass_atlas_mean_trace,,within_recording_zscore_then_node_mean,side key,,0.11137821126981537,36,0.47761194029850745,115,0.5169491525423728,2,integrative relay,integrative relay,other fly brain,"Literature-guided five-way anatomical/functional class; compare within-species FCV ranks, not raw FCV or strict homology.",4,integrative relay
Zebrafish,rpRF,0.0596239700872639,0.0464253547604364,-0.8035803531727199,0.3173520256789962,0.7720974666356809,7,root_area_from_louvain_communities,baseline_highpass,50.0,within_recording_zscore_then_node_mean,root_area_from_louvain_communities,,0.19124636808026538,21,0.5918367346938775,116,0.5127118644067796,1,sensorimotor output,sensorimotor output,hindbrain/reticular,"Literature-guided five-way anatomical/functional class; compare within-species FCV ranks, not raw FCV or strict homology.",3,sensorimotor output
C. elegans,IL2R,0.0582789090686981,-0.2003930804868129,0.377270928152838,0.3266077732848199,0.2510140578601518,11,neuron,w20_step8_highpass,,within_recording_zscore_then_node_mean,neuron,Sensory,0.06449330339088517,60,0.5083333333333333,117,0.5084745762711864,0,sensory input,sensory input,mechanosensory,"Literature-guided five-way anatomical/functional class; compare within-species FCV ranks, not raw FCV or strict homology.",2,other sensory
C. elegans,URYDL,0.0421846537445722,0.0742500319968193,-0.421461685951213,-0.0778993555234801,0.2286604542866223,13,neuron,w20_step8_highpass,,within_recording_zscore_then_node_mean,neuron,Sensory,0.043981140867620575,61,0.5,118,0.5042372881355932,0,sensory input,sensory input,other sensory neuron,"Literature-guided five-way anatomical/functional class; compare within-species FCV ranks, not raw FCV or strict homology.",2,other sensory
Zebrafish,rRa,0.0269259809549133,-0.5069136582041928,0.8029159503417844,-0.2643162780103101,0.3452293770895476,6,root_area_from_louvain_communities,baseline_highpass,46.0,within_recording_zscore_then_node_mean,root_area_from_louvain_communities,,0.15263597444316018,22,0.5714285714285714,119,0.5,4,state-dependent / modulatory,state-dependent / modulatory,interpeduncular / raphe state,"Literature-guided five-way anatomical/functional class; compare within-species FCV ranks, not raw FCV or strict homology.",6,state-dependent / modulatory
C. elegans,SAAVL,0.0230766114130068,-0.5407873685184807,0.2970488436451473,-0.6243855273774274,-0.1549022446132764,11,neuron,w20_step8_highpass,,within_recording_zscore_then_node_mean,neuron,Interneuron,0.019627900415485754,62,0.49166666666666664,120,0.4957627118644068,1,sensorimotor output,sensorimotor output,other interneuron,"Literature-guided five-way anatomical/functional class; compare within-species FCV ranks, not raw FCV or strict homology.",3,sensorimotor output
Zebrafish,rT,0.0001675905027689,0.971582462951488,-0.2230698310043855,-0.3020833547248165,-0.0828605649677342,7,root_area_from_louvain_communities,baseline_highpass,47.0,within_recording_zscore_then_node_mean,root_area_from_louvain_communities,,0.1210391693836565,23,0.5510204081632653,121,0.4915254237288136,2,integrative relay,integrative relay,optic tectum / midbrain,"Literature-guided five-way anatomical/functional class; compare within-species FCV ranks, not raw FCV or strict homology.",4,integrative relay
C. elegans,IL1VL,-0.0328099686223652,0.5357058192127078,0.4271002403077341,-0.0537994039724457,-0.2825203824229936,11,neuron,w20_step8_highpass,,within_recording_zscore_then_node_mean,neuron,Sensory,-0.05159966429429959,63,0.48333333333333334,122,0.4872881355932203,0,sensory input,sensory input,mechanosensory,"Literature-guided five-way anatomical/functional class; compare within-species FCV ranks, not raw FCV or strict homology.",2,other sensory
Drosophila,OTU_L,-0.0506159102417533,0.0044419830572263,0.032888996252064,-1.2360911743542673,0.094555773627134,20,side key,w15_step5_highpass_atlas_mean_trace,,within_recording_zscore_then_node_mean,side key,,-0.043007598422604904,37,0.4626865671641791,123,0.4830508474576271,2,integrative relay,integrative relay,other fly brain,"Literature-guided five-way anatomical/functional class; compare within-species FCV ranks, not raw FCV or strict homology.",4,integrative relay
Drosophila,OTU_R,-0.0633352015278032,-0.1534473924902084,0.1420166697853065,-0.8555218601614349,-0.0242317976206139,20,side key,w15_step5_highpass_atlas_mean_trace,,within_recording_zscore_then_node_mean,side key,,-0.060116471339686416,38,0.44776119402985076,124,0.4788135593220339,2,integrative relay,integrative relay,other fly brain,"Literature-guided five-way anatomical/functional class; compare within-species FCV ranks, not raw FCV or strict homology.",4,integrative relay
Drosophila,FLA,-0.0682730709459078,0.4503815257227514,-0.3449179274803772,-0.4634640464524723,0.0270717376908202,20,side key,w15_step5_highpass_atlas_mean_trace,,within_recording_zscore_then_node_mean,side key,,-0.0667584593605246,39,0.43283582089552236,125,0.4745762711864407,2,integrative relay,integrative relay,other fly brain,"Literature-guided five-way anatomical/functional class; compare within-species FCV ranks, not raw FCV or strict homology.",4,integrative relay
C. elegans,URXL,-0.0909094352724155,0.0347595126881832,-0.945578657526678,0.5338155153379271,0.0058772447915438,15,neuron,w20_step8_highpass,,within_recording_zscore_then_node_mean,neuron,Sensory,-0.12564755768482824,64,0.475,126,0.4703389830508475,0,sensory input,sensory input,thermo/gas sensory,"Literature-guided five-way anatomical/functional class; compare within-species FCV ranks, not raw FCV or strict homology.",2,other sensory
C. elegans,SAAVR,-0.0947303247555859,-0.8488371510378795,0.2649441186615183,-0.2320031141456247,-0.1905431367462601,4,neuron,w20_step8_highpass,,within_recording_zscore_then_node_mean,neuron,Interneuron,-0.13051728942971594,65,0.4666666666666667,127,0.4661016949152542,1,sensorimotor output,sensorimotor output,other interneuron,"Literature-guided five-way anatomical/functional class; compare within-species FCV ranks, not raw FCV or strict homology.",3,sensorimotor output
Drosophila,ICL_L,-0.1041283831034324,0.5953267583877345,-0.3661776222434336,-0.1915494009526599,-0.0445180700056524,20,side key,w15_step5_highpass_atlas_mean_trace,,within_recording_zscore_then_node_mean,side key,,-0.11498787445208566,40,0.417910447761194,128,0.461864406779661,2,integrative relay,integrative relay,lateral/inferior protocerebrum,"Literature-guided five-way anatomical/functional class; compare within-species FCV ranks, not raw FCV or strict homology.",4,integrative relay
C. elegans,ASKR,-0.1070390691932407,-0.3394402378414176,1.1962671623462937,-0.3213907986109077,0.1535581661537108,3,neuron,w20_step8_highpass,,within_recording_zscore_then_node_mean,neuron,Sensory,-0.146204810304573,66,0.4583333333333333,129,0.4576271186440678,0,sensory input,sensory input,other sensory neuron,"Literature-guided five-way anatomical/functional class; compare within-species FCV ranks, not raw FCV or strict homology.",2,other sensory
Drosophila,ICL_R,-0.1088552069202965,0.6783361579749723,-0.3652208102377914,-0.3778580513032573,0.0749313721307582,20,side key,w15_step5_highpass_atlas_mean_trace,,within_recording_zscore_then_node_mean,side key,,-0.1213459824759862,41,0.40298507462686567,130,0.4533898305084746,2,integrative relay,integrative relay,lateral/inferior protocerebrum,"Literature-guided five-way anatomical/functional class; compare within-species FCV ranks, not raw FCV or strict homology.",4,integrative relay
Drosophila,PRW,-0.1214215398032493,-0.3473087295771508,0.4412149669612112,-0.0083386298478153,-0.0784405938176496,20,side key,w15_step5_highpass_atlas_mean_trace,,within_recording_zscore_then_node_mean,side key,,-0.1382491091905998,42,0.3880597014925373,131,0.4491525423728814,2,integrative relay,integrative relay,other fly brain,"Literature-guided five-way anatomical/functional class; compare within-species FCV ranks, not raw FCV or strict homology.",4,integrative relay
Zebrafish,MOS2,-0.1291490978314234,0.8021520562842867,-1.5271413266456229,0.6156947231523004,0.1514940391057459,7,root_area_from_louvain_communities,baseline_highpass,3.0,within_recording_zscore_then_node_mean,root_area_from_louvain_communities,,-0.03166038104496884,24,0.5306122448979592,132,0.4449152542372881,1,sensorimotor output,sensorimotor output,hindbrain/reticular,"Literature-guided five-way anatomical/functional class; compare within-species FCV ranks, not raw FCV or strict homology.",3,sensorimotor output
C. elegans,AIYR,-0.1312169578002816,-0.7718486355879797,0.0424250289397256,-0.6071510307366352,-0.1866328583307618,4,neuron,w20_step8_highpass,,within_recording_zscore_then_node_mean,neuron,Interneuron,-0.17701958058062145,67,0.45,133,0.4406779661016949,3,associative / learning,associative / learning,associative interneuron,"Literature-guided five-way anatomical/functional class; compare within-species FCV ranks, not raw FCV or strict homology.",5,associative / learning
C. elegans,RIAL,-0.1331966993083439,0.2821615524219915,0.540596609072745,-0.2030244825058604,0.2416238618702878,12,neuron,w20_step8_highpass,,within_recording_zscore_then_node_mean,neuron,Interneuron,-0.17954276532881874,68,0.44166666666666665,134,0.4364406779661017,3,associative / learning,associative / learning,associative interneuron,"Literature-guided five-way anatomical/functional class; compare within-species FCV ranks, not raw FCV or strict homology.",5,associative / learning
C. elegans,RMDR,-0.1332431479505051,0.2980752276824749,-0.2082605686799274,-0.28550644715545,0.1932457212897936,5,neuron,w20_step8_highpass,,within_recording_zscore_then_node_mean,neuron,Motorneuron,-0.17960196422170366,69,0.43333333333333335,135,0.4322033898305085,1,sensorimotor output,sensorimotor output,head motor / command,"Literature-guided five-way anatomical/functional class; compare within-species FCV ranks, not raw FCV or strict homology.",3,sensorimotor output
C. elegans,AVL,-0.1539672773458583,-0.8685571452574423,0.2611303397803158,-0.2792900857220637,-0.0284008732754542,5,neuron,w20_step8_highpass,,within_recording_zscore_then_node_mean,neuron,Interneuron,-0.20601491106202213,70,0.425,136,0.4279661016949153,2,integrative relay,integrative relay,other interneuron,"Literature-guided five-way anatomical/functional class; compare within-species FCV ranks, not raw FCV or strict homology.",4,integrative relay
C. elegans,AUAR,-0.1618779789119584,-0.6984340366500934,-0.4978240832981086,0.4424584765894702,-0.1869439769096969,7,neuron,w20_step8_highpass,,within_recording_zscore_then_node_mean,neuron,Interneuron,-0.2160971169751871,71,0.4166666666666667,137,0.423728813559322,3,associative / learning,associative / learning,associative interneuron,"Literature-guided five-way anatomical/functional class; compare within-species FCV ranks, not raw FCV or strict homology.",5,associative / learning
Zebrafish,PT,-0.1828533920999078,0.5052633751759058,-0.1706405630130417,-0.9197974938999228,0.0666336459088428,6,root_area_from_louvain_communities,baseline_highpass,24.0,within_recording_zscore_then_node_mean,root_area_from_louvain_communities,,-0.09507541043151914,25,0.5102040816326531,138,0.4194915254237288,0,sensory input,sensory input,pretectal visual,"Literature-guided five-way anatomical/functional class; compare within-species FCV ranks, not raw FCV or strict homology.",1,visual / optic
Drosophila,IVLP_R,-0.2039301220721524,0.1437512839392448,0.0002671732325169,-0.2649000760406065,-0.1928708669135063,20,side key,w15_step5_highpass_atlas_mean_trace,,within_recording_zscore_then_node_mean,side key,,-0.2492324035314925,43,0.373134328358209,139,0.4152542372881356,2,integrative relay,integrative relay,other fly brain,"Literature-guided five-way anatomical/functional class; compare within-species FCV ranks, not raw FCV or strict homology.",4,integrative relay
C. elegans,URYDR,-0.2078325105817385,1.10580372924572,0.0562074121863166,-0.042636648980828,-0.039713539156961,13,neuron,w20_step8_highpass,,within_recording_zscore_then_node_mean,neuron,Sensory,-0.2746662649914986,72,0.4083333333333333,140,0.4110169491525424,0,sensory input,sensory input,other sensory neuron,"Literature-guided five-way anatomical/functional class; compare within-species FCV ranks, not raw FCV or strict homology.",2,other sensory
C. elegans,AUAL,-0.2364454208258091,-0.7280754674897846,-0.3911956095432944,-0.537250531672984,0.2295686119986413,16,neuron,w20_step8_highpass,,within_recording_zscore_then_node_mean,neuron,Interneuron,-0.3111334797442156,73,0.4,141,0.4067796610169492,3,associative / learning,associative / learning,associative interneuron,"Literature-guided five-way anatomical/functional class; compare within-species FCV ranks, not raw FCV or strict homology.",5,associative / learning
C. elegans,ADLL,-0.239247555449999,-0.4870459327494272,1.754868713546535,-0.0486743520522009,0.0635377653920349,9,neuron,w20_step8_highpass,,within_recording_zscore_then_node_mean,neuron,Sensory,-0.3147048062620253,74,0.39166666666666666,142,0.4025423728813559,0,sensory input,sensory input,chemosensory,"Literature-guided five-way anatomical/functional class; compare within-species FCV ranks, not raw FCV or strict homology.",0,olfactory / chemosensory
C. elegans,RMDVL,-0.2463479700141454,0.0935598343952173,-0.1080953768077949,0.1169306908793963,-0.0747819077526251,14,neuron,w20_step8_highpass,,within_recording_zscore_then_node_mean,neuron,Motorneuron,-0.3237542996737521,75,0.38333333333333336,143,0.3983050847457627,1,sensorimotor output,sensorimotor output,head motor / command,"Literature-guided five-way anatomical/functional class; compare within-species FCV ranks, not raw FCV or strict homology.",3,sensorimotor output
Zebrafish,T,-0.2704418203214891,0.3606035396064913,0.2493961146343989,-0.6368599975742512,-0.5504078445576159,7,root_area_from_louvain_communities,baseline_highpass,11.0,within_recording_zscore_then_node_mean,root_area_from_louvain_communities,,-0.19850145531770735,26,0.4897959183673469,144,0.3940677966101695,2,integrative relay,integrative relay,optic tectum / midbrain,"Literature-guided five-way anatomical/functional class; compare within-species FCV ranks, not raw FCV or strict homology.",4,integrative relay
Drosophila,IB_R,-0.2840659556148842,0.3330060007082405,0.1647024068784611,-0.081956024341202,-0.0170587488234167,20,side key,w15_step5_highpass_atlas_mean_trace,,within_recording_zscore_then_node_mean,side key,,-0.3570240847936947,44,0.3582089552238806,145,0.3898305084745763,2,integrative relay,integrative relay,lateral/inferior protocerebrum,"Literature-guided five-way anatomical/functional class; compare within-species FCV ranks, not raw FCV or strict homology.",4,integrative relay
C. elegans,IL1DL,-0.2897206377630093,0.7632964272808476,-0.3423299681349454,-0.0476539143863037,-0.2466292375945761,15,neuron,w20_step8_highpass,,within_recording_zscore_then_node_mean,neuron,Sensory,-0.3790328566504522,76,0.375,146,0.3855932203389831,0,sensory input,sensory input,mechanosensory,"Literature-guided five-way anatomical/functional class; compare within-species FCV ranks, not raw FCV or strict homology.",2,other sensory
Drosophila,ATL_R,-0.3261889824466816,-0.4061018867615528,0.3550822716496267,-0.2390003401082781,-0.0879346623827167,20,side key,w15_step5_highpass_atlas_mean_trace,,within_recording_zscore_then_node_mean,side key,,-0.41368427888316034,45,0.34328358208955223,147,0.3813559322033898,2,integrative relay,integrative relay,lateral/inferior protocerebrum,"Literature-guided five-way anatomical/functional class; compare within-species FCV ranks, not raw FCV or strict homology.",4,integrative relay
C. elegans,URYVR,-0.3294070467994306,0.0351418773605478,-0.0064841586152484,-0.439033648293219,0.1763404476760711,12,neuron,w20_step8_highpass,,within_recording_zscore_then_node_mean,neuron,Sensory,-0.4296132690849146,77,0.36666666666666664,148,0.3771186440677966,0,sensory input,sensory input,other sensory neuron,"Literature-guided five-way anatomical/functional class; compare within-species FCV ranks, not raw FCV or strict homology.",2,other sensory
Zebrafish,rMOS4,-0.356540267433595,1.0532084356645952,-0.7373102395805201,0.0809681096580856,0.0067397132040685,7,root_area_from_louvain_communities,baseline_highpass,41.0,within_recording_zscore_then_node_mean,root_area_from_louvain_communities,,-0.3001681028013263,27,0.46938775510204084,149,0.3728813559322034,1,sensorimotor output,sensorimotor output,hindbrain/reticular,"Literature-guided five-way anatomical/functional class; compare within-species FCV ranks, not raw FCV or strict homology.",3,sensorimotor output
C. elegans,AWCR,-0.358798074346615,-0.3353024425423923,0.4590733814301125,-0.1767815242208828,0.4455443185579406,10,neuron,w20_step8_highpass,,within_recording_zscore_then_node_mean,neuron,Sensory,-0.46707219598971284,78,0.35833333333333334,150,0.3686440677966102,0,sensory input,sensory input,chemosensory,"Literature-guided five-way anatomical/functional class; compare within-species FCV ranks, not raw FCV or strict homology.",0,olfactory / chemosensory
C. elegans,ALA,-0.3617826300444622,-0.4090532296357489,1.2081293131907451,0.2118497894725179,-0.05710591639063,2,neuron,w20_step8_highpass,,within_recording_zscore_then_node_mean,neuron,Interneuron,-0.47087601855255035,79,0.35,151,0.3644067796610169,4,state-dependent / modulatory,state-dependent / modulatory,state-modulatory interneuron,"Literature-guided five-way anatomical/functional class; compare within-species FCV ranks, not raw FCV or strict homology.",6,state-dependent / modulatory
C. elegans,AINR,-0.4216258862265929,-0.4445522043094712,0.499293536069961,-0.6669280178430627,-0.1050630204120062,11,neuron,w20_step8_highpass,,within_recording_zscore_then_node_mean,neuron,Interneuron,-0.5471463753977741,80,0.3416666666666667,152,0.3601694915254237,3,associative / learning,associative / learning,associative interneuron,"Literature-guided five-way anatomical/functional class; compare within-species FCV ranks, not raw FCV or strict homology.",5,associative / learning
Drosophila,IB_L,-0.4219520522595418,0.2993958636080322,0.0192550565885071,0.0065844302791013,0.049592688091681,20,side key,w15_step5_highpass_atlas_mean_trace,,within_recording_zscore_then_node_mean,side key,,-0.5424963451163451,46,0.3283582089552239,153,0.3559322033898305,2,integrative relay,integrative relay,lateral/inferior protocerebrum,"Literature-guided five-way anatomical/functional class; compare within-species FCV ranks, not raw FCV or strict homology.",4,integrative relay
C. elegans,RMDDL,-0.4259734633450009,-0.3250884868645826,-0.2940169619324344,-0.2806893899268851,-0.011823974020582,16,neuron,w20_step8_highpass,,within_recording_zscore_then_node_mean,neuron,Motorneuron,-0.5526873716501157,81,0.3333333333333333,154,0.3516949152542373,1,sensorimotor output,sensorimotor output,head motor / command,"Literature-guided five-way anatomical/functional class; compare within-species FCV ranks, not raw FCV or strict homology.",3,sensorimotor output
Drosophila,WED_L,-0.4266483412728725,-0.9391769515372322,0.8331769310860047,-0.1441345725474153,0.7691672611922377,20,side key,w15_step5_highpass_atlas_mean_trace,,within_recording_zscore_then_node_mean,side key,,-0.5488133804058101,47,0.31343283582089554,155,0.3474576271186441,2,integrative relay,integrative relay,visual-association protocerebrum,"Literature-guided five-way anatomical/functional class; compare within-species FCV ranks, not raw FCV or strict homology.",4,integrative relay
Zebrafish,rMOS5,-0.4491096958660021,0.0733729684562357,0.1794236876257183,0.4278624404377062,-0.2213122528436386,7,root_area_from_louvain_communities,baseline_highpass,42.0,within_recording_zscore_then_node_mean,root_area_from_louvain_communities,,-0.40947580536585204,28,0.4489795918367347,156,0.3432203389830508,1,sensorimotor output,sensorimotor output,hindbrain/reticular,"Literature-guided five-way anatomical/functional class; compare within-species FCV ranks, not raw FCV or strict homology.",3,sensorimotor output
C. elegans,URBR,-0.4622202745889068,0.1650740187100424,0.0488808997570914,-0.3368023003911525,-0.0089409304758876,9,neuron,w20_step8_highpass,,within_recording_zscore_then_node_mean,neuron,Interneuron,-0.598884009407599,82,0.325,157,0.3389830508474576,2,integrative relay,integrative relay,other interneuron,"Literature-guided five-way anatomical/functional class; compare within-species FCV ranks, not raw FCV or strict homology.",4,integrative relay
C. elegans,AWAR,-0.4659730577520273,-0.6023137487513459,0.5305123295912358,-0.4026528102318711,0.2083121320729949,10,neuron,w20_step8_highpass,,within_recording_zscore_then_node_mean,neuron,Sensory,-0.603666939503228,83,0.31666666666666665,158,0.3347457627118644,0,sensory input,sensory input,chemosensory,"Literature-guided five-way anatomical/functional class; compare within-species FCV ranks, not raw FCV or strict homology.",0,olfactory / chemosensory
C. elegans,URBL,-0.4708821787532142,0.6680420054433431,-0.1616949286864054,-0.3509258073890821,-0.2472782282282849,15,neuron,w20_step8_highpass,,within_recording_zscore_then_node_mean,neuron,Interneuron,-0.6099236246243948,84,0.30833333333333335,159,0.3305084745762712,2,integrative relay,integrative relay,other interneuron,"Literature-guided five-way anatomical/functional class; compare within-species FCV ranks, not raw FCV or strict homology.",4,integrative relay
Drosophila,NO,-0.4963849915069107,-1.0010307172765054,0.2294815189666632,-0.1823081499370477,0.0130859180956371,20,side key,w15_step5_highpass_atlas_mean_trace,,within_recording_zscore_then_node_mean,side key,,-0.6426169941201757,48,0.29850746268656714,160,0.326271186440678,4,state-dependent / modulatory,state-dependent / modulatory,central complex,"Literature-guided five-way anatomical/functional class; compare within-species FCV ranks, not raw FCV or strict homology.",6,state-dependent / modulatory
C. elegans,AQR,-0.5066244403314731,-0.5581972137863191,0.0966462451544539,-0.4332392485383755,0.1029824570171755,4,neuron,w20_step8_highpass,,within_recording_zscore_then_node_mean,neuron,Sensory,-0.6554772127635901,85,0.3,161,0.3220338983050847,0,sensory input,sensory input,thermo/gas sensory,"Literature-guided five-way anatomical/functional class; compare within-species FCV ranks, not raw FCV or strict homology.",2,other sensory
Drosophila,ATL_L,-0.519659204549771,-0.534516405894771,0.3200832825298122,-0.2733218448606699,0.2263061707200396,20,side key,w15_step5_highpass_atlas_mean_trace,,within_recording_zscore_then_node_mean,side key,,-0.6739234202598228,49,0.2835820895522388,162,0.3177966101694915,2,integrative relay,integrative relay,lateral/inferior protocerebrum,"Literature-guided five-way anatomical/functional class; compare within-species FCV ranks, not raw FCV or strict homology.",4,integrative relay
Zebrafish,rMOS2,-0.5206955584864392,0.8984715128596904,-1.6339724092451735,0.8127103508184215,-0.0091047703539805,7,root_area_from_louvain_communities,baseline_highpass,39.0,within_recording_zscore_then_node_mean,root_area_from_louvain_communities,,-0.49400572319777825,29,0.42857142857142855,163,0.3135593220338983,1,sensorimotor output,sensorimotor output,hindbrain/reticular,"Literature-guided five-way anatomical/functional class; compare within-species FCV ranks, not raw FCV or strict homology.",3,sensorimotor output
C. elegans,CEPDL,-0.5275338256369175,0.4576363909757719,-0.0264345708169923,-0.5234602574775682,-0.2642411779466063,18,neuron,w20_step8_highpass,,within_recording_zscore_then_node_mean,neuron,Sensory,-0.68212626865398,86,0.2916666666666667,164,0.3093220338983051,0,sensory input,sensory input,mechanosensory,"Literature-guided five-way anatomical/functional class; compare within-species FCV ranks, not raw FCV or strict homology.",2,other sensory
Zebrafish,TeO,-0.536390103383044,-0.9601308362377582,1.252073244936465,-0.110422040750938,-0.8575317431619995,7,root_area_from_louvain_communities,baseline_highpass,29.0,within_recording_zscore_then_node_mean,root_area_from_louvain_communities,,-0.5125381336759993,30,0.40816326530612246,165,0.3050847457627119,0,sensory input,sensory input,optic tectum / midbrain,"Literature-guided five-way anatomical/functional class; compare within-species FCV ranks, not raw FCV or strict homology.",1,visual / optic
C. elegans,IL2L,-0.5413112599527531,0.0319483694565215,0.521285163455919,-0.0519952855497733,0.2584196501561636,15,neuron,w20_step8_highpass,,within_recording_zscore_then_node_mean,neuron,Sensory,-0.699685637891548,87,0.2833333333333333,166,0.3008474576271186,0,sensory input,sensory input,mechanosensory,"Literature-guided five-way anatomical/functional class; compare within-species FCV ranks, not raw FCV or strict homology.",2,other sensory
Drosophila,AMMC_L,-0.5436449011286585,-0.5334934353769696,0.3258632394071457,-0.2259275644285504,-0.1059143196790668,20,side key,w15_step5_highpass_atlas_mean_trace,,within_recording_zscore_then_node_mean,side key,,-0.70618687152978,50,0.26865671641791045,167,0.2966101694915254,2,integrative relay,integrative relay,other fly brain,"Literature-guided five-way anatomical/functional class; compare within-species FCV ranks, not raw FCV or strict homology.",4,integrative relay
Zebrafish,MOS4,-0.5584815571297443,0.3697110705899095,-0.3782180882069096,0.1336713104537664,-0.0276395975240267,7,root_area_from_louvain_communities,baseline_highpass,5.0,within_recording_zscore_then_node_mean,root_area_from_louvain_communities,,-0.5386241330848163,31,0.3877551020408163,168,0.2923728813559322,1,sensorimotor output,sensorimotor output,hindbrain/reticular,"Literature-guided five-way anatomical/functional class; compare within-species FCV ranks, not raw FCV or strict homology.",3,sensorimotor output
C. elegans,ADAL,-0.5633888275944742,0.2033817605912378,0.9006594460487305,-0.2132818767015855,0.8337789466609936,12,neuron,w20_step8_highpass,,within_recording_zscore_then_node_mean,neuron,Interneuron,-0.7278235446455497,88,0.275,169,0.288135593220339,2,integrative relay,integrative relay,other interneuron,"Literature-guided five-way anatomical/functional class; compare within-species FCV ranks, not raw FCV or strict homology.",4,integrative relay
C. elegans,RICL,-0.580726360167759,-1.0222955636155842,0.1602280194829735,-0.6965000901242635,0.1153861483098488,16,neuron,w20_step8_highpass,,within_recording_zscore_then_node_mean,neuron,Interneuron,-0.7499202666580624,89,0.26666666666666666,170,0.2838983050847458,4,state-dependent / modulatory,state-dependent / modulatory,state-modulatory interneuron,"Literature-guided five-way anatomical/functional class; compare within-species FCV ranks, not raw FCV or strict homology.",6,state-dependent / modulatory
Zebrafish,rCb,-0.5942387062728055,0.262977854843708,0.2684547085862389,0.0387565411987874,-0.1184873174130526,7,root_area_from_louvain_communities,baseline_highpass,37.0,within_recording_zscore_then_node_mean,root_area_from_louvain_communities,,-0.5808468397523753,32,0.3673469387755102,171,0.2796610169491525,1,sensorimotor output,sensorimotor output,cerebellar,"Literature-guided five-way anatomical/functional class; compare within-species FCV ranks, not raw FCV or strict homology.",3,sensorimotor output
C. elegans,CEPVR,-0.5960980289885239,0.3688116747578833,0.1443595993448608,-0.2156082518824462,-0.1245198220065066,11,neuron,w20_step8_highpass,,within_recording_zscore_then_node_mean,neuron,Sensory,-0.7695114911512313,90,0.25833333333333336,172,0.2754237288135593,0,sensory input,sensory input,mechanosensory,"Literature-guided five-way anatomical/functional class; compare within-species FCV ranks, not raw FCV or strict homology.",2,other sensory
Zebrafish,PrT,-0.5997005919617802,0.1541469852414994,0.5750538469153156,-0.45262704217319,-0.0337522946578975,7,root_area_from_louvain_communities,baseline_highpass,26.0,within_recording_zscore_then_node_mean,root_area_from_louvain_communities,,-0.5872963359461194,33,0.3469387755102041,173,0.2711864406779661,0,sensory input,sensory input,pretectal visual,"Literature-guided five-way anatomical/functional class; compare within-species FCV ranks, not raw FCV or strict homology.",1,visual / optic
Zebrafish,MOS5,-0.6158779212435738,-0.4775191937166247,0.5198001457314998,0.095514274209225,-0.6410127840989409,7,root_area_from_louvain_communities,baseline_highpass,6.0,within_recording_zscore_then_node_mean,root_area_from_louvain_communities,,-0.6063988272044929,34,0.32653061224489793,174,0.2669491525423729,1,sensorimotor output,sensorimotor output,hindbrain/reticular,"Literature-guided five-way anatomical/functional class; compare within-species FCV ranks, not raw FCV or strict homology.",3,sensorimotor output
C. elegans,CEPVL,-0.628128208327382,0.599295338927981,-0.4699080302342536,-0.1676048970908758,0.1023082229524177,15,neuron,w20_step8_highpass,,within_recording_zscore_then_node_mean,neuron,Sensory,-0.8103340226083462,91,0.25,175,0.2627118644067797,0,sensory input,sensory input,mechanosensory,"Literature-guided five-way anatomical/functional class; compare within-species FCV ranks, not raw FCV or strict homology.",2,other sensory
C. elegans,URXR,-0.6359483473090639,-0.182403293752298,-0.2489937708681412,0.0104433721919455,0.0912335668735033,14,neuron,w20_step8_highpass,,within_recording_zscore_then_node_mean,neuron,Sensory,-0.8203008063157178,92,0.24166666666666667,176,0.2584745762711864,0,sensory input,sensory input,thermo/gas sensory,"Literature-guided five-way anatomical/functional class; compare within-species FCV ranks, not raw FCV or strict homology.",2,other sensory
C. elegans,AWBR,-0.6363961913476046,0.1347073234239444,0.824913654416557,-0.1243646032434238,0.1735990757885495,10,neuron,w20_step8_highpass,,within_recording_zscore_then_node_mean,neuron,Sensory,-0.8208715844920681,93,0.23333333333333334,177,0.2542372881355932,0,sensory input,sensory input,chemosensory,"Literature-guided five-way anatomical/functional class; compare within-species FCV ranks, not raw FCV or strict homology.",0,olfactory / chemosensory
Zebrafish,rHi,-0.6402303175596806,0.4802021213648879,-0.3252150893679109,-2.036785701406412,-0.0239647973959743,4,root_area_from_louvain_communities,baseline_highpass,53.0,within_recording_zscore_then_node_mean,root_area_from_louvain_communities,,-0.6351545896449853,35,0.30612244897959184,178,0.25,4,state-dependent / modulatory,state-dependent / modulatory,hypothalamic / preoptic state,"Literature-guided five-way anatomical/functional class; compare within-species FCV ranks, not raw FCV or strict homology.",6,state-dependent / modulatory
C. elegans,IL2VR,-0.6781661036004579,-0.2660905030024747,1.0389065368547723,-0.4330578645958198,-0.1755033739079866,13,neuron,w20_step8_highpass,,within_recording_zscore_then_node_mean,neuron,Sensory,-0.8741074261919737,94,0.225,179,0.2457627118644068,0,sensory input,sensory input,mechanosensory,"Literature-guided five-way anatomical/functional class; compare within-species FCV ranks, not raw FCV or strict homology.",2,other sensory
Zebrafish,rNX,-0.681728603207709,-0.1019511040394793,-0.8743774648726413,0.0473967579576862,0.437342767334591,7,root_area_from_louvain_communities,baseline_highpass,71.0,within_recording_zscore_then_node_mean,root_area_from_louvain_communities,,-0.6841565370629128,36,0.2857142857142857,180,0.24152542372881355,1,sensorimotor output,sensorimotor output,other zebrafish region,"Literature-guided five-way anatomical/functional class; compare within-species FCV ranks, not raw FCV or strict homology.",3,sensorimotor output
Drosophila,GA_L,-0.6970882717337179,-1.455505093008017,0.8134700364020422,-0.4888050492318666,0.4478003356715341,20,side key,w15_step5_highpass_atlas_mean_trace,,within_recording_zscore_then_node_mean,side key,,-0.9125854096723794,51,0.2537313432835821,181,0.23728813559322035,2,integrative relay,integrative relay,other fly brain,"Literature-guided five-way anatomical/functional class; compare within-species FCV ranks, not raw FCV or strict homology.",4,integrative relay
Drosophila,GOR_R,-0.7186312393272565,-0.2847787184945796,0.6420929997983454,-0.6824648273626439,0.0479342446957832,20,side key,w15_step5_highpass_atlas_mean_trace,,within_recording_zscore_then_node_mean,side key,,-0.9415631165685883,52,0.23880597014925373,182,0.2330508474576271,2,integrative relay,integrative relay,other fly brain,"Literature-guided five-way anatomical/functional class; compare within-species FCV ranks, not raw FCV or strict homology.",4,integrative relay
C. elegans,AIYL,-0.7231062055225451,-0.3847643188607111,0.6696625427354942,-0.7700563156186179,1.0148094122713822,3,neuron,w20_step8_highpass,,within_recording_zscore_then_node_mean,neuron,Interneuron,-0.9313836813447105,95,0.21666666666666667,183,0.2288135593220339,3,associative / learning,associative / learning,associative interneuron,"Literature-guided five-way anatomical/functional class; compare within-species FCV ranks, not raw FCV or strict homology.",5,associative / learning
Zebrafish,aRF,-0.7382410278184425,-0.0171864170684237,0.1976514500153633,-1.211750434447492,-0.0411129051053701,6,root_area_from_louvain_communities,baseline_highpass,12.0,within_recording_zscore_then_node_mean,root_area_from_louvain_communities,,-0.750887458979113,37,0.2653061224489796,184,0.2245762711864407,1,sensorimotor output,sensorimotor output,hindbrain/reticular,"Literature-guided five-way anatomical/functional class; compare within-species FCV ranks, not raw FCV or strict homology.",3,sensorimotor output
Drosophila,AMMC_R,-0.7424911355147734,-0.6534020670716861,0.5899064739144737,-0.521428437043516,-0.0542012739934699,20,side key,w15_step5_highpass_atlas_mean_trace,,within_recording_zscore_then_node_mean,side key,,-0.9736573522069136,53,0.22388059701492538,185,0.22033898305084745,2,integrative relay,integrative relay,other fly brain,"Literature-guided five-way anatomical/functional class; compare within-species FCV ranks, not raw FCV or strict homology.",4,integrative relay
C. elegans,IL2DR,-0.7607315312840984,-0.3987117614640131,1.2195192438472982,-0.2506449278963979,0.1981831149697668,16,neuron,w20_step8_highpass,,within_recording_zscore_then_node_mean,neuron,Sensory,-0.9793372387767734,96,0.20833333333333334,186,0.21610169491525424,0,sensory input,sensory input,mechanosensory,"Literature-guided five-way anatomical/functional class; compare within-species FCV ranks, not raw FCV or strict homology.",2,other sensory
Drosophila,ME_R,-0.7648873512860052,-1.4114313870504875,1.3194612248799131,-0.3460615246924839,-0.2878382242980065,19,side key,w15_step5_highpass_atlas_mean_trace,,within_recording_zscore_then_node_mean,side key,,-1.0037827735716869,54,0.208955223880597,187,0.211864406779661,0,sensory input,sensory input,visual / optic,"Literature-guided five-way anatomical/functional class; compare within-species FCV ranks, not raw FCV or strict homology.",1,visual / optic
C. elegans,RMDVR,-0.7670583706691313,0.1341848085249258,0.2773348549927065,-0.2224651308388231,0.550617673967191,14,neuron,w20_step8_highpass,,within_recording_zscore_then_node_mean,neuron,Motorneuron,-0.9874008089830845,97,0.2,188,0.2076271186440678,1,sensorimotor output,sensorimotor output,head motor / command,"Literature-guided five-way anatomical/functional class; compare within-species FCV ranks, not raw FCV or strict homology.",3,sensorimotor output
Zebrafish,rHR,-0.7700596972069316,0.4025940218679896,-0.1266138055461456,-1.792808698802817,0.3474331534053516,2,root_area_from_louvain_communities,baseline_highpass,54.0,within_recording_zscore_then_node_mean,root_area_from_louvain_communities,,-0.7884595355103573,38,0.24489795918367346,189,0.2033898305084746,4,state-dependent / modulatory,state-dependent / modulatory,hypothalamic / preoptic state,"Literature-guided five-way anatomical/functional class; compare within-species FCV ranks, not raw FCV or strict homology.",6,state-dependent / modulatory
Zebrafish,Cb,-0.7744984944292899,-0.3216913377930852,0.830343611352203,0.0315523191400319,-0.1610510520030609,7,root_area_from_louvain_communities,baseline_highpass,1.0,within_recording_zscore_then_node_mean,root_area_from_louvain_communities,,-0.7937009498168102,39,0.22448979591836735,190,0.19915254237288135,1,sensorimotor output,sensorimotor output,cerebellar,"Literature-guided five-way anatomical/functional class; compare within-species FCV ranks, not raw FCV or strict homology.",3,sensorimotor output
C. elegans,RMDDR,-0.8006551887531449,-0.2833116114827634,0.2447890782102875,-0.418523782274835,0.1388757923056228,12,neuron,w20_step8_highpass,,within_recording_zscore_then_node_mean,neuron,Motorneuron,-1.0302200248414777,98,0.19166666666666668,191,0.19491525423728814,1,sensorimotor output,sensorimotor output,head motor / command,"Literature-guided five-way anatomical/functional class; compare within-species FCV ranks, not raw FCV or strict homology.",3,sensorimotor output
Drosophila,GA_R,-0.8298630944530727,-1.3860784028171542,1.1359826717389587,-0.4687430717204863,-0.2031270985131492,20,side key,w15_step5_highpass_atlas_mean_trace,,within_recording_zscore_then_node_mean,side key,,-1.0911824334692095,55,0.19402985074626866,192,0.1906779661016949,2,integrative relay,integrative relay,other fly brain,"Literature-guided five-way anatomical/functional class; compare within-species FCV ranks, not raw FCV or strict homology.",4,integrative relay
Drosophila,WED_R,-0.8475651159819618,-1.1448089595846451,1.0801405570772205,-0.1765841106735634,0.955708252967689,20,side key,w15_step5_highpass_atlas_mean_trace,,within_recording_zscore_then_node_mean,side key,,-1.1149936372463707,56,0.1791044776119403,193,0.1864406779661017,2,integrative relay,integrative relay,visual-association protocerebrum,"Literature-guided five-way anatomical/functional class; compare within-species FCV ranks, not raw FCV or strict homology.",4,integrative relay
Drosophila,LB_R,-0.8540710872409468,-1.3995664400345171,0.9809629415526524,-0.1275837001608709,0.3753891900740871,20,side key,w15_step5_highpass_atlas_mean_trace,,within_recording_zscore_then_node_mean,side key,,-1.1237448980649858,57,0.16417910447761194,194,0.18220338983050846,2,integrative relay,integrative relay,other fly brain,"Literature-guided five-way anatomical/functional class; compare within-species FCV ranks, not raw FCV or strict homology.",4,integrative relay
Drosophila,LO_R,-0.8641622978631396,-1.605854958533527,1.4798171484857876,-0.0721479997783866,0.8974207883743813,20,side key,w15_step5_highpass_atlas_mean_trace,,within_recording_zscore_then_node_mean,side key,,-1.1373187078183604,58,0.14925373134328357,195,0.17796610169491525,0,sensory input,sensory input,visual / optic,"Literature-guided five-way anatomical/functional class; compare within-species FCV ranks, not raw FCV or strict homology.",1,visual / optic
C. elegans,FLPL,-0.8676020066572243,0.1382852747439371,0.6936493459073346,-0.1672576331473153,-0.4090390455859898,16,neuron,w20_step8_highpass,,within_recording_zscore_then_node_mean,neuron,Sensory,-1.1155438861577178,99,0.18333333333333332,196,0.17372881355932204,0,sensory input,sensory input,mechanosensory,"Literature-guided five-way anatomical/functional class; compare within-species FCV ranks, not raw FCV or strict homology.",2,other sensory
Drosophila,GOR_L,-0.8703132998880749,-0.4474607538628636,0.8289133992028714,-0.5678400334752589,0.3543316477483756,20,side key,w15_step5_highpass_atlas_mean_trace,,within_recording_zscore_then_node_mean,side key,,-1.1455924952166214,59,0.13432835820895522,197,0.1694915254237288,2,integrative relay,integrative relay,other fly brain,"Literature-guided five-way anatomical/functional class; compare within-species FCV ranks, not raw FCV or strict homology.",4,integrative relay
Zebrafish,NX,-0.8721692560180728,0.1842231507954096,-0.833110813603548,0.3964618978901654,0.1765584737688672,6,root_area_from_louvain_communities,baseline_highpass,35.0,within_recording_zscore_then_node_mean,root_area_from_louvain_communities,,-0.9090324014395561,40,0.20408163265306123,198,0.1652542372881356,1,sensorimotor output,sensorimotor output,other zebrafish region,"Literature-guided five-way anatomical/functional class; compare within-species FCV ranks, not raw FCV or strict homology.",3,sensorimotor output
Drosophila,EPA_R,-0.8769280731410657,-0.6732660743015588,0.840298689085242,-0.3969527944410985,0.1687483145317485,20,side key,w15_step5_highpass_atlas_mean_trace,,within_recording_zscore_then_node_mean,side key,,-1.154490106916485,60,0.11940298507462686,199,0.16101694915254236,2,integrative relay,integrative relay,lateral/inferior protocerebrum,"Literature-guided five-way anatomical/functional class; compare within-species FCV ranks, not raw FCV or strict homology.",4,integrative relay
C. elegans,AIZL,-0.8887195903046528,0.3246659599590268,0.7344502148481464,-0.3610583444712801,0.0131369852524128,15,neuron,w20_step8_highpass,,within_recording_zscore_then_node_mean,neuron,Interneuron,-1.1424582912762542,100,0.175,200,0.15677966101694915,3,associative / learning,associative / learning,associative interneuron,"Literature-guided five-way anatomical/functional class; compare within-species FCV ranks, not raw FCV or strict homology.",5,associative / learning
C. elegans,RIAR,-0.8979664995613836,-0.2042021415363777,0.6938821199794281,-0.3069245662873844,0.0146764237298133,8,neuron,w20_step8_highpass,,within_recording_zscore_then_node_mean,neuron,Interneuron,-1.1542434967232944,101,0.16666666666666666,201,0.15254237288135594,3,associative / learning,associative / learning,associative interneuron,"Literature-guided five-way anatomical/functional class; compare within-species FCV ranks, not raw FCV or strict homology.",5,associative / learning
C. elegans,RICR,-0.9065410867481412,-0.6853163565381463,0.5306569612933691,-0.5169490997300102,-0.3264879453077185,10,neuron,w20_step8_highpass,,within_recording_zscore_then_node_mean,neuron,Interneuron,-1.1651718262671298,102,0.15833333333333333,202,0.1483050847457627,4,state-dependent / modulatory,state-dependent / modulatory,state-modulatory interneuron,"Literature-guided five-way anatomical/functional class; compare within-species FCV ranks, not raw FCV or strict homology.",6,state-dependent / modulatory
Drosophila,LB_L,-0.9305241880519258,-1.2831822451156012,0.9934164165423444,-0.1623322034649758,-0.2370977726138889,20,side key,w15_step5_highpass_atlas_mean_trace,,within_recording_zscore_then_node_mean,side key,,-1.2265828908803922,61,0.1044776119402985,203,0.1440677966101695,2,integrative relay,integrative relay,other fly brain,"Literature-guided five-way anatomical/functional class; compare within-species FCV ranks, not raw FCV or strict homology.",4,integrative relay
Zebrafish,rMON,-0.9538576121828324,-1.4014446503545883,0.3869149264183935,-0.5538868429862396,-0.7991835466269313,7,root_area_from_louvain_communities,baseline_highpass,36.0,within_recording_zscore_then_node_mean,root_area_from_louvain_communities,,-1.0054915315200939,41,0.1836734693877551,204,0.13983050847457626,1,sensorimotor output,sensorimotor output,hindbrain/reticular,"Literature-guided five-way anatomical/functional class; compare within-species FCV ranks, not raw FCV or strict homology.",3,sensorimotor output
C. elegans,ADEL,-0.9583976106838344,-0.064911602300625,1.018040673597253,-0.2176332887962328,0.4942254083235189,15,neuron,w20_step8_highpass,,within_recording_zscore_then_node_mean,neuron,Sensory,-1.2312630759359473,103,0.15,205,0.13559322033898305,0,sensory input,sensory input,other sensory neuron,"Literature-guided five-way anatomical/functional class; compare within-species FCV ranks, not raw FCV or strict homology.",2,other sensory
Zebrafish,MON,-0.9627681697348036,-1.7351753964823595,0.3694731403072712,-0.4251937509146928,-0.7011211389533003,7,root_area_from_louvain_communities,baseline_highpass,0.0,within_recording_zscore_then_node_mean,root_area_from_louvain_communities,,-1.0160132835830458,42,0.16326530612244897,206,0.13135593220338984,1,sensorimotor output,sensorimotor output,hindbrain/reticular,"Literature-guided five-way anatomical/functional class; compare within-species FCV ranks, not raw FCV or strict homology.",3,sensorimotor output
Zebrafish,imRF,-0.9685225816547106,0.4502385234738639,-0.79613948408391,-0.1220259670086189,0.3102170085430512,6,root_area_from_louvain_communities,baseline_highpass,13.0,within_recording_zscore_then_node_mean,root_area_from_louvain_communities,,-1.022808200190252,43,0.14285714285714285,207,0.1271186440677966,1,sensorimotor output,sensorimotor output,hindbrain/reticular,"Literature-guided five-way anatomical/functional class; compare within-species FCV ranks, not raw FCV or strict homology.",3,sensorimotor output
C. elegans,URAVR,-0.976791306592615,-0.7415949321296799,1.4611258695451457,-0.6063299102413139,1.4473652790233416,2,neuron,w20_step8_highpass,,within_recording_zscore_then_node_mean,neuron,Motorneuron,-1.2547058803581461,104,0.14166666666666666,208,0.1228813559322034,1,sensorimotor output,sensorimotor output,other motor neuron,"Literature-guided five-way anatomical/functional class; compare within-species FCV ranks, not raw FCV or strict homology.",3,sensorimotor output
Zebrafish,TS,-0.9896929803639212,-1.8510866396045784,2.0681583286181064,-0.3999533667969784,-2.396216924428879,4,root_area_from_louvain_communities,baseline_highpass,32.0,within_recording_zscore_then_node_mean,root_area_from_louvain_communities,,-1.0478066006823596,44,0.12244897959183673,209,0.11864406779661017,0,sensory input,sensory input,optic tectum / midbrain,"Literature-guided five-way anatomical/functional class; compare within-species FCV ranks, not raw FCV or strict homology.",1,visual / optic
Zebrafish,rimRF,-1.0095435921971287,1.2704261037003104,-1.5635353644084269,-0.311949762068345,0.0786296088382009,6,root_area_from_louvain_communities,baseline_highpass,49.0,within_recording_zscore_then_node_mean,root_area_from_louvain_communities,,-1.071246572287807,45,0.10204081632653061,210,0.11440677966101695,1,sensorimotor output,sensorimotor output,hindbrain/reticular,"Literature-guided five-way anatomical/functional class; compare within-species FCV ranks, not raw FCV or strict homology.",3,sensorimotor output
C. elegans,AVJL,-1.0180439962076575,-0.2467661733730889,0.2291898468137942,-0.5293537245202772,0.1977996850480728,17,neuron,w20_step8_highpass,,within_recording_zscore_then_node_mean,neuron,Interneuron,-1.3072825207098797,105,0.13333333333333333,211,0.11016949152542373,2,integrative relay,integrative relay,other interneuron,"Literature-guided five-way anatomical/functional class; compare within-species FCV ranks, not raw FCV or strict homology.",4,integrative relay
Zebrafish,raRF,-1.0317712216390986,0.8282758720214032,-0.6453702041917926,-1.5168615395029186,-0.0126012890315443,4,root_area_from_louvain_communities,baseline_highpass,48.0,within_recording_zscore_then_node_mean,root_area_from_louvain_communities,,-1.0974933704899956,46,0.08163265306122448,212,0.1059322033898305,1,sensorimotor output,sensorimotor output,hindbrain/reticular,"Literature-guided five-way anatomical/functional class; compare within-species FCV ranks, not raw FCV or strict homology.",3,sensorimotor output
C. elegans,CEPDR,-1.0329413187362904,-0.1834858555720446,-0.0097271859197868,-0.3163056572459141,0.2491747878467987,17,neuron,w20_step8_highpass,,within_recording_zscore_then_node_mean,neuron,Sensory,-1.326269189848323,106,0.125,213,0.1016949152542373,0,sensory input,sensory input,mechanosensory,"Literature-guided five-way anatomical/functional class; compare within-species FCV ranks, not raw FCV or strict homology.",2,other sensory
Zebrafish,HR,-1.03576077797611,0.6389856530148643,-0.234883513687185,-2.7506611486156585,0.4020674950492277,2,root_area_from_louvain_communities,baseline_highpass,18.0,within_recording_zscore_then_node_mean,root_area_from_louvain_communities,,-1.1022043128047025,47,0.061224489795918366,214,0.09745762711864407,4,state-dependent / modulatory,state-dependent / modulatory,hypothalamic / preoptic state,"Literature-guided five-way anatomical/functional class; compare within-species FCV ranks, not raw FCV or strict homology.",6,state-dependent / modulatory
C. elegans,URAVL,-1.038814546608589,-0.5958984517947064,0.738506854856855,-0.3536720152933084,0.335205808129258,7,neuron,w20_step8_highpass,,within_recording_zscore_then_node_mean,neuron,Motorneuron,-1.3337546312201995,107,0.11666666666666667,215,0.09322033898305085,1,sensorimotor output,sensorimotor output,other motor neuron,"Literature-guided five-way anatomical/functional class; compare within-species FCV ranks, not raw FCV or strict homology.",3,sensorimotor output
C. elegans,IL2DL,-1.0430143798119822,-0.2641170217931796,1.2194933257406817,-0.2221483832240097,-0.5712793281285181,16,neuron,w20_step8_highpass,,within_recording_zscore_then_node_mean,neuron,Sensory,-1.3391073275397034,108,0.10833333333333334,216,0.08898305084745763,0,sensory input,sensory input,mechanosensory,"Literature-guided five-way anatomical/functional class; compare within-species FCV ranks, not raw FCV or strict homology.",2,other sensory
Drosophila,EPA_L,-1.074794799671396,-0.6412792572027193,0.6144364258082898,-0.3124092969239042,0.3154918546161608,20,side key,w15_step5_highpass_atlas_mean_trace,,within_recording_zscore_then_node_mean,side key,,-1.4206430397012857,62,0.08955223880597014,217,0.0847457627118644,2,integrative relay,integrative relay,lateral/inferior protocerebrum,"Literature-guided five-way anatomical/functional class; compare within-species FCV ranks, not raw FCV or strict homology.",4,integrative relay
C. elegans,ADAR,-1.1131455752456976,0.2141654556094629,1.919578850130052,-0.6793580447065811,-1.3522503345743968,1,neuron,w20_step8_highpass,,within_recording_zscore_then_node_mean,neuron,Interneuron,-1.4284896847669293,109,0.1,218,0.08050847457627118,2,integrative relay,integrative relay,other interneuron,"Literature-guided five-way anatomical/functional class; compare within-species FCV ranks, not raw FCV or strict homology.",4,integrative relay
C. elegans,AVDL,-1.1411473796480909,-0.3613369340307018,0.2713603274793815,-0.2781965105920073,-0.6666910126268065,16,neuron,w20_step8_highpass,,within_recording_zscore_then_node_mean,neuron,Interneuron,-1.4641780438291558,110,0.09166666666666666,219,0.07627118644067797,1,sensorimotor output,sensorimotor output,locomotor command interneuron,"Literature-guided five-way anatomical/functional class; compare within-species FCV ranks, not raw FCV or strict homology.",3,sensorimotor output
Drosophila,LO_L,-1.1564613328771702,-1.60018297146009,1.4644613597135332,-0.1371285850612541,1.11783077229663,20,side key,w15_step5_highpass_atlas_mean_trace,,within_recording_zscore_then_node_mean,side key,,-1.5304936836383922,63,0.07462686567164178,220,0.07203389830508475,0,sensory input,sensory input,visual / optic,"Literature-guided five-way anatomical/functional class; compare within-species FCV ranks, not raw FCV or strict homology.",1,visual / optic
C. elegans,RMGL,-1.184630788789381,-0.6077008932256337,1.020797357844083,-0.4445390631910209,0.5383939646302275,6,neuron,w20_step8_highpass,,within_recording_zscore_then_node_mean,neuron,Interneuron,-1.5195977409452257,111,0.08333333333333333,221,0.06779661016949153,4,state-dependent / modulatory,state-dependent / modulatory,state-modulatory interneuron,"Literature-guided five-way anatomical/functional class; compare within-species FCV ranks, not raw FCV or strict homology.",6,state-dependent / modulatory
C. elegans,IL2VL,-1.204093230845751,-0.0206014527146196,0.9915123080559116,-0.2543062968388231,-0.6715415650519541,11,neuron,w20_step8_highpass,,within_recording_zscore_then_node_mean,neuron,Sensory,-1.544402664597794,112,0.075,222,0.0635593220338983,0,sensory input,sensory input,mechanosensory,"Literature-guided five-way anatomical/functional class; compare within-species FCV ranks, not raw FCV or strict homology.",2,other sensory
C. elegans,ADER,-1.2200912755419644,-0.63206413571546,1.259262468579745,-0.2955419912336096,0.4395484880776998,8,neuron,w20_step8_highpass,,within_recording_zscore_then_node_mean,neuron,Sensory,-1.5647922064718602,113,0.06666666666666667,223,0.059322033898305086,0,sensory input,sensory input,other sensory neuron,"Literature-guided five-way anatomical/functional class; compare within-species FCV ranks, not raw FCV or strict homology.",2,other sensory
C. elegans,AVJR,-1.250302221827035,0.0190005757630466,0.5551065536079356,-0.1993039978935305,-0.8065040342734919,14,neuron,w20_step8_highpass,,within_recording_zscore_then_node_mean,neuron,Interneuron,-1.6032961215459578,114,0.058333333333333334,224,0.05508474576271186,2,integrative relay,integrative relay,other interneuron,"Literature-guided five-way anatomical/functional class; compare within-species FCV ranks, not raw FCV or strict homology.",4,integrative relay
C. elegans,AIZR,-1.316377113314144,0.0960115743887343,0.8888211301101686,-0.500715658557288,-0.694485808741311,16,neuron,w20_step8_highpass,,within_recording_zscore_then_node_mean,neuron,Interneuron,-1.6875087107956726,115,0.05,225,0.05084745762711865,3,associative / learning,associative / learning,associative interneuron,"Literature-guided five-way anatomical/functional class; compare within-species FCV ranks, not raw FCV or strict homology.",5,associative / learning
Drosophila,ME_L,-1.3709621098174984,-1.678825399224009,1.7140250360039886,-0.2287734079663094,0.8211860276473902,19,side key,w15_step5_highpass_atlas_mean_trace,,within_recording_zscore_then_node_mean,side key,,-1.8190212793002916,64,0.05970149253731343,226,0.046610169491525424,0,sensory input,sensory input,visual / optic,"Literature-guided five-way anatomical/functional class; compare within-species FCV ranks, not raw FCV or strict homology.",1,visual / optic
C. elegans,AVDR,-1.3809838429296766,-0.5815045202331895,0.1597309938906917,-0.3943269917699638,-0.7897359033844,12,neuron,w20_step8_highpass,,within_recording_zscore_then_node_mean,neuron,Interneuron,-1.769850124628213,116,0.041666666666666664,227,0.0423728813559322,1,sensorimotor output,sensorimotor output,locomotor command interneuron,"Literature-guided five-way anatomical/functional class; compare within-species FCV ranks, not raw FCV or strict homology.",3,sensorimotor output
C. elegans,FLPR,-1.3991211090469498,-0.1591616473617133,0.7358401758548199,-0.2079571950698238,-0.3185760681398512,9,neuron,w20_step8_highpass,,within_recording_zscore_then_node_mean,neuron,Sensory,-1.7929661087376183,117,0.03333333333333333,228,0.038135593220338986,0,sensory input,sensory input,mechanosensory,"Literature-guided five-way anatomical/functional class; compare within-species FCV ranks, not raw FCV or strict homology.",2,other sensory
Drosophila,AME_L,-1.4109663844433546,-1.5388945295188932,1.6208583922589674,-0.0397133158573596,1.0646141934433455,19,side key,w15_step5_highpass_atlas_mean_trace,,within_recording_zscore_then_node_mean,side key,,-1.8728315141098724,65,0.04477611940298507,229,0.03389830508474576,0,sensory input,sensory input,visual / optic,"Literature-guided five-way anatomical/functional class; compare within-species FCV ranks, not raw FCV or strict homology.",1,visual / optic
Zebrafish,Hi,-1.4657456941248717,-0.2765496651982646,0.4833764653702423,-1.7030135304445275,-0.7871687615125538,3,root_area_from_louvain_communities,baseline_highpass,17.0,within_recording_zscore_then_node_mean,root_area_from_louvain_communities,,-1.6099384980269935,48,0.04081632653061224,230,0.029661016949152543,4,state-dependent / modulatory,state-dependent / modulatory,hypothalamic / preoptic state,"Literature-guided five-way anatomical/functional class; compare within-species FCV ranks, not raw FCV or strict homology.",6,state-dependent / modulatory
Drosophila,AME_R,-1.5387201504886567,-1.6949743542496545,1.766332819358772,-0.0714263521194318,1.5736817711988051,20,side key,w15_step5_highpass_atlas_mean_trace,,within_recording_zscore_then_node_mean,side key,,-2.0446746536993294,66,0.029850746268656716,231,0.025423728813559324,0,sensory input,sensory input,visual / optic,"Literature-guided five-way anatomical/functional class; compare within-species FCV ranks, not raw FCV or strict homology.",1,visual / optic
C. elegans,AVHL,-1.539286605141349,-0.3431220801722641,0.5333465312090074,-0.0517953098701005,-0.032822104209333,6,neuron,w20_step8_highpass,,within_recording_zscore_then_node_mean,neuron,Interneuron,-1.9716073305984674,118,0.025,232,0.0211864406779661,2,integrative relay,integrative relay,other interneuron,"Literature-guided five-way anatomical/functional class; compare within-species FCV ranks, not raw FCV or strict homology.",4,integrative relay
C. elegans,URADR,-1.6302583024171546,-0.1216645429157455,1.2969315864834443,-0.0549249132936479,-0.4589734398099614,4,neuron,w20_step8_highpass,,within_recording_zscore_then_node_mean,neuron,Motorneuron,-2.087550951596036,119,0.016666666666666666,233,0.01694915254237288,1,sensorimotor output,sensorimotor output,other motor neuron,"Literature-guided five-way anatomical/functional class; compare within-species FCV ranks, not raw FCV or strict homology.",3,sensorimotor output
C. elegans,URADL,-1.7373366046987515,-0.0301314848490947,0.8443340942486321,-0.6253054244490925,0.7613634381938461,8,neuron,w20_step8_highpass,,within_recording_zscore_then_node_mean,neuron,Motorneuron,-2.2240224748123274,120,0.008333333333333333,234,0.012711864406779662,1,sensorimotor output,sensorimotor output,other motor neuron,"Literature-guided five-way anatomical/functional class; compare within-species FCV ranks, not raw FCV or strict homology.",3,sensorimotor output
Drosophila,LOP_R,-1.9485778766972013,-2.140404097900381,2.2822703417965418,0.1614649931124808,-2.078932448242477,9,side key,w15_step5_highpass_atlas_mean_trace,,within_recording_zscore_then_node_mean,side key,,-2.595979250322314,67,0.014925373134328358,235,0.00847457627118644,2,integrative relay,integrative relay,other fly brain,"Literature-guided five-way anatomical/functional class; compare within-species FCV ranks, not raw FCV or strict homology.",4,integrative relay
Zebrafish,rTS,-2.2703376196209306,-1.930790588899463,1.937005503194012,-2.085483449710981,-0.6530308524828703,1,root_area_from_louvain_communities,baseline_highpass,68.0,within_recording_zscore_then_node_mean,root_area_from_louvain_communities,,-2.5600156062826716,49,0.02040816326530612,236,0.00423728813559322,0,sensory input,sensory input,optic tectum / midbrain,"Literature-guided five-way anatomical/functional class; compare within-species FCV ranks, not raw FCV or strict homology.",1,visual / optic
