Subject,RegionID,Region,NRegionNeurons,NLocalEdges,NIter,Delta,MeanCellDCA,Rank1PostDCA,Rank1PreDCA,InterOutEdges,InterInEdges,NEdges,NNeurons,MaxIter,Tol,RawFile,RawFC,RawFCV,ZFC,ZFCV,LegacyPostDCA,LegacyPreDCA
12,0,MON,863,11366,31,9.5703709715562e-10,0.0021644681186677507,-0.008149873681999995,-0.003705256987055826,222656,81435,10244937,47010,300,1e-09,/remotenas2/remotedata/share/zebrafish/figure_code/two_column_figure/fcv_postdca_raw_recompute/data/zebrafish/sc/original_raw_data/subject_12_data_cellular_synapse_sc_100_data.pkl,0.1073350114754424,0.2892205944914553,-0.9404005054162892,-0.4412912299398621,-0.0671279105898621,-0.0764389809752232
12,1,Cb,1625,8051,14,9.622555928915545e-10,-0.0007995932724894212,-0.014691173187050734,0.0018912372191444676,192301,103134,10244937,47010,300,1e-09,/remotenas2/remotedata/share/zebrafish/figure_code/two_column_figure/fcv_postdca_raw_recompute/data/zebrafish/sc/original_raw_data/subject_12_data_cellular_synapse_sc_100_data.pkl,0.2352936678035034,0.2822940976249596,0.4647144696522329,-0.6326311484943061,-0.0305807769477171,-0.1062998680086874
12,2,MOS1,1419,59459,14,4.5919106914589807e-10,0.0037890823714881363,-0.012895074917252225,0.006038091583453652,418047,598237,10244937,47010,300,1e-09,/remotenas2/remotedata/share/zebrafish/figure_code/two_column_figure/fcv_postdca_raw_recompute/data/zebrafish/sc/original_raw_data/subject_12_data_cellular_synapse_sc_100_data.pkl,0.3019684473164987,0.2896688268964638,1.1968707288810705,-0.4289091046720896,0.0609816420684947,-0.0819059966686164
12,3,MOS2,558,2232,28,6.558744989030633e-10,-0.0024315519183001864,-0.013764358858083298,0.008997195045060417,157234,220431,10244937,47010,300,1e-09,/remotenas2/remotedata/share/zebrafish/figure_code/two_column_figure/fcv_postdca_raw_recompute/data/zebrafish/sc/original_raw_data/subject_12_data_cellular_synapse_sc_100_data.pkl,0.3337047281285404,0.2490801110303645,1.5453670690399703,-1.5501456745773228,0.0928836124225779,-0.0924355324702254
12,4,MOS3,1297,13742,13,4.601164214651719e-10,0.0025178057936210093,-0.016639350634425724,0.0011620437751158061,760662,123691,10244937,47010,300,1e-09,/remotenas2/remotedata/share/zebrafish/figure_code/two_column_figure/fcv_postdca_raw_recompute/data/zebrafish/sc/original_raw_data/subject_12_data_cellular_synapse_sc_100_data.pkl,0.298448835124741,0.2975308752543776,1.1582218407246236,-0.2117251917260024,0.0037454569140922,-0.1123496821365833
12,5,MOS4,882,4185,11,1.945520333487912e-10,-0.0032616918266269532,-0.008577713094502117,0.00012033963620367901,257556,66127,10244937,47010,300,1e-09,/remotenas2/remotedata/share/zebrafish/figure_code/two_column_figure/fcv_postdca_raw_recompute/data/zebrafish/sc/original_raw_data/subject_12_data_cellular_synapse_sc_100_data.pkl,0.3235077351003373,0.2601274769661418,1.4333938113037883,-1.2449694593656324,-0.0194748938332133,-0.0527855204425864
12,6,MOS5,1182,13256,25,5.378849784377069e-10,-0.0035710324184399203,-0.008917256231427731,0.0016914416682765785,276479,123329,10244937,47010,300,1e-09,/remotenas2/remotedata/share/zebrafish/figure_code/two_column_figure/fcv_postdca_raw_recompute/data/zebrafish/sc/original_raw_data/subject_12_data_cellular_synapse_sc_100_data.pkl,0.2560141927877587,0.2871905680561879,0.6922467115664815,-0.497369374530715,-0.0114430742889335,-0.0615307129409128
12,7,IPN,24,14,26,7.754864600134575e-10,-1.0960251225119086e-11,-0.018647683443256447,-0.0008096555345380987,1339,6415,10244937,47010,300,1e-09,/remotenas2/remotedata/share/zebrafish/figure_code/two_column_figure/fcv_postdca_raw_recompute/data/zebrafish/sc/original_raw_data/subject_12_data_cellular_synapse_sc_100_data.pkl,,,,,0.014225938225117,-0.0556333968707929
12,8,IO,1,0,0,,,,,0,0,10244937,47010,300,1e-09,/remotenas2/remotedata/share/zebrafish/figure_code/two_column_figure/fcv_postdca_raw_recompute/data/zebrafish/sc/original_raw_data/subject_12_data_cellular_synapse_sc_100_data.pkl,,,,,0.0,0.0
12,9,Hc,0,0,0,,,,,0,0,10244937,47010,300,1e-09,/remotenas2/remotedata/share/zebrafish/figure_code/two_column_figure/fcv_postdca_raw_recompute/data/zebrafish/sc/original_raw_data/subject_12_data_cellular_synapse_sc_100_data.pkl,,,,,0.0,0.0
12,10,Ra,254,702,15,7.510102913270485e-10,0.003792602546548496,-0.01733401789687156,0.009806026411695642,45217,150248,10244937,47010,300,1e-09,/remotenas2/remotedata/share/zebrafish/figure_code/two_column_figure/fcv_postdca_raw_recompute/data/zebrafish/sc/original_raw_data/subject_12_data_cellular_synapse_sc_100_data.pkl,0.2061267534992593,0.3311439463559443,0.1444323625913271,0.7168137812790445,0.1083140463648295,-0.093398684760369
12,11,T,1266,7283,22,7.461223314406575e-10,0.0026454897119690575,-0.01956731955566189,-0.00259095325232959,908139,335438,10244937,47010,300,1e-09,/remotenas2/remotedata/share/zebrafish/figure_code/two_column_figure/fcv_postdca_raw_recompute/data/zebrafish/sc/original_raw_data/subject_12_data_cellular_synapse_sc_100_data.pkl,0.3309299740674679,0.3014512024114892,1.514897473662622,-0.103428733443184,-0.0205487548513209,-0.1558596738352327
12,12,aRF,264,607,27,8.037389212287853e-10,-0.00040425973115990223,-0.011536769674222958,,189264,79622,10244937,47010,300,1e-09,/remotenas2/remotedata/share/zebrafish/figure_code/two_column_figure/fcv_postdca_raw_recompute/data/zebrafish/sc/original_raw_data/subject_12_data_cellular_synapse_sc_100_data.pkl,0.301515941053044,0.2771359354302856,1.1919017541720651,-0.7751219852394454,-0.0267930886474619,-0.0816795112204864
12,13,imRF,382,1789,35,8.649364029037686e-10,0.002848362458942822,-0.025345514824120414,0.004720388678853703,146331,153242,10244937,47010,300,1e-09,/remotenas2/remotedata/share/zebrafish/figure_code/two_column_figure/fcv_postdca_raw_recompute/data/zebrafish/sc/original_raw_data/subject_12_data_cellular_synapse_sc_100_data.pkl,0.3278270568148391,0.2529074428867948,1.480824315791308,-1.4444181502883098,0.0485831990152887,-0.1970812571594407
12,14,pRF,485,3884,18,2.822562551039663e-10,-0.0032337418925997233,-0.018807737050673026,0.010365770772624674,150068,512232,10244937,47010,300,1e-09,/remotenas2/remotedata/share/zebrafish/figure_code/two_column_figure/fcv_postdca_raw_recompute/data/zebrafish/sc/original_raw_data/subject_12_data_cellular_synapse_sc_100_data.pkl,0.3214431076913649,0.2515635991030255,1.4107221220759305,-1.4815409506147024,0.1087958706762507,-0.1340500392358333
12,15,GG,0,0,0,,,,,0,0,10244937,47010,300,1e-09,/remotenas2/remotedata/share/zebrafish/figure_code/two_column_figure/fcv_postdca_raw_recompute/data/zebrafish/sc/original_raw_data/subject_12_data_cellular_synapse_sc_100_data.pkl,,,,,0.0,0.0
12,16,Hb,309,633,176,9.812583939781538e-10,0.0007755113494196626,0.01865152713942518,0.0057461675495969426,14844,13,10244937,47010,300,1e-09,/remotenas2/remotedata/share/zebrafish/figure_code/two_column_figure/fcv_postdca_raw_recompute/data/zebrafish/sc/original_raw_data/subject_12_data_cellular_synapse_sc_100_data.pkl,0.0595253031829721,0.3403677271833676,-1.465399274574791,0.9716146577249956,0.0545439685060972,0.1826128575152981
12,17,Hi,35,23,41,8.905731402633625e-10,-0.01758235518159365,-0.020548032283871052,-0.007802543137005542,5466,46,10244937,47010,300,1e-09,/remotenas2/remotedata/share/zebrafish/figure_code/two_column_figure/fcv_postdca_raw_recompute/data/zebrafish/sc/original_raw_data/subject_12_data_cellular_synapse_sc_100_data.pkl,,,,,-0.067920497364222,-0.179441987713516
12,18,HR,0,0,0,,,,,0,0,10244937,47010,300,1e-09,/remotenas2/remotedata/share/zebrafish/figure_code/two_column_figure/fcv_postdca_raw_recompute/data/zebrafish/sc/original_raw_data/subject_12_data_cellular_synapse_sc_100_data.pkl,,,,,0.0,0.0
12,19,OG,4,0,0,,,,,0,0,10244937,47010,300,1e-09,/remotenas2/remotedata/share/zebrafish/figure_code/two_column_figure/fcv_postdca_raw_recompute/data/zebrafish/sc/original_raw_data/subject_12_data_cellular_synapse_sc_100_data.pkl,,,,,0.0,0.0
12,20,OB,223,314,162,9.188262411930569e-10,0.0017304785316985415,-0.011268234181219043,0.012469640060325991,45,41,10244937,47010,300,1e-09,/remotenas2/remotedata/share/zebrafish/figure_code/two_column_figure/fcv_postdca_raw_recompute/data/zebrafish/sc/original_raw_data/subject_12_data_cellular_synapse_sc_100_data.pkl,0.0691968197872317,0.3637048067810071,-1.3591962774330586,1.616286126661946,0.0196483880408638,-0.0266595456149391
12,21,OE,24,9,24,4.3341627413648056e-10,1.0442558854665643e-11,-0.006910244805065139,0.012698853898604274,4,5,10244937,47010,300,1e-09,/remotenas2/remotedata/share/zebrafish/figure_code/two_column_figure/fcv_postdca_raw_recompute/data/zebrafish/sc/original_raw_data/subject_12_data_cellular_synapse_sc_100_data.pkl,,,,,0.0262831348814347,-0.0462496434005594
12,22,P,933,1793,41,5.958024915001174e-10,0.0024789967303135182,0.002120900705126712,-0.035370836434989714,16362,7083,10244937,47010,300,1e-09,/remotenas2/remotedata/share/zebrafish/figure_code/two_column_figure/fcv_postdca_raw_recompute/data/zebrafish/sc/original_raw_data/subject_12_data_cellular_synapse_sc_100_data.pkl,0.0923951655417117,0.3476115297974783,-1.1044550668590232,1.1717199387816866,-0.2425390748790982,0.0392542856669561
12,23,Pi,0,0,0,,,,,0,0,10244937,47010,300,1e-09,/remotenas2/remotedata/share/zebrafish/figure_code/two_column_figure/fcv_postdca_raw_recompute/data/zebrafish/sc/original_raw_data/subject_12_data_cellular_synapse_sc_100_data.pkl,,,,,0.0,0.0
12,24,PT,379,1102,28,7.678173971442918e-10,0.003476551654390824,-0.0010064012229707051,-0.0031719792627830953,63562,155160,10244937,47010,300,1e-09,/remotenas2/remotedata/share/zebrafish/figure_code/two_column_figure/fcv_postdca_raw_recompute/data/zebrafish/sc/original_raw_data/subject_12_data_cellular_synapse_sc_100_data.pkl,0.2338277224178061,0.3090110676837669,0.4486169122599852,0.1054075705876616,-0.0152096493216479,0.0058998611512755
12,25,PO,425,941,26,4.691486595091745e-10,-0.0004449099700524005,0.011182847679909805,0.00970530719688792,104706,69431,10244937,47010,300,1e-09,/remotenas2/remotedata/share/zebrafish/figure_code/two_column_figure/fcv_postdca_raw_recompute/data/zebrafish/sc/original_raw_data/subject_12_data_cellular_synapse_sc_100_data.pkl,0.1885796146384025,0.357866585504328,-0.0482529022475293,1.4550091052305063,0.1058443333558007,0.0930915913471946
12,26,PrT,407,1065,25,7.923483058497333e-10,-0.007382658044486946,-0.02071333388037386,-0.0011977726742538157,97087,188068,10244937,47010,300,1e-09,/remotenas2/remotedata/share/zebrafish/figure_code/two_column_figure/fcv_postdca_raw_recompute/data/zebrafish/sc/original_raw_data/subject_12_data_cellular_synapse_sc_100_data.pkl,0.3228428436168879,0.2916163855853321,1.4260926328841346,-0.3751090773147397,-0.0177688457715857,-0.1625664972406414
12,27,R,0,0,0,,,,,0,0,10244937,47010,300,1e-09,/remotenas2/remotedata/share/zebrafish/figure_code/two_column_figure/fcv_postdca_raw_recompute/data/zebrafish/sc/original_raw_data/subject_12_data_cellular_synapse_sc_100_data.pkl,,,,,0.0,0.0
12,28,SP,679,1845,109,9.091079176714054e-10,0.0003844128521468857,0.007426664188197531,-0.026961627868087427,26325,3013,10244937,47010,300,1e-09,/remotenas2/remotedata/share/zebrafish/figure_code/two_column_figure/fcv_postdca_raw_recompute/data/zebrafish/sc/original_raw_data/subject_12_data_cellular_synapse_sc_100_data.pkl,0.1630400525356231,0.3538191187001624,-0.3287030272887233,1.343200497851079,-0.1682805048374559,0.0624231527760986
12,29,TeO,6182,33918,49,7.404853146770325e-10,-0.0005802482276666569,-0.013711083217808895,-0.002129371761612387,626551,982862,10244937,47010,300,1e-09,/remotenas2/remotedata/share/zebrafish/figure_code/two_column_figure/fcv_postdca_raw_recompute/data/zebrafish/sc/original_raw_data/subject_12_data_cellular_synapse_sc_100_data.pkl,0.1268240946506995,0.3265634879203439,-0.726390735341013,0.5902816307702928,-0.0264793568334377,-0.1071176495409773
12,30,Th,1186,3808,57,8.023149906113348e-10,0.0004142376650319533,-0.010894816706522361,0.0018405110541925515,108197,340313,10244937,47010,300,1e-09,/remotenas2/remotedata/share/zebrafish/figure_code/two_column_figure/fcv_postdca_raw_recompute/data/zebrafish/sc/original_raw_data/subject_12_data_cellular_synapse_sc_100_data.pkl,0.226360970609274,0.326058447027682,0.3666244540523128,0.5763302084090121,0.0163790687681377,-0.0696301750985239
12,31,TL,101,89,300,3.639243466780572e-06,0.005456660402712774,-0.05896306949696214,-0.005317013662589666,5731,807,10244937,47010,300,1e-09,/remotenas2/remotedata/share/zebrafish/figure_code/two_column_figure/fcv_postdca_raw_recompute/data/zebrafish/sc/original_raw_data/subject_12_data_cellular_synapse_sc_100_data.pkl,0.0976322670488116,0.2584425341982898,-1.0469464155121877,-1.2915148946966135,-0.0335057243707591,-0.4351407741538675
12,32,TS,404,1205,36,7.489036110773688e-10,-0.0008027794498715395,-0.006288784505263348,-0.008874993542266072,34710,56763,10244937,47010,300,1e-09,/remotenas2/remotedata/share/zebrafish/figure_code/two_column_figure/fcv_postdca_raw_recompute/data/zebrafish/sc/original_raw_data/subject_12_data_cellular_synapse_sc_100_data.pkl,0.0957696692199234,0.3313778214328953,-1.067399616389751,0.7232744263985388,-0.0819896508225293,-0.0660904978160784
12,33,TG,6,2,2,0.0,-0.06903559372884915,1.1248284507888155e-57,0.00123210351350916,3,3,10244937,47010,300,1e-09,/remotenas2/remotedata/share/zebrafish/figure_code/two_column_figure/fcv_postdca_raw_recompute/data/zebrafish/sc/original_raw_data/subject_12_data_cellular_synapse_sc_100_data.pkl,,,,,0.0022469700184651,1.3283241916539696e-06
12,34,VR,92,131,84,9.442792065111695e-10,-0.0015363554601141743,-0.012717422020622517,-0.0008823461571406051,341,6,10244937,47010,300,1e-09,/remotenas2/remotedata/share/zebrafish/figure_code/two_column_figure/fcv_postdca_raw_recompute/data/zebrafish/sc/original_raw_data/subject_12_data_cellular_synapse_sc_100_data.pkl,,,,,-0.0052718312467853,-0.0647268038433217
12,35,NX,381,2285,30,6.073128074077615e-10,0.00010127616490811468,-0.007913485268878776,0.00546363208058685,63099,66025,10244937,47010,300,1e-09,/remotenas2/remotedata/share/zebrafish/figure_code/two_column_figure/fcv_postdca_raw_recompute/data/zebrafish/sc/original_raw_data/subject_12_data_cellular_synapse_sc_100_data.pkl,0.3014227840364185,0.2422767502693731,1.1908787962663672,-1.7380840392362835,0.0464769660515795,-0.0464715157932836
12,36,rMON,1120,18981,17,3.3817835743850237e-10,-0.005896385670997741,-0.015156229147522814,0.0004101664268373526,229418,148250,10244937,47010,300,1e-09,/remotenas2/remotedata/share/zebrafish/figure_code/two_column_figure/fcv_postdca_raw_recompute/data/zebrafish/sc/original_raw_data/subject_12_data_cellular_synapse_sc_100_data.pkl,0.1178326315131141,0.3084115015060463,-0.8251260602103714,0.0888449494208253,0.0040435497452286,-0.0881547341776423
12,37,rCb,1685,8599,19,3.3537419377726795e-10,-0.0013767891371121851,-0.020959075839097403,0.0006335989592044178,124236,134814,10244937,47010,300,1e-09,/remotenas2/remotedata/share/zebrafish/figure_code/two_column_figure/fcv_postdca_raw_recompute/data/zebrafish/sc/original_raw_data/subject_12_data_cellular_synapse_sc_100_data.pkl,0.2680007601592217,0.2863504854461771,0.8238712987310226,-0.520576103888525,0.0001070459768962,-0.1444183902513726
12,38,rMOS1,1483,69892,14,9.233314613472387e-10,0.004892369990173256,-0.015580735740267335,0.007104684103571005,451979,672215,10244937,47010,300,1e-09,/remotenas2/remotedata/share/zebrafish/figure_code/two_column_figure/fcv_postdca_raw_recompute/data/zebrafish/sc/original_raw_data/subject_12_data_cellular_synapse_sc_100_data.pkl,0.3149465103957727,0.2734615570267492,1.339382937928649,-0.8766242710300659,0.072632880681607,-0.0846293407653579
12,39,rMOS2,554,2341,17,4.3445649469926646e-10,0.0015820266832650375,-0.002717421403598234,0.010836652736699162,62169,299125,10244937,47010,300,1e-09,/remotenas2/remotedata/share/zebrafish/figure_code/two_column_figure/fcv_postdca_raw_recompute/data/zebrafish/sc/original_raw_data/subject_12_data_cellular_synapse_sc_100_data.pkl,0.3337310625224005,0.244318409282305,1.545656247218563,-1.6816845523412598,0.127686630692602,-0.0120994534487278
12,40,rMOS3,1496,21243,40,8.630869722912719e-10,0.00929475083592076,-0.015798816011523272,-0.006458256226818298,850383,252353,10244937,47010,300,1e-09,/remotenas2/remotedata/share/zebrafish/figure_code/two_column_figure/fcv_postdca_raw_recompute/data/zebrafish/sc/original_raw_data/subject_12_data_cellular_synapse_sc_100_data.pkl,0.2688575028746937,0.2943386976752378,0.8332791969837539,-0.2999069970132309,-0.045061935829775,-0.1228232535275151
12,41,rMOS4,1113,4225,47,7.731443855997734e-10,0.001033879912415807,-0.007264828762225335,0.0019011104413411007,319153,89504,10244937,47010,300,1e-09,/remotenas2/remotedata/share/zebrafish/figure_code/two_column_figure/fcv_postdca_raw_recompute/data/zebrafish/sc/original_raw_data/subject_12_data_cellular_synapse_sc_100_data.pkl,0.3280292307965642,0.2562015165576757,1.4830443898171155,-1.3534215325106451,0.0492066323482901,-0.0433078779726875
12,42,rMOS5,1530,21437,13,6.417482021467699e-10,0.0034168040347464426,-0.00716079589624476,-0.0035011333147442793,402814,94585,10244937,47010,300,1e-09,/remotenas2/remotedata/share/zebrafish/figure_code/two_column_figure/fcv_postdca_raw_recompute/data/zebrafish/sc/original_raw_data/subject_12_data_cellular_synapse_sc_100_data.pkl,0.2431517090944552,0.2968027122871676,0.5510036806323404,-0.2318402145904848,-0.0295513846849093,-0.0450923533231567
12,43,rIPN,30,38,113,8.616463272001815e-10,0.0024849981470908286,-0.023538030440227634,0.0011142509454170277,3607,9571,10244937,47010,300,1e-09,/remotenas2/remotedata/share/zebrafish/figure_code/two_column_figure/fcv_postdca_raw_recompute/data/zebrafish/sc/original_raw_data/subject_12_data_cellular_synapse_sc_100_data.pkl,,,,,0.0150396001939413,-0.0597573884804922
12,44,rIO,4,0,0,,,0.020934100339506854,,15,0,10244937,47010,300,1e-09,/remotenas2/remotedata/share/zebrafish/figure_code/two_column_figure/fcv_postdca_raw_recompute/data/zebrafish/sc/original_raw_data/subject_12_data_cellular_synapse_sc_100_data.pkl,,,,,0.0,0.044968247095049
12,45,rHc,0,0,0,,,,,0,0,10244937,47010,300,1e-09,/remotenas2/remotedata/share/zebrafish/figure_code/two_column_figure/fcv_postdca_raw_recompute/data/zebrafish/sc/original_raw_data/subject_12_data_cellular_synapse_sc_100_data.pkl,,,,,0.0,0.0
12,46,rRa,201,404,18,4.243441756695073e-10,-0.0025154009258826133,-0.03132734563020053,0.005887051287661026,33118,102444,10244937,47010,300,1e-09,/remotenas2/remotedata/share/zebrafish/figure_code/two_column_figure/fcv_postdca_raw_recompute/data/zebrafish/sc/original_raw_data/subject_12_data_cellular_synapse_sc_100_data.pkl,0.1839267881188569,0.3386043662055977,-0.0993456255272107,0.9229029709413584,0.0776124096901359,-0.1878420301489516
12,47,rT,1437,12101,67,8.188399378479995e-10,0.0016536662992407518,-0.023881251738203206,-0.0018451255021339752,775216,414130,10244937,47010,300,1e-09,/remotenas2/remotedata/share/zebrafish/figure_code/two_column_figure/fcv_postdca_raw_recompute/data/zebrafish/sc/original_raw_data/subject_12_data_cellular_synapse_sc_100_data.pkl,0.2947018264777313,0.2928356367933264,1.1170759103693828,-0.3414280649167561,0.0027404993149896,-0.1928241770183516
12,48,raRF,208,310,27,5.683006803181023e-10,-0.0030598920125927986,-0.02303195810802624,-0.00446522655070746,75164,50987,10244937,47010,300,1e-09,/remotenas2/remotedata/share/zebrafish/figure_code/two_column_figure/fcv_postdca_raw_recompute/data/zebrafish/sc/original_raw_data/subject_12_data_cellular_synapse_sc_100_data.pkl,0.283165729264697,0.2576739335921441,0.9903979394291236,-1.3127469807302004,-0.0149293970160801,-0.1540571519978058
12,49,rimRF,436,3450,18,7.48205999066674e-10,0.010572268716921102,-0.02698174175221089,0.005585078479098971,168673,235388,10244937,47010,300,1e-09,/remotenas2/remotedata/share/zebrafish/figure_code/two_column_figure/fcv_postdca_raw_recompute/data/zebrafish/sc/original_raw_data/subject_12_data_cellular_synapse_sc_100_data.pkl,0.3435733521302829,0.2346827969426907,1.6537345040075415,-1.9478620033413612,0.0595598209979385,-0.2438764631943287
12,50,rpRF,535,6145,39,9.509904619965748e-10,-0.007443402820594003,-0.011002932108895084,0.01016222219560366,135430,615448,10244937,47010,300,1e-09,/remotenas2/remotedata/share/zebrafish/figure_code/two_column_figure/fcv_postdca_raw_recompute/data/zebrafish/sc/original_raw_data/subject_12_data_cellular_synapse_sc_100_data.pkl,0.3257435249535405,0.2401123616033827,1.4579450366291602,-1.797873852045407,0.1093376867128408,-0.0888740029971963
12,51,rGG,0,0,0,,,,,0,0,10244937,47010,300,1e-09,/remotenas2/remotedata/share/zebrafish/figure_code/two_column_figure/fcv_postdca_raw_recompute/data/zebrafish/sc/original_raw_data/subject_12_data_cellular_synapse_sc_100_data.pkl,,,,,0.0,0.0
12,52,rHb,260,302,300,1.4989007102925101e-06,0.00043084944003063353,0.007996637860694957,-0.0001799350782608047,8261,16,10244937,47010,300,1e-09,/remotenas2/remotedata/share/zebrafish/figure_code/two_column_figure/fcv_postdca_raw_recompute/data/zebrafish/sc/original_raw_data/subject_12_data_cellular_synapse_sc_100_data.pkl,0.1247361598870942,0.3402906643374747,-0.7493183628067637,0.969485847311746,-0.0049951235097649,0.0528786711905278
12,53,rHi,27,23,69,7.898372888681579e-10,-0.028411687788679772,-0.024329913433303017,-0.007665059150400582,1366,28,10244937,47010,300,1e-09,/remotenas2/remotedata/share/zebrafish/figure_code/two_column_figure/fcv_postdca_raw_recompute/data/zebrafish/sc/original_raw_data/subject_12_data_cellular_synapse_sc_100_data.pkl,,,,,-0.0632070487260788,-0.1963896694629206
12,54,rHR,0,0,0,,,,,0,0,10244937,47010,300,1e-09,/remotenas2/remotedata/share/zebrafish/figure_code/two_column_figure/fcv_postdca_raw_recompute/data/zebrafish/sc/original_raw_data/subject_12_data_cellular_synapse_sc_100_data.pkl,,,,,0.0,0.0
12,55,rOG,0,0,0,,,,,0,0,10244937,47010,300,1e-09,/remotenas2/remotedata/share/zebrafish/figure_code/two_column_figure/fcv_postdca_raw_recompute/data/zebrafish/sc/original_raw_data/subject_12_data_cellular_synapse_sc_100_data.pkl,,,,,0.0,0.0
12,56,rOB,168,156,120,9.73000960815419e-10,-0.004005202364364387,0.018848266174722888,-0.00814117041228889,17,1089,10244937,47010,300,1e-09,/remotenas2/remotedata/share/zebrafish/figure_code/two_column_figure/fcv_postdca_raw_recompute/data/zebrafish/sc/original_raw_data/subject_12_data_cellular_synapse_sc_100_data.pkl,0.0956961086350223,0.3519365664085672,-1.068207385730142,1.2911962294465578,-0.0541207550638862,-0.0019272321872371
12,57,rOE,35,14,141,9.835105443774344e-10,0.02091573737656132,0.0015638991193397166,0.009506409993522555,4,3,10244937,47010,300,1e-09,/remotenas2/remotedata/share/zebrafish/figure_code/two_column_figure/fcv_postdca_raw_recompute/data/zebrafish/sc/original_raw_data/subject_12_data_cellular_synapse_sc_100_data.pkl,,,,,-0.0030746560019591,0.0458447645615219
12,58,rP,976,1720,264,9.486968884317055e-10,-0.0005440998908797785,0.012469178368730648,-0.010060487317035854,46317,8428,10244937,47010,300,1e-09,/remotenas2/remotedata/share/zebrafish/figure_code/two_column_figure/fcv_postdca_raw_recompute/data/zebrafish/sc/original_raw_data/subject_12_data_cellular_synapse_sc_100_data.pkl,0.1131672666752177,0.3584228326255838,-0.8763564668589039,1.4703750659648671,-0.0612126893013677,0.0951636812393513
12,59,rPi,0,0,0,,,,,0,0,10244937,47010,300,1e-09,/remotenas2/remotedata/share/zebrafish/figure_code/two_column_figure/fcv_postdca_raw_recompute/data/zebrafish/sc/original_raw_data/subject_12_data_cellular_synapse_sc_100_data.pkl,,,,,0.0,0.0
12,60,rPT,407,1014,45,7.821752388032937e-10,-0.0018367867807223626,-0.005343370355215385,-0.00309009476088575,72320,100424,10244937,47010,300,1e-09,/remotenas2/remotedata/share/zebrafish/figure_code/two_column_figure/fcv_postdca_raw_recompute/data/zebrafish/sc/original_raw_data/subject_12_data_cellular_synapse_sc_100_data.pkl,0.2419021227915935,0.3187884204509861,0.5372819639687181,0.375500507640313,-0.0123587941742023,0.0085239543455211
12,61,rPO,382,819,300,3.0813680978237718e-06,-0.00010107388913665562,0.008399059549928742,0.0065971321651170246,123889,84479,10244937,47010,300,1e-09,/remotenas2/remotedata/share/zebrafish/figure_code/two_column_figure/fcv_postdca_raw_recompute/data/zebrafish/sc/original_raw_data/subject_12_data_cellular_synapse_sc_100_data.pkl,0.1916073801306876,0.3515751301778547,-0.0150049864262019,1.281211791384992,0.0797035316515306,0.08212073476914
12,62,rPrT,577,1927,13,4.529670248348549e-10,-0.005682907298300051,-0.02102933003889058,-0.0016900788683603676,178909,245045,10244937,47010,300,1e-09,/remotenas2/remotedata/share/zebrafish/figure_code/two_column_figure/fcv_postdca_raw_recompute/data/zebrafish/sc/original_raw_data/subject_12_data_cellular_synapse_sc_100_data.pkl,0.3328714487233795,0.2937101922081434,1.5362168215756178,-0.3172690470080243,-0.0053496626192401,-0.1550518642639026
12,63,rR,0,0,0,,,,,0,0,10244937,47010,300,1e-09,/remotenas2/remotedata/share/zebrafish/figure_code/two_column_figure/fcv_postdca_raw_recompute/data/zebrafish/sc/original_raw_data/subject_12_data_cellular_synapse_sc_100_data.pkl,,,,,0.0,0.0
12,64,rSP,658,1922,56,8.060252098930774e-10,-0.0009880520354794697,0.004263200258775265,-0.005540422983974367,8253,585,10244937,47010,300,1e-09,/remotenas2/remotedata/share/zebrafish/figure_code/two_column_figure/fcv_postdca_raw_recompute/data/zebrafish/sc/original_raw_data/subject_12_data_cellular_synapse_sc_100_data.pkl,0.1706114530759656,0.3616561060384418,-0.2455614205638012,1.559692116619002,-0.0268031706889426,-0.0083216199400533
12,65,rTeO,7358,52215,45,6.853311321532853e-10,-0.00023965040317429074,-0.022164837301257664,-0.0036723258459201618,625997,1468159,10244937,47010,300,1e-09,/remotenas2/remotedata/share/zebrafish/figure_code/two_column_figure/fcv_postdca_raw_recompute/data/zebrafish/sc/original_raw_data/subject_12_data_cellular_synapse_sc_100_data.pkl,0.1367678264634888,0.3268988809264816,-0.6171985409310161,0.5995466418884776,-0.0135461562919945,-0.1664397690163631
12,66,rTh,1297,6023,32,9.254989463600655e-10,0.0019401868776077007,-0.00924808683288704,-0.0019979202698031727,209836,301998,10244937,47010,300,1e-09,/remotenas2/remotedata/share/zebrafish/figure_code/two_column_figure/fcv_postdca_raw_recompute/data/zebrafish/sc/original_raw_data/subject_12_data_cellular_synapse_sc_100_data.pkl,0.2224097386431812,0.329727118190862,0.3232359458822024,0.6776748354399386,0.0026260527420946,-0.0603031512539156
12,67,rTL,74,49,156,8.987365815380365e-10,-0.005254103610205153,-0.04726274536396811,-0.01360260407504681,1881,1448,10244937,47010,300,1e-09,/remotenas2/remotedata/share/zebrafish/figure_code/two_column_figure/fcv_postdca_raw_recompute/data/zebrafish/sc/original_raw_data/subject_12_data_cellular_synapse_sc_100_data.pkl,,,,,-0.0861099547362236,-0.3438973272787454
12,68,rTS,130,80,105,9.854727026487135e-10,0.0006786427488732867,-0.012177781327705969,-0.01429743984487387,3662,2249,10244937,47010,300,1e-09,/remotenas2/remotedata/share/zebrafish/figure_code/two_column_figure/fcv_postdca_raw_recompute/data/zebrafish/sc/original_raw_data/subject_12_data_cellular_synapse_sc_100_data.pkl,0.0940416604138878,0.3020930590994968,-1.0863748941871822,-0.0856978647552829,-0.0913625223714724,-0.1452595404204366
12,69,rTG,2,0,0,,,,,0,0,10244937,47010,300,1e-09,/remotenas2/remotedata/share/zebrafish/figure_code/two_column_figure/fcv_postdca_raw_recompute/data/zebrafish/sc/original_raw_data/subject_12_data_cellular_synapse_sc_100_data.pkl,,,,,0.0,0.0
12,70,rVR,71,103,57,7.544659341736116e-10,-0.006902409463900646,-0.011957004527774099,-0.004558220000840898,409,75,10244937,47010,300,1e-09,/remotenas2/remotedata/share/zebrafish/figure_code/two_column_figure/fcv_postdca_raw_recompute/data/zebrafish/sc/original_raw_data/subject_12_data_cellular_synapse_sc_100_data.pkl,,,,,-0.024739016854688,-0.0553092664478809
12,71,rNX,484,3555,24,4.5173365829788416e-10,0.0002941016402092272,-0.017018232566030904,0.003871711837465099,25294,74056,10244937,47010,300,1e-09,/remotenas2/remotedata/share/zebrafish/figure_code/two_column_figure/fcv_postdca_raw_recompute/data/zebrafish/sc/original_raw_data/subject_12_data_cellular_synapse_sc_100_data.pkl,0.3064042312324246,0.2422293501651999,1.2455801056852154,-1.7393934359265273,0.0665425107887636,-0.1100087162990744
13,0,MON,1012,15689,29,5.7577050583976e-10,-0.0012047774801749866,-0.012259603357990326,-0.0038772067435236222,283634,112223,12242794,56521,300,1e-09,/remotenas2/remotedata/share/zebrafish/figure_code/two_column_figure/fcv_postdca_raw_recompute/data/zebrafish/sc/original_raw_data/subject_13_data_cellular_synapse_sc_100_data.pkl,0.095029405535608,0.3147134111309009,-1.2157396106642646,0.1068483916700753,-0.0786108646051611,-0.1118153927902354
13,1,Cb,1875,11162,16,2.9866933540669064e-10,-0.0008263935456514279,-0.01724636881428244,-0.0003457946494874293,253835,185879,12242794,56521,300,1e-09,/remotenas2/remotedata/share/zebrafish/figure_code/two_column_figure/fcv_postdca_raw_recompute/data/zebrafish/sc/original_raw_data/subject_13_data_cellular_synapse_sc_100_data.pkl,0.2167219445862065,0.3044050275115862,0.3445199362032691,-0.2320504559634778,-0.0425366042889713,-0.1165459108744171
13,2,MOS1,1217,56059,14,4.4292302847612865e-10,0.0038667387255510045,-0.010663167965097965,0.00526065603840408,436237,638849,12242794,56521,300,1e-09,/remotenas2/remotedata/share/zebrafish/figure_code/two_column_figure/fcv_postdca_raw_recompute/data/zebrafish/sc/original_raw_data/subject_13_data_cellular_synapse_sc_100_data.pkl,0.3047139205288733,0.2834769158974187,1.4726936236238295,-0.920083921840566,0.0541325728072986,-0.0655373066149997
13,3,MOS2,627,2400,16,2.5418976340328304e-10,-0.003659891039133838,-0.012030692134796376,0.009394567173820092,172234,232916,12242794,56521,300,1e-09,/remotenas2/remotedata/share/zebrafish/figure_code/two_column_figure/fcv_postdca_raw_recompute/data/zebrafish/sc/original_raw_data/subject_13_data_cellular_synapse_sc_100_data.pkl,0.3159600049649887,0.2671153198042577,1.6168833228709771,-1.457988433953254,0.081822282103826,-0.0886510563886657
13,4,MOS3,1262,12630,14,5.857991542949926e-10,0.0016109913318372202,-0.020346806252058456,0.0016646657700744394,754426,134770,12242794,56521,300,1e-09,/remotenas2/remotedata/share/zebrafish/figure_code/two_column_figure/fcv_postdca_raw_recompute/data/zebrafish/sc/original_raw_data/subject_13_data_cellular_synapse_sc_100_data.pkl,0.2898678835118511,0.3082473173665077,1.2823477637241818,-0.1057311752503354,-0.0065209591336702,-0.1654570109200366
13,5,MOS4,967,4218,8,1.8925686934329205e-10,-0.002639834225578018,-0.015983948357271058,-9.547773367553678e-05,287461,84806,12242794,56521,300,1e-09,/remotenas2/remotedata/share/zebrafish/figure_code/two_column_figure/fcv_postdca_raw_recompute/data/zebrafish/sc/original_raw_data/subject_13_data_cellular_synapse_sc_100_data.pkl,0.3062070118510316,0.288806585899335,1.491837032150905,-0.7448654696933017,-0.0284322490717569,-0.1319652497748774
13,6,MOS5,1257,15151,32,7.002109849060591e-10,-0.0034121741730754533,-0.011743496923939145,0.000837140660268019,328453,168660,12242794,56521,300,1e-09,/remotenas2/remotedata/share/zebrafish/figure_code/two_column_figure/fcv_postdca_raw_recompute/data/zebrafish/sc/original_raw_data/subject_13_data_cellular_synapse_sc_100_data.pkl,0.2242657857770366,0.3105479389751914,0.441241972984433,-0.0300958437748093,-0.0157116209096977,-0.1003293854531571
13,7,IPN,112,83,164,9.699823298488808e-10,-0.0013005152613033597,-0.006933360909734485,-0.0032463939039655623,5899,13386,12242794,56521,300,1e-09,/remotenas2/remotedata/share/zebrafish/figure_code/two_column_figure/fcv_postdca_raw_recompute/data/zebrafish/sc/original_raw_data/subject_13_data_cellular_synapse_sc_100_data.pkl,,,,,-0.0084863733943433,-0.027235308649526
13,8,IO,13,2,2,1.5700924586837752e-16,0.0,2.7061522564495844e-06,-0.008904677549350103,6,110,12242794,56521,300,1e-09,/remotenas2/remotedata/share/zebrafish/figure_code/two_column_figure/fcv_postdca_raw_recompute/data/zebrafish/sc/original_raw_data/subject_13_data_cellular_synapse_sc_100_data.pkl,,,,,-0.019918632439041,1.1599108720552008e-05
13,9,Hc,71,87,121,9.281115299094285e-10,-0.006397834505375798,-0.045022761183826226,0.0004756446775130121,6002,8508,12242794,56521,300,1e-09,/remotenas2/remotedata/share/zebrafish/figure_code/two_column_figure/fcv_postdca_raw_recompute/data/zebrafish/sc/original_raw_data/subject_13_data_cellular_synapse_sc_100_data.pkl,,,,,0.0049394526045601,-0.3647566407055815
13,10,Ra,382,1358,11,3.15947053567366e-10,-0.0008143704418580089,-0.010742969330227701,0.009446767069489199,62181,202322,12242794,56521,300,1e-09,/remotenas2/remotedata/share/zebrafish/figure_code/two_column_figure/fcv_postdca_raw_recompute/data/zebrafish/sc/original_raw_data/subject_13_data_cellular_synapse_sc_100_data.pkl,0.2687543919871857,0.2969401043224383,1.0116448350477667,-0.4774675805003503,0.1009305867059571,-0.055664344475007
13,11,T,1384,9032,29,5.876355190904638e-10,0.0028463252454654386,-0.016318893787497325,-0.004972544627542515,1089325,347763,12242794,56521,300,1e-09,/remotenas2/remotedata/share/zebrafish/figure_code/two_column_figure/fcv_postdca_raw_recompute/data/zebrafish/sc/original_raw_data/subject_13_data_cellular_synapse_sc_100_data.pkl,0.2485699514245934,0.3123423911946696,0.752853570343606,0.0288986418567858,-0.0353229830134421,-0.1358181597688693
13,12,aRF,603,2394,37,7.147660740306237e-10,-0.003057510225228328,-0.0172320584406476,-0.004322616703001869,278027,167996,12242794,56521,300,1e-09,/remotenas2/remotedata/share/zebrafish/figure_code/two_column_figure/fcv_postdca_raw_recompute/data/zebrafish/sc/original_raw_data/subject_13_data_cellular_synapse_sc_100_data.pkl,0.2684146166320958,0.2942323085713282,1.0072884649226532,-0.5664891859787113,-0.0397733348948403,-0.1301443367546464
13,13,imRF,814,5302,42,9.500580146485197e-10,-0.0005084895070351529,-0.023470101176965665,0.0015337284085443826,197421,267579,12242794,56521,300,1e-09,/remotenas2/remotedata/share/zebrafish/figure_code/two_column_figure/fcv_postdca_raw_recompute/data/zebrafish/sc/original_raw_data/subject_13_data_cellular_synapse_sc_100_data.pkl,0.3101857313062153,0.2734259584857088,1.5428494858534008,-1.250519614790541,0.0100703801413272,-0.1962187182803714
13,14,pRF,953,6645,47,8.631050651012335e-10,-2.465947553354688e-05,-0.01601816941631331,0.00562772945016611,199639,671561,12242794,56521,300,1e-09,/remotenas2/remotedata/share/zebrafish/figure_code/two_column_figure/fcv_postdca_raw_recompute/data/zebrafish/sc/original_raw_data/subject_13_data_cellular_synapse_sc_100_data.pkl,0.2794602186018032,0.2716455582715558,1.1489077133875818,-1.309052126111952,0.0589468611941813,-0.1360901331075396
13,15,GG,0,0,0,,,,,0,0,12242794,56521,300,1e-09,/remotenas2/remotedata/share/zebrafish/figure_code/two_column_figure/fcv_postdca_raw_recompute/data/zebrafish/sc/original_raw_data/subject_13_data_cellular_synapse_sc_100_data.pkl,,,,,0.0,0.0
13,16,Hb,556,1608,141,9.748996781015686e-10,0.00010307857261337274,0.017656068142614074,-0.0012642853454947103,18293,107,12242794,56521,300,1e-09,/remotenas2/remotedata/share/zebrafish/figure_code/two_column_figure/fcv_postdca_raw_recompute/data/zebrafish/sc/original_raw_data/subject_13_data_cellular_synapse_sc_100_data.pkl,0.1176062582593392,0.3485037384215647,-0.9262744530199052,1.2177405938684824,-0.0092871703870503,0.1531125495873481
13,17,Hi,480,1050,9,7.787670215461808e-10,0.0017110241748059028,-0.029704754644166758,-0.000659139244945852,26955,11000,12242794,56521,300,1e-09,/remotenas2/remotedata/share/zebrafish/figure_code/two_column_figure/fcv_postdca_raw_recompute/data/zebrafish/sc/original_raw_data/subject_13_data_cellular_synapse_sc_100_data.pkl,,,,,-0.0034185134350619,-0.2261748940476869
13,18,HR,382,1175,15,4.580709195535103e-10,-0.016519683092274015,-0.012777015137817236,-0.003705576291640224,36286,69311,12242794,56521,300,1e-09,/remotenas2/remotedata/share/zebrafish/figure_code/two_column_figure/fcv_postdca_raw_recompute/data/zebrafish/sc/original_raw_data/subject_13_data_cellular_synapse_sc_100_data.pkl,,,,,-0.0144015873877058,-0.0694089059825011
13,19,OG,66,93,114,8.683834615353715e-10,-0.0005631900382905959,-0.002634948668768735,-1.532697134943395e-07,274,123,12242794,56521,300,1e-09,/remotenas2/remotedata/share/zebrafish/figure_code/two_column_figure/fcv_postdca_raw_recompute/data/zebrafish/sc/original_raw_data/subject_13_data_cellular_synapse_sc_100_data.pkl,,,,,-1.4038730153389892e-06,-0.0200049624763322
13,20,OB,254,419,128,9.415843746603283e-10,-0.0008902325671634072,-0.0159731109914859,7.447734217106065e-05,52,62,12242794,56521,300,1e-09,/remotenas2/remotedata/share/zebrafish/figure_code/two_column_figure/fcv_postdca_raw_recompute/data/zebrafish/sc/original_raw_data/subject_13_data_cellular_synapse_sc_100_data.pkl,0.1061735304535931,0.3625612774383924,-1.0728571674970548,1.679896829928634,0.0020020270226027,-0.0271814365334789
13,21,OE,53,46,23,4.485582880760639e-10,-0.005034199735579476,-0.0050392175125066555,-0.00011139975291783914,5,8,12242794,56521,300,1e-09,/remotenas2/remotedata/share/zebrafish/figure_code/two_column_figure/fcv_postdca_raw_recompute/data/zebrafish/sc/original_raw_data/subject_13_data_cellular_synapse_sc_100_data.pkl,,,,,-0.0001876402980931,-0.10616240459242
13,22,P,1563,5554,84,9.561984818288036e-10,-7.953995151349956e-05,-0.00321459054689495,-0.031528811075034614,11814,6834,12242794,56521,300,1e-09,/remotenas2/remotedata/share/zebrafish/figure_code/two_column_figure/fcv_postdca_raw_recompute/data/zebrafish/sc/original_raw_data/subject_13_data_cellular_synapse_sc_100_data.pkl,0.1136053996478725,0.3630655217837164,-0.9775707600318956,1.696474387950036,-0.2290483040709002,0.016290032634357
13,23,Pi,0,0,0,,,,,0,0,12242794,56521,300,1e-09,/remotenas2/remotedata/share/zebrafish/figure_code/two_column_figure/fcv_postdca_raw_recompute/data/zebrafish/sc/original_raw_data/subject_13_data_cellular_synapse_sc_100_data.pkl,,,,,0.0,0.0
13,24,PT,420,1528,40,7.201904455356143e-10,0.002757574050109703,-0.005669476102618531,-0.0034944713222827685,100171,277663,12242794,56521,300,1e-09,/remotenas2/remotedata/share/zebrafish/figure_code/two_column_figure/fcv_postdca_raw_recompute/data/zebrafish/sc/original_raw_data/subject_13_data_cellular_synapse_sc_100_data.pkl,0.2453716957876454,0.2996012253853565,0.711847696608025,-0.3899804540078352,-0.0210177310778021,-0.0299073798307575
13,25,PO,557,1182,19,5.535275246414426e-10,-0.0009635952349526005,0.007327566927980583,0.009532968768143059,130201,101434,12242794,56521,300,1e-09,/remotenas2/remotedata/share/zebrafish/figure_code/two_column_figure/fcv_postdca_raw_recompute/data/zebrafish/sc/original_raw_data/subject_13_data_cellular_synapse_sc_100_data.pkl,0.1968459534906609,0.3422909729000147,0.0896834022446445,1.0134894567720998,0.1019096041443232,0.0600348494567348
13,26,PrT,541,1666,25,9.784040383529817e-10,-0.005287832105255896,-0.019415297314702314,-0.003113581048790848,177473,202577,12242794,56521,300,1e-09,/remotenas2/remotedata/share/zebrafish/figure_code/two_column_figure/fcv_postdca_raw_recompute/data/zebrafish/sc/original_raw_data/subject_13_data_cellular_synapse_sc_100_data.pkl,0.2857465633543306,0.3132996407684055,1.229506980126139,0.0603692185657248,-0.0295074769729064,-0.1479590564867862
13,27,R,0,0,0,,,,,0,0,12242794,56521,300,1e-09,/remotenas2/remotedata/share/zebrafish/figure_code/two_column_figure/fcv_postdca_raw_recompute/data/zebrafish/sc/original_raw_data/subject_13_data_cellular_synapse_sc_100_data.pkl,,,,,0.0,0.0
13,28,SP,988,2266,214,9.670086702932064e-10,-0.0003055728606768266,2.004027378927806e-05,-0.024163554984264295,19372,4215,12242794,56521,300,1e-09,/remotenas2/remotedata/share/zebrafish/figure_code/two_column_figure/fcv_postdca_raw_recompute/data/zebrafish/sc/original_raw_data/subject_13_data_cellular_synapse_sc_100_data.pkl,0.1589975104078483,0.3586251956861608,-0.3955837728405687,1.550494042907462,-0.1612954261696096,0.0134761837490454
13,29,TeO,7514,54417,90,9.03084821484371e-10,-0.0010399898528656016,-0.013088798340964877,-0.0013687150862847779,893580,1095059,12242794,56521,300,1e-09,/remotenas2/remotedata/share/zebrafish/figure_code/two_column_figure/fcv_postdca_raw_recompute/data/zebrafish/sc/original_raw_data/subject_13_data_cellular_synapse_sc_100_data.pkl,0.1399446112579205,0.3197746042050125,-0.6398671777732144,0.2732403851978984,-0.0218852483678707,-0.1014657924688225
13,30,Th,901,1915,80,9.126770184334052e-10,-0.0035308593246956414,-0.015836129521766502,0.0019635737328919348,108794,294001,12242794,56521,300,1e-09,/remotenas2/remotedata/share/zebrafish/figure_code/two_column_figure/fcv_postdca_raw_recompute/data/zebrafish/sc/original_raw_data/subject_13_data_cellular_synapse_sc_100_data.pkl,0.2132588797281884,0.3076764075259092,0.3001188574822679,-0.1245004308607853,0.0199873479147143,-0.1005792405022036
13,31,TL,192,340,71,9.601914398756086e-10,-8.46384807784239e-05,-0.056301524459998094,-0.006168470372111792,10608,1708,12242794,56521,300,1e-09,/remotenas2/remotedata/share/zebrafish/figure_code/two_column_figure/fcv_postdca_raw_recompute/data/zebrafish/sc/original_raw_data/subject_13_data_cellular_synapse_sc_100_data.pkl,0.1036113355485983,0.321911456740767,-1.1057079001109196,0.3434916378359117,-0.0419396767790783,-0.4985230311760835
13,32,TS,118,101,141,9.90929241403486e-10,-0.0028775501404491636,-0.011043813598264667,-0.006350369558564973,37080,69388,12242794,56521,300,1e-09,/remotenas2/remotedata/share/zebrafish/figure_code/two_column_figure/fcv_postdca_raw_recompute/data/zebrafish/sc/original_raw_data/subject_13_data_cellular_synapse_sc_100_data.pkl,0.0989346773309758,0.3126065714791944,-1.165668853250767,0.0375838438534614,-0.0674166063855759,-0.0805099222166216
13,33,TG,2,0,0,,,,,0,0,12242794,56521,300,1e-09,/remotenas2/remotedata/share/zebrafish/figure_code/two_column_figure/fcv_postdca_raw_recompute/data/zebrafish/sc/original_raw_data/subject_13_data_cellular_synapse_sc_100_data.pkl,,,,,0.0,0.0
13,34,VR,129,252,291,9.451015375408222e-10,-0.002926657050683463,-0.0137257683626915,0.019977638365413462,1199,261,12242794,56521,300,1e-09,/remotenas2/remotedata/share/zebrafish/figure_code/two_column_figure/fcv_postdca_raw_recompute/data/zebrafish/sc/original_raw_data/subject_13_data_cellular_synapse_sc_100_data.pkl,,,,,0.1210064257256386,-0.081021125341353
13,35,NX,340,1565,31,7.174967871123346e-10,-0.0009219853804745566,-0.0014158128922831623,0.003945922065335835,55189,66995,12242794,56521,300,1e-09,/remotenas2/remotedata/share/zebrafish/figure_code/two_column_figure/fcv_postdca_raw_recompute/data/zebrafish/sc/original_raw_data/subject_13_data_cellular_synapse_sc_100_data.pkl,0.2979959797378463,0.2642964661461872,1.3865607239714324,-1.550661183789394,0.0331913102189422,0.0024553814199632
13,36,rMON,1179,21658,17,3.1594171117622195e-10,-0.006078960787040033,-0.02435243616014552,-0.004431063831244132,285519,193997,12242794,56521,300,1e-09,/remotenas2/remotedata/share/zebrafish/figure_code/two_column_figure/fcv_postdca_raw_recompute/data/zebrafish/sc/original_raw_data/subject_13_data_cellular_synapse_sc_100_data.pkl,0.1099045479885876,0.3036868079691925,-1.0250205805220325,-0.255662671443027,-0.0360115706225844,-0.2089443256214269
13,37,rCb,1969,10601,21,3.940584993674324e-10,-0.00183320390956529,-0.024139818395121596,-0.0018605852498350252,239427,193025,12242794,56521,300,1e-09,/remotenas2/remotedata/share/zebrafish/figure_code/two_column_figure/fcv_postdca_raw_recompute/data/zebrafish/sc/original_raw_data/subject_13_data_cellular_synapse_sc_100_data.pkl,0.1866845972628943,0.299689095675342,-0.0405986445199698,-0.387091626707935,-0.0122739081651614,-0.1815836705108212
13,38,rMOS1,1455,73992,14,2.909347380401191e-10,0.003375761536520753,-0.012128860400230559,0.005108066054360268,440824,757094,12242794,56521,300,1e-09,/remotenas2/remotedata/share/zebrafish/figure_code/two_column_figure/fcv_postdca_raw_recompute/data/zebrafish/sc/original_raw_data/subject_13_data_cellular_synapse_sc_100_data.pkl,0.307458469344201,0.2848321995630352,1.5078823749176014,-0.8755275598098202,0.0675377520632928,-0.0701240959607482
13,39,rMOS2,648,4306,12,5.266992978878338e-10,5.038807882316839e-05,-0.002803794485975354,0.009550877438689985,73498,391001,12242794,56521,300,1e-09,/remotenas2/remotedata/share/zebrafish/figure_code/two_column_figure/fcv_postdca_raw_recompute/data/zebrafish/sc/original_raw_data/subject_13_data_cellular_synapse_sc_100_data.pkl,0.321829088550525,0.2649728980964437,1.692132748736674,-1.5284227789229994,0.1231672444079142,-0.0125543649885238
13,40,rMOS3,1513,19694,31,7.598829345628054e-10,0.009809035561191183,-0.021214331677309226,-0.007136326734474352,895470,260858,12242794,56521,300,1e-09,/remotenas2/remotedata/share/zebrafish/figure_code/two_column_figure/fcv_postdca_raw_recompute/data/zebrafish/sc/original_raw_data/subject_13_data_cellular_synapse_sc_100_data.pkl,0.2826410637286054,0.3145493646353302,1.189690361320802,0.1014551922742865,-0.0532646899893051,-0.1675125317563342
13,41,rMOS4,1291,6569,26,7.971378637184065e-10,0.0009364888199069944,-0.01697858120082076,0.002330104452313197,379065,125627,12242794,56521,300,1e-09,/remotenas2/remotedata/share/zebrafish/figure_code/two_column_figure/fcv_postdca_raw_recompute/data/zebrafish/sc/original_raw_data/subject_13_data_cellular_synapse_sc_100_data.pkl,0.3111282594603322,0.2869656836712134,1.554933945279799,-0.8053870477365852,0.0592133122676025,-0.1318237822284189
13,42,rMOS5,1685,25116,16,2.966906787915944e-10,0.0025916849778944537,-0.01714187212105394,-0.0053723695904568285,522482,143714,12242794,56521,300,1e-09,/remotenas2/remotedata/share/zebrafish/figure_code/two_column_figure/fcv_postdca_raw_recompute/data/zebrafish/sc/original_raw_data/subject_13_data_cellular_synapse_sc_100_data.pkl,0.2107331704251872,0.3137007877306548,0.2677359186154787,0.0735573427429485,-0.0397800166116669,-0.1456339384848175
13,43,rIPN,121,200,16,2.2913175798592946e-10,-0.01754668095686942,-0.015996913442824407,-0.0005640615097778684,9233,19766,12242794,56521,300,1e-09,/remotenas2/remotedata/share/zebrafish/figure_code/two_column_figure/fcv_postdca_raw_recompute/data/zebrafish/sc/original_raw_data/subject_13_data_cellular_synapse_sc_100_data.pkl,,,,,0.0048022520697453,-0.0631894586986324
13,44,rIO,36,56,37,8.907833569173873e-10,0.010599759103939975,0.01583648174649412,-0.009813419591460688,245,7,12242794,56521,300,1e-09,/remotenas2/remotedata/share/zebrafish/figure_code/two_column_figure/fcv_postdca_raw_recompute/data/zebrafish/sc/original_raw_data/subject_13_data_cellular_synapse_sc_100_data.pkl,,,,,-0.1028396952241407,0.0647973191136929
13,45,rHc,67,42,230,9.621402977140285e-10,-0.007965550793315878,-0.00181796747109984,-0.007007961623143239,2219,4678,12242794,56521,300,1e-09,/remotenas2/remotedata/share/zebrafish/figure_code/two_column_figure/fcv_postdca_raw_recompute/data/zebrafish/sc/original_raw_data/subject_13_data_cellular_synapse_sc_100_data.pkl,,,,,-0.01156439908216,-0.0243891639208485
13,46,rRa,231,374,26,8.465331330833598e-10,-0.0022742356230855167,-0.01903450722925822,0.006156675372677416,41344,124412,12242794,56521,300,1e-09,/remotenas2/remotedata/share/zebrafish/figure_code/two_column_figure/fcv_postdca_raw_recompute/data/zebrafish/sc/original_raw_data/subject_13_data_cellular_synapse_sc_100_data.pkl,0.2224962835595463,0.3120281842510646,0.4185546106401021,0.018568761340247,0.0735886312227237,-0.1329776432233466
13,47,rT,1382,10471,33,7.451091864132835e-10,0.0015966276672981132,-0.016243159770314264,-0.002443982381807431,769610,397518,12242794,56521,300,1e-09,/remotenas2/remotedata/share/zebrafish/figure_code/two_column_figure/fcv_postdca_raw_recompute/data/zebrafish/sc/original_raw_data/subject_13_data_cellular_synapse_sc_100_data.pkl,0.2678894265471478,0.3095672343522722,1.000554832356901,-0.0623375296540044,-0.0113438973268616,-0.1415517128837285
13,48,raRF,704,2210,68,8.457401694404843e-10,-0.005550389266055875,-0.027619399326916042,-0.004272951261117523,181998,133298,12242794,56521,300,1e-09,/remotenas2/remotedata/share/zebrafish/figure_code/two_column_figure/fcv_postdca_raw_recompute/data/zebrafish/sc/original_raw_data/subject_13_data_cellular_synapse_sc_100_data.pkl,0.3012716503551911,0.2740475054617323,1.4285591603010468,-1.230085610614578,-0.0227417005900092,-0.2009415071665315
13,49,rimRF,777,5307,37,9.373845211801952e-10,0.0016934224381604391,-0.02300547033168945,0.002901527015826419,190903,290503,12242794,56521,300,1e-09,/remotenas2/remotedata/share/zebrafish/figure_code/two_column_figure/fcv_postdca_raw_recompute/data/zebrafish/sc/original_raw_data/subject_13_data_cellular_synapse_sc_100_data.pkl,0.3119043422815856,0.2737066284620763,1.5648843550622515,-1.2412922970005766,0.0376189952938633,-0.2123986056573133
13,50,rpRF,1043,10717,75,9.152606761055634e-10,-0.002390864948502252,-0.01012222993988594,0.00671243016555675,140693,762765,12242794,56521,300,1e-09,/remotenas2/remotedata/share/zebrafish/figure_code/two_column_figure/fcv_postdca_raw_recompute/data/zebrafish/sc/original_raw_data/subject_13_data_cellular_synapse_sc_100_data.pkl,0.2771962637867861,0.2961515301144162,1.1198808137816956,-0.5033927788865928,0.0837671844097989,-0.0789890461968982
13,51,rGG,0,0,0,,,,,0,0,12242794,56521,300,1e-09,/remotenas2/remotedata/share/zebrafish/figure_code/two_column_figure/fcv_postdca_raw_recompute/data/zebrafish/sc/original_raw_data/subject_13_data_cellular_synapse_sc_100_data.pkl,,,,,0.0,0.0
13,52,rHb,466,912,125,9.339321792643023e-10,-0.00040361534292742795,0.00792278050286064,0.00040842210466145005,9193,71,12242794,56521,300,1e-09,/remotenas2/remotedata/share/zebrafish/figure_code/two_column_figure/fcv_postdca_raw_recompute/data/zebrafish/sc/original_raw_data/subject_13_data_cellular_synapse_sc_100_data.pkl,0.1254098304367863,0.3516125550087796,-0.8262223209457336,1.3199461769957082,-0.0013358792363545,0.0388827498883922
13,53,rHi,442,715,11,6.725415121197162e-10,0.008310309716370017,-0.012619466204396183,0.001167424415298666,34200,13532,12242794,56521,300,1e-09,/remotenas2/remotedata/share/zebrafish/figure_code/two_column_figure/fcv_postdca_raw_recompute/data/zebrafish/sc/original_raw_data/subject_13_data_cellular_synapse_sc_100_data.pkl,,,,,-0.0025308701997029,-0.0775595144752625
13,54,rHR,315,828,13,3.8821780780086527e-10,-0.00836709521020182,-0.013381198729461903,-0.004476522148337409,13388,114873,12242794,56521,300,1e-09,/remotenas2/remotedata/share/zebrafish/figure_code/two_column_figure/fcv_postdca_raw_recompute/data/zebrafish/sc/original_raw_data/subject_13_data_cellular_synapse_sc_100_data.pkl,,,,,-0.0189194592498851,-0.0734755972082737
13,55,rOG,23,22,58,8.686510572951204e-10,-0.012816217216649222,-0.0016526553453508953,,137,0,12242794,56521,300,1e-09,/remotenas2/remotedata/share/zebrafish/figure_code/two_column_figure/fcv_postdca_raw_recompute/data/zebrafish/sc/original_raw_data/subject_13_data_cellular_synapse_sc_100_data.pkl,,,,,0.0,-0.0243395928842276
13,56,rOB,138,116,250,9.953474302101864e-10,-0.0010586604936547893,0.008267727707941356,-0.0061825970173802645,18,869,12242794,56521,300,1e-09,/remotenas2/remotedata/share/zebrafish/figure_code/two_column_figure/fcv_postdca_raw_recompute/data/zebrafish/sc/original_raw_data/subject_13_data_cellular_synapse_sc_100_data.pkl,0.0680926234673506,0.3532269798151407,-1.5611048377503225,1.3730220739231032,-0.0336494710383642,0.007594065407539
13,57,rOE,55,62,127,9.404047862824173e-10,0.0031543676960862632,0.037446949710328456,0.06667465520735653,10,7,12242794,56521,300,1e-09,/remotenas2/remotedata/share/zebrafish/figure_code/two_column_figure/fcv_postdca_raw_recompute/data/zebrafish/sc/original_raw_data/subject_13_data_cellular_synapse_sc_100_data.pkl,,,,,0.1132059022274842,0.1066787987243945
13,58,rP,1354,3882,121,9.225292658137826e-10,-0.000193404947929733,0.010117979155693579,-0.011346562827873235,61499,11318,12242794,56521,300,1e-09,/remotenas2/remotedata/share/zebrafish/figure_code/two_column_figure/fcv_postdca_raw_recompute/data/zebrafish/sc/original_raw_data/subject_13_data_cellular_synapse_sc_100_data.pkl,0.1350577959212307,0.3614016894582399,-0.7025226235575991,1.6417741673739483,-0.068210635128272,0.0955627648237865
13,59,rPi,0,0,0,,,,,0,0,12242794,56521,300,1e-09,/remotenas2/remotedata/share/zebrafish/figure_code/two_column_figure/fcv_postdca_raw_recompute/data/zebrafish/sc/original_raw_data/subject_13_data_cellular_synapse_sc_100_data.pkl,,,,,0.0,0.0
13,60,rPT,499,1482,93,9.561462845508001e-10,-0.0031022244505210486,-0.0064871506149012026,-0.003032975817091576,104174,195050,12242794,56521,300,1e-09,/remotenas2/remotedata/share/zebrafish/figure_code/two_column_figure/fcv_postdca_raw_recompute/data/zebrafish/sc/original_raw_data/subject_13_data_cellular_synapse_sc_100_data.pkl,0.2551815034419172,0.3078702407023888,0.8376224249925469,-0.1181279633073844,-0.0202647043359362,-0.0261475818064131
13,61,rPO,624,1442,198,9.940102559475668e-10,0.00020848599387359514,0.006876921425674397,0.007359553620396592,156956,97820,12242794,56521,300,1e-09,/remotenas2/remotedata/share/zebrafish/figure_code/two_column_figure/fcv_postdca_raw_recompute/data/zebrafish/sc/original_raw_data/subject_13_data_cellular_synapse_sc_100_data.pkl,0.2042128731490566,0.3437020393376498,0.1841370706263917,1.0598797355305392,0.0817348042992833,0.0590713613109533
13,62,rPrT,493,1086,27,7.813101747242069e-10,-0.007356544050649984,-0.021209787147289372,-0.004426857425228458,173286,206170,12242794,56521,300,1e-09,/remotenas2/remotedata/share/zebrafish/figure_code/two_column_figure/fcv_postdca_raw_recompute/data/zebrafish/sc/original_raw_data/subject_13_data_cellular_synapse_sc_100_data.pkl,0.2839679319911564,0.3193544170220356,1.2067025700415024,0.2594262939339257,-0.0276220663899332,-0.1852347567140873
13,63,rR,0,0,0,,,,,0,0,12242794,56521,300,1e-09,/remotenas2/remotedata/share/zebrafish/figure_code/two_column_figure/fcv_postdca_raw_recompute/data/zebrafish/sc/original_raw_data/subject_13_data_cellular_synapse_sc_100_data.pkl,,,,,0.0,0.0
13,64,rSP,1066,3097,65,8.461486492582403e-10,9.955858643489576e-05,0.00970147290976836,1.2826985882739477e-05,7307,910,12242794,56521,300,1e-09,/remotenas2/remotedata/share/zebrafish/figure_code/two_column_figure/fcv_postdca_raw_recompute/data/zebrafish/sc/original_raw_data/subject_13_data_cellular_synapse_sc_100_data.pkl,0.1566052665238221,0.3734910944309116,-0.4262555082452783,2.039225946927157,-0.0008453526691263,0.0124847582169272
13,65,rTeO,7228,55211,180,9.43554855109288e-10,-7.48176459095275e-05,-0.021880788298085853,-0.0051702952012688316,718689,1396122,12242794,56521,300,1e-09,/remotenas2/remotedata/share/zebrafish/figure_code/two_column_figure/fcv_postdca_raw_recompute/data/zebrafish/sc/original_raw_data/subject_13_data_cellular_synapse_sc_100_data.pkl,0.1523012620695397,0.323860598148055,-0.4814385465148824,0.407571691625049,-0.0353469542493599,-0.1835329975635323
13,66,rTh,1300,6515,20,5.07738962649636e-10,0.002396423106343732,-0.012212410780982876,-0.003144881470573737,271696,373305,12242794,56521,300,1e-09,/remotenas2/remotedata/share/zebrafish/figure_code/two_column_figure/fcv_postdca_raw_recompute/data/zebrafish/sc/original_raw_data/subject_13_data_cellular_synapse_sc_100_data.pkl,0.2128539976231577,0.323448060900473,0.2949277325812795,0.3940090999545636,-0.0144637347419333,-0.0974715799512476
13,67,rTL,126,163,300,2.81053329588408e-06,0.0020880214763433873,-0.030557824846188592,-0.013147245911218576,6224,2514,12242794,56521,300,1e-09,/remotenas2/remotedata/share/zebrafish/figure_code/two_column_figure/fcv_postdca_raw_recompute/data/zebrafish/sc/original_raw_data/subject_13_data_cellular_synapse_sc_100_data.pkl,,,,,-0.0897515279546312,-0.2553107627654825
13,68,rTS,144,122,196,9.240338063508339e-10,-0.0008191576347780777,,,5665,4829,12242794,56521,300,1e-09,/remotenas2/remotedata/share/zebrafish/figure_code/two_column_figure/fcv_postdca_raw_recompute/data/zebrafish/sc/original_raw_data/subject_13_data_cellular_synapse_sc_100_data.pkl,0.0924418425954673,0.2842607728630229,-1.2489155950916797,-0.894313807711806,-0.0786572597087712,-0.0975519446065271
13,69,rTG,2,0,0,,,-8.184983912749155e-10,-0.6852306290148186,1,1,12242794,56521,300,1e-09,/remotenas2/remotedata/share/zebrafish/figure_code/two_column_figure/fcv_postdca_raw_recompute/data/zebrafish/sc/original_raw_data/subject_13_data_cellular_synapse_sc_100_data.pkl,,,,,-0.8978931678884321,-0.3264530312187048
13,70,rVR,91,152,98,8.677011748348189e-10,-0.0008219984395233677,-0.004747327119581262,-0.00702983532632425,3021,276,12242794,56521,300,1e-09,/remotenas2/remotedata/share/zebrafish/figure_code/two_column_figure/fcv_postdca_raw_recompute/data/zebrafish/sc/original_raw_data/subject_13_data_cellular_synapse_sc_100_data.pkl,,,,,-0.0400351093053943,-0.0354043345941317
13,71,rNX,449,2028,37,7.874783666207209e-10,-6.417118011663742e-05,-0.019656513518111485,0.003955150996424748,36137,102253,12242794,56521,300,1e-09,/remotenas2/remotedata/share/zebrafish/figure_code/two_column_figure/fcv_postdca_raw_recompute/data/zebrafish/sc/original_raw_data/subject_13_data_cellular_synapse_sc_100_data.pkl,0.2832114441773726,0.2629957191184472,1.1970033942107283,-1.593424597050218,0.0754008883136101,-0.1293025104045381
14,0,MON,1151,22776,31,5.417954425895445e-10,0.0010506210788770512,-0.009392155495924072,0.00016795306213669296,333844,157178,15350425,57782,300,1e-09,/remotenas2/remotedata/share/zebrafish/figure_code/two_column_figure/fcv_postdca_raw_recompute/data/zebrafish/sc/original_raw_data/subject_14_data_cellular_synapse_sc_100_data.pkl,0.2548050240508701,0.306545438434718,-1.2265889258654172,-1.1497567143050171,-0.0423128883421481,-0.0985645562196237
14,1,Cb,1873,8711,16,5.839290232995438e-10,-0.0007431813932165588,-0.012707210271764266,0.0017310928469649925,281571,179288,15350425,57782,300,1e-09,/remotenas2/remotedata/share/zebrafish/figure_code/two_column_figure/fcv_postdca_raw_recompute/data/zebrafish/sc/original_raw_data/subject_14_data_cellular_synapse_sc_100_data.pkl,0.4023258806755586,0.3387138621376535,0.0125649395020834,0.0220722119696106,-0.0126352462886626,-0.1056453423531315
14,2,MOS1,1898,124739,16,4.258355667731158e-10,0.001352952766585595,-0.010662548178151716,0.004905478421918398,696600,1118758,15350425,57782,300,1e-09,/remotenas2/remotedata/share/zebrafish/figure_code/two_column_figure/fcv_postdca_raw_recompute/data/zebrafish/sc/original_raw_data/subject_14_data_cellular_synapse_sc_100_data.pkl,0.4770958157029841,0.3459938600791051,0.6406215826263038,0.2872674310388668,0.0425895505433874,-0.0780008715357959
14,3,MOS2,1068,8412,59,9.532643115925758e-10,-0.0014167247590569098,-0.008868154938273478,0.00786181025391147,281983,386415,15350425,57782,300,1e-09,/remotenas2/remotedata/share/zebrafish/figure_code/two_column_figure/fcv_postdca_raw_recompute/data/zebrafish/sc/original_raw_data/subject_14_data_cellular_synapse_sc_100_data.pkl,0.4789440476291298,0.3392807538133628,0.656146463567076,0.0427228994199807,0.077334454037346,-0.0725534930536233
14,4,MOS3,1413,13425,15,5.857245877565968e-10,0.001809032100155394,-0.0126345318254343,0.0027390368667071997,961723,174213,15350425,57782,300,1e-09,/remotenas2/remotedata/share/zebrafish/figure_code/two_column_figure/fcv_postdca_raw_recompute/data/zebrafish/sc/original_raw_data/subject_14_data_cellular_synapse_sc_100_data.pkl,0.4761391475111654,0.3667758186037775,0.6325857081412319,1.0443110576940473,0.0118184918542146,-0.1118024093383303
14,5,MOS4,1173,8080,8,8.417283955319181e-10,-0.0016137972269756307,-0.005634499315689047,0.0007238885834105583,355248,102289,15350425,57782,300,1e-09,/remotenas2/remotedata/share/zebrafish/figure_code/two_column_figure/fcv_postdca_raw_recompute/data/zebrafish/sc/original_raw_data/subject_14_data_cellular_synapse_sc_100_data.pkl,0.4907685124817194,0.3520635921736185,0.7554702586102806,0.5083751765961723,-0.0080225063102738,-0.0530766759030757
14,6,MOS5,1380,18826,27,4.5020298402898185e-10,-0.0024782182320011413,-0.008751136000775251,0.0036146783609035927,355015,185011,15350425,57782,300,1e-09,/remotenas2/remotedata/share/zebrafish/figure_code/two_column_figure/fcv_postdca_raw_recompute/data/zebrafish/sc/original_raw_data/subject_14_data_cellular_synapse_sc_100_data.pkl,0.4287921911988786,0.3574943852531674,0.2348781210912151,0.706207699631697,0.0101066613328998,-0.0768461164092051
14,7,IPN,141,308,10,8.796856450430579e-10,-0.015734842590585996,-0.0077241019173498945,0.0016562329413654527,6618,19453,15350425,57782,300,1e-09,/remotenas2/remotedata/share/zebrafish/figure_code/two_column_figure/fcv_postdca_raw_recompute/data/zebrafish/sc/original_raw_data/subject_14_data_cellular_synapse_sc_100_data.pkl,,,,,0.0066726212735377,-0.0398373313576904
14,8,IO,3,0,0,,,3.21270387095212e-98,,2,0,15350425,57782,300,1e-09,/remotenas2/remotedata/share/zebrafish/figure_code/two_column_figure/fcv_postdca_raw_recompute/data/zebrafish/sc/original_raw_data/subject_14_data_cellular_synapse_sc_100_data.pkl,,,,,0.0,7.887144378199649e-24
14,9,Hc,34,22,54,8.559020518606004e-10,-0.016983057271209818,-0.014894925668537338,-0.0002090300703837891,3310,2457,15350425,57782,300,1e-09,/remotenas2/remotedata/share/zebrafish/figure_code/two_column_figure/fcv_postdca_raw_recompute/data/zebrafish/sc/original_raw_data/subject_14_data_cellular_synapse_sc_100_data.pkl,,,,,0.001899865413317,-0.0245640316964303
14,10,Ra,636,3428,10,3.1238030589208314e-10,-0.0013901527148165184,-0.008657597739465273,0.009386237388259463,107291,359086,15350425,57782,300,1e-09,/remotenas2/remotedata/share/zebrafish/figure_code/two_column_figure/fcv_postdca_raw_recompute/data/zebrafish/sc/original_raw_data/subject_14_data_cellular_synapse_sc_100_data.pkl,0.5304878919283513,0.317476486173095,1.0891073028725051,-0.7515613270330558,0.0951738897041458,-0.0747868284079619
14,11,T,1553,11688,23,9.885147505900126e-10,0.002169941562341332,-0.015679501241095597,8.487888971979926e-05,1513395,476468,15350425,57782,300,1e-09,/remotenas2/remotedata/share/zebrafish/figure_code/two_column_figure/fcv_postdca_raw_recompute/data/zebrafish/sc/original_raw_data/subject_14_data_cellular_synapse_sc_100_data.pkl,0.4141631853964611,0.3501371563797388,0.1119965875825797,0.4381991179640834,-0.0165232708344103,-0.1444874329661808
14,12,aRF,405,1290,23,5.330228711614357e-10,-0.006343169531894599,-0.014980777130054232,-0.0030948603921244554,280901,150587,15350425,57782,300,1e-09,/remotenas2/remotedata/share/zebrafish/figure_code/two_column_figure/fcv_postdca_raw_recompute/data/zebrafish/sc/original_raw_data/subject_14_data_cellular_synapse_sc_100_data.pkl,0.4658900268124303,0.3576596372602912,0.5464945762088396,0.712227487354619,-0.0234372471659636,-0.1285408863326911
14,13,imRF,606,4219,53,7.935857431569478e-10,0.00026316914583092985,-0.018064840491851343,0.0020981625037515047,260329,288849,15350425,57782,300,1e-09,/remotenas2/remotedata/share/zebrafish/figure_code/two_column_figure/fcv_postdca_raw_recompute/data/zebrafish/sc/original_raw_data/subject_14_data_cellular_synapse_sc_100_data.pkl,0.5049504604639912,0.3443971568838942,0.8745965710705075,0.2291028467837647,0.0224312958957597,-0.1828245388826896
14,14,pRF,745,5513,42,6.384563575229834e-10,5.5002245315216355e-05,-0.01634948330812525,,211151,737827,15350425,57782,300,1e-09,/remotenas2/remotedata/share/zebrafish/figure_code/two_column_figure/fcv_postdca_raw_recompute/data/zebrafish/sc/original_raw_data/subject_14_data_cellular_synapse_sc_100_data.pkl,0.4896681034101546,0.3413806501388688,0.7462269815190689,0.1192177652899916,0.0774476375640082,-0.1439827936909792
14,15,GG,0,0,0,,,,,0,0,15350425,57782,300,1e-09,/remotenas2/remotedata/share/zebrafish/figure_code/two_column_figure/fcv_postdca_raw_recompute/data/zebrafish/sc/original_raw_data/subject_14_data_cellular_synapse_sc_100_data.pkl,,,,,0.0,0.0
14,16,Hb,532,1603,223,9.4290418389795e-10,-0.00016385387443661214,0.015373449375931677,-0.0003958577497052407,34202,84,15350425,57782,300,1e-09,/remotenas2/remotedata/share/zebrafish/figure_code/two_column_figure/fcv_postdca_raw_recompute/data/zebrafish/sc/original_raw_data/subject_14_data_cellular_synapse_sc_100_data.pkl,0.2824150912936473,0.4006358857592834,-0.9946683532104847,2.2777630447991037,0.0037776052997529,0.1306669822771218
14,17,Hi,284,398,17,6.974326879433158e-10,0.0015653581247625967,-0.013785607046864283,-0.003012750843655555,17777,3532,15350425,57782,300,1e-09,/remotenas2/remotedata/share/zebrafish/figure_code/two_column_figure/fcv_postdca_raw_recompute/data/zebrafish/sc/original_raw_data/subject_14_data_cellular_synapse_sc_100_data.pkl,,,,,-0.0257911941625928,-0.0605341593407807
14,18,HR,243,619,22,3.7517530481337044e-10,0.0003389798453741933,-0.015252021127165541,0.0010539262673303902,26223,56697,15350425,57782,300,1e-09,/remotenas2/remotedata/share/zebrafish/figure_code/two_column_figure/fcv_postdca_raw_recompute/data/zebrafish/sc/original_raw_data/subject_14_data_cellular_synapse_sc_100_data.pkl,,,,,0.003418794122322,-0.0991257353324477
14,19,OG,19,16,300,1.3082169793458464e-09,-0.006457721826867324,-0.0024989539838195162,-0.009775300506695483,80,248,15350425,57782,300,1e-09,/remotenas2/remotedata/share/zebrafish/figure_code/two_column_figure/fcv_postdca_raw_recompute/data/zebrafish/sc/original_raw_data/subject_14_data_cellular_synapse_sc_100_data.pkl,,,,,-0.053749343891442,-0.0180358470974002
14,20,OB,192,236,56,9.509216825361561e-10,0.001273916167404987,0.0009969218896953263,0.003264893542651284,28,34,15350425,57782,300,1e-09,/remotenas2/remotedata/share/zebrafish/figure_code/two_column_figure/fcv_postdca_raw_recompute/data/zebrafish/sc/original_raw_data/subject_14_data_cellular_synapse_sc_100_data.pkl,0.2987397735730583,0.3960104366424299,-0.8575433824757149,2.1092675312422573,-0.0240359912530252,0.0293687173015762
14,21,OE,47,40,300,3.569988039826841e-07,0.0002676370560750426,-3.1058634598058114e-07,1.844832884325507e-06,7,4,15350425,57782,300,1e-09,/remotenas2/remotedata/share/zebrafish/figure_code/two_column_figure/fcv_postdca_raw_recompute/data/zebrafish/sc/original_raw_data/subject_14_data_cellular_synapse_sc_100_data.pkl,,,,,-0.0006165058257438,0.0044308034163986
14,22,P,1221,2831,87,8.404381311388282e-10,0.00014353734789073898,0.0011121227995439752,-0.031655661846853055,12864,6377,15350425,57782,300,1e-09,/remotenas2/remotedata/share/zebrafish/figure_code/two_column_figure/fcv_postdca_raw_recompute/data/zebrafish/sc/original_raw_data/subject_14_data_cellular_synapse_sc_100_data.pkl,0.3965038437836063,0.3659619981771043,-0.0363393285725597,1.0146652682212518,-0.2286270788411701,0.0335481460279461
14,23,Pi,0,0,0,,,,,0,0,15350425,57782,300,1e-09,/remotenas2/remotedata/share/zebrafish/figure_code/two_column_figure/fcv_postdca_raw_recompute/data/zebrafish/sc/original_raw_data/subject_14_data_cellular_synapse_sc_100_data.pkl,,,,,0.0,0.0
14,24,PT,437,1674,34,5.389756431958667e-10,0.0026010587110327065,-0.005417748336825495,-0.003668257615327973,123751,290848,15350425,57782,300,1e-09,/remotenas2/remotedata/share/zebrafish/figure_code/two_column_figure/fcv_postdca_raw_recompute/data/zebrafish/sc/original_raw_data/subject_14_data_cellular_synapse_sc_100_data.pkl,0.535062787447724,0.3142067852924439,1.1275357637436736,-0.8706697455118553,-0.0238215762871138,-0.0269997921391116
14,25,PO,631,1320,25,4.410675515889751e-10,0.0026967685435244247,0.0051048129924978515,0.00704085667139966,145044,103539,15350425,57782,300,1e-09,/remotenas2/remotedata/share/zebrafish/figure_code/two_column_figure/fcv_postdca_raw_recompute/data/zebrafish/sc/original_raw_data/subject_14_data_cellular_synapse_sc_100_data.pkl,0.4646016919508741,0.3471031342065163,0.5356727496541942,0.3276759857654678,0.0820700959325732,0.0537324328789667
14,26,PrT,652,1706,34,5.925310053343326e-10,-0.00416925895661415,-0.017872361695483563,-0.0015817446917765223,241252,321333,15350425,57782,300,1e-09,/remotenas2/remotedata/share/zebrafish/figure_code/two_column_figure/fcv_postdca_raw_recompute/data/zebrafish/sc/original_raw_data/subject_14_data_cellular_synapse_sc_100_data.pkl,0.5311908148144119,0.3123800824891515,1.095011753478654,-0.93721273824201,-0.0315766782960957,-0.1393497640007968
14,27,R,0,0,0,,,,,0,0,15350425,57782,300,1e-09,/remotenas2/remotedata/share/zebrafish/figure_code/two_column_figure/fcv_postdca_raw_recompute/data/zebrafish/sc/original_raw_data/subject_14_data_cellular_synapse_sc_100_data.pkl,,,,,0.0,0.0
14,28,SP,1001,2487,52,8.015282871061435e-10,-0.00037146157970840716,0.00115775621971594,-0.016960338812287184,23542,2745,15350425,57782,300,1e-09,/remotenas2/remotedata/share/zebrafish/figure_code/two_column_figure/fcv_postdca_raw_recompute/data/zebrafish/sc/original_raw_data/subject_14_data_cellular_synapse_sc_100_data.pkl,0.3545667822994888,0.3655147690709822,-0.3886045812914213,0.9983736398820644,-0.1256243250875001,0.0222162229656189
14,29,TeO,7219,43409,140,9.955611755219046e-10,-0.0007150169047854492,-0.011559526157302043,-0.0020433640035767585,975868,1271926,15350425,57782,300,1e-09,/remotenas2/remotedata/share/zebrafish/figure_code/two_column_figure/fcv_postdca_raw_recompute/data/zebrafish/sc/original_raw_data/subject_14_data_cellular_synapse_sc_100_data.pkl,0.3204787117559913,0.3414147683322,-0.6749394450074016,0.1204606202780661,-0.0326935466965966,-0.1005766540326071
14,30,Th,1209,4084,158,9.082994145380759e-10,-0.001361359573608191,-0.013992333041572989,0.0014485614115617048,157895,423079,15350425,57782,300,1e-09,/remotenas2/remotedata/share/zebrafish/figure_code/two_column_figure/fcv_postdca_raw_recompute/data/zebrafish/sc/original_raw_data/subject_14_data_cellular_synapse_sc_100_data.pkl,0.4824420915729749,0.3519995697960518,0.6855295269075291,0.5060429742273457,0.0122147830348569,-0.0902022527540984
14,31,TL,109,140,300,1.4284020646998157e-09,-0.003996271488027137,-0.05755279414479039,-0.006049081321738242,6503,1566,15350425,57782,300,1e-09,/remotenas2/remotedata/share/zebrafish/figure_code/two_column_figure/fcv_postdca_raw_recompute/data/zebrafish/sc/original_raw_data/subject_14_data_cellular_synapse_sc_100_data.pkl,0.4096426432703388,0.3084288125777794,0.0740246873556686,-1.081149302259657,-0.0482039863918377,-0.4151015586941547
14,32,TS,251,315,62,8.714559102756673e-10,0.0009088275330980049,-0.010296978355020461,-0.005917631063718704,42184,64315,15350425,57782,300,1e-09,/remotenas2/remotedata/share/zebrafish/figure_code/two_column_figure/fcv_postdca_raw_recompute/data/zebrafish/sc/original_raw_data/subject_14_data_cellular_synapse_sc_100_data.pkl,0.1752716957697122,0.3267667016380056,-1.8946573835742344,-0.413138054769557,-0.070981022588674,-0.0930387993929843
14,33,TG,1,0,0,,,,,0,0,15350425,57782,300,1e-09,/remotenas2/remotedata/share/zebrafish/figure_code/two_column_figure/fcv_postdca_raw_recompute/data/zebrafish/sc/original_raw_data/subject_14_data_cellular_synapse_sc_100_data.pkl,,,,,0.0,0.0
14,34,VR,89,116,32,8.573615795935115e-10,0.002655261320142491,-0.019504053922601322,0.00039265544444480203,651,20,15350425,57782,300,1e-09,/remotenas2/remotedata/share/zebrafish/figure_code/two_column_figure/fcv_postdca_raw_recompute/data/zebrafish/sc/original_raw_data/subject_14_data_cellular_synapse_sc_100_data.pkl,,,,,0.0038735120328002,-0.0778549348000456
14,35,NX,653,9005,23,5.734605744254221e-10,-3.1590161378536497e-06,-0.004646726322593165,0.000686855335009227,85134,130936,15350425,57782,300,1e-09,/remotenas2/remotedata/share/zebrafish/figure_code/two_column_figure/fcv_postdca_raw_recompute/data/zebrafish/sc/original_raw_data/subject_14_data_cellular_synapse_sc_100_data.pkl,0.4600935879381332,0.3254202012557881,0.4978053277812404,-0.4621882697161579,0.0121326129994936,-0.0422846895191629
14,36,rMON,1275,29283,15,9.596634706839426e-10,-0.00575445864873956,-0.011858699735259881,0.000856970077747098,346375,236867,15350425,57782,300,1e-09,/remotenas2/remotedata/share/zebrafish/figure_code/two_column_figure/fcv_postdca_raw_recompute/data/zebrafish/sc/original_raw_data/subject_14_data_cellular_synapse_sc_100_data.pkl,0.2684944117659134,0.2912903292507044,-1.1116000484298227,-1.7054686876484162,-0.0044873656772584,-0.0862963117087108
14,37,rCb,1784,8697,15,6.980079645845581e-10,-0.000580248523029985,-0.01555468438097806,-0.0014052604960603538,184598,149083,15350425,57782,300,1e-09,/remotenas2/remotedata/share/zebrafish/figure_code/two_column_figure/fcv_postdca_raw_recompute/data/zebrafish/sc/original_raw_data/subject_14_data_cellular_synapse_sc_100_data.pkl,0.4602884851477499,0.3229706114858853,0.4994424361615169,-0.5514217421544265,-0.0219071999060667,-0.1241592915083388
14,38,rMOS1,1923,125994,15,8.102106433761407e-10,0.001156371385349576,-0.010280889151640493,0.0060471206047898315,564603,1174077,15350425,57782,300,1e-09,/remotenas2/remotedata/share/zebrafish/figure_code/two_column_figure/fcv_postdca_raw_recompute/data/zebrafish/sc/original_raw_data/subject_14_data_cellular_synapse_sc_100_data.pkl,0.5104643369897179,0.3129008345549465,0.920912336626264,-0.9182428210414892,0.0622264729506177,-0.062981079293899
14,39,rMOS2,913,11375,13,3.458507522700782e-10,0.0002663033643453313,-0.0034138057699124045,0.008843129851010819,112136,529764,15350425,57782,300,1e-09,/remotenas2/remotedata/share/zebrafish/figure_code/two_column_figure/fcv_postdca_raw_recompute/data/zebrafish/sc/original_raw_data/subject_14_data_cellular_synapse_sc_100_data.pkl,0.4685006513482496,0.3179870704603725,0.5684234448352865,-0.7329618009058676,0.1065865304042884,-0.0221140100265741
14,40,rMOS3,1490,19218,45,6.665093746361884e-10,0.009260118977262062,-0.014084888754328406,-0.006290263140334508,1045575,301295,15350425,57782,300,1e-09,/remotenas2/remotedata/share/zebrafish/figure_code/two_column_figure/fcv_postdca_raw_recompute/data/zebrafish/sc/original_raw_data/subject_14_data_cellular_synapse_sc_100_data.pkl,0.5113554565588219,0.3193137209471267,0.9283976121583134,-0.684634676462621,-0.0636364779662283,-0.1298559501664864
14,41,rMOS4,1294,5606,56,9.942064268256243e-10,-0.00011804988698456671,-0.0071628210808754485,-0.0011092156828308678,375695,129158,15350425,57782,300,1e-09,/remotenas2/remotedata/share/zebrafish/figure_code/two_column_figure/fcv_postdca_raw_recompute/data/zebrafish/sc/original_raw_data/subject_14_data_cellular_synapse_sc_100_data.pkl,0.5320458895196069,0.3100704196232273,1.1021942573656536,-1.0213489639155524,0.0224893477486728,-0.0643514055907738
14,42,rMOS5,1831,32526,16,6.210021270671359e-10,0.003703976445160461,-0.006398859935997757,-0.003061160902815355,559070,160647,15350425,57782,300,1e-09,/remotenas2/remotedata/share/zebrafish/figure_code/two_column_figure/fcv_postdca_raw_recompute/data/zebrafish/sc/original_raw_data/subject_14_data_cellular_synapse_sc_100_data.pkl,0.4634503549882421,0.3220811552971318,0.5260016856417637,-0.5838227854962001,-0.0360770743547655,-0.0586099676830039
14,43,rIPN,134,189,16,5.183061144763605e-10,-0.020816748561423657,-0.00328426725970003,0.0027237584315301616,9206,23715,15350425,57782,300,1e-09,/remotenas2/remotedata/share/zebrafish/figure_code/two_column_figure/fcv_postdca_raw_recompute/data/zebrafish/sc/original_raw_data/subject_14_data_cellular_synapse_sc_100_data.pkl,,,,,0.0081662685716027,-0.0156473902375392
14,44,rIO,12,4,31,9.313225746154784e-10,0.034517796896571785,0.03433841363241381,-0.008515918927603545,180,3,15350425,57782,300,1e-09,/remotenas2/remotedata/share/zebrafish/figure_code/two_column_figure/fcv_postdca_raw_recompute/data/zebrafish/sc/original_raw_data/subject_14_data_cellular_synapse_sc_100_data.pkl,,,,,-0.1007627368825933,0.2277475452932241
14,45,rHc,13,8,50,8.317318122301066e-10,-0.016829199979976613,-0.001765277928831929,-0.003567988240414352,1126,1416,15350425,57782,300,1e-09,/remotenas2/remotedata/share/zebrafish/figure_code/two_column_figure/fcv_postdca_raw_recompute/data/zebrafish/sc/original_raw_data/subject_14_data_cellular_synapse_sc_100_data.pkl,,,,,-0.0011150989396389,-0.0094334852841517
14,46,rRa,379,1055,32,5.425899731115121e-10,-0.0010037397001744146,-0.016661566838491886,0.0056330647583689615,68905,183662,15350425,57782,300,1e-09,/remotenas2/remotedata/share/zebrafish/figure_code/two_column_figure/fcv_postdca_raw_recompute/data/zebrafish/sc/original_raw_data/subject_14_data_cellular_synapse_sc_100_data.pkl,0.4982844232789193,0.3407612972411018,0.8186028225690307,0.0966560243766767,0.0566004902320983,-0.1557688791252157
14,47,rT,1615,14434,53,7.355343294120493e-10,0.001529755005457798,-0.016959982643918955,-0.001822745458488563,1261383,507571,15350425,57782,300,1e-09,/remotenas2/remotedata/share/zebrafish/figure_code/two_column_figure/fcv_postdca_raw_recompute/data/zebrafish/sc/original_raw_data/subject_14_data_cellular_synapse_sc_100_data.pkl,0.4956482307663084,0.3372322468270488,0.7964591866344494,-0.0318999594557343,-0.0014363681710266,-0.1625578727580447
14,48,raRF,457,1161,36,8.341476690217527e-10,-0.004902786448937826,-0.019155875337623376,-0.007216032538763825,209300,121477,15350425,57782,300,1e-09,/remotenas2/remotedata/share/zebrafish/figure_code/two_column_figure/fcv_postdca_raw_recompute/data/zebrafish/sc/original_raw_data/subject_14_data_cellular_synapse_sc_100_data.pkl,0.525765153205856,0.3069330688577653,1.0494369804719954,-1.135636142323449,-0.0603973210249834,-0.151899145680096
14,49,rimRF,664,4919,31,6.154043854641579e-10,0.0046010100274255375,-0.02090743299826545,-0.00024639612389826384,296910,366556,15350425,57782,300,1e-09,/remotenas2/remotedata/share/zebrafish/figure_code/two_column_figure/fcv_postdca_raw_recompute/data/zebrafish/sc/original_raw_data/subject_14_data_cellular_synapse_sc_100_data.pkl,0.5547688752287117,0.3012982520130016,1.293064051768782,-1.340900827778057,0.0005263627853413,-0.2117433681995581
14,50,rpRF,947,14138,63,7.816717333371071e-10,-0.003952386168454786,-0.0069540464655237074,0.00626867541329326,222792,1001225,15350425,57782,300,1e-09,/remotenas2/remotedata/share/zebrafish/figure_code/two_column_figure/fcv_postdca_raw_recompute/data/zebrafish/sc/original_raw_data/subject_14_data_cellular_synapse_sc_100_data.pkl,0.4386347678055998,0.3279204641116315,0.3175543414335605,-0.3711088819033185,0.0722826006722206,-0.0795712559509132
14,51,rGG,0,0,0,,,,,0,0,15350425,57782,300,1e-09,/remotenas2/remotedata/share/zebrafish/figure_code/two_column_figure/fcv_postdca_raw_recompute/data/zebrafish/sc/original_raw_data/subject_14_data_cellular_synapse_sc_100_data.pkl,,,,,0.0,0.0
14,52,rHb,452,802,117,9.13563688907001e-10,-9.528078267179864e-05,0.006223276508773262,-0.007400133841391285,12780,68,15350425,57782,300,1e-09,/remotenas2/remotedata/share/zebrafish/figure_code/two_column_figure/fcv_postdca_raw_recompute/data/zebrafish/sc/original_raw_data/subject_14_data_cellular_synapse_sc_100_data.pkl,0.3008737797408821,0.3927574960868205,-0.8396180392254076,1.9907696566271849,-0.0164806467017828,0.032975498557372
14,53,rHi,285,462,21,8.714088535956862e-10,0.00589511821130072,-0.016080020535329965,0.000630984234751808,18095,9035,15350425,57782,300,1e-09,/remotenas2/remotedata/share/zebrafish/figure_code/two_column_figure/fcv_postdca_raw_recompute/data/zebrafish/sc/original_raw_data/subject_14_data_cellular_synapse_sc_100_data.pkl,,,,,0.0020728757298281,-0.0747430772780596
14,54,rHR,202,536,12,4.2944439273826456e-10,-0.009732325053364884,-0.02863320332028848,-0.002776086362165617,9471,79256,15350425,57782,300,1e-09,/remotenas2/remotedata/share/zebrafish/figure_code/two_column_figure/fcv_postdca_raw_recompute/data/zebrafish/sc/original_raw_data/subject_14_data_cellular_synapse_sc_100_data.pkl,,,,,-0.0033652589862761,-0.1334104784429254
14,55,rOG,0,0,0,,,,,0,0,15350425,57782,300,1e-09,/remotenas2/remotedata/share/zebrafish/figure_code/two_column_figure/fcv_postdca_raw_recompute/data/zebrafish/sc/original_raw_data/subject_14_data_cellular_synapse_sc_100_data.pkl,,,,,0.0,0.0
14,56,rOB,129,88,255,9.921916301996248e-10,0.0015998703245531348,-0.0003193659749531999,-0.006182260342827706,22,1168,15350425,57782,300,1e-09,/remotenas2/remotedata/share/zebrafish/figure_code/two_column_figure/fcv_postdca_raw_recompute/data/zebrafish/sc/original_raw_data/subject_14_data_cellular_synapse_sc_100_data.pkl,0.2276336635841003,0.3940017258395198,-1.4548244250352118,2.0360943647511838,-0.0389578872709483,0.005996804608611
14,57,rOE,55,45,64,9.70420632560965e-10,0.017487443025027895,3.237064101173385e-62,-2.881856324500032e-31,1,4,15350425,57782,300,1e-09,/remotenas2/remotedata/share/zebrafish/figure_code/two_column_figure/fcv_postdca_raw_recompute/data/zebrafish/sc/original_raw_data/subject_14_data_cellular_synapse_sc_100_data.pkl,,,,,-0.0364628809355296,0.2073989046358637
14,58,rP,1123,2264,103,9.126001760392082e-10,0.00026390694595592785,0.005268785346293075,-0.015297413487845047,69179,13428,15350425,57782,300,1e-09,/remotenas2/remotedata/share/zebrafish/figure_code/two_column_figure/fcv_postdca_raw_recompute/data/zebrafish/sc/original_raw_data/subject_14_data_cellular_synapse_sc_100_data.pkl,0.386964444229081,0.3583600497937957,-0.1164689055133219,0.7377420625997522,-0.0831942695661364,0.0502956419776401
14,59,rPi,0,0,0,,,,,0,0,15350425,57782,300,1e-09,/remotenas2/remotedata/share/zebrafish/figure_code/two_column_figure/fcv_postdca_raw_recompute/data/zebrafish/sc/original_raw_data/subject_14_data_cellular_synapse_sc_100_data.pkl,,,,,0.0,0.0
14,60,rPT,435,1248,26,4.983319062162274e-10,-0.0020627315320223623,-0.0069761662586783155,-0.003124826895936481,105901,185719,15350425,57782,300,1e-09,/remotenas2/remotedata/share/zebrafish/figure_code/two_column_figure/fcv_postdca_raw_recompute/data/zebrafish/sc/original_raw_data/subject_14_data_cellular_synapse_sc_100_data.pkl,0.5421707089969307,0.317768071681863,1.1872412770111067,-0.7409394719862464,-0.0203730114350066,-0.0252525124381984
14,61,rPO,624,1549,300,5.1447765822871774e-06,0.0005899744059479489,0.0032899255843591127,0.0044202402775782934,212607,140340,15350425,57782,300,1e-09,/remotenas2/remotedata/share/zebrafish/figure_code/two_column_figure/fcv_postdca_raw_recompute/data/zebrafish/sc/original_raw_data/subject_14_data_cellular_synapse_sc_100_data.pkl,0.4543946464305635,0.3460368010511702,0.4499350431368489,0.288831681549023,0.0605450600546503,0.0470722392439472
14,62,rPrT,624,1458,48,8.370068785488557e-10,-0.005636403140046026,-0.01790430552435783,-0.0013449188504186611,246177,272175,15350425,57782,300,1e-09,/remotenas2/remotedata/share/zebrafish/figure_code/two_column_figure/fcv_postdca_raw_recompute/data/zebrafish/sc/original_raw_data/subject_14_data_cellular_synapse_sc_100_data.pkl,0.527140839830609,0.3259432750766336,1.0609925492071604,-0.4431337757967725,-0.0119793957210801,-0.1348167866457893
14,63,rR,0,0,0,,,,,0,0,15350425,57782,300,1e-09,/remotenas2/remotedata/share/zebrafish/figure_code/two_column_figure/fcv_postdca_raw_recompute/data/zebrafish/sc/original_raw_data/subject_14_data_cellular_synapse_sc_100_data.pkl,,,,,0.0,0.0
14,64,rSP,895,2512,85,8.13418707877488e-10,-0.0002985461791823284,0.01123532676946187,-0.003395206495630613,9002,899,15350425,57782,300,1e-09,/remotenas2/remotedata/share/zebrafish/figure_code/two_column_figure/fcv_postdca_raw_recompute/data/zebrafish/sc/original_raw_data/subject_14_data_cellular_synapse_sc_100_data.pkl,0.3929806328958961,0.3582295510571023,-0.0659337906025501,0.732988264405852,-0.0164163751756373,0.0028750589662228
14,65,rTeO,6806,42508,300,7.268904145806411e-05,-5.34716472238269e-05,-0.018626990325412433,-0.0027028050211798846,856424,1630525,15350425,57782,300,1e-09,/remotenas2/remotedata/share/zebrafish/figure_code/two_column_figure/fcv_postdca_raw_recompute/data/zebrafish/sc/original_raw_data/subject_14_data_cellular_synapse_sc_100_data.pkl,0.3573839639800377,0.3436964081214614,-0.3649406625156778,0.2035760234164466,-0.0142860828963173,-0.1487986950419039
14,66,rTh,1386,5833,31,7.063538616111065e-10,0.002160930914777765,-0.010113613898635403,-0.0003279082270046423,286865,318468,15350425,57782,300,1e-09,/remotenas2/remotedata/share/zebrafish/figure_code/two_column_figure/fcv_postdca_raw_recompute/data/zebrafish/sc/original_raw_data/subject_14_data_cellular_synapse_sc_100_data.pkl,0.4838471767422852,0.361049180585625,0.6973320391661927,0.8357015174210877,0.0077797612346653,-0.0737707878763292
14,67,rTL,93,93,147,9.878683864945555e-10,0.0012874863845992565,-0.028266892251449963,-0.01365460753620108,6976,4140,15350425,57782,300,1e-09,/remotenas2/remotedata/share/zebrafish/figure_code/two_column_figure/fcv_postdca_raw_recompute/data/zebrafish/sc/original_raw_data/subject_14_data_cellular_synapse_sc_100_data.pkl,,,,,-0.1027446754437651,-0.1801701150382605
14,68,rTS,203,173,184,9.293593737328933e-10,-0.00013458152907776824,-0.003858066155126733,-0.01578441218148808,12488,4348,15350425,57782,300,1e-09,/remotenas2/remotedata/share/zebrafish/figure_code/two_column_figure/fcv_postdca_raw_recompute/data/zebrafish/sc/original_raw_data/subject_14_data_cellular_synapse_sc_100_data.pkl,0.2446747422711998,0.3267531290046508,-1.3116818280607778,-0.4136324776395632,-0.0895458180340192,-0.0528614901764673
14,69,rTG,0,0,0,,,,,0,0,15350425,57782,300,1e-09,/remotenas2/remotedata/share/zebrafish/figure_code/two_column_figure/fcv_postdca_raw_recompute/data/zebrafish/sc/original_raw_data/subject_14_data_cellular_synapse_sc_100_data.pkl,,,,,0.0,0.0
14,70,rVR,89,151,300,3.716051524706464e-05,-0.0013732024661726858,0.0009028289375807002,-0.006653893862854033,5381,402,15350425,57782,300,1e-09,/remotenas2/remotedata/share/zebrafish/figure_code/two_column_figure/fcv_postdca_raw_recompute/data/zebrafish/sc/original_raw_data/subject_14_data_cellular_synapse_sc_100_data.pkl,,,,,-0.0421487357744552,0.0096689999628248
14,71,rNX,781,8931,35,7.335470515776249e-10,1.1207255711290604e-05,-0.017867249053444622,0.005230326551513245,60520,150076,15350425,57782,300,1e-09,/remotenas2/remotedata/share/zebrafish/figure_code/two_column_figure/fcv_postdca_raw_recompute/data/zebrafish/sc/original_raw_data/subject_14_data_cellular_synapse_sc_100_data.pkl,0.4577822495465876,0.3282239626115015,0.4783904194924233,-0.3600530613100298,0.0833858277894395,-0.1241288934479727
15,0,MON,898,16592,20,9.581017912050946e-10,0.0011390330544273088,-0.01088605712318448,0.0018108383301950334,215709,87875,7105695,40195,300,1e-09,/remotenas2/remotedata/share/zebrafish/figure_code/two_column_figure/fcv_postdca_raw_recompute/data/zebrafish/sc/original_raw_data/subject_15_data_cellular_synapse_sc_100_data.pkl,0.1053065033185002,0.3383740450945841,-1.4147861084378974,-0.0402222769561443,-0.0598330116948547,-0.1140484162668882
15,1,Cb,1485,5966,16,9.620514836028966e-10,-0.0009580646779597191,-0.013398736492478672,0.00474478036436801,142997,91175,7105695,40195,300,1e-09,/remotenas2/remotedata/share/zebrafish/figure_code/two_column_figure/fcv_postdca_raw_recompute/data/zebrafish/sc/original_raw_data/subject_15_data_cellular_synapse_sc_100_data.pkl,0.233280985401156,0.3280082219744398,0.0200480906847262,-0.3999210596829059,-0.0200715417059104,-0.0893666660073087
15,2,MOS1,1366,65783,13,7.861780227464027e-10,-0.0007905260382574036,-0.009954125731757198,0.006001839653672424,315747,561614,7105695,40195,300,1e-09,/remotenas2/remotedata/share/zebrafish/figure_code/two_column_figure/fcv_postdca_raw_recompute/data/zebrafish/sc/original_raw_data/subject_15_data_cellular_synapse_sc_100_data.pkl,0.3170793698862194,0.3620609520311825,0.9595853010227798,0.7817241804456883,0.0453684870864998,-0.0477183983737979
15,3,MOS2,534,1850,300,6.125185001045561e-08,-0.0003198999126202636,-0.010855348560751495,0.012326634982719888,87540,107420,7105695,40195,300,1e-09,/remotenas2/remotedata/share/zebrafish/figure_code/two_column_figure/fcv_postdca_raw_recompute/data/zebrafish/sc/original_raw_data/subject_15_data_cellular_synapse_sc_100_data.pkl,0.3531226831265485,0.3528673127041842,1.3636985089473967,0.462700709137973,0.1009382241815052,-0.0886257443242732
15,4,MOS3,1243,11404,12,7.258718558985762e-10,0.001663394999949869,-0.015585250947333495,0.005572718960501915,502255,86435,7105695,40195,300,1e-09,/remotenas2/remotedata/share/zebrafish/figure_code/two_column_figure/fcv_postdca_raw_recompute/data/zebrafish/sc/original_raw_data/subject_15_data_cellular_synapse_sc_100_data.pkl,0.3169405243682363,0.3663688851776193,0.9580285821022972,0.9312114224024126,0.0141953856671813,-0.1356356328390511
15,5,MOS4,944,4781,9,3.153183417656733e-10,-0.003313859946591354,,0.008622748294228792,192416,54078,7105695,40195,300,1e-09,/remotenas2/remotedata/share/zebrafish/figure_code/two_column_figure/fcv_postdca_raw_recompute/data/zebrafish/sc/original_raw_data/subject_15_data_cellular_synapse_sc_100_data.pkl,0.337570555283561,0.3443332503302135,1.189329958787272,0.1665648584628737,0.0200482441574176,-0.0636407953923683
15,6,MOS5,1131,12463,34,5.605777578878712e-10,-0.003960396773657207,,,214855,107798,7105695,40195,300,1e-09,/remotenas2/remotedata/share/zebrafish/figure_code/two_column_figure/fcv_postdca_raw_recompute/data/zebrafish/sc/original_raw_data/subject_15_data_cellular_synapse_sc_100_data.pkl,0.2897089432421575,0.3491718843985568,0.6527114340270763,0.3344676640838821,0.0159749673629163,-0.0831649875087956
15,7,IPN,111,181,11,9.679026856120783e-10,-0.0250086620654647,-0.014542281608584161,,4090,13077,7105695,40195,300,1e-09,/remotenas2/remotedata/share/zebrafish/figure_code/two_column_figure/fcv_postdca_raw_recompute/data/zebrafish/sc/original_raw_data/subject_15_data_cellular_synapse_sc_100_data.pkl,,,,,0.0254168163766675,-0.0655255106117953
15,8,IO,9,6,20,8.603915972377325e-10,-0.024308844358357968,6.524261735492306e-06,-0.022686272116255707,4,107,7105695,40195,300,1e-09,/remotenas2/remotedata/share/zebrafish/figure_code/two_column_figure/fcv_postdca_raw_recompute/data/zebrafish/sc/original_raw_data/subject_15_data_cellular_synapse_sc_100_data.pkl,,,,,-0.0448306292525094,2.7199670367690115e-05
15,9,Hc,8,0,0,,,-0.005864423010794933,-5.077342925056883e-05,510,637,7105695,40195,300,1e-09,/remotenas2/remotedata/share/zebrafish/figure_code/two_column_figure/fcv_postdca_raw_recompute/data/zebrafish/sc/original_raw_data/subject_15_data_cellular_synapse_sc_100_data.pkl,,,,,-0.0004055482343732,-0.0179229390028182
15,10,Ra,332,945,12,2.1749290227052887e-10,-0.0014545763734770388,-0.015692619068055073,0.012344222290992852,40800,119337,7105695,40195,300,1e-09,/remotenas2/remotedata/share/zebrafish/figure_code/two_column_figure/fcv_postdca_raw_recompute/data/zebrafish/sc/original_raw_data/subject_15_data_cellular_synapse_sc_100_data.pkl,0.3052232724882842,0.342104266212393,0.8266561909545806,0.0892180945248304,0.1072110529081651,-0.1258535307473539
15,11,T,604,1447,49,8.784117425416991e-10,0.004183477526520324,-0.01623548103145319,-0.003682963512684801,306412,121173,7105695,40195,300,1e-09,/remotenas2/remotedata/share/zebrafish/figure_code/two_column_figure/fcv_postdca_raw_recompute/data/zebrafish/sc/original_raw_data/subject_15_data_cellular_synapse_sc_100_data.pkl,0.3825768681117316,0.3359610330943834,1.6939352189246946,-0.1239548922166247,-0.0405468366921958,-0.1455490831091644
15,12,aRF,421,1327,26,8.180017226794313e-10,-0.005783230506927433,-0.016566498929407383,-0.000554635075272219,166744,83537,7105695,40195,300,1e-09,/remotenas2/remotedata/share/zebrafish/figure_code/two_column_figure/fcv_postdca_raw_recompute/data/zebrafish/sc/original_raw_data/subject_15_data_cellular_synapse_sc_100_data.pkl,0.3295969858992102,0.3529650162111847,1.099931276678488,0.4660910653237679,-0.0131930387529514,-0.1651429236087809
15,13,imRF,596,3419,41,7.993836591377729e-10,-0.0022052426297101677,-0.020607831596313103,0.005201963608617767,149110,135656,7105695,40195,300,1e-09,/remotenas2/remotedata/share/zebrafish/figure_code/two_column_figure/fcv_postdca_raw_recompute/data/zebrafish/sc/original_raw_data/subject_15_data_cellular_synapse_sc_100_data.pkl,0.3295942092271516,0.3486196768588978,1.0999001449718806,0.3153058109897563,0.0365438373313089,-0.2277606578798203
15,14,pRF,762,5334,35,5.482351944674567e-10,-0.0011244937611104397,-0.014992531594094114,0.010963612563212878,137398,373263,7105695,40195,300,1e-09,/remotenas2/remotedata/share/zebrafish/figure_code/two_column_figure/fcv_postdca_raw_recompute/data/zebrafish/sc/original_raw_data/subject_15_data_cellular_synapse_sc_100_data.pkl,0.306631761025633,0.370066368895377,0.8424479917071316,1.0595157911934314,0.0961823098513438,-0.1508120222361223
15,15,GG,0,0,0,,,,,0,0,7105695,40195,300,1e-09,/remotenas2/remotedata/share/zebrafish/figure_code/two_column_figure/fcv_postdca_raw_recompute/data/zebrafish/sc/original_raw_data/subject_15_data_cellular_synapse_sc_100_data.pkl,,,,,0.0,0.0
15,16,Hb,170,130,69,8.64455424407196e-10,0.003077100749822446,0.02406126476810089,0.0008173437045405797,2304,15,7105695,40195,300,1e-09,/remotenas2/remotedata/share/zebrafish/figure_code/two_column_figure/fcv_postdca_raw_recompute/data/zebrafish/sc/original_raw_data/subject_15_data_cellular_synapse_sc_100_data.pkl,0.1182432722078763,0.3192194056697004,-1.2697406421344388,-0.7048969877672272,0.0028373049288796,0.1161596609663436
15,17,Hi,193,213,12,2.1637785698635238e-10,0.003041676809740389,-0.019791757558903354,-0.004006491383695385,5798,3241,7105695,40195,300,1e-09,/remotenas2/remotedata/share/zebrafish/figure_code/two_column_figure/fcv_postdca_raw_recompute/data/zebrafish/sc/original_raw_data/subject_15_data_cellular_synapse_sc_100_data.pkl,,,,,-0.009021501738083,-0.0966665824868539
15,18,HR,68,59,39,8.639283876243109e-10,-0.004442518633712073,-0.012426368531436189,,14679,26024,7105695,40195,300,1e-09,/remotenas2/remotedata/share/zebrafish/figure_code/two_column_figure/fcv_postdca_raw_recompute/data/zebrafish/sc/original_raw_data/subject_15_data_cellular_synapse_sc_100_data.pkl,,,,,-0.0459258975390171,-0.0953278181592482
15,19,OG,30,19,48,7.562696100008464e-10,1.2553625263527226e-11,-0.0008785795345574572,0.00011804537562470819,445,113,7105695,40195,300,1e-09,/remotenas2/remotedata/share/zebrafish/figure_code/two_column_figure/fcv_postdca_raw_recompute/data/zebrafish/sc/original_raw_data/subject_15_data_cellular_synapse_sc_100_data.pkl,,,,,0.000587319078472,-0.00675341745928
15,20,OB,26,8,31,7.604216979143452e-10,-0.0038099094333838715,-0.00013287718294855393,4.44526035451208e-28,7,3,7105695,40195,300,1e-09,/remotenas2/remotedata/share/zebrafish/figure_code/two_column_figure/fcv_postdca_raw_recompute/data/zebrafish/sc/original_raw_data/subject_15_data_cellular_synapse_sc_100_data.pkl,0.0589921299861528,0.3732115562258786,-1.934057182535812,1.1686552238382484,0.0006922224320381,-0.0080312233569453
15,21,OE,0,0,0,,,,,0,0,7105695,40195,300,1e-09,/remotenas2/remotedata/share/zebrafish/figure_code/two_column_figure/fcv_postdca_raw_recompute/data/zebrafish/sc/original_raw_data/subject_15_data_cellular_synapse_sc_100_data.pkl,,,,,0.0,0.0
15,22,P,697,843,27,6.213153311765465e-10,0.0029776099144587834,-0.0018581544380635805,-0.037111428112108914,8165,4388,7105695,40195,300,1e-09,/remotenas2/remotedata/share/zebrafish/figure_code/two_column_figure/fcv_postdca_raw_recompute/data/zebrafish/sc/original_raw_data/subject_15_data_cellular_synapse_sc_100_data.pkl,0.1909226300088355,0.3698167747691468,-0.4548685954108432,1.050854761351403,-0.2698038641158498,0.0192726867097706
15,23,Pi,0,0,0,,,,,0,0,7105695,40195,300,1e-09,/remotenas2/remotedata/share/zebrafish/figure_code/two_column_figure/fcv_postdca_raw_recompute/data/zebrafish/sc/original_raw_data/subject_15_data_cellular_synapse_sc_100_data.pkl,,,,,0.0,0.0
15,24,PT,345,979,133,8.800158150758792e-10,0.0025877452552142462,-0.010807781535401064,-0.007057730613892822,78051,155810,7105695,40195,300,1e-09,/remotenas2/remotedata/share/zebrafish/figure_code/two_column_figure/fcv_postdca_raw_recompute/data/zebrafish/sc/original_raw_data/subject_15_data_cellular_synapse_sc_100_data.pkl,0.3126041395686289,0.3457641954517599,0.9094095675161428,0.2162193058138814,-0.0579955969268591,-0.0920089540935176
15,25,PO,419,806,19,5.077378364232515e-10,0.003189411552745858,,,74289,54485,7105695,40195,300,1e-09,/remotenas2/remotedata/share/zebrafish/figure_code/two_column_figure/fcv_postdca_raw_recompute/data/zebrafish/sc/original_raw_data/subject_15_data_cellular_synapse_sc_100_data.pkl,0.2372326217265034,0.3610013358199528,0.0643533525606184,0.7449550153809109,0.0490162788170241,0.0523601854191132
15,26,PrT,349,549,32,6.092744056640124e-10,-0.01007198018698958,-0.01613050780714855,-0.0027013363612703356,98805,163712,7105695,40195,300,1e-09,/remotenas2/remotedata/share/zebrafish/figure_code/two_column_figure/fcv_postdca_raw_recompute/data/zebrafish/sc/original_raw_data/subject_15_data_cellular_synapse_sc_100_data.pkl,0.3171750464816604,0.3438523613927347,0.9606580152776864,0.1498777933419444,-0.03836494369368,-0.1219358411870254
15,27,R,0,0,0,,,,,0,0,7105695,40195,300,1e-09,/remotenas2/remotedata/share/zebrafish/figure_code/two_column_figure/fcv_postdca_raw_recompute/data/zebrafish/sc/original_raw_data/subject_15_data_cellular_synapse_sc_100_data.pkl,,,,,0.0,0.0
15,28,SP,545,867,300,4.761126422064698e-06,0.0010301096524622706,0.006498397116356669,-0.031179592860476554,10401,2270,7105695,40195,300,1e-09,/remotenas2/remotedata/share/zebrafish/figure_code/two_column_figure/fcv_postdca_raw_recompute/data/zebrafish/sc/original_raw_data/subject_15_data_cellular_synapse_sc_100_data.pkl,0.2306502792823389,0.3738781064015747,-0.0094470637061463,1.1917848184729738,-0.2226130657309183,0.0565360139947378
15,29,TeO,4238,12227,36,8.217496609265527e-10,-0.0006172286830471999,-0.014063468850503545,-0.0034083969193655687,328059,374241,7105695,40195,300,1e-09,/remotenas2/remotedata/share/zebrafish/figure_code/two_column_figure/fcv_postdca_raw_recompute/data/zebrafish/sc/original_raw_data/subject_15_data_cellular_synapse_sc_100_data.pkl,0.1433902763494579,0.3147384937680252,-0.9877955155699482,-0.860386671302941,-0.0476828836731253,-0.1085181364163195
15,30,Th,1008,2783,224,9.7412460077512e-10,0.0011075464335034728,,-0.0002493624428914318,144746,383675,7105695,40195,300,1e-09,/remotenas2/remotedata/share/zebrafish/figure_code/two_column_figure/fcv_postdca_raw_recompute/data/zebrafish/sc/original_raw_data/subject_15_data_cellular_synapse_sc_100_data.pkl,0.257718389100149,0.3348778811084686,0.2940372641078622,-0.161540759380856,-0.0078191097541013,-0.1302175842913176
15,31,TL,95,71,116,9.80148573508495e-10,-0.0005206465937858299,-0.06482680251960614,0.00424645645626132,3373,639,7105695,40195,300,1e-09,/remotenas2/remotedata/share/zebrafish/figure_code/two_column_figure/fcv_postdca_raw_recompute/data/zebrafish/sc/original_raw_data/subject_15_data_cellular_synapse_sc_100_data.pkl,0.0945795798617138,0.3316042701127958,-1.5350550587527496,-0.2751365516895384,-0.0454404413593284,-0.4756729432668132
15,32,TS,62,39,92,9.48596498247285e-10,-0.005358434863960486,-0.005938847013055109,-0.009460556413685922,5974,3407,7105695,40195,300,1e-09,/remotenas2/remotedata/share/zebrafish/figure_code/two_column_figure/fcv_postdca_raw_recompute/data/zebrafish/sc/original_raw_data/subject_15_data_cellular_synapse_sc_100_data.pkl,0.1458931066200484,0.3220319654391828,-0.9597340895074994,-0.6072998829639387,-0.0929199480797712,-0.0890268518615738
15,33,TG,6,5,23,6.551185057667686e-10,3.6451934063800685e-11,,,0,0,7105695,40195,300,1e-09,/remotenas2/remotedata/share/zebrafish/figure_code/two_column_figure/fcv_postdca_raw_recompute/data/zebrafish/sc/original_raw_data/subject_15_data_cellular_synapse_sc_100_data.pkl,,,,,0.0,0.0
15,34,VR,96,121,113,9.51101885246833e-10,0.004844690845468983,-0.00556516140108727,0.002141395413348704,931,238,7105695,40195,300,1e-09,/remotenas2/remotedata/share/zebrafish/figure_code/two_column_figure/fcv_postdca_raw_recompute/data/zebrafish/sc/original_raw_data/subject_15_data_cellular_synapse_sc_100_data.pkl,,,,,-0.0063530373560395,-0.0080514581042207
15,35,NX,442,4009,23,4.164658059082294e-10,0.00018990204579894397,,,56519,82024,7105695,40195,300,1e-09,/remotenas2/remotedata/share/zebrafish/figure_code/two_column_figure/fcv_postdca_raw_recompute/data/zebrafish/sc/original_raw_data/subject_15_data_cellular_synapse_sc_100_data.pkl,0.3201795841647257,0.3468929308853778,0.9943445233225509,0.2553869393715026,0.0380646993307987,-0.0530615357516261
15,36,rMON,1007,22364,13,6.883698197693105e-10,-0.007655225327053178,-0.018492646099134497,-0.0032137185492174397,181409,154081,7105695,40195,300,1e-09,/remotenas2/remotedata/share/zebrafish/figure_code/two_column_figure/fcv_postdca_raw_recompute/data/zebrafish/sc/original_raw_data/subject_15_data_cellular_synapse_sc_100_data.pkl,0.1082645395792724,0.324770844599493,-1.3816209686371403,-0.5122595288520916,-0.0290412705049574,-0.1329528256971039
15,37,rCb,1679,7224,24,6.708872926052078e-10,-0.0013871728955216238,-0.01669141898475681,-2.3106711531857182e-05,113270,96524,7105695,40195,300,1e-09,/remotenas2/remotedata/share/zebrafish/figure_code/two_column_figure/fcv_postdca_raw_recompute/data/zebrafish/sc/original_raw_data/subject_15_data_cellular_synapse_sc_100_data.pkl,0.2816732234880296,0.342504403913271,0.562615929594082,0.1031030549626751,-0.0133594872396126,-0.1155048869911369
15,38,rMOS1,1276,49623,13,6.231927160079619e-10,0.002021049348785813,-0.010620526640919241,0.008815419785142019,262025,442298,7105695,40195,300,1e-09,/remotenas2/remotedata/share/zebrafish/figure_code/two_column_figure/fcv_postdca_raw_recompute/data/zebrafish/sc/original_raw_data/subject_15_data_cellular_synapse_sc_100_data.pkl,0.3355164439186072,0.365989121942657,1.1662995140667485,0.9180334652100988,0.0697876423260683,-0.0425812413757193
15,39,rMOS2,543,2643,14,5.543574657395311e-10,0.0027547363462262575,-0.0006264455908755566,0.011891301722742503,42258,185528,7105695,40195,300,1e-09,/remotenas2/remotedata/share/zebrafish/figure_code/two_column_figure/fcv_postdca_raw_recompute/data/zebrafish/sc/original_raw_data/subject_15_data_cellular_synapse_sc_100_data.pkl,0.3557189869737574,0.3461277011796739,1.3928079492878778,0.2288331201081629,0.1191490036668979,0.0071685153164271
15,40,rMOS3,1298,13432,59,7.735608742796891e-10,0.00706986821650802,-0.016882315225771886,-0.008556607941840707,575589,169809,7105695,40195,300,1e-09,/remotenas2/remotedata/share/zebrafish/figure_code/two_column_figure/fcv_postdca_raw_recompute/data/zebrafish/sc/original_raw_data/subject_15_data_cellular_synapse_sc_100_data.pkl,0.3249554485154386,0.362247911915004,1.047890928740684,0.788211773553337,-0.1020699644099956,-0.1152284687197849
15,41,rMOS4,1101,4455,44,8.111735432583226e-10,0.002613645185129025,-0.010504792298498076,0.0005179955545119342,219913,92035,7105695,40195,300,1e-09,/remotenas2/remotedata/share/zebrafish/figure_code/two_column_figure/fcv_postdca_raw_recompute/data/zebrafish/sc/original_raw_data/subject_15_data_cellular_synapse_sc_100_data.pkl,0.3485930226810632,0.3437033128439462,1.3129125115217732,0.144705740824259,0.0185426268736737,-0.0694697388699785
15,42,rMOS5,1356,21809,13,9.604185424100139e-10,0.0034044650485866444,,-0.007207885337842655,278837,95398,7105695,40195,300,1e-09,/remotenas2/remotedata/share/zebrafish/figure_code/two_column_figure/fcv_postdca_raw_recompute/data/zebrafish/sc/original_raw_data/subject_15_data_cellular_synapse_sc_100_data.pkl,0.295921680589982,0.3431853196428129,0.7223678832797268,0.1267311408577316,-0.066149961764562,-0.0740156877568291
15,43,rIPN,111,175,12,2.9307851577676787e-10,-0.021591072899853306,-0.008696592340917877,0.005611133672788274,4643,12544,7105695,40195,300,1e-09,/remotenas2/remotedata/share/zebrafish/figure_code/two_column_figure/fcv_postdca_raw_recompute/data/zebrafish/sc/original_raw_data/subject_15_data_cellular_synapse_sc_100_data.pkl,,,,,0.0201408028448326,-0.0394221538576764
15,44,rIO,32,30,86,9.850391778279927e-10,0.010433027282208539,0.030412926701996808,-0.015263067078065509,214,14,7105695,40195,300,1e-09,/remotenas2/remotedata/share/zebrafish/figure_code/two_column_figure/fcv_postdca_raw_recompute/data/zebrafish/sc/original_raw_data/subject_15_data_cellular_synapse_sc_100_data.pkl,,,,,-0.0891872419522,0.2750278568992933
15,45,rHc,28,11,51,6.791061809347027e-10,-0.007813557113757424,0.0001485833509089941,-0.005116590680800803,496,2129,7105695,40195,300,1e-09,/remotenas2/remotedata/share/zebrafish/figure_code/two_column_figure/fcv_postdca_raw_recompute/data/zebrafish/sc/original_raw_data/subject_15_data_cellular_synapse_sc_100_data.pkl,,,,,-0.0103061861761378,-0.0057847491513645
15,46,rRa,204,273,40,7.37659247996212e-10,-0.005866680328920592,-0.020652616882353377,0.010419587453492295,23333,72330,7105695,40195,300,1e-09,/remotenas2/remotedata/share/zebrafish/figure_code/two_column_figure/fcv_postdca_raw_recompute/data/zebrafish/sc/original_raw_data/subject_15_data_cellular_synapse_sc_100_data.pkl,0.2817913042427343,0.3532426770112616,0.5639398365351475,0.4757260215294659,0.0878025305224803,-0.1619958423121629
15,47,rT,876,4546,31,5.153706649655019e-10,0.0022574925569809516,-0.0209693085801675,-0.0015901178023219914,500122,205024,7105695,40195,300,1e-09,/remotenas2/remotedata/share/zebrafish/figure_code/two_column_figure/fcv_postdca_raw_recompute/data/zebrafish/sc/original_raw_data/subject_15_data_cellular_synapse_sc_100_data.pkl,0.3834754422055881,0.3399576096906306,1.70400992146952,0.0147281356608931,-0.0138084322850171,-0.1627787930997403
15,48,raRF,545,1062,22,5.21333912875564e-10,-0.0055488367105598155,,-0.008174494549159922,117919,79712,7105695,40195,300,1e-09,/remotenas2/remotedata/share/zebrafish/figure_code/two_column_figure/fcv_postdca_raw_recompute/data/zebrafish/sc/original_raw_data/subject_15_data_cellular_synapse_sc_100_data.pkl,0.3583818450455811,0.3410753078809367,1.4226635874329467,0.0535127718493791,-0.0669674274976702,-0.1251732712630067
15,49,rimRF,633,3775,28,5.298742173730593e-10,0.005454019747044443,-0.023972491963718336,-0.00048213100181706983,149481,165230,7105695,40195,300,1e-09,/remotenas2/remotedata/share/zebrafish/figure_code/two_column_figure/fcv_postdca_raw_recompute/data/zebrafish/sc/original_raw_data/subject_15_data_cellular_synapse_sc_100_data.pkl,0.3478354251878549,0.3342008770668347,1.3044184213349277,-0.1850331079241711,-0.0056198854950655,-0.186164117174117
15,50,rpRF,861,8504,50,9.638755493197186e-10,0.00017464119992299367,-0.00643945991947313,0.009188609312681036,105712,461935,7105695,40195,300,1e-09,/remotenas2/remotedata/share/zebrafish/figure_code/two_column_figure/fcv_postdca_raw_recompute/data/zebrafish/sc/original_raw_data/subject_15_data_cellular_synapse_sc_100_data.pkl,0.2984893901381045,0.3614798730325835,0.7511567278454769,0.7615604745786675,0.0849785639017712,-0.0529257256460701
15,51,rGG,0,0,0,,,,,0,0,7105695,40195,300,1e-09,/remotenas2/remotedata/share/zebrafish/figure_code/two_column_figure/fcv_postdca_raw_recompute/data/zebrafish/sc/original_raw_data/subject_15_data_cellular_synapse_sc_100_data.pkl,,,,,0.0,0.0
15,52,rHb,198,155,89,8.928124753004923e-10,-0.0007796223677349486,0.008181882366477345,0.016862071978782343,3808,15,7105695,40195,300,1e-09,/remotenas2/remotedata/share/zebrafish/figure_code/two_column_figure/fcv_postdca_raw_recompute/data/zebrafish/sc/original_raw_data/subject_15_data_cellular_synapse_sc_100_data.pkl,0.0845389424071019,0.3454646136427297,-1.6476294545730334,0.2058236806149677,0.0124222541702034,0.0312034865640433
15,53,rHi,216,229,11,1.1529422741858774e-10,0.014058112112988817,-0.018637855861440056,-0.0017460102966314632,10684,5062,7105695,40195,300,1e-09,/remotenas2/remotedata/share/zebrafish/figure_code/two_column_figure/fcv_postdca_raw_recompute/data/zebrafish/sc/original_raw_data/subject_15_data_cellular_synapse_sc_100_data.pkl,,,,,-0.0149259421451256,-0.0840706802655314
15,54,rHR,62,70,16,3.6163584001708617e-10,-0.038361520574995076,-0.021773853467475294,-0.004853157573542254,4509,41799,7105695,40195,300,1e-09,/remotenas2/remotedata/share/zebrafish/figure_code/two_column_figure/fcv_postdca_raw_recompute/data/zebrafish/sc/original_raw_data/subject_15_data_cellular_synapse_sc_100_data.pkl,,,,,-0.0287018180187855,-0.0932320071008434
15,55,rOG,19,8,24,3.956531168906553e-10,1.0992164886560666e-11,-0.0001466038220386434,3.253702056994895e-05,1,1,7105695,40195,300,1e-09,/remotenas2/remotedata/share/zebrafish/figure_code/two_column_figure/fcv_postdca_raw_recompute/data/zebrafish/sc/original_raw_data/subject_15_data_cellular_synapse_sc_100_data.pkl,,,,,0.0001851492392024,-0.0004948916346804
15,56,rOB,5,0,0,,,,-0.014989967990467179,0,56,7105695,40195,300,1e-09,/remotenas2/remotedata/share/zebrafish/figure_code/two_column_figure/fcv_postdca_raw_recompute/data/zebrafish/sc/original_raw_data/subject_15_data_cellular_synapse_sc_100_data.pkl,0.0616230353817161,0.3412720508315569,-1.9045597938784984,0.0603398418300176,-0.1064875308001984,0.0
15,57,rOE,0,0,0,,,,,0,0,7105695,40195,300,1e-09,/remotenas2/remotedata/share/zebrafish/figure_code/two_column_figure/fcv_postdca_raw_recompute/data/zebrafish/sc/original_raw_data/subject_15_data_cellular_synapse_sc_100_data.pkl,,,,,0.0,0.0
15,58,rP,706,821,300,3.0402347277318525e-08,-0.0001406420456871724,,-0.020652703918328904,29120,7152,7105695,40195,300,1e-09,/remotenas2/remotedata/share/zebrafish/figure_code/two_column_figure/fcv_postdca_raw_recompute/data/zebrafish/sc/original_raw_data/subject_15_data_cellular_synapse_sc_100_data.pkl,0.2011561171591451,0.3708426120213284,-0.340131992452274,1.0864517811547223,-0.1236770715684052,0.0544025146479186
15,59,rPi,0,0,0,,,,,0,0,7105695,40195,300,1e-09,/remotenas2/remotedata/share/zebrafish/figure_code/two_column_figure/fcv_postdca_raw_recompute/data/zebrafish/sc/original_raw_data/subject_15_data_cellular_synapse_sc_100_data.pkl,,,,,0.0,0.0
15,60,rPT,352,710,36,7.512718458688418e-10,-0.0022689413010646316,-0.00600087603148404,-0.00557493955337332,65867,112793,7105695,40195,300,1e-09,/remotenas2/remotedata/share/zebrafish/figure_code/two_column_figure/fcv_postdca_raw_recompute/data/zebrafish/sc/original_raw_data/subject_15_data_cellular_synapse_sc_100_data.pkl,0.2608451903514516,0.3625062268016659,0.3290945762861668,0.79717541775366,-0.0394611454814212,0.0088595452931917
15,61,rPO,372,649,76,8.644618073066058e-10,-0.0020584613368474303,,,82422,48149,7105695,40195,300,1e-09,/remotenas2/remotedata/share/zebrafish/figure_code/two_column_figure/fcv_postdca_raw_recompute/data/zebrafish/sc/original_raw_data/subject_15_data_cellular_synapse_sc_100_data.pkl,0.2376598818398251,0.3777577303020827,0.0691437405546791,1.3264095345496425,0.0389637163844127,0.055858755893499
15,62,rPrT,406,795,15,3.7959414146489025e-10,-0.004536800980339464,-0.021640139127279766,-0.004062897518795443,121039,133538,7105695,40195,300,1e-09,/remotenas2/remotedata/share/zebrafish/figure_code/two_column_figure/fcv_postdca_raw_recompute/data/zebrafish/sc/original_raw_data/subject_15_data_cellular_synapse_sc_100_data.pkl,0.3221868713334679,0.3532107272493126,1.0168499808973754,0.4746173502403365,-0.0431461436477917,-0.1521443613172752
15,63,rR,0,0,0,,,,,0,0,7105695,40195,300,1e-09,/remotenas2/remotedata/share/zebrafish/figure_code/two_column_figure/fcv_postdca_raw_recompute/data/zebrafish/sc/original_raw_data/subject_15_data_cellular_synapse_sc_100_data.pkl,,,,,0.0,0.0
15,64,rSP,515,917,275,9.878442009650986e-10,0.0006151173948251255,0.014512241913404503,-0.0033170722222282153,3539,245,7105695,40195,300,1e-09,/remotenas2/remotedata/share/zebrafish/figure_code/two_column_figure/fcv_postdca_raw_recompute/data/zebrafish/sc/original_raw_data/subject_15_data_cellular_synapse_sc_100_data.pkl,0.2309475453466007,0.3895130589522187,-0.0061141530484896,1.734324791929427,-0.022229845799693,0.036604494838996
15,65,rTeO,4463,14443,109,9.874380965706023e-10,-0.0004006271325836637,,-0.0047009650128242925,354067,693635,7105695,40195,300,1e-09,/remotenas2/remotedata/share/zebrafish/figure_code/two_column_figure/fcv_postdca_raw_recompute/data/zebrafish/sc/original_raw_data/subject_15_data_cellular_synapse_sc_100_data.pkl,0.1916281072210306,0.3477461269622702,-0.4469588714230134,0.2849932317737946,-0.0354972069714973,-0.157793435478575
15,66,rTh,1027,3120,21,3.9003598337059893e-10,0.0030232046601232822,-0.007133927389090646,-0.003044436050128427,166323,219553,7105695,40195,300,1e-09,/remotenas2/remotedata/share/zebrafish/figure_code/two_column_figure/fcv_postdca_raw_recompute/data/zebrafish/sc/original_raw_data/subject_15_data_cellular_synapse_sc_100_data.pkl,0.2030431885660856,0.3586322554392215,-0.318974379256263,0.6627468473218896,-0.0122271372219236,-0.028572803889318
15,67,rTL,87,58,69,8.690443789755713e-10,-0.00352157785865545,-0.029558457309168923,-0.013100242352322286,3859,2077,7105695,40195,300,1e-09,/remotenas2/remotedata/share/zebrafish/figure_code/two_column_figure/fcv_postdca_raw_recompute/data/zebrafish/sc/original_raw_data/subject_15_data_cellular_synapse_sc_100_data.pkl,,,,,-0.1325073132871383,-0.1843118559567466
15,68,rTS,91,41,128,9.682157525202027e-10,-0.002120890041529191,,-0.007771462574221751,4321,1091,7105695,40195,300,1e-09,/remotenas2/remotedata/share/zebrafish/figure_code/two_column_figure/fcv_postdca_raw_recompute/data/zebrafish/sc/original_raw_data/subject_15_data_cellular_synapse_sc_100_data.pkl,0.170592441325819,0.3097860801999672,-0.682808177757949,-1.0322376773777209,-0.0344509299494845,-0.0183158613272584
15,69,rTG,2,0,0,,,,0.08422893502906063,0,2,7105695,40195,300,1e-09,/remotenas2/remotedata/share/zebrafish/figure_code/two_column_figure/fcv_postdca_raw_recompute/data/zebrafish/sc/original_raw_data/subject_15_data_cellular_synapse_sc_100_data.pkl,,,,,-0.0164404908460824,0.0
15,70,rVR,69,78,72,7.828461809094715e-10,-0.005342054868374077,-0.0003162109520233408,-0.014744354279184866,1291,233,7105695,40195,300,1e-09,/remotenas2/remotedata/share/zebrafish/figure_code/two_column_figure/fcv_postdca_raw_recompute/data/zebrafish/sc/original_raw_data/subject_15_data_cellular_synapse_sc_100_data.pkl,,,,,-0.1063690646710504,0.0044943815345927
15,71,rNX,822,17535,24,4.377197027309725e-10,-1.1325264430765498e-05,-0.030748614775909608,0.006296964281108139,35710,73455,7105695,40195,300,1e-09,/remotenas2/remotedata/share/zebrafish/figure_code/two_column_figure/fcv_postdca_raw_recompute/data/zebrafish/sc/original_raw_data/subject_15_data_cellular_synapse_sc_100_data.pkl,0.336180080071325,0.3493119633106505,1.173740121226844,0.3393284661236057,0.0762179440972123,-0.1923920759493108
16,0,MON,979,17103,33,9.873726941028866e-10,0.0006641255922995227,-0.012410018550550937,-0.0014117768694663177,274013,105655,10790078,49001,300,1e-09,/remotenas2/remotedata/share/zebrafish/figure_code/two_column_figure/fcv_postdca_raw_recompute/data/zebrafish/sc/original_raw_data/subject_16_data_cellular_synapse_sc_100_data.pkl,0.1111254853552826,0.3190109666016348,-0.9907580757503804,-0.1490624322758114,-0.0715136183157832,-0.120150063403521
16,1,Cb,1796,9198,16,2.588548170265441e-10,-0.00043841136499224784,-0.016663768434271833,0.0006884914570073377,209348,130722,10790078,49001,300,1e-09,/remotenas2/remotedata/share/zebrafish/figure_code/two_column_figure/fcv_postdca_raw_recompute/data/zebrafish/sc/original_raw_data/subject_16_data_cellular_synapse_sc_100_data.pkl,0.2078517488189448,0.315480588455141,0.6716821209888183,-0.2860622386547654,-0.0419659113295977,-0.1260033745012759
16,2,MOS1,1451,79310,12,4.2961110570924884e-10,-0.0013418254346110466,,,417354,853379,10790078,49001,300,1e-09,/remotenas2/remotedata/share/zebrafish/figure_code/two_column_figure/fcv_postdca_raw_recompute/data/zebrafish/sc/original_raw_data/subject_16_data_cellular_synapse_sc_100_data.pkl,0.1975919779571184,0.3371526946934338,0.4953468126737055,0.5549452215287783,0.039591533819022,-0.0315335028982456
16,3,MOS2,563,2178,35,9.614332823228712e-10,-0.003226144024428835,-0.009639567483734526,0.010115840198813597,148490,187456,10790078,49001,300,1e-09,/remotenas2/remotedata/share/zebrafish/figure_code/two_column_figure/fcv_postdca_raw_recompute/data/zebrafish/sc/original_raw_data/subject_16_data_cellular_synapse_sc_100_data.pkl,0.2269960311407815,0.3301024845304951,1.0007160702998177,0.2813548617502374,0.0953218779865591,-0.0790331491274655
16,4,MOS3,1343,13492,12,4.5454638019712107e-10,0.0020616001391892493,-0.015538921253128987,0.00013786278629910974,739123,113549,10790078,49001,300,1e-09,/remotenas2/remotedata/share/zebrafish/figure_code/two_column_figure/fcv_postdca_raw_recompute/data/zebrafish/sc/original_raw_data/subject_16_data_cellular_synapse_sc_100_data.pkl,0.2057431817008878,0.3455064218185363,0.6354420491711217,0.8791198428277124,-0.0105604061997116,-0.1457990098255666
16,5,MOS4,1047,6184,12,8.071706000390958e-10,-0.003097751886143539,-0.007043935239816086,-0.0006821508683748428,273416,69359,10790078,49001,300,1e-09,/remotenas2/remotedata/share/zebrafish/figure_code/two_column_figure/fcv_postdca_raw_recompute/data/zebrafish/sc/original_raw_data/subject_16_data_cellular_synapse_sc_100_data.pkl,0.2528654986229295,0.3252998534073657,1.445336187634516,0.0949840236484553,-0.0333292281327505,-0.0564452543670403
16,6,MOS5,1227,14211,37,7.362617047583646e-10,-0.003500306199192952,-0.009121589742181855,,287473,143928,10790078,49001,300,1e-09,/remotenas2/remotedata/share/zebrafish/figure_code/two_column_figure/fcv_postdca_raw_recompute/data/zebrafish/sc/original_raw_data/subject_16_data_cellular_synapse_sc_100_data.pkl,0.1942697218538701,0.3368507296500985,0.4382469941536087,0.5432271701604745,-0.008938693661435,-0.0751494823798052
16,7,IPN,114,211,10,8.900055110513327e-10,-0.02066388448915836,-0.03164376324166699,0.0018095144967943911,4854,15233,10790078,49001,300,1e-09,/remotenas2/remotedata/share/zebrafish/figure_code/two_column_figure/fcv_postdca_raw_recompute/data/zebrafish/sc/original_raw_data/subject_16_data_cellular_synapse_sc_100_data.pkl,,,,,0.010938285075105,-0.0804636410553223
16,8,IO,2,0,0,,,-0.0024511905218647097,-0.01227449158240289,1,48,10790078,49001,300,1e-09,/remotenas2/remotedata/share/zebrafish/figure_code/two_column_figure/fcv_postdca_raw_recompute/data/zebrafish/sc/original_raw_data/subject_16_data_cellular_synapse_sc_100_data.pkl,,,,,-0.0231462936277557,-0.0334887373535121
16,9,Hc,2,0,0,,,-0.0012246744390700187,,123,0,10790078,49001,300,1e-09,/remotenas2/remotedata/share/zebrafish/figure_code/two_column_figure/fcv_postdca_raw_recompute/data/zebrafish/sc/original_raw_data/subject_16_data_cellular_synapse_sc_100_data.pkl,,,,,0.0,-0.0036247576197593
16,10,Ra,342,906,12,3.8525492413043626e-10,-0.0004978747011005559,-0.013834228485085344,0.010395719598199312,47224,164028,10790078,49001,300,1e-09,/remotenas2/remotedata/share/zebrafish/figure_code/two_column_figure/fcv_postdca_raw_recompute/data/zebrafish/sc/original_raw_data/subject_16_data_cellular_synapse_sc_100_data.pkl,0.1348790404886873,0.3133241697090377,-0.5825042731617197,-0.3697441952127326,0.0978731260909334,-0.0991362210942945
16,11,T,1109,5119,48,8.97167607677441e-10,0.0030340638105671404,,-0.004211906701098659,951338,304565,10790078,49001,300,1e-09,/remotenas2/remotedata/share/zebrafish/figure_code/two_column_figure/fcv_postdca_raw_recompute/data/zebrafish/sc/original_raw_data/subject_16_data_cellular_synapse_sc_100_data.pkl,0.2421660324173154,0.3320490921026939,1.2614438085957271,0.3568948887447699,-0.0504188848473798,-0.1632499325633283
16,12,aRF,421,1268,30,6.618934838650694e-10,-0.007193583101042612,-0.015106529987300896,-0.004483576720689208,204811,109384,10790078,49001,300,1e-09,/remotenas2/remotedata/share/zebrafish/figure_code/two_column_figure/fcv_postdca_raw_recompute/data/zebrafish/sc/original_raw_data/subject_16_data_cellular_synapse_sc_100_data.pkl,0.2327595170711652,0.3006581171673269,1.0997734549325875,-0.8612628580288987,-0.0230925197794773,-0.1622080560905706
16,13,imRF,570,3077,36,8.785809378724007e-10,-0.0024843067003806553,-0.022513481239320694,0.0011715935251862513,173122,200582,10790078,49001,300,1e-09,/remotenas2/remotedata/share/zebrafish/figure_code/two_column_figure/fcv_postdca_raw_recompute/data/zebrafish/sc/original_raw_data/subject_16_data_cellular_synapse_sc_100_data.pkl,0.2266086593128261,0.3238376966674104,0.9940582870378885,0.0382435890668218,0.0166639459756807,-0.2485422182397293
16,14,pRF,752,4772,45,8.57037929972357e-10,0.0038408963095333,,0.007125334077089069,164021,506379,10790078,49001,300,1e-09,/remotenas2/remotedata/share/zebrafish/figure_code/two_column_figure/fcv_postdca_raw_recompute/data/zebrafish/sc/original_raw_data/subject_16_data_cellular_synapse_sc_100_data.pkl,0.1516564014161567,0.3573487285711814,-0.2941507463917667,1.3386722377471736,0.0690643126553662,-0.1678886709538737
16,15,GG,0,0,0,,,,,0,0,10790078,49001,300,1e-09,/remotenas2/remotedata/share/zebrafish/figure_code/two_column_figure/fcv_postdca_raw_recompute/data/zebrafish/sc/original_raw_data/subject_16_data_cellular_synapse_sc_100_data.pkl,,,,,0.0,0.0
16,16,Hb,285,433,47,9.335039742686073e-10,-0.0011411869138414985,0.01772240780038183,-0.0021462623049889763,5743,29,10790078,49001,300,1e-09,/remotenas2/remotedata/share/zebrafish/figure_code/two_column_figure/fcv_postdca_raw_recompute/data/zebrafish/sc/original_raw_data/subject_16_data_cellular_synapse_sc_100_data.pkl,0.0852699917258603,0.3162584990658243,-1.4351380236249691,-0.2558746500675225,-0.0067173953729939,0.1045763278393197
16,17,Hi,239,248,10,6.715150394071729e-10,0.00043153175669039944,-0.023945714810744548,0.0036780240868391663,27653,7560,10790078,49001,300,1e-09,/remotenas2/remotedata/share/zebrafish/figure_code/two_column_figure/fcv_postdca_raw_recompute/data/zebrafish/sc/original_raw_data/subject_16_data_cellular_synapse_sc_100_data.pkl,,,,,0.0273729959126223,-0.2411870317268931
16,18,HR,73,77,67,9.543606344104864e-10,-0.004720733279341565,-0.016559061029608194,,14714,29364,10790078,49001,300,1e-09,/remotenas2/remotedata/share/zebrafish/figure_code/two_column_figure/fcv_postdca_raw_recompute/data/zebrafish/sc/original_raw_data/subject_16_data_cellular_synapse_sc_100_data.pkl,,,,,-0.0292754901296248,-0.1081475447507492
16,19,OG,12,3,2,0.0,0.0,,,0,0,10790078,49001,300,1e-09,/remotenas2/remotedata/share/zebrafish/figure_code/two_column_figure/fcv_postdca_raw_recompute/data/zebrafish/sc/original_raw_data/subject_16_data_cellular_synapse_sc_100_data.pkl,,,,,0.0,0.0
16,20,OB,330,805,71,8.529118734443748e-10,0.00018509428807058522,-0.0010232915972284982,0.0007383194816829997,53,47,10790078,49001,300,1e-09,/remotenas2/remotedata/share/zebrafish/figure_code/two_column_figure/fcv_postdca_raw_recompute/data/zebrafish/sc/original_raw_data/subject_16_data_cellular_synapse_sc_100_data.pkl,0.0742303243393025,0.3587424080696375,-1.6248774611350232,1.392755345425715,-0.0479758808362423,-0.0294294630566103
16,21,OE,43,25,184,9.200723086482112e-10,0.017172849680998123,-0.008505422826258295,-0.010121884798787084,10,11,10790078,49001,300,1e-09,/remotenas2/remotedata/share/zebrafish/figure_code/two_column_figure/fcv_postdca_raw_recompute/data/zebrafish/sc/original_raw_data/subject_16_data_cellular_synapse_sc_100_data.pkl,,,,,-0.0178249429757099,-0.0053850087091672
16,22,P,875,1364,161,9.525216627796533e-10,-0.0004122553187890479,0.004649724846318584,-0.03931013633989678,13621,6282,10790078,49001,300,1e-09,/remotenas2/remotedata/share/zebrafish/figure_code/two_column_figure/fcv_postdca_raw_recompute/data/zebrafish/sc/original_raw_data/subject_16_data_cellular_synapse_sc_100_data.pkl,0.1043698610666399,0.3599104652728909,-1.1068674029314776,1.4380829573825804,-0.2945091794136053,0.0426231471615245
16,23,Pi,0,0,0,,,,,0,0,10790078,49001,300,1e-09,/remotenas2/remotedata/share/zebrafish/figure_code/two_column_figure/fcv_postdca_raw_recompute/data/zebrafish/sc/original_raw_data/subject_16_data_cellular_synapse_sc_100_data.pkl,,,,,0.0,0.0
16,24,PT,380,1277,29,9.798249951228918e-10,0.00010452515365216823,-0.010883878944898869,-0.00517185999339141,91047,199948,10790078,49001,300,1e-09,/remotenas2/remotedata/share/zebrafish/figure_code/two_column_figure/fcv_postdca_raw_recompute/data/zebrafish/sc/original_raw_data/subject_16_data_cellular_synapse_sc_100_data.pkl,0.2067146424007696,0.3010228170965986,0.6521386035422375,-0.8471103175294431,-0.0441264714614497,-0.0935079447495771
16,25,PO,568,1332,21,3.7234652255719854e-10,0.002216801436035309,0.007373192127718376,,108271,79211,10790078,49001,300,1e-09,/remotenas2/remotedata/share/zebrafish/figure_code/two_column_figure/fcv_postdca_raw_recompute/data/zebrafish/sc/original_raw_data/subject_16_data_cellular_synapse_sc_100_data.pkl,0.1272479249899571,0.3561957842036277,-0.7136607212324616,1.2939310942871052,0.0636896847983642,0.0616188567988355
16,26,PrT,339,1134,29,7.790976570993881e-10,-0.004883978323415282,-0.02045389111302601,-0.0014850257353444555,85724,139759,10790078,49001,300,1e-09,/remotenas2/remotedata/share/zebrafish/figure_code/two_column_figure/fcv_postdca_raw_recompute/data/zebrafish/sc/original_raw_data/subject_16_data_cellular_synapse_sc_100_data.pkl,0.2441270593581018,0.3180031990308838,1.295148098377132,-0.188169846931942,-0.0435420976152716,-0.1533818505248353
16,27,R,0,0,0,,,,,0,0,10790078,49001,300,1e-09,/remotenas2/remotedata/share/zebrafish/figure_code/two_column_figure/fcv_postdca_raw_recompute/data/zebrafish/sc/original_raw_data/subject_16_data_cellular_synapse_sc_100_data.pkl,,,,,0.0,0.0
16,28,SP,822,1916,88,9.993103692855218e-10,-0.0004774132136790906,0.010611575082774334,-0.021968927690235517,19170,2166,10790078,49001,300,1e-09,/remotenas2/remotedata/share/zebrafish/figure_code/two_column_figure/fcv_postdca_raw_recompute/data/zebrafish/sc/original_raw_data/subject_16_data_cellular_synapse_sc_100_data.pkl,0.0941189288355174,0.3727221024370405,-1.2830508011609527,1.9352511750787724,-0.1586536589711593,0.0686832165055191
16,29,TeO,6165,36879,88,9.682638821436582e-10,-0.000653527463563221,-0.011027151851818453,-0.0022026520170567066,684224,1029170,10790078,49001,300,1e-09,/remotenas2/remotedata/share/zebrafish/figure_code/two_column_figure/fcv_postdca_raw_recompute/data/zebrafish/sc/original_raw_data/subject_16_data_cellular_synapse_sc_100_data.pkl,0.1725299500230759,0.3158786536309473,0.0646042081585909,-0.2706149268516849,-0.0399616650988391,-0.0960569560646374
16,30,Th,941,2103,62,9.645841787334872e-10,0.0008762389291058266,-0.017677293515827787,0.0023046521900481243,97991,270419,10790078,49001,300,1e-09,/remotenas2/remotedata/share/zebrafish/figure_code/two_column_figure/fcv_postdca_raw_recompute/data/zebrafish/sc/original_raw_data/subject_16_data_cellular_synapse_sc_100_data.pkl,0.1731577882832299,0.3111647922886057,0.0753949026748019,-0.453540966046499,0.0089831125143192,-0.1218076416502797
16,31,TL,141,171,102,8.748146508398694e-10,8.837595233586332e-05,-0.058568849831802335,-0.013320331879973016,7527,1002,10790078,49001,300,1e-09,/remotenas2/remotedata/share/zebrafish/figure_code/two_column_figure/fcv_postdca_raw_recompute/data/zebrafish/sc/original_raw_data/subject_16_data_cellular_synapse_sc_100_data.pkl,0.0866322323045404,0.352840750605244,-1.411725111613975,1.1637357060593785,-0.0807286891001113,-0.4540982671922003
16,32,TS,212,315,60,8.962674118740618e-10,-0.000722019387709272,-0.011021267241534422,-0.009690554729964072,41659,78259,10790078,49001,300,1e-09,/remotenas2/remotedata/share/zebrafish/figure_code/two_column_figure/fcv_postdca_raw_recompute/data/zebrafish/sc/original_raw_data/subject_16_data_cellular_synapse_sc_100_data.pkl,0.1447056638838578,0.3061763314286485,-0.4136134968061721,-0.6471231103904014,-0.1103437939203415,-0.0797118586672979
16,33,TG,34,40,65,9.743016685961103e-10,0.008342987945930842,-0.001359680748446292,0.008997005362976113,687,315,10790078,49001,300,1e-09,/remotenas2/remotedata/share/zebrafish/figure_code/two_column_figure/fcv_postdca_raw_recompute/data/zebrafish/sc/original_raw_data/subject_16_data_cellular_synapse_sc_100_data.pkl,,,,,0.1079332620405201,-0.1115599437904789
16,34,VR,92,141,165,8.943953692788278e-10,-0.004958820002854185,0.002351408909097641,0.0018625133950790425,2329,190,10790078,49001,300,1e-09,/remotenas2/remotedata/share/zebrafish/figure_code/two_column_figure/fcv_postdca_raw_recompute/data/zebrafish/sc/original_raw_data/subject_16_data_cellular_synapse_sc_100_data.pkl,,,,,-0.0739565275068627,0.0442384840206266
16,35,NX,658,10853,18,3.1849438499482784e-10,-3.367095091300256e-05,-0.007781512684605175,,105011,162589,10790078,49001,300,1e-09,/remotenas2/remotedata/share/zebrafish/figure_code/two_column_figure/fcv_postdca_raw_recompute/data/zebrafish/sc/original_raw_data/subject_16_data_cellular_synapse_sc_100_data.pkl,0.2332702618929751,0.3270843258229999,1.1085516573736671,0.1642322359605738,0.0445504835615923,-0.0612776777254594
16,36,rMON,1277,27659,14,2.0921376552765892e-10,-0.0055205450635239075,-0.011359666759801844,-0.0016042033407504786,284161,187480,10790078,49001,300,1e-09,/remotenas2/remotedata/share/zebrafish/figure_code/two_column_figure/fcv_postdca_raw_recompute/data/zebrafish/sc/original_raw_data/subject_16_data_cellular_synapse_sc_100_data.pkl,0.1040431290621669,0.3122921810086095,-1.1124829658442448,-0.4097915346979778,-0.0164806907431375,-0.0875542817148443
16,37,rCb,1998,12277,23,4.989519028590914e-10,-0.0013758610390896065,-0.022671847219353215,0.0020816537065072756,195828,162168,10790078,49001,300,1e-09,/remotenas2/remotedata/share/zebrafish/figure_code/two_column_figure/fcv_postdca_raw_recompute/data/zebrafish/sc/original_raw_data/subject_16_data_cellular_synapse_sc_100_data.pkl,0.224229710999089,0.3135669487332487,0.9531711570992104,-0.360322915698298,0.0075218137302516,-0.152858479367181
16,38,rMOS1,1425,65666,13,9.719389968518361e-10,0.003085590330499615,-0.014740660634410988,0.006134239544158843,412686,633126,10790078,49001,300,1e-09,/remotenas2/remotedata/share/zebrafish/figure_code/two_column_figure/fcv_postdca_raw_recompute/data/zebrafish/sc/original_raw_data/subject_16_data_cellular_synapse_sc_100_data.pkl,0.2186148987641014,0.340213785842079,0.8566690363479713,0.6737338830463043,0.0487475010410326,-0.0901079219253657
16,39,rMOS2,609,4041,11,2.431046348533416e-10,-0.00166346231284414,-0.002623466604095202,0.010723369158086997,67193,287399,10790078,49001,300,1e-09,/remotenas2/remotedata/share/zebrafish/figure_code/two_column_figure/fcv_postdca_raw_recompute/data/zebrafish/sc/original_raw_data/subject_16_data_cellular_synapse_sc_100_data.pkl,0.2423840575823389,0.3188954878847218,1.2651910204206924,-0.1535436977951121,0.1078694927698249,-0.0041451059357962
16,40,rMOS3,1433,16484,41,7.276776218231302e-10,0.009801383103871584,-0.016484705436604352,-0.007561673013093316,811117,245007,10790078,49001,300,1e-09,/remotenas2/remotedata/share/zebrafish/figure_code/two_column_figure/fcv_postdca_raw_recompute/data/zebrafish/sc/original_raw_data/subject_16_data_cellular_synapse_sc_100_data.pkl,0.2253983209466432,0.3380424894401412,0.9732561276289914,0.5894745843781932,-0.0932234119145376,-0.123384012417853
16,41,rMOS4,1423,8551,42,9.382519165640861e-10,0.0012368618230446757,-0.008520984688373305,0.0007851860095915342,386644,110423,10790078,49001,300,1e-09,/remotenas2/remotedata/share/zebrafish/figure_code/two_column_figure/fcv_postdca_raw_recompute/data/zebrafish/sc/original_raw_data/subject_16_data_cellular_synapse_sc_100_data.pkl,0.2260544262767325,0.3203908643755449,0.9845326500023072,-0.0955141380127203,0.0411091721614804,-0.061318964940029
16,42,rMOS5,1751,36195,10,9.300380612213204e-10,0.0037879034740027745,-0.008018100654201667,-0.0025257968568838437,454264,121349,10790078,49001,300,1e-09,/remotenas2/remotedata/share/zebrafish/figure_code/two_column_figure/fcv_postdca_raw_recompute/data/zebrafish/sc/original_raw_data/subject_16_data_cellular_synapse_sc_100_data.pkl,0.1589809794952663,0.3240192257245113,-0.1682627756707526,0.0452880031899052,-0.0337857523734299,-0.0680837330209093
16,43,rIPN,116,323,11,7.453173106766755e-10,-0.015152473795376358,-0.030678486729341464,0.0008625219138304028,6488,19774,10790078,49001,300,1e-09,/remotenas2/remotedata/share/zebrafish/figure_code/two_column_figure/fcv_postdca_raw_recompute/data/zebrafish/sc/original_raw_data/subject_16_data_cellular_synapse_sc_100_data.pkl,,,,,0.0068434737710682,-0.0921826757163536
16,44,rIO,24,26,93,9.93496318278858e-10,0.008041708088580034,0.010328540551374398,-0.000865597987764366,97,6,10790078,49001,300,1e-09,/remotenas2/remotedata/share/zebrafish/figure_code/two_column_figure/fcv_postdca_raw_recompute/data/zebrafish/sc/original_raw_data/subject_16_data_cellular_synapse_sc_100_data.pkl,,,,,-0.0083582185707759,0.129091184537069
16,45,rHc,0,0,0,,,,,0,0,10790078,49001,300,1e-09,/remotenas2/remotedata/share/zebrafish/figure_code/two_column_figure/fcv_postdca_raw_recompute/data/zebrafish/sc/original_raw_data/subject_16_data_cellular_synapse_sc_100_data.pkl,,,,,0.0,0.0
16,46,rRa,202,280,50,7.269056091341548e-10,-0.0070614598014206095,-0.019881163740232594,0.00843525010328601,29315,94319,10790078,49001,300,1e-09,/remotenas2/remotedata/share/zebrafish/figure_code/two_column_figure/fcv_postdca_raw_recompute/data/zebrafish/sc/original_raw_data/subject_16_data_cellular_synapse_sc_100_data.pkl,0.1241633382637297,0.300657527837261,-0.7666757016564184,-0.861285727563426,0.0792758443856653,-0.1371335974355522
16,47,rT,1238,9217,89,9.158248805063556e-10,-0.001143494066784348,-0.019865548982149133,-0.0009601234524792638,760919,359190,10790078,49001,300,1e-09,/remotenas2/remotedata/share/zebrafish/figure_code/two_column_figure/fcv_postdca_raw_recompute/data/zebrafish/sc/original_raw_data/subject_16_data_cellular_synapse_sc_100_data.pkl,0.2619971169576779,0.3284762936662918,1.6022818695761063,0.2182489211720778,-0.014453448185515,-0.1736042264837474
16,48,raRF,387,551,48,8.498320603703694e-10,-0.005664301126829744,-0.018885280475702336,-0.004650805633709454,103660,81751,10790078,49001,300,1e-09,/remotenas2/remotedata/share/zebrafish/figure_code/two_column_figure/fcv_postdca_raw_recompute/data/zebrafish/sc/original_raw_data/subject_16_data_cellular_synapse_sc_100_data.pkl,0.2468807320370212,0.2897295788779271,1.3424756388627408,-1.2853555663807523,-0.031868102608765,-0.1373863235129233
16,49,rimRF,499,2288,23,6.334566234125758e-10,0.005953843589974951,-0.02399270777392653,0.003570649131222494,135378,199879,10790078,49001,300,1e-09,/remotenas2/remotedata/share/zebrafish/figure_code/two_column_figure/fcv_postdca_raw_recompute/data/zebrafish/sc/original_raw_data/subject_16_data_cellular_synapse_sc_100_data.pkl,0.2486608146112381,0.3393215684493645,1.3730700267665483,0.6391105070288611,0.0240194409336026,-0.2065187530588035
16,50,rpRF,804,7089,49,9.921194316476445e-10,-0.002026730478123172,-0.009252681572599002,0.009082955443742267,122501,592291,10790078,49001,300,1e-09,/remotenas2/remotedata/share/zebrafish/figure_code/two_column_figure/fcv_postdca_raw_recompute/data/zebrafish/sc/original_raw_data/subject_16_data_cellular_synapse_sc_100_data.pkl,0.1908524521209636,0.3503270463094956,0.3795141705785698,1.0661889313169906,0.0847608735937704,-0.0765657873497762
16,51,rGG,0,0,0,,,,,0,0,10790078,49001,300,1e-09,/remotenas2/remotedata/share/zebrafish/figure_code/two_column_figure/fcv_postdca_raw_recompute/data/zebrafish/sc/original_raw_data/subject_16_data_cellular_synapse_sc_100_data.pkl,,,,,0.0,0.0
16,52,rHb,289,413,300,2.1199403664219e-07,0.00063951205444745,0.004820055851352175,-0.008732742245362309,2979,17,10790078,49001,300,1e-09,/remotenas2/remotedata/share/zebrafish/figure_code/two_column_figure/fcv_postdca_raw_recompute/data/zebrafish/sc/original_raw_data/subject_16_data_cellular_synapse_sc_100_data.pkl,0.0743181424759005,0.3466951135607199,-1.6233681254586978,0.925248198421898,-0.0379692604085538,0.0265119801713132
16,53,rHi,230,219,26,4.705229428834262e-10,0.0016552126433571966,-0.00907703762299744,0.0034295135193085644,13361,6561,10790078,49001,300,1e-09,/remotenas2/remotedata/share/zebrafish/figure_code/two_column_figure/fcv_postdca_raw_recompute/data/zebrafish/sc/original_raw_data/subject_16_data_cellular_synapse_sc_100_data.pkl,,,,,0.0224982448227905,-0.0101852139560579
16,54,rHR,68,75,24,5.52275479743621e-10,-0.028381637533045196,-0.027430882890455643,-0.003981994059967936,5398,62004,10790078,49001,300,1e-09,/remotenas2/remotedata/share/zebrafish/figure_code/two_column_figure/fcv_postdca_raw_recompute/data/zebrafish/sc/original_raw_data/subject_16_data_cellular_synapse_sc_100_data.pkl,,,,,-0.0207996695503375,-0.1362429703285997
16,55,rOG,10,5,2,0.0,0.0,-3.882100265894594e-07,-2.9359378652219088e-08,1,5,10790078,49001,300,1e-09,/remotenas2/remotedata/share/zebrafish/figure_code/two_column_figure/fcv_postdca_raw_recompute/data/zebrafish/sc/original_raw_data/subject_16_data_cellular_synapse_sc_100_data.pkl,,,,,-9.256496432609285e-08,-1.285773927964524e-06
16,56,rOB,114,76,104,9.189125981456525e-10,-0.0028760108096569444,0.004387820414033718,-0.003673121844425794,6,524,10790078,49001,300,1e-09,/remotenas2/remotedata/share/zebrafish/figure_code/two_column_figure/fcv_postdca_raw_recompute/data/zebrafish/sc/original_raw_data/subject_16_data_cellular_synapse_sc_100_data.pkl,0.0549192041082073,0.3650330651540729,-1.9567788637804049,1.6368704987613334,-0.012880837795297,0.0161151798566866
16,57,rOE,56,52,71,9.188100821480916e-10,0.006318576338671338,3.9174979408637714e-10,-1.694666395890377e-10,3,3,10790078,49001,300,1e-09,/remotenas2/remotedata/share/zebrafish/figure_code/two_column_figure/fcv_postdca_raw_recompute/data/zebrafish/sc/original_raw_data/subject_16_data_cellular_synapse_sc_100_data.pkl,,,,,-0.0617459900455405,0.0434974714253981
16,58,rP,703,944,55,7.211806039676939e-10,-2.049505261345885e-05,0.0066192392747327,-0.01419294537860839,41180,6418,10790078,49001,300,1e-09,/remotenas2/remotedata/share/zebrafish/figure_code/two_column_figure/fcv_postdca_raw_recompute/data/zebrafish/sc/original_raw_data/subject_16_data_cellular_synapse_sc_100_data.pkl,0.0979564961841597,0.3586365937264504,-1.2170942967987886,1.388649115461896,-0.0864431613655849,0.053033890999119
16,59,rPi,0,0,0,,,,,0,0,10790078,49001,300,1e-09,/remotenas2/remotedata/share/zebrafish/figure_code/two_column_figure/fcv_postdca_raw_recompute/data/zebrafish/sc/original_raw_data/subject_16_data_cellular_synapse_sc_100_data.pkl,,,,,0.0,0.0
16,60,rPT,423,1244,38,8.828677647804049e-10,-0.0016748495487417367,-0.010752921307588462,-0.0041051916083601845,76074,159121,10790078,49001,300,1e-09,/remotenas2/remotedata/share/zebrafish/figure_code/two_column_figure/fcv_postdca_raw_recompute/data/zebrafish/sc/original_raw_data/subject_16_data_cellular_synapse_sc_100_data.pkl,0.2379506842111996,0.336170278787054,1.1889943615669791,0.5168216032157349,-0.0320637438195975,-0.0164847261354077
16,61,rPO,514,1430,75,9.065403205549595e-10,0.00019763737760656935,0.008401935544377919,,140801,66860,10790078,49001,300,1e-09,/remotenas2/remotedata/share/zebrafish/figure_code/two_column_figure/fcv_postdca_raw_recompute/data/zebrafish/sc/original_raw_data/subject_16_data_cellular_synapse_sc_100_data.pkl,0.1500160467196686,0.3696457021092077,-0.3223436227285661,1.8158684257617248,0.0368451277378108,0.0740238757929502
16,62,rPrT,444,946,30,6.311733622329116e-10,-0.005006219474807649,-0.021202867418245536,-0.0031065396212039023,133865,185047,10790078,49001,300,1e-09,/remotenas2/remotedata/share/zebrafish/figure_code/two_column_figure/fcv_postdca_raw_recompute/data/zebrafish/sc/original_raw_data/subject_16_data_cellular_synapse_sc_100_data.pkl,0.2330322207291723,0.3322644414715539,1.1044604293554052,0.3652517334263923,-0.0314599595204821,-0.1662995258990877
16,63,rR,0,0,0,,,,,0,0,10790078,49001,300,1e-09,/remotenas2/remotedata/share/zebrafish/figure_code/two_column_figure/fcv_postdca_raw_recompute/data/zebrafish/sc/original_raw_data/subject_16_data_cellular_synapse_sc_100_data.pkl,,,,,0.0,0.0
16,64,rSP,614,1140,105,9.291782182519417e-10,-0.0007695913818703507,-0.0022085665495317187,-0.0016056656917991868,4186,304,10790078,49001,300,1e-09,/remotenas2/remotedata/share/zebrafish/figure_code/two_column_figure/fcv_postdca_raw_recompute/data/zebrafish/sc/original_raw_data/subject_16_data_cellular_synapse_sc_100_data.pkl,0.0916144160073975,0.3711775581544632,-1.3260960160759243,1.875313610637701,-0.0102115068939161,-0.0407901971116942
16,65,rTeO,6402,44890,52,7.377621992605537e-10,-0.00018356373294881878,-0.02121363993488676,-0.0036371169258184524,679099,1402893,10790078,49001,300,1e-09,/remotenas2/remotedata/share/zebrafish/figure_code/two_column_figure/fcv_postdca_raw_recompute/data/zebrafish/sc/original_raw_data/subject_16_data_cellular_synapse_sc_100_data.pkl,0.163911948271715,0.3310065263796396,-0.083513914200322,0.3164370974632248,-0.0251445571291784,-0.1739288575620746
16,66,rTh,1123,4306,23,8.303485862861706e-10,0.0029429462845132395,-0.011295447568279878,-0.002722484486155008,175423,258400,10790078,49001,300,1e-09,/remotenas2/remotedata/share/zebrafish/figure_code/two_column_figure/fcv_postdca_raw_recompute/data/zebrafish/sc/original_raw_data/subject_16_data_cellular_synapse_sc_100_data.pkl,0.191742955219233,0.3409676860276248,0.3948193017070972,0.7029897234019342,-0.0104914937540893,-0.0513044002600234
16,67,rTL,100,85,133,9.067257554915975e-10,0.002683366387410918,-0.03222718892112049,-0.017220036468830482,5092,2300,10790078,49001,300,1e-09,/remotenas2/remotedata/share/zebrafish/figure_code/two_column_figure/fcv_postdca_raw_recompute/data/zebrafish/sc/original_raw_data/subject_16_data_cellular_synapse_sc_100_data.pkl,,,,,-0.1085663675774832,-0.2297490710608916
16,68,rTS,98,50,90,8.875230269775786e-10,-0.0018105908268064687,,,4183,2264,10790078,49001,300,1e-09,/remotenas2/remotedata/share/zebrafish/figure_code/two_column_figure/fcv_postdca_raw_recompute/data/zebrafish/sc/original_raw_data/subject_16_data_cellular_synapse_sc_100_data.pkl,0.1131157087028033,0.3065228053197916,-0.9565519855435544,-0.6336778492788957,-0.1115164651077125,-0.0359908214812021
16,69,rTG,3,0,0,,,1.131226397052235e-14,0.0,1,1,10790078,49001,300,1e-09,/remotenas2/remotedata/share/zebrafish/figure_code/two_column_figure/fcv_postdca_raw_recompute/data/zebrafish/sc/original_raw_data/subject_16_data_cellular_synapse_sc_100_data.pkl,,,,,0.0079756287725843,0.4881248015081687
16,70,rVR,79,104,57,9.154847168232999e-10,-0.0012744737189294224,-0.007091666196641921,-0.006959411378154676,3026,259,10790078,49001,300,1e-09,/remotenas2/remotedata/share/zebrafish/figure_code/two_column_figure/fcv_postdca_raw_recompute/data/zebrafish/sc/original_raw_data/subject_16_data_cellular_synapse_sc_100_data.pkl,,,,,-0.0349291233528697,-0.0493298677597294
16,71,rNX,618,7751,18,5.045538509111029e-10,-0.0001616871121991977,-0.017303047663416095,0.011164486805084351,64482,161825,10790078,49001,300,1e-09,/remotenas2/remotedata/share/zebrafish/figure_code/two_column_figure/fcv_postdca_raw_recompute/data/zebrafish/sc/original_raw_data/subject_16_data_cellular_synapse_sc_100_data.pkl,0.2036237425481531,0.3119474990516881,0.5990151190295203,-0.4231672580344285,0.0994395005788093,-0.1219857501768004
17,0,MON,814,16683,18,9.344273317191877e-10,0.0033663020143225504,-0.008378502587856539,-0.006536369748290033,243318,87638,9214644,49585,300,1e-09,/remotenas2/remotedata/share/zebrafish/figure_code/two_column_figure/fcv_postdca_raw_recompute/data/zebrafish/sc/original_raw_data/subject_17_data_cellular_synapse_sc_100_data.pkl,0.0796378617557156,0.3100034296192752,-1.5315544627225752,-0.2141100422842055,-0.0941783765702371,-0.0727275418037961
17,1,Cb,2094,14423,17,4.404326528844183e-10,-0.0005156206186823287,-0.012144476443523492,-0.002472095967415287,223088,143207,9214644,49585,300,1e-09,/remotenas2/remotedata/share/zebrafish/figure_code/two_column_figure/fcv_postdca_raw_recompute/data/zebrafish/sc/original_raw_data/subject_17_data_cellular_synapse_sc_100_data.pkl,0.1589352257953443,0.3076589042224815,-0.0466644587665295,-0.3006948385219337,-0.0479226780749488,-0.0900309570308681
17,2,MOS1,1271,47397,14,5.35810103867404e-10,0.0025451172839991722,-0.00966398907144328,0.006357319874796527,360346,521756,9214644,49585,300,1e-09,/remotenas2/remotedata/share/zebrafish/figure_code/two_column_figure/fcv_postdca_raw_recompute/data/zebrafish/sc/original_raw_data/subject_17_data_cellular_synapse_sc_100_data.pkl,0.2123639956794304,0.3445502182199444,0.953820832079952,1.0617245704470242,0.0603526420685545,-0.0656579069421674
17,3,MOS2,373,1060,14,2.4808384361605425e-10,-0.005098301789115459,-0.007451595955419371,0.012453737342625292,137886,167815,9214644,49585,300,1e-09,/remotenas2/remotedata/share/zebrafish/figure_code/two_column_figure/fcv_postdca_raw_recompute/data/zebrafish/sc/original_raw_data/subject_17_data_cellular_synapse_sc_100_data.pkl,0.2243286034562744,0.3571205099355088,1.1778651834181857,1.5259533428584469,0.1086690685690835,-0.0430016623745511
17,4,MOS3,1049,10001,11,2.4607411923457267e-10,0.004349347813239379,-0.0164283968292685,0.003056929562950304,498737,93138,9214644,49585,300,1e-09,/remotenas2/remotedata/share/zebrafish/figure_code/two_column_figure/fcv_postdca_raw_recompute/data/zebrafish/sc/original_raw_data/subject_17_data_cellular_synapse_sc_100_data.pkl,0.1745214122971209,0.3496346962499764,0.2451960944381984,1.2494975392566507,0.0221566552551155,-0.1249296337711865
17,5,MOS4,897,3117,7,5.601897270898304e-10,-0.003610777825872022,-0.00661624639356106,-7.690905813514227e-05,203540,64209,9214644,49585,300,1e-09,/remotenas2/remotedata/share/zebrafish/figure_code/two_column_figure/fcv_postdca_raw_recompute/data/zebrafish/sc/original_raw_data/subject_17_data_cellular_synapse_sc_100_data.pkl,0.2447132060473608,0.3157208088716638,1.5595789136122171,-0.0029636336085374,-0.0120900875160926,-0.0528441330300997
17,6,MOS5,997,11275,95,9.550038702592076e-10,-0.0021909827122061423,-0.007679932603114812,-0.00027072245654742236,227383,96092,9214644,49585,300,1e-09,/remotenas2/remotedata/share/zebrafish/figure_code/two_column_figure/fcv_postdca_raw_recompute/data/zebrafish/sc/original_raw_data/subject_17_data_cellular_synapse_sc_100_data.pkl,0.1430748809450334,0.3130513739296752,-0.3436587890667508,-0.1015475435282376,-0.0183362981394855,-0.0619974419977083
17,7,IPN,99,172,14,6.184632491680175e-10,-0.004998979699463082,-0.024043611990443546,0.003998151101089012,4016,12372,9214644,49585,300,1e-09,/remotenas2/remotedata/share/zebrafish/figure_code/two_column_figure/fcv_postdca_raw_recompute/data/zebrafish/sc/original_raw_data/subject_17_data_cellular_synapse_sc_100_data.pkl,,,,,0.0203905028560615,-0.0672799467894934
17,8,IO,42,53,46,7.939975689666893e-10,-0.008070524253720757,-0.00016583614354141155,-0.0016426354559304216,7,390,9214644,49585,300,1e-09,/remotenas2/remotedata/share/zebrafish/figure_code/two_column_figure/fcv_postdca_raw_recompute/data/zebrafish/sc/original_raw_data/subject_17_data_cellular_synapse_sc_100_data.pkl,,,,,0.0350202422816467,-0.0013999643506473
17,9,Hc,22,13,58,7.752816606282617e-10,0.014487791830510365,-0.007851043386890515,0.0011328275812671736,479,766,9214644,49585,300,1e-09,/remotenas2/remotedata/share/zebrafish/figure_code/two_column_figure/fcv_postdca_raw_recompute/data/zebrafish/sc/original_raw_data/subject_17_data_cellular_synapse_sc_100_data.pkl,,,,,0.0196191945012811,-0.0550643241695203
17,10,Ra,308,686,20,8.565494950066925e-10,0.0005691646399339876,-0.014827050311589431,0.008608018428023119,38379,114751,9214644,49585,300,1e-09,/remotenas2/remotedata/share/zebrafish/figure_code/two_column_figure/fcv_postdca_raw_recompute/data/zebrafish/sc/original_raw_data/subject_17_data_cellular_synapse_sc_100_data.pkl,0.1868345234875392,0.3091028903705471,0.4757663781504559,-0.2473675226518016,0.0788626793283882,-0.0878960600028111
17,11,T,1187,5882,50,7.015543529691483e-10,0.0036009263101703243,-0.019808432712775506,-0.003823165344790015,765597,244674,9214644,49585,300,1e-09,/remotenas2/remotedata/share/zebrafish/figure_code/two_column_figure/fcv_postdca_raw_recompute/data/zebrafish/sc/original_raw_data/subject_17_data_cellular_synapse_sc_100_data.pkl,0.2222001793225186,0.3262328515478002,1.1380091836801198,0.3852527083429319,-0.0271777465360567,-0.1694706058489778
17,12,aRF,360,809,23,4.414569045608449e-10,-0.0019392965241212306,-0.01617492249517037,0.0008244245873031935,137274,103929,9214644,49585,300,1e-09,/remotenas2/remotedata/share/zebrafish/figure_code/two_column_figure/fcv_postdca_raw_recompute/data/zebrafish/sc/original_raw_data/subject_17_data_cellular_synapse_sc_100_data.pkl,0.2074576936795732,0.3116861944010159,0.8619474276583787,-0.1519644814204592,0.0165743236068213,-0.1311336036780309
17,13,imRF,427,1432,46,9.746128355944158e-10,-0.0006102315082156911,-0.025922748593630706,0.0025686940998444446,87790,148788,9214644,49585,300,1e-09,/remotenas2/remotedata/share/zebrafish/figure_code/two_column_figure/fcv_postdca_raw_recompute/data/zebrafish/sc/original_raw_data/subject_17_data_cellular_synapse_sc_100_data.pkl,0.2134076678749783,0.3118952980517879,0.9733642107198948,-0.1442421521936497,0.0355840862222947,-0.2164989127291843
17,14,pRF,659,2412,61,9.088707284589098e-10,-0.0004803306315998375,-0.015475785769079554,0.006413770909065186,109483,520437,9214644,49585,300,1e-09,/remotenas2/remotedata/share/zebrafish/figure_code/two_column_figure/fcv_postdca_raw_recompute/data/zebrafish/sc/original_raw_data/subject_17_data_cellular_synapse_sc_100_data.pkl,0.214610005228717,0.3484234277565876,0.995878688213212,1.2047646326169217,0.0644576084227587,-0.114130099995316
17,15,GG,0,0,0,,,,,0,0,9214644,49585,300,1e-09,/remotenas2/remotedata/share/zebrafish/figure_code/two_column_figure/fcv_postdca_raw_recompute/data/zebrafish/sc/original_raw_data/subject_17_data_cellular_synapse_sc_100_data.pkl,,,,,0.0,0.0
17,16,Hb,420,1233,25,6.958378929528153e-10,-0.0003883854855635366,0.0238138945209611,-0.0001451404465394256,8956,10,9214644,49585,300,1e-09,/remotenas2/remotedata/share/zebrafish/figure_code/two_column_figure/fcv_postdca_raw_recompute/data/zebrafish/sc/original_raw_data/subject_17_data_cellular_synapse_sc_100_data.pkl,0.1364648644425196,0.3557463230355838,-0.4674352543936713,1.4752037570850205,-0.0221114800642288,0.1645786550329098
17,17,Hi,242,291,27,9.808889295935548e-10,0.000799213844822962,-0.02232131700228401,-0.002817891391162547,20572,5956,9214644,49585,300,1e-09,/remotenas2/remotedata/share/zebrafish/figure_code/two_column_figure/fcv_postdca_raw_recompute/data/zebrafish/sc/original_raw_data/subject_17_data_cellular_synapse_sc_100_data.pkl,,,,,-0.0104189001697828,-0.1848972041883384
17,18,HR,65,59,125,9.617452590124364e-10,0.003695751884721981,-0.007426730634518175,-0.002270517320793775,16616,28902,9214644,49585,300,1e-09,/remotenas2/remotedata/share/zebrafish/figure_code/two_column_figure/fcv_postdca_raw_recompute/data/zebrafish/sc/original_raw_data/subject_17_data_cellular_synapse_sc_100_data.pkl,,,,,-0.0066892957908093,-0.004222041862295
17,19,OG,12,3,30,9.313225746154785e-10,-0.03451779684169307,0.0009948208168121327,2.7371585285395876e-05,25,1,9214644,49585,300,1e-09,/remotenas2/remotedata/share/zebrafish/figure_code/two_column_figure/fcv_postdca_raw_recompute/data/zebrafish/sc/original_raw_data/subject_17_data_cellular_synapse_sc_100_data.pkl,,,,,8.20416771609098e-05,0.0051232281601029
17,20,OB,213,280,101,8.799419953189131e-10,-0.0003107168536574026,-0.00010474951372773992,-0.00017826417644326608,36,29,9214644,49585,300,1e-09,/remotenas2/remotedata/share/zebrafish/figure_code/two_column_figure/fcv_postdca_raw_recompute/data/zebrafish/sc/original_raw_data/subject_17_data_cellular_synapse_sc_100_data.pkl,0.0792510145925809,0.340054279706123,-1.5387984044670988,0.8956867358179137,-0.00323337448087,-0.0025599756966245
17,21,OE,56,38,133,9.310587628515158e-10,0.0002727434417292609,3.353597162466675e-41,-5.903361985157811e-05,2,3,9214644,49585,300,1e-09,/remotenas2/remotedata/share/zebrafish/figure_code/two_column_figure/fcv_postdca_raw_recompute/data/zebrafish/sc/original_raw_data/subject_17_data_cellular_synapse_sc_100_data.pkl,,,,,-0.0076017138170814,0.0111506977909448
17,22,P,859,1258,118,9.851199578429971e-10,0.0021356946738101067,0.0017029381473925654,-0.026637602691271838,9091,3225,9214644,49585,300,1e-09,/remotenas2/remotedata/share/zebrafish/figure_code/two_column_figure/fcv_postdca_raw_recompute/data/zebrafish/sc/original_raw_data/subject_17_data_cellular_synapse_sc_100_data.pkl,0.1264237576917106,0.3592609387724149,-0.6554609122891925,1.6050007248822564,-0.1747929249785595,0.0274302171225874
17,23,Pi,0,0,0,,,,,0,0,9214644,49585,300,1e-09,/remotenas2/remotedata/share/zebrafish/figure_code/two_column_figure/fcv_postdca_raw_recompute/data/zebrafish/sc/original_raw_data/subject_17_data_cellular_synapse_sc_100_data.pkl,,,,,0.0,0.0
17,24,PT,320,757,34,9.923353745774926e-10,0.0021780983167804325,-0.010292665415044266,-0.0029069604277006168,60070,141944,9214644,49585,300,1e-09,/remotenas2/remotedata/share/zebrafish/figure_code/two_column_figure/fcv_postdca_raw_recompute/data/zebrafish/sc/original_raw_data/subject_17_data_cellular_synapse_sc_100_data.pkl,0.2168346559563296,0.3389646766619406,1.0375365877882172,0.8554470106737267,-0.0190988080464971,-0.0401881847786978
17,25,PO,558,1502,13,1.4865403432251804e-10,0.0018265202067230596,0.006915763393077743,0.0041861005993259984,100183,51194,9214644,49585,300,1e-09,/remotenas2/remotedata/share/zebrafish/figure_code/two_column_figure/fcv_postdca_raw_recompute/data/zebrafish/sc/original_raw_data/subject_17_data_cellular_synapse_sc_100_data.pkl,0.1823682178327554,0.343679071086521,0.3921321653147489,1.0295525593680657,0.0468647546260544,0.0541517842432828
17,26,PrT,384,1221,16,5.750953364568845e-10,-0.008587450881533574,-0.02143602185618465,-0.00018608972028983395,97436,150674,9214644,49585,300,1e-09,/remotenas2/remotedata/share/zebrafish/figure_code/two_column_figure/fcv_postdca_raw_recompute/data/zebrafish/sc/original_raw_data/subject_17_data_cellular_synapse_sc_100_data.pkl,0.2183247463692484,0.3192734694841924,1.0654394113679289,0.128238355356164,-0.0157666350085659,-0.1689463870266059
17,27,R,0,0,0,,,,,0,0,9214644,49585,300,1e-09,/remotenas2/remotedata/share/zebrafish/figure_code/two_column_figure/fcv_postdca_raw_recompute/data/zebrafish/sc/original_raw_data/subject_17_data_cellular_synapse_sc_100_data.pkl,,,,,0.0,0.0
17,28,SP,804,2068,110,8.941904870682848e-10,0.0005428769508382571,-7.66211532735504e-05,-0.02242415162740046,18850,3329,9214644,49585,300,1e-09,/remotenas2/remotedata/share/zebrafish/figure_code/two_column_figure/fcv_postdca_raw_recompute/data/zebrafish/sc/original_raw_data/subject_17_data_cellular_synapse_sc_100_data.pkl,0.1437007217724713,0.3584810203283897,-0.3319395497202117,1.5761978466322195,-0.1278007310181659,0.0190589724732429
17,29,TeO,7904,99648,13,9.021320824885424e-10,0.00014756776674527212,-0.011851979349564374,-0.002531538923418073,1093100,1016585,9214644,49585,300,1e-09,/remotenas2/remotedata/share/zebrafish/figure_code/two_column_figure/fcv_postdca_raw_recompute/data/zebrafish/sc/original_raw_data/subject_17_data_cellular_synapse_sc_100_data.pkl,0.1254391388886342,0.3066793340991398,-0.6738984812563595,-0.336870978753172,-0.0359136838482712,-0.099101513095555
17,30,Th,764,1368,89,8.597098263611902e-10,-0.0036108260754933313,-0.021373569244169787,0.002602651086232419,52161,150616,9214644,49585,300,1e-09,/remotenas2/remotedata/share/zebrafish/figure_code/two_column_figure/fcv_postdca_raw_recompute/data/zebrafish/sc/original_raw_data/subject_17_data_cellular_synapse_sc_100_data.pkl,0.188378281171696,0.3203480092556185,0.5046741530998137,0.1679217843714793,0.0151727903108243,-0.1123050443666934
17,31,TL,97,86,81,8.922948847308171e-10,0.0010918811284413923,-0.037704504655524405,-0.009044710280451985,7612,796,9214644,49585,300,1e-09,/remotenas2/remotedata/share/zebrafish/figure_code/two_column_figure/fcv_postdca_raw_recompute/data/zebrafish/sc/original_raw_data/subject_17_data_cellular_synapse_sc_100_data.pkl,0.0967242668703104,0.3033569930953337,-1.2116014294095634,-0.4595671198315345,-0.0612819366195082,-0.2820629704798688
17,32,TS,353,789,39,6.532408709544004e-10,0.000811206177969374,-0.013308404003171641,-0.009651990460176901,45683,47876,9214644,49585,300,1e-09,/remotenas2/remotedata/share/zebrafish/figure_code/two_column_figure/fcv_postdca_raw_recompute/data/zebrafish/sc/original_raw_data/subject_17_data_cellular_synapse_sc_100_data.pkl,0.1192140429031474,0.3149057947723002,-0.7904670824257102,-0.0330626164648489,-0.0857731686556426,-0.1045565891078789
17,33,TG,25,14,73,8.492293190135851e-10,-0.0029852246163723705,0.027760805659768226,-0.01500648380341892,269,87,9214644,49585,300,1e-09,/remotenas2/remotedata/share/zebrafish/figure_code/two_column_figure/fcv_postdca_raw_recompute/data/zebrafish/sc/original_raw_data/subject_17_data_cellular_synapse_sc_100_data.pkl,,,,,-0.0783036039080563,0.1482882763692459
17,34,VR,120,299,28,6.274931810831486e-10,-0.001722288710020339,9.397905106042121e-05,0.027685223591038213,1642,257,9214644,49585,300,1e-09,/remotenas2/remotedata/share/zebrafish/figure_code/two_column_figure/fcv_postdca_raw_recompute/data/zebrafish/sc/original_raw_data/subject_17_data_cellular_synapse_sc_100_data.pkl,,,,,0.1637260647508349,0.0120494016232136
17,35,NX,289,1518,27,9.849756258985228e-10,-0.00038007174390350835,-0.0027034597188990137,0.008561384545755378,61852,66987,9214644,49585,300,1e-09,/remotenas2/remotedata/share/zebrafish/figure_code/two_column_figure/fcv_postdca_raw_recompute/data/zebrafish/sc/original_raw_data/subject_17_data_cellular_synapse_sc_100_data.pkl,0.1473650959616849,0.3139257352869881,-0.2633219774942461,-0.0692568291411759,0.0638136780379571,-0.0077327903668798
17,36,rMON,960,14206,13,3.1812841189259417e-10,-0.007015686228927514,-0.009416652761835589,-0.00046891651263722785,223980,132749,9214644,49585,300,1e-09,/remotenas2/remotedata/share/zebrafish/figure_code/two_column_figure/fcv_postdca_raw_recompute/data/zebrafish/sc/original_raw_data/subject_17_data_cellular_synapse_sc_100_data.pkl,0.1055803924248447,0.3187751118627141,-1.045765244701888,0.109833695219733,0.0085223082683133,-0.055280359259
17,37,rCb,2225,19105,30,7.156383720095211e-10,-0.001427709545287466,-0.014786911542643413,0.00043319318697966245,190343,207840,9214644,49585,300,1e-09,/remotenas2/remotedata/share/zebrafish/figure_code/two_column_figure/fcv_postdca_raw_recompute/data/zebrafish/sc/original_raw_data/subject_17_data_cellular_synapse_sc_100_data.pkl,0.1837882352793284,0.316404491541309,0.4187228311886571,0.022285197017671,0.0025436620269072,-0.0957964809817952
17,38,rMOS1,1381,61628,15,6.276873124153724e-10,0.003497383693196078,-0.010428453164085125,0.005964929710707384,332250,590184,9214644,49585,300,1e-09,/remotenas2/remotedata/share/zebrafish/figure_code/two_column_figure/fcv_postdca_raw_recompute/data/zebrafish/sc/original_raw_data/subject_17_data_cellular_synapse_sc_100_data.pkl,0.2480453628303409,0.3203151265779,1.6219755185761446,0.1667074064193747,0.0552122912017078,-0.054246704641436
17,39,rMOS2,388,1435,15,2.8845219604852233e-10,0.0006684563105738811,-0.0015124441446586175,0.0094613710600982,43331,207948,9214644,49585,300,1e-09,/remotenas2/remotedata/share/zebrafish/figure_code/two_column_figure/fcv_postdca_raw_recompute/data/zebrafish/sc/original_raw_data/subject_17_data_cellular_synapse_sc_100_data.pkl,0.2624164250087757,0.2952006912851507,1.89108215072503,-0.760784471221246,0.1021667949816299,0.0050975942694527
17,40,rMOS3,1340,13932,55,9.092932323306246e-10,0.008518086140786595,-0.01805216672163404,-0.007597221940265504,623852,199552,9214644,49585,300,1e-09,/remotenas2/remotedata/share/zebrafish/figure_code/two_column_figure/fcv_postdca_raw_recompute/data/zebrafish/sc/original_raw_data/subject_17_data_cellular_synapse_sc_100_data.pkl,0.2324215021601148,0.3294672973649014,1.3294094943029189,0.5047028249416571,-0.064433854486585,-0.1427637497833361
17,41,rMOS4,1159,5462,30,5.956699148252948e-10,0.0026652553663761036,-0.011036171785880436,-0.00027301720809166057,258955,73582,9214644,49585,300,1e-09,/remotenas2/remotedata/share/zebrafish/figure_code/two_column_figure/fcv_postdca_raw_recompute/data/zebrafish/sc/original_raw_data/subject_17_data_cellular_synapse_sc_100_data.pkl,0.2367248195678212,0.3015402783262201,1.4099916558910386,-0.5266595379050971,0.0446575245401182,-0.072342135080177
17,42,rMOS5,1456,31237,12,8.308474094936694e-10,0.005416594589229895,-0.008224076242715431,0.001612147217649862,391666,122757,9214644,49585,300,1e-09,/remotenas2/remotedata/share/zebrafish/figure_code/two_column_figure/fcv_postdca_raw_recompute/data/zebrafish/sc/original_raw_data/subject_17_data_cellular_synapse_sc_100_data.pkl,0.1571005642777487,0.3133831871325932,-0.0810195799122858,-0.0892934734281944,0.0082679482084362,-0.0455475346280812
17,43,rIPN,132,348,20,7.101275460035892e-10,-0.011695809179649982,-0.026134538628760168,0.004720760425974782,8080,12546,9214644,49585,300,1e-09,/remotenas2/remotedata/share/zebrafish/figure_code/two_column_figure/fcv_postdca_raw_recompute/data/zebrafish/sc/original_raw_data/subject_17_data_cellular_synapse_sc_100_data.pkl,,,,,0.022986048612142,-0.053155041194123
17,44,rIO,6,4,20,5.735943981584883e-10,-0.12200846790794379,0.0,-2.97250938198205e-71,3,3,9214644,49585,300,1e-09,/remotenas2/remotedata/share/zebrafish/figure_code/two_column_figure/fcv_postdca_raw_recompute/data/zebrafish/sc/original_raw_data/subject_17_data_cellular_synapse_sc_100_data.pkl,,,,,-1.7301568044580583e-21,-4.538750751593825e-22
17,45,rHc,0,0,0,,,,,0,0,9214644,49585,300,1e-09,/remotenas2/remotedata/share/zebrafish/figure_code/two_column_figure/fcv_postdca_raw_recompute/data/zebrafish/sc/original_raw_data/subject_17_data_cellular_synapse_sc_100_data.pkl,,,,,0.0,0.0
17,46,rRa,224,460,45,7.847080663074546e-10,-0.0019322503277982384,-0.020403397479775123,0.005794324407442397,29266,84011,9214644,49585,300,1e-09,/remotenas2/remotedata/share/zebrafish/figure_code/two_column_figure/fcv_postdca_raw_recompute/data/zebrafish/sc/original_raw_data/subject_17_data_cellular_synapse_sc_100_data.pkl,0.2108130766077002,0.3002301578078092,0.9247789559161228,-0.5750431119489575,0.0569815879453176,-0.1454797084589711
17,47,rT,1185,7817,68,9.611014344519682e-10,0.0014262920254422445,-0.02444177348681704,-0.002066818875826991,603925,307022,9214644,49585,300,1e-09,/remotenas2/remotedata/share/zebrafish/figure_code/two_column_figure/fcv_postdca_raw_recompute/data/zebrafish/sc/original_raw_data/subject_17_data_cellular_synapse_sc_100_data.pkl,0.2310615083774049,0.3382569412944385,1.303942807006995,0.8293098988005928,-0.008527235402457,-0.2091017224176299
17,48,raRF,228,206,77,8.146817065150996e-10,-0.0006679910617304422,-0.02020323345750563,-0.006045513267040504,47814,44619,9214644,49585,300,1e-09,/remotenas2/remotedata/share/zebrafish/figure_code/two_column_figure/fcv_postdca_raw_recompute/data/zebrafish/sc/original_raw_data/subject_17_data_cellular_synapse_sc_100_data.pkl,0.1938899411170225,0.2887654875457853,0.6078832427983072,-0.9984405892923992,-0.0331117261310513,-0.1221115339747063
17,49,rimRF,298,1319,21,6.526021826927872e-10,0.006771490022077095,-0.028576080239707743,0.0024611991195430945,63708,133338,9214644,49585,300,1e-09,/remotenas2/remotedata/share/zebrafish/figure_code/two_column_figure/fcv_postdca_raw_recompute/data/zebrafish/sc/original_raw_data/subject_17_data_cellular_synapse_sc_100_data.pkl,0.2247654877856957,0.2919103843212843,1.1860461006718597,-0.8822975750739738,0.0310263130944144,-0.2629658913477106
17,50,rpRF,560,3181,24,8.390296066146464e-10,-0.007754626239710623,-0.0070983116274345994,0.008197960518728137,71398,456953,9214644,49585,300,1e-09,/remotenas2/remotedata/share/zebrafish/figure_code/two_column_figure/fcv_postdca_raw_recompute/data/zebrafish/sc/original_raw_data/subject_17_data_cellular_synapse_sc_100_data.pkl,0.2382798233310861,0.2889015091592513,1.4391100203177831,-0.993417225629122,0.0775475677600995,-0.0625427572180377
17,51,rGG,0,0,0,,,,,0,0,9214644,49585,300,1e-09,/remotenas2/remotedata/share/zebrafish/figure_code/two_column_figure/fcv_postdca_raw_recompute/data/zebrafish/sc/original_raw_data/subject_17_data_cellular_synapse_sc_100_data.pkl,,,,,0.0,0.0
17,52,rHb,349,537,75,9.57561799512192e-10,-0.0005955244154647494,0.0019619689479200035,1.8146975249186552e-05,6766,31,9214644,49585,300,1e-09,/remotenas2/remotedata/share/zebrafish/figure_code/two_column_figure/fcv_postdca_raw_recompute/data/zebrafish/sc/original_raw_data/subject_17_data_cellular_synapse_sc_100_data.pkl,0.1365554414870532,0.3531121744017457,-0.4657391457065202,1.3779229926997536,0.0054153161596059,0.0108626750007513
17,53,rHi,240,243,19,6.610424089260625e-10,0.005008224390511722,-0.0008173009333734644,0.0029925066861990457,10460,8479,9214644,49585,300,1e-09,/remotenas2/remotedata/share/zebrafish/figure_code/two_column_figure/fcv_postdca_raw_recompute/data/zebrafish/sc/original_raw_data/subject_17_data_cellular_synapse_sc_100_data.pkl,,,,,0.0163814252956794,0.1181834294629032
17,54,rHR,62,53,30,6.96135572505088e-10,-0.03290467548073463,-0.018369024903857546,-0.001205353438943144,4266,41724,9214644,49585,300,1e-09,/remotenas2/remotedata/share/zebrafish/figure_code/two_column_figure/fcv_postdca_raw_recompute/data/zebrafish/sc/original_raw_data/subject_17_data_cellular_synapse_sc_100_data.pkl,,,,,0.0101990555883046,-0.0809331580504174
17,55,rOG,23,10,74,8.058977943932532e-10,-2.6767438507259495e-11,-0.0002857952265054975,-0.001714903793062406,6,1,9214644,49585,300,1e-09,/remotenas2/remotedata/share/zebrafish/figure_code/two_column_figure/fcv_postdca_raw_recompute/data/zebrafish/sc/original_raw_data/subject_17_data_cellular_synapse_sc_100_data.pkl,,,,,-0.0109830254546509,-0.0022536749560923
17,56,rOB,129,87,72,9.090349449593821e-10,-0.003991952052090949,2.1951683058829708e-07,-0.0028243916483958733,7,338,9214644,49585,300,1e-09,/remotenas2/remotedata/share/zebrafish/figure_code/two_column_figure/fcv_postdca_raw_recompute/data/zebrafish/sc/original_raw_data/subject_17_data_cellular_synapse_sc_100_data.pkl,0.1293604662083934,0.3413496662625107,-0.6004693098094973,0.9435261753852164,0.0085336926005861,-0.0493697635177989
17,57,rOE,84,73,259,9.92820357368906e-10,0.005879242831356938,0.3661236767414836,-0.165397484978872,5,3,9214644,49585,300,1e-09,/remotenas2/remotedata/share/zebrafish/figure_code/two_column_figure/fcv_postdca_raw_recompute/data/zebrafish/sc/original_raw_data/subject_17_data_cellular_synapse_sc_100_data.pkl,,,,,-0.242669266632992,0.3049694782182868
17,58,rP,1036,1650,116,9.202223984867411e-10,-0.00044695649902977847,0.00541063056368861,-0.007327568831498508,35952,10494,9214644,49585,300,1e-09,/remotenas2/remotedata/share/zebrafish/figure_code/two_column_figure/fcv_postdca_raw_recompute/data/zebrafish/sc/original_raw_data/subject_17_data_cellular_synapse_sc_100_data.pkl,0.1337401338664806,0.3646887592421843,-0.5184574446623388,1.805453545752812,-0.0301397964709431,0.0479982861643718
17,59,rPi,0,0,0,,,,,0,0,9214644,49585,300,1e-09,/remotenas2/remotedata/share/zebrafish/figure_code/two_column_figure/fcv_postdca_raw_recompute/data/zebrafish/sc/original_raw_data/subject_17_data_cellular_synapse_sc_100_data.pkl,,,,,0.0,0.0
17,60,rPT,350,891,15,9.465284852698137e-10,-0.0027433916810526682,-0.01365380240377956,-0.0027287950493053836,53480,97008,9214644,49585,300,1e-09,/remotenas2/remotedata/share/zebrafish/figure_code/two_column_figure/fcv_postdca_raw_recompute/data/zebrafish/sc/original_raw_data/subject_17_data_cellular_synapse_sc_100_data.pkl,0.23855192774473,0.3518969547191439,1.444205336268641,1.333044166159402,-0.0145780725167946,-0.0448421131027746
17,61,rPO,530,1439,105,8.609596397985429e-10,-0.00030960099202977467,0.006898505743907584,0.0027682995898966945,118748,72086,9214644,49585,300,1e-09,/remotenas2/remotedata/share/zebrafish/figure_code/two_column_figure/fcv_postdca_raw_recompute/data/zebrafish/sc/original_raw_data/subject_17_data_cellular_synapse_sc_100_data.pkl,0.206249605566134,0.3443221154380367,0.8393252637911472,1.053300591368037,0.0429578758353457,0.0578850951694546
17,62,rPrT,507,976,23,8.488738427089118e-10,-0.007009857878609691,-0.022327754668835683,-0.0009853648315283263,118334,154185,9214644,49585,300,1e-09,/remotenas2/remotedata/share/zebrafish/figure_code/two_column_figure/fcv_postdca_raw_recompute/data/zebrafish/sc/original_raw_data/subject_17_data_cellular_synapse_sc_100_data.pkl,0.2495094360796885,0.3201160177970463,1.649391155392637,0.1593541940195709,-0.0076709826328808,-0.1680777487097964
17,63,rR,0,0,0,,,,,0,0,9214644,49585,300,1e-09,/remotenas2/remotedata/share/zebrafish/figure_code/two_column_figure/fcv_postdca_raw_recompute/data/zebrafish/sc/original_raw_data/subject_17_data_cellular_synapse_sc_100_data.pkl,,,,,0.0,0.0
17,64,rSP,789,2408,55,8.096362873237465e-10,0.00012950852827457732,-0.004286610333314937,-0.0023470415803456823,4696,493,9214644,49585,300,1e-09,/remotenas2/remotedata/share/zebrafish/figure_code/two_column_figure/fcv_postdca_raw_recompute/data/zebrafish/sc/original_raw_data/subject_17_data_cellular_synapse_sc_100_data.pkl,0.1812386309972589,0.3583964172561967,0.3709799842688472,1.5730734020103214,-0.0053019602845866,-0.0283400891510862
17,65,rTeO,7951,57426,55,9.423651086792356e-10,-0.0003711206427232471,-0.021891390846920347,-0.0031434679394961385,716301,1555533,9214644,49585,300,1e-09,/remotenas2/remotedata/share/zebrafish/figure_code/two_column_figure/fcv_postdca_raw_recompute/data/zebrafish/sc/original_raw_data/subject_17_data_cellular_synapse_sc_100_data.pkl,0.1528159251954748,0.3204907732451265,-0.1612519788183627,0.1731941482189899,-0.0107265206040252,-0.1798681426831598
17,66,rTh,1006,2903,39,6.725442173296125e-10,0.0015709958143980366,-0.01616461580734845,-0.0009029777787503356,107591,149898,9214644,49585,300,1e-09,/remotenas2/remotedata/share/zebrafish/figure_code/two_column_figure/fcv_postdca_raw_recompute/data/zebrafish/sc/original_raw_data/subject_17_data_cellular_synapse_sc_100_data.pkl,0.2178274403506553,0.3483669261021343,1.0561270622771426,1.2026779910114926,0.0082949335579031,-0.0946918177641424
17,67,rTL,90,77,77,8.457308288523486e-10,-0.006173638712846869,-0.028754073462278876,-0.013254327154888734,3858,2889,9214644,49585,300,1e-09,/remotenas2/remotedata/share/zebrafish/figure_code/two_column_figure/fcv_postdca_raw_recompute/data/zebrafish/sc/original_raw_data/subject_17_data_cellular_synapse_sc_100_data.pkl,,,,,-0.0919784336846951,-0.2127399857609571
17,68,rTS,145,84,300,2.561614104680147e-05,2.7795882035240823e-06,-0.009187175840128166,-0.007560941163634746,2597,539,9214644,49585,300,1e-09,/remotenas2/remotedata/share/zebrafish/figure_code/two_column_figure/fcv_postdca_raw_recompute/data/zebrafish/sc/original_raw_data/subject_17_data_cellular_synapse_sc_100_data.pkl,0.1030543117149119,0.2561921895022885,-1.0930675988317289,-2.201392955576845,-0.0349590056067624,-0.1116527473447271
17,69,rTG,9,1,2,0.0,0.0,2.0825599009953736e-103,-4.879258668188298e-194,1,2,9214644,49585,300,1e-09,/remotenas2/remotedata/share/zebrafish/figure_code/two_column_figure/fcv_postdca_raw_recompute/data/zebrafish/sc/original_raw_data/subject_17_data_cellular_synapse_sc_100_data.pkl,,,,,-0.0295317186090616,0.0505630462092908
17,70,rVR,72,92,136,9.051088410002779e-10,0.0035016069237023004,-0.0009176720943901535,0.0006567827209745142,1747,216,9214644,49585,300,1e-09,/remotenas2/remotedata/share/zebrafish/figure_code/two_column_figure/fcv_postdca_raw_recompute/data/zebrafish/sc/original_raw_data/subject_17_data_cellular_synapse_sc_100_data.pkl,,,,,0.036013197772018,-0.008688345417799
17,71,rNX,587,6780,35,6.553093183995216e-10,-0.00010365418743267957,-0.027209738012564866,0.006105476659187958,45862,95271,9214644,49585,300,1e-09,/remotenas2/remotedata/share/zebrafish/figure_code/two_column_figure/fcv_postdca_raw_recompute/data/zebrafish/sc/original_raw_data/subject_17_data_cellular_synapse_sc_100_data.pkl,0.2336722323638633,0.2963406346518643,1.3528301565113616,-0.7186856463313849,0.0714990224222906,-0.1514300534603115
18,0,MON,778,13898,27,7.657124886503085e-10,0.0017860239485037932,-0.011182852572805666,-0.007419063988188275,190086,85434,8646606,45385,300,1e-09,/remotenas2/remotedata/share/zebrafish/figure_code/two_column_figure/fcv_postdca_raw_recompute/data/zebrafish/sc/original_raw_data/subject_18_data_cellular_synapse_sc_100_data.pkl,0.1111430267995439,0.2953794421708723,-0.2164817626219829,-0.3556376788570528,-0.1226036426986238,-0.120075293257564
18,1,Cb,1910,12792,17,5.006179578606948e-10,-0.0004709378669576007,-0.012056295528513962,-0.0008794531432777491,199782,146422,8646606,45385,300,1e-09,/remotenas2/remotedata/share/zebrafish/figure_code/two_column_figure/fcv_postdca_raw_recompute/data/zebrafish/sc/original_raw_data/subject_18_data_cellular_synapse_sc_100_data.pkl,0.1272303698939437,0.2964755617111626,0.2030329694070184,-0.3158054743708437,-0.0770180508884731,-0.1077369127620312
18,2,MOS1,1293,57128,13,3.5288691788552673e-10,0.00044133902194842345,-0.013396398219907986,0.006450162195282791,360035,579361,8646606,45385,300,1e-09,/remotenas2/remotedata/share/zebrafish/figure_code/two_column_figure/fcv_postdca_raw_recompute/data/zebrafish/sc/original_raw_data/subject_18_data_cellular_synapse_sc_100_data.pkl,0.1265660329068281,0.3005975507485877,0.1857088437579679,-0.1660153244888785,0.0543374094965,-0.0899310503983114
18,3,MOS2,520,3610,26,6.909122450973347e-10,-0.0037400295136090574,-0.01757778987150508,0.012037725048806599,167449,206304,8646606,45385,300,1e-09,/remotenas2/remotedata/share/zebrafish/figure_code/two_column_figure/fcv_postdca_raw_recompute/data/zebrafish/sc/original_raw_data/subject_18_data_cellular_synapse_sc_100_data.pkl,0.1132688640793895,0.2948070128844716,-0.1610456317731214,-0.3764393519882246,0.0904268341340793,-0.1315476840225903
18,4,MOS3,1090,9415,13,2.3734353165073687e-10,0.0019219566266239522,-0.01635613423310944,0.0034958210008534676,541373,97368,8646606,45385,300,1e-09,/remotenas2/remotedata/share/zebrafish/figure_code/two_column_figure/fcv_postdca_raw_recompute/data/zebrafish/sc/original_raw_data/subject_18_data_cellular_synapse_sc_100_data.pkl,0.1183750070160749,0.3344892006391665,-0.0278911280607561,1.0655831273178045,0.0101679232156446,-0.1356810790408341
18,5,MOS4,852,3961,14,2.1018134872949608e-10,-0.004634619404467396,-0.010927789368984031,-0.001329895593348557,213353,71361,8646606,45385,300,1e-09,/remotenas2/remotedata/share/zebrafish/figure_code/two_column_figure/fcv_postdca_raw_recompute/data/zebrafish/sc/original_raw_data/subject_18_data_cellular_synapse_sc_100_data.pkl,0.1820022459074551,0.2947890809216383,1.6313364968262078,-0.3770909867635954,-0.0596343547984969,-0.0654825408203338
18,6,MOS5,1066,10681,46,7.591089491169519e-10,-0.004837967557668818,-0.011133757296943454,-0.0012450286516079748,225907,128923,8646606,45385,300,1e-09,/remotenas2/remotedata/share/zebrafish/figure_code/two_column_figure/fcv_postdca_raw_recompute/data/zebrafish/sc/original_raw_data/subject_18_data_cellular_synapse_sc_100_data.pkl,0.1164845084491779,0.2913903556198735,-0.077190256887634,-0.5005982469083216,-0.0488078183694007,-0.0812491736237164
18,7,IPN,92,70,20,9.443646251311007e-10,-0.024386698672922792,-0.007730211097317225,0.003465095518316784,4191,11048,8646606,45385,300,1e-09,/remotenas2/remotedata/share/zebrafish/figure_code/two_column_figure/fcv_postdca_raw_recompute/data/zebrafish/sc/original_raw_data/subject_18_data_cellular_synapse_sc_100_data.pkl,,,,,0.035816331705137,-0.0192603014476098
18,8,IO,14,4,31,9.313225746154784e-10,0.02958668305420439,-2.6879228426786138e-05,-0.007220831473981558,7,56,8646606,45385,300,1e-09,/remotenas2/remotedata/share/zebrafish/figure_code/two_column_figure/fcv_postdca_raw_recompute/data/zebrafish/sc/original_raw_data/subject_18_data_cellular_synapse_sc_100_data.pkl,,,,,-0.0188134016015647,-0.000150274069956
18,9,Hc,68,40,95,8.540954481811353e-10,-0.004947353357445035,0.004118105460689669,7.003593975531979e-05,2330,4323,8646606,45385,300,1e-09,/remotenas2/remotedata/share/zebrafish/figure_code/two_column_figure/fcv_postdca_raw_recompute/data/zebrafish/sc/original_raw_data/subject_18_data_cellular_synapse_sc_100_data.pkl,,,,,0.0282336192174999,0.012716066819937
18,10,Ra,316,770,13,5.049485705814719e-10,0.0016528073091226067,-0.013690370985746105,0.010907210367349537,39222,119395,8646606,45385,300,1e-09,/remotenas2/remotedata/share/zebrafish/figure_code/two_column_figure/fcv_postdca_raw_recompute/data/zebrafish/sc/original_raw_data/subject_18_data_cellular_synapse_sc_100_data.pkl,0.1097625087391457,0.3108838491636586,-0.2524819685460266,0.207781443851526,0.1012170516570926,-0.1021578628003519
18,11,T,921,3577,18,9.865384193858827e-10,0.0022449160637134265,-0.018993178135931883,-0.004488809407040074,688941,222012,8646606,45385,300,1e-09,/remotenas2/remotedata/share/zebrafish/figure_code/two_column_figure/fcv_postdca_raw_recompute/data/zebrafish/sc/original_raw_data/subject_18_data_cellular_synapse_sc_100_data.pkl,0.1349515797857615,0.3046171818090393,0.4043814008850054,-0.0199447906886817,-0.0424158937388514,-0.1785963126277933
18,12,aRF,468,1167,72,9.338450010159357e-10,-0.0027347865582713813,-0.017283819144818618,0.00013188916261981898,174874,96671,8646606,45385,300,1e-09,/remotenas2/remotedata/share/zebrafish/figure_code/two_column_figure/fcv_postdca_raw_recompute/data/zebrafish/sc/original_raw_data/subject_18_data_cellular_synapse_sc_100_data.pkl,0.0964087067863636,0.2906850034688361,-0.6007132839917643,-0.5262302423998617,-0.0006842820113149,-0.1566449331297234
18,13,imRF,567,2154,24,6.310647138836436e-10,-0.0007238723119869256,-0.026017664495167295,0.0035430632629107517,125995,169929,8646606,45385,300,1e-09,/remotenas2/remotedata/share/zebrafish/figure_code/two_column_figure/fcv_postdca_raw_recompute/data/zebrafish/sc/original_raw_data/subject_18_data_cellular_synapse_sc_100_data.pkl,0.119796840661405,0.2883328900055439,0.0091864774338484,-0.6117043727304016,0.0268080894815794,-0.2461210914610787
18,14,pRF,842,4555,52,7.740665578712256e-10,-0.0013440821305102926,-0.018009429300755747,0.009201011300845541,144747,513130,8646606,45385,300,1e-09,/remotenas2/remotedata/share/zebrafish/figure_code/two_column_figure/fcv_postdca_raw_recompute/data/zebrafish/sc/original_raw_data/subject_18_data_cellular_synapse_sc_100_data.pkl,0.0955125791493951,0.3538635797078107,-0.624081887699701,1.7696342827704323,0.0838983807321492,-0.1449108277871884
18,15,GG,0,0,0,,,,,0,0,8646606,45385,300,1e-09,/remotenas2/remotedata/share/zebrafish/figure_code/two_column_figure/fcv_postdca_raw_recompute/data/zebrafish/sc/original_raw_data/subject_18_data_cellular_synapse_sc_100_data.pkl,,,,,0.0,0.0
18,16,Hb,254,395,58,7.701107504651945e-10,0.0004897378857000759,0.013175885748170977,-0.0004978782246833929,5254,18,8646606,45385,300,1e-09,/remotenas2/remotedata/share/zebrafish/figure_code/two_column_figure/fcv_postdca_raw_recompute/data/zebrafish/sc/original_raw_data/subject_18_data_cellular_synapse_sc_100_data.pkl,0.0553231793787113,0.3006789054823955,-1.6721135717553508,-0.1630589513253328,-0.0074296353580074,0.0867648274195061
18,17,Hi,414,509,10,3.2190327684355615e-10,0.0019093333878058786,-0.017036730140775655,-0.00045737445750227665,31855,14181,8646606,45385,300,1e-09,/remotenas2/remotedata/share/zebrafish/figure_code/two_column_figure/fcv_postdca_raw_recompute/data/zebrafish/sc/original_raw_data/subject_18_data_cellular_synapse_sc_100_data.pkl,,,,,0.0151811433440845,-0.1579849495640181
18,18,HR,84,70,36,7.762406267625072e-10,0.013545317703691087,-0.010386801641277971,-0.008781915713249351,18936,29161,8646606,45385,300,1e-09,/remotenas2/remotedata/share/zebrafish/figure_code/two_column_figure/fcv_postdca_raw_recompute/data/zebrafish/sc/original_raw_data/subject_18_data_cellular_synapse_sc_100_data.pkl,,,,,-0.0661466263242123,-0.0521313667207105
18,19,OG,37,13,35,9.71111373078793e-10,-0.014001223516604159,-0.0012323592211549539,0.002889772409433713,124,22,8646606,45385,300,1e-09,/remotenas2/remotedata/share/zebrafish/figure_code/two_column_figure/fcv_postdca_raw_recompute/data/zebrafish/sc/original_raw_data/subject_18_data_cellular_synapse_sc_100_data.pkl,,,,,0.0099244142377379,-0.0093372624274507
18,20,OB,33,23,53,9.245564750452828e-10,0.010488035685496961,-3.506092575982367e-08,-4.558532430745778e-09,19,13,8646606,45385,300,1e-09,/remotenas2/remotedata/share/zebrafish/figure_code/two_column_figure/fcv_postdca_raw_recompute/data/zebrafish/sc/original_raw_data/subject_18_data_cellular_synapse_sc_100_data.pkl,0.0366330313045788,0.3323619124881117,-2.1595024721407428,0.9882789889284208,0.0123065588283463,0.0056512452643463
18,21,OE,2,0,0,,,,,0,0,8646606,45385,300,1e-09,/remotenas2/remotedata/share/zebrafish/figure_code/two_column_figure/fcv_postdca_raw_recompute/data/zebrafish/sc/original_raw_data/subject_18_data_cellular_synapse_sc_100_data.pkl,,,,,0.0,0.0
18,22,P,785,1061,75,8.303295164297354e-10,0.0026857831545519257,0.0009609493785259244,-0.03728321355183869,9266,6062,8646606,45385,300,1e-09,/remotenas2/remotedata/share/zebrafish/figure_code/two_column_figure/fcv_postdca_raw_recompute/data/zebrafish/sc/original_raw_data/subject_18_data_cellular_synapse_sc_100_data.pkl,0.0896410263735207,0.3345741323090302,-0.7771962257797136,1.068669483793549,-0.2522948072395582,0.0271697927824395
18,23,Pi,0,0,0,,,,,0,0,8646606,45385,300,1e-09,/remotenas2/remotedata/share/zebrafish/figure_code/two_column_figure/fcv_postdca_raw_recompute/data/zebrafish/sc/original_raw_data/subject_18_data_cellular_synapse_sc_100_data.pkl,,,,,0.0,0.0
18,24,PT,313,888,66,8.665220371581911e-10,0.000613902595141846,-0.008804326579613166,-0.008537924234328817,65838,150814,8646606,45385,300,1e-09,/remotenas2/remotedata/share/zebrafish/figure_code/two_column_figure/fcv_postdca_raw_recompute/data/zebrafish/sc/original_raw_data/subject_18_data_cellular_synapse_sc_100_data.pkl,0.1471993506202558,0.302551368623203,0.7237703931775964,-0.095014972565695,-0.0661142021145848,-0.0530769338937748
18,25,PO,463,1034,17,3.4774395419018544e-10,0.0011124084374617622,0.008006748482011815,0.0033517057375302404,96306,55004,8646606,45385,300,1e-09,/remotenas2/remotedata/share/zebrafish/figure_code/two_column_figure/fcv_postdca_raw_recompute/data/zebrafish/sc/original_raw_data/subject_18_data_cellular_synapse_sc_100_data.pkl,0.0810917394096794,0.3312688202165436,-1.0001386848687754,0.9485567932344512,0.033807733622358,0.0638438148487291
18,26,PrT,303,859,21,4.759386058550404e-10,-0.005895560344635805,-0.02319452933221923,-0.0033538636489673715,70938,108728,8646606,45385,300,1e-09,/remotenas2/remotedata/share/zebrafish/figure_code/two_column_figure/fcv_postdca_raw_recompute/data/zebrafish/sc/original_raw_data/subject_18_data_cellular_synapse_sc_100_data.pkl,0.1386632671043287,0.2938059177536418,0.5011722445741806,-0.4128184370201395,-0.0506769684984428,-0.1884779116269878
18,27,R,0,0,0,,,,,0,0,8646606,45385,300,1e-09,/remotenas2/remotedata/share/zebrafish/figure_code/two_column_figure/fcv_postdca_raw_recompute/data/zebrafish/sc/original_raw_data/subject_18_data_cellular_synapse_sc_100_data.pkl,,,,,0.0,0.0
18,28,SP,564,1084,212,9.448979435433039e-10,0.00040979485639247435,0.0062076087374373055,-0.03676673431316386,13147,2640,8646606,45385,300,1e-09,/remotenas2/remotedata/share/zebrafish/figure_code/two_column_figure/fcv_postdca_raw_recompute/data/zebrafish/sc/original_raw_data/subject_18_data_cellular_synapse_sc_100_data.pkl,0.0789953521089272,0.3530665369912699,-1.0548068393019463,1.7406703173428208,-0.247094942634703,0.0541713278584427
18,29,TeO,6511,44744,23,6.937017441253097e-10,8.732569375394403e-05,-0.015079989379471895,-0.005103987718342312,746861,856746,8646606,45385,300,1e-09,/remotenas2/remotedata/share/zebrafish/figure_code/two_column_figure/fcv_postdca_raw_recompute/data/zebrafish/sc/original_raw_data/subject_18_data_cellular_synapse_sc_100_data.pkl,0.1348071170436127,0.2946548486866213,0.4006142002848118,-0.3819688907123023,-0.0639287754211606,-0.1214587193119026
18,30,Th,792,1354,139,9.775480899133005e-10,0.0005516456636472578,-0.020814214686542425,-0.0005273436622652227,89756,229860,8646606,45385,300,1e-09,/remotenas2/remotedata/share/zebrafish/figure_code/two_column_figure/fcv_postdca_raw_recompute/data/zebrafish/sc/original_raw_data/subject_18_data_cellular_synapse_sc_100_data.pkl,0.1514119475855184,0.3156812327454092,0.833623616090676,0.382114951104276,-0.0106007121447756,-0.1460934382545126
18,31,TL,93,77,126,9.816310571992694e-10,-0.004155843217294258,-0.047934975750691625,-0.013818755661915339,6142,1169,8646606,45385,300,1e-09,/remotenas2/remotedata/share/zebrafish/figure_code/two_column_figure/fcv_postdca_raw_recompute/data/zebrafish/sc/original_raw_data/subject_18_data_cellular_synapse_sc_100_data.pkl,0.076094068305082,0.2839832756406135,-1.1304645343214486,-0.7697662651168646,-0.0961535152906351,-0.354001699946253
18,32,TS,232,387,36,6.426191312000143e-10,0.0012242061307342943,-0.011966565055276096,-0.012027137028289496,40192,67419,8646606,45385,300,1e-09,/remotenas2/remotedata/share/zebrafish/figure_code/two_column_figure/fcv_postdca_raw_recompute/data/zebrafish/sc/original_raw_data/subject_18_data_cellular_synapse_sc_100_data.pkl,0.0901331562753428,0.3030636861130191,-0.7643627987386621,-0.0763977193682829,-0.1172058287607455,-0.1036679398216618
18,33,TG,18,6,72,9.764624318617985e-10,9.482883023500975e-11,-0.002422711564435237,-0.00946303007541044,163,272,8646606,45385,300,1e-09,/remotenas2/remotedata/share/zebrafish/figure_code/two_column_figure/fcv_postdca_raw_recompute/data/zebrafish/sc/original_raw_data/subject_18_data_cellular_synapse_sc_100_data.pkl,,,,,-0.0597205615021461,-0.1166917249550331
18,34,VR,71,68,69,9.787015092372008e-10,0.004718636665817353,-0.0061371249385091245,-0.003777858017812171,1389,123,8646606,45385,300,1e-09,/remotenas2/remotedata/share/zebrafish/figure_code/two_column_figure/fcv_postdca_raw_recompute/data/zebrafish/sc/original_raw_data/subject_18_data_cellular_synapse_sc_100_data.pkl,,,,,-0.1286512996260294,0.0078938389249069
18,35,NX,729,14201,31,5.411878796161311e-10,1.5745749313905336e-05,-0.006467881046693585,0.00553595291192253,93908,102402,8646606,45385,300,1e-09,/remotenas2/remotedata/share/zebrafish/figure_code/two_column_figure/fcv_postdca_raw_recompute/data/zebrafish/sc/original_raw_data/subject_18_data_cellular_synapse_sc_100_data.pkl,0.0848343105439824,0.273523134895295,-0.9025424741524664,-1.1498803400942366,0.0267750460426059,-0.0485686219147762
18,36,rMON,881,14275,14,3.714446685928204e-10,-0.008157085877101285,-0.01006682513183695,-0.0020285739505150084,203346,131490,8646606,45385,300,1e-09,/remotenas2/remotedata/share/zebrafish/figure_code/two_column_figure/fcv_postdca_raw_recompute/data/zebrafish/sc/original_raw_data/subject_18_data_cellular_synapse_sc_100_data.pkl,0.1328361478422808,0.3130083229817373,0.3492166132822705,0.284983311382234,-0.0133075681014782,-0.0663971833524254
18,37,rCb,1991,13165,24,7.331233460077104e-10,-0.0015960380406596574,-0.017096183470709386,0.0003965805874292219,174470,146068,8646606,45385,300,1e-09,/remotenas2/remotedata/share/zebrafish/figure_code/two_column_figure/fcv_postdca_raw_recompute/data/zebrafish/sc/original_raw_data/subject_18_data_cellular_synapse_sc_100_data.pkl,0.1404139634755292,0.3061315635716263,0.5468257073441752,0.0350867654694878,-0.0180058140296525,-0.1208042304926762
18,38,rMOS1,1356,66318,14,3.286681549761843e-10,0.0016286707212597791,-0.011582957962200857,0.007104103460063054,303691,585129,8646606,45385,300,1e-09,/remotenas2/remotedata/share/zebrafish/figure_code/two_column_figure/fcv_postdca_raw_recompute/data/zebrafish/sc/original_raw_data/subject_18_data_cellular_synapse_sc_100_data.pkl,0.1307633770745542,0.3295337071318434,0.2951643146473845,0.8855040178244131,0.066582279724085,-0.0813046218184862
18,39,rMOS2,421,1629,14,2.220099733057247e-10,0.0011605443209420543,-0.0015536174161030472,0.010224747187637854,41199,161854,8646606,45385,300,1e-09,/remotenas2/remotedata/share/zebrafish/figure_code/two_column_figure/fcv_postdca_raw_recompute/data/zebrafish/sc/original_raw_data/subject_18_data_cellular_synapse_sc_100_data.pkl,0.133708368467663,0.3146445355860445,0.3719617862906554,0.3444421136771188,0.1138580789559146,-0.0092958499947522
18,40,rMOS3,1156,10202,49,9.000655409090184e-10,0.010873755106691493,-0.018250979607825124,-0.008228084669573109,566220,167758,8646606,45385,300,1e-09,/remotenas2/remotedata/share/zebrafish/figure_code/two_column_figure/fcv_postdca_raw_recompute/data/zebrafish/sc/original_raw_data/subject_18_data_cellular_synapse_sc_100_data.pkl,0.1632859413637922,0.3329786962336637,1.14326550591527,1.0106924715583283,-0.0725833633188574,-0.1548342946044097
18,41,rMOS4,975,4275,21,6.522603037775179e-10,5.829909218765905e-05,-0.01087333753680897,-6.60905319473585e-05,247236,81427,8646606,45385,300,1e-09,/remotenas2/remotedata/share/zebrafish/figure_code/two_column_figure/fcv_postdca_raw_recompute/data/zebrafish/sc/original_raw_data/subject_18_data_cellular_synapse_sc_100_data.pkl,0.1724176719915433,0.3144031898196182,1.3813965325728408,0.3356717801808011,0.038942600612572,-0.0676583938920035
18,42,rMOS5,1240,23675,11,2.7908278254054516e-10,0.004719686153865076,-0.010512689342079745,-0.004764597769556648,306626,103108,8646606,45385,300,1e-09,/remotenas2/remotedata/share/zebrafish/figure_code/two_column_figure/fcv_postdca_raw_recompute/data/zebrafish/sc/original_raw_data/subject_18_data_cellular_synapse_sc_100_data.pkl,0.1543573921854874,0.3122928355343644,0.9104329061525274,0.2589830064305246,-0.0359748148399031,-0.0642433193219396
18,43,rIPN,111,142,10,4.797690604182516e-10,-0.02236537893229164,-0.007956908467174168,0.0042188714951858055,7548,14946,8646606,45385,300,1e-09,/remotenas2/remotedata/share/zebrafish/figure_code/two_column_figure/fcv_postdca_raw_recompute/data/zebrafish/sc/original_raw_data/subject_18_data_cellular_synapse_sc_100_data.pkl,,,,,0.0412651843607034,-0.0316555785572068
18,44,rIO,38,55,43,8.503448030077774e-10,0.0040214958810980495,0.03420488244044651,-0.0016100607371327673,248,8,8646606,45385,300,1e-09,/remotenas2/remotedata/share/zebrafish/figure_code/two_column_figure/fcv_postdca_raw_recompute/data/zebrafish/sc/original_raw_data/subject_18_data_cellular_synapse_sc_100_data.pkl,,,,,-0.0112625078520411,0.2558422568689436
18,45,rHc,75,58,114,8.96711293165164e-10,0.0009863336372916483,-0.0014701233331513334,-0.0056092850883923155,1170,4175,8646606,45385,300,1e-09,/remotenas2/remotedata/share/zebrafish/figure_code/two_column_figure/fcv_postdca_raw_recompute/data/zebrafish/sc/original_raw_data/subject_18_data_cellular_synapse_sc_100_data.pkl,,,,,0.0210871075863576,-0.0194389013355093
18,46,rRa,192,269,20,5.674053537189223e-10,-0.004703045299117752,-0.020123763724841454,0.00580267720679294,25265,61723,8646606,45385,300,1e-09,/remotenas2/remotedata/share/zebrafish/figure_code/two_column_figure/fcv_postdca_raw_recompute/data/zebrafish/sc/original_raw_data/subject_18_data_cellular_synapse_sc_100_data.pkl,0.1024488585271024,0.3017611397574773,-0.4432023374009241,-0.1237313275009938,0.0665429608134883,-0.1655183638610438
18,47,rT,979,4913,300,9.845149639631771e-08,0.002276309272499614,-0.024861602361311755,-0.0034319852380419653,513561,243354,8646606,45385,300,1e-09,/remotenas2/remotedata/share/zebrafish/figure_code/two_column_figure/fcv_postdca_raw_recompute/data/zebrafish/sc/original_raw_data/subject_18_data_cellular_synapse_sc_100_data.pkl,0.1608460755343197,0.321932655723364,1.0796403532948728,0.6092872158389632,-0.0221238747643933,-0.2212615409497018
18,48,raRF,507,861,16,4.311631256073505e-10,-0.006782594845498073,-0.020727049277841466,-0.006111096545466297,103568,83377,8646606,45385,300,1e-09,/remotenas2/remotedata/share/zebrafish/figure_code/two_column_figure/fcv_postdca_raw_recompute/data/zebrafish/sc/original_raw_data/subject_18_data_cellular_synapse_sc_100_data.pkl,0.1428870922794389,0.2772086340644589,0.6113182690653561,-1.0159519215742865,-0.0329107636289636,-0.1281283591794741
18,49,rimRF,522,2035,27,6.741580818544901e-10,0.005854714001181524,-0.026693117996108042,0.001236660940554337,109670,160303,8646606,45385,300,1e-09,/remotenas2/remotedata/share/zebrafish/figure_code/two_column_figure/fcv_postdca_raw_recompute/data/zebrafish/sc/original_raw_data/subject_18_data_cellular_synapse_sc_100_data.pkl,0.1431780863847978,0.3026785204320302,0.6189066143511694,-0.0903943662688181,0.0145013055750518,-0.2664984205792288
18,50,rpRF,834,5884,27,9.075310738578651e-10,-0.005639749112717715,-0.007269943857557441,0.008648932374412758,89152,483181,8646606,45385,300,1e-09,/remotenas2/remotedata/share/zebrafish/figure_code/two_column_figure/fcv_postdca_raw_recompute/data/zebrafish/sc/original_raw_data/subject_18_data_cellular_synapse_sc_100_data.pkl,0.1311310640291291,0.3417197933397018,0.3047526036093286,1.328337723342928,0.0854274771495575,-0.0851386016342191
18,51,rGG,0,0,0,,,,,0,0,8646606,45385,300,1e-09,/remotenas2/remotedata/share/zebrafish/figure_code/two_column_figure/fcv_postdca_raw_recompute/data/zebrafish/sc/original_raw_data/subject_18_data_cellular_synapse_sc_100_data.pkl,,,,,0.0,0.0
18,52,rHb,229,188,300,0.000452575435602965,-0.0016886400818886666,0.005330672736446468,-0.0004156443110190098,3217,14,8646606,45385,300,1e-09,/remotenas2/remotedata/share/zebrafish/figure_code/two_column_figure/fcv_postdca_raw_recompute/data/zebrafish/sc/original_raw_data/subject_18_data_cellular_synapse_sc_100_data.pkl,0.0935349121822518,0.3394787154598499,-0.6756541344588664,1.2468985471412686,-0.0067260398453429,0.0353818721872613
18,53,rHi,511,1172,23,7.468624001655496e-10,0.005908359750797171,-0.012113648591833602,0.005465329473176542,29284,19570,8646606,45385,300,1e-09,/remotenas2/remotedata/share/zebrafish/figure_code/two_column_figure/fcv_postdca_raw_recompute/data/zebrafish/sc/original_raw_data/subject_18_data_cellular_synapse_sc_100_data.pkl,,,,,0.0304997364317602,-0.0344338867388937
18,54,rHR,80,102,44,7.283120780164763e-10,-0.03567889871859407,-0.018133897127212296,-0.0030489476622331856,6111,49742,8646606,45385,300,1e-09,/remotenas2/remotedata/share/zebrafish/figure_code/two_column_figure/fcv_postdca_raw_recompute/data/zebrafish/sc/original_raw_data/subject_18_data_cellular_synapse_sc_100_data.pkl,,,,,-0.0243858779202255,-0.0652622141756667
18,55,rOG,16,9,21,5.236176512167435e-10,0.013673724983111604,-1.6310963490933286e-11,0.0,1,1,8646606,45385,300,1e-09,/remotenas2/remotedata/share/zebrafish/figure_code/two_column_figure/fcv_postdca_raw_recompute/data/zebrafish/sc/original_raw_data/subject_18_data_cellular_synapse_sc_100_data.pkl,,,,,-3.3095800987537503e-19,-5.0355090642934975e-11
18,56,rOB,19,8,74,8.058977943932515e-10,-3.240268871931412e-11,7.677946093135198e-85,-0.006119580325557983,4,213,8646606,45385,300,1e-09,/remotenas2/remotedata/share/zebrafish/figure_code/two_column_figure/fcv_postdca_raw_recompute/data/zebrafish/sc/original_raw_data/subject_18_data_cellular_synapse_sc_100_data.pkl,0.0381157371401403,0.3382984460220276,-2.120837483296191,1.2040083952298144,-0.0439965942568669,-0.0098085351717511
18,57,rOE,0,0,0,,,,,0,0,8646606,45385,300,1e-09,/remotenas2/remotedata/share/zebrafish/figure_code/two_column_figure/fcv_postdca_raw_recompute/data/zebrafish/sc/original_raw_data/subject_18_data_cellular_synapse_sc_100_data.pkl,,,,,0.0,0.0
18,58,rP,892,1159,300,6.324719446315729e-07,-7.042732776604877e-05,0.008568707222774072,-0.016622128802373556,35609,9571,8646606,45385,300,1e-09,/remotenas2/remotedata/share/zebrafish/figure_code/two_column_figure/fcv_postdca_raw_recompute/data/zebrafish/sc/original_raw_data/subject_18_data_cellular_synapse_sc_100_data.pkl,0.122149560644592,0.3315069904668258,0.0705391002687251,0.957211730732656,-0.1095955441772047,0.0632925356266734
18,59,rPi,0,0,0,,,,,0,0,8646606,45385,300,1e-09,/remotenas2/remotedata/share/zebrafish/figure_code/two_column_figure/fcv_postdca_raw_recompute/data/zebrafish/sc/original_raw_data/subject_18_data_cellular_synapse_sc_100_data.pkl,,,,,0.0,0.0
18,60,rPT,335,701,76,8.549250797069098e-10,-0.0047527150269615825,-0.009860632340924462,-0.004647053912983483,56250,104617,8646606,45385,300,1e-09,/remotenas2/remotedata/share/zebrafish/figure_code/two_column_figure/fcv_postdca_raw_recompute/data/zebrafish/sc/original_raw_data/subject_18_data_cellular_synapse_sc_100_data.pkl,0.1486427488835592,0.3229311258058798,0.7614103460329325,0.6455709084821921,-0.0401489779812389,-0.0468684682814447
18,61,rPO,477,1134,300,3.2181108610972604e-08,0.0005227160113750668,0.008451409065738517,0.0022638864366296163,143238,79631,8646606,45385,300,1e-09,/remotenas2/remotedata/share/zebrafish/figure_code/two_column_figure/fcv_postdca_raw_recompute/data/zebrafish/sc/original_raw_data/subject_18_data_cellular_synapse_sc_100_data.pkl,0.1017323096114791,0.3503412585624049,-0.461888010016933,1.6416356375745365,0.0365880124580188,0.0548365811109184
18,62,rPrT,414,868,13,6.019973474255629e-10,-0.005897843832721354,-0.025952060657021447,-0.0030077019088246945,133445,156176,8646606,45385,300,1e-09,/remotenas2/remotedata/share/zebrafish/figure_code/two_column_figure/fcv_postdca_raw_recompute/data/zebrafish/sc/original_raw_data/subject_18_data_cellular_synapse_sc_100_data.pkl,0.1715249200094693,0.33727874161257,1.3581159568848338,1.1669530622482986,-0.0272725731343346,-0.1936496971668452
18,63,rR,0,0,0,,,,,0,0,8646606,45385,300,1e-09,/remotenas2/remotedata/share/zebrafish/figure_code/two_column_figure/fcv_postdca_raw_recompute/data/zebrafish/sc/original_raw_data/subject_18_data_cellular_synapse_sc_100_data.pkl,,,,,0.0,0.0
18,64,rSP,564,1206,64,9.759525196815857e-10,0.0003330883247405389,0.004763831860393709,0.00848620042043756,5708,695,8646606,45385,300,1e-09,/remotenas2/remotedata/share/zebrafish/figure_code/two_column_figure/fcv_postdca_raw_recompute/data/zebrafish/sc/original_raw_data/subject_18_data_cellular_synapse_sc_100_data.pkl,0.1026852571045203,0.3496569716438729,-0.4370376969580877,1.616769137649734,0.0786895305249665,-0.0205488395715975
18,65,rTeO,5927,30883,300,2.0429543757088225e-05,-0.0001859322857797535,-0.023874262794331528,-0.004112923866078875,548706,996372,8646606,45385,300,1e-09,/remotenas2/remotedata/share/zebrafish/figure_code/two_column_figure/fcv_postdca_raw_recompute/data/zebrafish/sc/original_raw_data/subject_18_data_cellular_synapse_sc_100_data.pkl,0.1433533450529904,0.3139406041641251,0.6234768900512112,0.318861746471244,-0.0263519937174227,-0.1855865332907733
18,66,rTh,1070,3815,25,4.56079138355459e-10,0.0015804634940675515,-0.014370460367071916,-0.0018861478868911657,179877,257525,8646606,45385,300,1e-09,/remotenas2/remotedata/share/zebrafish/figure_code/two_column_figure/fcv_postdca_raw_recompute/data/zebrafish/sc/original_raw_data/subject_18_data_cellular_synapse_sc_100_data.pkl,0.1655041098786627,0.3451590304568121,1.201109387571217,1.453317154043544,-0.008886644982589,-0.1062945633430223
18,67,rTL,69,63,47,7.228911632084739e-10,-0.0013767555800379549,-0.03854482555387864,-0.017558759987595762,2755,1285,8646606,45385,300,1e-09,/remotenas2/remotedata/share/zebrafish/figure_code/two_column_figure/fcv_postdca_raw_recompute/data/zebrafish/sc/original_raw_data/subject_18_data_cellular_synapse_sc_100_data.pkl,,,,,-0.1244832470732675,-0.2750674144715418
18,68,rTS,217,127,87,8.933145431007425e-10,0.0028667786228784614,-0.02070109907092135,-0.011140184654555484,13632,4085,8646606,45385,300,1e-09,/remotenas2/remotedata/share/zebrafish/figure_code/two_column_figure/fcv_postdca_raw_recompute/data/zebrafish/sc/original_raw_data/subject_18_data_cellular_synapse_sc_100_data.pkl,0.082635295277845,0.27595986900822,-0.959886890485728,-1.061331155541932,-0.0773297297462915,-0.1768572319712491
18,69,rTG,17,7,22,8.575612573782229e-10,1.1908412164859448e-11,-0.010568775715967026,0.0,77,2,8646606,45385,300,1e-09,/remotenas2/remotedata/share/zebrafish/figure_code/two_column_figure/fcv_postdca_raw_recompute/data/zebrafish/sc/original_raw_data/subject_18_data_cellular_synapse_sc_100_data.pkl,,,,,-0.0029838894789601,-0.1297373578538306
18,70,rVR,65,57,300,1.2496918693166809e-09,0.006255826240066804,-0.0012427422096966583,0.00042041492593306663,1246,67,8646606,45385,300,1e-09,/remotenas2/remotedata/share/zebrafish/figure_code/two_column_figure/fcv_postdca_raw_recompute/data/zebrafish/sc/original_raw_data/subject_18_data_cellular_synapse_sc_100_data.pkl,,,,,0.0005899410470792,-0.0027536758159788
18,71,rNX,710,11246,22,6.277451581974542e-10,-0.00013897380615794408,-0.032162954542866495,0.00782608784822029,34994,71672,8646606,45385,300,1e-09,/remotenas2/remotedata/share/zebrafish/figure_code/two_column_figure/fcv_postdca_raw_recompute/data/zebrafish/sc/original_raw_data/subject_18_data_cellular_synapse_sc_100_data.pkl,0.1526977043938522,0.2984698130950033,0.8671527028850272,-0.2433357974804795,0.0955253592144194,-0.2075622228209893
