Subject,RegionID,Region,NRegionNeurons,NLocalEdges,NIter,Delta,MeanCellDCA,Rank1PostDCA,Rank1PreDCA,InterOutEdges,InterInEdges,NEdges,NNeurons,MaxIter,Tol,RawFile
12,0,MON,863,11366,31,9.5703709715562e-10,0.0021644681186677507,-0.008149873681999995,-0.003705256987055826,222656,81435,10244937,47010,300,1e-09,/remotenas2/remotedata/share/zebrafish/figure_code/two_column_figure/fcv_postdca_raw_recompute/data/zebrafish/sc/original_raw_data/subject_12_data_cellular_synapse_sc_100_data.pkl
12,1,Cb,1625,8051,14,9.622555928915545e-10,-0.0007995932724894212,-0.014691173187050734,0.0018912372191444676,192301,103134,10244937,47010,300,1e-09,/remotenas2/remotedata/share/zebrafish/figure_code/two_column_figure/fcv_postdca_raw_recompute/data/zebrafish/sc/original_raw_data/subject_12_data_cellular_synapse_sc_100_data.pkl
12,2,MOS1,1419,59459,14,4.5919106914589807e-10,0.0037890823714881363,-0.012895074917252225,0.006038091583453652,418047,598237,10244937,47010,300,1e-09,/remotenas2/remotedata/share/zebrafish/figure_code/two_column_figure/fcv_postdca_raw_recompute/data/zebrafish/sc/original_raw_data/subject_12_data_cellular_synapse_sc_100_data.pkl
12,3,MOS2,558,2232,28,6.558744989030633e-10,-0.0024315519183001864,-0.013764358858083298,0.008997195045060417,157234,220431,10244937,47010,300,1e-09,/remotenas2/remotedata/share/zebrafish/figure_code/two_column_figure/fcv_postdca_raw_recompute/data/zebrafish/sc/original_raw_data/subject_12_data_cellular_synapse_sc_100_data.pkl
12,4,MOS3,1297,13742,13,4.601164214651719e-10,0.0025178057936210093,-0.016639350634425724,0.0011620437751158061,760662,123691,10244937,47010,300,1e-09,/remotenas2/remotedata/share/zebrafish/figure_code/two_column_figure/fcv_postdca_raw_recompute/data/zebrafish/sc/original_raw_data/subject_12_data_cellular_synapse_sc_100_data.pkl
12,5,MOS4,882,4185,11,1.945520333487912e-10,-0.0032616918266269532,-0.008577713094502117,0.00012033963620367901,257556,66127,10244937,47010,300,1e-09,/remotenas2/remotedata/share/zebrafish/figure_code/two_column_figure/fcv_postdca_raw_recompute/data/zebrafish/sc/original_raw_data/subject_12_data_cellular_synapse_sc_100_data.pkl
12,6,MOS5,1182,13256,25,5.378849784377069e-10,-0.0035710324184399203,-0.008917256231427731,0.0016914416682765785,276479,123329,10244937,47010,300,1e-09,/remotenas2/remotedata/share/zebrafish/figure_code/two_column_figure/fcv_postdca_raw_recompute/data/zebrafish/sc/original_raw_data/subject_12_data_cellular_synapse_sc_100_data.pkl
12,7,IPN,24,14,26,7.754864600134575e-10,-1.0960251225119086e-11,-0.018647683443256447,-0.0008096555345380987,1339,6415,10244937,47010,300,1e-09,/remotenas2/remotedata/share/zebrafish/figure_code/two_column_figure/fcv_postdca_raw_recompute/data/zebrafish/sc/original_raw_data/subject_12_data_cellular_synapse_sc_100_data.pkl
12,8,IO,1,0,0,,,,,0,0,10244937,47010,300,1e-09,/remotenas2/remotedata/share/zebrafish/figure_code/two_column_figure/fcv_postdca_raw_recompute/data/zebrafish/sc/original_raw_data/subject_12_data_cellular_synapse_sc_100_data.pkl
12,9,Hc,0,0,0,,,,,0,0,10244937,47010,300,1e-09,/remotenas2/remotedata/share/zebrafish/figure_code/two_column_figure/fcv_postdca_raw_recompute/data/zebrafish/sc/original_raw_data/subject_12_data_cellular_synapse_sc_100_data.pkl
12,10,Ra,254,702,15,7.510102913270485e-10,0.003792602546548496,-0.01733401789687156,0.009806026411695642,45217,150248,10244937,47010,300,1e-09,/remotenas2/remotedata/share/zebrafish/figure_code/two_column_figure/fcv_postdca_raw_recompute/data/zebrafish/sc/original_raw_data/subject_12_data_cellular_synapse_sc_100_data.pkl
12,11,T,1266,7283,22,7.461223314406575e-10,0.0026454897119690575,-0.01956731955566189,-0.00259095325232959,908139,335438,10244937,47010,300,1e-09,/remotenas2/remotedata/share/zebrafish/figure_code/two_column_figure/fcv_postdca_raw_recompute/data/zebrafish/sc/original_raw_data/subject_12_data_cellular_synapse_sc_100_data.pkl
12,12,aRF,264,607,27,8.037389212287853e-10,-0.00040425973115990223,-0.011536769674222958,,189264,79622,10244937,47010,300,1e-09,/remotenas2/remotedata/share/zebrafish/figure_code/two_column_figure/fcv_postdca_raw_recompute/data/zebrafish/sc/original_raw_data/subject_12_data_cellular_synapse_sc_100_data.pkl
12,13,imRF,382,1789,35,8.649364029037686e-10,0.002848362458942822,-0.025345514824120414,0.004720388678853703,146331,153242,10244937,47010,300,1e-09,/remotenas2/remotedata/share/zebrafish/figure_code/two_column_figure/fcv_postdca_raw_recompute/data/zebrafish/sc/original_raw_data/subject_12_data_cellular_synapse_sc_100_data.pkl
12,14,pRF,485,3884,18,2.822562551039663e-10,-0.0032337418925997233,-0.018807737050673026,0.010365770772624674,150068,512232,10244937,47010,300,1e-09,/remotenas2/remotedata/share/zebrafish/figure_code/two_column_figure/fcv_postdca_raw_recompute/data/zebrafish/sc/original_raw_data/subject_12_data_cellular_synapse_sc_100_data.pkl
12,15,GG,0,0,0,,,,,0,0,10244937,47010,300,1e-09,/remotenas2/remotedata/share/zebrafish/figure_code/two_column_figure/fcv_postdca_raw_recompute/data/zebrafish/sc/original_raw_data/subject_12_data_cellular_synapse_sc_100_data.pkl
12,16,Hb,309,633,176,9.812583939781538e-10,0.0007755113494196626,0.01865152713942518,0.0057461675495969426,14844,13,10244937,47010,300,1e-09,/remotenas2/remotedata/share/zebrafish/figure_code/two_column_figure/fcv_postdca_raw_recompute/data/zebrafish/sc/original_raw_data/subject_12_data_cellular_synapse_sc_100_data.pkl
12,17,Hi,35,23,41,8.905731402633625e-10,-0.01758235518159365,-0.020548032283871052,-0.007802543137005542,5466,46,10244937,47010,300,1e-09,/remotenas2/remotedata/share/zebrafish/figure_code/two_column_figure/fcv_postdca_raw_recompute/data/zebrafish/sc/original_raw_data/subject_12_data_cellular_synapse_sc_100_data.pkl
12,18,HR,0,0,0,,,,,0,0,10244937,47010,300,1e-09,/remotenas2/remotedata/share/zebrafish/figure_code/two_column_figure/fcv_postdca_raw_recompute/data/zebrafish/sc/original_raw_data/subject_12_data_cellular_synapse_sc_100_data.pkl
12,19,OG,4,0,0,,,,,0,0,10244937,47010,300,1e-09,/remotenas2/remotedata/share/zebrafish/figure_code/two_column_figure/fcv_postdca_raw_recompute/data/zebrafish/sc/original_raw_data/subject_12_data_cellular_synapse_sc_100_data.pkl
12,20,OB,223,314,162,9.188262411930569e-10,0.0017304785316985415,-0.011268234181219043,0.012469640060325991,45,41,10244937,47010,300,1e-09,/remotenas2/remotedata/share/zebrafish/figure_code/two_column_figure/fcv_postdca_raw_recompute/data/zebrafish/sc/original_raw_data/subject_12_data_cellular_synapse_sc_100_data.pkl
12,21,OE,24,9,24,4.3341627413648056e-10,1.0442558854665643e-11,-0.006910244805065139,0.012698853898604274,4,5,10244937,47010,300,1e-09,/remotenas2/remotedata/share/zebrafish/figure_code/two_column_figure/fcv_postdca_raw_recompute/data/zebrafish/sc/original_raw_data/subject_12_data_cellular_synapse_sc_100_data.pkl
12,22,P,933,1793,41,5.958024915001174e-10,0.0024789967303135182,0.002120900705126712,-0.035370836434989714,16362,7083,10244937,47010,300,1e-09,/remotenas2/remotedata/share/zebrafish/figure_code/two_column_figure/fcv_postdca_raw_recompute/data/zebrafish/sc/original_raw_data/subject_12_data_cellular_synapse_sc_100_data.pkl
12,23,Pi,0,0,0,,,,,0,0,10244937,47010,300,1e-09,/remotenas2/remotedata/share/zebrafish/figure_code/two_column_figure/fcv_postdca_raw_recompute/data/zebrafish/sc/original_raw_data/subject_12_data_cellular_synapse_sc_100_data.pkl
12,24,PT,379,1102,28,7.678173971442918e-10,0.003476551654390824,-0.0010064012229707051,-0.0031719792627830953,63562,155160,10244937,47010,300,1e-09,/remotenas2/remotedata/share/zebrafish/figure_code/two_column_figure/fcv_postdca_raw_recompute/data/zebrafish/sc/original_raw_data/subject_12_data_cellular_synapse_sc_100_data.pkl
12,25,PO,425,941,26,4.691486595091745e-10,-0.0004449099700524005,0.011182847679909805,0.00970530719688792,104706,69431,10244937,47010,300,1e-09,/remotenas2/remotedata/share/zebrafish/figure_code/two_column_figure/fcv_postdca_raw_recompute/data/zebrafish/sc/original_raw_data/subject_12_data_cellular_synapse_sc_100_data.pkl
12,26,PrT,407,1065,25,7.923483058497333e-10,-0.007382658044486946,-0.02071333388037386,-0.0011977726742538157,97087,188068,10244937,47010,300,1e-09,/remotenas2/remotedata/share/zebrafish/figure_code/two_column_figure/fcv_postdca_raw_recompute/data/zebrafish/sc/original_raw_data/subject_12_data_cellular_synapse_sc_100_data.pkl
12,27,R,0,0,0,,,,,0,0,10244937,47010,300,1e-09,/remotenas2/remotedata/share/zebrafish/figure_code/two_column_figure/fcv_postdca_raw_recompute/data/zebrafish/sc/original_raw_data/subject_12_data_cellular_synapse_sc_100_data.pkl
12,28,SP,679,1845,109,9.091079176714054e-10,0.0003844128521468857,0.007426664188197531,-0.026961627868087427,26325,3013,10244937,47010,300,1e-09,/remotenas2/remotedata/share/zebrafish/figure_code/two_column_figure/fcv_postdca_raw_recompute/data/zebrafish/sc/original_raw_data/subject_12_data_cellular_synapse_sc_100_data.pkl
12,29,TeO,6182,33918,49,7.404853146770325e-10,-0.0005802482276666569,-0.013711083217808895,-0.002129371761612387,626551,982862,10244937,47010,300,1e-09,/remotenas2/remotedata/share/zebrafish/figure_code/two_column_figure/fcv_postdca_raw_recompute/data/zebrafish/sc/original_raw_data/subject_12_data_cellular_synapse_sc_100_data.pkl
12,30,Th,1186,3808,57,8.023149906113348e-10,0.0004142376650319533,-0.010894816706522361,0.0018405110541925515,108197,340313,10244937,47010,300,1e-09,/remotenas2/remotedata/share/zebrafish/figure_code/two_column_figure/fcv_postdca_raw_recompute/data/zebrafish/sc/original_raw_data/subject_12_data_cellular_synapse_sc_100_data.pkl
12,31,TL,101,89,300,3.639243466780572e-06,0.005456660402712774,-0.05896306949696214,-0.005317013662589666,5731,807,10244937,47010,300,1e-09,/remotenas2/remotedata/share/zebrafish/figure_code/two_column_figure/fcv_postdca_raw_recompute/data/zebrafish/sc/original_raw_data/subject_12_data_cellular_synapse_sc_100_data.pkl
12,32,TS,404,1205,36,7.489036110773688e-10,-0.0008027794498715395,-0.006288784505263348,-0.008874993542266072,34710,56763,10244937,47010,300,1e-09,/remotenas2/remotedata/share/zebrafish/figure_code/two_column_figure/fcv_postdca_raw_recompute/data/zebrafish/sc/original_raw_data/subject_12_data_cellular_synapse_sc_100_data.pkl
12,33,TG,6,2,2,0.0,-0.06903559372884915,1.1248284507888155e-57,0.00123210351350916,3,3,10244937,47010,300,1e-09,/remotenas2/remotedata/share/zebrafish/figure_code/two_column_figure/fcv_postdca_raw_recompute/data/zebrafish/sc/original_raw_data/subject_12_data_cellular_synapse_sc_100_data.pkl
12,34,VR,92,131,84,9.442792065111695e-10,-0.0015363554601141743,-0.012717422020622517,-0.0008823461571406051,341,6,10244937,47010,300,1e-09,/remotenas2/remotedata/share/zebrafish/figure_code/two_column_figure/fcv_postdca_raw_recompute/data/zebrafish/sc/original_raw_data/subject_12_data_cellular_synapse_sc_100_data.pkl
12,35,NX,381,2285,30,6.073128074077615e-10,0.00010127616490811468,-0.007913485268878776,0.00546363208058685,63099,66025,10244937,47010,300,1e-09,/remotenas2/remotedata/share/zebrafish/figure_code/two_column_figure/fcv_postdca_raw_recompute/data/zebrafish/sc/original_raw_data/subject_12_data_cellular_synapse_sc_100_data.pkl
12,36,rMON,1120,18981,17,3.3817835743850237e-10,-0.005896385670997741,-0.015156229147522814,0.0004101664268373526,229418,148250,10244937,47010,300,1e-09,/remotenas2/remotedata/share/zebrafish/figure_code/two_column_figure/fcv_postdca_raw_recompute/data/zebrafish/sc/original_raw_data/subject_12_data_cellular_synapse_sc_100_data.pkl
12,37,rCb,1685,8599,19,3.3537419377726795e-10,-0.0013767891371121851,-0.020959075839097403,0.0006335989592044178,124236,134814,10244937,47010,300,1e-09,/remotenas2/remotedata/share/zebrafish/figure_code/two_column_figure/fcv_postdca_raw_recompute/data/zebrafish/sc/original_raw_data/subject_12_data_cellular_synapse_sc_100_data.pkl
12,38,rMOS1,1483,69892,14,9.233314613472387e-10,0.004892369990173256,-0.015580735740267335,0.007104684103571005,451979,672215,10244937,47010,300,1e-09,/remotenas2/remotedata/share/zebrafish/figure_code/two_column_figure/fcv_postdca_raw_recompute/data/zebrafish/sc/original_raw_data/subject_12_data_cellular_synapse_sc_100_data.pkl
12,39,rMOS2,554,2341,17,4.3445649469926646e-10,0.0015820266832650375,-0.002717421403598234,0.010836652736699162,62169,299125,10244937,47010,300,1e-09,/remotenas2/remotedata/share/zebrafish/figure_code/two_column_figure/fcv_postdca_raw_recompute/data/zebrafish/sc/original_raw_data/subject_12_data_cellular_synapse_sc_100_data.pkl
12,40,rMOS3,1496,21243,40,8.630869722912719e-10,0.00929475083592076,-0.015798816011523272,-0.006458256226818298,850383,252353,10244937,47010,300,1e-09,/remotenas2/remotedata/share/zebrafish/figure_code/two_column_figure/fcv_postdca_raw_recompute/data/zebrafish/sc/original_raw_data/subject_12_data_cellular_synapse_sc_100_data.pkl
12,41,rMOS4,1113,4225,47,7.731443855997734e-10,0.001033879912415807,-0.007264828762225335,0.0019011104413411007,319153,89504,10244937,47010,300,1e-09,/remotenas2/remotedata/share/zebrafish/figure_code/two_column_figure/fcv_postdca_raw_recompute/data/zebrafish/sc/original_raw_data/subject_12_data_cellular_synapse_sc_100_data.pkl
12,42,rMOS5,1530,21437,13,6.417482021467699e-10,0.0034168040347464426,-0.00716079589624476,-0.0035011333147442793,402814,94585,10244937,47010,300,1e-09,/remotenas2/remotedata/share/zebrafish/figure_code/two_column_figure/fcv_postdca_raw_recompute/data/zebrafish/sc/original_raw_data/subject_12_data_cellular_synapse_sc_100_data.pkl
12,43,rIPN,30,38,113,8.616463272001815e-10,0.0024849981470908286,-0.023538030440227634,0.0011142509454170277,3607,9571,10244937,47010,300,1e-09,/remotenas2/remotedata/share/zebrafish/figure_code/two_column_figure/fcv_postdca_raw_recompute/data/zebrafish/sc/original_raw_data/subject_12_data_cellular_synapse_sc_100_data.pkl
12,44,rIO,4,0,0,,,0.020934100339506854,,15,0,10244937,47010,300,1e-09,/remotenas2/remotedata/share/zebrafish/figure_code/two_column_figure/fcv_postdca_raw_recompute/data/zebrafish/sc/original_raw_data/subject_12_data_cellular_synapse_sc_100_data.pkl
12,45,rHc,0,0,0,,,,,0,0,10244937,47010,300,1e-09,/remotenas2/remotedata/share/zebrafish/figure_code/two_column_figure/fcv_postdca_raw_recompute/data/zebrafish/sc/original_raw_data/subject_12_data_cellular_synapse_sc_100_data.pkl
12,46,rRa,201,404,18,4.243441756695073e-10,-0.0025154009258826133,-0.03132734563020053,0.005887051287661026,33118,102444,10244937,47010,300,1e-09,/remotenas2/remotedata/share/zebrafish/figure_code/two_column_figure/fcv_postdca_raw_recompute/data/zebrafish/sc/original_raw_data/subject_12_data_cellular_synapse_sc_100_data.pkl
12,47,rT,1437,12101,67,8.188399378479995e-10,0.0016536662992407518,-0.023881251738203206,-0.0018451255021339752,775216,414130,10244937,47010,300,1e-09,/remotenas2/remotedata/share/zebrafish/figure_code/two_column_figure/fcv_postdca_raw_recompute/data/zebrafish/sc/original_raw_data/subject_12_data_cellular_synapse_sc_100_data.pkl
12,48,raRF,208,310,27,5.683006803181023e-10,-0.0030598920125927986,-0.02303195810802624,-0.00446522655070746,75164,50987,10244937,47010,300,1e-09,/remotenas2/remotedata/share/zebrafish/figure_code/two_column_figure/fcv_postdca_raw_recompute/data/zebrafish/sc/original_raw_data/subject_12_data_cellular_synapse_sc_100_data.pkl
12,49,rimRF,436,3450,18,7.48205999066674e-10,0.010572268716921102,-0.02698174175221089,0.005585078479098971,168673,235388,10244937,47010,300,1e-09,/remotenas2/remotedata/share/zebrafish/figure_code/two_column_figure/fcv_postdca_raw_recompute/data/zebrafish/sc/original_raw_data/subject_12_data_cellular_synapse_sc_100_data.pkl
12,50,rpRF,535,6145,39,9.509904619965748e-10,-0.007443402820594003,-0.011002932108895084,0.01016222219560366,135430,615448,10244937,47010,300,1e-09,/remotenas2/remotedata/share/zebrafish/figure_code/two_column_figure/fcv_postdca_raw_recompute/data/zebrafish/sc/original_raw_data/subject_12_data_cellular_synapse_sc_100_data.pkl
12,51,rGG,0,0,0,,,,,0,0,10244937,47010,300,1e-09,/remotenas2/remotedata/share/zebrafish/figure_code/two_column_figure/fcv_postdca_raw_recompute/data/zebrafish/sc/original_raw_data/subject_12_data_cellular_synapse_sc_100_data.pkl
12,52,rHb,260,302,300,1.4989007102925101e-06,0.00043084944003063353,0.007996637860694957,-0.0001799350782608047,8261,16,10244937,47010,300,1e-09,/remotenas2/remotedata/share/zebrafish/figure_code/two_column_figure/fcv_postdca_raw_recompute/data/zebrafish/sc/original_raw_data/subject_12_data_cellular_synapse_sc_100_data.pkl
12,53,rHi,27,23,69,7.898372888681579e-10,-0.028411687788679772,-0.024329913433303017,-0.007665059150400582,1366,28,10244937,47010,300,1e-09,/remotenas2/remotedata/share/zebrafish/figure_code/two_column_figure/fcv_postdca_raw_recompute/data/zebrafish/sc/original_raw_data/subject_12_data_cellular_synapse_sc_100_data.pkl
12,54,rHR,0,0,0,,,,,0,0,10244937,47010,300,1e-09,/remotenas2/remotedata/share/zebrafish/figure_code/two_column_figure/fcv_postdca_raw_recompute/data/zebrafish/sc/original_raw_data/subject_12_data_cellular_synapse_sc_100_data.pkl
12,55,rOG,0,0,0,,,,,0,0,10244937,47010,300,1e-09,/remotenas2/remotedata/share/zebrafish/figure_code/two_column_figure/fcv_postdca_raw_recompute/data/zebrafish/sc/original_raw_data/subject_12_data_cellular_synapse_sc_100_data.pkl
12,56,rOB,168,156,120,9.73000960815419e-10,-0.004005202364364387,0.018848266174722888,-0.00814117041228889,17,1089,10244937,47010,300,1e-09,/remotenas2/remotedata/share/zebrafish/figure_code/two_column_figure/fcv_postdca_raw_recompute/data/zebrafish/sc/original_raw_data/subject_12_data_cellular_synapse_sc_100_data.pkl
12,57,rOE,35,14,141,9.835105443774344e-10,0.02091573737656132,0.0015638991193397166,0.009506409993522555,4,3,10244937,47010,300,1e-09,/remotenas2/remotedata/share/zebrafish/figure_code/two_column_figure/fcv_postdca_raw_recompute/data/zebrafish/sc/original_raw_data/subject_12_data_cellular_synapse_sc_100_data.pkl
12,58,rP,976,1720,264,9.486968884317055e-10,-0.0005440998908797785,0.012469178368730648,-0.010060487317035854,46317,8428,10244937,47010,300,1e-09,/remotenas2/remotedata/share/zebrafish/figure_code/two_column_figure/fcv_postdca_raw_recompute/data/zebrafish/sc/original_raw_data/subject_12_data_cellular_synapse_sc_100_data.pkl
12,59,rPi,0,0,0,,,,,0,0,10244937,47010,300,1e-09,/remotenas2/remotedata/share/zebrafish/figure_code/two_column_figure/fcv_postdca_raw_recompute/data/zebrafish/sc/original_raw_data/subject_12_data_cellular_synapse_sc_100_data.pkl
12,60,rPT,407,1014,45,7.821752388032937e-10,-0.0018367867807223626,-0.005343370355215385,-0.00309009476088575,72320,100424,10244937,47010,300,1e-09,/remotenas2/remotedata/share/zebrafish/figure_code/two_column_figure/fcv_postdca_raw_recompute/data/zebrafish/sc/original_raw_data/subject_12_data_cellular_synapse_sc_100_data.pkl
12,61,rPO,382,819,300,3.0813680978237718e-06,-0.00010107388913665562,0.008399059549928742,0.0065971321651170246,123889,84479,10244937,47010,300,1e-09,/remotenas2/remotedata/share/zebrafish/figure_code/two_column_figure/fcv_postdca_raw_recompute/data/zebrafish/sc/original_raw_data/subject_12_data_cellular_synapse_sc_100_data.pkl
12,62,rPrT,577,1927,13,4.529670248348549e-10,-0.005682907298300051,-0.02102933003889058,-0.0016900788683603676,178909,245045,10244937,47010,300,1e-09,/remotenas2/remotedata/share/zebrafish/figure_code/two_column_figure/fcv_postdca_raw_recompute/data/zebrafish/sc/original_raw_data/subject_12_data_cellular_synapse_sc_100_data.pkl
12,63,rR,0,0,0,,,,,0,0,10244937,47010,300,1e-09,/remotenas2/remotedata/share/zebrafish/figure_code/two_column_figure/fcv_postdca_raw_recompute/data/zebrafish/sc/original_raw_data/subject_12_data_cellular_synapse_sc_100_data.pkl
12,64,rSP,658,1922,56,8.060252098930774e-10,-0.0009880520354794697,0.004263200258775265,-0.005540422983974367,8253,585,10244937,47010,300,1e-09,/remotenas2/remotedata/share/zebrafish/figure_code/two_column_figure/fcv_postdca_raw_recompute/data/zebrafish/sc/original_raw_data/subject_12_data_cellular_synapse_sc_100_data.pkl
12,65,rTeO,7358,52215,45,6.853311321532853e-10,-0.00023965040317429074,-0.022164837301257664,-0.0036723258459201618,625997,1468159,10244937,47010,300,1e-09,/remotenas2/remotedata/share/zebrafish/figure_code/two_column_figure/fcv_postdca_raw_recompute/data/zebrafish/sc/original_raw_data/subject_12_data_cellular_synapse_sc_100_data.pkl
12,66,rTh,1297,6023,32,9.254989463600655e-10,0.0019401868776077007,-0.00924808683288704,-0.0019979202698031727,209836,301998,10244937,47010,300,1e-09,/remotenas2/remotedata/share/zebrafish/figure_code/two_column_figure/fcv_postdca_raw_recompute/data/zebrafish/sc/original_raw_data/subject_12_data_cellular_synapse_sc_100_data.pkl
12,67,rTL,74,49,156,8.987365815380365e-10,-0.005254103610205153,-0.04726274536396811,-0.01360260407504681,1881,1448,10244937,47010,300,1e-09,/remotenas2/remotedata/share/zebrafish/figure_code/two_column_figure/fcv_postdca_raw_recompute/data/zebrafish/sc/original_raw_data/subject_12_data_cellular_synapse_sc_100_data.pkl
12,68,rTS,130,80,105,9.854727026487135e-10,0.0006786427488732867,-0.012177781327705969,-0.01429743984487387,3662,2249,10244937,47010,300,1e-09,/remotenas2/remotedata/share/zebrafish/figure_code/two_column_figure/fcv_postdca_raw_recompute/data/zebrafish/sc/original_raw_data/subject_12_data_cellular_synapse_sc_100_data.pkl
12,69,rTG,2,0,0,,,,,0,0,10244937,47010,300,1e-09,/remotenas2/remotedata/share/zebrafish/figure_code/two_column_figure/fcv_postdca_raw_recompute/data/zebrafish/sc/original_raw_data/subject_12_data_cellular_synapse_sc_100_data.pkl
12,70,rVR,71,103,57,7.544659341736116e-10,-0.006902409463900646,-0.011957004527774099,-0.004558220000840898,409,75,10244937,47010,300,1e-09,/remotenas2/remotedata/share/zebrafish/figure_code/two_column_figure/fcv_postdca_raw_recompute/data/zebrafish/sc/original_raw_data/subject_12_data_cellular_synapse_sc_100_data.pkl
12,71,rNX,484,3555,24,4.5173365829788416e-10,0.0002941016402092272,-0.017018232566030904,0.003871711837465099,25294,74056,10244937,47010,300,1e-09,/remotenas2/remotedata/share/zebrafish/figure_code/two_column_figure/fcv_postdca_raw_recompute/data/zebrafish/sc/original_raw_data/subject_12_data_cellular_synapse_sc_100_data.pkl
13,0,MON,1012,15689,29,5.7577050583976e-10,-0.0012047774801749866,-0.012259603357990326,-0.0038772067435236222,283634,112223,12242794,56521,300,1e-09,/remotenas2/remotedata/share/zebrafish/figure_code/two_column_figure/fcv_postdca_raw_recompute/data/zebrafish/sc/original_raw_data/subject_13_data_cellular_synapse_sc_100_data.pkl
13,1,Cb,1875,11162,16,2.9866933540669064e-10,-0.0008263935456514279,-0.01724636881428244,-0.0003457946494874293,253835,185879,12242794,56521,300,1e-09,/remotenas2/remotedata/share/zebrafish/figure_code/two_column_figure/fcv_postdca_raw_recompute/data/zebrafish/sc/original_raw_data/subject_13_data_cellular_synapse_sc_100_data.pkl
13,2,MOS1,1217,56059,14,4.4292302847612865e-10,0.0038667387255510045,-0.010663167965097965,0.00526065603840408,436237,638849,12242794,56521,300,1e-09,/remotenas2/remotedata/share/zebrafish/figure_code/two_column_figure/fcv_postdca_raw_recompute/data/zebrafish/sc/original_raw_data/subject_13_data_cellular_synapse_sc_100_data.pkl
13,3,MOS2,627,2400,16,2.5418976340328304e-10,-0.003659891039133838,-0.012030692134796376,0.009394567173820092,172234,232916,12242794,56521,300,1e-09,/remotenas2/remotedata/share/zebrafish/figure_code/two_column_figure/fcv_postdca_raw_recompute/data/zebrafish/sc/original_raw_data/subject_13_data_cellular_synapse_sc_100_data.pkl
13,4,MOS3,1262,12630,14,5.857991542949926e-10,0.0016109913318372202,-0.020346806252058456,0.0016646657700744394,754426,134770,12242794,56521,300,1e-09,/remotenas2/remotedata/share/zebrafish/figure_code/two_column_figure/fcv_postdca_raw_recompute/data/zebrafish/sc/original_raw_data/subject_13_data_cellular_synapse_sc_100_data.pkl
13,5,MOS4,967,4218,8,1.8925686934329205e-10,-0.002639834225578018,-0.015983948357271058,-9.547773367553678e-05,287461,84806,12242794,56521,300,1e-09,/remotenas2/remotedata/share/zebrafish/figure_code/two_column_figure/fcv_postdca_raw_recompute/data/zebrafish/sc/original_raw_data/subject_13_data_cellular_synapse_sc_100_data.pkl
13,6,MOS5,1257,15151,32,7.002109849060591e-10,-0.0034121741730754533,-0.011743496923939145,0.000837140660268019,328453,168660,12242794,56521,300,1e-09,/remotenas2/remotedata/share/zebrafish/figure_code/two_column_figure/fcv_postdca_raw_recompute/data/zebrafish/sc/original_raw_data/subject_13_data_cellular_synapse_sc_100_data.pkl
13,7,IPN,112,83,164,9.699823298488808e-10,-0.0013005152613033597,-0.006933360909734485,-0.0032463939039655623,5899,13386,12242794,56521,300,1e-09,/remotenas2/remotedata/share/zebrafish/figure_code/two_column_figure/fcv_postdca_raw_recompute/data/zebrafish/sc/original_raw_data/subject_13_data_cellular_synapse_sc_100_data.pkl
13,8,IO,13,2,2,1.5700924586837752e-16,0.0,2.7061522564495844e-06,-0.008904677549350103,6,110,12242794,56521,300,1e-09,/remotenas2/remotedata/share/zebrafish/figure_code/two_column_figure/fcv_postdca_raw_recompute/data/zebrafish/sc/original_raw_data/subject_13_data_cellular_synapse_sc_100_data.pkl
13,9,Hc,71,87,121,9.281115299094285e-10,-0.006397834505375798,-0.045022761183826226,0.0004756446775130121,6002,8508,12242794,56521,300,1e-09,/remotenas2/remotedata/share/zebrafish/figure_code/two_column_figure/fcv_postdca_raw_recompute/data/zebrafish/sc/original_raw_data/subject_13_data_cellular_synapse_sc_100_data.pkl
13,10,Ra,382,1358,11,3.15947053567366e-10,-0.0008143704418580089,-0.010742969330227701,0.009446767069489199,62181,202322,12242794,56521,300,1e-09,/remotenas2/remotedata/share/zebrafish/figure_code/two_column_figure/fcv_postdca_raw_recompute/data/zebrafish/sc/original_raw_data/subject_13_data_cellular_synapse_sc_100_data.pkl
13,11,T,1384,9032,29,5.876355190904638e-10,0.0028463252454654386,-0.016318893787497325,-0.004972544627542515,1089325,347763,12242794,56521,300,1e-09,/remotenas2/remotedata/share/zebrafish/figure_code/two_column_figure/fcv_postdca_raw_recompute/data/zebrafish/sc/original_raw_data/subject_13_data_cellular_synapse_sc_100_data.pkl
13,12,aRF,603,2394,37,7.147660740306237e-10,-0.003057510225228328,-0.0172320584406476,-0.004322616703001869,278027,167996,12242794,56521,300,1e-09,/remotenas2/remotedata/share/zebrafish/figure_code/two_column_figure/fcv_postdca_raw_recompute/data/zebrafish/sc/original_raw_data/subject_13_data_cellular_synapse_sc_100_data.pkl
13,13,imRF,814,5302,42,9.500580146485197e-10,-0.0005084895070351529,-0.023470101176965665,0.0015337284085443826,197421,267579,12242794,56521,300,1e-09,/remotenas2/remotedata/share/zebrafish/figure_code/two_column_figure/fcv_postdca_raw_recompute/data/zebrafish/sc/original_raw_data/subject_13_data_cellular_synapse_sc_100_data.pkl
13,14,pRF,953,6645,47,8.631050651012335e-10,-2.465947553354688e-05,-0.01601816941631331,0.00562772945016611,199639,671561,12242794,56521,300,1e-09,/remotenas2/remotedata/share/zebrafish/figure_code/two_column_figure/fcv_postdca_raw_recompute/data/zebrafish/sc/original_raw_data/subject_13_data_cellular_synapse_sc_100_data.pkl
13,15,GG,0,0,0,,,,,0,0,12242794,56521,300,1e-09,/remotenas2/remotedata/share/zebrafish/figure_code/two_column_figure/fcv_postdca_raw_recompute/data/zebrafish/sc/original_raw_data/subject_13_data_cellular_synapse_sc_100_data.pkl
13,16,Hb,556,1608,141,9.748996781015686e-10,0.00010307857261337274,0.017656068142614074,-0.0012642853454947103,18293,107,12242794,56521,300,1e-09,/remotenas2/remotedata/share/zebrafish/figure_code/two_column_figure/fcv_postdca_raw_recompute/data/zebrafish/sc/original_raw_data/subject_13_data_cellular_synapse_sc_100_data.pkl
13,17,Hi,480,1050,9,7.787670215461808e-10,0.0017110241748059028,-0.029704754644166758,-0.000659139244945852,26955,11000,12242794,56521,300,1e-09,/remotenas2/remotedata/share/zebrafish/figure_code/two_column_figure/fcv_postdca_raw_recompute/data/zebrafish/sc/original_raw_data/subject_13_data_cellular_synapse_sc_100_data.pkl
13,18,HR,382,1175,15,4.580709195535103e-10,-0.016519683092274015,-0.012777015137817236,-0.003705576291640224,36286,69311,12242794,56521,300,1e-09,/remotenas2/remotedata/share/zebrafish/figure_code/two_column_figure/fcv_postdca_raw_recompute/data/zebrafish/sc/original_raw_data/subject_13_data_cellular_synapse_sc_100_data.pkl
13,19,OG,66,93,114,8.683834615353715e-10,-0.0005631900382905959,-0.002634948668768735,-1.532697134943395e-07,274,123,12242794,56521,300,1e-09,/remotenas2/remotedata/share/zebrafish/figure_code/two_column_figure/fcv_postdca_raw_recompute/data/zebrafish/sc/original_raw_data/subject_13_data_cellular_synapse_sc_100_data.pkl
13,20,OB,254,419,128,9.415843746603283e-10,-0.0008902325671634072,-0.0159731109914859,7.447734217106065e-05,52,62,12242794,56521,300,1e-09,/remotenas2/remotedata/share/zebrafish/figure_code/two_column_figure/fcv_postdca_raw_recompute/data/zebrafish/sc/original_raw_data/subject_13_data_cellular_synapse_sc_100_data.pkl
13,21,OE,53,46,23,4.485582880760639e-10,-0.005034199735579476,-0.0050392175125066555,-0.00011139975291783914,5,8,12242794,56521,300,1e-09,/remotenas2/remotedata/share/zebrafish/figure_code/two_column_figure/fcv_postdca_raw_recompute/data/zebrafish/sc/original_raw_data/subject_13_data_cellular_synapse_sc_100_data.pkl
13,22,P,1563,5554,84,9.561984818288036e-10,-7.953995151349956e-05,-0.00321459054689495,-0.031528811075034614,11814,6834,12242794,56521,300,1e-09,/remotenas2/remotedata/share/zebrafish/figure_code/two_column_figure/fcv_postdca_raw_recompute/data/zebrafish/sc/original_raw_data/subject_13_data_cellular_synapse_sc_100_data.pkl
13,23,Pi,0,0,0,,,,,0,0,12242794,56521,300,1e-09,/remotenas2/remotedata/share/zebrafish/figure_code/two_column_figure/fcv_postdca_raw_recompute/data/zebrafish/sc/original_raw_data/subject_13_data_cellular_synapse_sc_100_data.pkl
13,24,PT,420,1528,40,7.201904455356143e-10,0.002757574050109703,-0.005669476102618531,-0.0034944713222827685,100171,277663,12242794,56521,300,1e-09,/remotenas2/remotedata/share/zebrafish/figure_code/two_column_figure/fcv_postdca_raw_recompute/data/zebrafish/sc/original_raw_data/subject_13_data_cellular_synapse_sc_100_data.pkl
13,25,PO,557,1182,19,5.535275246414426e-10,-0.0009635952349526005,0.007327566927980583,0.009532968768143059,130201,101434,12242794,56521,300,1e-09,/remotenas2/remotedata/share/zebrafish/figure_code/two_column_figure/fcv_postdca_raw_recompute/data/zebrafish/sc/original_raw_data/subject_13_data_cellular_synapse_sc_100_data.pkl
13,26,PrT,541,1666,25,9.784040383529817e-10,-0.005287832105255896,-0.019415297314702314,-0.003113581048790848,177473,202577,12242794,56521,300,1e-09,/remotenas2/remotedata/share/zebrafish/figure_code/two_column_figure/fcv_postdca_raw_recompute/data/zebrafish/sc/original_raw_data/subject_13_data_cellular_synapse_sc_100_data.pkl
13,27,R,0,0,0,,,,,0,0,12242794,56521,300,1e-09,/remotenas2/remotedata/share/zebrafish/figure_code/two_column_figure/fcv_postdca_raw_recompute/data/zebrafish/sc/original_raw_data/subject_13_data_cellular_synapse_sc_100_data.pkl
13,28,SP,988,2266,214,9.670086702932064e-10,-0.0003055728606768266,2.004027378927806e-05,-0.024163554984264295,19372,4215,12242794,56521,300,1e-09,/remotenas2/remotedata/share/zebrafish/figure_code/two_column_figure/fcv_postdca_raw_recompute/data/zebrafish/sc/original_raw_data/subject_13_data_cellular_synapse_sc_100_data.pkl
13,29,TeO,7514,54417,90,9.03084821484371e-10,-0.0010399898528656016,-0.013088798340964877,-0.0013687150862847779,893580,1095059,12242794,56521,300,1e-09,/remotenas2/remotedata/share/zebrafish/figure_code/two_column_figure/fcv_postdca_raw_recompute/data/zebrafish/sc/original_raw_data/subject_13_data_cellular_synapse_sc_100_data.pkl
13,30,Th,901,1915,80,9.126770184334052e-10,-0.0035308593246956414,-0.015836129521766502,0.0019635737328919348,108794,294001,12242794,56521,300,1e-09,/remotenas2/remotedata/share/zebrafish/figure_code/two_column_figure/fcv_postdca_raw_recompute/data/zebrafish/sc/original_raw_data/subject_13_data_cellular_synapse_sc_100_data.pkl
13,31,TL,192,340,71,9.601914398756086e-10,-8.46384807784239e-05,-0.056301524459998094,-0.006168470372111792,10608,1708,12242794,56521,300,1e-09,/remotenas2/remotedata/share/zebrafish/figure_code/two_column_figure/fcv_postdca_raw_recompute/data/zebrafish/sc/original_raw_data/subject_13_data_cellular_synapse_sc_100_data.pkl
13,32,TS,118,101,141,9.90929241403486e-10,-0.0028775501404491636,-0.011043813598264667,-0.006350369558564973,37080,69388,12242794,56521,300,1e-09,/remotenas2/remotedata/share/zebrafish/figure_code/two_column_figure/fcv_postdca_raw_recompute/data/zebrafish/sc/original_raw_data/subject_13_data_cellular_synapse_sc_100_data.pkl
13,33,TG,2,0,0,,,,,0,0,12242794,56521,300,1e-09,/remotenas2/remotedata/share/zebrafish/figure_code/two_column_figure/fcv_postdca_raw_recompute/data/zebrafish/sc/original_raw_data/subject_13_data_cellular_synapse_sc_100_data.pkl
13,34,VR,129,252,291,9.451015375408222e-10,-0.002926657050683463,-0.0137257683626915,0.019977638365413462,1199,261,12242794,56521,300,1e-09,/remotenas2/remotedata/share/zebrafish/figure_code/two_column_figure/fcv_postdca_raw_recompute/data/zebrafish/sc/original_raw_data/subject_13_data_cellular_synapse_sc_100_data.pkl
13,35,NX,340,1565,31,7.174967871123346e-10,-0.0009219853804745566,-0.0014158128922831623,0.003945922065335835,55189,66995,12242794,56521,300,1e-09,/remotenas2/remotedata/share/zebrafish/figure_code/two_column_figure/fcv_postdca_raw_recompute/data/zebrafish/sc/original_raw_data/subject_13_data_cellular_synapse_sc_100_data.pkl
13,36,rMON,1179,21658,17,3.1594171117622195e-10,-0.006078960787040033,-0.02435243616014552,-0.004431063831244132,285519,193997,12242794,56521,300,1e-09,/remotenas2/remotedata/share/zebrafish/figure_code/two_column_figure/fcv_postdca_raw_recompute/data/zebrafish/sc/original_raw_data/subject_13_data_cellular_synapse_sc_100_data.pkl
13,37,rCb,1969,10601,21,3.940584993674324e-10,-0.00183320390956529,-0.024139818395121596,-0.0018605852498350252,239427,193025,12242794,56521,300,1e-09,/remotenas2/remotedata/share/zebrafish/figure_code/two_column_figure/fcv_postdca_raw_recompute/data/zebrafish/sc/original_raw_data/subject_13_data_cellular_synapse_sc_100_data.pkl
13,38,rMOS1,1455,73992,14,2.909347380401191e-10,0.003375761536520753,-0.012128860400230559,0.005108066054360268,440824,757094,12242794,56521,300,1e-09,/remotenas2/remotedata/share/zebrafish/figure_code/two_column_figure/fcv_postdca_raw_recompute/data/zebrafish/sc/original_raw_data/subject_13_data_cellular_synapse_sc_100_data.pkl
13,39,rMOS2,648,4306,12,5.266992978878338e-10,5.038807882316839e-05,-0.002803794485975354,0.009550877438689985,73498,391001,12242794,56521,300,1e-09,/remotenas2/remotedata/share/zebrafish/figure_code/two_column_figure/fcv_postdca_raw_recompute/data/zebrafish/sc/original_raw_data/subject_13_data_cellular_synapse_sc_100_data.pkl
13,40,rMOS3,1513,19694,31,7.598829345628054e-10,0.009809035561191183,-0.021214331677309226,-0.007136326734474352,895470,260858,12242794,56521,300,1e-09,/remotenas2/remotedata/share/zebrafish/figure_code/two_column_figure/fcv_postdca_raw_recompute/data/zebrafish/sc/original_raw_data/subject_13_data_cellular_synapse_sc_100_data.pkl
13,41,rMOS4,1291,6569,26,7.971378637184065e-10,0.0009364888199069944,-0.01697858120082076,0.002330104452313197,379065,125627,12242794,56521,300,1e-09,/remotenas2/remotedata/share/zebrafish/figure_code/two_column_figure/fcv_postdca_raw_recompute/data/zebrafish/sc/original_raw_data/subject_13_data_cellular_synapse_sc_100_data.pkl
13,42,rMOS5,1685,25116,16,2.966906787915944e-10,0.0025916849778944537,-0.01714187212105394,-0.0053723695904568285,522482,143714,12242794,56521,300,1e-09,/remotenas2/remotedata/share/zebrafish/figure_code/two_column_figure/fcv_postdca_raw_recompute/data/zebrafish/sc/original_raw_data/subject_13_data_cellular_synapse_sc_100_data.pkl
13,43,rIPN,121,200,16,2.2913175798592946e-10,-0.01754668095686942,-0.015996913442824407,-0.0005640615097778684,9233,19766,12242794,56521,300,1e-09,/remotenas2/remotedata/share/zebrafish/figure_code/two_column_figure/fcv_postdca_raw_recompute/data/zebrafish/sc/original_raw_data/subject_13_data_cellular_synapse_sc_100_data.pkl
13,44,rIO,36,56,37,8.907833569173873e-10,0.010599759103939975,0.01583648174649412,-0.009813419591460688,245,7,12242794,56521,300,1e-09,/remotenas2/remotedata/share/zebrafish/figure_code/two_column_figure/fcv_postdca_raw_recompute/data/zebrafish/sc/original_raw_data/subject_13_data_cellular_synapse_sc_100_data.pkl
13,45,rHc,67,42,230,9.621402977140285e-10,-0.007965550793315878,-0.00181796747109984,-0.007007961623143239,2219,4678,12242794,56521,300,1e-09,/remotenas2/remotedata/share/zebrafish/figure_code/two_column_figure/fcv_postdca_raw_recompute/data/zebrafish/sc/original_raw_data/subject_13_data_cellular_synapse_sc_100_data.pkl
13,46,rRa,231,374,26,8.465331330833598e-10,-0.0022742356230855167,-0.01903450722925822,0.006156675372677416,41344,124412,12242794,56521,300,1e-09,/remotenas2/remotedata/share/zebrafish/figure_code/two_column_figure/fcv_postdca_raw_recompute/data/zebrafish/sc/original_raw_data/subject_13_data_cellular_synapse_sc_100_data.pkl
13,47,rT,1382,10471,33,7.451091864132835e-10,0.0015966276672981132,-0.016243159770314264,-0.002443982381807431,769610,397518,12242794,56521,300,1e-09,/remotenas2/remotedata/share/zebrafish/figure_code/two_column_figure/fcv_postdca_raw_recompute/data/zebrafish/sc/original_raw_data/subject_13_data_cellular_synapse_sc_100_data.pkl
13,48,raRF,704,2210,68,8.457401694404843e-10,-0.005550389266055875,-0.027619399326916042,-0.004272951261117523,181998,133298,12242794,56521,300,1e-09,/remotenas2/remotedata/share/zebrafish/figure_code/two_column_figure/fcv_postdca_raw_recompute/data/zebrafish/sc/original_raw_data/subject_13_data_cellular_synapse_sc_100_data.pkl
13,49,rimRF,777,5307,37,9.373845211801952e-10,0.0016934224381604391,-0.02300547033168945,0.002901527015826419,190903,290503,12242794,56521,300,1e-09,/remotenas2/remotedata/share/zebrafish/figure_code/two_column_figure/fcv_postdca_raw_recompute/data/zebrafish/sc/original_raw_data/subject_13_data_cellular_synapse_sc_100_data.pkl
13,50,rpRF,1043,10717,75,9.152606761055634e-10,-0.002390864948502252,-0.01012222993988594,0.00671243016555675,140693,762765,12242794,56521,300,1e-09,/remotenas2/remotedata/share/zebrafish/figure_code/two_column_figure/fcv_postdca_raw_recompute/data/zebrafish/sc/original_raw_data/subject_13_data_cellular_synapse_sc_100_data.pkl
13,51,rGG,0,0,0,,,,,0,0,12242794,56521,300,1e-09,/remotenas2/remotedata/share/zebrafish/figure_code/two_column_figure/fcv_postdca_raw_recompute/data/zebrafish/sc/original_raw_data/subject_13_data_cellular_synapse_sc_100_data.pkl
13,52,rHb,466,912,125,9.339321792643023e-10,-0.00040361534292742795,0.00792278050286064,0.00040842210466145005,9193,71,12242794,56521,300,1e-09,/remotenas2/remotedata/share/zebrafish/figure_code/two_column_figure/fcv_postdca_raw_recompute/data/zebrafish/sc/original_raw_data/subject_13_data_cellular_synapse_sc_100_data.pkl
13,53,rHi,442,715,11,6.725415121197162e-10,0.008310309716370017,-0.012619466204396183,0.001167424415298666,34200,13532,12242794,56521,300,1e-09,/remotenas2/remotedata/share/zebrafish/figure_code/two_column_figure/fcv_postdca_raw_recompute/data/zebrafish/sc/original_raw_data/subject_13_data_cellular_synapse_sc_100_data.pkl
13,54,rHR,315,828,13,3.8821780780086527e-10,-0.00836709521020182,-0.013381198729461903,-0.004476522148337409,13388,114873,12242794,56521,300,1e-09,/remotenas2/remotedata/share/zebrafish/figure_code/two_column_figure/fcv_postdca_raw_recompute/data/zebrafish/sc/original_raw_data/subject_13_data_cellular_synapse_sc_100_data.pkl
13,55,rOG,23,22,58,8.686510572951204e-10,-0.012816217216649222,-0.0016526553453508953,,137,0,12242794,56521,300,1e-09,/remotenas2/remotedata/share/zebrafish/figure_code/two_column_figure/fcv_postdca_raw_recompute/data/zebrafish/sc/original_raw_data/subject_13_data_cellular_synapse_sc_100_data.pkl
13,56,rOB,138,116,250,9.953474302101864e-10,-0.0010586604936547893,0.008267727707941356,-0.0061825970173802645,18,869,12242794,56521,300,1e-09,/remotenas2/remotedata/share/zebrafish/figure_code/two_column_figure/fcv_postdca_raw_recompute/data/zebrafish/sc/original_raw_data/subject_13_data_cellular_synapse_sc_100_data.pkl
13,57,rOE,55,62,127,9.404047862824173e-10,0.0031543676960862632,0.037446949710328456,0.06667465520735653,10,7,12242794,56521,300,1e-09,/remotenas2/remotedata/share/zebrafish/figure_code/two_column_figure/fcv_postdca_raw_recompute/data/zebrafish/sc/original_raw_data/subject_13_data_cellular_synapse_sc_100_data.pkl
13,58,rP,1354,3882,121,9.225292658137826e-10,-0.000193404947929733,0.010117979155693579,-0.011346562827873235,61499,11318,12242794,56521,300,1e-09,/remotenas2/remotedata/share/zebrafish/figure_code/two_column_figure/fcv_postdca_raw_recompute/data/zebrafish/sc/original_raw_data/subject_13_data_cellular_synapse_sc_100_data.pkl
13,59,rPi,0,0,0,,,,,0,0,12242794,56521,300,1e-09,/remotenas2/remotedata/share/zebrafish/figure_code/two_column_figure/fcv_postdca_raw_recompute/data/zebrafish/sc/original_raw_data/subject_13_data_cellular_synapse_sc_100_data.pkl
13,60,rPT,499,1482,93,9.561462845508001e-10,-0.0031022244505210486,-0.0064871506149012026,-0.003032975817091576,104174,195050,12242794,56521,300,1e-09,/remotenas2/remotedata/share/zebrafish/figure_code/two_column_figure/fcv_postdca_raw_recompute/data/zebrafish/sc/original_raw_data/subject_13_data_cellular_synapse_sc_100_data.pkl
13,61,rPO,624,1442,198,9.940102559475668e-10,0.00020848599387359514,0.006876921425674397,0.007359553620396592,156956,97820,12242794,56521,300,1e-09,/remotenas2/remotedata/share/zebrafish/figure_code/two_column_figure/fcv_postdca_raw_recompute/data/zebrafish/sc/original_raw_data/subject_13_data_cellular_synapse_sc_100_data.pkl
13,62,rPrT,493,1086,27,7.813101747242069e-10,-0.007356544050649984,-0.021209787147289372,-0.004426857425228458,173286,206170,12242794,56521,300,1e-09,/remotenas2/remotedata/share/zebrafish/figure_code/two_column_figure/fcv_postdca_raw_recompute/data/zebrafish/sc/original_raw_data/subject_13_data_cellular_synapse_sc_100_data.pkl
13,63,rR,0,0,0,,,,,0,0,12242794,56521,300,1e-09,/remotenas2/remotedata/share/zebrafish/figure_code/two_column_figure/fcv_postdca_raw_recompute/data/zebrafish/sc/original_raw_data/subject_13_data_cellular_synapse_sc_100_data.pkl
13,64,rSP,1066,3097,65,8.461486492582403e-10,9.955858643489576e-05,0.00970147290976836,1.2826985882739477e-05,7307,910,12242794,56521,300,1e-09,/remotenas2/remotedata/share/zebrafish/figure_code/two_column_figure/fcv_postdca_raw_recompute/data/zebrafish/sc/original_raw_data/subject_13_data_cellular_synapse_sc_100_data.pkl
13,65,rTeO,7228,55211,180,9.43554855109288e-10,-7.48176459095275e-05,-0.021880788298085853,-0.0051702952012688316,718689,1396122,12242794,56521,300,1e-09,/remotenas2/remotedata/share/zebrafish/figure_code/two_column_figure/fcv_postdca_raw_recompute/data/zebrafish/sc/original_raw_data/subject_13_data_cellular_synapse_sc_100_data.pkl
13,66,rTh,1300,6515,20,5.07738962649636e-10,0.002396423106343732,-0.012212410780982876,-0.003144881470573737,271696,373305,12242794,56521,300,1e-09,/remotenas2/remotedata/share/zebrafish/figure_code/two_column_figure/fcv_postdca_raw_recompute/data/zebrafish/sc/original_raw_data/subject_13_data_cellular_synapse_sc_100_data.pkl
13,67,rTL,126,163,300,2.81053329588408e-06,0.0020880214763433873,-0.030557824846188592,-0.013147245911218576,6224,2514,12242794,56521,300,1e-09,/remotenas2/remotedata/share/zebrafish/figure_code/two_column_figure/fcv_postdca_raw_recompute/data/zebrafish/sc/original_raw_data/subject_13_data_cellular_synapse_sc_100_data.pkl
13,68,rTS,144,122,196,9.240338063508339e-10,-0.0008191576347780777,,,5665,4829,12242794,56521,300,1e-09,/remotenas2/remotedata/share/zebrafish/figure_code/two_column_figure/fcv_postdca_raw_recompute/data/zebrafish/sc/original_raw_data/subject_13_data_cellular_synapse_sc_100_data.pkl
13,69,rTG,2,0,0,,,-8.184983912749155e-10,-0.6852306290148186,1,1,12242794,56521,300,1e-09,/remotenas2/remotedata/share/zebrafish/figure_code/two_column_figure/fcv_postdca_raw_recompute/data/zebrafish/sc/original_raw_data/subject_13_data_cellular_synapse_sc_100_data.pkl
13,70,rVR,91,152,98,8.677011748348189e-10,-0.0008219984395233677,-0.004747327119581262,-0.00702983532632425,3021,276,12242794,56521,300,1e-09,/remotenas2/remotedata/share/zebrafish/figure_code/two_column_figure/fcv_postdca_raw_recompute/data/zebrafish/sc/original_raw_data/subject_13_data_cellular_synapse_sc_100_data.pkl
13,71,rNX,449,2028,37,7.874783666207209e-10,-6.417118011663742e-05,-0.019656513518111485,0.003955150996424748,36137,102253,12242794,56521,300,1e-09,/remotenas2/remotedata/share/zebrafish/figure_code/two_column_figure/fcv_postdca_raw_recompute/data/zebrafish/sc/original_raw_data/subject_13_data_cellular_synapse_sc_100_data.pkl
14,0,MON,1151,22776,31,5.417954425895445e-10,0.0010506210788770512,-0.009392155495924072,0.00016795306213669296,333844,157178,15350425,57782,300,1e-09,/remotenas2/remotedata/share/zebrafish/figure_code/two_column_figure/fcv_postdca_raw_recompute/data/zebrafish/sc/original_raw_data/subject_14_data_cellular_synapse_sc_100_data.pkl
14,1,Cb,1873,8711,16,5.839290232995438e-10,-0.0007431813932165588,-0.012707210271764266,0.0017310928469649925,281571,179288,15350425,57782,300,1e-09,/remotenas2/remotedata/share/zebrafish/figure_code/two_column_figure/fcv_postdca_raw_recompute/data/zebrafish/sc/original_raw_data/subject_14_data_cellular_synapse_sc_100_data.pkl
14,2,MOS1,1898,124739,16,4.258355667731158e-10,0.001352952766585595,-0.010662548178151716,0.004905478421918398,696600,1118758,15350425,57782,300,1e-09,/remotenas2/remotedata/share/zebrafish/figure_code/two_column_figure/fcv_postdca_raw_recompute/data/zebrafish/sc/original_raw_data/subject_14_data_cellular_synapse_sc_100_data.pkl
14,3,MOS2,1068,8412,59,9.532643115925758e-10,-0.0014167247590569098,-0.008868154938273478,0.00786181025391147,281983,386415,15350425,57782,300,1e-09,/remotenas2/remotedata/share/zebrafish/figure_code/two_column_figure/fcv_postdca_raw_recompute/data/zebrafish/sc/original_raw_data/subject_14_data_cellular_synapse_sc_100_data.pkl
14,4,MOS3,1413,13425,15,5.857245877565968e-10,0.001809032100155394,-0.0126345318254343,0.0027390368667071997,961723,174213,15350425,57782,300,1e-09,/remotenas2/remotedata/share/zebrafish/figure_code/two_column_figure/fcv_postdca_raw_recompute/data/zebrafish/sc/original_raw_data/subject_14_data_cellular_synapse_sc_100_data.pkl
14,5,MOS4,1173,8080,8,8.417283955319181e-10,-0.0016137972269756307,-0.005634499315689047,0.0007238885834105583,355248,102289,15350425,57782,300,1e-09,/remotenas2/remotedata/share/zebrafish/figure_code/two_column_figure/fcv_postdca_raw_recompute/data/zebrafish/sc/original_raw_data/subject_14_data_cellular_synapse_sc_100_data.pkl
14,6,MOS5,1380,18826,27,4.5020298402898185e-10,-0.0024782182320011413,-0.008751136000775251,0.0036146783609035927,355015,185011,15350425,57782,300,1e-09,/remotenas2/remotedata/share/zebrafish/figure_code/two_column_figure/fcv_postdca_raw_recompute/data/zebrafish/sc/original_raw_data/subject_14_data_cellular_synapse_sc_100_data.pkl
14,7,IPN,141,308,10,8.796856450430579e-10,-0.015734842590585996,-0.0077241019173498945,0.0016562329413654527,6618,19453,15350425,57782,300,1e-09,/remotenas2/remotedata/share/zebrafish/figure_code/two_column_figure/fcv_postdca_raw_recompute/data/zebrafish/sc/original_raw_data/subject_14_data_cellular_synapse_sc_100_data.pkl
14,8,IO,3,0,0,,,3.21270387095212e-98,,2,0,15350425,57782,300,1e-09,/remotenas2/remotedata/share/zebrafish/figure_code/two_column_figure/fcv_postdca_raw_recompute/data/zebrafish/sc/original_raw_data/subject_14_data_cellular_synapse_sc_100_data.pkl
14,9,Hc,34,22,54,8.559020518606004e-10,-0.016983057271209818,-0.014894925668537338,-0.0002090300703837891,3310,2457,15350425,57782,300,1e-09,/remotenas2/remotedata/share/zebrafish/figure_code/two_column_figure/fcv_postdca_raw_recompute/data/zebrafish/sc/original_raw_data/subject_14_data_cellular_synapse_sc_100_data.pkl
14,10,Ra,636,3428,10,3.1238030589208314e-10,-0.0013901527148165184,-0.008657597739465273,0.009386237388259463,107291,359086,15350425,57782,300,1e-09,/remotenas2/remotedata/share/zebrafish/figure_code/two_column_figure/fcv_postdca_raw_recompute/data/zebrafish/sc/original_raw_data/subject_14_data_cellular_synapse_sc_100_data.pkl
14,11,T,1553,11688,23,9.885147505900126e-10,0.002169941562341332,-0.015679501241095597,8.487888971979926e-05,1513395,476468,15350425,57782,300,1e-09,/remotenas2/remotedata/share/zebrafish/figure_code/two_column_figure/fcv_postdca_raw_recompute/data/zebrafish/sc/original_raw_data/subject_14_data_cellular_synapse_sc_100_data.pkl
14,12,aRF,405,1290,23,5.330228711614357e-10,-0.006343169531894599,-0.014980777130054232,-0.0030948603921244554,280901,150587,15350425,57782,300,1e-09,/remotenas2/remotedata/share/zebrafish/figure_code/two_column_figure/fcv_postdca_raw_recompute/data/zebrafish/sc/original_raw_data/subject_14_data_cellular_synapse_sc_100_data.pkl
14,13,imRF,606,4219,53,7.935857431569478e-10,0.00026316914583092985,-0.018064840491851343,0.0020981625037515047,260329,288849,15350425,57782,300,1e-09,/remotenas2/remotedata/share/zebrafish/figure_code/two_column_figure/fcv_postdca_raw_recompute/data/zebrafish/sc/original_raw_data/subject_14_data_cellular_synapse_sc_100_data.pkl
14,14,pRF,745,5513,42,6.384563575229834e-10,5.5002245315216355e-05,-0.01634948330812525,,211151,737827,15350425,57782,300,1e-09,/remotenas2/remotedata/share/zebrafish/figure_code/two_column_figure/fcv_postdca_raw_recompute/data/zebrafish/sc/original_raw_data/subject_14_data_cellular_synapse_sc_100_data.pkl
14,15,GG,0,0,0,,,,,0,0,15350425,57782,300,1e-09,/remotenas2/remotedata/share/zebrafish/figure_code/two_column_figure/fcv_postdca_raw_recompute/data/zebrafish/sc/original_raw_data/subject_14_data_cellular_synapse_sc_100_data.pkl
14,16,Hb,532,1603,223,9.4290418389795e-10,-0.00016385387443661214,0.015373449375931677,-0.0003958577497052407,34202,84,15350425,57782,300,1e-09,/remotenas2/remotedata/share/zebrafish/figure_code/two_column_figure/fcv_postdca_raw_recompute/data/zebrafish/sc/original_raw_data/subject_14_data_cellular_synapse_sc_100_data.pkl
14,17,Hi,284,398,17,6.974326879433158e-10,0.0015653581247625967,-0.013785607046864283,-0.003012750843655555,17777,3532,15350425,57782,300,1e-09,/remotenas2/remotedata/share/zebrafish/figure_code/two_column_figure/fcv_postdca_raw_recompute/data/zebrafish/sc/original_raw_data/subject_14_data_cellular_synapse_sc_100_data.pkl
14,18,HR,243,619,22,3.7517530481337044e-10,0.0003389798453741933,-0.015252021127165541,0.0010539262673303902,26223,56697,15350425,57782,300,1e-09,/remotenas2/remotedata/share/zebrafish/figure_code/two_column_figure/fcv_postdca_raw_recompute/data/zebrafish/sc/original_raw_data/subject_14_data_cellular_synapse_sc_100_data.pkl
14,19,OG,19,16,300,1.3082169793458464e-09,-0.006457721826867324,-0.0024989539838195162,-0.009775300506695483,80,248,15350425,57782,300,1e-09,/remotenas2/remotedata/share/zebrafish/figure_code/two_column_figure/fcv_postdca_raw_recompute/data/zebrafish/sc/original_raw_data/subject_14_data_cellular_synapse_sc_100_data.pkl
14,20,OB,192,236,56,9.509216825361561e-10,0.001273916167404987,0.0009969218896953263,0.003264893542651284,28,34,15350425,57782,300,1e-09,/remotenas2/remotedata/share/zebrafish/figure_code/two_column_figure/fcv_postdca_raw_recompute/data/zebrafish/sc/original_raw_data/subject_14_data_cellular_synapse_sc_100_data.pkl
14,21,OE,47,40,300,3.569988039826841e-07,0.0002676370560750426,-3.1058634598058114e-07,1.844832884325507e-06,7,4,15350425,57782,300,1e-09,/remotenas2/remotedata/share/zebrafish/figure_code/two_column_figure/fcv_postdca_raw_recompute/data/zebrafish/sc/original_raw_data/subject_14_data_cellular_synapse_sc_100_data.pkl
14,22,P,1221,2831,87,8.404381311388282e-10,0.00014353734789073898,0.0011121227995439752,-0.031655661846853055,12864,6377,15350425,57782,300,1e-09,/remotenas2/remotedata/share/zebrafish/figure_code/two_column_figure/fcv_postdca_raw_recompute/data/zebrafish/sc/original_raw_data/subject_14_data_cellular_synapse_sc_100_data.pkl
14,23,Pi,0,0,0,,,,,0,0,15350425,57782,300,1e-09,/remotenas2/remotedata/share/zebrafish/figure_code/two_column_figure/fcv_postdca_raw_recompute/data/zebrafish/sc/original_raw_data/subject_14_data_cellular_synapse_sc_100_data.pkl
14,24,PT,437,1674,34,5.389756431958667e-10,0.0026010587110327065,-0.005417748336825495,-0.003668257615327973,123751,290848,15350425,57782,300,1e-09,/remotenas2/remotedata/share/zebrafish/figure_code/two_column_figure/fcv_postdca_raw_recompute/data/zebrafish/sc/original_raw_data/subject_14_data_cellular_synapse_sc_100_data.pkl
14,25,PO,631,1320,25,4.410675515889751e-10,0.0026967685435244247,0.0051048129924978515,0.00704085667139966,145044,103539,15350425,57782,300,1e-09,/remotenas2/remotedata/share/zebrafish/figure_code/two_column_figure/fcv_postdca_raw_recompute/data/zebrafish/sc/original_raw_data/subject_14_data_cellular_synapse_sc_100_data.pkl
14,26,PrT,652,1706,34,5.925310053343326e-10,-0.00416925895661415,-0.017872361695483563,-0.0015817446917765223,241252,321333,15350425,57782,300,1e-09,/remotenas2/remotedata/share/zebrafish/figure_code/two_column_figure/fcv_postdca_raw_recompute/data/zebrafish/sc/original_raw_data/subject_14_data_cellular_synapse_sc_100_data.pkl
14,27,R,0,0,0,,,,,0,0,15350425,57782,300,1e-09,/remotenas2/remotedata/share/zebrafish/figure_code/two_column_figure/fcv_postdca_raw_recompute/data/zebrafish/sc/original_raw_data/subject_14_data_cellular_synapse_sc_100_data.pkl
14,28,SP,1001,2487,52,8.015282871061435e-10,-0.00037146157970840716,0.00115775621971594,-0.016960338812287184,23542,2745,15350425,57782,300,1e-09,/remotenas2/remotedata/share/zebrafish/figure_code/two_column_figure/fcv_postdca_raw_recompute/data/zebrafish/sc/original_raw_data/subject_14_data_cellular_synapse_sc_100_data.pkl
14,29,TeO,7219,43409,140,9.955611755219046e-10,-0.0007150169047854492,-0.011559526157302043,-0.0020433640035767585,975868,1271926,15350425,57782,300,1e-09,/remotenas2/remotedata/share/zebrafish/figure_code/two_column_figure/fcv_postdca_raw_recompute/data/zebrafish/sc/original_raw_data/subject_14_data_cellular_synapse_sc_100_data.pkl
14,30,Th,1209,4084,158,9.082994145380759e-10,-0.001361359573608191,-0.013992333041572989,0.0014485614115617048,157895,423079,15350425,57782,300,1e-09,/remotenas2/remotedata/share/zebrafish/figure_code/two_column_figure/fcv_postdca_raw_recompute/data/zebrafish/sc/original_raw_data/subject_14_data_cellular_synapse_sc_100_data.pkl
14,31,TL,109,140,300,1.4284020646998157e-09,-0.003996271488027137,-0.05755279414479039,-0.006049081321738242,6503,1566,15350425,57782,300,1e-09,/remotenas2/remotedata/share/zebrafish/figure_code/two_column_figure/fcv_postdca_raw_recompute/data/zebrafish/sc/original_raw_data/subject_14_data_cellular_synapse_sc_100_data.pkl
14,32,TS,251,315,62,8.714559102756673e-10,0.0009088275330980049,-0.010296978355020461,-0.005917631063718704,42184,64315,15350425,57782,300,1e-09,/remotenas2/remotedata/share/zebrafish/figure_code/two_column_figure/fcv_postdca_raw_recompute/data/zebrafish/sc/original_raw_data/subject_14_data_cellular_synapse_sc_100_data.pkl
14,33,TG,1,0,0,,,,,0,0,15350425,57782,300,1e-09,/remotenas2/remotedata/share/zebrafish/figure_code/two_column_figure/fcv_postdca_raw_recompute/data/zebrafish/sc/original_raw_data/subject_14_data_cellular_synapse_sc_100_data.pkl
14,34,VR,89,116,32,8.573615795935115e-10,0.002655261320142491,-0.019504053922601322,0.00039265544444480203,651,20,15350425,57782,300,1e-09,/remotenas2/remotedata/share/zebrafish/figure_code/two_column_figure/fcv_postdca_raw_recompute/data/zebrafish/sc/original_raw_data/subject_14_data_cellular_synapse_sc_100_data.pkl
14,35,NX,653,9005,23,5.734605744254221e-10,-3.1590161378536497e-06,-0.004646726322593165,0.000686855335009227,85134,130936,15350425,57782,300,1e-09,/remotenas2/remotedata/share/zebrafish/figure_code/two_column_figure/fcv_postdca_raw_recompute/data/zebrafish/sc/original_raw_data/subject_14_data_cellular_synapse_sc_100_data.pkl
14,36,rMON,1275,29283,15,9.596634706839426e-10,-0.00575445864873956,-0.011858699735259881,0.000856970077747098,346375,236867,15350425,57782,300,1e-09,/remotenas2/remotedata/share/zebrafish/figure_code/two_column_figure/fcv_postdca_raw_recompute/data/zebrafish/sc/original_raw_data/subject_14_data_cellular_synapse_sc_100_data.pkl
14,37,rCb,1784,8697,15,6.980079645845581e-10,-0.000580248523029985,-0.01555468438097806,-0.0014052604960603538,184598,149083,15350425,57782,300,1e-09,/remotenas2/remotedata/share/zebrafish/figure_code/two_column_figure/fcv_postdca_raw_recompute/data/zebrafish/sc/original_raw_data/subject_14_data_cellular_synapse_sc_100_data.pkl
14,38,rMOS1,1923,125994,15,8.102106433761407e-10,0.001156371385349576,-0.010280889151640493,0.0060471206047898315,564603,1174077,15350425,57782,300,1e-09,/remotenas2/remotedata/share/zebrafish/figure_code/two_column_figure/fcv_postdca_raw_recompute/data/zebrafish/sc/original_raw_data/subject_14_data_cellular_synapse_sc_100_data.pkl
14,39,rMOS2,913,11375,13,3.458507522700782e-10,0.0002663033643453313,-0.0034138057699124045,0.008843129851010819,112136,529764,15350425,57782,300,1e-09,/remotenas2/remotedata/share/zebrafish/figure_code/two_column_figure/fcv_postdca_raw_recompute/data/zebrafish/sc/original_raw_data/subject_14_data_cellular_synapse_sc_100_data.pkl
14,40,rMOS3,1490,19218,45,6.665093746361884e-10,0.009260118977262062,-0.014084888754328406,-0.006290263140334508,1045575,301295,15350425,57782,300,1e-09,/remotenas2/remotedata/share/zebrafish/figure_code/two_column_figure/fcv_postdca_raw_recompute/data/zebrafish/sc/original_raw_data/subject_14_data_cellular_synapse_sc_100_data.pkl
14,41,rMOS4,1294,5606,56,9.942064268256243e-10,-0.00011804988698456671,-0.0071628210808754485,-0.0011092156828308678,375695,129158,15350425,57782,300,1e-09,/remotenas2/remotedata/share/zebrafish/figure_code/two_column_figure/fcv_postdca_raw_recompute/data/zebrafish/sc/original_raw_data/subject_14_data_cellular_synapse_sc_100_data.pkl
14,42,rMOS5,1831,32526,16,6.210021270671359e-10,0.003703976445160461,-0.006398859935997757,-0.003061160902815355,559070,160647,15350425,57782,300,1e-09,/remotenas2/remotedata/share/zebrafish/figure_code/two_column_figure/fcv_postdca_raw_recompute/data/zebrafish/sc/original_raw_data/subject_14_data_cellular_synapse_sc_100_data.pkl
14,43,rIPN,134,189,16,5.183061144763605e-10,-0.020816748561423657,-0.00328426725970003,0.0027237584315301616,9206,23715,15350425,57782,300,1e-09,/remotenas2/remotedata/share/zebrafish/figure_code/two_column_figure/fcv_postdca_raw_recompute/data/zebrafish/sc/original_raw_data/subject_14_data_cellular_synapse_sc_100_data.pkl
14,44,rIO,12,4,31,9.313225746154784e-10,0.034517796896571785,0.03433841363241381,-0.008515918927603545,180,3,15350425,57782,300,1e-09,/remotenas2/remotedata/share/zebrafish/figure_code/two_column_figure/fcv_postdca_raw_recompute/data/zebrafish/sc/original_raw_data/subject_14_data_cellular_synapse_sc_100_data.pkl
14,45,rHc,13,8,50,8.317318122301066e-10,-0.016829199979976613,-0.001765277928831929,-0.003567988240414352,1126,1416,15350425,57782,300,1e-09,/remotenas2/remotedata/share/zebrafish/figure_code/two_column_figure/fcv_postdca_raw_recompute/data/zebrafish/sc/original_raw_data/subject_14_data_cellular_synapse_sc_100_data.pkl
14,46,rRa,379,1055,32,5.425899731115121e-10,-0.0010037397001744146,-0.016661566838491886,0.0056330647583689615,68905,183662,15350425,57782,300,1e-09,/remotenas2/remotedata/share/zebrafish/figure_code/two_column_figure/fcv_postdca_raw_recompute/data/zebrafish/sc/original_raw_data/subject_14_data_cellular_synapse_sc_100_data.pkl
14,47,rT,1615,14434,53,7.355343294120493e-10,0.001529755005457798,-0.016959982643918955,-0.001822745458488563,1261383,507571,15350425,57782,300,1e-09,/remotenas2/remotedata/share/zebrafish/figure_code/two_column_figure/fcv_postdca_raw_recompute/data/zebrafish/sc/original_raw_data/subject_14_data_cellular_synapse_sc_100_data.pkl
14,48,raRF,457,1161,36,8.341476690217527e-10,-0.004902786448937826,-0.019155875337623376,-0.007216032538763825,209300,121477,15350425,57782,300,1e-09,/remotenas2/remotedata/share/zebrafish/figure_code/two_column_figure/fcv_postdca_raw_recompute/data/zebrafish/sc/original_raw_data/subject_14_data_cellular_synapse_sc_100_data.pkl
14,49,rimRF,664,4919,31,6.154043854641579e-10,0.0046010100274255375,-0.02090743299826545,-0.00024639612389826384,296910,366556,15350425,57782,300,1e-09,/remotenas2/remotedata/share/zebrafish/figure_code/two_column_figure/fcv_postdca_raw_recompute/data/zebrafish/sc/original_raw_data/subject_14_data_cellular_synapse_sc_100_data.pkl
14,50,rpRF,947,14138,63,7.816717333371071e-10,-0.003952386168454786,-0.0069540464655237074,0.00626867541329326,222792,1001225,15350425,57782,300,1e-09,/remotenas2/remotedata/share/zebrafish/figure_code/two_column_figure/fcv_postdca_raw_recompute/data/zebrafish/sc/original_raw_data/subject_14_data_cellular_synapse_sc_100_data.pkl
14,51,rGG,0,0,0,,,,,0,0,15350425,57782,300,1e-09,/remotenas2/remotedata/share/zebrafish/figure_code/two_column_figure/fcv_postdca_raw_recompute/data/zebrafish/sc/original_raw_data/subject_14_data_cellular_synapse_sc_100_data.pkl
14,52,rHb,452,802,117,9.13563688907001e-10,-9.528078267179864e-05,0.006223276508773262,-0.007400133841391285,12780,68,15350425,57782,300,1e-09,/remotenas2/remotedata/share/zebrafish/figure_code/two_column_figure/fcv_postdca_raw_recompute/data/zebrafish/sc/original_raw_data/subject_14_data_cellular_synapse_sc_100_data.pkl
14,53,rHi,285,462,21,8.714088535956862e-10,0.00589511821130072,-0.016080020535329965,0.000630984234751808,18095,9035,15350425,57782,300,1e-09,/remotenas2/remotedata/share/zebrafish/figure_code/two_column_figure/fcv_postdca_raw_recompute/data/zebrafish/sc/original_raw_data/subject_14_data_cellular_synapse_sc_100_data.pkl
14,54,rHR,202,536,12,4.2944439273826456e-10,-0.009732325053364884,-0.02863320332028848,-0.002776086362165617,9471,79256,15350425,57782,300,1e-09,/remotenas2/remotedata/share/zebrafish/figure_code/two_column_figure/fcv_postdca_raw_recompute/data/zebrafish/sc/original_raw_data/subject_14_data_cellular_synapse_sc_100_data.pkl
14,55,rOG,0,0,0,,,,,0,0,15350425,57782,300,1e-09,/remotenas2/remotedata/share/zebrafish/figure_code/two_column_figure/fcv_postdca_raw_recompute/data/zebrafish/sc/original_raw_data/subject_14_data_cellular_synapse_sc_100_data.pkl
14,56,rOB,129,88,255,9.921916301996248e-10,0.0015998703245531348,-0.0003193659749531999,-0.006182260342827706,22,1168,15350425,57782,300,1e-09,/remotenas2/remotedata/share/zebrafish/figure_code/two_column_figure/fcv_postdca_raw_recompute/data/zebrafish/sc/original_raw_data/subject_14_data_cellular_synapse_sc_100_data.pkl
14,57,rOE,55,45,64,9.70420632560965e-10,0.017487443025027895,3.237064101173385e-62,-2.881856324500032e-31,1,4,15350425,57782,300,1e-09,/remotenas2/remotedata/share/zebrafish/figure_code/two_column_figure/fcv_postdca_raw_recompute/data/zebrafish/sc/original_raw_data/subject_14_data_cellular_synapse_sc_100_data.pkl
14,58,rP,1123,2264,103,9.126001760392082e-10,0.00026390694595592785,0.005268785346293075,-0.015297413487845047,69179,13428,15350425,57782,300,1e-09,/remotenas2/remotedata/share/zebrafish/figure_code/two_column_figure/fcv_postdca_raw_recompute/data/zebrafish/sc/original_raw_data/subject_14_data_cellular_synapse_sc_100_data.pkl
14,59,rPi,0,0,0,,,,,0,0,15350425,57782,300,1e-09,/remotenas2/remotedata/share/zebrafish/figure_code/two_column_figure/fcv_postdca_raw_recompute/data/zebrafish/sc/original_raw_data/subject_14_data_cellular_synapse_sc_100_data.pkl
14,60,rPT,435,1248,26,4.983319062162274e-10,-0.0020627315320223623,-0.0069761662586783155,-0.003124826895936481,105901,185719,15350425,57782,300,1e-09,/remotenas2/remotedata/share/zebrafish/figure_code/two_column_figure/fcv_postdca_raw_recompute/data/zebrafish/sc/original_raw_data/subject_14_data_cellular_synapse_sc_100_data.pkl
14,61,rPO,624,1549,300,5.1447765822871774e-06,0.0005899744059479489,0.0032899255843591127,0.0044202402775782934,212607,140340,15350425,57782,300,1e-09,/remotenas2/remotedata/share/zebrafish/figure_code/two_column_figure/fcv_postdca_raw_recompute/data/zebrafish/sc/original_raw_data/subject_14_data_cellular_synapse_sc_100_data.pkl
14,62,rPrT,624,1458,48,8.370068785488557e-10,-0.005636403140046026,-0.01790430552435783,-0.0013449188504186611,246177,272175,15350425,57782,300,1e-09,/remotenas2/remotedata/share/zebrafish/figure_code/two_column_figure/fcv_postdca_raw_recompute/data/zebrafish/sc/original_raw_data/subject_14_data_cellular_synapse_sc_100_data.pkl
14,63,rR,0,0,0,,,,,0,0,15350425,57782,300,1e-09,/remotenas2/remotedata/share/zebrafish/figure_code/two_column_figure/fcv_postdca_raw_recompute/data/zebrafish/sc/original_raw_data/subject_14_data_cellular_synapse_sc_100_data.pkl
14,64,rSP,895,2512,85,8.13418707877488e-10,-0.0002985461791823284,0.01123532676946187,-0.003395206495630613,9002,899,15350425,57782,300,1e-09,/remotenas2/remotedata/share/zebrafish/figure_code/two_column_figure/fcv_postdca_raw_recompute/data/zebrafish/sc/original_raw_data/subject_14_data_cellular_synapse_sc_100_data.pkl
14,65,rTeO,6806,42508,300,7.268904145806411e-05,-5.34716472238269e-05,-0.018626990325412433,-0.0027028050211798846,856424,1630525,15350425,57782,300,1e-09,/remotenas2/remotedata/share/zebrafish/figure_code/two_column_figure/fcv_postdca_raw_recompute/data/zebrafish/sc/original_raw_data/subject_14_data_cellular_synapse_sc_100_data.pkl
14,66,rTh,1386,5833,31,7.063538616111065e-10,0.002160930914777765,-0.010113613898635403,-0.0003279082270046423,286865,318468,15350425,57782,300,1e-09,/remotenas2/remotedata/share/zebrafish/figure_code/two_column_figure/fcv_postdca_raw_recompute/data/zebrafish/sc/original_raw_data/subject_14_data_cellular_synapse_sc_100_data.pkl
14,67,rTL,93,93,147,9.878683864945555e-10,0.0012874863845992565,-0.028266892251449963,-0.01365460753620108,6976,4140,15350425,57782,300,1e-09,/remotenas2/remotedata/share/zebrafish/figure_code/two_column_figure/fcv_postdca_raw_recompute/data/zebrafish/sc/original_raw_data/subject_14_data_cellular_synapse_sc_100_data.pkl
14,68,rTS,203,173,184,9.293593737328933e-10,-0.00013458152907776824,-0.003858066155126733,-0.01578441218148808,12488,4348,15350425,57782,300,1e-09,/remotenas2/remotedata/share/zebrafish/figure_code/two_column_figure/fcv_postdca_raw_recompute/data/zebrafish/sc/original_raw_data/subject_14_data_cellular_synapse_sc_100_data.pkl
14,69,rTG,0,0,0,,,,,0,0,15350425,57782,300,1e-09,/remotenas2/remotedata/share/zebrafish/figure_code/two_column_figure/fcv_postdca_raw_recompute/data/zebrafish/sc/original_raw_data/subject_14_data_cellular_synapse_sc_100_data.pkl
14,70,rVR,89,151,300,3.716051524706464e-05,-0.0013732024661726858,0.0009028289375807002,-0.006653893862854033,5381,402,15350425,57782,300,1e-09,/remotenas2/remotedata/share/zebrafish/figure_code/two_column_figure/fcv_postdca_raw_recompute/data/zebrafish/sc/original_raw_data/subject_14_data_cellular_synapse_sc_100_data.pkl
14,71,rNX,781,8931,35,7.335470515776249e-10,1.1207255711290604e-05,-0.017867249053444622,0.005230326551513245,60520,150076,15350425,57782,300,1e-09,/remotenas2/remotedata/share/zebrafish/figure_code/two_column_figure/fcv_postdca_raw_recompute/data/zebrafish/sc/original_raw_data/subject_14_data_cellular_synapse_sc_100_data.pkl
15,0,MON,898,16592,20,9.581017912050946e-10,0.0011390330544273088,-0.01088605712318448,0.0018108383301950334,215709,87875,7105695,40195,300,1e-09,/remotenas2/remotedata/share/zebrafish/figure_code/two_column_figure/fcv_postdca_raw_recompute/data/zebrafish/sc/original_raw_data/subject_15_data_cellular_synapse_sc_100_data.pkl
15,1,Cb,1485,5966,16,9.620514836028966e-10,-0.0009580646779597191,-0.013398736492478672,0.00474478036436801,142997,91175,7105695,40195,300,1e-09,/remotenas2/remotedata/share/zebrafish/figure_code/two_column_figure/fcv_postdca_raw_recompute/data/zebrafish/sc/original_raw_data/subject_15_data_cellular_synapse_sc_100_data.pkl
15,2,MOS1,1366,65783,13,7.861780227464027e-10,-0.0007905260382574036,-0.009954125731757198,0.006001839653672424,315747,561614,7105695,40195,300,1e-09,/remotenas2/remotedata/share/zebrafish/figure_code/two_column_figure/fcv_postdca_raw_recompute/data/zebrafish/sc/original_raw_data/subject_15_data_cellular_synapse_sc_100_data.pkl
15,3,MOS2,534,1850,300,6.125185001045561e-08,-0.0003198999126202636,-0.010855348560751495,0.012326634982719888,87540,107420,7105695,40195,300,1e-09,/remotenas2/remotedata/share/zebrafish/figure_code/two_column_figure/fcv_postdca_raw_recompute/data/zebrafish/sc/original_raw_data/subject_15_data_cellular_synapse_sc_100_data.pkl
15,4,MOS3,1243,11404,12,7.258718558985762e-10,0.001663394999949869,-0.015585250947333495,0.005572718960501915,502255,86435,7105695,40195,300,1e-09,/remotenas2/remotedata/share/zebrafish/figure_code/two_column_figure/fcv_postdca_raw_recompute/data/zebrafish/sc/original_raw_data/subject_15_data_cellular_synapse_sc_100_data.pkl
15,5,MOS4,944,4781,9,3.153183417656733e-10,-0.003313859946591354,,0.008622748294228792,192416,54078,7105695,40195,300,1e-09,/remotenas2/remotedata/share/zebrafish/figure_code/two_column_figure/fcv_postdca_raw_recompute/data/zebrafish/sc/original_raw_data/subject_15_data_cellular_synapse_sc_100_data.pkl
15,6,MOS5,1131,12463,34,5.605777578878712e-10,-0.003960396773657207,,,214855,107798,7105695,40195,300,1e-09,/remotenas2/remotedata/share/zebrafish/figure_code/two_column_figure/fcv_postdca_raw_recompute/data/zebrafish/sc/original_raw_data/subject_15_data_cellular_synapse_sc_100_data.pkl
15,7,IPN,111,181,11,9.679026856120783e-10,-0.0250086620654647,-0.014542281608584161,,4090,13077,7105695,40195,300,1e-09,/remotenas2/remotedata/share/zebrafish/figure_code/two_column_figure/fcv_postdca_raw_recompute/data/zebrafish/sc/original_raw_data/subject_15_data_cellular_synapse_sc_100_data.pkl
15,8,IO,9,6,20,8.603915972377325e-10,-0.024308844358357968,6.524261735492306e-06,-0.022686272116255707,4,107,7105695,40195,300,1e-09,/remotenas2/remotedata/share/zebrafish/figure_code/two_column_figure/fcv_postdca_raw_recompute/data/zebrafish/sc/original_raw_data/subject_15_data_cellular_synapse_sc_100_data.pkl
15,9,Hc,8,0,0,,,-0.005864423010794933,-5.077342925056883e-05,510,637,7105695,40195,300,1e-09,/remotenas2/remotedata/share/zebrafish/figure_code/two_column_figure/fcv_postdca_raw_recompute/data/zebrafish/sc/original_raw_data/subject_15_data_cellular_synapse_sc_100_data.pkl
15,10,Ra,332,945,12,2.1749290227052887e-10,-0.0014545763734770388,-0.015692619068055073,0.012344222290992852,40800,119337,7105695,40195,300,1e-09,/remotenas2/remotedata/share/zebrafish/figure_code/two_column_figure/fcv_postdca_raw_recompute/data/zebrafish/sc/original_raw_data/subject_15_data_cellular_synapse_sc_100_data.pkl
15,11,T,604,1447,49,8.784117425416991e-10,0.004183477526520324,-0.01623548103145319,-0.003682963512684801,306412,121173,7105695,40195,300,1e-09,/remotenas2/remotedata/share/zebrafish/figure_code/two_column_figure/fcv_postdca_raw_recompute/data/zebrafish/sc/original_raw_data/subject_15_data_cellular_synapse_sc_100_data.pkl
15,12,aRF,421,1327,26,8.180017226794313e-10,-0.005783230506927433,-0.016566498929407383,-0.000554635075272219,166744,83537,7105695,40195,300,1e-09,/remotenas2/remotedata/share/zebrafish/figure_code/two_column_figure/fcv_postdca_raw_recompute/data/zebrafish/sc/original_raw_data/subject_15_data_cellular_synapse_sc_100_data.pkl
15,13,imRF,596,3419,41,7.993836591377729e-10,-0.0022052426297101677,-0.020607831596313103,0.005201963608617767,149110,135656,7105695,40195,300,1e-09,/remotenas2/remotedata/share/zebrafish/figure_code/two_column_figure/fcv_postdca_raw_recompute/data/zebrafish/sc/original_raw_data/subject_15_data_cellular_synapse_sc_100_data.pkl
15,14,pRF,762,5334,35,5.482351944674567e-10,-0.0011244937611104397,-0.014992531594094114,0.010963612563212878,137398,373263,7105695,40195,300,1e-09,/remotenas2/remotedata/share/zebrafish/figure_code/two_column_figure/fcv_postdca_raw_recompute/data/zebrafish/sc/original_raw_data/subject_15_data_cellular_synapse_sc_100_data.pkl
15,15,GG,0,0,0,,,,,0,0,7105695,40195,300,1e-09,/remotenas2/remotedata/share/zebrafish/figure_code/two_column_figure/fcv_postdca_raw_recompute/data/zebrafish/sc/original_raw_data/subject_15_data_cellular_synapse_sc_100_data.pkl
15,16,Hb,170,130,69,8.64455424407196e-10,0.003077100749822446,0.02406126476810089,0.0008173437045405797,2304,15,7105695,40195,300,1e-09,/remotenas2/remotedata/share/zebrafish/figure_code/two_column_figure/fcv_postdca_raw_recompute/data/zebrafish/sc/original_raw_data/subject_15_data_cellular_synapse_sc_100_data.pkl
15,17,Hi,193,213,12,2.1637785698635238e-10,0.003041676809740389,-0.019791757558903354,-0.004006491383695385,5798,3241,7105695,40195,300,1e-09,/remotenas2/remotedata/share/zebrafish/figure_code/two_column_figure/fcv_postdca_raw_recompute/data/zebrafish/sc/original_raw_data/subject_15_data_cellular_synapse_sc_100_data.pkl
15,18,HR,68,59,39,8.639283876243109e-10,-0.004442518633712073,-0.012426368531436189,,14679,26024,7105695,40195,300,1e-09,/remotenas2/remotedata/share/zebrafish/figure_code/two_column_figure/fcv_postdca_raw_recompute/data/zebrafish/sc/original_raw_data/subject_15_data_cellular_synapse_sc_100_data.pkl
15,19,OG,30,19,48,7.562696100008464e-10,1.2553625263527226e-11,-0.0008785795345574572,0.00011804537562470819,445,113,7105695,40195,300,1e-09,/remotenas2/remotedata/share/zebrafish/figure_code/two_column_figure/fcv_postdca_raw_recompute/data/zebrafish/sc/original_raw_data/subject_15_data_cellular_synapse_sc_100_data.pkl
15,20,OB,26,8,31,7.604216979143452e-10,-0.0038099094333838715,-0.00013287718294855393,4.44526035451208e-28,7,3,7105695,40195,300,1e-09,/remotenas2/remotedata/share/zebrafish/figure_code/two_column_figure/fcv_postdca_raw_recompute/data/zebrafish/sc/original_raw_data/subject_15_data_cellular_synapse_sc_100_data.pkl
15,21,OE,0,0,0,,,,,0,0,7105695,40195,300,1e-09,/remotenas2/remotedata/share/zebrafish/figure_code/two_column_figure/fcv_postdca_raw_recompute/data/zebrafish/sc/original_raw_data/subject_15_data_cellular_synapse_sc_100_data.pkl
15,22,P,697,843,27,6.213153311765465e-10,0.0029776099144587834,-0.0018581544380635805,-0.037111428112108914,8165,4388,7105695,40195,300,1e-09,/remotenas2/remotedata/share/zebrafish/figure_code/two_column_figure/fcv_postdca_raw_recompute/data/zebrafish/sc/original_raw_data/subject_15_data_cellular_synapse_sc_100_data.pkl
15,23,Pi,0,0,0,,,,,0,0,7105695,40195,300,1e-09,/remotenas2/remotedata/share/zebrafish/figure_code/two_column_figure/fcv_postdca_raw_recompute/data/zebrafish/sc/original_raw_data/subject_15_data_cellular_synapse_sc_100_data.pkl
15,24,PT,345,979,133,8.800158150758792e-10,0.0025877452552142462,-0.010807781535401064,-0.007057730613892822,78051,155810,7105695,40195,300,1e-09,/remotenas2/remotedata/share/zebrafish/figure_code/two_column_figure/fcv_postdca_raw_recompute/data/zebrafish/sc/original_raw_data/subject_15_data_cellular_synapse_sc_100_data.pkl
15,25,PO,419,806,19,5.077378364232515e-10,0.003189411552745858,,,74289,54485,7105695,40195,300,1e-09,/remotenas2/remotedata/share/zebrafish/figure_code/two_column_figure/fcv_postdca_raw_recompute/data/zebrafish/sc/original_raw_data/subject_15_data_cellular_synapse_sc_100_data.pkl
15,26,PrT,349,549,32,6.092744056640124e-10,-0.01007198018698958,-0.01613050780714855,-0.0027013363612703356,98805,163712,7105695,40195,300,1e-09,/remotenas2/remotedata/share/zebrafish/figure_code/two_column_figure/fcv_postdca_raw_recompute/data/zebrafish/sc/original_raw_data/subject_15_data_cellular_synapse_sc_100_data.pkl
15,27,R,0,0,0,,,,,0,0,7105695,40195,300,1e-09,/remotenas2/remotedata/share/zebrafish/figure_code/two_column_figure/fcv_postdca_raw_recompute/data/zebrafish/sc/original_raw_data/subject_15_data_cellular_synapse_sc_100_data.pkl
15,28,SP,545,867,300,4.761126422064698e-06,0.0010301096524622706,0.006498397116356669,-0.031179592860476554,10401,2270,7105695,40195,300,1e-09,/remotenas2/remotedata/share/zebrafish/figure_code/two_column_figure/fcv_postdca_raw_recompute/data/zebrafish/sc/original_raw_data/subject_15_data_cellular_synapse_sc_100_data.pkl
15,29,TeO,4238,12227,36,8.217496609265527e-10,-0.0006172286830471999,-0.014063468850503545,-0.0034083969193655687,328059,374241,7105695,40195,300,1e-09,/remotenas2/remotedata/share/zebrafish/figure_code/two_column_figure/fcv_postdca_raw_recompute/data/zebrafish/sc/original_raw_data/subject_15_data_cellular_synapse_sc_100_data.pkl
15,30,Th,1008,2783,224,9.7412460077512e-10,0.0011075464335034728,,-0.0002493624428914318,144746,383675,7105695,40195,300,1e-09,/remotenas2/remotedata/share/zebrafish/figure_code/two_column_figure/fcv_postdca_raw_recompute/data/zebrafish/sc/original_raw_data/subject_15_data_cellular_synapse_sc_100_data.pkl
15,31,TL,95,71,116,9.80148573508495e-10,-0.0005206465937858299,-0.06482680251960614,0.00424645645626132,3373,639,7105695,40195,300,1e-09,/remotenas2/remotedata/share/zebrafish/figure_code/two_column_figure/fcv_postdca_raw_recompute/data/zebrafish/sc/original_raw_data/subject_15_data_cellular_synapse_sc_100_data.pkl
15,32,TS,62,39,92,9.48596498247285e-10,-0.005358434863960486,-0.005938847013055109,-0.009460556413685922,5974,3407,7105695,40195,300,1e-09,/remotenas2/remotedata/share/zebrafish/figure_code/two_column_figure/fcv_postdca_raw_recompute/data/zebrafish/sc/original_raw_data/subject_15_data_cellular_synapse_sc_100_data.pkl
15,33,TG,6,5,23,6.551185057667686e-10,3.6451934063800685e-11,,,0,0,7105695,40195,300,1e-09,/remotenas2/remotedata/share/zebrafish/figure_code/two_column_figure/fcv_postdca_raw_recompute/data/zebrafish/sc/original_raw_data/subject_15_data_cellular_synapse_sc_100_data.pkl
15,34,VR,96,121,113,9.51101885246833e-10,0.004844690845468983,-0.00556516140108727,0.002141395413348704,931,238,7105695,40195,300,1e-09,/remotenas2/remotedata/share/zebrafish/figure_code/two_column_figure/fcv_postdca_raw_recompute/data/zebrafish/sc/original_raw_data/subject_15_data_cellular_synapse_sc_100_data.pkl
15,35,NX,442,4009,23,4.164658059082294e-10,0.00018990204579894397,,,56519,82024,7105695,40195,300,1e-09,/remotenas2/remotedata/share/zebrafish/figure_code/two_column_figure/fcv_postdca_raw_recompute/data/zebrafish/sc/original_raw_data/subject_15_data_cellular_synapse_sc_100_data.pkl
15,36,rMON,1007,22364,13,6.883698197693105e-10,-0.007655225327053178,-0.018492646099134497,-0.0032137185492174397,181409,154081,7105695,40195,300,1e-09,/remotenas2/remotedata/share/zebrafish/figure_code/two_column_figure/fcv_postdca_raw_recompute/data/zebrafish/sc/original_raw_data/subject_15_data_cellular_synapse_sc_100_data.pkl
15,37,rCb,1679,7224,24,6.708872926052078e-10,-0.0013871728955216238,-0.01669141898475681,-2.3106711531857182e-05,113270,96524,7105695,40195,300,1e-09,/remotenas2/remotedata/share/zebrafish/figure_code/two_column_figure/fcv_postdca_raw_recompute/data/zebrafish/sc/original_raw_data/subject_15_data_cellular_synapse_sc_100_data.pkl
15,38,rMOS1,1276,49623,13,6.231927160079619e-10,0.002021049348785813,-0.010620526640919241,0.008815419785142019,262025,442298,7105695,40195,300,1e-09,/remotenas2/remotedata/share/zebrafish/figure_code/two_column_figure/fcv_postdca_raw_recompute/data/zebrafish/sc/original_raw_data/subject_15_data_cellular_synapse_sc_100_data.pkl
15,39,rMOS2,543,2643,14,5.543574657395311e-10,0.0027547363462262575,-0.0006264455908755566,0.011891301722742503,42258,185528,7105695,40195,300,1e-09,/remotenas2/remotedata/share/zebrafish/figure_code/two_column_figure/fcv_postdca_raw_recompute/data/zebrafish/sc/original_raw_data/subject_15_data_cellular_synapse_sc_100_data.pkl
15,40,rMOS3,1298,13432,59,7.735608742796891e-10,0.00706986821650802,-0.016882315225771886,-0.008556607941840707,575589,169809,7105695,40195,300,1e-09,/remotenas2/remotedata/share/zebrafish/figure_code/two_column_figure/fcv_postdca_raw_recompute/data/zebrafish/sc/original_raw_data/subject_15_data_cellular_synapse_sc_100_data.pkl
15,41,rMOS4,1101,4455,44,8.111735432583226e-10,0.002613645185129025,-0.010504792298498076,0.0005179955545119342,219913,92035,7105695,40195,300,1e-09,/remotenas2/remotedata/share/zebrafish/figure_code/two_column_figure/fcv_postdca_raw_recompute/data/zebrafish/sc/original_raw_data/subject_15_data_cellular_synapse_sc_100_data.pkl
15,42,rMOS5,1356,21809,13,9.604185424100139e-10,0.0034044650485866444,,-0.007207885337842655,278837,95398,7105695,40195,300,1e-09,/remotenas2/remotedata/share/zebrafish/figure_code/two_column_figure/fcv_postdca_raw_recompute/data/zebrafish/sc/original_raw_data/subject_15_data_cellular_synapse_sc_100_data.pkl
15,43,rIPN,111,175,12,2.9307851577676787e-10,-0.021591072899853306,-0.008696592340917877,0.005611133672788274,4643,12544,7105695,40195,300,1e-09,/remotenas2/remotedata/share/zebrafish/figure_code/two_column_figure/fcv_postdca_raw_recompute/data/zebrafish/sc/original_raw_data/subject_15_data_cellular_synapse_sc_100_data.pkl
15,44,rIO,32,30,86,9.850391778279927e-10,0.010433027282208539,0.030412926701996808,-0.015263067078065509,214,14,7105695,40195,300,1e-09,/remotenas2/remotedata/share/zebrafish/figure_code/two_column_figure/fcv_postdca_raw_recompute/data/zebrafish/sc/original_raw_data/subject_15_data_cellular_synapse_sc_100_data.pkl
15,45,rHc,28,11,51,6.791061809347027e-10,-0.007813557113757424,0.0001485833509089941,-0.005116590680800803,496,2129,7105695,40195,300,1e-09,/remotenas2/remotedata/share/zebrafish/figure_code/two_column_figure/fcv_postdca_raw_recompute/data/zebrafish/sc/original_raw_data/subject_15_data_cellular_synapse_sc_100_data.pkl
15,46,rRa,204,273,40,7.37659247996212e-10,-0.005866680328920592,-0.020652616882353377,0.010419587453492295,23333,72330,7105695,40195,300,1e-09,/remotenas2/remotedata/share/zebrafish/figure_code/two_column_figure/fcv_postdca_raw_recompute/data/zebrafish/sc/original_raw_data/subject_15_data_cellular_synapse_sc_100_data.pkl
15,47,rT,876,4546,31,5.153706649655019e-10,0.0022574925569809516,-0.0209693085801675,-0.0015901178023219914,500122,205024,7105695,40195,300,1e-09,/remotenas2/remotedata/share/zebrafish/figure_code/two_column_figure/fcv_postdca_raw_recompute/data/zebrafish/sc/original_raw_data/subject_15_data_cellular_synapse_sc_100_data.pkl
15,48,raRF,545,1062,22,5.21333912875564e-10,-0.0055488367105598155,,-0.008174494549159922,117919,79712,7105695,40195,300,1e-09,/remotenas2/remotedata/share/zebrafish/figure_code/two_column_figure/fcv_postdca_raw_recompute/data/zebrafish/sc/original_raw_data/subject_15_data_cellular_synapse_sc_100_data.pkl
15,49,rimRF,633,3775,28,5.298742173730593e-10,0.005454019747044443,-0.023972491963718336,-0.00048213100181706983,149481,165230,7105695,40195,300,1e-09,/remotenas2/remotedata/share/zebrafish/figure_code/two_column_figure/fcv_postdca_raw_recompute/data/zebrafish/sc/original_raw_data/subject_15_data_cellular_synapse_sc_100_data.pkl
15,50,rpRF,861,8504,50,9.638755493197186e-10,0.00017464119992299367,-0.00643945991947313,0.009188609312681036,105712,461935,7105695,40195,300,1e-09,/remotenas2/remotedata/share/zebrafish/figure_code/two_column_figure/fcv_postdca_raw_recompute/data/zebrafish/sc/original_raw_data/subject_15_data_cellular_synapse_sc_100_data.pkl
15,51,rGG,0,0,0,,,,,0,0,7105695,40195,300,1e-09,/remotenas2/remotedata/share/zebrafish/figure_code/two_column_figure/fcv_postdca_raw_recompute/data/zebrafish/sc/original_raw_data/subject_15_data_cellular_synapse_sc_100_data.pkl
15,52,rHb,198,155,89,8.928124753004923e-10,-0.0007796223677349486,0.008181882366477345,0.016862071978782343,3808,15,7105695,40195,300,1e-09,/remotenas2/remotedata/share/zebrafish/figure_code/two_column_figure/fcv_postdca_raw_recompute/data/zebrafish/sc/original_raw_data/subject_15_data_cellular_synapse_sc_100_data.pkl
15,53,rHi,216,229,11,1.1529422741858774e-10,0.014058112112988817,-0.018637855861440056,-0.0017460102966314632,10684,5062,7105695,40195,300,1e-09,/remotenas2/remotedata/share/zebrafish/figure_code/two_column_figure/fcv_postdca_raw_recompute/data/zebrafish/sc/original_raw_data/subject_15_data_cellular_synapse_sc_100_data.pkl
15,54,rHR,62,70,16,3.6163584001708617e-10,-0.038361520574995076,-0.021773853467475294,-0.004853157573542254,4509,41799,7105695,40195,300,1e-09,/remotenas2/remotedata/share/zebrafish/figure_code/two_column_figure/fcv_postdca_raw_recompute/data/zebrafish/sc/original_raw_data/subject_15_data_cellular_synapse_sc_100_data.pkl
15,55,rOG,19,8,24,3.956531168906553e-10,1.0992164886560666e-11,-0.0001466038220386434,3.253702056994895e-05,1,1,7105695,40195,300,1e-09,/remotenas2/remotedata/share/zebrafish/figure_code/two_column_figure/fcv_postdca_raw_recompute/data/zebrafish/sc/original_raw_data/subject_15_data_cellular_synapse_sc_100_data.pkl
15,56,rOB,5,0,0,,,,-0.014989967990467179,0,56,7105695,40195,300,1e-09,/remotenas2/remotedata/share/zebrafish/figure_code/two_column_figure/fcv_postdca_raw_recompute/data/zebrafish/sc/original_raw_data/subject_15_data_cellular_synapse_sc_100_data.pkl
15,57,rOE,0,0,0,,,,,0,0,7105695,40195,300,1e-09,/remotenas2/remotedata/share/zebrafish/figure_code/two_column_figure/fcv_postdca_raw_recompute/data/zebrafish/sc/original_raw_data/subject_15_data_cellular_synapse_sc_100_data.pkl
15,58,rP,706,821,300,3.0402347277318525e-08,-0.0001406420456871724,,-0.020652703918328904,29120,7152,7105695,40195,300,1e-09,/remotenas2/remotedata/share/zebrafish/figure_code/two_column_figure/fcv_postdca_raw_recompute/data/zebrafish/sc/original_raw_data/subject_15_data_cellular_synapse_sc_100_data.pkl
15,59,rPi,0,0,0,,,,,0,0,7105695,40195,300,1e-09,/remotenas2/remotedata/share/zebrafish/figure_code/two_column_figure/fcv_postdca_raw_recompute/data/zebrafish/sc/original_raw_data/subject_15_data_cellular_synapse_sc_100_data.pkl
15,60,rPT,352,710,36,7.512718458688418e-10,-0.0022689413010646316,-0.00600087603148404,-0.00557493955337332,65867,112793,7105695,40195,300,1e-09,/remotenas2/remotedata/share/zebrafish/figure_code/two_column_figure/fcv_postdca_raw_recompute/data/zebrafish/sc/original_raw_data/subject_15_data_cellular_synapse_sc_100_data.pkl
15,61,rPO,372,649,76,8.644618073066058e-10,-0.0020584613368474303,,,82422,48149,7105695,40195,300,1e-09,/remotenas2/remotedata/share/zebrafish/figure_code/two_column_figure/fcv_postdca_raw_recompute/data/zebrafish/sc/original_raw_data/subject_15_data_cellular_synapse_sc_100_data.pkl
15,62,rPrT,406,795,15,3.7959414146489025e-10,-0.004536800980339464,-0.021640139127279766,-0.004062897518795443,121039,133538,7105695,40195,300,1e-09,/remotenas2/remotedata/share/zebrafish/figure_code/two_column_figure/fcv_postdca_raw_recompute/data/zebrafish/sc/original_raw_data/subject_15_data_cellular_synapse_sc_100_data.pkl
15,63,rR,0,0,0,,,,,0,0,7105695,40195,300,1e-09,/remotenas2/remotedata/share/zebrafish/figure_code/two_column_figure/fcv_postdca_raw_recompute/data/zebrafish/sc/original_raw_data/subject_15_data_cellular_synapse_sc_100_data.pkl
15,64,rSP,515,917,275,9.878442009650986e-10,0.0006151173948251255,0.014512241913404503,-0.0033170722222282153,3539,245,7105695,40195,300,1e-09,/remotenas2/remotedata/share/zebrafish/figure_code/two_column_figure/fcv_postdca_raw_recompute/data/zebrafish/sc/original_raw_data/subject_15_data_cellular_synapse_sc_100_data.pkl
15,65,rTeO,4463,14443,109,9.874380965706023e-10,-0.0004006271325836637,,-0.0047009650128242925,354067,693635,7105695,40195,300,1e-09,/remotenas2/remotedata/share/zebrafish/figure_code/two_column_figure/fcv_postdca_raw_recompute/data/zebrafish/sc/original_raw_data/subject_15_data_cellular_synapse_sc_100_data.pkl
15,66,rTh,1027,3120,21,3.9003598337059893e-10,0.0030232046601232822,-0.007133927389090646,-0.003044436050128427,166323,219553,7105695,40195,300,1e-09,/remotenas2/remotedata/share/zebrafish/figure_code/two_column_figure/fcv_postdca_raw_recompute/data/zebrafish/sc/original_raw_data/subject_15_data_cellular_synapse_sc_100_data.pkl
15,67,rTL,87,58,69,8.690443789755713e-10,-0.00352157785865545,-0.029558457309168923,-0.013100242352322286,3859,2077,7105695,40195,300,1e-09,/remotenas2/remotedata/share/zebrafish/figure_code/two_column_figure/fcv_postdca_raw_recompute/data/zebrafish/sc/original_raw_data/subject_15_data_cellular_synapse_sc_100_data.pkl
15,68,rTS,91,41,128,9.682157525202027e-10,-0.002120890041529191,,-0.007771462574221751,4321,1091,7105695,40195,300,1e-09,/remotenas2/remotedata/share/zebrafish/figure_code/two_column_figure/fcv_postdca_raw_recompute/data/zebrafish/sc/original_raw_data/subject_15_data_cellular_synapse_sc_100_data.pkl
15,69,rTG,2,0,0,,,,0.08422893502906063,0,2,7105695,40195,300,1e-09,/remotenas2/remotedata/share/zebrafish/figure_code/two_column_figure/fcv_postdca_raw_recompute/data/zebrafish/sc/original_raw_data/subject_15_data_cellular_synapse_sc_100_data.pkl
15,70,rVR,69,78,72,7.828461809094715e-10,-0.005342054868374077,-0.0003162109520233408,-0.014744354279184866,1291,233,7105695,40195,300,1e-09,/remotenas2/remotedata/share/zebrafish/figure_code/two_column_figure/fcv_postdca_raw_recompute/data/zebrafish/sc/original_raw_data/subject_15_data_cellular_synapse_sc_100_data.pkl
15,71,rNX,822,17535,24,4.377197027309725e-10,-1.1325264430765498e-05,-0.030748614775909608,0.006296964281108139,35710,73455,7105695,40195,300,1e-09,/remotenas2/remotedata/share/zebrafish/figure_code/two_column_figure/fcv_postdca_raw_recompute/data/zebrafish/sc/original_raw_data/subject_15_data_cellular_synapse_sc_100_data.pkl
16,0,MON,979,17103,33,9.873726941028866e-10,0.0006641255922995227,-0.012410018550550937,-0.0014117768694663177,274013,105655,10790078,49001,300,1e-09,/remotenas2/remotedata/share/zebrafish/figure_code/two_column_figure/fcv_postdca_raw_recompute/data/zebrafish/sc/original_raw_data/subject_16_data_cellular_synapse_sc_100_data.pkl
16,1,Cb,1796,9198,16,2.588548170265441e-10,-0.00043841136499224784,-0.016663768434271833,0.0006884914570073377,209348,130722,10790078,49001,300,1e-09,/remotenas2/remotedata/share/zebrafish/figure_code/two_column_figure/fcv_postdca_raw_recompute/data/zebrafish/sc/original_raw_data/subject_16_data_cellular_synapse_sc_100_data.pkl
16,2,MOS1,1451,79310,12,4.2961110570924884e-10,-0.0013418254346110466,,,417354,853379,10790078,49001,300,1e-09,/remotenas2/remotedata/share/zebrafish/figure_code/two_column_figure/fcv_postdca_raw_recompute/data/zebrafish/sc/original_raw_data/subject_16_data_cellular_synapse_sc_100_data.pkl
16,3,MOS2,563,2178,35,9.614332823228712e-10,-0.003226144024428835,-0.009639567483734526,0.010115840198813597,148490,187456,10790078,49001,300,1e-09,/remotenas2/remotedata/share/zebrafish/figure_code/two_column_figure/fcv_postdca_raw_recompute/data/zebrafish/sc/original_raw_data/subject_16_data_cellular_synapse_sc_100_data.pkl
16,4,MOS3,1343,13492,12,4.5454638019712107e-10,0.0020616001391892493,-0.015538921253128987,0.00013786278629910974,739123,113549,10790078,49001,300,1e-09,/remotenas2/remotedata/share/zebrafish/figure_code/two_column_figure/fcv_postdca_raw_recompute/data/zebrafish/sc/original_raw_data/subject_16_data_cellular_synapse_sc_100_data.pkl
16,5,MOS4,1047,6184,12,8.071706000390958e-10,-0.003097751886143539,-0.007043935239816086,-0.0006821508683748428,273416,69359,10790078,49001,300,1e-09,/remotenas2/remotedata/share/zebrafish/figure_code/two_column_figure/fcv_postdca_raw_recompute/data/zebrafish/sc/original_raw_data/subject_16_data_cellular_synapse_sc_100_data.pkl
16,6,MOS5,1227,14211,37,7.362617047583646e-10,-0.003500306199192952,-0.009121589742181855,,287473,143928,10790078,49001,300,1e-09,/remotenas2/remotedata/share/zebrafish/figure_code/two_column_figure/fcv_postdca_raw_recompute/data/zebrafish/sc/original_raw_data/subject_16_data_cellular_synapse_sc_100_data.pkl
16,7,IPN,114,211,10,8.900055110513327e-10,-0.02066388448915836,-0.03164376324166699,0.0018095144967943911,4854,15233,10790078,49001,300,1e-09,/remotenas2/remotedata/share/zebrafish/figure_code/two_column_figure/fcv_postdca_raw_recompute/data/zebrafish/sc/original_raw_data/subject_16_data_cellular_synapse_sc_100_data.pkl
16,8,IO,2,0,0,,,-0.0024511905218647097,-0.01227449158240289,1,48,10790078,49001,300,1e-09,/remotenas2/remotedata/share/zebrafish/figure_code/two_column_figure/fcv_postdca_raw_recompute/data/zebrafish/sc/original_raw_data/subject_16_data_cellular_synapse_sc_100_data.pkl
16,9,Hc,2,0,0,,,-0.0012246744390700187,,123,0,10790078,49001,300,1e-09,/remotenas2/remotedata/share/zebrafish/figure_code/two_column_figure/fcv_postdca_raw_recompute/data/zebrafish/sc/original_raw_data/subject_16_data_cellular_synapse_sc_100_data.pkl
16,10,Ra,342,906,12,3.8525492413043626e-10,-0.0004978747011005559,-0.013834228485085344,0.010395719598199312,47224,164028,10790078,49001,300,1e-09,/remotenas2/remotedata/share/zebrafish/figure_code/two_column_figure/fcv_postdca_raw_recompute/data/zebrafish/sc/original_raw_data/subject_16_data_cellular_synapse_sc_100_data.pkl
16,11,T,1109,5119,48,8.97167607677441e-10,0.0030340638105671404,,-0.004211906701098659,951338,304565,10790078,49001,300,1e-09,/remotenas2/remotedata/share/zebrafish/figure_code/two_column_figure/fcv_postdca_raw_recompute/data/zebrafish/sc/original_raw_data/subject_16_data_cellular_synapse_sc_100_data.pkl
16,12,aRF,421,1268,30,6.618934838650694e-10,-0.007193583101042612,-0.015106529987300896,-0.004483576720689208,204811,109384,10790078,49001,300,1e-09,/remotenas2/remotedata/share/zebrafish/figure_code/two_column_figure/fcv_postdca_raw_recompute/data/zebrafish/sc/original_raw_data/subject_16_data_cellular_synapse_sc_100_data.pkl
16,13,imRF,570,3077,36,8.785809378724007e-10,-0.0024843067003806553,-0.022513481239320694,0.0011715935251862513,173122,200582,10790078,49001,300,1e-09,/remotenas2/remotedata/share/zebrafish/figure_code/two_column_figure/fcv_postdca_raw_recompute/data/zebrafish/sc/original_raw_data/subject_16_data_cellular_synapse_sc_100_data.pkl
16,14,pRF,752,4772,45,8.57037929972357e-10,0.0038408963095333,,0.007125334077089069,164021,506379,10790078,49001,300,1e-09,/remotenas2/remotedata/share/zebrafish/figure_code/two_column_figure/fcv_postdca_raw_recompute/data/zebrafish/sc/original_raw_data/subject_16_data_cellular_synapse_sc_100_data.pkl
16,15,GG,0,0,0,,,,,0,0,10790078,49001,300,1e-09,/remotenas2/remotedata/share/zebrafish/figure_code/two_column_figure/fcv_postdca_raw_recompute/data/zebrafish/sc/original_raw_data/subject_16_data_cellular_synapse_sc_100_data.pkl
16,16,Hb,285,433,47,9.335039742686073e-10,-0.0011411869138414985,0.01772240780038183,-0.0021462623049889763,5743,29,10790078,49001,300,1e-09,/remotenas2/remotedata/share/zebrafish/figure_code/two_column_figure/fcv_postdca_raw_recompute/data/zebrafish/sc/original_raw_data/subject_16_data_cellular_synapse_sc_100_data.pkl
16,17,Hi,239,248,10,6.715150394071729e-10,0.00043153175669039944,-0.023945714810744548,0.0036780240868391663,27653,7560,10790078,49001,300,1e-09,/remotenas2/remotedata/share/zebrafish/figure_code/two_column_figure/fcv_postdca_raw_recompute/data/zebrafish/sc/original_raw_data/subject_16_data_cellular_synapse_sc_100_data.pkl
16,18,HR,73,77,67,9.543606344104864e-10,-0.004720733279341565,-0.016559061029608194,,14714,29364,10790078,49001,300,1e-09,/remotenas2/remotedata/share/zebrafish/figure_code/two_column_figure/fcv_postdca_raw_recompute/data/zebrafish/sc/original_raw_data/subject_16_data_cellular_synapse_sc_100_data.pkl
16,19,OG,12,3,2,0.0,0.0,,,0,0,10790078,49001,300,1e-09,/remotenas2/remotedata/share/zebrafish/figure_code/two_column_figure/fcv_postdca_raw_recompute/data/zebrafish/sc/original_raw_data/subject_16_data_cellular_synapse_sc_100_data.pkl
16,20,OB,330,805,71,8.529118734443748e-10,0.00018509428807058522,-0.0010232915972284982,0.0007383194816829997,53,47,10790078,49001,300,1e-09,/remotenas2/remotedata/share/zebrafish/figure_code/two_column_figure/fcv_postdca_raw_recompute/data/zebrafish/sc/original_raw_data/subject_16_data_cellular_synapse_sc_100_data.pkl
16,21,OE,43,25,184,9.200723086482112e-10,0.017172849680998123,-0.008505422826258295,-0.010121884798787084,10,11,10790078,49001,300,1e-09,/remotenas2/remotedata/share/zebrafish/figure_code/two_column_figure/fcv_postdca_raw_recompute/data/zebrafish/sc/original_raw_data/subject_16_data_cellular_synapse_sc_100_data.pkl
16,22,P,875,1364,161,9.525216627796533e-10,-0.0004122553187890479,0.004649724846318584,-0.03931013633989678,13621,6282,10790078,49001,300,1e-09,/remotenas2/remotedata/share/zebrafish/figure_code/two_column_figure/fcv_postdca_raw_recompute/data/zebrafish/sc/original_raw_data/subject_16_data_cellular_synapse_sc_100_data.pkl
16,23,Pi,0,0,0,,,,,0,0,10790078,49001,300,1e-09,/remotenas2/remotedata/share/zebrafish/figure_code/two_column_figure/fcv_postdca_raw_recompute/data/zebrafish/sc/original_raw_data/subject_16_data_cellular_synapse_sc_100_data.pkl
16,24,PT,380,1277,29,9.798249951228918e-10,0.00010452515365216823,-0.010883878944898869,-0.00517185999339141,91047,199948,10790078,49001,300,1e-09,/remotenas2/remotedata/share/zebrafish/figure_code/two_column_figure/fcv_postdca_raw_recompute/data/zebrafish/sc/original_raw_data/subject_16_data_cellular_synapse_sc_100_data.pkl
16,25,PO,568,1332,21,3.7234652255719854e-10,0.002216801436035309,0.007373192127718376,,108271,79211,10790078,49001,300,1e-09,/remotenas2/remotedata/share/zebrafish/figure_code/two_column_figure/fcv_postdca_raw_recompute/data/zebrafish/sc/original_raw_data/subject_16_data_cellular_synapse_sc_100_data.pkl
16,26,PrT,339,1134,29,7.790976570993881e-10,-0.004883978323415282,-0.02045389111302601,-0.0014850257353444555,85724,139759,10790078,49001,300,1e-09,/remotenas2/remotedata/share/zebrafish/figure_code/two_column_figure/fcv_postdca_raw_recompute/data/zebrafish/sc/original_raw_data/subject_16_data_cellular_synapse_sc_100_data.pkl
16,27,R,0,0,0,,,,,0,0,10790078,49001,300,1e-09,/remotenas2/remotedata/share/zebrafish/figure_code/two_column_figure/fcv_postdca_raw_recompute/data/zebrafish/sc/original_raw_data/subject_16_data_cellular_synapse_sc_100_data.pkl
16,28,SP,822,1916,88,9.993103692855218e-10,-0.0004774132136790906,0.010611575082774334,-0.021968927690235517,19170,2166,10790078,49001,300,1e-09,/remotenas2/remotedata/share/zebrafish/figure_code/two_column_figure/fcv_postdca_raw_recompute/data/zebrafish/sc/original_raw_data/subject_16_data_cellular_synapse_sc_100_data.pkl
16,29,TeO,6165,36879,88,9.682638821436582e-10,-0.000653527463563221,-0.011027151851818453,-0.0022026520170567066,684224,1029170,10790078,49001,300,1e-09,/remotenas2/remotedata/share/zebrafish/figure_code/two_column_figure/fcv_postdca_raw_recompute/data/zebrafish/sc/original_raw_data/subject_16_data_cellular_synapse_sc_100_data.pkl
16,30,Th,941,2103,62,9.645841787334872e-10,0.0008762389291058266,-0.017677293515827787,0.0023046521900481243,97991,270419,10790078,49001,300,1e-09,/remotenas2/remotedata/share/zebrafish/figure_code/two_column_figure/fcv_postdca_raw_recompute/data/zebrafish/sc/original_raw_data/subject_16_data_cellular_synapse_sc_100_data.pkl
16,31,TL,141,171,102,8.748146508398694e-10,8.837595233586332e-05,-0.058568849831802335,-0.013320331879973016,7527,1002,10790078,49001,300,1e-09,/remotenas2/remotedata/share/zebrafish/figure_code/two_column_figure/fcv_postdca_raw_recompute/data/zebrafish/sc/original_raw_data/subject_16_data_cellular_synapse_sc_100_data.pkl
16,32,TS,212,315,60,8.962674118740618e-10,-0.000722019387709272,-0.011021267241534422,-0.009690554729964072,41659,78259,10790078,49001,300,1e-09,/remotenas2/remotedata/share/zebrafish/figure_code/two_column_figure/fcv_postdca_raw_recompute/data/zebrafish/sc/original_raw_data/subject_16_data_cellular_synapse_sc_100_data.pkl
16,33,TG,34,40,65,9.743016685961103e-10,0.008342987945930842,-0.001359680748446292,0.008997005362976113,687,315,10790078,49001,300,1e-09,/remotenas2/remotedata/share/zebrafish/figure_code/two_column_figure/fcv_postdca_raw_recompute/data/zebrafish/sc/original_raw_data/subject_16_data_cellular_synapse_sc_100_data.pkl
16,34,VR,92,141,165,8.943953692788278e-10,-0.004958820002854185,0.002351408909097641,0.0018625133950790425,2329,190,10790078,49001,300,1e-09,/remotenas2/remotedata/share/zebrafish/figure_code/two_column_figure/fcv_postdca_raw_recompute/data/zebrafish/sc/original_raw_data/subject_16_data_cellular_synapse_sc_100_data.pkl
16,35,NX,658,10853,18,3.1849438499482784e-10,-3.367095091300256e-05,-0.007781512684605175,,105011,162589,10790078,49001,300,1e-09,/remotenas2/remotedata/share/zebrafish/figure_code/two_column_figure/fcv_postdca_raw_recompute/data/zebrafish/sc/original_raw_data/subject_16_data_cellular_synapse_sc_100_data.pkl
16,36,rMON,1277,27659,14,2.0921376552765892e-10,-0.0055205450635239075,-0.011359666759801844,-0.0016042033407504786,284161,187480,10790078,49001,300,1e-09,/remotenas2/remotedata/share/zebrafish/figure_code/two_column_figure/fcv_postdca_raw_recompute/data/zebrafish/sc/original_raw_data/subject_16_data_cellular_synapse_sc_100_data.pkl
16,37,rCb,1998,12277,23,4.989519028590914e-10,-0.0013758610390896065,-0.022671847219353215,0.0020816537065072756,195828,162168,10790078,49001,300,1e-09,/remotenas2/remotedata/share/zebrafish/figure_code/two_column_figure/fcv_postdca_raw_recompute/data/zebrafish/sc/original_raw_data/subject_16_data_cellular_synapse_sc_100_data.pkl
16,38,rMOS1,1425,65666,13,9.719389968518361e-10,0.003085590330499615,-0.014740660634410988,0.006134239544158843,412686,633126,10790078,49001,300,1e-09,/remotenas2/remotedata/share/zebrafish/figure_code/two_column_figure/fcv_postdca_raw_recompute/data/zebrafish/sc/original_raw_data/subject_16_data_cellular_synapse_sc_100_data.pkl
16,39,rMOS2,609,4041,11,2.431046348533416e-10,-0.00166346231284414,-0.002623466604095202,0.010723369158086997,67193,287399,10790078,49001,300,1e-09,/remotenas2/remotedata/share/zebrafish/figure_code/two_column_figure/fcv_postdca_raw_recompute/data/zebrafish/sc/original_raw_data/subject_16_data_cellular_synapse_sc_100_data.pkl
16,40,rMOS3,1433,16484,41,7.276776218231302e-10,0.009801383103871584,-0.016484705436604352,-0.007561673013093316,811117,245007,10790078,49001,300,1e-09,/remotenas2/remotedata/share/zebrafish/figure_code/two_column_figure/fcv_postdca_raw_recompute/data/zebrafish/sc/original_raw_data/subject_16_data_cellular_synapse_sc_100_data.pkl
16,41,rMOS4,1423,8551,42,9.382519165640861e-10,0.0012368618230446757,-0.008520984688373305,0.0007851860095915342,386644,110423,10790078,49001,300,1e-09,/remotenas2/remotedata/share/zebrafish/figure_code/two_column_figure/fcv_postdca_raw_recompute/data/zebrafish/sc/original_raw_data/subject_16_data_cellular_synapse_sc_100_data.pkl
16,42,rMOS5,1751,36195,10,9.300380612213204e-10,0.0037879034740027745,-0.008018100654201667,-0.0025257968568838437,454264,121349,10790078,49001,300,1e-09,/remotenas2/remotedata/share/zebrafish/figure_code/two_column_figure/fcv_postdca_raw_recompute/data/zebrafish/sc/original_raw_data/subject_16_data_cellular_synapse_sc_100_data.pkl
16,43,rIPN,116,323,11,7.453173106766755e-10,-0.015152473795376358,-0.030678486729341464,0.0008625219138304028,6488,19774,10790078,49001,300,1e-09,/remotenas2/remotedata/share/zebrafish/figure_code/two_column_figure/fcv_postdca_raw_recompute/data/zebrafish/sc/original_raw_data/subject_16_data_cellular_synapse_sc_100_data.pkl
16,44,rIO,24,26,93,9.93496318278858e-10,0.008041708088580034,0.010328540551374398,-0.000865597987764366,97,6,10790078,49001,300,1e-09,/remotenas2/remotedata/share/zebrafish/figure_code/two_column_figure/fcv_postdca_raw_recompute/data/zebrafish/sc/original_raw_data/subject_16_data_cellular_synapse_sc_100_data.pkl
16,45,rHc,0,0,0,,,,,0,0,10790078,49001,300,1e-09,/remotenas2/remotedata/share/zebrafish/figure_code/two_column_figure/fcv_postdca_raw_recompute/data/zebrafish/sc/original_raw_data/subject_16_data_cellular_synapse_sc_100_data.pkl
16,46,rRa,202,280,50,7.269056091341548e-10,-0.0070614598014206095,-0.019881163740232594,0.00843525010328601,29315,94319,10790078,49001,300,1e-09,/remotenas2/remotedata/share/zebrafish/figure_code/two_column_figure/fcv_postdca_raw_recompute/data/zebrafish/sc/original_raw_data/subject_16_data_cellular_synapse_sc_100_data.pkl
16,47,rT,1238,9217,89,9.158248805063556e-10,-0.001143494066784348,-0.019865548982149133,-0.0009601234524792638,760919,359190,10790078,49001,300,1e-09,/remotenas2/remotedata/share/zebrafish/figure_code/two_column_figure/fcv_postdca_raw_recompute/data/zebrafish/sc/original_raw_data/subject_16_data_cellular_synapse_sc_100_data.pkl
16,48,raRF,387,551,48,8.498320603703694e-10,-0.005664301126829744,-0.018885280475702336,-0.004650805633709454,103660,81751,10790078,49001,300,1e-09,/remotenas2/remotedata/share/zebrafish/figure_code/two_column_figure/fcv_postdca_raw_recompute/data/zebrafish/sc/original_raw_data/subject_16_data_cellular_synapse_sc_100_data.pkl
16,49,rimRF,499,2288,23,6.334566234125758e-10,0.005953843589974951,-0.02399270777392653,0.003570649131222494,135378,199879,10790078,49001,300,1e-09,/remotenas2/remotedata/share/zebrafish/figure_code/two_column_figure/fcv_postdca_raw_recompute/data/zebrafish/sc/original_raw_data/subject_16_data_cellular_synapse_sc_100_data.pkl
16,50,rpRF,804,7089,49,9.921194316476445e-10,-0.002026730478123172,-0.009252681572599002,0.009082955443742267,122501,592291,10790078,49001,300,1e-09,/remotenas2/remotedata/share/zebrafish/figure_code/two_column_figure/fcv_postdca_raw_recompute/data/zebrafish/sc/original_raw_data/subject_16_data_cellular_synapse_sc_100_data.pkl
16,51,rGG,0,0,0,,,,,0,0,10790078,49001,300,1e-09,/remotenas2/remotedata/share/zebrafish/figure_code/two_column_figure/fcv_postdca_raw_recompute/data/zebrafish/sc/original_raw_data/subject_16_data_cellular_synapse_sc_100_data.pkl
16,52,rHb,289,413,300,2.1199403664219e-07,0.00063951205444745,0.004820055851352175,-0.008732742245362309,2979,17,10790078,49001,300,1e-09,/remotenas2/remotedata/share/zebrafish/figure_code/two_column_figure/fcv_postdca_raw_recompute/data/zebrafish/sc/original_raw_data/subject_16_data_cellular_synapse_sc_100_data.pkl
16,53,rHi,230,219,26,4.705229428834262e-10,0.0016552126433571966,-0.00907703762299744,0.0034295135193085644,13361,6561,10790078,49001,300,1e-09,/remotenas2/remotedata/share/zebrafish/figure_code/two_column_figure/fcv_postdca_raw_recompute/data/zebrafish/sc/original_raw_data/subject_16_data_cellular_synapse_sc_100_data.pkl
16,54,rHR,68,75,24,5.52275479743621e-10,-0.028381637533045196,-0.027430882890455643,-0.003981994059967936,5398,62004,10790078,49001,300,1e-09,/remotenas2/remotedata/share/zebrafish/figure_code/two_column_figure/fcv_postdca_raw_recompute/data/zebrafish/sc/original_raw_data/subject_16_data_cellular_synapse_sc_100_data.pkl
16,55,rOG,10,5,2,0.0,0.0,-3.882100265894594e-07,-2.9359378652219088e-08,1,5,10790078,49001,300,1e-09,/remotenas2/remotedata/share/zebrafish/figure_code/two_column_figure/fcv_postdca_raw_recompute/data/zebrafish/sc/original_raw_data/subject_16_data_cellular_synapse_sc_100_data.pkl
16,56,rOB,114,76,104,9.189125981456525e-10,-0.0028760108096569444,0.004387820414033718,-0.003673121844425794,6,524,10790078,49001,300,1e-09,/remotenas2/remotedata/share/zebrafish/figure_code/two_column_figure/fcv_postdca_raw_recompute/data/zebrafish/sc/original_raw_data/subject_16_data_cellular_synapse_sc_100_data.pkl
16,57,rOE,56,52,71,9.188100821480916e-10,0.006318576338671338,3.9174979408637714e-10,-1.694666395890377e-10,3,3,10790078,49001,300,1e-09,/remotenas2/remotedata/share/zebrafish/figure_code/two_column_figure/fcv_postdca_raw_recompute/data/zebrafish/sc/original_raw_data/subject_16_data_cellular_synapse_sc_100_data.pkl
16,58,rP,703,944,55,7.211806039676939e-10,-2.049505261345885e-05,0.0066192392747327,-0.01419294537860839,41180,6418,10790078,49001,300,1e-09,/remotenas2/remotedata/share/zebrafish/figure_code/two_column_figure/fcv_postdca_raw_recompute/data/zebrafish/sc/original_raw_data/subject_16_data_cellular_synapse_sc_100_data.pkl
16,59,rPi,0,0,0,,,,,0,0,10790078,49001,300,1e-09,/remotenas2/remotedata/share/zebrafish/figure_code/two_column_figure/fcv_postdca_raw_recompute/data/zebrafish/sc/original_raw_data/subject_16_data_cellular_synapse_sc_100_data.pkl
16,60,rPT,423,1244,38,8.828677647804049e-10,-0.0016748495487417367,-0.010752921307588462,-0.0041051916083601845,76074,159121,10790078,49001,300,1e-09,/remotenas2/remotedata/share/zebrafish/figure_code/two_column_figure/fcv_postdca_raw_recompute/data/zebrafish/sc/original_raw_data/subject_16_data_cellular_synapse_sc_100_data.pkl
16,61,rPO,514,1430,75,9.065403205549595e-10,0.00019763737760656935,0.008401935544377919,,140801,66860,10790078,49001,300,1e-09,/remotenas2/remotedata/share/zebrafish/figure_code/two_column_figure/fcv_postdca_raw_recompute/data/zebrafish/sc/original_raw_data/subject_16_data_cellular_synapse_sc_100_data.pkl
16,62,rPrT,444,946,30,6.311733622329116e-10,-0.005006219474807649,-0.021202867418245536,-0.0031065396212039023,133865,185047,10790078,49001,300,1e-09,/remotenas2/remotedata/share/zebrafish/figure_code/two_column_figure/fcv_postdca_raw_recompute/data/zebrafish/sc/original_raw_data/subject_16_data_cellular_synapse_sc_100_data.pkl
16,63,rR,0,0,0,,,,,0,0,10790078,49001,300,1e-09,/remotenas2/remotedata/share/zebrafish/figure_code/two_column_figure/fcv_postdca_raw_recompute/data/zebrafish/sc/original_raw_data/subject_16_data_cellular_synapse_sc_100_data.pkl
16,64,rSP,614,1140,105,9.291782182519417e-10,-0.0007695913818703507,-0.0022085665495317187,-0.0016056656917991868,4186,304,10790078,49001,300,1e-09,/remotenas2/remotedata/share/zebrafish/figure_code/two_column_figure/fcv_postdca_raw_recompute/data/zebrafish/sc/original_raw_data/subject_16_data_cellular_synapse_sc_100_data.pkl
16,65,rTeO,6402,44890,52,7.377621992605537e-10,-0.00018356373294881878,-0.02121363993488676,-0.0036371169258184524,679099,1402893,10790078,49001,300,1e-09,/remotenas2/remotedata/share/zebrafish/figure_code/two_column_figure/fcv_postdca_raw_recompute/data/zebrafish/sc/original_raw_data/subject_16_data_cellular_synapse_sc_100_data.pkl
16,66,rTh,1123,4306,23,8.303485862861706e-10,0.0029429462845132395,-0.011295447568279878,-0.002722484486155008,175423,258400,10790078,49001,300,1e-09,/remotenas2/remotedata/share/zebrafish/figure_code/two_column_figure/fcv_postdca_raw_recompute/data/zebrafish/sc/original_raw_data/subject_16_data_cellular_synapse_sc_100_data.pkl
16,67,rTL,100,85,133,9.067257554915975e-10,0.002683366387410918,-0.03222718892112049,-0.017220036468830482,5092,2300,10790078,49001,300,1e-09,/remotenas2/remotedata/share/zebrafish/figure_code/two_column_figure/fcv_postdca_raw_recompute/data/zebrafish/sc/original_raw_data/subject_16_data_cellular_synapse_sc_100_data.pkl
16,68,rTS,98,50,90,8.875230269775786e-10,-0.0018105908268064687,,,4183,2264,10790078,49001,300,1e-09,/remotenas2/remotedata/share/zebrafish/figure_code/two_column_figure/fcv_postdca_raw_recompute/data/zebrafish/sc/original_raw_data/subject_16_data_cellular_synapse_sc_100_data.pkl
16,69,rTG,3,0,0,,,1.131226397052235e-14,0.0,1,1,10790078,49001,300,1e-09,/remotenas2/remotedata/share/zebrafish/figure_code/two_column_figure/fcv_postdca_raw_recompute/data/zebrafish/sc/original_raw_data/subject_16_data_cellular_synapse_sc_100_data.pkl
16,70,rVR,79,104,57,9.154847168232999e-10,-0.0012744737189294224,-0.007091666196641921,-0.006959411378154676,3026,259,10790078,49001,300,1e-09,/remotenas2/remotedata/share/zebrafish/figure_code/two_column_figure/fcv_postdca_raw_recompute/data/zebrafish/sc/original_raw_data/subject_16_data_cellular_synapse_sc_100_data.pkl
16,71,rNX,618,7751,18,5.045538509111029e-10,-0.0001616871121991977,-0.017303047663416095,0.011164486805084351,64482,161825,10790078,49001,300,1e-09,/remotenas2/remotedata/share/zebrafish/figure_code/two_column_figure/fcv_postdca_raw_recompute/data/zebrafish/sc/original_raw_data/subject_16_data_cellular_synapse_sc_100_data.pkl
17,0,MON,814,16683,18,9.344273317191877e-10,0.0033663020143225504,-0.008378502587856539,-0.006536369748290033,243318,87638,9214644,49585,300,1e-09,/remotenas2/remotedata/share/zebrafish/figure_code/two_column_figure/fcv_postdca_raw_recompute/data/zebrafish/sc/original_raw_data/subject_17_data_cellular_synapse_sc_100_data.pkl
17,1,Cb,2094,14423,17,4.404326528844183e-10,-0.0005156206186823287,-0.012144476443523492,-0.002472095967415287,223088,143207,9214644,49585,300,1e-09,/remotenas2/remotedata/share/zebrafish/figure_code/two_column_figure/fcv_postdca_raw_recompute/data/zebrafish/sc/original_raw_data/subject_17_data_cellular_synapse_sc_100_data.pkl
17,2,MOS1,1271,47397,14,5.35810103867404e-10,0.0025451172839991722,-0.00966398907144328,0.006357319874796527,360346,521756,9214644,49585,300,1e-09,/remotenas2/remotedata/share/zebrafish/figure_code/two_column_figure/fcv_postdca_raw_recompute/data/zebrafish/sc/original_raw_data/subject_17_data_cellular_synapse_sc_100_data.pkl
17,3,MOS2,373,1060,14,2.4808384361605425e-10,-0.005098301789115459,-0.007451595955419371,0.012453737342625292,137886,167815,9214644,49585,300,1e-09,/remotenas2/remotedata/share/zebrafish/figure_code/two_column_figure/fcv_postdca_raw_recompute/data/zebrafish/sc/original_raw_data/subject_17_data_cellular_synapse_sc_100_data.pkl
17,4,MOS3,1049,10001,11,2.4607411923457267e-10,0.004349347813239379,-0.0164283968292685,0.003056929562950304,498737,93138,9214644,49585,300,1e-09,/remotenas2/remotedata/share/zebrafish/figure_code/two_column_figure/fcv_postdca_raw_recompute/data/zebrafish/sc/original_raw_data/subject_17_data_cellular_synapse_sc_100_data.pkl
17,5,MOS4,897,3117,7,5.601897270898304e-10,-0.003610777825872022,-0.00661624639356106,-7.690905813514227e-05,203540,64209,9214644,49585,300,1e-09,/remotenas2/remotedata/share/zebrafish/figure_code/two_column_figure/fcv_postdca_raw_recompute/data/zebrafish/sc/original_raw_data/subject_17_data_cellular_synapse_sc_100_data.pkl
17,6,MOS5,997,11275,95,9.550038702592076e-10,-0.0021909827122061423,-0.007679932603114812,-0.00027072245654742236,227383,96092,9214644,49585,300,1e-09,/remotenas2/remotedata/share/zebrafish/figure_code/two_column_figure/fcv_postdca_raw_recompute/data/zebrafish/sc/original_raw_data/subject_17_data_cellular_synapse_sc_100_data.pkl
17,7,IPN,99,172,14,6.184632491680175e-10,-0.004998979699463082,-0.024043611990443546,0.003998151101089012,4016,12372,9214644,49585,300,1e-09,/remotenas2/remotedata/share/zebrafish/figure_code/two_column_figure/fcv_postdca_raw_recompute/data/zebrafish/sc/original_raw_data/subject_17_data_cellular_synapse_sc_100_data.pkl
17,8,IO,42,53,46,7.939975689666893e-10,-0.008070524253720757,-0.00016583614354141155,-0.0016426354559304216,7,390,9214644,49585,300,1e-09,/remotenas2/remotedata/share/zebrafish/figure_code/two_column_figure/fcv_postdca_raw_recompute/data/zebrafish/sc/original_raw_data/subject_17_data_cellular_synapse_sc_100_data.pkl
17,9,Hc,22,13,58,7.752816606282617e-10,0.014487791830510365,-0.007851043386890515,0.0011328275812671736,479,766,9214644,49585,300,1e-09,/remotenas2/remotedata/share/zebrafish/figure_code/two_column_figure/fcv_postdca_raw_recompute/data/zebrafish/sc/original_raw_data/subject_17_data_cellular_synapse_sc_100_data.pkl
17,10,Ra,308,686,20,8.565494950066925e-10,0.0005691646399339876,-0.014827050311589431,0.008608018428023119,38379,114751,9214644,49585,300,1e-09,/remotenas2/remotedata/share/zebrafish/figure_code/two_column_figure/fcv_postdca_raw_recompute/data/zebrafish/sc/original_raw_data/subject_17_data_cellular_synapse_sc_100_data.pkl
17,11,T,1187,5882,50,7.015543529691483e-10,0.0036009263101703243,-0.019808432712775506,-0.003823165344790015,765597,244674,9214644,49585,300,1e-09,/remotenas2/remotedata/share/zebrafish/figure_code/two_column_figure/fcv_postdca_raw_recompute/data/zebrafish/sc/original_raw_data/subject_17_data_cellular_synapse_sc_100_data.pkl
17,12,aRF,360,809,23,4.414569045608449e-10,-0.0019392965241212306,-0.01617492249517037,0.0008244245873031935,137274,103929,9214644,49585,300,1e-09,/remotenas2/remotedata/share/zebrafish/figure_code/two_column_figure/fcv_postdca_raw_recompute/data/zebrafish/sc/original_raw_data/subject_17_data_cellular_synapse_sc_100_data.pkl
17,13,imRF,427,1432,46,9.746128355944158e-10,-0.0006102315082156911,-0.025922748593630706,0.0025686940998444446,87790,148788,9214644,49585,300,1e-09,/remotenas2/remotedata/share/zebrafish/figure_code/two_column_figure/fcv_postdca_raw_recompute/data/zebrafish/sc/original_raw_data/subject_17_data_cellular_synapse_sc_100_data.pkl
17,14,pRF,659,2412,61,9.088707284589098e-10,-0.0004803306315998375,-0.015475785769079554,0.006413770909065186,109483,520437,9214644,49585,300,1e-09,/remotenas2/remotedata/share/zebrafish/figure_code/two_column_figure/fcv_postdca_raw_recompute/data/zebrafish/sc/original_raw_data/subject_17_data_cellular_synapse_sc_100_data.pkl
17,15,GG,0,0,0,,,,,0,0,9214644,49585,300,1e-09,/remotenas2/remotedata/share/zebrafish/figure_code/two_column_figure/fcv_postdca_raw_recompute/data/zebrafish/sc/original_raw_data/subject_17_data_cellular_synapse_sc_100_data.pkl
17,16,Hb,420,1233,25,6.958378929528153e-10,-0.0003883854855635366,0.0238138945209611,-0.0001451404465394256,8956,10,9214644,49585,300,1e-09,/remotenas2/remotedata/share/zebrafish/figure_code/two_column_figure/fcv_postdca_raw_recompute/data/zebrafish/sc/original_raw_data/subject_17_data_cellular_synapse_sc_100_data.pkl
17,17,Hi,242,291,27,9.808889295935548e-10,0.000799213844822962,-0.02232131700228401,-0.002817891391162547,20572,5956,9214644,49585,300,1e-09,/remotenas2/remotedata/share/zebrafish/figure_code/two_column_figure/fcv_postdca_raw_recompute/data/zebrafish/sc/original_raw_data/subject_17_data_cellular_synapse_sc_100_data.pkl
17,18,HR,65,59,125,9.617452590124364e-10,0.003695751884721981,-0.007426730634518175,-0.002270517320793775,16616,28902,9214644,49585,300,1e-09,/remotenas2/remotedata/share/zebrafish/figure_code/two_column_figure/fcv_postdca_raw_recompute/data/zebrafish/sc/original_raw_data/subject_17_data_cellular_synapse_sc_100_data.pkl
17,19,OG,12,3,30,9.313225746154785e-10,-0.03451779684169307,0.0009948208168121327,2.7371585285395876e-05,25,1,9214644,49585,300,1e-09,/remotenas2/remotedata/share/zebrafish/figure_code/two_column_figure/fcv_postdca_raw_recompute/data/zebrafish/sc/original_raw_data/subject_17_data_cellular_synapse_sc_100_data.pkl
17,20,OB,213,280,101,8.799419953189131e-10,-0.0003107168536574026,-0.00010474951372773992,-0.00017826417644326608,36,29,9214644,49585,300,1e-09,/remotenas2/remotedata/share/zebrafish/figure_code/two_column_figure/fcv_postdca_raw_recompute/data/zebrafish/sc/original_raw_data/subject_17_data_cellular_synapse_sc_100_data.pkl
17,21,OE,56,38,133,9.310587628515158e-10,0.0002727434417292609,3.353597162466675e-41,-5.903361985157811e-05,2,3,9214644,49585,300,1e-09,/remotenas2/remotedata/share/zebrafish/figure_code/two_column_figure/fcv_postdca_raw_recompute/data/zebrafish/sc/original_raw_data/subject_17_data_cellular_synapse_sc_100_data.pkl
17,22,P,859,1258,118,9.851199578429971e-10,0.0021356946738101067,0.0017029381473925654,-0.026637602691271838,9091,3225,9214644,49585,300,1e-09,/remotenas2/remotedata/share/zebrafish/figure_code/two_column_figure/fcv_postdca_raw_recompute/data/zebrafish/sc/original_raw_data/subject_17_data_cellular_synapse_sc_100_data.pkl
17,23,Pi,0,0,0,,,,,0,0,9214644,49585,300,1e-09,/remotenas2/remotedata/share/zebrafish/figure_code/two_column_figure/fcv_postdca_raw_recompute/data/zebrafish/sc/original_raw_data/subject_17_data_cellular_synapse_sc_100_data.pkl
17,24,PT,320,757,34,9.923353745774926e-10,0.0021780983167804325,-0.010292665415044266,-0.0029069604277006168,60070,141944,9214644,49585,300,1e-09,/remotenas2/remotedata/share/zebrafish/figure_code/two_column_figure/fcv_postdca_raw_recompute/data/zebrafish/sc/original_raw_data/subject_17_data_cellular_synapse_sc_100_data.pkl
17,25,PO,558,1502,13,1.4865403432251804e-10,0.0018265202067230596,0.006915763393077743,0.0041861005993259984,100183,51194,9214644,49585,300,1e-09,/remotenas2/remotedata/share/zebrafish/figure_code/two_column_figure/fcv_postdca_raw_recompute/data/zebrafish/sc/original_raw_data/subject_17_data_cellular_synapse_sc_100_data.pkl
17,26,PrT,384,1221,16,5.750953364568845e-10,-0.008587450881533574,-0.02143602185618465,-0.00018608972028983395,97436,150674,9214644,49585,300,1e-09,/remotenas2/remotedata/share/zebrafish/figure_code/two_column_figure/fcv_postdca_raw_recompute/data/zebrafish/sc/original_raw_data/subject_17_data_cellular_synapse_sc_100_data.pkl
17,27,R,0,0,0,,,,,0,0,9214644,49585,300,1e-09,/remotenas2/remotedata/share/zebrafish/figure_code/two_column_figure/fcv_postdca_raw_recompute/data/zebrafish/sc/original_raw_data/subject_17_data_cellular_synapse_sc_100_data.pkl
17,28,SP,804,2068,110,8.941904870682848e-10,0.0005428769508382571,-7.66211532735504e-05,-0.02242415162740046,18850,3329,9214644,49585,300,1e-09,/remotenas2/remotedata/share/zebrafish/figure_code/two_column_figure/fcv_postdca_raw_recompute/data/zebrafish/sc/original_raw_data/subject_17_data_cellular_synapse_sc_100_data.pkl
17,29,TeO,7904,99648,13,9.021320824885424e-10,0.00014756776674527212,-0.011851979349564374,-0.002531538923418073,1093100,1016585,9214644,49585,300,1e-09,/remotenas2/remotedata/share/zebrafish/figure_code/two_column_figure/fcv_postdca_raw_recompute/data/zebrafish/sc/original_raw_data/subject_17_data_cellular_synapse_sc_100_data.pkl
17,30,Th,764,1368,89,8.597098263611902e-10,-0.0036108260754933313,-0.021373569244169787,0.002602651086232419,52161,150616,9214644,49585,300,1e-09,/remotenas2/remotedata/share/zebrafish/figure_code/two_column_figure/fcv_postdca_raw_recompute/data/zebrafish/sc/original_raw_data/subject_17_data_cellular_synapse_sc_100_data.pkl
17,31,TL,97,86,81,8.922948847308171e-10,0.0010918811284413923,-0.037704504655524405,-0.009044710280451985,7612,796,9214644,49585,300,1e-09,/remotenas2/remotedata/share/zebrafish/figure_code/two_column_figure/fcv_postdca_raw_recompute/data/zebrafish/sc/original_raw_data/subject_17_data_cellular_synapse_sc_100_data.pkl
17,32,TS,353,789,39,6.532408709544004e-10,0.000811206177969374,-0.013308404003171641,-0.009651990460176901,45683,47876,9214644,49585,300,1e-09,/remotenas2/remotedata/share/zebrafish/figure_code/two_column_figure/fcv_postdca_raw_recompute/data/zebrafish/sc/original_raw_data/subject_17_data_cellular_synapse_sc_100_data.pkl
17,33,TG,25,14,73,8.492293190135851e-10,-0.0029852246163723705,0.027760805659768226,-0.01500648380341892,269,87,9214644,49585,300,1e-09,/remotenas2/remotedata/share/zebrafish/figure_code/two_column_figure/fcv_postdca_raw_recompute/data/zebrafish/sc/original_raw_data/subject_17_data_cellular_synapse_sc_100_data.pkl
17,34,VR,120,299,28,6.274931810831486e-10,-0.001722288710020339,9.397905106042121e-05,0.027685223591038213,1642,257,9214644,49585,300,1e-09,/remotenas2/remotedata/share/zebrafish/figure_code/two_column_figure/fcv_postdca_raw_recompute/data/zebrafish/sc/original_raw_data/subject_17_data_cellular_synapse_sc_100_data.pkl
17,35,NX,289,1518,27,9.849756258985228e-10,-0.00038007174390350835,-0.0027034597188990137,0.008561384545755378,61852,66987,9214644,49585,300,1e-09,/remotenas2/remotedata/share/zebrafish/figure_code/two_column_figure/fcv_postdca_raw_recompute/data/zebrafish/sc/original_raw_data/subject_17_data_cellular_synapse_sc_100_data.pkl
17,36,rMON,960,14206,13,3.1812841189259417e-10,-0.007015686228927514,-0.009416652761835589,-0.00046891651263722785,223980,132749,9214644,49585,300,1e-09,/remotenas2/remotedata/share/zebrafish/figure_code/two_column_figure/fcv_postdca_raw_recompute/data/zebrafish/sc/original_raw_data/subject_17_data_cellular_synapse_sc_100_data.pkl
17,37,rCb,2225,19105,30,7.156383720095211e-10,-0.001427709545287466,-0.014786911542643413,0.00043319318697966245,190343,207840,9214644,49585,300,1e-09,/remotenas2/remotedata/share/zebrafish/figure_code/two_column_figure/fcv_postdca_raw_recompute/data/zebrafish/sc/original_raw_data/subject_17_data_cellular_synapse_sc_100_data.pkl
17,38,rMOS1,1381,61628,15,6.276873124153724e-10,0.003497383693196078,-0.010428453164085125,0.005964929710707384,332250,590184,9214644,49585,300,1e-09,/remotenas2/remotedata/share/zebrafish/figure_code/two_column_figure/fcv_postdca_raw_recompute/data/zebrafish/sc/original_raw_data/subject_17_data_cellular_synapse_sc_100_data.pkl
17,39,rMOS2,388,1435,15,2.8845219604852233e-10,0.0006684563105738811,-0.0015124441446586175,0.0094613710600982,43331,207948,9214644,49585,300,1e-09,/remotenas2/remotedata/share/zebrafish/figure_code/two_column_figure/fcv_postdca_raw_recompute/data/zebrafish/sc/original_raw_data/subject_17_data_cellular_synapse_sc_100_data.pkl
17,40,rMOS3,1340,13932,55,9.092932323306246e-10,0.008518086140786595,-0.01805216672163404,-0.007597221940265504,623852,199552,9214644,49585,300,1e-09,/remotenas2/remotedata/share/zebrafish/figure_code/two_column_figure/fcv_postdca_raw_recompute/data/zebrafish/sc/original_raw_data/subject_17_data_cellular_synapse_sc_100_data.pkl
17,41,rMOS4,1159,5462,30,5.956699148252948e-10,0.0026652553663761036,-0.011036171785880436,-0.00027301720809166057,258955,73582,9214644,49585,300,1e-09,/remotenas2/remotedata/share/zebrafish/figure_code/two_column_figure/fcv_postdca_raw_recompute/data/zebrafish/sc/original_raw_data/subject_17_data_cellular_synapse_sc_100_data.pkl
17,42,rMOS5,1456,31237,12,8.308474094936694e-10,0.005416594589229895,-0.008224076242715431,0.001612147217649862,391666,122757,9214644,49585,300,1e-09,/remotenas2/remotedata/share/zebrafish/figure_code/two_column_figure/fcv_postdca_raw_recompute/data/zebrafish/sc/original_raw_data/subject_17_data_cellular_synapse_sc_100_data.pkl
17,43,rIPN,132,348,20,7.101275460035892e-10,-0.011695809179649982,-0.026134538628760168,0.004720760425974782,8080,12546,9214644,49585,300,1e-09,/remotenas2/remotedata/share/zebrafish/figure_code/two_column_figure/fcv_postdca_raw_recompute/data/zebrafish/sc/original_raw_data/subject_17_data_cellular_synapse_sc_100_data.pkl
17,44,rIO,6,4,20,5.735943981584883e-10,-0.12200846790794379,0.0,-2.97250938198205e-71,3,3,9214644,49585,300,1e-09,/remotenas2/remotedata/share/zebrafish/figure_code/two_column_figure/fcv_postdca_raw_recompute/data/zebrafish/sc/original_raw_data/subject_17_data_cellular_synapse_sc_100_data.pkl
17,45,rHc,0,0,0,,,,,0,0,9214644,49585,300,1e-09,/remotenas2/remotedata/share/zebrafish/figure_code/two_column_figure/fcv_postdca_raw_recompute/data/zebrafish/sc/original_raw_data/subject_17_data_cellular_synapse_sc_100_data.pkl
17,46,rRa,224,460,45,7.847080663074546e-10,-0.0019322503277982384,-0.020403397479775123,0.005794324407442397,29266,84011,9214644,49585,300,1e-09,/remotenas2/remotedata/share/zebrafish/figure_code/two_column_figure/fcv_postdca_raw_recompute/data/zebrafish/sc/original_raw_data/subject_17_data_cellular_synapse_sc_100_data.pkl
17,47,rT,1185,7817,68,9.611014344519682e-10,0.0014262920254422445,-0.02444177348681704,-0.002066818875826991,603925,307022,9214644,49585,300,1e-09,/remotenas2/remotedata/share/zebrafish/figure_code/two_column_figure/fcv_postdca_raw_recompute/data/zebrafish/sc/original_raw_data/subject_17_data_cellular_synapse_sc_100_data.pkl
17,48,raRF,228,206,77,8.146817065150996e-10,-0.0006679910617304422,-0.02020323345750563,-0.006045513267040504,47814,44619,9214644,49585,300,1e-09,/remotenas2/remotedata/share/zebrafish/figure_code/two_column_figure/fcv_postdca_raw_recompute/data/zebrafish/sc/original_raw_data/subject_17_data_cellular_synapse_sc_100_data.pkl
17,49,rimRF,298,1319,21,6.526021826927872e-10,0.006771490022077095,-0.028576080239707743,0.0024611991195430945,63708,133338,9214644,49585,300,1e-09,/remotenas2/remotedata/share/zebrafish/figure_code/two_column_figure/fcv_postdca_raw_recompute/data/zebrafish/sc/original_raw_data/subject_17_data_cellular_synapse_sc_100_data.pkl
17,50,rpRF,560,3181,24,8.390296066146464e-10,-0.007754626239710623,-0.0070983116274345994,0.008197960518728137,71398,456953,9214644,49585,300,1e-09,/remotenas2/remotedata/share/zebrafish/figure_code/two_column_figure/fcv_postdca_raw_recompute/data/zebrafish/sc/original_raw_data/subject_17_data_cellular_synapse_sc_100_data.pkl
17,51,rGG,0,0,0,,,,,0,0,9214644,49585,300,1e-09,/remotenas2/remotedata/share/zebrafish/figure_code/two_column_figure/fcv_postdca_raw_recompute/data/zebrafish/sc/original_raw_data/subject_17_data_cellular_synapse_sc_100_data.pkl
17,52,rHb,349,537,75,9.57561799512192e-10,-0.0005955244154647494,0.0019619689479200035,1.8146975249186552e-05,6766,31,9214644,49585,300,1e-09,/remotenas2/remotedata/share/zebrafish/figure_code/two_column_figure/fcv_postdca_raw_recompute/data/zebrafish/sc/original_raw_data/subject_17_data_cellular_synapse_sc_100_data.pkl
17,53,rHi,240,243,19,6.610424089260625e-10,0.005008224390511722,-0.0008173009333734644,0.0029925066861990457,10460,8479,9214644,49585,300,1e-09,/remotenas2/remotedata/share/zebrafish/figure_code/two_column_figure/fcv_postdca_raw_recompute/data/zebrafish/sc/original_raw_data/subject_17_data_cellular_synapse_sc_100_data.pkl
17,54,rHR,62,53,30,6.96135572505088e-10,-0.03290467548073463,-0.018369024903857546,-0.001205353438943144,4266,41724,9214644,49585,300,1e-09,/remotenas2/remotedata/share/zebrafish/figure_code/two_column_figure/fcv_postdca_raw_recompute/data/zebrafish/sc/original_raw_data/subject_17_data_cellular_synapse_sc_100_data.pkl
17,55,rOG,23,10,74,8.058977943932532e-10,-2.6767438507259495e-11,-0.0002857952265054975,-0.001714903793062406,6,1,9214644,49585,300,1e-09,/remotenas2/remotedata/share/zebrafish/figure_code/two_column_figure/fcv_postdca_raw_recompute/data/zebrafish/sc/original_raw_data/subject_17_data_cellular_synapse_sc_100_data.pkl
17,56,rOB,129,87,72,9.090349449593821e-10,-0.003991952052090949,2.1951683058829708e-07,-0.0028243916483958733,7,338,9214644,49585,300,1e-09,/remotenas2/remotedata/share/zebrafish/figure_code/two_column_figure/fcv_postdca_raw_recompute/data/zebrafish/sc/original_raw_data/subject_17_data_cellular_synapse_sc_100_data.pkl
17,57,rOE,84,73,259,9.92820357368906e-10,0.005879242831356938,0.3661236767414836,-0.165397484978872,5,3,9214644,49585,300,1e-09,/remotenas2/remotedata/share/zebrafish/figure_code/two_column_figure/fcv_postdca_raw_recompute/data/zebrafish/sc/original_raw_data/subject_17_data_cellular_synapse_sc_100_data.pkl
17,58,rP,1036,1650,116,9.202223984867411e-10,-0.00044695649902977847,0.00541063056368861,-0.007327568831498508,35952,10494,9214644,49585,300,1e-09,/remotenas2/remotedata/share/zebrafish/figure_code/two_column_figure/fcv_postdca_raw_recompute/data/zebrafish/sc/original_raw_data/subject_17_data_cellular_synapse_sc_100_data.pkl
17,59,rPi,0,0,0,,,,,0,0,9214644,49585,300,1e-09,/remotenas2/remotedata/share/zebrafish/figure_code/two_column_figure/fcv_postdca_raw_recompute/data/zebrafish/sc/original_raw_data/subject_17_data_cellular_synapse_sc_100_data.pkl
17,60,rPT,350,891,15,9.465284852698137e-10,-0.0027433916810526682,-0.01365380240377956,-0.0027287950493053836,53480,97008,9214644,49585,300,1e-09,/remotenas2/remotedata/share/zebrafish/figure_code/two_column_figure/fcv_postdca_raw_recompute/data/zebrafish/sc/original_raw_data/subject_17_data_cellular_synapse_sc_100_data.pkl
17,61,rPO,530,1439,105,8.609596397985429e-10,-0.00030960099202977467,0.006898505743907584,0.0027682995898966945,118748,72086,9214644,49585,300,1e-09,/remotenas2/remotedata/share/zebrafish/figure_code/two_column_figure/fcv_postdca_raw_recompute/data/zebrafish/sc/original_raw_data/subject_17_data_cellular_synapse_sc_100_data.pkl
17,62,rPrT,507,976,23,8.488738427089118e-10,-0.007009857878609691,-0.022327754668835683,-0.0009853648315283263,118334,154185,9214644,49585,300,1e-09,/remotenas2/remotedata/share/zebrafish/figure_code/two_column_figure/fcv_postdca_raw_recompute/data/zebrafish/sc/original_raw_data/subject_17_data_cellular_synapse_sc_100_data.pkl
17,63,rR,0,0,0,,,,,0,0,9214644,49585,300,1e-09,/remotenas2/remotedata/share/zebrafish/figure_code/two_column_figure/fcv_postdca_raw_recompute/data/zebrafish/sc/original_raw_data/subject_17_data_cellular_synapse_sc_100_data.pkl
17,64,rSP,789,2408,55,8.096362873237465e-10,0.00012950852827457732,-0.004286610333314937,-0.0023470415803456823,4696,493,9214644,49585,300,1e-09,/remotenas2/remotedata/share/zebrafish/figure_code/two_column_figure/fcv_postdca_raw_recompute/data/zebrafish/sc/original_raw_data/subject_17_data_cellular_synapse_sc_100_data.pkl
17,65,rTeO,7951,57426,55,9.423651086792356e-10,-0.0003711206427232471,-0.021891390846920347,-0.0031434679394961385,716301,1555533,9214644,49585,300,1e-09,/remotenas2/remotedata/share/zebrafish/figure_code/two_column_figure/fcv_postdca_raw_recompute/data/zebrafish/sc/original_raw_data/subject_17_data_cellular_synapse_sc_100_data.pkl
17,66,rTh,1006,2903,39,6.725442173296125e-10,0.0015709958143980366,-0.01616461580734845,-0.0009029777787503356,107591,149898,9214644,49585,300,1e-09,/remotenas2/remotedata/share/zebrafish/figure_code/two_column_figure/fcv_postdca_raw_recompute/data/zebrafish/sc/original_raw_data/subject_17_data_cellular_synapse_sc_100_data.pkl
17,67,rTL,90,77,77,8.457308288523486e-10,-0.006173638712846869,-0.028754073462278876,-0.013254327154888734,3858,2889,9214644,49585,300,1e-09,/remotenas2/remotedata/share/zebrafish/figure_code/two_column_figure/fcv_postdca_raw_recompute/data/zebrafish/sc/original_raw_data/subject_17_data_cellular_synapse_sc_100_data.pkl
17,68,rTS,145,84,300,2.561614104680147e-05,2.7795882035240823e-06,-0.009187175840128166,-0.007560941163634746,2597,539,9214644,49585,300,1e-09,/remotenas2/remotedata/share/zebrafish/figure_code/two_column_figure/fcv_postdca_raw_recompute/data/zebrafish/sc/original_raw_data/subject_17_data_cellular_synapse_sc_100_data.pkl
17,69,rTG,9,1,2,0.0,0.0,2.0825599009953736e-103,-4.879258668188298e-194,1,2,9214644,49585,300,1e-09,/remotenas2/remotedata/share/zebrafish/figure_code/two_column_figure/fcv_postdca_raw_recompute/data/zebrafish/sc/original_raw_data/subject_17_data_cellular_synapse_sc_100_data.pkl
17,70,rVR,72,92,136,9.051088410002779e-10,0.0035016069237023004,-0.0009176720943901535,0.0006567827209745142,1747,216,9214644,49585,300,1e-09,/remotenas2/remotedata/share/zebrafish/figure_code/two_column_figure/fcv_postdca_raw_recompute/data/zebrafish/sc/original_raw_data/subject_17_data_cellular_synapse_sc_100_data.pkl
17,71,rNX,587,6780,35,6.553093183995216e-10,-0.00010365418743267957,-0.027209738012564866,0.006105476659187958,45862,95271,9214644,49585,300,1e-09,/remotenas2/remotedata/share/zebrafish/figure_code/two_column_figure/fcv_postdca_raw_recompute/data/zebrafish/sc/original_raw_data/subject_17_data_cellular_synapse_sc_100_data.pkl
18,0,MON,778,13898,27,7.657124886503085e-10,0.0017860239485037932,-0.011182852572805666,-0.007419063988188275,190086,85434,8646606,45385,300,1e-09,/remotenas2/remotedata/share/zebrafish/figure_code/two_column_figure/fcv_postdca_raw_recompute/data/zebrafish/sc/original_raw_data/subject_18_data_cellular_synapse_sc_100_data.pkl
18,1,Cb,1910,12792,17,5.006179578606948e-10,-0.0004709378669576007,-0.012056295528513962,-0.0008794531432777491,199782,146422,8646606,45385,300,1e-09,/remotenas2/remotedata/share/zebrafish/figure_code/two_column_figure/fcv_postdca_raw_recompute/data/zebrafish/sc/original_raw_data/subject_18_data_cellular_synapse_sc_100_data.pkl
18,2,MOS1,1293,57128,13,3.5288691788552673e-10,0.00044133902194842345,-0.013396398219907986,0.006450162195282791,360035,579361,8646606,45385,300,1e-09,/remotenas2/remotedata/share/zebrafish/figure_code/two_column_figure/fcv_postdca_raw_recompute/data/zebrafish/sc/original_raw_data/subject_18_data_cellular_synapse_sc_100_data.pkl
18,3,MOS2,520,3610,26,6.909122450973347e-10,-0.0037400295136090574,-0.01757778987150508,0.012037725048806599,167449,206304,8646606,45385,300,1e-09,/remotenas2/remotedata/share/zebrafish/figure_code/two_column_figure/fcv_postdca_raw_recompute/data/zebrafish/sc/original_raw_data/subject_18_data_cellular_synapse_sc_100_data.pkl
18,4,MOS3,1090,9415,13,2.3734353165073687e-10,0.0019219566266239522,-0.01635613423310944,0.0034958210008534676,541373,97368,8646606,45385,300,1e-09,/remotenas2/remotedata/share/zebrafish/figure_code/two_column_figure/fcv_postdca_raw_recompute/data/zebrafish/sc/original_raw_data/subject_18_data_cellular_synapse_sc_100_data.pkl
18,5,MOS4,852,3961,14,2.1018134872949608e-10,-0.004634619404467396,-0.010927789368984031,-0.001329895593348557,213353,71361,8646606,45385,300,1e-09,/remotenas2/remotedata/share/zebrafish/figure_code/two_column_figure/fcv_postdca_raw_recompute/data/zebrafish/sc/original_raw_data/subject_18_data_cellular_synapse_sc_100_data.pkl
18,6,MOS5,1066,10681,46,7.591089491169519e-10,-0.004837967557668818,-0.011133757296943454,-0.0012450286516079748,225907,128923,8646606,45385,300,1e-09,/remotenas2/remotedata/share/zebrafish/figure_code/two_column_figure/fcv_postdca_raw_recompute/data/zebrafish/sc/original_raw_data/subject_18_data_cellular_synapse_sc_100_data.pkl
18,7,IPN,92,70,20,9.443646251311007e-10,-0.024386698672922792,-0.007730211097317225,0.003465095518316784,4191,11048,8646606,45385,300,1e-09,/remotenas2/remotedata/share/zebrafish/figure_code/two_column_figure/fcv_postdca_raw_recompute/data/zebrafish/sc/original_raw_data/subject_18_data_cellular_synapse_sc_100_data.pkl
18,8,IO,14,4,31,9.313225746154784e-10,0.02958668305420439,-2.6879228426786138e-05,-0.007220831473981558,7,56,8646606,45385,300,1e-09,/remotenas2/remotedata/share/zebrafish/figure_code/two_column_figure/fcv_postdca_raw_recompute/data/zebrafish/sc/original_raw_data/subject_18_data_cellular_synapse_sc_100_data.pkl
18,9,Hc,68,40,95,8.540954481811353e-10,-0.004947353357445035,0.004118105460689669,7.003593975531979e-05,2330,4323,8646606,45385,300,1e-09,/remotenas2/remotedata/share/zebrafish/figure_code/two_column_figure/fcv_postdca_raw_recompute/data/zebrafish/sc/original_raw_data/subject_18_data_cellular_synapse_sc_100_data.pkl
18,10,Ra,316,770,13,5.049485705814719e-10,0.0016528073091226067,-0.013690370985746105,0.010907210367349537,39222,119395,8646606,45385,300,1e-09,/remotenas2/remotedata/share/zebrafish/figure_code/two_column_figure/fcv_postdca_raw_recompute/data/zebrafish/sc/original_raw_data/subject_18_data_cellular_synapse_sc_100_data.pkl
18,11,T,921,3577,18,9.865384193858827e-10,0.0022449160637134265,-0.018993178135931883,-0.004488809407040074,688941,222012,8646606,45385,300,1e-09,/remotenas2/remotedata/share/zebrafish/figure_code/two_column_figure/fcv_postdca_raw_recompute/data/zebrafish/sc/original_raw_data/subject_18_data_cellular_synapse_sc_100_data.pkl
18,12,aRF,468,1167,72,9.338450010159357e-10,-0.0027347865582713813,-0.017283819144818618,0.00013188916261981898,174874,96671,8646606,45385,300,1e-09,/remotenas2/remotedata/share/zebrafish/figure_code/two_column_figure/fcv_postdca_raw_recompute/data/zebrafish/sc/original_raw_data/subject_18_data_cellular_synapse_sc_100_data.pkl
18,13,imRF,567,2154,24,6.310647138836436e-10,-0.0007238723119869256,-0.026017664495167295,0.0035430632629107517,125995,169929,8646606,45385,300,1e-09,/remotenas2/remotedata/share/zebrafish/figure_code/two_column_figure/fcv_postdca_raw_recompute/data/zebrafish/sc/original_raw_data/subject_18_data_cellular_synapse_sc_100_data.pkl
18,14,pRF,842,4555,52,7.740665578712256e-10,-0.0013440821305102926,-0.018009429300755747,0.009201011300845541,144747,513130,8646606,45385,300,1e-09,/remotenas2/remotedata/share/zebrafish/figure_code/two_column_figure/fcv_postdca_raw_recompute/data/zebrafish/sc/original_raw_data/subject_18_data_cellular_synapse_sc_100_data.pkl
18,15,GG,0,0,0,,,,,0,0,8646606,45385,300,1e-09,/remotenas2/remotedata/share/zebrafish/figure_code/two_column_figure/fcv_postdca_raw_recompute/data/zebrafish/sc/original_raw_data/subject_18_data_cellular_synapse_sc_100_data.pkl
18,16,Hb,254,395,58,7.701107504651945e-10,0.0004897378857000759,0.013175885748170977,-0.0004978782246833929,5254,18,8646606,45385,300,1e-09,/remotenas2/remotedata/share/zebrafish/figure_code/two_column_figure/fcv_postdca_raw_recompute/data/zebrafish/sc/original_raw_data/subject_18_data_cellular_synapse_sc_100_data.pkl
18,17,Hi,414,509,10,3.2190327684355615e-10,0.0019093333878058786,-0.017036730140775655,-0.00045737445750227665,31855,14181,8646606,45385,300,1e-09,/remotenas2/remotedata/share/zebrafish/figure_code/two_column_figure/fcv_postdca_raw_recompute/data/zebrafish/sc/original_raw_data/subject_18_data_cellular_synapse_sc_100_data.pkl
18,18,HR,84,70,36,7.762406267625072e-10,0.013545317703691087,-0.010386801641277971,-0.008781915713249351,18936,29161,8646606,45385,300,1e-09,/remotenas2/remotedata/share/zebrafish/figure_code/two_column_figure/fcv_postdca_raw_recompute/data/zebrafish/sc/original_raw_data/subject_18_data_cellular_synapse_sc_100_data.pkl
18,19,OG,37,13,35,9.71111373078793e-10,-0.014001223516604159,-0.0012323592211549539,0.002889772409433713,124,22,8646606,45385,300,1e-09,/remotenas2/remotedata/share/zebrafish/figure_code/two_column_figure/fcv_postdca_raw_recompute/data/zebrafish/sc/original_raw_data/subject_18_data_cellular_synapse_sc_100_data.pkl
18,20,OB,33,23,53,9.245564750452828e-10,0.010488035685496961,-3.506092575982367e-08,-4.558532430745778e-09,19,13,8646606,45385,300,1e-09,/remotenas2/remotedata/share/zebrafish/figure_code/two_column_figure/fcv_postdca_raw_recompute/data/zebrafish/sc/original_raw_data/subject_18_data_cellular_synapse_sc_100_data.pkl
18,21,OE,2,0,0,,,,,0,0,8646606,45385,300,1e-09,/remotenas2/remotedata/share/zebrafish/figure_code/two_column_figure/fcv_postdca_raw_recompute/data/zebrafish/sc/original_raw_data/subject_18_data_cellular_synapse_sc_100_data.pkl
18,22,P,785,1061,75,8.303295164297354e-10,0.0026857831545519257,0.0009609493785259244,-0.03728321355183869,9266,6062,8646606,45385,300,1e-09,/remotenas2/remotedata/share/zebrafish/figure_code/two_column_figure/fcv_postdca_raw_recompute/data/zebrafish/sc/original_raw_data/subject_18_data_cellular_synapse_sc_100_data.pkl
18,23,Pi,0,0,0,,,,,0,0,8646606,45385,300,1e-09,/remotenas2/remotedata/share/zebrafish/figure_code/two_column_figure/fcv_postdca_raw_recompute/data/zebrafish/sc/original_raw_data/subject_18_data_cellular_synapse_sc_100_data.pkl
18,24,PT,313,888,66,8.665220371581911e-10,0.000613902595141846,-0.008804326579613166,-0.008537924234328817,65838,150814,8646606,45385,300,1e-09,/remotenas2/remotedata/share/zebrafish/figure_code/two_column_figure/fcv_postdca_raw_recompute/data/zebrafish/sc/original_raw_data/subject_18_data_cellular_synapse_sc_100_data.pkl
18,25,PO,463,1034,17,3.4774395419018544e-10,0.0011124084374617622,0.008006748482011815,0.0033517057375302404,96306,55004,8646606,45385,300,1e-09,/remotenas2/remotedata/share/zebrafish/figure_code/two_column_figure/fcv_postdca_raw_recompute/data/zebrafish/sc/original_raw_data/subject_18_data_cellular_synapse_sc_100_data.pkl
18,26,PrT,303,859,21,4.759386058550404e-10,-0.005895560344635805,-0.02319452933221923,-0.0033538636489673715,70938,108728,8646606,45385,300,1e-09,/remotenas2/remotedata/share/zebrafish/figure_code/two_column_figure/fcv_postdca_raw_recompute/data/zebrafish/sc/original_raw_data/subject_18_data_cellular_synapse_sc_100_data.pkl
18,27,R,0,0,0,,,,,0,0,8646606,45385,300,1e-09,/remotenas2/remotedata/share/zebrafish/figure_code/two_column_figure/fcv_postdca_raw_recompute/data/zebrafish/sc/original_raw_data/subject_18_data_cellular_synapse_sc_100_data.pkl
18,28,SP,564,1084,212,9.448979435433039e-10,0.00040979485639247435,0.0062076087374373055,-0.03676673431316386,13147,2640,8646606,45385,300,1e-09,/remotenas2/remotedata/share/zebrafish/figure_code/two_column_figure/fcv_postdca_raw_recompute/data/zebrafish/sc/original_raw_data/subject_18_data_cellular_synapse_sc_100_data.pkl
18,29,TeO,6511,44744,23,6.937017441253097e-10,8.732569375394403e-05,-0.015079989379471895,-0.005103987718342312,746861,856746,8646606,45385,300,1e-09,/remotenas2/remotedata/share/zebrafish/figure_code/two_column_figure/fcv_postdca_raw_recompute/data/zebrafish/sc/original_raw_data/subject_18_data_cellular_synapse_sc_100_data.pkl
18,30,Th,792,1354,139,9.775480899133005e-10,0.0005516456636472578,-0.020814214686542425,-0.0005273436622652227,89756,229860,8646606,45385,300,1e-09,/remotenas2/remotedata/share/zebrafish/figure_code/two_column_figure/fcv_postdca_raw_recompute/data/zebrafish/sc/original_raw_data/subject_18_data_cellular_synapse_sc_100_data.pkl
18,31,TL,93,77,126,9.816310571992694e-10,-0.004155843217294258,-0.047934975750691625,-0.013818755661915339,6142,1169,8646606,45385,300,1e-09,/remotenas2/remotedata/share/zebrafish/figure_code/two_column_figure/fcv_postdca_raw_recompute/data/zebrafish/sc/original_raw_data/subject_18_data_cellular_synapse_sc_100_data.pkl
18,32,TS,232,387,36,6.426191312000143e-10,0.0012242061307342943,-0.011966565055276096,-0.012027137028289496,40192,67419,8646606,45385,300,1e-09,/remotenas2/remotedata/share/zebrafish/figure_code/two_column_figure/fcv_postdca_raw_recompute/data/zebrafish/sc/original_raw_data/subject_18_data_cellular_synapse_sc_100_data.pkl
18,33,TG,18,6,72,9.764624318617985e-10,9.482883023500975e-11,-0.002422711564435237,-0.00946303007541044,163,272,8646606,45385,300,1e-09,/remotenas2/remotedata/share/zebrafish/figure_code/two_column_figure/fcv_postdca_raw_recompute/data/zebrafish/sc/original_raw_data/subject_18_data_cellular_synapse_sc_100_data.pkl
18,34,VR,71,68,69,9.787015092372008e-10,0.004718636665817353,-0.0061371249385091245,-0.003777858017812171,1389,123,8646606,45385,300,1e-09,/remotenas2/remotedata/share/zebrafish/figure_code/two_column_figure/fcv_postdca_raw_recompute/data/zebrafish/sc/original_raw_data/subject_18_data_cellular_synapse_sc_100_data.pkl
18,35,NX,729,14201,31,5.411878796161311e-10,1.5745749313905336e-05,-0.006467881046693585,0.00553595291192253,93908,102402,8646606,45385,300,1e-09,/remotenas2/remotedata/share/zebrafish/figure_code/two_column_figure/fcv_postdca_raw_recompute/data/zebrafish/sc/original_raw_data/subject_18_data_cellular_synapse_sc_100_data.pkl
18,36,rMON,881,14275,14,3.714446685928204e-10,-0.008157085877101285,-0.01006682513183695,-0.0020285739505150084,203346,131490,8646606,45385,300,1e-09,/remotenas2/remotedata/share/zebrafish/figure_code/two_column_figure/fcv_postdca_raw_recompute/data/zebrafish/sc/original_raw_data/subject_18_data_cellular_synapse_sc_100_data.pkl
18,37,rCb,1991,13165,24,7.331233460077104e-10,-0.0015960380406596574,-0.017096183470709386,0.0003965805874292219,174470,146068,8646606,45385,300,1e-09,/remotenas2/remotedata/share/zebrafish/figure_code/two_column_figure/fcv_postdca_raw_recompute/data/zebrafish/sc/original_raw_data/subject_18_data_cellular_synapse_sc_100_data.pkl
18,38,rMOS1,1356,66318,14,3.286681549761843e-10,0.0016286707212597791,-0.011582957962200857,0.007104103460063054,303691,585129,8646606,45385,300,1e-09,/remotenas2/remotedata/share/zebrafish/figure_code/two_column_figure/fcv_postdca_raw_recompute/data/zebrafish/sc/original_raw_data/subject_18_data_cellular_synapse_sc_100_data.pkl
18,39,rMOS2,421,1629,14,2.220099733057247e-10,0.0011605443209420543,-0.0015536174161030472,0.010224747187637854,41199,161854,8646606,45385,300,1e-09,/remotenas2/remotedata/share/zebrafish/figure_code/two_column_figure/fcv_postdca_raw_recompute/data/zebrafish/sc/original_raw_data/subject_18_data_cellular_synapse_sc_100_data.pkl
18,40,rMOS3,1156,10202,49,9.000655409090184e-10,0.010873755106691493,-0.018250979607825124,-0.008228084669573109,566220,167758,8646606,45385,300,1e-09,/remotenas2/remotedata/share/zebrafish/figure_code/two_column_figure/fcv_postdca_raw_recompute/data/zebrafish/sc/original_raw_data/subject_18_data_cellular_synapse_sc_100_data.pkl
18,41,rMOS4,975,4275,21,6.522603037775179e-10,5.829909218765905e-05,-0.01087333753680897,-6.60905319473585e-05,247236,81427,8646606,45385,300,1e-09,/remotenas2/remotedata/share/zebrafish/figure_code/two_column_figure/fcv_postdca_raw_recompute/data/zebrafish/sc/original_raw_data/subject_18_data_cellular_synapse_sc_100_data.pkl
18,42,rMOS5,1240,23675,11,2.7908278254054516e-10,0.004719686153865076,-0.010512689342079745,-0.004764597769556648,306626,103108,8646606,45385,300,1e-09,/remotenas2/remotedata/share/zebrafish/figure_code/two_column_figure/fcv_postdca_raw_recompute/data/zebrafish/sc/original_raw_data/subject_18_data_cellular_synapse_sc_100_data.pkl
18,43,rIPN,111,142,10,4.797690604182516e-10,-0.02236537893229164,-0.007956908467174168,0.0042188714951858055,7548,14946,8646606,45385,300,1e-09,/remotenas2/remotedata/share/zebrafish/figure_code/two_column_figure/fcv_postdca_raw_recompute/data/zebrafish/sc/original_raw_data/subject_18_data_cellular_synapse_sc_100_data.pkl
18,44,rIO,38,55,43,8.503448030077774e-10,0.0040214958810980495,0.03420488244044651,-0.0016100607371327673,248,8,8646606,45385,300,1e-09,/remotenas2/remotedata/share/zebrafish/figure_code/two_column_figure/fcv_postdca_raw_recompute/data/zebrafish/sc/original_raw_data/subject_18_data_cellular_synapse_sc_100_data.pkl
18,45,rHc,75,58,114,8.96711293165164e-10,0.0009863336372916483,-0.0014701233331513334,-0.0056092850883923155,1170,4175,8646606,45385,300,1e-09,/remotenas2/remotedata/share/zebrafish/figure_code/two_column_figure/fcv_postdca_raw_recompute/data/zebrafish/sc/original_raw_data/subject_18_data_cellular_synapse_sc_100_data.pkl
18,46,rRa,192,269,20,5.674053537189223e-10,-0.004703045299117752,-0.020123763724841454,0.00580267720679294,25265,61723,8646606,45385,300,1e-09,/remotenas2/remotedata/share/zebrafish/figure_code/two_column_figure/fcv_postdca_raw_recompute/data/zebrafish/sc/original_raw_data/subject_18_data_cellular_synapse_sc_100_data.pkl
18,47,rT,979,4913,300,9.845149639631771e-08,0.002276309272499614,-0.024861602361311755,-0.0034319852380419653,513561,243354,8646606,45385,300,1e-09,/remotenas2/remotedata/share/zebrafish/figure_code/two_column_figure/fcv_postdca_raw_recompute/data/zebrafish/sc/original_raw_data/subject_18_data_cellular_synapse_sc_100_data.pkl
18,48,raRF,507,861,16,4.311631256073505e-10,-0.006782594845498073,-0.020727049277841466,-0.006111096545466297,103568,83377,8646606,45385,300,1e-09,/remotenas2/remotedata/share/zebrafish/figure_code/two_column_figure/fcv_postdca_raw_recompute/data/zebrafish/sc/original_raw_data/subject_18_data_cellular_synapse_sc_100_data.pkl
18,49,rimRF,522,2035,27,6.741580818544901e-10,0.005854714001181524,-0.026693117996108042,0.001236660940554337,109670,160303,8646606,45385,300,1e-09,/remotenas2/remotedata/share/zebrafish/figure_code/two_column_figure/fcv_postdca_raw_recompute/data/zebrafish/sc/original_raw_data/subject_18_data_cellular_synapse_sc_100_data.pkl
18,50,rpRF,834,5884,27,9.075310738578651e-10,-0.005639749112717715,-0.007269943857557441,0.008648932374412758,89152,483181,8646606,45385,300,1e-09,/remotenas2/remotedata/share/zebrafish/figure_code/two_column_figure/fcv_postdca_raw_recompute/data/zebrafish/sc/original_raw_data/subject_18_data_cellular_synapse_sc_100_data.pkl
18,51,rGG,0,0,0,,,,,0,0,8646606,45385,300,1e-09,/remotenas2/remotedata/share/zebrafish/figure_code/two_column_figure/fcv_postdca_raw_recompute/data/zebrafish/sc/original_raw_data/subject_18_data_cellular_synapse_sc_100_data.pkl
18,52,rHb,229,188,300,0.000452575435602965,-0.0016886400818886666,0.005330672736446468,-0.0004156443110190098,3217,14,8646606,45385,300,1e-09,/remotenas2/remotedata/share/zebrafish/figure_code/two_column_figure/fcv_postdca_raw_recompute/data/zebrafish/sc/original_raw_data/subject_18_data_cellular_synapse_sc_100_data.pkl
18,53,rHi,511,1172,23,7.468624001655496e-10,0.005908359750797171,-0.012113648591833602,0.005465329473176542,29284,19570,8646606,45385,300,1e-09,/remotenas2/remotedata/share/zebrafish/figure_code/two_column_figure/fcv_postdca_raw_recompute/data/zebrafish/sc/original_raw_data/subject_18_data_cellular_synapse_sc_100_data.pkl
18,54,rHR,80,102,44,7.283120780164763e-10,-0.03567889871859407,-0.018133897127212296,-0.0030489476622331856,6111,49742,8646606,45385,300,1e-09,/remotenas2/remotedata/share/zebrafish/figure_code/two_column_figure/fcv_postdca_raw_recompute/data/zebrafish/sc/original_raw_data/subject_18_data_cellular_synapse_sc_100_data.pkl
18,55,rOG,16,9,21,5.236176512167435e-10,0.013673724983111604,-1.6310963490933286e-11,0.0,1,1,8646606,45385,300,1e-09,/remotenas2/remotedata/share/zebrafish/figure_code/two_column_figure/fcv_postdca_raw_recompute/data/zebrafish/sc/original_raw_data/subject_18_data_cellular_synapse_sc_100_data.pkl
18,56,rOB,19,8,74,8.058977943932515e-10,-3.240268871931412e-11,7.677946093135198e-85,-0.006119580325557983,4,213,8646606,45385,300,1e-09,/remotenas2/remotedata/share/zebrafish/figure_code/two_column_figure/fcv_postdca_raw_recompute/data/zebrafish/sc/original_raw_data/subject_18_data_cellular_synapse_sc_100_data.pkl
18,57,rOE,0,0,0,,,,,0,0,8646606,45385,300,1e-09,/remotenas2/remotedata/share/zebrafish/figure_code/two_column_figure/fcv_postdca_raw_recompute/data/zebrafish/sc/original_raw_data/subject_18_data_cellular_synapse_sc_100_data.pkl
18,58,rP,892,1159,300,6.324719446315729e-07,-7.042732776604877e-05,0.008568707222774072,-0.016622128802373556,35609,9571,8646606,45385,300,1e-09,/remotenas2/remotedata/share/zebrafish/figure_code/two_column_figure/fcv_postdca_raw_recompute/data/zebrafish/sc/original_raw_data/subject_18_data_cellular_synapse_sc_100_data.pkl
18,59,rPi,0,0,0,,,,,0,0,8646606,45385,300,1e-09,/remotenas2/remotedata/share/zebrafish/figure_code/two_column_figure/fcv_postdca_raw_recompute/data/zebrafish/sc/original_raw_data/subject_18_data_cellular_synapse_sc_100_data.pkl
18,60,rPT,335,701,76,8.549250797069098e-10,-0.0047527150269615825,-0.009860632340924462,-0.004647053912983483,56250,104617,8646606,45385,300,1e-09,/remotenas2/remotedata/share/zebrafish/figure_code/two_column_figure/fcv_postdca_raw_recompute/data/zebrafish/sc/original_raw_data/subject_18_data_cellular_synapse_sc_100_data.pkl
18,61,rPO,477,1134,300,3.2181108610972604e-08,0.0005227160113750668,0.008451409065738517,0.0022638864366296163,143238,79631,8646606,45385,300,1e-09,/remotenas2/remotedata/share/zebrafish/figure_code/two_column_figure/fcv_postdca_raw_recompute/data/zebrafish/sc/original_raw_data/subject_18_data_cellular_synapse_sc_100_data.pkl
18,62,rPrT,414,868,13,6.019973474255629e-10,-0.005897843832721354,-0.025952060657021447,-0.0030077019088246945,133445,156176,8646606,45385,300,1e-09,/remotenas2/remotedata/share/zebrafish/figure_code/two_column_figure/fcv_postdca_raw_recompute/data/zebrafish/sc/original_raw_data/subject_18_data_cellular_synapse_sc_100_data.pkl
18,63,rR,0,0,0,,,,,0,0,8646606,45385,300,1e-09,/remotenas2/remotedata/share/zebrafish/figure_code/two_column_figure/fcv_postdca_raw_recompute/data/zebrafish/sc/original_raw_data/subject_18_data_cellular_synapse_sc_100_data.pkl
18,64,rSP,564,1206,64,9.759525196815857e-10,0.0003330883247405389,0.004763831860393709,0.00848620042043756,5708,695,8646606,45385,300,1e-09,/remotenas2/remotedata/share/zebrafish/figure_code/two_column_figure/fcv_postdca_raw_recompute/data/zebrafish/sc/original_raw_data/subject_18_data_cellular_synapse_sc_100_data.pkl
18,65,rTeO,5927,30883,300,2.0429543757088225e-05,-0.0001859322857797535,-0.023874262794331528,-0.004112923866078875,548706,996372,8646606,45385,300,1e-09,/remotenas2/remotedata/share/zebrafish/figure_code/two_column_figure/fcv_postdca_raw_recompute/data/zebrafish/sc/original_raw_data/subject_18_data_cellular_synapse_sc_100_data.pkl
18,66,rTh,1070,3815,25,4.56079138355459e-10,0.0015804634940675515,-0.014370460367071916,-0.0018861478868911657,179877,257525,8646606,45385,300,1e-09,/remotenas2/remotedata/share/zebrafish/figure_code/two_column_figure/fcv_postdca_raw_recompute/data/zebrafish/sc/original_raw_data/subject_18_data_cellular_synapse_sc_100_data.pkl
18,67,rTL,69,63,47,7.228911632084739e-10,-0.0013767555800379549,-0.03854482555387864,-0.017558759987595762,2755,1285,8646606,45385,300,1e-09,/remotenas2/remotedata/share/zebrafish/figure_code/two_column_figure/fcv_postdca_raw_recompute/data/zebrafish/sc/original_raw_data/subject_18_data_cellular_synapse_sc_100_data.pkl
18,68,rTS,217,127,87,8.933145431007425e-10,0.0028667786228784614,-0.02070109907092135,-0.011140184654555484,13632,4085,8646606,45385,300,1e-09,/remotenas2/remotedata/share/zebrafish/figure_code/two_column_figure/fcv_postdca_raw_recompute/data/zebrafish/sc/original_raw_data/subject_18_data_cellular_synapse_sc_100_data.pkl
18,69,rTG,17,7,22,8.575612573782229e-10,1.1908412164859448e-11,-0.010568775715967026,0.0,77,2,8646606,45385,300,1e-09,/remotenas2/remotedata/share/zebrafish/figure_code/two_column_figure/fcv_postdca_raw_recompute/data/zebrafish/sc/original_raw_data/subject_18_data_cellular_synapse_sc_100_data.pkl
18,70,rVR,65,57,300,1.2496918693166809e-09,0.006255826240066804,-0.0012427422096966583,0.00042041492593306663,1246,67,8646606,45385,300,1e-09,/remotenas2/remotedata/share/zebrafish/figure_code/two_column_figure/fcv_postdca_raw_recompute/data/zebrafish/sc/original_raw_data/subject_18_data_cellular_synapse_sc_100_data.pkl
18,71,rNX,710,11246,22,6.277451581974542e-10,-0.00013897380615794408,-0.032162954542866495,0.00782608784822029,34994,71672,8646606,45385,300,1e-09,/remotenas2/remotedata/share/zebrafish/figure_code/two_column_figure/fcv_postdca_raw_recompute/data/zebrafish/sc/original_raw_data/subject_18_data_cellular_synapse_sc_100_data.pkl
