species,node_i,node_j,profile_corr
C. elegans,ADAL,ADAR,0.9722606670612961
C. elegans,ADAL,ADEL,0.9815366216373062
C. elegans,ADAL,ADER,0.9487307936818586
C. elegans,ADAL,ADLL,0.7964878746972428
C. elegans,ADAL,ADLR,0.43793179530831
C. elegans,ADAL,AIBL,-0.9772421455483321
C. elegans,ADAL,AIBR,-0.9720953521567116
C. elegans,ADAL,AIML,-0.31899922477361115
C. elegans,ADAL,AIMR,-0.5208111602746457
C. elegans,ADAL,AINL,0.30082292398558763
C. elegans,ADAL,AINR,0.6651922358788745
C. elegans,ADAL,AIYL,0.7809583712505487
C. elegans,ADAL,AIYR,0.04557591448883543
C. elegans,ADAL,AIZL,0.9671397275062119
C. elegans,ADAL,AIZR,0.981203358156302
C. elegans,ADAL,ALA,0.8349692921323706
C. elegans,ADAL,AQR,0.2545094793315599
C. elegans,ADAL,ASEL,-0.04977158219985975
C. elegans,ADAL,ASER,0.3331406869619654
C. elegans,ADAL,ASGL,-0.8126295637101578
C. elegans,ADAL,ASGR,-0.8604581378996536
C. elegans,ADAL,ASHL,0.29823247562426075
C. elegans,ADAL,ASIL,0.18210480541189866
C. elegans,ADAL,ASIR,0.3317281224190164
C. elegans,ADAL,ASKL,0.5241745424575064
C. elegans,ADAL,ASKR,0.7659750340258988
C. elegans,ADAL,AUAL,-0.2747870197981731
C. elegans,ADAL,AUAR,-0.641981615164386
C. elegans,ADAL,AVAL,-0.8800471464090519
C. elegans,ADAL,AVAR,-0.8736762798626851
C. elegans,ADAL,AVBL,-0.990748444457347
C. elegans,ADAL,AVBR,-0.6663087813850246
C. elegans,ADAL,AVDL,0.9062388264232837
C. elegans,ADAL,AVDR,0.903050341500054
C. elegans,ADAL,AVEL,-0.9164826357869749
C. elegans,ADAL,AVER,-0.9497152903779069
C. elegans,ADAL,AVHL,0.9933882824760685
C. elegans,ADAL,AVJL,0.8286246149137416
C. elegans,ADAL,AVJR,0.9168254620623205
C. elegans,ADAL,AVKL,-0.022836731021462636
C. elegans,ADAL,AVKR,0.18864951007953093
C. elegans,ADAL,AVL,0.3066074674234761
C. elegans,ADAL,AWAL,-0.347660611627282
C. elegans,ADAL,AWAR,0.7338540693116146
C. elegans,ADAL,AWBL,0.46467591726085206
C. elegans,ADAL,AWBR,0.9832528990468243
C. elegans,ADAL,AWCL,0.409195202846695
C. elegans,ADAL,AWCR,0.8443468272451919
C. elegans,ADAL,BAGL,-0.9884409690172284
C. elegans,ADAL,CEPDL,0.5440597810881574
C. elegans,ADAL,CEPDR,0.9331879029986316
C. elegans,ADAL,CEPVL,0.08242653837317418
C. elegans,ADAL,CEPVR,0.7572858538892735
C. elegans,ADAL,FLPL,0.9564391544427276
C. elegans,ADAL,FLPR,0.9327459585002069
C. elegans,ADAL,IL1DL,-0.02982630520090207
C. elegans,ADAL,IL1DR,-0.5681593315781626
C. elegans,ADAL,IL1L,-0.31107027541374305
C. elegans,ADAL,IL1R,-0.973357077121453
C. elegans,ADAL,IL1VL,0.6439728827430097
C. elegans,ADAL,IL1VR,-0.959906261221442
C. elegans,ADAL,IL2DL,0.9569441640436954
C. elegans,ADAL,IL2DR,0.910001913083034
C. elegans,ADAL,IL2L,0.9998065394138335
C. elegans,ADAL,IL2R,0.5132490840766061
C. elegans,ADAL,IL2VL,0.9975907888818262
C. elegans,ADAL,IL2VR,0.9268321185993207
C. elegans,ADAL,OLLL,-0.4596360665514355
C. elegans,ADAL,OLLR,-0.35174866181044434
C. elegans,ADAL,OLQDL,-0.6077948961770594
C. elegans,ADAL,OLQDR,-0.15210741979671197
C. elegans,ADAL,OLQVL,-0.5493968711065749
C. elegans,ADAL,OLQVR,-0.33427209234001115
C. elegans,ADAL,RIAL,0.9942184471503994
C. elegans,ADAL,RIAR,0.9668824968365599
C. elegans,ADAL,RIBL,-0.9950931131370385
C. elegans,ADAL,RIBR,-0.9479351919470731
C. elegans,ADAL,RICL,0.4728342470713683
C. elegans,ADAL,RICR,0.8008667442424069
C. elegans,ADAL,RID,-0.9330400429138527
C. elegans,ADAL,RIH,-0.23508200677697713
C. elegans,ADAL,RIML,-0.9043235802146469
C. elegans,ADAL,RIMR,-0.874935477082304
C. elegans,ADAL,RIR,0.1414249061964291
C. elegans,ADAL,RIS,-0.8368834314453762
C. elegans,ADAL,RIVL,-0.5677458185931339
C. elegans,ADAL,RIVR,-0.5644662853348182
C. elegans,ADAL,RMDDL,0.0230494619488384
C. elegans,ADAL,RMDDR,0.8856964342071834
C. elegans,ADAL,RMDL,-0.7143178810219163
C. elegans,ADAL,RMDR,-0.04091773521360692
C. elegans,ADAL,RMDVL,0.1465203441311839
C. elegans,ADAL,RMDVR,0.8534544300667564
C. elegans,ADAL,RMED,-0.5344697183006621
C. elegans,ADAL,RMEL,-0.9654027438365582
C. elegans,ADAL,RMER,-0.9727539808721317
C. elegans,ADAL,RMEV,-0.808518682751246
C. elegans,ADAL,RMGL,0.9180032864435822
C. elegans,ADAL,SAADL,-0.425793162813623
C. elegans,ADAL,SAADR,0.10490824614537637
C. elegans,ADAL,SAAVL,0.31488098793234964
C. elegans,ADAL,SAAVR,0.21371183482552455
C. elegans,ADAL,SMBVR,-0.5410196847219003
C. elegans,ADAL,SMDDL,-0.7932692113024491
C. elegans,ADAL,SMDDR,-0.580549398018587
C. elegans,ADAL,SMDVL,-0.9234466028640151
C. elegans,ADAL,SMDVR,-0.4122120308328391
C. elegans,ADAL,URADL,0.8826372750955952
C. elegans,ADAL,URADR,0.9849599065462545
C. elegans,ADAL,URAVL,0.7108095255007651
C. elegans,ADAL,URAVR,0.8669139146923068
C. elegans,ADAL,URBL,0.2665854243925245
C. elegans,ADAL,URBR,0.7387257294817797
C. elegans,ADAL,URXL,-0.7139420541415973
C. elegans,ADAL,URXR,0.3567418300135262
C. elegans,ADAL,URYDL,-0.8191430593676327
C. elegans,ADAL,URYDR,0.2369505503467348
C. elegans,ADAL,URYVL,-0.9627790351879819
C. elegans,ADAL,URYVR,0.5745523575546503
C. elegans,ADAR,ADEL,0.9256025569213607
C. elegans,ADAR,ADER,0.9486406728545922
C. elegans,ADAR,ADLL,0.8514135124465286
C. elegans,ADAR,ADLR,0.6322066636619347
C. elegans,ADAR,AIBL,-0.991862682898845
C. elegans,ADAR,AIBR,-0.9843426395929241
C. elegans,ADAR,AIML,-0.16758108819192902
C. elegans,ADAR,AIMR,-0.48827378212098194
C. elegans,ADAR,AINL,0.43874801679283104
C. elegans,ADAR,AINR,0.5688144393156095
C. elegans,ADAR,AIYL,0.6665251230002371
C. elegans,ADAR,AIYR,-0.030449882024430407
C. elegans,ADAR,AIZL,0.9344130568487191
C. elegans,ADAR,AIZR,0.9112939537903767
C. elegans,ADAR,ALA,0.8501080912841389
C. elegans,ADAR,AQR,0.07421524462024713
C. elegans,ADAR,ASEL,0.13267941264995026
C. elegans,ADAR,ASER,0.5369172973532361
C. elegans,ADAR,ASGL,-0.7952678847090997
C. elegans,ADAR,ASGR,-0.9310955355464575
C. elegans,ADAR,ASHL,0.5121041383108919
C. elegans,ADAR,ASIL,0.371908468797707
C. elegans,ADAR,ASIR,0.4040702553218157
C. elegans,ADAR,ASKL,0.6983986573949401
C. elegans,ADAR,ASKR,0.848919426441261
C. elegans,ADAR,AUAL,-0.398613137514619
C. elegans,ADAR,AUAR,-0.6106212695418457
C. elegans,ADAR,AVAL,-0.9015498892910658
C. elegans,ADAR,AVAR,-0.9025354365672169
C. elegans,ADAR,AVBL,-0.9727925324938008
C. elegans,ADAR,AVBR,-0.7328580754244491
C. elegans,ADAR,AVDL,0.788358694935529
C. elegans,ADAR,AVDR,0.7869079592616328
C. elegans,ADAR,AVEL,-0.9725657183878726
C. elegans,ADAR,AVER,-0.9462786258918192
C. elegans,ADAR,AVHL,0.9814231559205235
C. elegans,ADAR,AVJL,0.6787945874043152
C. elegans,ADAR,AVJR,0.7983597303164561
C. elegans,ADAR,AVKL,0.10350065090373
C. elegans,ADAR,AVKR,0.25796605957400276
C. elegans,ADAR,AVL,0.34172108444747057
C. elegans,ADAR,AWAL,-0.29613507990039056
C. elegans,ADAR,AWAR,0.7030530012302371
C. elegans,ADAR,AWBL,0.5512856013209044
C. elegans,ADAR,AWBR,0.9168692607466332
C. elegans,ADAR,AWCL,0.5381277736615855
C. elegans,ADAR,AWCR,0.92069915976321
C. elegans,ADAR,BAGL,-0.9316244957209201
C. elegans,ADAR,CEPDL,0.4702856579750206
C. elegans,ADAR,CEPDR,0.844580351764455
C. elegans,ADAR,CEPVL,-0.09747723160080662
C. elegans,ADAR,CEPVR,0.6841643450477813
C. elegans,ADAR,FLPL,0.97428201584438
C. elegans,ADAR,FLPR,0.8251669837586239
C. elegans,ADAR,IL1DL,-0.15393319597649596
C. elegans,ADAR,IL1DR,-0.6277848945212817
C. elegans,ADAR,IL1L,-0.28254401299273285
C. elegans,ADAR,IL1R,-0.9491571867160709
C. elegans,ADAR,IL1VL,0.714397863361369
C. elegans,ADAR,IL1VR,-0.8807330271859476
C. elegans,ADAR,IL2DL,0.9949983518514681
C. elegans,ADAR,IL2DR,0.8801123803090192
C. elegans,ADAR,IL2L,0.9731005183604212
C. elegans,ADAR,IL2R,0.5528994443177191
C. elegans,ADAR,IL2VL,0.9540127320521725
C. elegans,ADAR,IL2VR,0.9672729707001059
C. elegans,ADAR,OLLL,-0.42175384050387416
C. elegans,ADAR,OLLR,-0.3237546620285383
C. elegans,ADAR,OLQDL,-0.5222970279657847
C. elegans,ADAR,OLQDR,-0.13912180244631261
C. elegans,ADAR,OLQVL,-0.4329145475394043
C. elegans,ADAR,OLQVR,-0.2948232277799522
C. elegans,ADAR,RIAL,0.9589940053296209
C. elegans,ADAR,RIAR,0.899617177664936
C. elegans,ADAR,RIBL,-0.9665828297942906
C. elegans,ADAR,RIBR,-0.8673270884095714
C. elegans,ADAR,RICL,0.41908098257681486
C. elegans,ADAR,RICR,0.7133535052124719
C. elegans,ADAR,RID,-0.9067743218303004
C. elegans,ADAR,RIH,-0.02016529486518914
C. elegans,ADAR,RIML,-0.865159260730304
C. elegans,ADAR,RIMR,-0.8043819870351104
C. elegans,ADAR,RIR,0.3624241659020871
C. elegans,ADAR,RIS,-0.7259409358992679
C. elegans,ADAR,RIVL,-0.38808788468383604
C. elegans,ADAR,RIVR,-0.39029243370565403
C. elegans,ADAR,RMDDL,-0.1945725091340989
C. elegans,ADAR,RMDDR,0.7654423999020489
C. elegans,ADAR,RMDL,-0.611623767792139
C. elegans,ADAR,RMDR,-0.028190092912663462
C. elegans,ADAR,RMDVL,-0.08676347476668586
C. elegans,ADAR,RMDVR,0.7133302676666062
C. elegans,ADAR,RMED,-0.39626774735128856
C. elegans,ADAR,RMEL,-0.8794848392299399
C. elegans,ADAR,RMER,-0.9646368947895423
C. elegans,ADAR,RMEV,-0.7485698362137254
C. elegans,ADAR,RMGL,0.862676805845566
C. elegans,ADAR,SAADL,-0.5093062491863125
C. elegans,ADAR,SAADR,0.20790125431490014
C. elegans,ADAR,SAAVL,0.4579856537806336
C. elegans,ADAR,SAAVR,0.20112154661614515
C. elegans,ADAR,SMBVR,-0.3346667972933465
C. elegans,ADAR,SMDDL,-0.8343617125002415
C. elegans,ADAR,SMDDR,-0.5210058108766296
C. elegans,ADAR,SMDVL,-0.8328949317583719
C. elegans,ADAR,SMDVR,-0.18796995843499192
C. elegans,ADAR,URADL,0.7488480954124459
C. elegans,ADAR,URADR,0.9219911351838663
C. elegans,ADAR,URAVL,0.575258986943628
C. elegans,ADAR,URAVR,0.8381271172751177
C. elegans,ADAR,URBL,0.12879687957401836
C. elegans,ADAR,URBR,0.7526154210134428
C. elegans,ADAR,URXL,-0.8442755505927879
C. elegans,ADAR,URXR,0.12865604221197102
C. elegans,ADAR,URYDL,-0.8763961840632645
C. elegans,ADAR,URYDR,0.17532287247747355
C. elegans,ADAR,URYVL,-0.9543510870010061
C. elegans,ADAR,URYVR,0.36948475789346386
C. elegans,ADEL,ADER,0.9608081688589194
C. elegans,ADEL,ADLL,0.8157674388374802
C. elegans,ADEL,ADLR,0.3466717279411946
C. elegans,ADEL,AIBL,-0.9204670965891741
C. elegans,ADEL,AIBR,-0.9094987065897138
C. elegans,ADEL,AIML,-0.2814459196996336
C. elegans,ADEL,AIMR,-0.3959633159578472
C. elegans,ADEL,AINL,0.3241513330637653
C. elegans,ADEL,AINR,0.7918326450522357
C. elegans,ADEL,AIYL,0.8860015023504838
C. elegans,ADEL,AIYR,0.22281300673072638
C. elegans,ADEL,AIZL,0.9152627577333035
C. elegans,ADEL,AIZR,0.9762953059314792
C. elegans,ADEL,ALA,0.87653132489594
C. elegans,ADEL,AQR,0.43193768940643323
C. elegans,ADEL,ASEL,-0.05128283406953097
C. elegans,ADEL,ASER,0.25103237353475466
C. elegans,ADEL,ASGL,-0.7094715489243979
C. elegans,ADEL,ASGR,-0.7494416668230518
C. elegans,ADEL,ASHL,0.19011864847597232
C. elegans,ADEL,ASIL,0.15312826611685276
C. elegans,ADEL,ASIR,0.41141767750609837
C. elegans,ADEL,ASKL,0.45534164688872353
C. elegans,ADEL,ASKR,0.7651627239455798
C. elegans,ADEL,AUAL,-0.0862841461949104
C. elegans,ADEL,AUAR,-0.5250782614581808
C. elegans,ADEL,AVAL,-0.7762680305259595
C. elegans,ADEL,AVAR,-0.7665570718346376
C. elegans,ADEL,AVBL,-0.9484651099627154
C. elegans,ADEL,AVBR,-0.5138746716746511
C. elegans,ADEL,AVDL,0.9596901343255938
C. elegans,ADEL,AVDR,0.9607560992815539
C. elegans,ADEL,AVEL,-0.8279583662563436
C. elegans,ADEL,AVER,-0.8765291129257419
C. elegans,ADEL,AVHL,0.9531534758295418
C. elegans,ADEL,AVJL,0.9002584711757916
C. elegans,ADEL,AVJR,0.9435765498392863
C. elegans,ADEL,AVKL,0.035299774484674994
C. elegans,ADEL,AVKR,0.28232243395093953
C. elegans,ADEL,AVL,0.4149933430605173
C. elegans,ADEL,AWAL,-0.22819412758977525
C. elegans,ADEL,AWAR,0.8252283615653564
C. elegans,ADEL,AWBL,0.5178205253962277
C. elegans,ADEL,AWBR,0.9962566101900924
C. elegans,ADEL,AWCL,0.42891233291489145
C. elegans,ADEL,AWCR,0.8239695268945612
C. elegans,ADEL,BAGL,-0.9731787475458477
C. elegans,ADEL,CEPDL,0.4473442166523559
C. elegans,ADEL,CEPDR,0.9137658339079199
C. elegans,ADEL,CEPVL,0.07941720090469125
C. elegans,ADEL,CEPVR,0.6805860576043534
C. elegans,ADEL,FLPL,0.8829442359282397
C. elegans,ADEL,FLPR,0.9714876790355568
C. elegans,ADEL,IL1DL,-0.08766880311028716
C. elegans,ADEL,IL1DR,-0.6291958203300607
C. elegans,ADEL,IL1L,-0.4546357955007282
C. elegans,ADEL,IL1R,-0.9875093541363668
C. elegans,ADEL,IL1VL,0.48813081014471577
C. elegans,ADEL,IL1VR,-0.9943525562245413
C. elegans,ADEL,IL2DL,0.9184855239385087
C. elegans,ADEL,IL2DR,0.9563937069222992
C. elegans,ADEL,IL2L,0.9779946771990761
C. elegans,ADEL,IL2R,0.5967850959317927
C. elegans,ADEL,IL2VL,0.9895315589761537
C. elegans,ADEL,IL2VR,0.9112424319584808
C. elegans,ADEL,OLLL,-0.5936711205230909
C. elegans,ADEL,OLLR,-0.4916774236863652
C. elegans,ADEL,OLQDL,-0.7408409867838748
C. elegans,ADEL,OLQDR,-0.29879409144456004
C. elegans,ADEL,OLQVL,-0.6972293533583234
C. elegans,ADEL,OLQVR,-0.4809003850382597
C. elegans,ADEL,RIAL,0.9648683530624661
C. elegans,ADEL,RIAR,0.9977924150268769
C. elegans,ADEL,RIBL,-0.9626918589775506
C. elegans,ADEL,RIBR,-0.9269584228487833
C. elegans,ADEL,RICL,0.612160242735981
C. elegans,ADEL,RICR,0.8980665590884168
C. elegans,ADEL,RID,-0.8632338920568807
C. elegans,ADEL,RIH,-0.39708478096825894
C. elegans,ADEL,RIML,-0.8330185861304017
C. elegans,ADEL,RIMR,-0.818227777746853
C. elegans,ADEL,RIR,0.055289589375722564
C. elegans,ADEL,RIS,-0.9259542356025946
C. elegans,ADEL,RIVL,-0.7066412096807834
C. elegans,ADEL,RIVR,-0.7063579769819078
C. elegans,ADEL,RMDDL,0.1911535405100913
C. elegans,ADEL,RMDDR,0.9517566165638788
C. elegans,ADEL,RMDL,-0.8331528650407901
C. elegans,ADEL,RMDR,-0.19264843887209387
C. elegans,ADEL,RMDVL,0.24432440946029813
C. elegans,ADEL,RMDVR,0.8761916066794744
C. elegans,ADEL,RMED,-0.6862226934430157
C. elegans,ADEL,RMEL,-0.9879703003241208
C. elegans,ADEL,RMER,-0.9767816444638961
C. elegans,ADEL,RMEV,-0.8963416615810785
C. elegans,ADEL,RMGL,0.9718053744227856
C. elegans,ADEL,SAADL,-0.24939741076868574
C. elegans,ADEL,SAADR,0.1773010421621289
C. elegans,ADEL,SAAVL,0.330976176665395
C. elegans,ADEL,SAAVR,0.356518012429239
C. elegans,ADEL,SMBVR,-0.6028092031331939
C. elegans,ADEL,SMDDL,-0.6654346518670151
C. elegans,ADEL,SMDDR,-0.7089274002796782
C. elegans,ADEL,SMDVL,-0.9793323068066985
C. elegans,ADEL,SMDVR,-0.5233059047127232
C. elegans,ADEL,URADL,0.9311273434456002
C. elegans,ADEL,URADR,0.9974222737054372
C. elegans,ADEL,URAVL,0.8317455110290772
C. elegans,ADEL,URAVR,0.9264611347672944
C. elegans,ADEL,URBL,0.2147385357281407
C. elegans,ADEL,URBR,0.6105447533429366
C. elegans,ADEL,URXL,-0.6630229053211018
C. elegans,ADEL,URXR,0.4720584972378111
C. elegans,ADEL,URYDL,-0.8296180356875734
C. elegans,ADEL,URYDR,0.12318155578620804
C. elegans,ADEL,URYVL,-0.9733713364592302
C. elegans,ADEL,URYVR,0.6445882460774832
C. elegans,ADER,ADLL,0.9424456018576317
C. elegans,ADER,ADLR,0.5650775438914395
C. elegans,ADER,AIBL,-0.9132290271572132
C. elegans,ADER,AIBR,-0.89256198012115
C. elegans,ADER,AIML,-0.019818877648376136
C. elegans,ADER,AIMR,-0.2341906651873616
C. elegans,ADER,AINL,0.5683088940715454
C. elegans,ADER,AINR,0.7912108068537401
C. elegans,ADER,AIYL,0.8390350450080216
C. elegans,ADER,AIYR,0.2871006690277469
C. elegans,ADER,AIZL,0.8399612585526391
C. elegans,ADER,AIZR,0.8919140445260753
C. elegans,ADER,ALA,0.965783418805404
C. elegans,ADER,AQR,0.3421856581881428
C. elegans,ADER,ASEL,0.2260794120646191
C. elegans,ADER,ASER,0.49032929047636736
C. elegans,ADER,ASGL,-0.6013463173762257
C. elegans,ADER,ASGR,-0.7699107190220483
C. elegans,ADER,ASHL,0.4175487444091416
C. elegans,ADER,ASIL,0.42054410787028956
C. elegans,ADER,ASIR,0.6128699735680486
C. elegans,ADER,ASKL,0.6681537162989978
C. elegans,ADER,ASKR,0.9136362041276115
C. elegans,ADER,AUAL,-0.09315207568534939
C. elegans,ADER,AUAR,-0.3766314727047142
C. elegans,ADER,AVAL,-0.7291478931970372
C. elegans,ADER,AVAR,-0.7271691743898115
C. elegans,ADER,AVBL,-0.9062630338006604
C. elegans,ADER,AVBR,-0.48050665888016747
C. elegans,ADER,AVDL,0.8586681357101354
C. elegans,ADER,AVDR,0.8666287358427133
C. elegans,ADER,AVEL,-0.850481818020536
C. elegans,ADER,AVER,-0.8241147578169834
C. elegans,ADER,AVHL,0.9223089875885567
C. elegans,ADER,AVJL,0.7663783611315693
C. elegans,ADER,AVJR,0.8148718825971369
C. elegans,ADER,AVKL,0.28772603311065187
C. elegans,ADER,AVKR,0.4892274329559756
C. elegans,ADER,AVL,0.587641124026303
C. elegans,ADER,AWAL,-0.037765117259414165
C. elegans,ADER,AWAR,0.8915432006948171
C. elegans,ADER,AWBL,0.7180603466887381
C. elegans,ADER,AWBR,0.935520773273036
C. elegans,ADER,AWCL,0.6586837127531164
C. elegans,ADER,AWCR,0.9447048976460943
C. elegans,ADER,BAGL,-0.8986164782902109
C. elegans,ADER,CEPDL,0.2514172391575314
C. elegans,ADER,CEPDR,0.7845632166263921
C. elegans,ADER,CEPVL,-0.1976852290472149
C. elegans,ADER,CEPVR,0.5120519899858821
C. elegans,ADER,FLPL,0.8631022518632916
C. elegans,ADER,FLPR,0.8721272073863172
C. elegans,ADER,IL1DL,-0.3378730277006475
C. elegans,ADER,IL1DR,-0.7989367962104134
C. elegans,ADER,IL1L,-0.5653220696216285
C. elegans,ADER,IL1R,-0.99246687808699
C. elegans,ADER,IL1VL,0.4566227575219066
C. elegans,ADER,IL1VR,-0.9350522446448757
C. elegans,ADER,IL2DL,0.9652517846543669
C. elegans,ADER,IL2DR,0.9835057026553193
C. elegans,ADER,IL2L,0.9433741427128122
C. elegans,ADER,IL2R,0.75709298561579
C. elegans,ADER,IL2VL,0.942876643010977
C. elegans,ADER,IL2VR,0.9840147036542493
C. elegans,ADER,OLLL,-0.6845555179105557
C. elegans,ADER,OLLR,-0.6006533244164787
C. elegans,ADER,OLQDL,-0.7617947418201904
C. elegans,ADER,OLQDR,-0.4319858605018603
C. elegans,ADER,OLQVL,-0.6839116466444666
C. elegans,ADER,OLQVR,-0.5785744375850516
C. elegans,ADER,RIAL,0.9093538054596347
C. elegans,ADER,RIAR,0.9533990643820901
C. elegans,ADER,RIBL,-0.9144226969011326
C. elegans,ADER,RIBR,-0.8088898835768803
C. elegans,ADER,RICL,0.6844044553706438
C. elegans,ADER,RICR,0.8850715770904528
C. elegans,ADER,RID,-0.7786980090788066
C. elegans,ADER,RIH,-0.2379368176401508
C. elegans,ADER,RIML,-0.726325346812625
C. elegans,ADER,RIMR,-0.6772774588554664
C. elegans,ADER,RIR,0.3114901759789641
C. elegans,ADER,RIS,-0.8697445769070222
C. elegans,ADER,RIVL,-0.5877189236670576
C. elegans,ADER,RIVR,-0.5988072693058489
C. elegans,ADER,RMDDL,0.027986639669076864
C. elegans,ADER,RMDDR,0.859291694333926
C. elegans,ADER,RMDL,-0.8163109066806281
C. elegans,ADER,RMDR,-0.32817971150829783
C. elegans,ADER,RMDVL,-0.010694512800423038
C. elegans,ADER,RMDVR,0.7083306247528148
C. elegans,ADER,RMED,-0.6430860958982231
C. elegans,ADER,RMEL,-0.9064144468589745
C. elegans,ADER,RMER,-0.9961608461655441
C. elegans,ADER,RMEV,-0.9164027273765322
C. elegans,ADER,RMGL,0.967581795002729
C. elegans,ADER,SAADL,-0.2109204987723053
C. elegans,ADER,SAADR,0.4119691612125446
C. elegans,ADER,SAAVL,0.5761553362766847
C. elegans,ADER,SAAVR,0.48813904913688744
C. elegans,ADER,SMBVR,-0.36389282713609383
C. elegans,ADER,SMDDL,-0.621532972936787
C. elegans,ADER,SMDDR,-0.7642440241704983
C. elegans,ADER,SMDVL,-0.923258116100485
C. elegans,ADER,SMDVR,-0.303243432518108
C. elegans,ADER,URADL,0.7999564449467109
C. elegans,ADER,URADR,0.9414325777683414
C. elegans,ADER,URAVL,0.766454424605049
C. elegans,ADER,URAVR,0.9673826095313716
C. elegans,ADER,URBL,-0.041943777268157824
C. elegans,ADER,URBR,0.5229407529680636
C. elegans,ADER,URXL,-0.8319902289980314
C. elegans,ADER,URXR,0.24879100889036374
C. elegans,ADER,URYDL,-0.9515872413195685
C. elegans,ADER,URYDR,-0.08014856984018764
C. elegans,ADER,URYVL,-0.9986474981975639
C. elegans,ADER,URYVR,0.41696891534047453
C. elegans,ADLL,ADLR,0.7263101347365528
C. elegans,ADLL,AIBL,-0.7789088448777174
C. elegans,ADLL,AIBR,-0.7462515586960738
C. elegans,ADLL,AIML,0.31467767753940723
C. elegans,ADLL,AIMR,0.04178830873973733
C. elegans,ADLL,AINL,0.8106669927341653
C. elegans,ADLL,AINR,0.7589889690132541
C. elegans,ADLL,AIYL,0.7361052461179323
C. elegans,ADLL,AIYR,0.41102015386889545
C. elegans,ADLL,AIZL,0.6337115872000124
C. elegans,ADLL,AIZR,0.6896385934349538
C. elegans,ADLL,ALA,0.9853917517717119
C. elegans,ADLL,AQR,0.2741869815569415
C. elegans,ADLL,ASEL,0.5352966097611918
C. elegans,ADLL,ASER,0.6890387577140228
C. elegans,ADLL,ASGL,-0.3592114032300245
C. elegans,ADLL,ASGR,-0.6609678547264409
C. elegans,ADLL,ASHL,0.5985151551605333
C. elegans,ADLL,ASIL,0.6842511320622927
C. elegans,ADLL,ASIR,0.8235599066970278
C. elegans,ADLL,ASKL,0.8211420503560908
C. elegans,ADLL,ASKR,0.9918358724403589
C. elegans,ADLL,AUAL,-0.008272495549151252
C. elegans,ADLL,AUAR,-0.10453849420461302
C. elegans,ADLL,AVAL,-0.546295666982497
C. elegans,ADLL,AVAR,-0.5523991083772632
C. elegans,ADLL,AVBL,-0.736880763257307
C. elegans,ADLL,AVBR,-0.32024810551194877
C. elegans,ADLL,AVDL,0.6656367151953076
C. elegans,ADLL,AVDR,0.6829136104748205
C. elegans,ADLL,AVEL,-0.7450344241312831
C. elegans,ADLL,AVER,-0.6378646841725704
C. elegans,ADLL,AVHL,0.7657690259014844
C. elegans,ADLL,AVJL,0.5518504080017114
C. elegans,ADLL,AVJR,0.5815080926326963
C. elegans,ADLL,AVKL,0.5862865889160243
C. elegans,ADLL,AVKR,0.7262711877459704
C. elegans,ADLL,AVL,0.7789632620203459
C. elegans,ADLL,AWAL,0.24879593098911248
C. elegans,ADLL,AWAR,0.9135526586666308
C. elegans,ADLL,AWBL,0.9040227525657519
C. elegans,ADLL,AWBR,0.7648601140776542
C. elegans,ADLL,AWCL,0.8721318602483513
C. elegans,ADLL,AWCR,0.9773953986743014
C. elegans,ADLL,BAGL,-0.7029006651221331
C. elegans,ADLL,CEPDL,-0.055312512740557866
C. elegans,ADLL,CEPDR,0.5336298429920465
C. elegans,ADLL,CEPVL,-0.5117053089965348
C. elegans,ADLL,CEPVR,0.21847524704833485
C. elegans,ADLL,FLPL,0.711737459533716
C. elegans,ADLL,FLPR,0.6731489879486693
C. elegans,ADLL,IL1DL,-0.6280973436145023
C. elegans,ADLL,IL1DR,-0.9426462271436158
C. elegans,ADLL,IL1L,-0.6997852137330548
C. elegans,ADLL,IL1R,-0.8953325361985894
C. elegans,ADLL,IL1VL,0.299741740425762
C. elegans,ADLL,IL1VR,-0.7756067570777622
C. elegans,ADLL,IL2DL,0.8984418148307063
C. elegans,ADLL,IL2DR,0.9282796303130197
C. elegans,ADLL,IL2L,0.7880582229579175
C. elegans,ADLL,IL2R,0.903921932951854
C. elegans,ADLL,IL2VL,0.7791380896127306
C. elegans,ADLL,IL2VR,0.9565862308869391
C. elegans,ADLL,OLLL,-0.7777889156813861
C. elegans,ADLL,OLLR,-0.7275599201146816
C. elegans,ADLL,OLQDL,-0.7616738594370942
C. elegans,ADLL,OLQDR,-0.6096769647090137
C. elegans,ADLL,OLQVL,-0.6575073411686299
C. elegans,ADLL,OLQVR,-0.6972182106094205
C. elegans,ADLL,RIAL,0.7292504733260348
C. elegans,ADLL,RIAR,0.8083703242743949
C. elegans,ADLL,RIBL,-0.741164491346934
C. elegans,ADLL,RIBR,-0.5680319639211017
C. elegans,ADLL,RICL,0.757481935731536
C. elegans,ADLL,RICR,0.814625403603678
C. elegans,ADLL,RID,-0.5601659740693664
C. elegans,ADLL,RIH,-0.09087490529419393
C. elegans,ADLL,RIML,-0.48615913090530954
C. elegans,ADLL,RIMR,-0.4075851603097485
C. elegans,ADLL,RIR,0.5485352284883163
C. elegans,ADLL,RIS,-0.7452495417812907
C. elegans,ADLL,RIVL,-0.44051191224640446
C. elegans,ADLL,RIVR,-0.4654224929050545
C. elegans,ADLL,RMDDL,-0.09811209943658064
C. elegans,ADLL,RMDDR,0.6820659718103023
C. elegans,ADLL,RMDL,-0.7583122992064197
C. elegans,ADLL,RMDR,-0.5223497585116325
C. elegans,ADLL,RMDVL,-0.27432058947213955
C. elegans,ADLL,RMDVR,0.4376758190655681
C. elegans,ADLL,RMED,-0.5869111048331418
C. elegans,ADLL,RMEL,-0.7180360803220577
C. elegans,ADLL,RMER,-0.911574219409228
C. elegans,ADLL,RMEV,-0.8782808776224122
C. elegans,ADLL,RMGL,0.879545717899194
C. elegans,ADLL,SAADL,-0.06365755449624286
C. elegans,ADLL,SAADR,0.6816767406369346
C. elegans,ADLL,SAAVL,0.8157008001174352
C. elegans,ADLL,SAAVR,0.6560409514503707
C. elegans,ADLL,SMBVR,-0.06259422235053565
C. elegans,ADLL,SMDDL,-0.443841820882831
C. elegans,ADLL,SMDDR,-0.8032778393787526
C. elegans,ADLL,SMDVL,-0.7784355106774858
C. elegans,ADLL,SMDVR,-0.05306918002572117
C. elegans,ADLL,URADL,0.5748202323760397
C. elegans,ADLL,URADR,0.7756113289136459
C. elegans,ADLL,URAVL,0.6563922536441309
C. elegans,ADLL,URAVR,0.9363875449057205
C. elegans,ADLL,URBL,-0.36995380438664605
C. elegans,ADLL,URBR,0.3032085934499224
C. elegans,ADLL,URXL,-0.9218842929804766
C. elegans,ADLL,URXR,0.002604570029084863
C. elegans,ADLL,URYDL,-0.9985781376565827
C. elegans,ADLL,URYDR,-0.36678517271934913
C. elegans,ADLL,URYVL,-0.9237920628128605
C. elegans,ADLL,URYVR,0.12708574680265997
C. elegans,ADLR,AIBL,-0.5657460350911029
C. elegans,ADLR,AIBR,-0.5455460785430163
C. elegans,ADLR,AIML,0.5225900950593945
C. elegans,ADLR,AIMR,-0.014140954754652916
C. elegans,ADLR,AINL,0.8070116748068727
C. elegans,ADLR,AINR,0.11179337605962887
C. elegans,ADLR,AIYL,0.07465507558256292
C. elegans,ADLR,AIYR,-0.09994192494962563
C. elegans,ADLR,AIZL,0.357932149860823
C. elegans,ADLR,AIZR,0.25788391608802547
C. elegans,ADLR,ALA,0.6001964659890321
C. elegans,ADLR,AQR,-0.43561367927252703
C. elegans,ADLR,ASEL,0.769535704503218
C. elegans,ADLR,ASER,0.9914634013871981
C. elegans,ADLR,ASGL,-0.2756293677735765
C. elegans,ADLR,ASGR,-0.6802086787940487
C. elegans,ADLR,ASHL,0.9850774922485218
C. elegans,ADLR,ASIL,0.9044616991930786
C. elegans,ADLR,ASIR,0.6031587458603739
C. elegans,ADLR,ASKL,0.9883744626740506
C. elegans,ADLR,ASKR,0.8079989512674726
C. elegans,ADLR,AUAL,-0.48261701787187583
C. elegans,ADLR,AUAR,-0.09900244978461867
C. elegans,ADLR,AVAL,-0.48454296088400034
C. elegans,ADLR,AVAR,-0.5092041981625876
C. elegans,ADLR,AVBL,-0.44764254652313556
C. elegans,ADLR,AVBR,-0.5010690235067399
C. elegans,ADLR,AVDL,0.07208441158139964
C. elegans,ADLR,AVDR,0.0828224526500627
C. elegans,ADLR,AVEL,-0.6752046710713605
C. elegans,ADLR,AVER,-0.45138124354530546
C. elegans,ADLR,AVHL,0.4778449251624128
C. elegans,ADLR,AVJL,-0.0919157695083505
C. elegans,ADLR,AVJR,0.04448180979891305
C. elegans,ADLR,AVKL,0.6087465869422671
C. elegans,ADLR,AVKR,0.5230698099921116
C. elegans,ADLR,AVL,0.4587943212911765
C. elegans,ADLR,AWAL,0.16348356166773487
C. elegans,ADLR,AWAR,0.3981231995033828
C. elegans,ADLR,AWBL,0.7119947439729645
C. elegans,ADLR,AWBR,0.29546048467564434
C. elegans,ADLR,AWCL,0.8263343947480257
C. elegans,ADLR,AWCR,0.8017804631095123
C. elegans,ADLR,BAGL,-0.30742145570917073
C. elegans,ADLR,CEPDL,-0.12035192322023537
C. elegans,ADLR,CEPDR,0.13101665008993355
C. elegans,ADLR,CEPVL,-0.7446660124613423
C. elegans,ADLR,CEPVR,0.02980833012898429
C. elegans,ADLR,FLPL,0.5482598306819592
C. elegans,ADLR,FLPR,0.11548872729484304
C. elegans,ADLR,IL1DL,-0.6292260314612403
C. elegans,ADLR,IL1DR,-0.6630015283604228
C. elegans,ADLR,IL1L,-0.22335571899005152
C. elegans,ADLR,IL1R,-0.4760680066833617
C. elegans,ADLR,IL1VL,0.5011063229245344
C. elegans,ADLR,IL1VR,-0.2508430433905454
C. elegans,ADLR,IL2DL,0.6781232806942281
C. elegans,ADLR,IL2DR,0.4519505530480541
C. elegans,ADLR,IL2L,0.43844031043078896
C. elegans,ADLR,IL2R,0.5697591422220597
C. elegans,ADLR,IL2VL,0.37921572455753866
C. elegans,ADLR,IL2VR,0.6978028470832243
C. elegans,ADLR,OLLL,-0.25752952184411443
C. elegans,ADLR,OLLR,-0.24508308297262008
C. elegans,ADLR,OLQDL,-0.1336374178713136
C. elegans,ADLR,OLQDR,-0.2027791367000452
C. elegans,ADLR,OLQVL,0.0189274688608265
C. elegans,ADLR,OLQVR,-0.19251084098128227
C. elegans,ADLR,RIAL,0.38902621202826293
C. elegans,ADLR,RIAR,0.3029946271524368
C. elegans,ADLR,RIBL,-0.41541883919346584
C. elegans,ADLR,RIBR,-0.17285668029369666
C. elegans,ADLR,RICL,0.20176974859633537
C. elegans,ADLR,RICR,0.19513440949266012
C. elegans,ADLR,RID,-0.3455104444892143
C. elegans,ADLR,RIH,0.6167750488365535
C. elegans,ADLR,RIML,-0.27049785556313816
C. elegans,ADLR,RIMR,-0.13279648213259126
C. elegans,ADLR,RIR,0.9508800313990119
C. elegans,ADLR,RIS,-0.10381075604693298
C. elegans,ADLR,RIVL,0.2957894748413315
C. elegans,ADLR,RIVR,0.2701425685344156
C. elegans,ADLR,RMDDL,-0.7447389430420502
C. elegans,ADLR,RMDDR,0.0644616434285513
C. elegans,ADLR,RMDL,-0.1035231010146107
C. elegans,ADLR,RMDR,-0.1451830104515073
C. elegans,ADLR,RMDVL,-0.8237876098797635
C. elegans,ADLR,RMDVR,-0.09202881025484623
C. elegans,ADLR,RMED,0.11828521454631441
C. elegans,ADLR,RMEL,-0.21058065518532926
C. elegans,ADLR,RMER,-0.534430477210541
C. elegans,ADLR,RMEV,-0.30952582342024637
C. elegans,ADLR,RMGL,0.3536901885159222
C. elegans,ADLR,SAADL,-0.4077054113145925
C. elegans,ADLR,SAADR,0.5972509554074888
C. elegans,ADLR,SAAVL,0.8294505476644926
C. elegans,ADLR,SAAVR,0.23578262932204888
C. elegans,ADLR,SMBVR,0.518467335957648
C. elegans,ADLR,SMDDL,-0.4919336786308446
C. elegans,ADLR,SMDDR,-0.22618583081738508
C. elegans,ADLR,SMDVL,-0.20479042003908499
C. elegans,ADLR,SMDVR,0.614197928568924
C. elegans,ADLR,URADL,-0.01720354681650061
C. elegans,ADLR,URADR,0.3107977596308022
C. elegans,ADLR,URAVL,-0.04016937553023007
C. elegans,ADLR,URAVR,0.4471119931770161
C. elegans,ADLR,URBL,-0.5099672545378061
C. elegans,ADLR,URBR,0.3405195149878436
C. elegans,ADLR,URXL,-0.9270805844706722
C. elegans,ADLR,URXR,-0.6583611836912393
C. elegans,ADLR,URYDL,-0.7394007276083117
C. elegans,ADLR,URYDR,-0.2654769639567113
C. elegans,ADLR,URYVL,-0.5349376943834094
C. elegans,ADLR,URYVR,-0.483710157473893
C. elegans,AIBL,AIBR,0.9987122485964065
C. elegans,AIBL,AIML,0.2862842482833015
C. elegans,AIBL,AIMR,0.5927253134622704
C. elegans,AIBL,AINL,-0.32291097817325565
C. elegans,AIBL,AINR,-0.5139313885228337
C. elegans,AIBL,AIYL,-0.6370560348890113
C. elegans,AIBL,AIYR,0.12109903744873599
C. elegans,AIBL,AIZL,-0.9696638677163284
C. elegans,AIBL,AIZR,-0.9335019619718335
C. elegans,AIBL,ALA,-0.7848884492923699
C. elegans,AIBL,AQR,-0.04522289076041098
C. elegans,AIBL,ASEL,-0.017048987295142135
C. elegans,AIBL,ASER,-0.4600175547619099
C. elegans,AIBL,ASGL,0.8649187788346812
C. elegans,AIBL,ASGR,0.9485827266045129
C. elegans,AIBL,ASHL,-0.4499657562334216
C. elegans,AIBL,ASIL,-0.26664002537902914
C. elegans,AIBL,ASIR,-0.2857769400913125
C. elegans,AIBL,ASKL,-0.6250163014398582
C. elegans,AIBL,ASKR,-0.7748200469398716
C. elegans,AIBL,AUAL,0.4583263300483645
C. elegans,AIBL,AUAR,0.7047723135125233
C. elegans,AIBL,AVAL,0.9446640587038028
C. elegans,AIBL,AVAR,0.9436721990952474
C. elegans,AIBL,AVBL,0.9903238503267145
C. elegans,AIBL,AVBR,0.7907172340162777
C. elegans,AIBL,AVDL,-0.7980433609679758
C. elegans,AIBL,AVDR,-0.7922264807446435
C. elegans,AIBL,AVEL,0.9803489921068417
C. elegans,AIBL,AVER,0.9797045586255961
C. elegans,AIBL,AVHL,-0.9933992448506813
C. elegans,AIBL,AVJL,-0.6970796136845965
C. elegans,AIBL,AVJR,-0.8290194255804252
C. elegans,AIBL,AVKL,0.023181600042866946
C. elegans,AIBL,AVKR,-0.13461854796709352
C. elegans,AIBL,AVL,-0.2257830381359541
C. elegans,AIBL,AWAL,0.4134254558256697
C. elegans,AIBL,AWAR,-0.6313977868175594
C. elegans,AIBL,AWBL,-0.44086889955894676
C. elegans,AIBL,AWBR,-0.9227259525621333
C. elegans,AIBL,AWCL,-0.4279677818973594
C. elegans,AIBL,AWCR,-0.8640245727935955
C. elegans,AIBL,BAGL,0.9532528799314721
C. elegans,AIBL,CEPDL,-0.57880318775806
C. elegans,AIBL,CEPDR,-0.8915701034031297
C. elegans,AIBL,CEPVL,-0.01914381635787565
C. elegans,AIBL,CEPVR,-0.7707533983798134
C. elegans,AIBL,FLPL,-0.993981786231713
C. elegans,AIBL,FLPR,-0.8389587851553596
C. elegans,AIBL,IL1DL,0.027481187548462495
C. elegans,AIBL,IL1DR,0.5258346304997001
C. elegans,AIBL,IL1L,0.18018550854572976
C. elegans,AIBL,IL1R,0.9270634513839013
C. elegans,AIBL,IL1VL,-0.7730251567504526
C. elegans,AIBL,IL1VR,0.8787408653999175
C. elegans,AIBL,IL2DL,-0.9741859853267267
C. elegans,AIBL,IL2DR,-0.8382225304085745
C. elegans,AIBL,IL2L,-0.9800373361804032
C. elegans,AIBL,IL2R,-0.44779357946602866
C. elegans,AIBL,IL2VL,-0.961180815397293
C. elegans,AIBL,IL2VR,-0.9278515298921298
C. elegans,AIBL,OLLL,0.32883558398728474
C. elegans,AIBL,OLLR,0.22278047305017967
C. elegans,AIBL,OLQDL,0.45693032513089615
C. elegans,AIBL,OLQDR,0.028615917865984417
C. elegans,AIBL,OLQVL,0.37765241433913055
C. elegans,AIBL,OLQVR,0.1965073123707219
C. elegans,AIBL,RIAL,-0.9774984185385094
C. elegans,AIBL,RIAR,-0.8924869429553791
C. elegans,AIBL,RIBL,0.9831010880184796
C. elegans,AIBL,RIBR,0.9099470659655882
C. elegans,AIBL,RICL,-0.33194194761786755
C. elegans,AIBL,RICR,-0.6720370268119683
C. elegans,AIBL,RID,0.9528005424479972
C. elegans,AIBL,RIH,0.026198063164274168
C. elegans,AIBL,RIML,0.9215003250536579
C. elegans,AIBL,RIMR,0.870441976804544
C. elegans,AIBL,RIR,-0.28277754868127397
C. elegans,AIBL,RIS,0.7051711131692265
C. elegans,AIBL,RIVL,0.380233770162079
C. elegans,AIBL,RIVR,0.376632265030492
C. elegans,AIBL,RMDDL,0.18574439249716626
C. elegans,AIBL,RMDDR,-0.7673649285703508
C. elegans,AIBL,RMDL,0.565590235822616
C. elegans,AIBL,RMDR,-0.08337875363860428
C. elegans,AIBL,RMDVL,0.01618567250100829
C. elegans,AIBL,RMDVR,-0.762896686304051
C. elegans,AIBL,RMED,0.3524165868218006
C. elegans,AIBL,RMEL,0.8910026742716394
C. elegans,AIBL,RMER,0.9400624172658997
C. elegans,AIBL,RMEV,0.6965243523123259
C. elegans,AIBL,RMGL,-0.8312469307403338
C. elegans,AIBL,SAADL,0.5815184846706882
C. elegans,AIBL,SAADR,-0.08168390110208593
C. elegans,AIBL,SAAVL,-0.3440662358193054
C. elegans,AIBL,SAAVR,-0.09170535744866669
C. elegans,AIBL,SMBVR,0.4051523405682969
C. elegans,AIBL,SMDDL,0.8859845928276688
C. elegans,AIBL,SMDDR,0.4432268124234513
C. elegans,AIBL,SMDVL,0.8225020340922687
C. elegans,AIBL,SMDVR,0.23500772308301995
C. elegans,AIBL,URADL,-0.7733656884104
C. elegans,AIBL,URADR,-0.9260125801357864
C. elegans,AIBL,URAVL,-0.5489600618770869
C. elegans,AIBL,URAVR,-0.7864140923411961
C. elegans,AIBL,URBL,-0.25129056068390937
C. elegans,AIBL,URBR,-0.8236252417616183
C. elegans,AIBL,URXL,0.7801041452376553
C. elegans,AIBL,URXR,-0.176401695780258
C. elegans,AIBL,URYDL,0.808649884710162
C. elegans,AIBL,URYDR,-0.29773645979039387
C. elegans,AIBL,URYVL,0.9251164111206893
C. elegans,AIBL,URYVR,-0.43176735099817654
C. elegans,AIBR,AIML,0.3269991620830525
C. elegans,AIBR,AIMR,0.632813965453031
C. elegans,AIBR,AINL,-0.27911796667542205
C. elegans,AIBR,AINR,-0.48112895083965096
C. elegans,AIBR,AIYL,-0.6135025738017591
C. elegans,AIBR,AIYR,0.16458217437485773
C. elegans,AIBR,AIZL,-0.9774371836030565
C. elegans,AIBR,AIZR,-0.9335061958353283
C. elegans,AIBR,ALA,-0.7529139247858744
C. elegans,AIBR,AQR,-0.02120535412080154
C. elegans,AIBR,ASEL,0.022151336387741607
C. elegans,AIBR,ASER,-0.4364634752235594
C. elegans,AIBR,ASGL,0.8892250597230467
C. elegans,AIBR,ASGR,0.955120419638522
C. elegans,AIBR,ASHL,-0.4335221680941736
C. elegans,AIBR,ASIL,-0.23097567168259436
C. elegans,AIBR,ASIR,-0.2370784375266296
C. elegans,AIBR,ASKL,-0.6002237553383505
C. elegans,AIBR,ASKR,-0.7432212422669762
C. elegans,AIBR,AUAL,0.489351473460991
C. elegans,AIBR,AUAR,0.7398044471150046
C. elegans,AIBR,AVAL,0.959353493214227
C. elegans,AIBR,AVAR,0.9579601397096108
C. elegans,AIBR,AVBL,0.9911723663175943
C. elegans,AIBR,AVBR,0.8154928435232071
C. elegans,AIBR,AVDL,-0.7904082512432226
C. elegans,AIBR,AVDR,-0.7828302254326646
C. elegans,AIBR,AVEL,0.9815792789780703
C. elegans,AIBR,AVER,0.9884335498466412
C. elegans,AIBR,AVHL,-0.9921802342925903
C. elegans,AIBR,AVJL,-0.6917972681157032
C. elegans,AIBR,AVJR,-0.8303066997892378
C. elegans,AIBR,AVKL,0.07042909289381907
C. elegans,AIBR,AVKR,-0.08439864414162006
C. elegans,AIBR,AVL,-0.17615629301236174
C. elegans,AIBR,AWAL,0.458962430810315
C. elegans,AIBR,AWAR,-0.5946643687716868
C. elegans,AIBR,AWBL,-0.3955925981805329
C. elegans,AIBR,AWBR,-0.9158874309280021
C. elegans,AIBR,AWCL,-0.3854899487474708
C. elegans,AIBR,AWCR,-0.8390970494095971
C. elegans,AIBR,BAGL,0.9536996292971636
C. elegans,AIBR,CEPDL,-0.6181971028479554
C. elegans,AIBR,CEPDR,-0.901454811452309
C. elegans,AIBR,CEPVL,-0.05872531897818191
C. elegans,AIBR,CEPVR,-0.7995353533042987
C. elegans,AIBR,FLPL,-0.9979637688198648
C. elegans,AIBR,FLPR,-0.8335139069339554
C. elegans,AIBR,IL1DL,-0.020094246095583218
C. elegans,AIBR,IL1DR,0.4820930555789421
C. elegans,AIBR,IL1L,0.13280653985493043
C. elegans,AIBR,IL1R,0.910629661043878
C. elegans,AIBR,IL1VL,-0.7984760575918878
C. elegans,AIBR,IL1VR,0.8679463057139495
C. elegans,AIBR,IL2DL,-0.9618831480845053
C. elegans,AIBR,IL2DR,-0.8133243163311628
C. elegans,AIBR,IL2L,-0.9757899959342691
C. elegans,AIBR,IL2R,-0.4018919447974373
C. elegans,AIBR,IL2VL,-0.9561008038052682
C. elegans,AIBR,IL2VR,-0.9078561154203701
C. elegans,AIBR,OLLL,0.28413851487063985
C. elegans,AIBR,OLLR,0.17579306383256407
C. elegans,AIBR,OLQDL,0.42056000540238414
C. elegans,AIBR,OLQDR,-0.020483277012734776
C. elegans,AIBR,OLQVL,0.3442252894356116
C. elegans,AIBR,OLQVR,0.1501213168279699
C. elegans,AIBR,RIAL,-0.9777783220011723
C. elegans,AIBR,RIAR,-0.8801106407533028
C. elegans,AIBR,RIBL,0.9828982218819485
C. elegans,AIBR,RIBR,0.9183168488519323
C. elegans,AIBR,RICL,-0.2887645940113229
C. elegans,AIBR,RICR,-0.6447843681308922
C. elegans,AIBR,RID,0.9657628965035787
C. elegans,AIBR,RIH,0.01540834520865737
C. elegans,AIBR,RIML,0.9383387983689303
C. elegans,AIBR,RIMR,0.8898688537724296
C. elegans,AIBR,RIR,-0.2601066069530694
C. elegans,AIBR,RIS,0.6852316944960815
C. elegans,AIBR,RIVL,0.3635415875466709
C. elegans,AIBR,RIVR,0.35777031332103676
C. elegans,AIBR,RMDDL,0.19426810298649888
C. elegans,AIBR,RMDDR,-0.7563782218383214
C. elegans,AIBR,RMDL,0.5359562506060609
C. elegans,AIBR,RMDR,-0.13228276516237814
C. elegans,AIBR,RMDVL,-0.0002479574176028906
C. elegans,AIBR,RMDVR,-0.7714614139415322
C. elegans,AIBR,RMED,0.32276370949091887
C. elegans,AIBR,RMEL,0.8856060364103686
C. elegans,AIBR,RMER,0.9234663558985067
C. elegans,AIBR,RMEV,0.6661595921484613
C. elegans,AIBR,RMGL,-0.8093745418245096
C. elegans,AIBR,SAADL,0.6147928167237635
C. elegans,AIBR,SAADR,-0.0325964425446727
C. elegans,AIBR,SAAVL,-0.3013069147892973
C. elegans,AIBR,SAAVR,-0.04274341034391673
C. elegans,AIBR,SMBVR,0.4207920303702839
C. elegans,AIBR,SMDDL,0.9059260191773643
C. elegans,AIBR,SMDDR,0.403130812309658
C. elegans,AIBR,SMDVL,0.8076684358835664
C. elegans,AIBR,SMDVR,0.24030557306997738
C. elegans,AIBR,URADL,-0.7713508377058651
C. elegans,AIBR,URADR,-0.9185666311356704
C. elegans,AIBR,URAVL,-0.5259890367952719
C. elegans,AIBR,URAVR,-0.7576023407854046
C. elegans,AIBR,URBL,-0.29469858376071845
C. elegans,AIBR,URBR,-0.8506894450744028
C. elegans,AIBR,URXL,0.7557248176979752
C. elegans,AIBR,URXR,-0.18210669245059183
C. elegans,AIBR,URYDL,0.7780383427986318
C. elegans,AIBR,URYDR,-0.3455447899574528
C. elegans,AIBR,URYVL,0.9065570104205871
C. elegans,AIBR,URYVR,-0.4437607646973292
C. elegans,AIML,AIMR,0.8302844315871337
C. elegans,AIML,AINL,0.8077687469639503
C. elegans,AIML,AINR,0.0696970425355135
C. elegans,AIML,AIYL,-0.14071380156733
C. elegans,AIML,AIYR,0.47751833800950805
C. elegans,AIML,AIZL,-0.5074972488884215
C. elegans,AIML,AIZR,-0.4697306272708193
C. elegans,AIML,ALA,0.21474046629459853
C. elegans,AIML,AQR,-0.08132773116395406
C. elegans,AIML,ASEL,0.9457278624778315
C. elegans,AIML,ASER,0.6260249105215004
C. elegans,AIML,ASGL,0.6683758502673416
C. elegans,AIML,ASGR,0.25349427379837786
C. elegans,AIML,ASHL,0.5527989254064546
C. elegans,AIML,ASIL,0.8287734646855986
C. elegans,AIML,ASIR,0.7428647395765631
C. elegans,AIML,ASKL,0.5220479353886884
C. elegans,AIML,ASKR,0.3635732961693789
C. elegans,AIML,AUAL,0.31131557828631967
C. elegans,AIML,AUAR,0.7949629964784275
C. elegans,AIML,AVAL,0.4749081605567303
C. elegans,AIML,AVAR,0.4526344276697597
C. elegans,AIML,AVBL,0.3851734089279141
C. elegans,AIML,AVBR,0.4634635408877781
C. elegans,AIML,AVDL,-0.4243097170575463
C. elegans,AIML,AVDR,-0.3939581467868626
C. elegans,AIML,AVEL,0.22260462891398833
C. elegans,AIML,AVER,0.4591022278928112
C. elegans,AIML,AVHL,-0.3440973123460731
C. elegans,AIML,AVJL,-0.4940846495261638
C. elegans,AIML,AVJR,-0.5603227974140682
C. elegans,AIML,AVKL,0.9466701860705703
C. elegans,AIML,AVKR,0.808229977066913
C. elegans,AIML,AVL,0.6932666104553855
C. elegans,AIML,AWAL,0.8879981154477815
C. elegans,AIML,AWAR,0.2306235025768889
C. elegans,AIML,AWBL,0.6746800442834125
C. elegans,AIML,AWBR,-0.362953141981418
C. elegans,AIML,AWCL,0.7340925651887006
C. elegans,AIML,AWCR,0.22596270854791212
C. elegans,AIML,BAGL,0.4534500354717929
C. elegans,AIML,CEPDL,-0.9075549903089607
C. elegans,AIML,CEPDR,-0.6347895683113831
C. elegans,AIML,CEPVL,-0.9575635128267966
C. elegans,AIML,CEPVR,-0.8229202685899978
C. elegans,AIML,FLPL,-0.35050051638542556
C. elegans,AIML,FLPR,-0.44570357988493037
C. elegans,AIML,IL1DL,-0.9292228714679333
C. elegans,AIML,IL1DR,-0.5647300618575022
C. elegans,AIML,IL1L,-0.53589083892218
C. elegans,AIML,IL1R,0.1370192413403648
C. elegans,AIML,IL1VL,-0.45830023016311017
C. elegans,AIML,IL1VR,0.321459150783309
C. elegans,AIML,IL2DL,-0.07208713768669468
C. elegans,AIML,IL2DR,-0.0018461615616256848
C. elegans,AIML,IL2L,-0.33017286698411885
C. elegans,AIML,IL2R,0.5767068028990276
C. elegans,AIML,IL2VL,-0.3497178956010209
C. elegans,AIML,IL2VR,0.055969329783152715
C. elegans,AIML,OLLL,-0.42769133651392505
C. elegans,AIML,OLLR,-0.5172773106090182
C. elegans,AIML,OLQDL,-0.1627648698064685
C. elegans,AIML,OLQDR,-0.6454214903463418
C. elegans,AIML,OLQVL,-0.07960922361471341
C. elegans,AIML,OLQVR,-0.49229179462505207
C. elegans,AIML,RIAL,-0.4113083843474567
C. elegans,AIML,RIAR,-0.2775936594663053
C. elegans,AIML,RIBL,0.39155020214312447
C. elegans,AIML,RIBR,0.6020993742422937
C. elegans,AIML,RICL,0.37020865897173555
C. elegans,AIML,RICR,-0.041144296012885884
C. elegans,AIML,RID,0.5597410128375663
C. elegans,AIML,RIH,0.336112311451851
C. elegans,AIML,RIML,0.6318561700771868
C. elegans,AIML,RIMR,0.7204710429722012
C. elegans,AIML,RIR,0.7116739772628446
C. elegans,AIML,RIS,0.20623259180460335
C. elegans,AIML,RIVL,0.2947520444622224
C. elegans,AIML,RIVR,0.2511295887620197
C. elegans,AIML,RMDDL,-0.30232421307609797
C. elegans,AIML,RMDDR,-0.37257007728773966
C. elegans,AIML,RMDL,0.0058670994147123215
C. elegans,AIML,RMDR,-0.6809858515366147
C. elegans,AIML,RMDVL,-0.7418560556761942
C. elegans,AIML,RMDVR,-0.6875566508087194
C. elegans,AIML,RMED,0.012730838622693618
C. elegans,AIML,RMEL,0.41576450709049223
C. elegans,AIML,RMER,0.10339695834667824
C. elegans,AIML,RMEV,-0.05521269123845737
C. elegans,AIML,RMGL,-0.09817021639809961
C. elegans,AIML,SAADL,0.4737079416834264
C. elegans,AIML,SAADR,0.8851147078284887
C. elegans,AIML,SAAVL,0.7977569814634965
C. elegans,AIML,SAAVR,0.6231453166499846
C. elegans,AIML,SMBVR,0.8128209133955895
C. elegans,AIML,SMDDL,0.48477429862136434
C. elegans,AIML,SMDDR,-0.27694985029410424
C. elegans,AIML,SMDVL,0.2715472098743274
C. elegans,AIML,SMDVR,0.6512306186815063
C. elegans,AIML,URADL,-0.5296390114646261
C. elegans,AIML,URADR,-0.3480103547846368
C. elegans,AIML,URAVL,-0.16609018824619198
C. elegans,AIML,URAVR,0.0725612860543694
C. elegans,AIML,URBL,-0.9954427381783468
C. elegans,AIML,URBR,-0.6234414079042314
C. elegans,AIML,URXL,-0.36653951999448486
C. elegans,AIML,URXR,-0.6457099776868919
C. elegans,AIML,URYDL,-0.2813400250238692
C. elegans,AIML,URYDR,-0.9031313186428342
C. elegans,AIML,URYVL,0.07170749182454184
C. elegans,AIML,URYVR,-0.7681365851014524
C. elegans,AIMR,AINL,0.5038345113650419
C. elegans,AIMR,AINR,0.19589195123023595
C. elegans,AIMR,AIYL,-0.027215146159845462
C. elegans,AIMR,AIYR,0.7561737032831674
C. elegans,AIMR,AIZL,-0.7207312732448844
C. elegans,AIMR,AIZR,-0.5784097255534701
C. elegans,AIMR,ALA,0.024452164296844093
C. elegans,AIMR,AQR,0.33883088970029446
C. elegans,AIMR,ASEL,0.6222976781876907
C. elegans,AIMR,ASER,0.10449150163481881
C. elegans,AIMR,ASGL,0.9166131339574181
C. elegans,AIMR,ASGR,0.6807926706661149
C. elegans,AIMR,ASHL,-0.0009944142921279899
C. elegans,AIMR,ASIL,0.41365666225497194
C. elegans,AIMR,ASIR,0.599441206013058
C. elegans,AIMR,ASKL,0.020601743258752577
C. elegans,AIMR,ASKR,0.029591768496537933
C. elegans,AIMR,AUAL,0.7629160595254216
C. elegans,AIMR,AUAR,0.9888040925524199
C. elegans,AIMR,AVAL,0.8107788230679343
C. elegans,AIMR,AVAR,0.8032926536935109
C. elegans,AIMR,AVBL,0.6229001897819645
C. elegans,AIMR,AVBR,0.8724040670756965
C. elegans,AIMR,AVDL,-0.3779360300099505
C. elegans,AIMR,AVDR,-0.3464017145108963
C. elegans,AIMR,AVEL,0.617463691267644
C. elegans,AIMR,AVER,0.7398885083916327
C. elegans,AIMR,AVHL,-0.5916772742703477
C. elegans,AIMR,AVJL,-0.3554247102825983
C. elegans,AIMR,AVJR,-0.5380282378356881
C. elegans,AIMR,AVKL,0.770146758755928
C. elegans,AIMR,AVKR,0.7161015686175782
C. elegans,AIMR,AVL,0.6482697727901611
C. elegans,AIMR,AWAL,0.9773721882461105
C. elegans,AIMR,AWAR,0.19061843162816045
C. elegans,AIMR,AWBL,0.4511327689173323
C. elegans,AIMR,AWBR,-0.4633812597022993
C. elegans,AIMR,AWCL,0.4178787034422303
C. elegans,AIMR,AWCR,-0.13111342954375718
C. elegans,AIMR,BAGL,0.5965886450225167
C. elegans,AIMR,CEPDL,-0.9834458391320404
C. elegans,AIMR,CEPDR,-0.7101776645118126
C. elegans,AIMR,CEPVL,-0.6503659400597959
C. elegans,AIMR,CEPVR,-0.9335502882454062
C. elegans,AIMR,FLPL,-0.6720896750011197
C. elegans,AIMR,FLPR,-0.43693859950156655
C. elegans,AIMR,IL1DL,-0.7440553621378012
C. elegans,AIMR,IL1DR,-0.37274662761812083
C. elegans,AIMR,IL1L,-0.6361505155751835
C. elegans,AIMR,IL1R,0.31133783717381464
C. elegans,AIMR,IL1VL,-0.8719325606737014
C. elegans,AIMR,IL1VR,0.3747629517075714
C. elegans,AIMR,IL2DL,-0.4010768429050545
C. elegans,AIMR,IL2DR,-0.12340029071684662
C. elegans,AIMR,IL2L,-0.5366698711700155
C. elegans,AIMR,IL2R,0.453374082846362
C. elegans,AIMR,IL2VL,-0.513146272822893
C. elegans,AIMR,IL2VR,-0.2508607160356038
C. elegans,AIMR,OLLL,-0.5017940423776462
C. elegans,AIMR,OLLR,-0.603840930848085
C. elegans,AIMR,OLQDL,-0.28807735076974866
C. elegans,AIMR,OLQDR,-0.7575463041736662
C. elegans,AIMR,OLQVL,-0.2880080393948128
C. elegans,AIMR,OLQVR,-0.6096433807670227
C. elegans,AIMR,RIAL,-0.6072828075888201
C. elegans,AIMR,RIAR,-0.35734438236107435
C. elegans,AIMR,RIBL,0.6026082954188215
C. elegans,AIMR,RIBR,0.6969413423447326
C. elegans,AIMR,RICL,0.47472009979397634
C. elegans,AIMR,RICR,0.011714353497562776
C. elegans,AIMR,RID,0.7919260080622043
C. elegans,AIMR,RIH,-0.13893753049471533
C. elegans,AIMR,RIML,0.8349002117358906
C. elegans,AIMR,RIMR,0.8467215565654499
C. elegans,AIMR,RIR,0.2006252566096979
C. elegans,AIMR,RIS,0.12591824597522897
C. elegans,AIMR,RIVL,-0.01735103517928756
C. elegans,AIMR,RIVR,-0.054253925987938295
C. elegans,AIMR,RMDDL,0.23308716395803444
C. elegans,AIMR,RMDDR,-0.3062916445751171
C. elegans,AIMR,RMDL,-0.11363018752209263
C. elegans,AIMR,RMDR,-0.8232597064592652
C. elegans,AIMR,RMDVL,-0.2666490058101732
C. elegans,AIMR,RMDVR,-0.6140102869214451
C. elegans,AIMR,RMED,-0.24228287185108352
C. elegans,AIMR,RMEL,0.46809934953258475
C. elegans,AIMR,RMER,0.31559510525129164
C. elegans,AIMR,RMEV,-0.04785530511653772
C. elegans,AIMR,RMGL,-0.16877854827173663
C. elegans,AIMR,SAADL,0.8770333150051581
C. elegans,AIMR,SAADR,0.7331423277164695
C. elegans,AIMR,SAAVL,0.4748778155816735
C. elegans,AIMR,SAAVR,0.7166600922979347
C. elegans,AIMR,SMBVR,0.5109142858434427
C. elegans,AIMR,SMDDL,0.8563400884713639
C. elegans,AIMR,SMDDR,-0.3572545709288633
C. elegans,AIMR,SMDVL,0.2772054232134936
C. elegans,AIMR,SMDVR,0.24425170196252666
C. elegans,AIMR,URADL,-0.45276241868983647
C. elegans,AIMR,URADR,-0.45555222906763765
C. elegans,AIMR,URAVL,0.016157282406800814
C. elegans,AIMR,URAVR,-0.029646272032223413
C. elegans,AIMR,URBL,-0.8503767362662843
C. elegans,AIMR,URBR,-0.9325888074368223
C. elegans,AIMR,URXL,0.08434284112676525
C. elegans,AIMR,URXR,-0.21497249986174916
C. elegans,AIMR,URYDL,0.008643543036089066
C. elegans,AIMR,URYDR,-0.9429536611655381
C. elegans,AIMR,URYVL,0.27540630593803567
C. elegans,AIMR,URYVR,-0.46953397263875957
C. elegans,AINL,AINR,0.47290470933142337
C. elegans,AINL,AIYL,0.3343067343508959
C. elegans,AINL,AIYR,0.49529658736303217
C. elegans,AINL,AIZL,0.09300559101596245
C. elegans,AINL,AIZR,0.13591182938893764
C. elegans,AINL,ALA,0.7318581720934505
C. elegans,AINL,AQR,0.06114854427089628
C. elegans,AINL,ASEL,0.9235156467235363
C. elegans,AINL,ASER,0.8455243733653166
C. elegans,AINL,ASGL,0.16100837153633996
C. elegans,AINL,ASGR,-0.2880046188729115
C. elegans,AINL,ASHL,0.7521312199633162
C. elegans,AINL,ASIL,0.9518376971724681
C. elegans,AINL,ASIR,0.9489782133638556
C. elegans,AINL,ASKL,0.8581550248324571
C. elegans,AINL,ASKR,0.8427374017539818
C. elegans,AINL,AUAL,0.12764276439867298
C. elegans,AINL,AUAR,0.3935918430094883
C. elegans,AINL,AVAL,-0.07614368982931069
C. elegans,AINL,AVAR,-0.09494216536768502
C. elegans,AINL,AVBL,-0.23029931990686459
C. elegans,AINL,AVBR,0.0409949492915423
C. elegans,AINL,AVDL,0.13028522160780776
C. elegans,AINL,AVDR,0.1585747160693806
C. elegans,AINL,AVEL,-0.35208881758528343
C. elegans,AINL,AVER,-0.13280303209955177
C. elegans,AINL,AVHL,0.2732159588856368
C. elegans,AINL,AVJL,0.01014127939554115
C. elegans,AINL,AVJR,0.0018536676998086542
C. elegans,AINL,AVKL,0.9361955391669645
C. elegans,AINL,AVKR,0.9248879397392596
C. elegans,AINL,AVL,0.8809196639145966
C. elegans,AINL,AWAL,0.6700783398309819
C. elegans,AINL,AWAR,0.6808985950724531
C. elegans,AINL,AWBL,0.9649839325920738
C. elegans,AINL,AWBR,0.2434287992735507
C. elegans,AINL,AWCL,0.9932757233587513
C. elegans,AINL,AWCR,0.7542014035908602
C. elegans,AINL,BAGL,-0.15770414124738893
C. elegans,AINL,CEPDL,-0.5697237712990408
C. elegans,AINL,CEPDR,-0.0592526395923771
C. elegans,AINL,CEPVL,-0.9147953666210906
C. elegans,AINL,CEPVR,-0.35355092786389886
C. elegans,AINL,FLPL,0.2465922681919721
C. elegans,AINL,FLPR,0.1263962151634045
C. elegans,AINL,IL1DL,-0.95132718073491
C. elegans,AINL,IL1DR,-0.9176554120575163
C. elegans,AINL,IL1L,-0.7219385411183301
C. elegans,AINL,IL1R,-0.4651685882684104
C. elegans,AINL,IL1VL,-0.04937334380983807
C. elegans,AINL,IL1VR,-0.2689988077615358
C. elegans,AINL,IL2DL,0.5249063647463397
C. elegans,AINL,IL2DR,0.5595099293337933
C. elegans,AINL,IL2L,0.28970856981451154
C. elegans,AINL,IL2R,0.8937455471268976
C. elegans,AINL,IL2VL,0.26745663495231664
C. elegans,AINL,IL2VR,0.6335018871136481
C. elegans,AINL,OLLL,-0.705841090938814
C. elegans,AINL,OLLR,-0.7287292427114402
C. elegans,AINL,OLQDL,-0.5306261256969812
C. elegans,AINL,OLQDR,-0.733458380212287
C. elegans,AINL,OLQVL,-0.4092013715333215
C. elegans,AINL,OLQVR,-0.6920994267433176
C. elegans,AINL,RIAL,0.20499818534460823
C. elegans,AINL,RIAR,0.31789211427745606
C. elegans,AINL,RIBL,-0.2257347513193638
C. elegans,AINL,RIBR,0.016975047185645038
C. elegans,AINL,RICL,0.6555916399475433
C. elegans,AINL,RICR,0.44780347168435714
C. elegans,AINL,RID,-0.020609916806160745
C. elegans,AINL,RIH,0.2067210091837732
C. elegans,AINL,RIML,0.06987133613608065
C. elegans,AINL,RIMR,0.1787689651859059
C. elegans,AINL,RIR,0.8132004286223607
C. elegans,AINL,RIS,-0.3042719388507935
C. elegans,AINL,RIVL,-0.043591958973040454
C. elegans,AINL,RIVR,-0.0853216538531124
C. elegans,AINL,RMDDL,-0.30484574627186006
C. elegans,AINL,RMDDR,0.16867649805707263
C. elegans,AINL,RMDL,-0.4278250097196897
C. elegans,AINL,RMDR,-0.6998549420769312
C. elegans,AINL,RMDVL,-0.6657726777590367
C. elegans,AINL,RMDVR,-0.16556155971944866
C. elegans,AINL,RMED,-0.3064227820203257
C. elegans,AINL,RMEL,-0.17824850194020933
C. elegans,AINL,RMER,-0.4995702367671197
C. elegans,AINL,RMEV,-0.5505738604250913
C. elegans,AINL,RMGL,0.46666100638241137
C. elegans,AINL,SAADL,0.1987232386498228
C. elegans,AINL,SAADR,0.9522372178419184
C. elegans,AINL,SAAVL,0.9992364095263917
C. elegans,AINL,SAAVR,0.7495722164794176
C. elegans,AINL,SMBVR,0.48931101559093243
C. elegans,AINL,SMDDL,-0.014301745990597409
C. elegans,AINL,SMDDR,-0.6293141924398596
C. elegans,AINL,SMDVL,-0.2949180044393691
C. elegans,AINL,SMDVR,0.41040083883439954
C. elegans,AINL,URADL,0.00975615612381343
C. elegans,AINL,URADR,0.2596128474596621
C. elegans,AINL,URAVL,0.26379327336061686
C. elegans,AINL,URAVR,0.6067241835566001
C. elegans,AINL,URBL,-0.8345292283694385
C. elegans,AINL,URBR,-0.15947460427543664
C. elegans,AINL,URXL,-0.8176112803595268
C. elegans,AINL,URXR,-0.4396405095065158
C. elegans,AINL,URYDL,-0.7918379772503257
C. elegans,AINL,URYDR,-0.7545960291065626
C. elegans,AINL,URYVL,-0.5248005051688592
C. elegans,AINL,URYVR,-0.42408355436044914
C. elegans,AINR,AIYL,0.974036162610119
C. elegans,AINR,AIYR,0.7692429422213629
C. elegans,AINR,AIZL,0.4826807026267972
C. elegans,AINR,AIZR,0.6716257783740259
C. elegans,AINR,ALA,0.8519267112170077
C. elegans,AINR,AQR,0.8315759539524187
C. elegans,AINR,ASEL,0.1306720778011695
C. elegans,AINR,ASER,0.08132751802458955
C. elegans,AINR,ASGL,-0.14402927914019673
C. elegans,AINR,ASGR,-0.2303294009493783
C. elegans,AINR,ASHL,-0.05446660991650971
C. elegans,AINR,ASIL,0.19262592645110335
C. elegans,AINR,ASIR,0.6902757827543305
C. elegans,AINR,ASKL,0.2615146158516889
C. elegans,AINR,ASKR,0.670849509125342
C. elegans,AINR,AUAL,0.5257727718389362
C. elegans,AINR,AUAR,0.06453199505520732
C. elegans,AINR,AVAL,-0.2310505140907545
C. elegans,AINR,AVAR,-0.21799631243207218
C. elegans,AINR,AVBL,-0.5589635627452171
C. elegans,AINR,AVBR,0.1129435429463258
C. elegans,AINR,AVDL,0.8329425096249924
C. elegans,AINR,AVDR,0.8515243723348164
C. elegans,AINR,AVEL,-0.3622027630077176
C. elegans,AINR,AVER,-0.40038165676413234
C. elegans,AINR,AVHL,0.5761279365151913
C. elegans,AINR,AVJL,0.824674402692738
C. elegans,AINR,AVJR,0.7189778990746092
C. elegans,AINR,AVKL,0.36907582811761985
C. elegans,AINR,AVKR,0.6400062302655838
C. elegans,AINR,AVL,0.7655379476821104
C. elegans,AINR,AWAL,0.32409447713815975
C. elegans,AINR,AWAR,0.9559789404137572
C. elegans,AINR,AWBL,0.6863228033994624
C. elegans,AINR,AWBR,0.7582061749973376
C. elegans,AINR,AWCL,0.5318775155986384
C. elegans,AINR,AWCR,0.6361910739842521
C. elegans,AINR,BAGL,-0.6427242245042032
C. elegans,AINR,CEPDL,-0.08953116774818791
C. elegans,AINR,CEPDR,0.5501974453734766
C. elegans,AINR,CEPVL,-0.12346019094834111
C. elegans,AINR,CEPVR,0.167747267789257
C. elegans,AINR,FLPL,0.42474200014986274
C. elegans,AINR,FLPR,0.7964614983488931
C. elegans,AINR,IL1DL,-0.4064533448052879
C. elegans,AINR,IL1DR,-0.7765230804444588
C. elegans,AINR,IL1L,-0.8677857303635993
C. elegans,AINR,IL1R,-0.7964921422265168
C. elegans,AINR,IL1VL,-0.14205809778332582
C. elegans,AINR,IL1VR,-0.8254047379020484
C. elegans,AINR,IL2DL,0.6042353655363609
C. elegans,AINR,IL2DR,0.8886753226649005
C. elegans,AINR,IL2L,0.6507881036834481
C. elegans,AINR,IL2R,0.8171013498580979
C. elegans,AINR,IL2VL,0.6954171933032539
C. elegans,AINR,IL2VR,0.6873351545308172
C. elegans,AINR,OLLL,-0.9306398731284048
C. elegans,AINR,OLLR,-0.8833043876349715
C. elegans,AINR,OLQDL,-0.9951382344295031
C. elegans,AINR,OLQDR,-0.7736414675056651
C. elegans,AINR,OLQVL,-0.987246678213097
C. elegans,AINR,OLQVR,-0.8891952289717445
C. elegans,AINR,RIAL,0.6038901619749962
C. elegans,AINR,RIAR,0.8262099742775739
C. elegans,AINR,RIBL,-0.5971548960750772
C. elegans,AINR,RIBR,-0.5622856516564857
C. elegans,AINR,RICL,0.9496563244003553
C. elegans,AINR,RICR,0.9797566034195411
C. elegans,AINR,RID,-0.380791198756997
C. elegans,AINR,RIH,-0.7128055240926738
C. elegans,AINR,RIML,-0.339222636490919
C. elegans,AINR,RIMR,-0.3525928738496438
C. elegans,AINR,RIR,-0.0691699821717961
C. elegans,AINR,RIS,-0.9480577263006714
C. elegans,AINR,RIVL,-0.89977491368671
C. elegans,AINR,RIVR,-0.9161730621156607
C. elegans,AINR,RMDDL,0.5734302634385798
C. elegans,AINR,RMDDR,0.8721390868803153
C. elegans,AINR,RMDL,-0.9964735049076864
C. elegans,AINR,RMDR,-0.7105736622567898
C. elegans,AINR,RMDVL,0.3339242085502296
C. elegans,AINR,RMDVR,0.6306001744893767
C. elegans,AINR,RMED,-0.9725459017863491
C. elegans,AINR,RMEL,-0.7690517731535012
C. elegans,AINR,RMER,-0.7654383355798823
C. elegans,AINR,RMEV,-0.969602426952209
C. elegans,AINR,RMGL,0.9040747297273756
C. elegans,AINR,SAADL,0.39236243959601524
C. elegans,AINR,SAADR,0.510608467635506
C. elegans,AINR,SAAVL,0.45587030058533584
C. elegans,AINR,SAAVR,0.8041579109562128
C. elegans,AINR,SMBVR,-0.502050934335977
C. elegans,AINR,SMDDL,-0.07305225860369403
C. elegans,AINR,SMDDR,-0.977793781086862
C. elegans,AINR,SMDVL,-0.8837748093450281
C. elegans,AINR,SMDVR,-0.6093851907047384
C. elegans,AINR,URADL,0.7766658420335233
C. elegans,AINR,URADR,0.7603627436938596
C. elegans,AINR,URAVL,0.971592969983499
C. elegans,AINR,URAVR,0.9162214307560596
C. elegans,AINR,URBL,-0.16231780553663752
C. elegans,AINR,URBR,0.002876348372930865
C. elegans,AINR,URXL,-0.4480002928098987
C. elegans,AINR,URXR,0.5818585799323992
C. elegans,AINR,URYDL,-0.7387151663512463
C. elegans,AINR,URYDR,-0.39381782115704156
C. elegans,AINR,URYVL,-0.7872976954701414
C. elegans,AINR,URYVR,0.5668768451551246
C. elegans,AIYL,AIYR,0.6190141058429555
C. elegans,AIYL,AIZL,0.6432331458902893
C. elegans,AIYL,AIZR,0.8084376875707145
C. elegans,AIYL,ALA,0.8406153192407918
C. elegans,AIYL,AQR,0.7925441533772333
C. elegans,AIYL,ASEL,-0.04143050551990931
C. elegans,AIYL,ASER,0.016750489322733177
C. elegans,AIYL,ASGL,-0.34486446121110204
C. elegans,AIYL,ASGR,-0.36195545651237354
C. elegans,AIYL,ASHL,-0.097884089452113
C. elegans,AIYL,ASIL,0.06382117260365829
C. elegans,AIYL,ASIR,0.5437377115994386
C. elegans,AIYL,ASKL,0.22047258712491247
C. elegans,AIYL,ASKR,0.64516021365939
C. elegans,AIYL,AUAL,0.38472126046895283
C. elegans,AIYL,AUAR,-0.15546589530834368
C. elegans,AIYL,AVAL,-0.40078775193299226
C. elegans,AIYL,AVAR,-0.3846560064888105
C. elegans,AIYL,AVBL,-0.6951183522462628
C. elegans,AIYL,AVBR,-0.06204543844965131
C. elegans,AIYL,AVDL,0.9357720915257093
C. elegans,AIYL,AVDR,0.9471298888920575
C. elegans,AIYL,AVEL,-0.4826924522131524
C. elegans,AIYL,AVER,-0.5593498334946588
C. elegans,AIYL,AVHL,0.7042593381012743
C. elegans,AIYL,AVJL,0.9292214087296287
C. elegans,AIYL,AVJR,0.8568623713117438
C. elegans,AIYL,AVKL,0.17574843889816788
C. elegans,AIYL,AVKR,0.4690898284948391
C. elegans,AIYL,AVL,0.615832810326416
C. elegans,AIYL,AWAL,0.10153778143870554
C. elegans,AIYL,AWAR,0.9178686972273968
C. elegans,AIYL,AWBL,0.5688750257958297
C. elegans,AIYL,AWBR,0.8691783158838234
C. elegans,AIYL,AWCL,0.4134652589185448
C. elegans,AIYL,AWCR,0.646646480067463
C. elegans,AIYL,BAGL,-0.7808754762043949
C. elegans,AIYL,CEPDL,0.13808672795301435
C. elegans,AIYL,CEPDR,0.7196895640504541
C. elegans,AIYL,CEPVL,0.05415184061564419
C. elegans,AIYL,CEPVR,0.3835797216867642
C. elegans,AIYL,FLPL,0.5646376986987824
C. elegans,AIYL,FLPR,0.9100368793984649
C. elegans,AIYL,IL1DL,-0.21908387868415236
C. elegans,AIYL,IL1DR,-0.6812064606225553
C. elegans,AIYL,IL1L,-0.7333824235439947
C. elegans,AIYL,IL1R,-0.8658837194436405
C. elegans,AIYL,IL1VL,0.032135328288878065
C. elegans,AIYL,IL1VR,-0.9196450801184527
C. elegans,AIYL,IL2DL,0.680896553157437
C. elegans,AIYL,IL2DR,0.918364656019251
C. elegans,AIYL,IL2L,0.7698138996322424
C. elegans,AIYL,IL2R,0.7083409957063953
C. elegans,AIYL,IL2VL,0.8126705780573327
C. elegans,AIYL,IL2VR,0.7308096454632692
C. elegans,AIYL,OLLL,-0.826926602613563
C. elegans,AIYL,OLLR,-0.7557098975246022
C. elegans,AIYL,OLQDL,-0.9470715018796062
C. elegans,AIYL,OLQDR,-0.6101851874307463
C. elegans,AIYL,OLQVL,-0.9455703995426296
C. elegans,AIYL,OLQVR,-0.7626754386638102
C. elegans,AIYL,RIAL,0.740058645242011
C. elegans,AIYL,RIAR,0.9142494267839882
C. elegans,AIYL,RIBL,-0.7309623257599909
C. elegans,AIYL,RIBR,-0.727241208956408
C. elegans,AIYL,RICL,0.8549709810449078
C. elegans,AIYL,RICR,0.9917855086711933
C. elegans,AIYL,RID,-0.5557321470102773
C. elegans,AIYL,RIH,-0.7244066255115529
C. elegans,AIYL,RIML,-0.5262218633389906
C. elegans,AIYL,RIMR,-0.5485279479956996
C. elegans,AIYL,RIR,-0.1574998588031281
C. elegans,AIYL,RIS,-0.9946925875380536
C. elegans,AIYL,RIVL,-0.9297423235428823
C. elegans,AIYL,RIVR,-0.9369979940061549
C. elegans,AIYL,RMDDL,0.5657512990557556
C. elegans,AIYL,RMDDR,0.9598616497391133
C. elegans,AIYL,RMDL,-0.9895652386706998
C. elegans,AIYL,RMDR,-0.5331029871639232
C. elegans,AIYL,RMDVL,0.4381050098011923
C. elegans,AIYL,RMDVR,0.7896208680513864
C. elegans,AIYL,RMED,-0.9452362657708122
C. elegans,AIYL,RMEL,-0.8850068939797536
C. elegans,AIYL,RMER,-0.832560260155693
C. elegans,AIYL,RMEV,-0.9682207138739113
C. elegans,AIYL,RMGL,0.9487138291766206
C. elegans,AIYL,SAADL,0.21888808288780687
C. elegans,AIYL,SAADR,0.32956096253587674
C. elegans,AIYL,SAAVL,0.32251762742373
C. elegans,AIYL,SAAVR,0.6493374018732374
C. elegans,AIYL,SMBVR,-0.6528391150232219
C. elegans,AIYL,SMDDL,-0.24915045880887188
C. elegans,AIYL,SMDDR,-0.9095429777864311
C. elegans,AIYL,SMDVL,-0.9590958460448727
C. elegans,AIYL,SMDVR,-0.7059322969559821
C. elegans,AIYL,URADL,0.8990937738949168
C. elegans,AIYL,URADR,0.8689385562967513
C. elegans,AIYL,URAVL,0.9925335902190145
C. elegans,AIYL,URAVR,0.9253610377192893
C. elegans,AIYL,URBL,0.04995469322572785
C. elegans,AIYL,URBR,0.2012416016030542
C. elegans,AIYL,URXL,-0.4379521906509561
C. elegans,AIYL,URXR,0.6729705485447911
C. elegans,AIYL,URYDL,-0.7263058659273176
C. elegans,AIYL,URYDR,-0.17637757265274692
C. elegans,AIYL,URYVL,-0.845736659313227
C. elegans,AIYL,URYVR,0.7082499862256859
C. elegans,AIYR,AIZL,-0.18730349924901799
C. elegans,AIYR,AIZR,0.043753552415347105
C. elegans,AIYR,ALA,0.48295001440380425
C. elegans,AIYR,AQR,0.8368671704211021
C. elegans,AIYR,ASEL,0.3475578980065835
C. elegans,AIYR,ASER,-0.04484695804298624
C. elegans,AIYR,ASGL,0.5212141096244152
C. elegans,AIYR,ASGR,0.383723507356422
C. elegans,AIYR,ASHL,-0.19994179275166488
C. elegans,AIYR,ASIL,0.23638457647653877
C. elegans,AIYR,ASIR,0.7333341637318848
C. elegans,AIYR,ASKL,0.023300313116982795
C. elegans,AIYR,ASKR,0.3312261874900655
C. elegans,AIYR,AUAL,0.9054917273301293
C. elegans,AIYR,AUAR,0.6758054743529854
C. elegans,AIYR,AVAL,0.4318923708126816
C. elegans,AIYR,AVAR,0.43999669913139544
C. elegans,AIYR,AVBL,0.09038635979628669
C. elegans,AIYR,AVBR,0.702017735379184
C. elegans,AIYR,AVDL,0.30687021642019485
C. elegans,AIYR,AVDR,0.33712099762178765
C. elegans,AIYR,AVEL,0.2556354000188341
C. elegans,AIYR,AVER,0.2694963282550079
C. elegans,AIYR,AVHL,-0.06449531592691728
C. elegans,AIYR,AVJL,0.3425495593787781
C. elegans,AIYR,AVJR,0.13577383872217588
C. elegans,AIYR,AVKL,0.6250367296021409
C. elegans,AIYR,AVKR,0.7858625026770382
C. elegans,AIYR,AVL,0.8377698936594679
C. elegans,AIYR,AWAL,0.797997321698332
C. elegans,AIYR,AWAR,0.6892553937570318
C. elegans,AIYR,AWBL,0.6202246424896148
C. elegans,AIYR,AWBR,0.16687666621165573
C. elegans,AIYR,AWCL,0.4777629726044178
C. elegans,AIYR,AWCR,0.20899566155439683
C. elegans,AIYR,BAGL,-0.004982195372343045
C. elegans,AIYR,CEPDL,-0.6527934290184878
C. elegans,AIYR,CEPDR,-0.09822020772577433
C. elegans,AIYR,CEPVL,-0.36437334769615215
C. elegans,AIYR,CEPVR,-0.475293550471597
C. elegans,AIYR,FLPL,-0.22704993554154504
C. elegans,AIYR,FLPR,0.23861787416284974
C. elegans,AIYR,IL1DL,-0.6302593878050916
C. elegans,AIYR,IL1DR,-0.639504838076667
C. elegans,AIYR,IL1L,-0.9372465717332771
C. elegans,AIYR,IL1R,-0.2572536340640092
C. elegans,AIYR,IL1VL,-0.7211092271060017
C. elegans,AIYR,IL1VR,-0.27423981356612587
C. elegans,AIYR,IL2DL,0.0398884236493247
C. elegans,AIYR,IL2DR,0.43977343325969204
C. elegans,AIYR,IL2L,0.02601703409305476
C. elegans,AIYR,IL2R,0.7322163766312019
C. elegans,AIYR,IL2VL,0.08019265341525739
C. elegans,AIYR,IL2VR,0.18559490144424534
C. elegans,AIYR,OLLL,-0.889662987700069
C. elegans,AIYR,OLLR,-0.9238362389790876
C. elegans,AIYR,OLQDL,-0.8198631653788732
C. elegans,AIYR,OLQDR,-0.9536716751283498
C. elegans,AIYR,OLQVL,-0.8398224387014954
C. elegans,AIYR,OLQVR,-0.9400775060833576
C. elegans,AIYR,RIAL,-0.04104247497239777
C. elegans,AIYR,RIAR,0.277002215338573
C. elegans,AIYR,RIBL,0.04698030210834877
C. elegans,AIYR,RIBR,0.08884805753011528
C. elegans,AIYR,RICL,0.8946720459657539
C. elegans,AIYR,RICR,0.6271481771526768
C. elegans,AIYR,RID,0.29745293824883345
C. elegans,AIYR,RIH,-0.6631779889035078
C. elegans,AIYR,RIML,0.33949640385232316
C. elegans,AIYR,RIMR,0.31517202033144126
C. elegans,AIYR,RIR,-0.0783693371722399
C. elegans,AIYR,RIS,-0.5353601778592569
C. elegans,AIYR,RIVL,-0.6586913127406584
C. elegans,AIYR,RIVR,-0.6883675844496598
C. elegans,AIYR,RMDDL,0.6502866160009502
C. elegans,AIYR,RMDDR,0.3788883456121549
C. elegans,AIYR,RMDL,-0.7169791596490708
C. elegans,AIYR,RMDR,-0.9621952857982585
C. elegans,AIYR,RMDVL,0.1923947950326099
C. elegans,AIYR,RMDVR,0.05217493510499081
C. elegans,AIYR,RMED,-0.8179777276018332
C. elegans,AIYR,RMEL,-0.1852051009175894
C. elegans,AIYR,RMER,-0.22426818573092416
C. elegans,AIYR,RMEV,-0.6239850424477831
C. elegans,AIYR,RMGL,0.4379986727927336
C. elegans,AIYR,SAADL,0.8754358227641608
C. elegans,AIYR,SAADR,0.6980767137235963
C. elegans,AIYR,SAAVL,0.46219078616585174
C. elegans,AIYR,SAAVR,0.9430305272229464
C. elegans,AIYR,SMBVR,-0.10147601537378191
C. elegans,AIYR,SMDDL,0.566687704943522
C. elegans,AIYR,SMDDR,-0.8361261009472566
C. elegans,AIYR,SMDVL,-0.3815371978633262
C. elegans,AIYR,SMDVR,-0.35501595600591745
C. elegans,AIYR,URADL,0.23754181444380337
C. elegans,AIYR,URADR,0.1706541779658416
C. elegans,AIYR,URAVL,0.6634358998848311
C. elegans,AIYR,URAVR,0.5173599619740699
C. elegans,AIYR,URBL,-0.5537846764683549
C. elegans,AIYR,URBR,-0.6358702407794147
C. elegans,AIYR,URXL,-0.09214869647246846
C. elegans,AIYR,URXR,0.36225825656601984
C. elegans,AIYR,URYDL,-0.3639171028478512
C. elegans,AIYR,URYDR,-0.8060649169491443
C. elegans,AIYR,URYVL,-0.26378970580231764
C. elegans,AIYR,URYVR,0.1646701703021404
C. elegans,AIZL,AIZR,0.9694163985744059
C. elegans,AIZL,ALA,0.6704882519706699
C. elegans,AIZL,AQR,0.10750426051466973
C. elegans,AIZL,ASEL,-0.22731223417508126
C. elegans,AIZL,ASER,0.23746051190851894
C. elegans,AIZL,ASGL,-0.9326998582630048
C. elegans,AIZL,ASGR,-0.9005268433816798
C. elegans,AIZL,ASHL,0.24041416317984204
C. elegans,AIZL,ASIL,0.022965306504677357
C. elegans,AIZL,ASIR,0.09026461522388411
C. elegans,AIZL,ASKL,0.4178023764434357
C. elegans,AIZL,ASKR,0.612303812434436
C. elegans,AIZL,AUAL,-0.44896055822941466
C. elegans,AIZL,AUAR,-0.8157661824892269
C. elegans,AIZL,AVAL,-0.9555754056936961
C. elegans,AIZL,AVAR,-0.9481058754409198
C. elegans,AIZL,AVBL,-0.9899159776976147
C. elegans,AIZL,AVBR,-0.7999563287851006
C. elegans,AIZL,AVDL,0.8493479699910722
C. elegans,AIZL,AVDR,0.8373588769307153
C. elegans,AIZL,AVEL,-0.927304508268676
C. elegans,AIZL,AVER,-0.9912780247458294
C. elegans,AIZL,AVHL,0.9827114631828953
C. elegans,AIZL,AVJL,0.7799354939660902
C. elegans,AIZL,AVJR,0.905589077872793
C. elegans,AIZL,AVKL,-0.24891226666077207
C. elegans,AIZL,AVKR,-0.060587559583375444
C. elegans,AIZL,AVL,0.055689627781474765
C. elegans,AIZL,AWAL,-0.5735965251051686
C. elegans,AIZL,AWAR,0.5393783013249475
C. elegans,AIZL,AWBL,0.2422035589488298
C. elegans,AIZL,AWBR,0.9368169359396762
C. elegans,AIZL,AWCL,0.20665602486302415
C. elegans,AIZL,AWCR,0.7238183606105585
C. elegans,AIZL,BAGL,-0.9805789060550876
C. elegans,AIZL,CEPDL,0.7350690671733705
C. elegans,AIZL,CEPDR,0.9698206718477783
C. elegans,AIZL,CEPVL,0.2621532018270793
C. elegans,AIZL,CEPVR,0.8933321457616051
C. elegans,AIZL,FLPL,0.9763609643167364
C. elegans,AIZL,FLPR,0.888329941803631
C. elegans,AIZL,IL1DL,0.19837009778785572
C. elegans,AIZL,IL1DR,-0.34980168753259766
C. elegans,AIZL,IL1L,-0.0635190644910411
C. elegans,AIZL,IL1R,-0.88313990016866
C. elegans,AIZL,IL1VL,0.7816450945009427
C. elegans,AIZL,IL1VR,-0.8916113283432539
C. elegans,AIZL,IL2DL,0.89593234531635
C. elegans,AIZL,IL2DR,0.7758291809701569
C. elegans,AIZL,IL2L,0.9716921679382411
C. elegans,AIZL,IL2R,0.2814153733802216
C. elegans,AIZL,IL2VL,0.963052019059782
C. elegans,AIZL,IL2VR,0.8267606155819959
C. elegans,AIZL,OLLL,-0.2242089389071663
C. elegans,AIZL,OLLR,-0.10615533689827975
C. elegans,AIZL,OLQDL,-0.4085449763596699
C. elegans,AIZL,OLQDR,0.10181356005155756
C. elegans,AIZL,OLQVL,-0.3614444893954319
C. elegans,AIZL,OLQVR,-0.09034743409483771
C. elegans,AIZL,RIAL,0.9882485368346781
C. elegans,AIZL,RIAR,0.8919796662608218
C. elegans,AIZL,RIBL,-0.9875043648117654
C. elegans,AIZL,RIBR,-0.977779672792147
C. elegans,AIZL,RICL,0.2431307039716873
C. elegans,AIZL,RICR,0.6475583316714181
C. elegans,AIZL,RID,-0.9934399383270964
C. elegans,AIZL,RIH,-0.1515418323419892
C. elegans,AIZL,RIML,-0.9830350174788973
C. elegans,AIZL,RIMR,-0.962988532917812
C. elegans,AIZL,RIR,0.05303759662375349
C. elegans,AIZL,RIS,-0.717977669671445
C. elegans,AIZL,RIVL,-0.45747948610608985
C. elegans,AIZL,RIVR,-0.44378358698624576
C. elegans,AIZL,RMDDL,-0.04859795461447224
C. elegans,AIZL,RMDDR,0.8113720853001916
C. elegans,AIZL,RMDL,-0.5471045981133953
C. elegans,AIZL,RMDR,0.21164538053794307
C. elegans,AIZL,RMDVL,0.20050685719306136
C. elegans,AIZL,RMDVR,0.8769533235288307
C. elegans,AIZL,RMED,-0.36313679054914877
C. elegans,AIZL,RMEL,-0.9239125587962183
C. elegans,AIZL,RMER,-0.8837655896769402
C. elegans,AIZL,RMEV,-0.6427563260295898
C. elegans,AIZL,RMGL,0.7960688303990031
C. elegans,AIZL,SAADL,-0.605900634838618
C. elegans,AIZL,SAADR,-0.13396499109097768
C. elegans,AIZL,SAAVL,0.11298741237305866
C. elegans,AIZL,SAAVR,-0.03963402061977262
C. elegans,AIZL,SMBVR,-0.5932337770242089
C. elegans,AIZL,SMDDL,-0.8984944034330844
C. elegans,AIZL,SMDDR,-0.3655941314314311
C. elegans,AIZL,SMDVL,-0.8330858887026732
C. elegans,AIZL,SMDVR,-0.409470406401963
C. elegans,AIZL,URADL,0.852602782077708
C. elegans,AIZL,URADR,0.9358409016075646
C. elegans,AIZL,URAVL,0.5735718288601998
C. elegans,AIZL,URAVR,0.7129364722976673
C. elegans,AIZL,URBL,0.47079340391718577
C. elegans,AIZL,URBR,0.877157290736871
C. elegans,AIZL,URXL,-0.6035167141832948
C. elegans,AIZL,URXR,0.35575771953803387
C. elegans,AIZL,URYDL,-0.6670908339492018
C. elegans,AIZL,URYDR,0.4735644781398763
C. elegans,AIZL,URYVL,-0.8637104986898688
C. elegans,AIZL,URYVR,0.6081326924917225
C. elegans,AIZR,ALA,0.7564677224794847
C. elegans,AIZR,AQR,0.34594145518005115
C. elegans,AIZR,ASEL,-0.22967400473423752
C. elegans,AIZR,ASER,0.14535581899757907
C. elegans,AIZR,ASGL,-0.8298035473067193
C. elegans,AIZR,ASGR,-0.7899891725632938
C. elegans,AIZR,ASHL,0.11331904202459861
C. elegans,AIZR,ASIL,-0.006099968466117895
C. elegans,AIZR,ASIR,0.20693339436746885
C. elegans,AIZR,ASKL,0.349983521772029
C. elegans,AIZR,ASKR,0.6412281982479398
C. elegans,AIZR,AUAL,-0.2159338635979374
C. elegans,AIZR,AUAR,-0.6883954233032135
C. elegans,AIZR,AVAL,-0.8547717679298594
C. elegans,AIZR,AVAR,-0.8427858605189665
C. elegans,AIZR,AVBL,-0.972803321220406
C. elegans,AIZR,AVBR,-0.6282261044948656
C. elegans,AIZR,AVDL,0.9523824828678242
C. elegans,AIZR,AVDR,0.9458052996100309
C. elegans,AIZR,AVEL,-0.8479701272422465
C. elegans,AIZR,AVER,-0.9326235282542386
C. elegans,AIZR,AVHL,0.9684067754473102
C. elegans,AIZR,AVJL,0.9033277845194363
C. elegans,AIZR,AVJR,0.9743839093342006
C. elegans,AIZR,AVKL,-0.17332145615934844
C. elegans,AIZR,AVKR,0.06872560719668189
C. elegans,AIZR,AVL,0.2083204981211889
C. elegans,AIZR,AWAL,-0.43147791107210026
C. elegans,AIZR,AWAR,0.6857366039505751
C. elegans,AIZR,AWBL,0.3296361960265181
C. elegans,AIZR,AWBR,0.990745931607824
C. elegans,AIZR,AWCL,0.24894786100650107
C. elegans,AIZR,AWCR,0.7303030426450083
C. elegans,AIZR,BAGL,-0.9981140624763732
C. elegans,AIZR,CEPDL,0.6297947570215178
C. elegans,AIZR,CEPDR,0.9795840378723653
C. elegans,AIZR,CEPVL,0.2599200343673252
C. elegans,AIZR,CEPVR,0.8221858066643519
C. elegans,AIZR,FLPL,0.9177383072525981
C. elegans,AIZR,FLPR,0.9733794584184287
C. elegans,AIZR,IL1DL,0.12116495457813918
C. elegans,AIZR,IL1DR,-0.4512085103658742
C. elegans,AIZR,IL1L,-0.26143717229292607
C. elegans,AIZR,IL1R,-0.9385278915197239
C. elegans,AIZR,IL1VL,0.6046711846081289
C. elegans,AIZR,IL1VR,-0.9723608130660927
C. elegans,AIZR,IL2DL,0.8829500416118052
C. elegans,AIZR,IL2DR,0.8705734643950327
C. elegans,AIZR,IL2L,0.9814127251556751
C. elegans,AIZR,IL2R,0.40974757211448765
C. elegans,AIZR,IL2VL,0.9903909905193995
C. elegans,AIZR,IL2VR,0.8423155363560682
C. elegans,AIZR,OLLL,-0.41536757297675386
C. elegans,AIZR,OLLR,-0.30091542137644806
C. elegans,AIZR,OLQDL,-0.6036949082809688
C. elegans,AIZR,OLQDR,-0.09420212976188631
C. elegans,AIZR,OLQVL,-0.5732890528446863
C. elegans,AIZR,OLQVR,-0.29303648107819597
C. elegans,AIZR,RIAL,0.9879054401843876
C. elegans,AIZR,RIAR,0.96850607097076
C. elegans,AIZR,RIBL,-0.9832915609556009
C. elegans,AIZR,RIBR,-0.9861559281111022
C. elegans,AIZR,RICL,0.44152766667076354
C. elegans,AIZR,RICR,0.8035703666554626
C. elegans,AIZR,RID,-0.9383448030831908
C. elegans,AIZR,RIH,-0.36893859054427336
C. elegans,AIZR,RIML,-0.9247908502877199
C. elegans,AIZR,RIMR,-0.9222998420665697
C. elegans,AIZR,RIR,-0.05148203937285325
C. elegans,AIZR,RIS,-0.8646280168035956
C. elegans,AIZR,RIVL,-0.657910981665205
C. elegans,AIZR,RIVR,-0.6480220892578904
C. elegans,AIZR,RMDDL,0.16858277790684112
C. elegans,AIZR,RMDDR,0.9299596203946475
C. elegans,AIZR,RMDL,-0.7277500715943158
C. elegans,AIZR,RMDR,0.013336173623212655
C. elegans,AIZR,RMDVL,0.3310765415256503
C. elegans,AIZR,RMDVR,0.9379386577762513
C. elegans,AIZR,RMED,-0.5793178862807099
C. elegans,AIZR,RMEL,-0.9894057404615862
C. elegans,AIZR,RMER,-0.9261276995067654
C. elegans,AIZR,RMEV,-0.7871228804149156
C. elegans,AIZR,RMGL,0.9005234750706482
C. elegans,AIZR,SAADL,-0.39402458407227836
C. elegans,AIZR,SAADR,-0.035185203209521725
C. elegans,AIZR,SAAVL,0.1470898841161222
C. elegans,AIZR,SAAVR,0.15370663556232855
C. elegans,AIZR,SMBVR,-0.6923893473127483
C. elegans,AIZR,SMDDL,-0.7633246699570093
C. elegans,AIZR,SMDDR,-0.5538595811378751
C. elegans,AIZR,SMDVL,-0.9401618475471284
C. elegans,AIZR,SMDVR,-0.567517746046766
C. elegans,AIZR,URADL,0.9481671277403524
C. elegans,AIZR,URADR,0.9891609858955789
C. elegans,AIZR,URAVL,0.7565383149512853
C. elegans,AIZR,URAVR,0.8231092083564907
C. elegans,AIZR,URBL,0.4125905163788865
C. elegans,AIZR,URBR,0.7392280742225146
C. elegans,AIZR,URXL,-0.5658347712700476
C. elegans,AIZR,URXR,0.5171303886834668
C. elegans,AIZR,URYDL,-0.7124807637557712
C. elegans,AIZR,URYDR,0.3345201816709531
C. elegans,AIZR,URYVL,-0.9142052373917084
C. elegans,AIZR,URYVR,0.7192798228818726
C. elegans,ALA,AQR,0.41792770948682345
C. elegans,ALA,ASEL,0.4167439643868412
C. elegans,ALA,ASER,0.555552819141504
C. elegans,ALA,ASGL,-0.37619305725165625
C. elegans,ALA,ASGR,-0.6215320943295624
C. elegans,ALA,ASHL,0.4545083686548989
C. elegans,ALA,ASIL,0.5628821289106865
C. elegans,ALA,ASIR,0.7946047548178501
C. elegans,ALA,ASKL,0.7126790757730802
C. elegans,ALA,ASKR,0.9560272614770499
C. elegans,ALA,AUAL,0.08841527005916444
C. elegans,ALA,AUAR,-0.12488772769197982
C. elegans,ALA,AVAL,-0.5397778173544848
C. elegans,ALA,AVAR,-0.5405933054431596
C. elegans,ALA,AVBL,-0.7659022601025396
C. elegans,ALA,AVBR,-0.27383219965493977
C. elegans,ALA,AVDL,0.7688221152338965
C. elegans,ALA,AVDR,0.7854383489333274
C. elegans,ALA,AVEL,-0.7190323967883979
C. elegans,ALA,AVER,-0.6527733034564167
C. elegans,ALA,AVHL,0.7912568438442558
C. elegans,ALA,AVJL,0.6760423994711561
C. elegans,ALA,AVJR,0.6819927708670346
C. elegans,ALA,AVKL,0.511821215503422
C. elegans,ALA,AVKR,0.6977142820394996
C. elegans,ALA,AVL,0.7769184458688615
C. elegans,ALA,AWAL,0.222565712236164
C. elegans,ALA,AWAR,0.9615493177800151
C. elegans,ALA,AWBL,0.8656520520906515
C. elegans,ALA,AWBR,0.8316982328022914
C. elegans,ALA,AWCL,0.8011392665513981
C. elegans,ALA,AWCR,0.945188359649629
C. elegans,ALA,BAGL,-0.7601964423780283
C. elegans,ALA,CEPDL,-0.00745061550152331
C. elegans,ALA,CEPDR,0.6095653599912242
C. elegans,ALA,CEPVL,-0.39460172582227276
C. elegans,ALA,CEPVR,0.2733012837201811
C. elegans,ALA,FLPL,0.7130902369877856
C. elegans,ALA,FLPR,0.7684954808436774
C. elegans,ALA,IL1DL,-0.5562373556439343
C. elegans,ALA,IL1DR,-0.9249692156289274
C. elegans,ALA,IL1L,-0.7431049111722973
C. elegans,ALA,IL1R,-0.9349838412208277
C. elegans,ALA,IL1VL,0.24989928235812015
C. elegans,ALA,IL1VR,-0.8527923189831211
C. elegans,ALA,IL2DL,0.8911771963859834
C. elegans,ALA,IL2DR,0.9741408792208284
C. elegans,ALA,IL2L,0.8254549513158264
C. elegans,ALA,IL2R,0.9006158948432567
C. elegans,ALA,IL2VL,0.8290340432711593
C. elegans,ALA,IL2VR,0.9499405783262035
C. elegans,ALA,OLLL,-0.8293449831313935
C. elegans,ALA,OLLR,-0.7710192169080027
C. elegans,ALA,OLQDL,-0.8471003393721321
C. elegans,ALA,OLQDR,-0.6397511033521367
C. elegans,ALA,OLQVL,-0.7633389517966108
C. elegans,ALA,OLQVR,-0.7484689606255857
C. elegans,ALA,RIAL,0.7710545688144739
C. elegans,ALA,RIAR,0.8776256339585116
C. elegans,ALA,RIBL,-0.7782955219522388
C. elegans,ALA,RIBR,-0.6389731566085148
C. elegans,ALA,RICL,0.8201957796350755
C. elegans,ALA,RICR,0.9013214844767649
C. elegans,ALA,RID,-0.5897794444598972
C. elegans,ALA,RIH,-0.2544960923249548
C. elegans,ALA,RIML,-0.523214212355104
C. elegans,ALA,RIMR,-0.465947808287464
C. elegans,ALA,RIR,0.3990823999103729
C. elegans,ALA,RIS,-0.846814575546832
C. elegans,ALA,RIVL,-0.5862429111514638
C. elegans,ALA,RIVR,-0.6079273316910458
C. elegans,ALA,RMDDL,0.06313861002068921
C. elegans,ALA,RMDDR,0.7878728413981767
C. elegans,ALA,RMDL,-0.8554653214500189
C. elegans,ALA,RMDR,-0.5503329736214719
C. elegans,ALA,RMDVL,-0.10891437520706723
C. elegans,ALA,RMDVR,0.5501219500108854
C. elegans,ALA,RMED,-0.7068421173046204
C. elegans,ALA,RMEL,-0.7982041362326608
C. elegans,ALA,RMER,-0.9396197803604246
C. elegans,ALA,RMEV,-0.9462769296005588
C. elegans,ALA,RMGL,0.9428549397878794
C. elegans,ALA,SAADL,0.0021578608500278512
C. elegans,ALA,SAADR,0.6269148633089379
C. elegans,ALA,SAAVL,0.7329874813034609
C. elegans,ALA,SAAVR,0.6867927189754209
C. elegans,ALA,SMBVR,-0.21527530049701946
C. elegans,ALA,SMDDL,-0.4197547109561213
C. elegans,ALA,SMDDR,-0.8708231901109124
C. elegans,ALA,SMDVL,-0.8647604609042603
C. elegans,ALA,SMDVR,-0.22041766067623578
C. elegans,ALA,URADL,0.6870683047910074
C. elegans,ALA,URADR,0.840227315488636
C. elegans,ALA,URAVL,0.774835781115333
C. elegans,ALA,URAVR,0.9821869955661312
C. elegans,ALA,URBL,-0.28175388186329364
C. elegans,ALA,URBR,0.29530378587033734
C. elegans,ALA,URXL,-0.8482040002105221
C. elegans,ALA,URXR,0.17167433567459303
C. elegans,ALA,URYDL,-0.9818997761857576
C. elegans,ALA,URYDR,-0.3358973815019311
C. elegans,ALA,URYVL,-0.9526246378563008
C. elegans,ALA,URYVR,0.28073616664001727
C. elegans,AQR,ASEL,-0.1936001863369942
C. elegans,AQR,ASER,-0.43790845238121884
C. elegans,AQR,ASGL,0.1717156532958468
C. elegans,AQR,ASGR,0.27328550039080135
C. elegans,AQR,ASHL,-0.5683541680234724
C. elegans,AQR,ASIL,-0.24584510720373975
C. elegans,AQR,ASIR,0.3713234071737413
C. elegans,AQR,ASKL,-0.2952129145031907
C. elegans,AQR,ASKR,0.15326453343424087
C. elegans,AQR,AUAL,0.8314311135875366
C. elegans,AQR,AUAR,0.2691115872327608
C. elegans,AQR,AVAL,0.19030004806871736
C. elegans,AQR,AVAR,0.21334341608522045
C. elegans,AQR,AVBL,-0.1414883679620407
C. elegans,AQR,AVBR,0.5045205873830511
C. elegans,AQR,AVDL,0.6155263901699912
C. elegans,AQR,AVDR,0.6309443360857311
C. elegans,AQR,AVEL,0.14705447931683557
C. elegans,AQR,AVER,0.015762737153748794
C. elegans,AQR,AVHL,0.14533542070069344
C. elegans,AQR,AVJL,0.698905426250549
C. elegans,AQR,AVJR,0.506151036471092
C. elegans,AQR,AVKL,0.12036464772312885
C. elegans,AQR,AVKR,0.38957332146743734
C. elegans,AQR,AVL,0.5203372185889557
C. elegans,AQR,AWAL,0.3512206132762867
C. elegans,AQR,AWAR,0.6413519669459753
C. elegans,AQR,AWBL,0.28612883601260547
C. elegans,AQR,AWBR,0.4191694103557644
C. elegans,AQR,AWCL,0.08754577884991553
C. elegans,AQR,AWCR,0.10057817140306818
C. elegans,AQR,BAGL,-0.29193468356434893
C. elegans,AQR,CEPDL,-0.17359925495128162
C. elegans,AQR,CEPDR,0.2873186424634891
C. elegans,AQR,CEPVL,0.1820514958786098
C. elegans,AQR,CEPVR,-0.02399266953141145
C. elegans,AQR,FLPL,-0.03506245759040727
C. elegans,AQR,FLPR,0.5515978828503328
C. elegans,AQR,IL1DL,-0.1373683898497829
C. elegans,AQR,IL1DR,-0.37673949531338397
C. elegans,AQR,IL1L,-0.7307916484491859
C. elegans,AQR,IL1R,-0.38125151037802735
C. elegans,AQR,IL1VL,-0.5294669147659354
C. elegans,AQR,IL1VR,-0.5149509404490026
C. elegans,AQR,IL2DL,0.09455336173123098
C. elegans,AQR,IL2DR,0.5038392093776599
C. elegans,AQR,IL2L,0.23928330370788917
C. elegans,AQR,IL2R,0.47409408059497826
C. elegans,AQR,IL2VL,0.3127961288948023
C. elegans,AQR,IL2VR,0.18000494709443854
C. elegans,AQR,OLLL,-0.7447664162748869
C. elegans,AQR,OLLR,-0.727348247977097
C. elegans,AQR,OLQDL,-0.830875077095342
C. elegans,AQR,OLQDR,-0.6806337314833896
C. elegans,AQR,OLQVL,-0.9048413950087725
C. elegans,AQR,OLQVR,-0.7611810198723109
C. elegans,AQR,RIAL,0.21364511896506394
C. elegans,AQR,RIAR,0.49087908460053686
C. elegans,AQR,RIBL,-0.19465336195233957
C. elegans,AQR,RIBR,-0.27771244195848455
C. elegans,AQR,RICL,0.786196016624094
C. elegans,AQR,RICR,0.7400353072907795
C. elegans,AQR,RID,-0.014963959734993983
C. elegans,AQR,RIH,-0.9612862251000254
C. elegans,AQR,RIML,-0.011960569419837893
C. elegans,AQR,RIMR,-0.09440204735477097
C. elegans,AQR,RIR,-0.5299930747778391
C. elegans,AQR,RIS,-0.7387015116177705
C. elegans,AQR,RIVL,-0.93212002246096
C. elegans,AQR,RIVR,-0.938646808552829
C. elegans,AQR,RMDDL,0.9246815243378024
C. elegans,AQR,RMDDR,0.6649093737833357
C. elegans,AQR,RMDL,-0.8195069085470993
C. elegans,AQR,RMDR,-0.6676765796526419
C. elegans,AQR,RMDVL,0.6793218825930976
C. elegans,AQR,RMDVR,0.49011584405311703
C. elegans,AQR,RMED,-0.9373495123007722
C. elegans,AQR,RMEL,-0.47264214847130587
C. elegans,AQR,RMER,-0.32299604535194015
C. elegans,AQR,RMEV,-0.6766609610882562
C. elegans,AQR,RMGL,0.5616730012219016
C. elegans,AQR,SAADL,0.695821056508747
C. elegans,AQR,SAADR,0.24196131274971244
C. elegans,AQR,SAAVL,0.029918959154360405
C. elegans,AQR,SAAVR,0.6827027907780334
C. elegans,AQR,SMBVR,-0.6222548512173809
C. elegans,AQR,SMDDL,0.3373322009373132
C. elegans,AQR,SMDDR,-0.7782762608759798
C. elegans,AQR,SMDVL,-0.6053683673624618
C. elegans,AQR,SMDVR,-0.808601342033437
C. elegans,AQR,URADL,0.6022523368919162
C. elegans,AQR,URADR,0.41418024488884697
C. elegans,AQR,URAVL,0.8582989098750129
C. elegans,AQR,URAVR,0.545349482010468
C. elegans,AQR,URBL,-0.008173509408776265
C. elegans,AQR,URBR,-0.32989055884343377
C. elegans,AQR,URXL,0.11973377954434444
C. elegans,AQR,URXR,0.8131136999393835
C. elegans,AQR,URYDL,-0.24162069036748748
C. elegans,AQR,URYDR,-0.3514980282415418
C. elegans,AQR,URYVL,-0.34805569506584716
C. elegans,AQR,URYVR,0.6662793860818018
C. elegans,ASEL,ASER,0.842507415381555
C. elegans,ASEL,ASGL,0.3908049675978409
C. elegans,ASEL,ASGR,-0.07406575131256204
C. elegans,ASEL,ASHL,0.7804158410706545
C. elegans,ASEL,ASIL,0.9654692707320042
C. elegans,ASEL,ASIR,0.8065571862117257
C. elegans,ASEL,ASKL,0.770262958556723
C. elegans,ASEL,ASKR,0.5992286983792088
C. elegans,ASEL,AUAL,0.07095625091910109
C. elegans,ASEL,AUAR,0.5592686274073557
C. elegans,ASEL,AVAL,0.16471813824191023
C. elegans,ASEL,AVAR,0.13930680334373227
C. elegans,ASEL,AVBL,0.09947419524740307
C. elegans,ASEL,AVBR,0.16258656608491467
C. elegans,ASEL,AVDL,-0.2594810951222698
C. elegans,ASEL,AVDR,-0.23209379918509024
C. elegans,ASEL,AVEL,-0.1001079299079806
C. elegans,ASEL,AVER,0.15913060988764366
C. elegans,ASEL,AVHL,-0.056827230042895305
C. elegans,ASEL,AVJL,-0.3734125452272968
C. elegans,ASEL,AVJR,-0.37564353969592895
C. elegans,ASEL,AVKL,0.9491617501567975
C. elegans,ASEL,AVKR,0.8235279648038559
C. elegans,ASEL,AVL,0.7181283043513189
C. elegans,ASEL,AWAL,0.7367236503424973
C. elegans,ASEL,AWAR,0.35666329494105387
C. elegans,ASEL,AWBL,0.7962693369114072
C. elegans,ASEL,AWBR,-0.13262205300529398
C. elegans,ASEL,AWCL,0.8778702148918762
C. elegans,ASEL,AWCR,0.49279896464936984
C. elegans,ASEL,BAGL,0.19999505284056038
C. elegans,ASEL,CEPDL,-0.7265624633614012
C. elegans,ASEL,CEPDR,-0.4050324311981184
C. elegans,ASEL,CEPVL,-0.9992548396190969
C. elegans,ASEL,CEPVR,-0.5975836202114831
C. elegans,ASEL,FLPL,-0.04076288053430177
C. elegans,ASEL,FLPR,-0.2605312751125173
C. elegans,ASEL,IL1DL,-0.9451739872451629
C. elegans,ASEL,IL1DR,-0.6990499327246248
C. elegans,ASEL,IL1L,-0.5160069547663042
C. elegans,ASEL,IL1R,-0.10532406480458417
C. elegans,ASEL,IL1VL,-0.15978220935062967
C. elegans,ASEL,IL1VR,0.1158806522727164
C. elegans,ASEL,IL2DL,0.22255061159795275
C. elegans,ASEL,IL2DR,0.20066807636533157
C. elegans,ASEL,IL2L,-0.05845851495699373
C. elegans,ASEL,IL2R,0.6745273500829476
C. elegans,ASEL,IL2VL,-0.09363198417922353
C. elegans,ASEL,IL2VR,0.3286649492159304
C. elegans,ASEL,OLLL,-0.45027520604131627
C. elegans,ASEL,OLLR,-0.5108139482529954
C. elegans,ASEL,OLQDL,-0.20822721373210204
C. elegans,ASEL,OLQDR,-0.5866839045860791
C. elegans,ASEL,OLQVL,-0.08859862092478657
C. elegans,ASEL,OLQVR,-0.4726486174192445
C. elegans,ASEL,RIAL,-0.13933291420655927
C. elegans,ASEL,RIAR,-0.06351973353999334
C. elegans,ASEL,RIBL,0.1149203564465021
C. elegans,ASEL,RIBR,0.3644744409036157
C. elegans,ASEL,RICL,0.3871132273996024
C. elegans,ASEL,RICR,0.07835327740630464
C. elegans,ASEL,RID,0.2747447789985261
C. elegans,ASEL,RIH,0.45626399893532094
C. elegans,ASEL,RIML,0.3582812994251823
C. elegans,ASEL,RIMR,0.4756364750884315
C. elegans,ASEL,RIR,0.8857711093622145
C. elegans,ASEL,RIS,0.08040941996307929
C. elegans,ASEL,RIVL,0.2981507378606469
C. elegans,ASEL,RIVR,0.25533718073027595
C. elegans,ASEL,RMDDL,-0.4841069633023207
C. elegans,ASEL,RMDDR,-0.22224006802809484
C. elegans,ASEL,RMDL,-0.07097794438240831
C. elegans,ASEL,RMDR,-0.5893505643621424
C. elegans,ASEL,RMDVL,-0.8509619035762415
C. elegans,ASEL,RMDVR,-0.5251413469002406
C. elegans,ASEL,RMED,0.01819314018850995
C. elegans,ASEL,RMEL,0.20351141515949392
C. elegans,ASEL,RMER,-0.15119116061473198
C. elegans,ASEL,RMEV,-0.1928717374344703
C. elegans,ASEL,RMGL,0.09241476864769596
C. elegans,ASEL,SAADL,0.2154953141490834
C. elegans,ASEL,SAADR,0.9040462810035425
C. elegans,ASEL,SAAVL,0.9238229935201763
C. elegans,ASEL,SAAVR,0.5835319842969382
C. elegans,ASEL,SMBVR,0.7833461867664889
C. elegans,ASEL,SMDDL,0.17511417776543164
C. elegans,ASEL,SMDDR,-0.32761380206348184
C. elegans,ASEL,SMDVL,0.09371099488632871
C. elegans,ASEL,SMDVR,0.6945572948532047
C. elegans,ASEL,URADL,-0.37372812134473293
C. elegans,ASEL,URADR,-0.11562667941686897
C. elegans,ASEL,URAVL,-0.10353438263753897
C. elegans,ASEL,URAVR,0.2554638253524749
C. elegans,ASEL,URBL,-0.9409867317449613
C. elegans,ASEL,URBR,-0.33807562802441565
C. elegans,ASEL,URXL,-0.6379202416920082
C. elegans,ASEL,URXR,-0.7080002232487936
C. elegans,ASEL,URYDL,-0.5145502595216634
C. elegans,ASEL,URYDR,-0.788830224742089
C. elegans,ASEL,URYVL,-0.17586244238290497
C. elegans,ASEL,URYVR,-0.7345472043168968
C. elegans,ASER,ASGL,-0.14871287524725268
C. elegans,ASER,ASGR,-0.5788399682463529
C. elegans,ASER,ASHL,0.9875271163648176
C. elegans,ASER,ASIL,0.9468832835559673
C. elegans,ASER,ASIR,0.6420253933643586
C. elegans,ASER,ASKL,0.9759910817312334
C. elegans,ASER,ASKR,0.7740267869845064
C. elegans,ASER,AUAL,-0.4128859137826152
C. elegans,ASER,AUAR,0.02554806855860762
C. elegans,ASER,AVAL,-0.3663850871941606
C. elegans,ASER,AVAR,-0.39273299641228715
C. elegans,ASER,AVBL,-0.335547496826054
C. elegans,ASER,AVBR,-0.3941118207361833
C. elegans,ASER,AVDL,-0.023384707949432582
C. elegans,ASER,AVDR,-0.009602979851106044
C. elegans,ASER,AVEL,-0.5746853594761827
C. elegans,ASER,AVER,-0.33297567766449737
C. elegans,ASER,AVHL,0.3688232076579719
C. elegans,ASER,AVJL,-0.18393049007986767
C. elegans,ASER,AVJR,-0.06535681582964872
C. elegans,ASER,AVKL,0.6876469265744807
C. elegans,ASER,AVKR,0.5798924953250744
C. elegans,ASER,AVL,0.499855369569144
C. elegans,ASER,AWAL,0.271948728228477
C. elegans,ASER,AWAR,0.36929635734295185
C. elegans,ASER,AWBL,0.7318169546861215
C. elegans,ASER,AWBR,0.1929868248764867
C. elegans,ASER,AWCL,0.8504118111989641
C. elegans,ASER,AWCR,0.7489246995348673
C. elegans,ASER,BAGL,-0.194127522924685
C. elegans,ASER,CEPDL,-0.24271097439670564
C. elegans,ASER,CEPDR,0.008251411061278554
C. elegans,ASER,CEPVL,-0.8216881020427504
C. elegans,ASER,CEPVR,-0.10051085910360259
C. elegans,ASER,FLPL,0.4372335537535843
C. elegans,ASER,FLPR,0.014390601217467979
C. elegans,ASER,IL1DL,-0.7026511436856736
C. elegans,ASER,IL1DR,-0.6676588168939138
C. elegans,ASER,IL1L,-0.25725203444270656
C. elegans,ASER,IL1R,-0.3910718805214476
C. elegans,ASER,IL1VL,0.3958345602750145
C. elegans,ASER,IL1VR,-0.156122021498415
C. elegans,ASER,IL2DL,0.592133047533042
C. elegans,ASER,IL2DR,0.3861708492273604
C. elegans,ASER,IL2L,0.332398028418343
C. elegans,ASER,IL2R,0.5826417477581628
C. elegans,ASER,IL2VL,0.2737587587094084
C. elegans,ASER,IL2VR,0.6266283488938381
C. elegans,ASER,OLLL,-0.2704965108281881
C. elegans,ASER,OLLR,-0.2739175482894171
C. elegans,ASER,OLQDL,-0.11537569262892192
C. elegans,ASER,OLQDR,-0.2576650523662321
C. elegans,ASER,OLQVL,0.03668658469992521
C. elegans,ASER,OLQVR,-0.22179294841157748
C. elegans,ASER,RIAL,0.27647530456118136
C. elegans,ASER,RIAR,0.21046097161420088
C. elegans,ASER,RIBL,-0.30383698116977853
C. elegans,ASER,RIBR,-0.05111229085312611
C. elegans,ASER,RICL,0.21019425438822167
C. elegans,ASER,RICR,0.14189787744085755
C. elegans,ASER,RID,-0.22150563034637324
C. elegans,ASER,RIH,0.6382558787343996
C. elegans,ASER,RIML,-0.14327977996450553
C. elegans,ASER,RIMR,-0.003365286400605716
C. elegans,ASER,RIR,0.9802868375957954
C. elegans,ASER,RIS,-0.03455445063763369
C. elegans,ASER,RIVL,0.34360394429705843
C. elegans,ASER,RIVR,0.314102957306837
C. elegans,ASER,RMDDL,-0.7461863185295856
C. elegans,ASER,RMDDR,-0.02390888762943125
C. elegans,ASER,RMDL,-0.06260042592279881
C. elegans,ASER,RMDR,-0.21212805734102405
C. elegans,ASER,RMDVL,-0.876578806453377
C. elegans,ASER,RMDVR,-0.20671669608150547
C. elegans,ASER,RMED,0.14110163460913244
C. elegans,ASER,RMEL,-0.10693030839321514
C. elegans,ASER,RMER,-0.4505880918907674
C. elegans,ASER,RMEV,-0.26148460332265944
C. elegans,ASER,RMGL,0.28121824950329793
C. elegans,ASER,SAADL,-0.3157815549718254
C. elegans,ASER,SAADR,0.6634661049237522
C. elegans,ASER,SAAVL,0.8651516618828481
C. elegans,ASER,SAAVR,0.2836535161739876
C. elegans,ASER,SMBVR,0.61242723958078
C. elegans,ASER,SMDDL,-0.3766847601735907
C. elegans,ASER,SMDDR,-0.21781080682703327
C. elegans,ASER,SMDVL,-0.11947339158842298
C. elegans,ASER,SMDVR,0.6795540244402528
C. elegans,ASER,URADL,-0.11918526961584662
C. elegans,ASER,URADR,0.20921090299840225
C. elegans,ASER,URAVL,-0.09226486705030575
C. elegans,ASER,URAVR,0.391944001015596
C. elegans,ASER,URBL,-0.6108434938787245
C. elegans,ASER,URBR,0.21937822966208376
C. elegans,ASER,URXL,-0.8907252518293547
C. elegans,ASER,URXR,-0.7183675930244191
C. elegans,ASER,URYDL,-0.6967206520114927
C. elegans,ASER,URYDR,-0.36554533369648823
C. elegans,ASER,URYVL,-0.4550821506986498
C. elegans,ASER,URYVR,-0.5759420670409091
C. elegans,ASGL,ASGR,0.8889575655896381
C. elegans,ASGL,ASHL,-0.20798829018073442
C. elegans,ASGL,ASIL,0.13775202076819343
C. elegans,ASGL,ASIR,0.23319922711671676
C. elegans,ASGL,ASKL,-0.285474793391455
C. elegans,ASGL,ASKR,-0.36238348831759454
C. elegans,ASGL,AUAL,0.6900851588191799
C. elegans,ASGL,AUAR,0.9656400824468558
C. elegans,ASGL,AVAL,0.9713210641182471
C. elegans,ASGL,AVAR,0.9655947746801161
C. elegans,ASGL,AVBL,0.8814028236811725
C. elegans,ASGL,AVBR,0.9286606416451341
C. elegans,ASGL,AVDL,-0.6422292069836523
C. elegans,ASGL,AVDR,-0.6197044190608557
C. elegans,ASGL,AVEL,0.8669418565585476
C. elegans,ASGL,AVER,0.9471316067579095
C. elegans,ASGL,AVHL,-0.8631662883193305
C. elegans,ASGL,AVJL,-0.5804731434929706
C. elegans,ASGL,AVJR,-0.7566246411353899
C. elegans,ASGL,AVKL,0.49758570651827466
C. elegans,ASGL,AVKR,0.380583906969047
C. elegans,ASGL,AVL,0.2902798589645623
C. elegans,ASGL,AWAL,0.8145366984441634
C. elegans,ASGL,AWAR,-0.20061714581497872
C. elegans,ASGL,AWBL,0.06523347706009593
C. elegans,ASGL,AWBR,-0.7530941817916248
C. elegans,ASGL,AWCL,0.0546473280708314
C. elegans,ASGL,AWCR,-0.5067750595518903
C. elegans,ASGL,BAGL,0.849825335848069
C. elegans,ASGL,CEPDL,-0.9028343029361292
C. elegans,ASGL,CEPDR,-0.8917420002624367
C. elegans,ASGL,CEPVL,-0.4260273460351922
C. elegans,ASGL,CEPVR,-0.9679695660537635
C. elegans,ASGL,FLPL,-0.9106493798903023
C. elegans,ASGL,FLPR,-0.6982746350575955
C. elegans,ASGL,IL1DL,-0.45595259905805885
C. elegans,ASGL,IL1DR,0.027891363237412096
C. elegans,ASGL,IL1L,-0.3003444311784491
C. elegans,ASGL,IL1R,0.6578941479244395
C. elegans,ASGL,IL1VL,-0.9192011245291241
C. elegans,ASGL,IL1VR,0.6774316835825857
C. elegans,ASGL,IL2DL,-0.7317322198816492
C. elegans,ASGL,IL2DR,-0.49788316961272594
C. elegans,ASGL,IL2L,-0.8237347391242427
C. elegans,ASGL,IL2R,0.0592756126184395
C. elegans,ASGL,IL2VL,-0.8011721195588731
C. elegans,ASGL,IL2VR,-0.6156052791248933
C. elegans,ASGL,OLLL,-0.1422644075011711
C. elegans,ASGL,OLLR,-0.25913477430397347
C. elegans,ASGL,OLQDL,0.05769952116491532
C. elegans,ASGL,OLQDR,-0.45239232790120665
C. elegans,ASGL,OLQVL,0.020652635773704856
C. elegans,ASGL,OLQVR,-0.2749114650654
C. elegans,ASGL,RIAL,-0.8667712523578446
C. elegans,ASGL,RIAR,-0.6725671244997868
C. elegans,ASGL,RIBL,0.8661322670071202
C. elegans,ASGL,RIBR,0.8920987771995231
C. elegans,ASGL,RICL,0.12268209672250528
C. elegans,ASGL,RICR,-0.3360973184293938
C. elegans,ASGL,RID,0.9676943963526947
C. elegans,ASGL,RIH,-0.05493884628170816
C. elegans,ASGL,RIML,0.9796418363694965
C. elegans,ASGL,RIMR,0.9639984398117573
C. elegans,ASGL,RIR,0.0007133415729035306
C. elegans,ASGL,RIS,0.43959026579283444
C. elegans,ASGL,RIVL,0.19428937140531682
C. elegans,ASGL,RIVR,0.1692480810134754
C. elegans,ASGL,RMDDL,0.2188494931666278
C. elegans,ASGL,RMDDR,-0.5828426162010633
C. elegans,ASGL,RMDL,0.22118259068011917
C. elegans,ASGL,RMDR,-0.5490022752837463
C. elegans,ASGL,RMDVL,-0.1758262099597279
C. elegans,ASGL,RMDVR,-0.7722619680192426
C. elegans,ASGL,RMED,0.038060300832051946
C. elegans,ASGL,RMEL,0.7417553918553106
C. elegans,ASGL,RMER,0.6656956997770458
C. elegans,ASGL,RMEV,0.32375070393118266
C. elegans,ASGL,RMGL,-0.5245160530810413
C. elegans,ASGL,SAADL,0.8254924707886167
C. elegans,ASGL,SAADR,0.4203618662418204
C. elegans,ASGL,SAAVL,0.1329754699450783
C. elegans,ASGL,SAAVR,0.39562558794266917
C. elegans,ASGL,SMBVR,0.5351546305738106
C. elegans,ASGL,SMDDL,0.9684895340466014
C. elegans,ASGL,SMDDR,0.005986170457102888
C. elegans,ASGL,SMDVL,0.5900043554473275
C. elegans,ASGL,SMDVR,0.2868774302509838
C. elegans,ASGL,URADL,-0.6774057686613469
C. elegans,ASGL,URADR,-0.7496215134567398
C. elegans,ASGL,URAVL,-0.2757676633200529
C. elegans,ASGL,URAVR,-0.413989324372306
C. elegans,ASGL,URBL,-0.6621556567157048
C. elegans,ASGL,URBR,-0.9866316340897555
C. elegans,ASGL,URXL,0.4314654108249984
C. elegans,ASGL,URXR,-0.239804979124323
C. elegans,ASGL,URYDL,0.40503451044226074
C. elegans,ASGL,URYDR,-0.7362590672737339
C. elegans,ASGL,URYVL,0.6334303662174042
C. elegans,ASGL,URYVR,-0.5228074218439496
C. elegans,ASGR,ASHL,-0.6108248728277089
C. elegans,ASGR,ASIL,-0.33114869955872717
C. elegans,ASGR,ASIR,-0.15418802425177355
C. elegans,ASGR,ASKL,-0.6926955214886783
C. elegans,ASGR,ASKR,-0.695187405325843
C. elegans,ASGR,AUAL,0.7056893783565183
C. elegans,ASGR,AUAR,0.7663119469109937
C. elegans,ASGR,AVAL,0.9707878384079981
C. elegans,ASGR,AVAR,0.9770532665728947
C. elegans,ASGR,AVBL,0.9091396398253524
C. elegans,ASGR,AVBR,0.9223169359599666
C. elegans,ASGR,AVDL,-0.5740412295887822
C. elegans,ASGR,AVDR,-0.5634380606555338
C. elegans,ASGR,AVEL,0.9904031157941842
C. elegans,ASGR,AVER,0.9490815095064492
C. elegans,ASGR,AVHL,-0.9107159502974806
C. elegans,ASGR,AVJL,-0.450769791535951
C. elegans,ASGR,AVJR,-0.6390522905994935
C. elegans,ASGR,AVKL,0.06419008658928631
C. elegans,ASGR,AVKR,-0.002760120664939612
C. elegans,ASGR,AVL,-0.04942895740737703
C. elegans,ASGR,AWAL,0.512498748168876
C. elegans,ASGR,AWAR,-0.40299484532867436
C. elegans,ASGR,AWBL,-0.3306385217543437
C. elegans,ASGR,AWBR,-0.75598389499491
C. elegans,ASGR,AWCL,-0.3809672638527685
C. elegans,ASGR,AWCR,-0.7982325317981994
C. elegans,ASGR,BAGL,0.8260470338358428
C. elegans,ASGR,CEPDL,-0.6153114977604658
C. elegans,ASGR,CEPDR,-0.7688983424695163
C. elegans,ASGR,CEPVL,0.03554696801086183
C. elegans,ASGR,CEPVR,-0.7521549295493967
C. elegans,ASGR,FLPL,-0.9685057579732572
C. elegans,ASGR,FLPR,-0.6337495180225619
C. elegans,ASGR,IL1DL,-0.020786040833763616
C. elegans,ASGR,IL1DR,0.3840583071803186
C. elegans,ASGR,IL1L,-0.06054236047963321
C. elegans,ASGR,IL1R,0.7712901361444144
C. elegans,ASGR,IL1VL,-0.9131909428144614
C. elegans,ASGR,IL1VR,0.6831434766449396
C. elegans,ASGR,IL2DL,-0.9072690303856419
C. elegans,ASGR,IL2DR,-0.6464385463094166
C. elegans,ASGR,IL2L,-0.8680187569905103
C. elegans,ASGR,IL2R,-0.2780803695539822
C. elegans,ASGR,IL2VL,-0.8266485874592686
C. elegans,ASGR,IL2VR,-0.8351038963548129
C. elegans,ASGR,OLLL,0.07842318953509382
C. elegans,ASGR,OLLR,-0.018409518578401063
C. elegans,ASGR,OLQDL,0.17536190887420355
C. elegans,ASGR,OLQDR,-0.19084742192517168
C. elegans,ASGR,OLQVL,0.07598527382311782
C. elegans,ASGR,OLQVR,-0.05430898977190073
C. elegans,ASGR,RIAL,-0.8740261001152717
C. elegans,ASGR,RIAR,-0.7038249369267806
C. elegans,ASGR,RIBL,0.8853592530174954
C. elegans,ASGR,RIBR,0.7894906877323742
C. elegans,ASGR,RICL,-0.0684997867252037
C. elegans,ASGR,RICR,-0.4118586983163805
C. elegans,ASGR,RID,0.9138580175606654
C. elegans,ASGR,RIH,-0.2783044234052835
C. elegans,ASGR,RIML,0.8849898374992405
C. elegans,ASGR,RIMR,0.8100886748759302
C. elegans,ASGR,RIR,-0.4372342012543658
C. elegans,ASGR,RIS,0.44479971753309594
C. elegans,ASGR,RIVL,0.07129153771827913
C. elegans,ASGR,RIVR,0.06558626362277976
C. elegans,ASGR,RMDDL,0.4706754573205417
C. elegans,ASGR,RMDDR,-0.5286717865955144
C. elegans,ASGR,RMDL,0.28413922376974166
C. elegans,ASGR,RMDR,-0.2945947221514732
C. elegans,ASGR,RMDVL,0.2280606732817035
C. elegans,ASGR,RMDVR,-0.581041306343195
C. elegans,ASGR,RMED,0.041768682904929993
C. elegans,ASGR,RMEL,0.7087242038319072
C. elegans,ASGR,RMER,0.8021329986030519
C. elegans,ASGR,RMEV,0.4551272778681005
C. elegans,ASGR,RMGL,-0.6217694600558484
C. elegans,ASGR,SAADL,0.7818122697551042
C. elegans,ASGR,SAADR,0.0016469647848152906
C. elegans,ASGR,SAAVL,-0.31829399861119295
C. elegans,ASGR,SAAVR,0.130736663317581
C. elegans,ASGR,SMBVR,0.19555590153874783
C. elegans,ASGR,SMDDL,0.9610130142009164
C. elegans,ASGR,SMDDR,0.17841158551931738
C. elegans,ASGR,SMDVL,0.6001852816215314
C. elegans,ASGR,SMDVR,-0.027815213633548944
C. elegans,ASGR,URADL,-0.5549301637518659
C. elegans,ASGR,URADR,-0.7606682094619244
C. elegans,ASGR,URAVL,-0.2564741000776353
C. elegans,ASGR,URAVR,-0.5831535632362048
C. elegans,ASGR,URBL,-0.24820046241770832
C. elegans,ASGR,URBR,-0.8992221229654604
C. elegans,ASGR,URXL,0.7868259454394908
C. elegans,ASGR,URXR,0.08563486196797401
C. elegans,ASGR,URYDL,0.7000306942602691
C. elegans,ASGR,URYDR,-0.4013770674284273
C. elegans,ASGR,URYVL,0.7796868138764645
C. elegans,ASGR,URYVR,-0.20701800537391404
C. elegans,ASHL,ASIL,0.8951985587269751
C. elegans,ASHL,ASIR,0.5134256857685532
C. elegans,ASHL,ASKL,0.9486630982898241
C. elegans,ASHL,ASKR,0.6955992566882528
C. elegans,ASHL,AUAL,-0.5414768774022801
C. elegans,ASHL,AUAR,-0.06370465430256832
C. elegans,ASHL,AVAL,-0.4077590056010455
C. elegans,ASHL,AVAR,-0.43521258640014476
C. elegans,ASHL,AVBL,-0.32184188555590326
C. elegans,ASHL,AVBR,-0.4820523676381039
C. elegans,ASHL,AVDL,-0.09234980485377235
C. elegans,ASHL,AVDR,-0.08332216646619058
C. elegans,ASHL,AVEL,-0.5855781394969405
C. elegans,ASHL,AVER,-0.3479611281896713
C. elegans,ASHL,AVHL,0.3506749286710197
C. elegans,ASHL,AVJL,-0.2547124903435944
C. elegans,ASHL,AVJR,-0.1076632921204622
C. elegans,ASHL,AVKL,0.5837967939455411
C. elegans,ASHL,AVKR,0.44732848539103837
C. elegans,ASHL,AVL,0.3573424310485177
C. elegans,ASHL,AWAL,0.1539262194560663
C. elegans,ASHL,AWAR,0.24093031958483896
C. elegans,ASHL,AWBL,0.6164709181377563
C. elegans,ASHL,AWBR,0.1413350632323275
C. elegans,ASHL,AWCL,0.7570630949298609
C. elegans,ASHL,AWCR,0.6877817091114913
C. elegans,ASHL,BAGL,-0.16735187709528868
C. elegans,ASHL,CEPDL,-0.15218464867979062
C. elegans,ASHL,CEPDR,0.0008671812115318917
C. elegans,ASHL,CEPVL,-0.7580215230860263
C. elegans,ASHL,CEPVR,-0.04416153038439141
C. elegans,ASHL,FLPL,0.4443121706856861
C. elegans,ASHL,FLPR,-0.04509706135297384
C. elegans,ASHL,IL1DL,-0.596555450641094
C. elegans,ASHL,IL1DR,-0.5475727525232624
C. elegans,ASHL,IL1L,-0.10202298734497431
C. elegans,ASHL,IL1R,-0.3234398088289018
C. elegans,ASHL,IL1VL,0.48724301628478733
C. elegans,ASHL,IL1VR,-0.08886344019660368
C. elegans,ASHL,IL2DL,0.5561923338597976
C. elegans,ASHL,IL2DR,0.29191903157139976
C. elegans,ASHL,IL2L,0.3005249319789664
C. elegans,ASHL,IL2R,0.45052059948738743
C. elegans,ASHL,IL2VL,0.234235860595891
C. elegans,ASHL,IL2VR,0.5685071251578692
C. elegans,ASHL,OLLL,-0.11889210165793779
C. elegans,ASHL,OLLR,-0.11959150496855023
C. elegans,ASHL,OLQDL,0.02724538139466279
C. elegans,ASHL,OLQDR,-0.10372046092841108
C. elegans,ASHL,OLQVL,0.17925486487871228
C. elegans,ASHL,OLQVR,-0.06597151539652246
C. elegans,ASHL,RIAL,0.25573447874371075
C. elegans,ASHL,RIAR,0.14198914799215465
C. elegans,ASHL,RIBL,-0.28368111317370087
C. elegans,ASHL,RIBR,-0.04143711621259031
C. elegans,ASHL,RICL,0.05818451692161433
C. elegans,ASHL,RICR,0.024102821596619743
C. elegans,ASHL,RID,-0.24248078990619967
C. elegans,ASHL,RIH,0.73911717960379
C. elegans,ASHL,RIML,-0.17233268752397674
C. elegans,ASHL,RIMR,-0.030959876312252343
C. elegans,ASHL,RIR,0.9778332851922591
C. elegans,ASHL,RIS,0.06870393833706194
C. elegans,ASHL,RIVL,0.455134456387033
C. elegans,ASHL,RIVR,0.43047551538329976
C. elegans,ASHL,RMDDL,-0.8387227491741219
C. elegans,ASHL,RMDDR,-0.10350084955569674
C. elegans,ASHL,RMDL,0.06608805759973041
C. elegans,ASHL,RMDR,-0.060061642901422296
C. elegans,ASHL,RMDVL,-0.8998556642398756
C. elegans,ASHL,RMDVR,-0.232971896168349
C. elegans,ASHL,RMED,0.2787469271140351
C. elegans,ASHL,RMEL,-0.05385587546374074
C. elegans,ASHL,RMER,-0.38738965114279333
C. elegans,ASHL,RMEV,-0.14263293924855638
C. elegans,ASHL,RMGL,0.18824257368338082
C. elegans,ASHL,SAADL,-0.4371984558198269
C. elegans,ASHL,SAADR,0.5455305200137627
C. elegans,ASHL,SAAVL,0.7763117838901545
C. elegans,ASHL,SAAVR,0.12957416874279165
C. elegans,ASHL,SMBVR,0.6341603668406752
C. elegans,ASHL,SMDDL,-0.4408575581179187
C. elegans,ASHL,SMDDR,-0.07216699953653143
C. elegans,ASHL,SMDVL,-0.03693138183248578
C. elegans,ASHL,SMDVR,0.7365960935110818
C. elegans,ASHL,URADL,-0.1757799824300305
C. elegans,ASHL,URADR,0.1567497294758783
C. elegans,ASHL,URAVL,-0.21083336664475436
C. elegans,ASHL,URAVR,0.286676056822931
C. elegans,ASHL,URBL,-0.524744696724392
C. elegans,ASHL,URBR,0.29734384182547796
C. elegans,ASHL,URXL,-0.8491615460706997
C. elegans,ASHL,URXR,-0.7747514618856154
C. elegans,ASHL,URYDL,-0.6128420013929078
C. elegans,ASHL,URYDR,-0.2425457114358146
C. elegans,ASHL,URYVL,-0.38596630879605015
C. elegans,ASHL,URYVR,-0.6086617555100597
C. elegans,ASIL,ASIR,0.8087141034485416
C. elegans,ASIL,ASKL,0.9098030097975517
C. elegans,ASIL,ASKR,0.7526957205823501
C. elegans,ASIL,AUAL,-0.1107060407626536
C. elegans,ASIL,AUAR,0.33069822772791396
C. elegans,ASIL,AVAL,-0.09792805198201199
C. elegans,ASIL,AVAR,-0.12344171499332628
C. elegans,ASIL,AVBL,-0.14673261131840976
C. elegans,ASIL,AVBR,-0.084126789078915
C. elegans,ASIL,AVDL,-0.08866239015730647
C. elegans,ASIL,AVDR,-0.06534965760033297
C. elegans,ASIL,AVEL,-0.35452556383290224
C. elegans,ASIL,AVER,-0.09919365448922546
C. elegans,ASIL,AVHL,0.18760712648654748
C. elegans,ASIL,AVJL,-0.22833497605995234
C. elegans,ASIL,AVJR,-0.18268693639456712
C. elegans,ASIL,AVKL,0.883882420455443
C. elegans,ASIL,AVKR,0.7850604703374952
C. elegans,ASIL,AVL,0.6987292130065279
C. elegans,ASIL,AWAL,0.56659373084364
C. elegans,ASIL,AWAR,0.4504959056425087
C. elegans,ASIL,AWBL,0.8446491000651628
C. elegans,ASIL,AWBR,0.07763394894474193
C. elegans,ASIL,AWCL,0.9333343148719329
C. elegans,ASIL,AWCR,0.67847100257487
C. elegans,ASIL,BAGL,-0.031011750460715463
C. elegans,ASIL,CEPDL,-0.528140526239998
C. elegans,ASIL,CEPDR,-0.17843605017183833
C. elegans,ASIL,CEPVL,-0.9547215130472212
C. elegans,ASIL,CEPVR,-0.3683704730105367
C. elegans,ASIL,FLPL,0.21631830980691832
C. elegans,ASIL,FLPR,-0.07453840704101375
C. elegans,ASIL,IL1DL,-0.8917086257541434
C. elegans,ASIL,IL1DR,-0.7674616936980154
C. elegans,ASIL,IL1L,-0.48020556263153796
C. elegans,ASIL,IL1R,-0.3068317139553473
C. elegans,ASIL,IL1VL,0.08413750937412906
C. elegans,ASIL,IL1VR,-0.0752295394964415
C. elegans,ASIL,IL2DL,0.4510068749709905
C. elegans,ASIL,IL2DR,0.3654784144913754
C. elegans,ASIL,IL2L,0.17571654152569055
C. elegans,ASIL,IL2R,0.7172267106693055
C. elegans,ASIL,IL2VL,0.13218571610811533
C. elegans,ASIL,IL2VR,0.5333899937373311
C. elegans,ASIL,OLLL,-0.45466972349621926
C. elegans,ASIL,OLLR,-0.48635618892349264
C. elegans,ASIL,OLQDL,-0.25163839189057263
C. elegans,ASIL,OLQDR,-0.5123608145738614
C. elegans,ASIL,OLQVL,-0.11277328653690508
C. elegans,ASIL,OLQVR,-0.4410471532591621
C. elegans,ASIL,RIAL,0.10039708405483275
C. elegans,ASIL,RIAR,0.1300766469070007
C. elegans,ASIL,RIBL,-0.12633917634815306
C. elegans,ASIL,RIBR,0.13465933067422786
C. elegans,ASIL,RICL,0.39258911512518024
C. elegans,ASIL,RICR,0.190000322268171
C. elegans,ASIL,RID,0.019374999243120864
C. elegans,ASIL,RIH,0.4965017341574471
C. elegans,ASIL,RIML,0.1061913762602021
C. elegans,ASIL,RIMR,0.2363679291783097
C. elegans,ASIL,RIR,0.9496705512066467
C. elegans,ASIL,RIS,-0.04819175040046141
C. elegans,ASIL,RIVL,0.2547691343001012
C. elegans,ASIL,RIVR,0.21563014718773443
C. elegans,ASIL,RMDDL,-0.5739548073592812
C. elegans,ASIL,RMDDR,-0.06484518731834156
C. elegans,ASIL,RMDL,-0.1501136092469193
C. elegans,ASIL,RMDR,-0.48741542451010084
C. elegans,ASIL,RMDVL,-0.8600933259906671
C. elegans,ASIL,RMDVR,-0.3398310671802375
C. elegans,ASIL,RMED,-0.0028493816002786794
C. elegans,ASIL,RMEL,0.0014958290518718054
C. elegans,ASIL,RMER,-0.35787108737567147
C. elegans,ASIL,RMEV,-0.3093347248121368
C. elegans,ASIL,RMGL,0.25693131874007646
C. elegans,ASIL,SAADL,0.004911474366168257
C. elegans,ASIL,SAADR,0.8587854008129768
C. elegans,ASIL,SAAVL,0.9598105359438486
C. elegans,ASIL,SAAVR,0.525238347304341
C. elegans,ASIL,SMBVR,0.6848951260501274
C. elegans,ASIL,SMDDL,-0.08407307135486523
C. elegans,ASIL,SMDDR,-0.3650897981658085
C. elegans,ASIL,SMDVL,-0.07525116764391725
C. elegans,ASIL,SMDVR,0.6578130007988857
C. elegans,ASIL,URADL,-0.20211444856842278
C. elegans,ASIL,URADR,0.09492895516092133
C. elegans,ASIL,URAVL,-0.02220949897014812
C. elegans,ASIL,URAVR,0.4011356175456578
C. elegans,ASIL,URBL,-0.8265424365841758
C. elegans,ASIL,URBR,-0.08660106523238328
C. elegans,ASIL,URXL,-0.8108785112567275
C. elegans,ASIL,URXR,-0.6857517915993255
C. elegans,ASIL,URYDL,-0.6745685096998763
C. elegans,ASIL,URYDR,-0.6452753766570234
C. elegans,ASIL,URYVL,-0.3755811842316707
C. elegans,ASIL,URYVR,-0.6351944093764603
C. elegans,ASIR,ASKL,0.693604062846559
C. elegans,ASIR,ASKR,0.8157127963593571
C. elegans,ASIR,AUAL,0.3968120243853982
C. elegans,ASIR,AUAR,0.47741569613430146
C. elegans,ASIR,AVAL,0.018680152093966902
C. elegans,ASIR,AVAR,0.008242364034286409
C. elegans,ASIR,AVBL,-0.2293795548794425
C. elegans,ASIR,AVBR,0.22293479581546785
C. elegans,ASIR,AVDL,0.2909804220020261
C. elegans,ASIR,AVDR,0.32262117558518405
C. elegans,ASIR,AVEL,-0.25321169390579973
C. elegans,ASIR,AVER,-0.08848944165104099
C. elegans,ASIR,AVHL,0.2708374231511813
C. elegans,ASIR,AVJL,0.20756262692974659
C. elegans,ASIR,AVJR,0.13477224442046817
C. elegans,ASIR,AVKL,0.9187553483340404
C. elegans,ASIR,AVKR,0.9879499337203805
C. elegans,ASIR,AVL,0.9849263161555565
C. elegans,ASIR,AWAL,0.7538805340221575
C. elegans,ASIR,AWAR,0.8220604904979942
C. elegans,ASIR,AWBL,0.9832172845077497
C. elegans,ASIR,AWBR,0.33143704855275324
C. elegans,ASIR,AWCL,0.9476147895562247
C. elegans,ASIR,AWCR,0.713016443176713
C. elegans,ASIR,BAGL,-0.2097586533432222
C. elegans,ASIR,CEPDL,-0.6088380891545709
C. elegans,ASIR,CEPDR,0.006330564949757341
C. elegans,ASIR,CEPVL,-0.8031602412416414
C. elegans,ASIR,CEPVR,-0.3646055285231058
C. elegans,ASIR,FLPL,0.18891377469983425
C. elegans,ASIR,FLPR,0.26585801770519674
C. elegans,ASIR,IL1DL,-0.9367180400033958
C. elegans,ASIR,IL1DR,-0.9645735453515688
C. elegans,ASIR,IL1L,-0.9032920638860313
C. elegans,ASIR,IL1R,-0.5277876895005118
C. elegans,ASIR,IL1VL,-0.23810946042080774
C. elegans,ASIR,IL1VR,-0.3870817609929521
C. elegans,ASIR,IL2DL,0.49204132251124777
C. elegans,ASIR,IL2DR,0.6579688372616791
C. elegans,ASIR,IL2L,0.316389972730417
C. elegans,ASIR,IL2R,0.9752919243395796
C. elegans,ASIR,IL2VL,0.3192540590769052
C. elegans,ASIR,IL2VR,0.622551827660634
C. elegans,ASIR,OLLL,-0.8878044408913613
C. elegans,ASIR,OLLR,-0.907225569897415
C. elegans,ASIR,OLQDL,-0.7461411703627662
C. elegans,ASIR,OLQDR,-0.9031618798874222
C. elegans,ASIR,OLQVL,-0.6578570005524933
C. elegans,ASIR,OLQVR,-0.8843006947992856
C. elegans,ASIR,RIAL,0.22875652607881886
C. elegans,ASIR,RIAR,0.4250136063677249
C. elegans,ASIR,RIBL,-0.24208240095603178
C. elegans,ASIR,RIBR,-0.04245590155483944
C. elegans,ASIR,RICL,0.8535306773202256
C. elegans,ASIR,RICR,0.6327534192403244
C. elegans,ASIR,RID,0.0064272106267028555
C. elegans,ASIR,RIH,-0.10791812410089688
C. elegans,ASIR,RIML,0.09142773685993698
C. elegans,ASIR,RIMR,0.16616766001485078
C. elegans,ASIR,RIR,0.5882834081052272
C. elegans,ASIR,RIS,-0.496345900510497
C. elegans,ASIR,RIVL,-0.3226868061822612
C. elegans,ASIR,RIVR,-0.36408765904945933
C. elegans,ASIR,RMDDL,0.01092444757512081
C. elegans,ASIR,RMDDR,0.34362244906130673
C. elegans,ASIR,RMDL,-0.6424390312272847
C. elegans,ASIR,RMDR,-0.8710753092839914
C. elegans,ASIR,RMDVL,-0.4111525631060263
C. elegans,ASIR,RMDVR,-0.02554282982632584
C. elegans,ASIR,RMED,-0.5722986268288349
C. elegans,ASIR,RMEL,-0.288040377678099
C. elegans,ASIR,RMER,-0.5413429576460417
C. elegans,ASIR,RMEV,-0.7085962535574852
C. elegans,ASIR,RMGL,0.5891447946377525
C. elegans,ASIR,SAADL,0.4248201867294328
C. elegans,ASIR,SAADR,0.9688144102264709
C. elegans,ASIR,SAAVL,0.937736408947598
C. elegans,ASIR,SAAVR,0.9169410822269448
C. elegans,ASIR,SMBVR,0.27675982772088176
C. elegans,ASIR,SMDDL,0.1212923287891908
C. elegans,ASIR,SMDDR,-0.8227671647936333
C. elegans,ASIR,SMDVL,-0.4417559807781685
C. elegans,ASIR,SMDVR,0.13837786972870011
C. elegans,ASIR,URADL,0.17428332859522344
C. elegans,ASIR,URADR,0.34497242512696247
C. elegans,ASIR,URAVL,0.501005724932489
C. elegans,ASIR,URAVR,0.7170994685768645
C. elegans,ASIR,URBL,-0.7951186476813015
C. elegans,ASIR,URBR,-0.2803056658640551
C. elegans,ASIR,URXL,-0.7058503607167969
C. elegans,ASIR,URXR,-0.16256446274899783
C. elegans,ASIR,URYDL,-0.7946393821174778
C. elegans,ASIR,URYDR,-0.8297125112080755
C. elegans,ASIR,URYVL,-0.573440258058046
C. elegans,ASIR,URYVR,-0.20241530525634638
C. elegans,ASKL,ASKR,0.8870435551493963
C. elegans,ASKL,AUAL,-0.38542884077930845
C. elegans,ASKL,AUAR,-0.08185689989511397
C. elegans,ASKL,AVAL,-0.5021342011708296
C. elegans,ASKL,AVAR,-0.5241408392493556
C. elegans,ASKL,AVBL,-0.5169936059077995
C. elegans,ASKL,AVBR,-0.4656132384224061
C. elegans,ASKL,AVDL,0.1949271642377161
C. elegans,ASKL,AVDR,0.20832716844700627
C. elegans,ASKL,AVEL,-0.7081705950203245
C. elegans,ASKL,AVER,-0.4959844591462039
C. elegans,ASKL,AVHL,0.5490852179959376
C. elegans,ASKL,AVJL,0.03445587792197302
C. elegans,ASKL,AVJR,0.15005791790548845
C. elegans,ASKL,AVKL,0.6509816664149266
C. elegans,ASKL,AVKR,0.6086920309604297
C. elegans,ASKL,AVL,0.5650261153135019
C. elegans,ASKL,AWAL,0.21254026531744985
C. elegans,ASKL,AWAR,0.5329518742088055
C. elegans,ASKL,AWBL,0.7980550292289774
C. elegans,ASKL,AWBR,0.4001734984228503
C. elegans,ASKL,AWCL,0.885499141722255
C. elegans,ASKL,AWCR,0.8750011464730213
C. elegans,ASKL,BAGL,-0.3936299589281043
C. elegans,ASKL,CEPDL,-0.13500955756493482
C. elegans,ASKL,CEPDR,0.20767870794105092
C. elegans,ASKL,CEPVL,-0.7451350613362615
C. elegans,ASKL,CEPVR,0.05020180645160322
C. elegans,ASKL,FLPL,0.5941089728670239
C. elegans,ASKL,FLPR,0.2312771574280239
C. elegans,ASKL,IL1DL,-0.6764394902840701
C. elegans,ASKL,IL1DR,-0.7638157641035548
C. elegans,ASKL,IL1L,-0.35179918627632034
C. elegans,ASKL,IL1R,-0.5821370645170595
C. elegans,ASKL,IL1VL,0.4612256140086619
C. elegans,ASKL,IL1VR,-0.36744974549713666
C. elegans,ASKL,IL2DL,0.7487863451876747
C. elegans,ASKL,IL2DR,0.5735789025353013
C. elegans,ASKL,IL2L,0.522406508777317
C. elegans,ASKL,IL2R,0.679772335280926
C. elegans,ASKL,IL2VL,0.4717649236034717
C. elegans,ASKL,IL2VR,0.7812216930345584
C. elegans,ASKL,OLLL,-0.39393966870596464
C. elegans,ASKL,OLLR,-0.37511794930043524
C. elegans,ASKL,OLQDL,-0.2824160935588659
C. elegans,ASKL,OLQDR,-0.3180518123141155
C. elegans,ASKL,OLQVL,-0.13300784744337482
C. elegans,ASKL,OLQVR,-0.3249689410617282
C. elegans,ASKL,RIAL,0.46695208364180946
C. elegans,ASKL,RIAR,0.4183139203584691
C. elegans,ASKL,RIBL,-0.49158845854958655
C. elegans,ASKL,RIBR,-0.2502219597308262
C. elegans,ASKL,RICL,0.34253962022885437
C. elegans,ASKL,RICR,0.3385586350974185
C. elegans,ASKL,RID,-0.3899214955529815
C. elegans,ASKL,RIH,0.49016796106258
C. elegans,ASKL,RIML,-0.31053575715021986
C. elegans,ASKL,RIMR,-0.17874522952825653
C. elegans,ASKL,RIR,0.9141262096852582
C. elegans,ASKL,RIS,-0.2443964280504375
C. elegans,ASKL,RIVL,0.15047960815117084
C. elegans,ASKL,RIVR,0.12290396778715865
C. elegans,ASKL,RMDDL,-0.6352363618193922
C. elegans,ASKL,RMDDR,0.19380740213739012
C. elegans,ASKL,RMDL,-0.25256935063854125
C. elegans,ASKL,RMDR,-0.25281240752722156
C. elegans,ASKL,RMDVL,-0.7507159915743478
C. elegans,ASKL,RMDVR,0.0036638390389033106
C. elegans,ASKL,RMED,-0.034044062362418394
C. elegans,ASKL,RMEL,-0.3193447345913316
C. elegans,ASKL,RMER,-0.6340927148508111
C. elegans,ASKL,RMEV,-0.4483046287152303
C. elegans,ASKL,RMGL,0.48025858770490343
C. elegans,ASKL,SAADL,-0.3324172130573088
C. elegans,ASKL,SAADR,0.6611614482024541
C. elegans,ASKL,SAAVL,0.8772315332022212
C. elegans,ASKL,SAAVR,0.3545655705924625
C. elegans,ASKL,SMBVR,0.4296694016194487
C. elegans,ASKL,SMDDL,-0.48508717257269196
C. elegans,ASKL,SMDDR,-0.3700003867912903
C. elegans,ASKL,SMDVL,-0.3320304386310252
C. elegans,ASKL,SMDVR,0.505133516612709
C. elegans,ASKL,URADL,0.09929254615723702
C. elegans,ASKL,URADR,0.4154363404881541
C. elegans,ASKL,URAVL,0.10875338960770937
C. elegans,ASKL,URAVR,0.5734935376591944
C. elegans,ASKL,URBL,-0.5239574112886543
C. elegans,ASKL,URBR,0.3269809675438967
C. elegans,ASKL,URXL,-0.9683275935952823
C. elegans,ASKL,URXR,-0.5520867638917926
C. elegans,ASKL,URYDL,-0.8305468617959333
C. elegans,ASKL,URYDR,-0.3220636008612285
C. elegans,ASKL,URYVL,-0.6380917511096422
C. elegans,ASKL,URYVR,-0.38586121616733393
C. elegans,ASKR,AUAL,-0.09919512003405595
C. elegans,ASKR,AUAR,-0.11155756108156538
C. elegans,ASKR,AVAL,-0.5611036216449246
C. elegans,ASKR,AVAR,-0.5708753613807304
C. elegans,ASKR,AVBL,-0.7170270036190476
C. elegans,ASKR,AVBR,-0.37054043709629114
C. elegans,ASKR,AVDL,0.5855262234090655
C. elegans,ASKR,AVDR,0.6022152396634537
C. elegans,ASKR,AVEL,-0.7661222773571391
C. elegans,ASKR,AVER,-0.6332326241648194
C. elegans,ASKR,AVHL,0.7472773497395383
C. elegans,ASKR,AVJL,0.4575106147784881
C. elegans,ASKR,AVJR,0.5088533561289692
C. elegans,ASKR,AVKL,0.6126558890245039
C. elegans,ASKR,AVKR,0.7170355932255533
C. elegans,ASKR,AVL,0.7505696049229321
C. elegans,ASKR,AWAL,0.2400710942886747
C. elegans,ASKR,AWAR,0.8564148230624672
C. elegans,ASKR,AWBL,0.9053970532123997
C. elegans,ASKR,AWBR,0.7122724655132447
C. elegans,ASKR,AWCL,0.8993346236546259
C. elegans,ASKR,AWCR,0.9870483016593499
C. elegans,ASKR,BAGL,-0.6618365637704563
C. elegans,ASKR,CEPDL,-0.06614468221897442
C. elegans,ASKR,CEPDR,0.4844378917164178
C. elegans,ASKR,CEPVL,-0.5742928471735754
C. elegans,ASKR,CEPVR,0.1962548006265312
C. elegans,ASKR,FLPL,0.714268631172355
C. elegans,ASKR,FLPR,0.6002166201710086
C. elegans,ASKR,IL1DL,-0.6523958961208675
C. elegans,ASKR,IL1DR,-0.9297337175362009
C. elegans,ASKR,IL1L,-0.6391340629040266
C. elegans,ASKR,IL1R,-0.857038317639548
C. elegans,ASKR,IL1VL,0.35296052488408436
C. elegans,ASKR,IL1VR,-0.7129079477899635
C. elegans,ASKR,IL2DL,0.89743147370236
C. elegans,ASKR,IL2DR,0.880146178639108
C. elegans,ASKR,IL2L,0.75889787016687
C. elegans,ASKR,IL2R,0.8789739618802985
C. elegans,ASKR,IL2VL,0.7402004076426113
C. elegans,ASKR,IL2VR,0.9503909627868673
C. elegans,ASKR,OLLL,-0.7128385682061115
C. elegans,ASKR,OLLR,-0.6670910863973936
C. elegans,ASKR,OLQDL,-0.6768610973538057
C. elegans,ASKR,OLQDR,-0.5576132852837721
C. elegans,ASKR,OLQVL,-0.5592934852662912
C. elegans,ASKR,OLQVR,-0.6313193213717205
C. elegans,ASKR,RIAL,0.6995768964312656
C. elegans,ASKR,RIAR,0.7505944971349577
C. elegans,ASKR,RIBL,-0.7146621440607619
C. elegans,ASKR,RIBR,-0.5216360183271981
C. elegans,ASKR,RICL,0.6852012049985297
C. elegans,ASKR,RICR,0.7346548480148848
C. elegans,ASKR,RID,-0.5471940576743147
C. elegans,ASKR,RIH,0.036742655146698416
C. elegans,ASKR,RIML,-0.4700005715528003
C. elegans,ASKR,RIMR,-0.3771736125907072
C. elegans,ASKR,RIR,0.6456780928839574
C. elegans,ASKR,RIS,-0.6587566026044954
C. elegans,ASKR,RIVL,-0.32294327592139355
C. elegans,ASKR,RIVR,-0.3489187496750902
C. elegans,ASKR,RMDDL,-0.22283542350214633
C. elegans,ASKR,RMDDR,0.5979442383415882
C. elegans,ASKR,RMDL,-0.66903664598117
C. elegans,ASKR,RMDR,-0.4718267778128394
C. elegans,ASKR,RMDVL,-0.38676219033962334
C. elegans,ASKR,RMDVR,0.3605176017028052
C. elegans,ASKR,RMED,-0.48052831106035254
C. elegans,ASKR,RMEL,-0.6564242394520523
C. elegans,ASKR,RMER,-0.8817848890115599
C. elegans,ASKR,RMEV,-0.8102855721661795
C. elegans,ASKR,RMGL,0.8203307781542458
C. elegans,ASKR,SAADL,-0.13323751661327604
C. elegans,ASKR,SAADR,0.692463404523883
C. elegans,ASKR,SAAVL,0.8513126539134734
C. elegans,ASKR,SAAVR,0.6036297967922596
C. elegans,ASKR,SMBVR,0.040440992494055215
C. elegans,ASKR,SMDDL,-0.4747782203318426
C. elegans,ASKR,SMDDR,-0.7294186634938195
C. elegans,ASKR,SMDVL,-0.7064554202178855
C. elegans,ASKR,SMDVR,0.0672962483402001
C. elegans,ASKR,URADL,0.4913907889705286
C. elegans,ASKR,URADR,0.7243027203440447
C. elegans,ASKR,URAVL,0.5553909925852945
C. elegans,ASKR,URAVR,0.8858634796300378
C. elegans,ASKR,URBL,-0.4085655937578412
C. elegans,ASKR,URBR,0.32642803614018223
C. elegans,ASKR,URXL,-0.9624691730881191
C. elegans,ASKR,URXR,-0.11885286400437908
C. elegans,ASKR,URYDL,-0.993222560846648
C. elegans,ASKR,URYDR,-0.3602563200455281
C. elegans,ASKR,URYVL,-0.8922103899248754
C. elegans,ASKR,URYVR,0.021146996381858903
C. elegans,AUAL,AUAR,0.7403074608204961
C. elegans,AUAL,AVAL,0.6895008260863992
C. elegans,AUAL,AVAR,0.7033542965017248
C. elegans,AUAL,AVBL,0.3961313173431424
C. elegans,AUAL,AVBR,0.8953297216497044
C. elegans,AUAL,AVDL,0.08824822161048702
C. elegans,AUAL,AVDR,0.11207544047282703
C. elegans,AUAL,AVEL,0.6010127674285114
C. elegans,AUAL,AVER,0.5480346016467672
C. elegans,AUAL,AVHL,-0.383352587543905
C. elegans,AUAL,AVJL,0.18542556030113044
C. elegans,AUAL,AVJR,-0.055723270338748236
C. elegans,AUAL,AVKL,0.3619331803292276
C. elegans,AUAL,AVKR,0.4937299317697368
C. elegans,AUAL,AVL,0.539147959705585
C. elegans,AUAL,AWAL,0.7129442168021907
C. elegans,AUAL,AWAR,0.35226923563968776
C. elegans,AUAL,AWBL,0.2391318957164814
C. elegans,AUAL,AWBR,-0.11965409382369081
C. elegans,AUAL,AWCL,0.08697877601567217
C. elegans,AUAL,AWCR,-0.21879295805960927
C. elegans,AUAL,BAGL,0.26712018186634245
C. elegans,AUAL,CEPDL,-0.6331555191013216
C. elegans,AUAL,CEPDR,-0.29240406354413667
C. elegans,AUAL,CEPVL,-0.09942432853908668
C. elegans,AUAL,CEPVR,-0.5618236375901425
C. elegans,AUAL,FLPL,-0.5425412431431601
C. elegans,AUAL,FLPR,0.009622112658738986
C. elegans,AUAL,IL1DL,-0.35077093801540504
C. elegans,AUAL,IL1DR,-0.25347562003407426
C. elegans,AUAL,IL1L,-0.7008151547997936
C. elegans,AUAL,IL1R,0.09554981201541703
C. elegans,AUAL,IL1VL,-0.9082459046237659
C. elegans,AUAL,IL1VR,0.006711638617691746
C. elegans,AUAL,IL2DL,-0.34846992282568684
C. elegans,AUAL,IL2DR,0.08419748352679048
C. elegans,AUAL,IL2L,-0.2921611589522702
C. elegans,AUAL,IL2R,0.3744875072098732
C. elegans,AUAL,IL2VL,-0.2252002663800378
C. elegans,AUAL,IL2VR,-0.2209361596445917
C. elegans,AUAL,OLLL,-0.6218667661791772
C. elegans,AUAL,OLLR,-0.6749353097297193
C. elegans,AUAL,OLQDL,-0.5735748504797836
C. elegans,AUAL,OLQDR,-0.7498017354850417
C. elegans,AUAL,OLQVL,-0.6498792040254261
C. elegans,AUAL,OLQVR,-0.709019870662575
C. elegans,AUAL,RIAL,-0.3346245417274946
C. elegans,AUAL,RIAR,-0.02205781909811288
C. elegans,AUAL,RIBL,0.3483921576719464
C. elegans,AUAL,RIBR,0.3000160740298988
C. elegans,AUAL,RICL,0.6416611222805844
C. elegans,AUAL,RICR,0.35014690216559563
C. elegans,AUAL,RID,0.5361455921403045
C. elegans,AUAL,RIH,-0.7391988303447943
C. elegans,AUAL,RIML,0.5443547021196938
C. elegans,AUAL,RIMR,0.47402403722394404
C. elegans,AUAL,RIR,-0.3958283220613885
C. elegans,AUAL,RIS,-0.2918607241474991
C. elegans,AUAL,RIVL,-0.5748157209685281
C. elegans,AUAL,RIVR,-0.5934198460366308
C. elegans,AUAL,RMDDL,0.8057607556236878
C. elegans,AUAL,RMDDR,0.15778724671081262
C. elegans,AUAL,RMDL,-0.4736682132814146
C. elegans,AUAL,RMDR,-0.7951657035502804
C. elegans,AUAL,RMDVL,0.4053639347902334
C. elegans,AUAL,RMDVR,-0.07495619438927249
C. elegans,AUAL,RMED,-0.6647825681202706
C. elegans,AUAL,RMEL,0.07340796375683019
C. elegans,AUAL,RMER,0.14305581813983487
C. elegans,AUAL,RMEV,-0.3096999785375965
C. elegans,AUAL,RMGL,0.11241536091662874
C. elegans,AUAL,SAADL,0.9762893475909663
C. elegans,AUAL,SAADR,0.4075095948362548
C. elegans,AUAL,SAAVL,0.08885404175132876
C. elegans,AUAL,SAAVR,0.7191021419762029
C. elegans,AUAL,SMBVR,-0.15885802963795206
C. elegans,AUAL,SMDDL,0.7954379395548375
C. elegans,AUAL,SMDDR,-0.5633318456953479
C. elegans,AUAL,SMDVL,-0.10893579855770731
C. elegans,AUAL,SMDVR,-0.43547929421382026
C. elegans,AUAL,URADL,0.05961101054832124
C. elegans,AUAL,URADR,-0.12149201326629867
C. elegans,AUAL,URAVL,0.472684103814551
C. elegans,AUAL,URAVR,0.16173004249259368
C. elegans,AUAL,URBL,-0.3733502293831425
C. elegans,AUAL,URBR,-0.7987811883823015
C. elegans,AUAL,URXL,0.3386547174700574
C. elegans,AUAL,URXR,0.46564487919710557
C. elegans,AUAL,URYDL,0.057949156607362405
C. elegans,AUAL,URYDR,-0.6682015272474604
C. elegans,AUAL,URYVL,0.10661205089672585
C. elegans,AUAL,URYVR,0.19764833792350736
C. elegans,AUAR,AVAL,0.8841940167958519
C. elegans,AUAR,AVAR,0.8767121645201666
C. elegans,AUAR,AVBL,0.7326542265700768
C. elegans,AUAR,AVBR,0.9044426488454506
C. elegans,AUAR,AVDL,-0.4926138462042406
C. elegans,AUAR,AVDR,-0.46378412367348226
C. elegans,AUAR,AVEL,0.7184439708132898
C. elegans,AUAR,AVER,0.8313984923084483
C. elegans,AUAR,AVHL,-0.7053356767059176
C. elegans,AUAR,AVJL,-0.4572008298322757
C. elegans,AUAR,AVJR,-0.6384042499764326
C. elegans,AUAR,AVKL,0.6902974255833859
C. elegans,AUAR,AVKR,0.6075152578682267
C. elegans,AUAR,AVL,0.527570450562141
C. elegans,AUAR,AWAL,0.9372102902573275
C. elegans,AUAR,AWAR,0.0445178032062783
C. elegans,AUAR,AWBL,0.32007070165931584
C. elegans,AUAR,AWBR,-0.5854870482809942
C. elegans,AUAR,AWCL,0.2977745716893905
C. elegans,AUAR,AWCR,-0.2694638873747813
C. elegans,AUAR,BAGL,0.7066598819618823
C. elegans,AUAR,CEPDL,-0.9759388348267843
C. elegans,AUAR,CEPDR,-0.7975595851075648
C. elegans,AUAR,CEPVL,-0.5903509808746688
C. elegans,AUAR,CEPVR,-0.9684174932979435
C. elegans,AUAR,FLPL,-0.7726619178093066
C. elegans,AUAR,FLPR,-0.5508236478716404
C. elegans,AUAR,IL1DL,-0.6577284542255281
C. elegans,AUAR,IL1DR,-0.232809412968775
C. elegans,AUAR,IL1L,-0.5190503035160287
C. elegans,AUAR,IL1R,0.44912074720210027
C. elegans,AUAR,IL1VL,-0.9003021087175976
C. elegans,AUAR,IL1VR,0.5010741557566549
C. elegans,AUAR,IL2DL,-0.5300389276764633
C. elegans,AUAR,IL2DR,-0.26874336818353184
C. elegans,AUAR,IL2L,-0.6562603816764749
C. elegans,AUAR,IL2R,0.31591691845934833
C. elegans,AUAR,IL2VL,-0.6338808389395548
C. elegans,AUAR,IL2VR,-0.38980215892191805
C. elegans,AUAR,OLLL,-0.37269148050321543
C. elegans,AUAR,OLLR,-0.4828497167788379
C. elegans,AUAR,OLQDL,-0.15693671099365372
C. elegans,AUAR,OLQDR,-0.6552664399426797
C. elegans,AUAR,OLQVL,-0.16863266163647847
C. elegans,AUAR,OLQVR,-0.49169490562272616
C. elegans,AUAR,RIAL,-0.7183598994078289
C. elegans,AUAR,RIAR,-0.4872221495865499
C. elegans,AUAR,RIBL,0.7146426301177673
C. elegans,AUAR,RIBR,0.7886345161158321
C. elegans,AUAR,RICL,0.34682273765682003
C. elegans,AUAR,RICR,-0.12527816049871196
C. elegans,AUAR,RID,0.8741428240372477
C. elegans,AUAR,RIH,-0.09447148542386107
C. elegans,AUAR,RIML,0.9071224734073614
C. elegans,AUAR,RIMR,0.9110516627960039
C. elegans,AUAR,RIR,0.14469520115380413
C. elegans,AUAR,RIS,0.2541875834202586
C. elegans,AUAR,RIVL,0.07483694854857872
C. elegans,AUAR,RIVR,0.04134945932581624
C. elegans,AUAR,RMDDL,0.2163792449196356
C. elegans,AUAR,RMDDR,-0.4244730090675279
C. elegans,AUAR,RMDL,0.017727611861739705
C. elegans,AUAR,RMDR,-0.733806937009739
C. elegans,AUAR,RMDVL,-0.25385116092916765
C. elegans,AUAR,RMDVR,-0.6945673229420359
C. elegans,AUAR,RMED,-0.13120384009935465
C. elegans,AUAR,RMEL,0.5856362235628961
C. elegans,AUAR,RMER,0.45364208324358757
C. elegans,AUAR,RMEV,0.09548512446949622
C. elegans,AUAR,RMGL,-0.3096883263326455
C. elegans,AUAR,SAADL,0.8673558962430449
C. elegans,AUAR,SAADR,0.6358229928962342
C. elegans,AUAR,SAAVL,0.36483444471413484
C. elegans,AUAR,SAAVR,0.6076977158857152
C. elegans,AUAR,SMBVR,0.5438896276935903
C. elegans,AUAR,SMDDL,0.9109518741393139
C. elegans,AUAR,SMDDR,-0.22262562556200466
C. elegans,AUAR,SMDVL,0.40639764419513025
C. elegans,AUAR,SMDVR,0.28065659633142087
C. elegans,AUAR,URADL,-0.5549830243830514
C. elegans,AUAR,URADR,-0.5789148748103514
C. elegans,AUAR,URAVL,-0.10313730422234606
C. elegans,AUAR,URAVR,-0.1769468774270663
C. elegans,AUAR,URBL,-0.8045353488967997
C. elegans,AUAR,URBR,-0.9686243870935108
C. elegans,AUAR,URXL,0.20726248755363608
C. elegans,AUAR,URXR,-0.244428087251182
C. elegans,AUAR,URYDL,0.15397090258823842
C. elegans,AUAR,URYDR,-0.8863820656597211
C. elegans,AUAR,URYVL,0.4157402287613722
C. elegans,AUAR,URYVR,-0.5126096485487353
C. elegans,AVAL,AVAR,0.9995063707249685
C. elegans,AVAL,AVBL,0.9358790002195665
C. elegans,AVAL,AVBR,0.939271976381075
C. elegans,AVAL,AVDL,-0.6562686814883876
C. elegans,AVAL,AVDR,-0.6399296289593649
C. elegans,AVAL,AVEL,0.959943441019221
C. elegans,AVAL,AVER,0.9836215361303784
C. elegans,AVAL,AVHL,-0.9277311494887666
C. elegans,AVAL,AVJL,-0.5627181462597947
C. elegans,AVAL,AVJR,-0.7439142619582224
C. elegans,AVAL,AVKL,0.27912746053148085
C. elegans,AVAL,AVKR,0.17307788306761127
C. elegans,AVAL,AVL,0.09717595823529118
C. elegans,AVAL,AWAL,0.6687883302430886
C. elegans,AVAL,AWAR,-0.3439530540419835
C. elegans,AVAL,AWBL,-0.15662515302379038
C. elegans,AVAL,AWBR,-0.8011351276668747
C. elegans,AVAL,AWCL,-0.18049734844490947
C. elegans,AVAL,AWCR,-0.6866020779930108
C. elegans,AVAL,BAGL,0.8818628087596003
C. elegans,AVAL,CEPDL,-0.7757666222740462
C. elegans,AVAL,CEPDR,-0.8720769908430009
C. elegans,AVAL,CEPVL,-0.20256079515449366
C. elegans,AVAL,CEPVR,-0.8881701771315712
C. elegans,AVAL,FLPL,-0.9748989823149838
C. elegans,AVAL,FLPR,-0.7137033397619817
C. elegans,AVAL,IL1DL,-0.2342364594650799
C. elegans,AVAL,IL1DR,0.23585930561796484
C. elegans,AVAL,IL1L,-0.15225480234862468
C. elegans,AVAL,IL1R,0.759935067918046
C. elegans,AVAL,IL1VL,-0.9285725810104224
C. elegans,AVAL,IL1VR,0.728162637279424
C. elegans,AVAL,IL2DL,-0.8577407065864887
C. elegans,AVAL,IL2DR,-0.6178695680851536
C. elegans,AVAL,IL2L,-0.8890299076864966
C. elegans,AVAL,IL2R,-0.13941379371348633
C. elegans,AVAL,IL2VL,-0.8586427397210811
C. elegans,AVAL,IL2VR,-0.7643761610699175
C. elegans,AVAL,OLLL,0.00219882826693602
C. elegans,AVAL,OLLR,-0.10912501678047482
C. elegans,AVAL,OLQDL,0.1582114149833843
C. elegans,AVAL,OLQDR,-0.30057189214624186
C. elegans,AVAL,OLQVL,0.08947644235916548
C. elegans,AVAL,OLQVR,-0.13485540683781785
C. elegans,AVAL,RIAL,-0.9127701832220003
C. elegans,AVAL,RIAR,-0.7357858927920229
C. elegans,AVAL,RIBL,0.91771916677734
C. elegans,AVAL,RIBR,0.882887442463683
C. elegans,AVAL,RICL,-0.008468014507879974
C. elegans,AVAL,RICR,-0.420910236626417
C. elegans,AVAL,RID,0.9763667150287536
C. elegans,AVAL,RIH,-0.13600232214565322
C. elegans,AVAL,RIML,0.9667627109143555
C. elegans,AVAL,RIMR,0.922253522817824
C. elegans,AVAL,RIR,-0.2115482773906529
C. elegans,AVAL,RIS,0.49047264661937956
C. elegans,AVAL,RIVL,0.17529487479070305
C. elegans,AVAL,RIVR,0.1599408501885666
C. elegans,AVAL,RMDDL,0.3229716074808547
C. elegans,AVAL,RMDDR,-0.6042261244680002
C. elegans,AVAL,RMDL,0.29812024388201885
C. elegans,AVAL,RMDR,-0.4052410457187632
C. elegans,AVAL,RMDVL,0.005166878975525259
C. elegans,AVAL,RMDVR,-0.719987866131997
C. elegans,AVAL,RMED,0.08125284042785257
C. elegans,AVAL,RMEL,0.7723760537814582
C. elegans,AVAL,RMER,0.7779149641056453
C. elegans,AVAL,RMEV,0.43521819230699443
C. elegans,AVAL,RMGL,-0.6204697710261058
C. elegans,AVAL,SAADL,0.8040423727076772
C. elegans,AVAL,SAADR,0.20167192569567724
C. elegans,AVAL,SAAVL,-0.10513060371702164
C. elegans,AVAL,SAAVR,0.239760350135102
C. elegans,AVAL,SMBVR,0.39990442617622374
C. elegans,AVAL,SMDDL,0.9871027844613254
C. elegans,AVAL,SMDDR,0.13165180351979275
C. elegans,AVAL,SMDVL,0.6436321608415254
C. elegans,AVAL,SMDVR,0.16341485866983674
C. elegans,AVAL,URADL,-0.6631221169067929
C. elegans,AVAL,URADR,-0.8016910876930671
C. elegans,AVAL,URAVL,-0.31234075369855124
C. elegans,AVAL,URAVR,-0.5435849875253506
C. elegans,AVAL,URBL,-0.4651516047377753
C. elegans,AVAL,URBR,-0.9634033652986814
C. elegans,AVAL,URXL,0.6333332795519994
C. elegans,AVAL,URXR,-0.10897781349795721
C. elegans,AVAL,URYDL,0.5888609038295708
C. elegans,AVAL,URYDR,-0.5699079125566684
C. elegans,AVAL,URYVL,0.7507458281742658
C. elegans,AVAL,URYVR,-0.40171674677547914
C. elegans,AVAR,AVBL,0.9305441238350093
C. elegans,AVAR,AVBR,0.944812205029
C. elegans,AVAR,AVDL,-0.6386338779210831
C. elegans,AVAR,AVDR,-0.6226043820874454
C. elegans,AVAR,AVEL,0.9643861685962809
C. elegans,AVAR,AVER,0.9799496978440577
C. elegans,AVAR,AVHL,-0.9232511952352227
C. elegans,AVAR,AVJL,-0.5410858995981693
C. elegans,AVAR,AVJR,-0.7257902436571195
C. elegans,AVAR,AVKL,0.2607064124206151
C. elegans,AVAR,AVKR,0.16253612306606172
C. elegans,AVAR,AVL,0.09143535723773875
C. elegans,AVAR,AWAL,0.6591349198505482
C. elegans,AVAR,AWAR,-0.33933753206400363
C. elegans,AVAR,AWBL,-0.1683613061978885
C. elegans,AVAR,AWBR,-0.7898915572728477
C. elegans,AVAR,AWCL,-0.19775144084620191
C. elegans,AVAR,AWCR,-0.6950007588399727
C. elegans,AVAR,BAGL,0.8715286940235438
C. elegans,AVAR,CEPDL,-0.7629097840201292
C. elegans,AVAR,CEPDR,-0.8573956558531031
C. elegans,AVAR,CEPVL,-0.1773642862020645
C. elegans,AVAR,CEPVR,-0.8752108752557067
C. elegans,AVAR,FLPL,-0.9741607397693778
C. elegans,AVAR,FLPR,-0.697226768665255
C. elegans,AVAR,IL1DL,-0.21624797682742095
C. elegans,AVAR,IL1DR,0.24373066853098654
C. elegans,AVAR,IL1L,-0.15485026458551218
C. elegans,AVAR,IL1R,0.7545846604616485
C. elegans,AVAR,IL1VL,-0.9346520420206264
C. elegans,AVAR,IL1VR,0.7155052063322603
C. elegans,AVAR,IL2DL,-0.8603102557698405
C. elegans,AVAR,IL2DR,-0.6123361909772738
C. elegans,AVAR,IL2L,-0.882754716241548
C. elegans,AVAR,IL2R,-0.1449604648664509
C. elegans,AVAR,IL2VL,-0.8502288435350648
C. elegans,AVAR,IL2VR,-0.7676738100426072
C. elegans,AVAR,OLLL,-0.0021672593406620033
C. elegans,AVAR,OLLR,-0.11179067654930751
C. elegans,AVAR,OLQDL,0.1468887510897428
C. elegans,AVAR,OLQDR,-0.30060715251738096
C. elegans,AVAR,OLQVL,0.07419812547979986
C. elegans,AVAR,OLQVR,-0.13897500092398118
C. elegans,AVAR,RIAL,-0.9052169649985768
C. elegans,AVAR,RIAR,-0.7247144553421221
C. elegans,AVAR,RIBL,0.9110518872219951
C. elegans,AVAR,RIBR,0.8692606552278129
C. elegans,AVAR,RICL,-0.0019456587469736859
C. elegans,AVAR,RICR,-0.40835676259163145
C. elegans,AVAR,RID,0.9696128594904913
C. elegans,AVAR,RIH,-0.16402871165278016
C. elegans,AVAR,RIML,0.9582619818284974
C. elegans,AVAR,RIMR,0.9096728195962753
C. elegans,AVAR,RIR,-0.2406608746618225
C. elegans,AVAR,RIS,0.47446945791183304
C. elegans,AVAR,RIVL,0.1510790147712604
C. elegans,AVAR,RIVR,0.13653657601810784
C. elegans,AVAR,RMDDL,0.3508074173462628
C. elegans,AVAR,RMDDR,-0.5864895727193611
C. elegans,AVAR,RMDL,0.28396637205781416
C. elegans,AVAR,RMDR,-0.40491715174776477
C. elegans,AVAR,RMDVL,0.03646598070243691
C. elegans,AVAR,RMDVR,-0.6989432607453375
C. elegans,AVAR,RMED,0.0630503029826603
C. elegans,AVAR,RMEL,0.7585993221446761
C. elegans,AVAR,RMER,0.7746522755455155
C. elegans,AVAR,RMEV,0.4263380047791233
C. elegans,AVAR,RMGL,-0.6114947625180028
C. elegans,AVAR,SAADL,0.8121346899194849
C. elegans,AVAR,SAADR,0.18657371447516022
C. elegans,AVAR,SAAVL,-0.12451215355723445
C. elegans,AVAR,SAAVR,0.2399355181489085
C. elegans,AVAR,SMBVR,0.37093496744956367
C. elegans,AVAR,SMDDL,0.9891775623562512
C. elegans,AVAR,SMDDR,0.12392541875656554
C. elegans,AVAR,SMDVL,0.6297862437351883
C. elegans,AVAR,SMDVR,0.13296246019650212
C. elegans,AVAR,URADL,-0.643261303866787
C. elegans,AVAR,URADR,-0.7909098002373562
C. elegans,AVAR,URAVL,-0.2936651551694566
C. elegans,AVAR,URAVR,-0.5384910702250171
C. elegans,AVAR,URBL,-0.4446820255972772
C. elegans,AVAR,URBR,-0.9618209425624591
C. elegans,AVAR,URXL,0.6490783569885314
C. elegans,AVAR,URXR,-0.07817783824878222
C. elegans,AVAR,URYDL,0.5951096083648382
C. elegans,AVAR,URYDR,-0.5591841818284455
C. elegans,AVAR,URYVL,0.7475569250461311
C. elegans,AVAR,URYVR,-0.3729686452120529
C. elegans,AVBL,AVBR,0.7592335337671418
C. elegans,AVBL,AVDL,-0.8627154563774357
C. elegans,AVBL,AVDR,-0.8553778133005079
C. elegans,AVBL,AVEL,0.9476412955843172
C. elegans,AVBL,AVER,0.9834183575247448
C. elegans,AVBL,AVHL,-0.9990130036689912
C. elegans,AVBL,AVJL,-0.7808910199535836
C. elegans,AVBL,AVJR,-0.8966764520468692
C. elegans,AVBL,AVKL,0.10986670123618916
C. elegans,AVBL,AVKR,-0.07963725638843258
C. elegans,AVBL,AVL,-0.19053460769807679
C. elegans,AVBL,AWAL,0.4562968083081653
C. elegans,AVBL,AWAR,-0.6374965889278029
C. elegans,AVBL,AWBL,-0.37716784194093633
C. elegans,AVBL,AWBR,-0.9579601070899729
C. elegans,AVBL,AWCL,-0.34081931198114696
C. elegans,AVBL,AWCR,-0.8119374538419315
C. elegans,AVBL,BAGL,0.9851523670320033
C. elegans,AVBL,CEPDL,-0.6324569946839931
C. elegans,AVBL,CEPDR,-0.9446078982449024
C. elegans,AVBL,CEPVL,-0.13428650300124936
C. elegans,AVBL,CEPVR,-0.820677250701033
C. elegans,AVBL,FLPL,-0.9840418059813673
C. elegans,AVBL,FLPR,-0.898337130076347
C. elegans,AVBL,IL1DL,-0.05806710570079427
C. elegans,AVBL,IL1DR,0.4780099652923693
C. elegans,AVBL,IL1L,0.18218916120144654
C. elegans,AVBL,IL1R,0.9351968407000939
C. elegans,AVBL,IL1VL,-0.7395347653284968
C. elegans,AVBL,IL1VR,0.92017048940652
C. elegans,AVBL,IL2DL,-0.9477749912263699
C. elegans,AVBL,IL2DR,-0.847162951523527
C. elegans,AVBL,IL2L,-0.9932176973287052
C. elegans,AVBL,IL2R,-0.41085904464073725
C. elegans,AVBL,IL2VL,-0.9838148724752799
C. elegans,AVBL,IL2VR,-0.8978042459543808
C. elegans,AVBL,OLLL,0.3368820086874615
C. elegans,AVBL,OLLR,0.22455783904824203
C. elegans,AVBL,OLQDL,0.49469690765155255
C. elegans,AVBL,OLQDR,0.021317138169250606
C. elegans,AVBL,OLQVL,0.43416171341018284
C. elegans,AVBL,OLQVR,0.20506509739087858
C. elegans,AVBL,RIAL,-0.9969297068300954
C. elegans,AVBL,RIAR,-0.9265931931660983
C. elegans,AVBL,RIBL,0.9985278028455068
C. elegans,AVBL,RIBR,0.9579213126759035
C. elegans,AVBL,RICL,-0.34955335187310516
C. elegans,AVBL,RICR,-0.7135030147051267
C. elegans,AVBL,RID,0.9709149702077153
C. elegans,AVBL,RIH,0.146326051937405
C. elegans,AVBL,RIML,0.948210877176801
C. elegans,AVBL,RIMR,0.9159958907190332
C. elegans,AVBL,RIR,-0.14884332353267654
C. elegans,AVBL,RIS,0.7622524095168501
C. elegans,AVBL,RIVL,0.4780312061619668
C. elegans,AVBL,RIVR,0.4706335306726316
C. elegans,AVBL,RMDDL,0.06319363604404168
C. elegans,AVBL,RMDDR,-0.8324220254129072
C. elegans,AVBL,RMDL,0.6151529066642552
C. elegans,AVBL,RMDR,-0.09066675531273458
C. elegans,AVBL,RMDVL,-0.12269150036926255
C. elegans,AVBL,RMDVR,-0.8452305438216777
C. elegans,AVBL,RMED,0.4225503632895142
C. elegans,AVBL,RMEL,0.9379127992506694
C. elegans,AVBL,RMER,0.9389020162075585
C. elegans,AVBL,RMEV,0.7212095716708015
C. elegans,AVBL,RMGL,-0.8557051413109225
C. elegans,AVBL,SAADL,0.5430323371097117
C. elegans,AVBL,SAADR,-0.007755392591881552
C. elegans,AVBL,SAAVL,-0.24877200498870883
C. elegans,AVBL,SAAVR,-0.0841642595076756
C. elegans,AVBL,SMBVR,0.5279522726693675
C. elegans,AVBL,SMDDL,0.8675806818700379
C. elegans,AVBL,SMDDR,0.46498718252667165
C. elegans,AVBL,SMDVL,0.86930303277421
C. elegans,AVBL,SMDVR,0.365128360184298
C. elegans,AVBL,URADL,-0.8488795314008143
C. elegans,AVBL,URADR,-0.9591010330254933
C. elegans,AVBL,URAVL,-0.6193998895229519
C. elegans,AVBL,URAVR,-0.7935938690444971
C. elegans,AVBL,URBL,-0.34319390565740016
C. elegans,AVBL,URBR,-0.823031532978038
C. elegans,AVBL,URXL,0.6972649631657784
C. elegans,AVBL,URXR,-0.3089037274560502
C. elegans,AVBL,URYDL,0.7658725687175979
C. elegans,AVBL,URYDR,-0.3471926542107976
C. elegans,AVBL,URYVL,0.923558923083347
C. elegans,AVBL,URYVR,-0.5527117426753735
C. elegans,AVBR,AVDL,-0.36418762833963436
C. elegans,AVBR,AVDR,-0.3421669061440093
C. elegans,AVBR,AVEL,0.8653068751088079
C. elegans,AVBR,AVER,0.8620339322803869
C. elegans,AVBR,AVHL,-0.7469897025912805
C. elegans,AVBR,AVJL,-0.2645485425926042
C. elegans,AVBR,AVJR,-0.48909019903592205
C. elegans,AVBR,AVKL,0.36867897629131985
C. elegans,AVBR,AVKR,0.3631851803499456
C. elegans,AVBR,AVL,0.33559616526395575
C. elegans,AVBR,AWAL,0.765760600392458
C. elegans,AVBR,AWAR,-0.031431375444486175
C. elegans,AVBR,AWBL,0.041346306785203214
C. elegans,AVBR,AWBR,-0.5471610202219208
C. elegans,AVBR,AWCL,-0.04299629784776489
C. elegans,AVBR,AWCR,-0.5065851067960438
C. elegans,AVBR,BAGL,0.6681114992394118
C. elegans,AVBR,CEPDL,-0.7925761977195921
C. elegans,AVBR,CEPDR,-0.6800872357878927
C. elegans,AVBR,CEPVL,-0.19905684376384958
C. elegans,AVBR,CEPVR,-0.8232684962623065
C. elegans,AVBR,FLPL,-0.8507115183863844
C. elegans,AVBR,FLPR,-0.4364098830953815
C. elegans,AVBR,IL1DL,-0.33600345381887875
C. elegans,AVBR,IL1DR,0.0027758408180257295
C. elegans,AVBR,IL1L,-0.4399257611711566
C. elegans,AVBR,IL1R,0.5038295338662321
C. elegans,AVBR,IL1VL,-0.9995500516035727
C. elegans,AVBR,IL1VR,0.4487650280767033
C. elegans,AVBR,IL2DL,-0.6798619035670815
C. elegans,AVBR,IL2DR,-0.329500803354551
C. elegans,AVBR,IL2L,-0.6802596300403723
C. elegans,AVBR,IL2R,0.11251353018382082
C. elegans,AVBR,IL2VL,-0.6310456082055796
C. elegans,AVBR,IL2VR,-0.5595763625294613
C. elegans,AVBR,OLLL,-0.3067603396742343
C. elegans,AVBR,OLLR,-0.40130116575910285
C. elegans,AVBR,OLQDL,-0.18210380983670044
C. elegans,AVBR,OLQDR,-0.5552893993997599
C. elegans,AVBR,OLQVL,-0.2566023794632577
C. elegans,AVBR,OLQVR,-0.43199987950249913
C. elegans,AVBR,RIAL,-0.7171632879940881
C. elegans,AVBR,RIAR,-0.45916495487172954
C. elegans,AVBR,RIBL,0.7259970717816486
C. elegans,AVBR,RIBR,0.6890936061181984
C. elegans,AVBR,RICL,0.3105218620841236
C. elegans,AVBR,RICR,-0.08721376516514942
C. elegans,AVBR,RID,0.8553249091787977
C. elegans,AVBR,RIH,-0.4201921269663494
C. elegans,AVBR,RIML,0.8557999316275707
C. elegans,AVBR,RIMR,0.7987833934636871
C. elegans,AVBR,RIR,-0.2907313856861539
C. elegans,AVBR,RIS,0.16170410111073014
C. elegans,AVBR,RIVL,-0.15769423571691135
C. elegans,AVBR,RIVR,-0.17708370009746371
C. elegans,AVBR,RMDDL,0.5645252699320318
C. elegans,AVBR,RMDDR,-0.29850710283939086
C. elegans,AVBR,RMDL,-0.04576132151135452
C. elegans,AVBR,RMDR,-0.6404613874324622
C. elegans,AVBR,RMDVL,0.17092024538811137
C. elegans,AVBR,RMDVR,-0.48800275161049494
C. elegans,AVBR,RMED,-0.2655849367062923
C. elegans,AVBR,RMEL,0.5097969060155766
C. elegans,AVBR,RMER,0.5359675844102926
C. elegans,AVBR,RMEV,0.11178950775974825
C. elegans,AVBR,RMGL,-0.3208159557769246
C. elegans,AVBR,SAADL,0.9578166786029909
C. elegans,AVBR,SAADR,0.3419624495197603
C. elegans,AVBR,SAAVL,0.004992944248686528
C. elegans,AVBR,SAAVR,0.5036980129142028
C. elegans,AVBR,SMBVR,0.19011220268303414
C. elegans,AVBR,SMDDL,0.9820093988179682
C. elegans,AVBR,SMDDR,-0.1968212625492177
C. elegans,AVBR,SMDVL,0.3419091994149339
C. elegans,AVBR,SMDVR,-0.08734298040356549
C. elegans,AVBR,URADL,-0.38523826595961913
C. elegans,AVBR,URADR,-0.5478800226917132
C. elegans,AVBR,URAVL,0.031618266874873326
C. elegans,AVBR,URAVR,-0.24601197389852889
C. elegans,AVBR,URBL,-0.48683832894609974
C. elegans,AVBR,URBR,-0.9739085180676489
C. elegans,AVBR,URXL,0.5269203348677006
C. elegans,AVBR,URXR,0.13433032849906454
C. elegans,AVBR,URYDL,0.37027122088133807
C. elegans,AVBR,URYDR,-0.6859808251613293
C. elegans,AVBR,URYVL,0.5014609823377634
C. elegans,AVBR,URYVR,-0.17139660447260452
C. elegans,AVDL,AVDR,0.9993750208152214
C. elegans,AVDL,AVEL,-0.6635536729589876
C. elegans,AVDL,AVER,-0.7782101381274785
C. elegans,AVDL,AVHL,0.860106763219547
C. elegans,AVDL,AVJL,0.986328594234077
C. elegans,AVDL,AVJR,0.9834340771892862
C. elegans,AVDL,AVKL,-0.11012618004937089
C. elegans,AVDL,AVKR,0.1808445362611827
C. elegans,AVDL,AVL,0.34083664209238007
C. elegans,AVDL,AWAL,-0.25105252394553923
C. elegans,AVDL,AWAR,0.7821839234673852
C. elegans,AVDL,AWBL,0.3663582391991051
C. elegans,AVDL,AWBR,0.9679938410943705
C. elegans,AVDL,AWCL,0.2338933470344431
C. elegans,AVDL,AWCR,0.6436053640333226
C. elegans,AVDL,BAGL,-0.9331616221595463
C. elegans,AVDL,CEPDL,0.47507653212993983
C. elegans,AVDL,CEPDR,0.9169158313360355
C. elegans,AVDL,CEPVL,0.2811152124199753
C. elegans,AVDL,CEPVR,0.684572899329316
C. elegans,AVDL,FLPL,0.7589925891253686
C. elegans,AVDL,FLPR,0.996884911341495
C. elegans,AVDL,IL1DL,0.06082174727692871
C. elegans,AVDL,IL1DR,-0.49816568709520187
C. elegans,AVDL,IL1L,-0.4544856936722054
C. elegans,AVDL,IL1R,-0.9109360542407078
C. elegans,AVDL,IL1VL,0.3363147272423306
C. elegans,AVDL,IL1VR,-0.9835737933403782
C. elegans,AVDL,IL2DL,0.7708176235237072
C. elegans,AVDL,IL2DR,0.8933042168611035
C. elegans,AVDL,IL2L,0.9015086116479561
C. elegans,AVDL,IL2R,0.49505132221640424
C. elegans,AVDL,IL2VL,0.9330317083586466
C. elegans,AVDL,IL2VR,0.7640233795391256
C. elegans,AVDL,OLLL,-0.5884626222200622
C. elegans,AVDL,OLLR,-0.4865208399325034
C. elegans,AVDL,OLQDL,-0.7754006183412998
C. elegans,AVDL,OLQDR,-0.2975843352853463
C. elegans,AVDL,OLQVL,-0.7743486568388536
C. elegans,AVDL,OLQVR,-0.49103458963571284
C. elegans,AVDL,RIAL,0.8989563639057997
C. elegans,AVDL,RIAR,0.9723238047801639
C. elegans,AVDL,RIBL,-0.8888269166258312
C. elegans,AVDL,RIBR,-0.9191557935150105
C. elegans,AVDL,RICL,0.624106112831949
C. elegans,AVDL,RICR,0.9141821799436185
C. elegans,AVDL,RID,-0.7934334390867468
C. elegans,AVDL,RIH,-0.6232952255620537
C. elegans,AVDL,RIML,-0.7814111128986947
C. elegans,AVDL,RIMR,-0.8065273445318067
C. elegans,AVDL,RIR,-0.218625366548603
C. elegans,AVDL,RIS,-0.9656136925636778
C. elegans,AVDL,RIVL,-0.855732332473527
C. elegans,AVDL,RIVR,-0.8493829622809742
C. elegans,AVDL,RMDDL,0.44338043976974656
C. elegans,AVDL,RMDDR,0.9970575464984118
C. elegans,AVDL,RMDL,-0.8763627689321891
C. elegans,AVDL,RMDR,-0.20311896964628218
C. elegans,AVDL,RMDVL,0.5015856319167152
C. elegans,AVDL,RMDVR,0.94823065532524
C. elegans,AVDL,RMED,-0.7903734803844387
C. elegans,AVDL,RMEL,-0.9844953359451007
C. elegans,AVDL,RMER,-0.8814493010421189
C. elegans,AVDL,RMEV,-0.8793690988105136
C. elegans,AVDL,RMGL,0.9376271368115568
C. elegans,AVDL,SAADL,-0.10577694703402232
C. elegans,AVDL,SAADR,0.045431451556804954
C. elegans,AVDL,SAAVL,0.12953309529307344
C. elegans,AVDL,SAAVR,0.348206901345801
C. elegans,AVDL,SMBVR,-0.7860365365516604
C. elegans,AVDL,SMDDL,-0.5318599396439706
C. elegans,AVDL,SMDDR,-0.7160438376853203
C. elegans,AVDL,SMDVL,-0.9857989448127248
C. elegans,AVDL,SMDVR,-0.7413486183314608
C. elegans,AVDL,URADL,0.9926031503869381
C. elegans,AVDL,URADR,0.964978439392971
C. elegans,AVDL,URAVL,0.913792320672606
C. elegans,AVDL,URAVR,0.8667229008529885
C. elegans,AVDL,URBL,0.34729891420866504
C. elegans,AVDL,URBR,0.5146895932951479
C. elegans,AVDL,URXL,-0.4335299926387126
C. elegans,AVDL,URXR,0.7005778458162496
C. elegans,AVDL,URYDL,-0.6743224395104731
C. elegans,AVDL,URYDR,0.16979518890828246
C. elegans,AVDL,URYVL,-0.8794770891826743
C. elegans,AVDL,URYVR,0.82269636775214
C. elegans,AVDR,AVEL,-0.656308096400285
C. elegans,AVDR,AVER,-0.7656129270284023
C. elegans,AVDR,AVHL,0.8541848847175892
C. elegans,AVDR,AVJL,0.9846537900365258
C. elegans,AVDR,AVJR,0.9764980483160123
C. elegans,AVDR,AVKL,-0.07718243508730957
C. elegans,AVDR,AVKR,0.21453455636951196
C. elegans,AVDR,AVL,0.37337349404162756
C. elegans,AVDR,AWAL,-0.21693124191920357
C. elegans,AVDR,AWAR,0.802912824106017
C. elegans,AVDR,AWBL,0.39466709945117606
C. elegans,AVDR,AWBR,0.9661809370395621
C. elegans,AVDR,AWCL,0.2605395346868271
C. elegans,AVDR,AWCR,0.6551058161023035
C. elegans,AVDR,BAGL,-0.9261990532670641
C. elegans,AVDR,CEPDL,0.44395206568441936
C. elegans,AVDR,CEPDR,0.9037951254441038
C. elegans,AVDR,CEPVL,0.25323272770033856
C. elegans,AVDR,CEPVR,0.6594092189264561
C. elegans,AVDR,FLPL,0.749626251285326
C. elegans,AVDR,FLPR,0.9945260495863834
C. elegans,AVDR,IL1DL,0.028004577668288858
C. elegans,AVDR,IL1DR,-0.5247474162728455
C. elegans,AVDR,IL1L,-0.4855482898100059
C. elegans,AVDR,IL1R,-0.9158162193932018
C. elegans,AVDR,IL1VL,0.31396679790079984
C. elegans,AVDR,IL1VR,-0.984713055579855
C. elegans,AVDR,IL2DL,0.7727957215686161
C. elegans,AVDR,IL2DR,0.9045489418732915
C. elegans,AVDR,IL2L,0.8976903450881983
C. elegans,AVDR,IL2R,0.5235597121963267
C. elegans,AVDR,IL2VL,0.9298449261798629
C. elegans,AVDR,IL2VR,0.7715824719768628
C. elegans,AVDR,OLLL,-0.6166517674749019
C. elegans,AVDR,OLLR,-0.5170301379950775
C. elegans,AVDR,OLQDL,-0.7968485302708679
C. elegans,AVDR,OLQDR,-0.33090653747288445
C. elegans,AVDR,OLQVL,-0.79420037597469
C. elegans,AVDR,OLQVR,-0.5212659839726901
C. elegans,AVDR,RIAL,0.8920274255676219
C. elegans,AVDR,RIAR,0.9744975022490395
C. elegans,AVDR,RIBL,-0.8822160820181465
C. elegans,AVDR,RIBR,-0.9069774880078855
C. elegans,AVDR,RICL,0.6511741187224502
C. elegans,AVDR,RICR,0.9279364767108121
C. elegans,AVDR,RID,-0.7780357949259373
C. elegans,AVDR,RIH,-0.6296651594757396
C. elegans,AVDR,RIML,-0.7635252656014873
C. elegans,AVDR,RIMR,-0.78709570316282
C. elegans,AVDR,RIR,-0.2041839052578012
C. elegans,AVDR,RIS,-0.97405427531149
C. elegans,AVDR,RIVL,-0.8638823763894216
C. elegans,AVDR,RIVR,-0.8590618047927968
C. elegans,AVDR,RMDDL,0.4496222122076995
C. elegans,AVDR,RMDDR,0.9989218429338679
C. elegans,AVDR,RMDL,-0.8924053322357105
C. elegans,AVDR,RMDR,-0.2370651059844182
C. elegans,AVDR,RMDVL,0.48956030324964794
C. elegans,AVDR,RMDVR,0.9366825547631705
C. elegans,AVDR,RMED,-0.807731644833632
C. elegans,AVDR,RMEL,-0.9818355922113434
C. elegans,AVDR,RMER,-0.8864146664486636
C. elegans,AVDR,RMEV,-0.8951918966665183
C. elegans,AVDR,RMGL,0.9467522827839367
C. elegans,AVDR,SAADL,-0.07942457218516087
C. elegans,AVDR,SAADR,0.0788347471334274
C. elegans,AVDR,SAAVL,0.1569930414054924
C. elegans,AVDR,SAAVR,0.381010719342316
C. elegans,AVDR,SMBVR,-0.771812319431191
C. elegans,AVDR,SMDDL,-0.5124023694338992
C. elegans,AVDR,SMDDR,-0.7402314245196671
C. elegans,AVDR,SMDVL,-0.9900353172604015
C. elegans,AVDR,SMDVR,-0.7352744369488553
C. elegans,AVDR,URADL,0.9882412833028945
C. elegans,AVDR,URADR,0.9635717695360969
C. elegans,AVDR,URAVL,0.9252654331441852
C. elegans,AVDR,URAVR,0.8809971790362233
C. elegans,AVDR,URBL,0.3153951860467914
C. elegans,AVDR,URBR,0.4906788822457874
C. elegans,AVDR,URXL,-0.4454307443678103
C. elegans,AVDR,URXR,0.6946063000948348
C. elegans,AVDR,URYDL,-0.69000892800174
C. elegans,AVDR,URYDR,0.13486348668433554
C. elegans,AVDR,URYVL,-0.8858843881856246
C. elegans,AVDR,URYVR,0.8107900573379757
C. elegans,AVEL,AVER,0.9629807131182616
C. elegans,AVEL,AVHL,-0.952022016418926
C. elegans,AVEL,AVJL,-0.5431490165537124
C. elegans,AVEL,AVJR,-0.7085364138384271
C. elegans,AVEL,AVKL,-0.0006508620457319237
C. elegans,AVEL,AVKR,-0.10138426407903685
C. elegans,AVEL,AVL,-0.16252450666134424
C. elegans,AVEL,AWAL,0.4371285986253869
C. elegans,AVEL,AWAR,-0.5237743522128827
C. elegans,AVEL,AWBL,-0.4214585984961269
C. elegans,AVEL,AWBR,-0.8286191801626346
C. elegans,AVEL,AWCL,-0.4488575432447137
C. elegans,AVEL,AWCR,-0.8587462229339093
C. elegans,AVEL,BAGL,0.8787558547405312
C. elegans,AVEL,CEPDL,-0.5685672884320911
C. elegans,AVEL,CEPDR,-0.808838076443931
C. elegans,AVEL,CEPVL,0.06221462652149618
C. elegans,AVEL,CEPVR,-0.7370617546953967
C. elegans,AVEL,FLPL,-0.9862798926820867
C. elegans,AVEL,FLPR,-0.7155821169534378
C. elegans,AVEL,IL1DL,0.04740125567382802
C. elegans,AVEL,IL1DR,0.48419368481769437
C. elegans,AVEL,IL1L,0.06939728388798773
C. elegans,AVEL,IL1R,0.8512301672797182
C. elegans,AVEL,IL1VL,-0.8525166843619595
C. elegans,AVEL,IL1VR,0.7684995723223078
C. elegans,AVEL,IL2DL,-0.9557034538946255
C. elegans,AVEL,IL2DR,-0.745680895109173
C. elegans,AVEL,IL2L,-0.9216050686535066
C. elegans,AVEL,IL2R,-0.3881687547441792
C. elegans,AVEL,IL2VL,-0.8878806370117973
C. elegans,AVEL,IL2VR,-0.8994329090516511
C. elegans,AVEL,OLLL,0.21052998341181994
C. elegans,AVEL,OLLR,0.11185106516047705
C. elegans,AVEL,OLQDL,0.30974448730090115
C. elegans,AVEL,OLQDR,-0.06778081498408833
C. elegans,AVEL,OLQVL,0.21220483445132549
C. elegans,AVEL,OLQVR,0.07789648519780731
C. elegans,AVEL,RIAL,-0.9198970306585627
C. elegans,AVEL,RIAR,-0.788979945066485
C. elegans,AVEL,RIBL,0.9300666427793568
C. elegans,AVEL,RIBR,0.8306876980498822
C. elegans,AVEL,RICL,-0.20301149051646797
C. elegans,AVEL,RICR,-0.5325690879855324
C. elegans,AVEL,RID,0.9252562754245619
C. elegans,AVEL,RIH,-0.17137760266826105
C. elegans,AVEL,RIML,0.8908811538748854
C. elegans,AVEL,RIMR,0.8197790539690503
C. elegans,AVEL,RIR,-0.4184853267789334
C. elegans,AVEL,RIS,0.5579295940164797
C. elegans,AVEL,RIVL,0.19123464934911555
C. elegans,AVEL,RIVR,0.1885391384700262
C. elegans,AVEL,RMDDL,0.3753872913237097
C. elegans,AVEL,RMDDR,-0.626026086369556
C. elegans,AVEL,RMDL,0.4125702386670517
C. elegans,AVEL,RMDR,-0.17591535927392524
C. elegans,AVEL,RMDVL,0.18072557000542036
C. elegans,AVEL,RMDVR,-0.638979177472331
C. elegans,AVEL,RMED,0.17622619939516931
C. elegans,AVEL,RMEL,0.7841289103407632
C. elegans,AVEL,RMER,0.8768977416378404
C. elegans,AVEL,RMEV,0.5738101426605577
C. elegans,AVEL,RMGL,-0.7230488336335593
C. elegans,AVEL,SAADL,0.6910286275970962
C. elegans,AVEL,SAADR,-0.0798876178724554
C. elegans,AVEL,SAAVL,-0.37869794022023223
C. elegans,AVEL,SAAVR,0.005990801330166227
C. elegans,AVEL,SMBVR,0.24911796413573264
C. elegans,AVEL,SMDDL,0.9283073626462925
C. elegans,AVEL,SMDDR,0.31152880978329556
C. elegans,AVEL,SMDVL,0.6975148401026602
C. elegans,AVEL,SMDVR,0.05131175123924868
C. elegans,AVEL,URADL,-0.6361215305117058
C. elegans,AVEL,URADR,-0.8335907538370416
C. elegans,AVEL,URAVL,-0.3806987128697061
C. elegans,AVEL,URAVR,-0.6895594679627065
C. elegans,AVEL,URBL,-0.2045946324385619
C. elegans,AVEL,URBR,-0.8575388307683904
C. elegans,AVEL,URXL,0.8230034063427218
C. elegans,AVEL,URXR,0.008046020128223825
C. elegans,AVEL,URYDL,0.7793588527507977
C. elegans,AVEL,URYDR,-0.3204053675917358
C. elegans,AVEL,URYVL,0.8587452988914306
C. elegans,AVEL,URYVR,-0.26971558669282064
C. elegans,AVER,AVHL,-0.9777626531700756
C. elegans,AVER,AVJL,-0.6925400509097541
C. elegans,AVER,AVJR,-0.842183148274156
C. elegans,AVER,AVKL,0.21976549412183902
C. elegans,AVER,AVKR,0.06587493599470025
C. elegans,AVER,AVL,-0.03186045273678285
C. elegans,AVER,AWAL,0.5863616075107919
C. elegans,AVER,AWAR,-0.49098766854717224
C. elegans,AVER,AWBL,-0.2520067551530441
C. elegans,AVER,AWBR,-0.8958718309185619
C. elegans,AVER,AWCL,-0.24285148918073374
C. elegans,AVER,AWCR,-0.7472418885173575
C. elegans,AVER,BAGL,0.951641987822654
C. elegans,AVER,CEPDL,-0.7302494320262447
C. elegans,AVER,CEPDR,-0.9311616508854211
C. elegans,AVER,CEPVL,-0.19585823855945533
C. elegans,AVER,CEPVR,-0.8799608369295052
C. elegans,AVER,FLPL,-0.9929146213886775
C. elegans,AVER,FLPR,-0.825093120602256
C. elegans,AVER,IL1DL,-0.17062929587784054
C. elegans,AVER,IL1DR,0.3459678104746102
C. elegans,AVER,IL1L,0.005582791122207637
C. elegans,AVER,IL1R,0.8574846591503656
C. elegans,AVER,IL1VL,-0.8464656686788746
C. elegans,AVER,IL1VR,0.8397714651657805
C. elegans,AVER,IL2DL,-0.9093047020582842
C. elegans,AVER,IL2DR,-0.7391339512488239
C. elegans,AVER,IL2L,-0.9556638308640266
C. elegans,AVER,IL2R,-0.2641291230663473
C. elegans,AVER,IL2VL,-0.9366850130733698
C. elegans,AVER,IL2VR,-0.8344733435579524
C. elegans,AVER,OLLL,0.16381390501828264
C. elegans,AVER,OLLR,0.04899445923594171
C. elegans,AVER,OLQDL,0.3290427533229572
C. elegans,AVER,OLQDR,-0.15294349158065237
C. elegans,AVER,OLQVL,0.266821512338217
C. elegans,AVER,OLQVR,0.027170475869576282
C. elegans,AVER,RIAL,-0.9714416527422384
C. elegans,AVER,RIAR,-0.8454994483386877
C. elegans,AVER,RIBL,0.974078705301664
C. elegans,AVER,RIBR,0.9423436854235577
C. elegans,AVER,RICL,-0.17512913022703727
C. elegans,AVER,RICR,-0.5756926517686034
C. elegans,AVER,RID,0.9929582339578608
C. elegans,AVER,RIH,0.02046296470963827
C. elegans,AVER,RIML,0.9786322798843954
C. elegans,AVER,RIMR,0.9430017357150987
C. elegans,AVER,RIR,-0.15856121227595302
C. elegans,AVER,RIS,0.639496514281144
C. elegans,AVER,RIVL,0.3420975179409767
C. elegans,AVER,RIVR,0.32955305201887947
C. elegans,AVER,RMDDL,0.1798015393136733
C. elegans,AVER,RMDDR,-0.735807565268583
C. elegans,AVER,RMDL,0.464216482862105
C. elegans,AVER,RMDR,-0.2627826163874201
C. elegans,AVER,RMDVL,-0.08324403667514217
C. elegans,AVER,RMDVR,-0.8076108625949943
C. elegans,AVER,RMED,0.25953204397263285
C. elegans,AVER,RMEL,0.8731182976901601
C. elegans,AVER,RMER,0.8670966421075299
C. elegans,AVER,RMEV,0.5837665096520327
C. elegans,AVER,RMGL,-0.7476747295488886
C. elegans,AVER,SAADL,0.6845515960887701
C. elegans,AVER,SAADR,0.11935454677312618
C. elegans,AVER,SAAVL,-0.15669890743976475
C. elegans,AVER,SAAVR,0.09023327078497635
C. elegans,AVER,SMBVR,0.491720725228926
C. elegans,AVER,SMDDL,0.9421378193926475
C. elegans,AVER,SMDDR,0.29739745787831995
C. elegans,AVER,SMDVL,0.7710391373837846
C. elegans,AVER,SMDVR,0.2881043823584468
C. elegans,AVER,URADL,-0.77741960744836
C. elegans,AVER,URADR,-0.8962934322312835
C. elegans,AVER,URAVL,-0.4780114919105121
C. elegans,AVER,URAVR,-0.6732163448778428
C. elegans,AVER,URBL,-0.43240861485610543
C. elegans,AVER,URBR,-0.9116021657962031
C. elegans,AVER,URXL,0.6577057343126811
C. elegans,AVER,URXR,-0.23241083096143056
C. elegans,AVER,URYDL,0.6744748173162811
C. elegans,AVER,URYDR,-0.4823089246169219
C. elegans,AVER,URYVL,0.8450677748483274
C. elegans,AVER,URYVR,-0.5041661400356146
C. elegans,AVHL,AVJL,0.77401663608801
C. elegans,AVHL,AVJR,0.8875246365653794
C. elegans,AVHL,AVKL,-0.06565887268397068
C. elegans,AVHL,AVKR,0.12182383097602678
C. elegans,AVHL,AVL,0.22976627210743752
C. elegans,AVHL,AWAL,-0.4194535380955131
C. elegans,AVHL,AWAR,0.6626678279434455
C. elegans,AVHL,AWBL,0.41736888799426686
C. elegans,AVHL,AWBR,0.9588298831436989
C. elegans,AVHL,AWCL,0.3821930462931078
C. elegans,AVHL,AWCR,0.8368923475939863
C. elegans,AVHL,BAGL,-0.9814524480217817
C. elegans,AVHL,CEPDL,0.5985775196525447
C. elegans,AVHL,CEPDR,0.9315090290467722
C. elegans,AVHL,CEPVL,0.09159196827601572
C. elegans,AVHL,CEPVR,0.7948089855424344
C. elegans,AVHL,FLPL,0.9835006491380467
C. elegans,AVHL,FLPR,0.8949541808147063
C. elegans,AVHL,IL1DL,0.013738239588585955
C. elegans,AVHL,IL1DR,-0.5151123008655635
C. elegans,AVHL,IL1L,-0.21486681058246357
C. elegans,AVHL,IL1R,-0.9463165360944141
C. elegans,AVHL,IL1VL,0.7270748881201682
C. elegans,AVHL,IL1VR,-0.9229135689272633
C. elegans,AVHL,IL2DL,0.960676092409147
C. elegans,AVHL,IL2DR,0.8639523461131603
C. elegans,AVHL,IL2L,0.9952810646900712
C. elegans,AVHL,IL2R,0.44793665785834447
C. elegans,AVHL,IL2VL,0.9851792992407398
C. elegans,AVHL,IL2VR,0.916470452248937
C. elegans,AVHL,OLLL,-0.3670330314099608
C. elegans,AVHL,OLLR,-0.25703286398199465
C. elegans,AVHL,OLQDL,-0.5152458569276718
C. elegans,AVHL,OLQDR,-0.05628721383253916
C. elegans,AVHL,OLQVL,-0.45010866268258976
C. elegans,AVHL,OLQVR,-0.23619803411468787
C. elegans,AVHL,RIAL,0.9950263492902318
C. elegans,AVHL,RIAR,0.931417706110688
C. elegans,AVHL,RIBL,-0.9974964737195529
C. elegans,AVHL,RIBR,-0.9465610385311094
C. elegans,AVHL,RICL,0.3773826360637267
C. elegans,AVHL,RICR,0.727443723065798
C. elegans,AVHL,RID,-0.9603894051988111
C. elegans,AVHL,RIH,-0.1378275349789084
C. elegans,AVHL,RIML,-0.9338312111546233
C. elegans,AVHL,RIMR,-0.8972716203640339
C. elegans,AVHL,RIR,0.18260863375504804
C. elegans,AVHL,RIS,-0.7690843771460071
C. elegans,AVHL,RIVL,-0.47690612905384216
C. elegans,AVHL,RIVR,-0.471511773210155
C. elegans,AVHL,RMDDL,-0.07377252979460835
C. elegans,AVHL,RMDDR,0.8320536459751822
C. elegans,AVHL,RMDL,-0.6295683018060841
C. elegans,AVHL,RMDR,0.055933578518138655
C. elegans,AVHL,RMDVL,0.09282312034152407
C. elegans,AVHL,RMDVR,0.8290306587418138
C. elegans,AVHL,RMED,-0.4340499186881012
C. elegans,AVHL,RMEL,-0.9362025137669194
C. elegans,AVHL,RMER,-0.9513825457703309
C. elegans,AVHL,RMEV,-0.7395589135930171
C. elegans,AVHL,RMGL,0.8683293882755154
C. elegans,AVHL,SAADL,-0.525652399611173
C. elegans,AVHL,SAADR,0.05163260180467664
C. elegans,AVHL,SAAVL,0.2913493940152165
C. elegans,AVHL,SAAVR,0.11912818423295733
C. elegans,AVHL,SMBVR,-0.5011507046613941
C. elegans,AVHL,SMDDL,-0.8570263903443582
C. elegans,AVHL,SMDDR,-0.4902319910165558
C. elegans,AVHL,SMDVL,-0.8740755373922809
C. elegans,AVHL,SMDVR,-0.34435573285992055
C. elegans,AVHL,URADL,0.8409169909376076
C. elegans,AVHL,URADR,0.9606796198590658
C. elegans,AVHL,URAVL,0.6264115788805772
C. elegans,AVHL,URAVR,0.8132790157176981
C. elegans,AVHL,URBL,0.30115273514964785
C. elegans,AVHL,URBR,0.8051225539740603
C. elegans,AVHL,URXL,-0.7258580615592849
C. elegans,AVHL,URXR,0.28747990262590595
C. elegans,AVHL,URYDL,-0.7934717066289599
C. elegans,AVHL,URYDR,0.3077976799468913
C. elegans,AVHL,URYVL,-0.9374373867171145
C. elegans,AVHL,URYVR,0.5287039438300207
C. elegans,AVJL,AVJR,0.9705409776655386
C. elegans,AVJL,AVKL,-0.193289522472126
C. elegans,AVJL,AVKR,0.11248360716059695
C. elegans,AVJL,AVL,0.2825660305595071
C. elegans,AVJL,AWAL,-0.2573582078900576
C. elegans,AVJL,AWAR,0.7264472997078629
C. elegans,AVJL,AWBL,0.26220959101723024
C. elegans,AVJL,AWBR,0.9154920715998639
C. elegans,AVJL,AWCL,0.10932249742081084
C. elegans,AVJL,AWCR,0.5133480451446064
C. elegans,AVJL,BAGL,-0.8754311987168454
C. elegans,AVJL,CEPDL,0.475677331886806
C. elegans,AVJL,CEPDR,0.8854517673573279
C. elegans,AVJL,CEPVL,0.390471733696517
C. elegans,AVJL,CEPVR,0.6630731696563735
C. elegans,AVJL,FLPL,0.6588305013876855
C. elegans,AVJL,FLPR,0.9747249973903476
C. elegans,AVJL,IL1DL,0.14760732796398154
C. elegans,AVJL,IL1DR,-0.40116800638326283
C. elegans,AVJL,IL1L,-0.43535844776693544
C. elegans,AVJL,IL1R,-0.8318571930863713
C. elegans,AVJL,IL1VL,0.23649187247188108
C. elegans,AVJL,IL1VR,-0.9405175060489004
C. elegans,AVJL,IL2DL,0.6555802445613306
C. elegans,AVJL,IL2DR,0.8223399101090051
C. elegans,AVJL,IL2L,0.8234182610689859
C. elegans,AVJL,IL2R,0.41517358930187603
C. elegans,AVJL,IL2VL,0.865412063773504
C. elegans,AVJL,IL2VR,0.6489258915201881
C. elegans,AVJL,OLLL,-0.561574842225472
C. elegans,AVJL,OLLR,-0.4633083549100786
C. elegans,AVJL,OLQDL,-0.7652542569994817
C. elegans,AVJL,OLQDR,-0.2835357209106005
C. elegans,AVJL,OLQVL,-0.7892395338311475
C. elegans,AVJL,OLQVR,-0.47661514010748196
C. elegans,AVJL,RIAL,0.827354844107867
C. elegans,AVJL,RIAR,0.9210261542249187
C. elegans,AVJL,RIBL,-0.8129304929415719
C. elegans,AVJL,RIBR,-0.8811392160946138
C. elegans,AVJL,RICL,0.6059972905022288
C. elegans,AVJL,RICR,0.8885924257492973
C. elegans,AVJL,RID,-0.72406304751565
C. elegans,AVJL,RIH,-0.7319208735457341
C. elegans,AVJL,RIML,-0.7232965620371449
C. elegans,AVJL,RIMR,-0.7709195132524397
C. elegans,AVJL,RIR,-0.37164175188752613
C. elegans,AVJL,RIS,-0.9522334163614702
C. elegans,AVJL,RIVL,-0.9104686369580172
C. elegans,AVJL,RIVR,-0.900705333764081
C. elegans,AVJL,RMDDL,0.5739388188927821
C. elegans,AVJL,RMDDR,0.9862471332579121
C. elegans,AVJL,RMDL,-0.8678748362335222
C. elegans,AVJL,RMDR,-0.19938183860467232
C. elegans,AVJL,RMDVL,0.6341484459952268
C. elegans,AVJL,RMDVR,0.9557818723227578
C. elegans,AVJL,RMED,-0.820643817537495
C. elegans,AVJL,RMEL,-0.9459321360892387
C. elegans,AVJL,RMER,-0.7924932193122641
C. elegans,AVJL,RMEV,-0.8355869138218301
C. elegans,AVJL,RMGL,0.8820612712079287
C. elegans,AVJL,SAADL,-0.019613295763280414
C. elegans,AVJL,SAADR,-0.03563504730811581
C. elegans,AVJL,SAAVL,0.005041784929024232
C. elegans,AVJL,SAAVR,0.3281524440416052
C. elegans,AVJL,SMBVR,-0.8648430222156558
C. elegans,AVJL,SMDDL,-0.43521908097209583
C. elegans,AVJL,SMDDR,-0.6918764244429417
C. elegans,AVJL,SMDVL,-0.9525368072173727
C. elegans,AVJL,SMDVR,-0.8416337546149543
C. elegans,AVJL,URADL,0.9918379247943435
C. elegans,AVJL,URADR,0.9101165001506869
C. elegans,AVJL,URAVL,0.926929796461902
C. elegans,AVJL,URAVR,0.7985056215349983
C. elegans,AVJL,URBL,0.4140241775751832
C. elegans,AVJL,URBR,0.4410555074400371
C. elegans,AVJL,URXL,-0.282346716172687
C. elegans,AVJL,URXR,0.8085034655063387
C. elegans,AVJL,URYDL,-0.5572987825642646
C. elegans,AVJL,URYDR,0.19307835783633326
C. elegans,AVJL,URYVL,-0.7913384658647054
C. elegans,AVJL,URYVR,0.8969858239174674
C. elegans,AVJR,AVKL,-0.2642198256610469
C. elegans,AVJR,AVKR,0.01365710464478384
C. elegans,AVJR,AVL,0.17424448060073403
C. elegans,AVJR,AWAL,-0.42219515828058923
C. elegans,AVJR,AWAR,0.6668393537983308
C. elegans,AVJR,AWBL,0.22963025436565515
C. elegans,AVJR,AWBR,0.9654372990991837
C. elegans,AVJR,AWCL,0.11252619230332672
C. elegans,AVJR,AWCR,0.5930978380770706
C. elegans,AVJR,BAGL,-0.9591880739455989
C. elegans,AVJR,CEPDL,0.6266365148836872
C. elegans,AVJR,CEPDR,0.9706084804470638
C. elegans,AVJR,CEPVL,0.4002131449098373
C. elegans,AVJR,CEPVR,0.8044195305879818
C. elegans,AVJR,FLPL,0.8091998922496035
C. elegans,AVJR,FLPR,0.9909809712495741
C. elegans,AVJR,IL1DL,0.21469372795142289
C. elegans,AVJR,IL1DR,-0.3661922425138538
C. elegans,AVJR,IL1L,-0.28588425565328784
C. elegans,AVJR,IL1R,-0.8796176049760409
C. elegans,AVJR,IL1VL,0.4635791405663754
C. elegans,AVJR,IL1VR,-0.9635501341357067
C. elegans,AVJR,IL2DL,0.7643706376470755
C. elegans,AVJR,IL2DR,0.8277120605564704
C. elegans,AVJR,IL2L,0.9155714596939529
C. elegans,AVJR,IL2R,0.34997134817630493
C. elegans,AVJR,IL2VL,0.9411835203441984
C. elegans,AVJR,IL2VR,0.7286044752272964
C. elegans,AVJR,OLLL,-0.4332709504057036
C. elegans,AVJR,OLLR,-0.3208361046237947
C. elegans,AVJR,OLQDL,-0.6481211868802144
C. elegans,AVJR,OLQDR,-0.1197758216148492
C. elegans,AVJR,OLQVL,-0.6508360850614363
C. elegans,AVJR,OLQVR,-0.3250899436718144
C. elegans,AVJR,RIAL,0.9281078372808188
C. elegans,AVJR,RIAR,0.948665170326487
C. elegans,AVJR,RIBL,-0.9173314581672419
C. elegans,AVJR,RIBR,-0.9690833009150713
C. elegans,AVJR,RICL,0.4723585801793408
C. elegans,AVJR,RICR,0.8267415146329969
C. elegans,AVJR,RID,-0.8686865198391084
C. elegans,AVJR,RIH,-0.5563035824878471
C. elegans,AVJR,RIML,-0.8678470377202244
C. elegans,AVJR,RIMR,-0.8963459469277733
C. elegans,AVJR,RIR,-0.26105546717949124
C. elegans,AVJR,RIS,-0.9024964463912428
C. elegans,AVJR,RIVL,-0.7841258041913987
C. elegans,AVJR,RIVR,-0.7705717184301215
C. elegans,AVJR,RMDDL,0.3770624810153154
C. elegans,AVJR,RMDDR,0.9670555876801081
C. elegans,AVJR,RMDL,-0.774708338203089
C. elegans,AVJR,RMDR,-0.022280551212725347
C. elegans,AVJR,RMDVL,0.5288421336247997
C. elegans,AVJR,RMDVR,0.9858899048284844
C. elegans,AVJR,RMED,-0.6766913850986698
C. elegans,AVJR,RMEL,-0.9834365474101727
C. elegans,AVJR,RMER,-0.8521512627305661
C. elegans,AVJR,RMEV,-0.785247964845037
C. elegans,AVJR,RMGL,0.8792804182903123
C. elegans,AVJR,SAADL,-0.25656829470361153
C. elegans,AVJR,SAADR,-0.1149144237299231
C. elegans,AVJR,SAAVL,0.0062384514306282795
C. elegans,AVJR,SAAVR,0.17306933958173296
C. elegans,AVJR,SMBVR,-0.8282382156704732
C. elegans,AVJR,SMDDL,-0.6391072887829395
C. elegans,AVJR,SMDDR,-0.5783696608987078
C. elegans,AVJR,SMDVL,-0.9477868412743764
C. elegans,AVJR,SMDVR,-0.7381275261623327
C. elegans,AVJR,URADL,0.9933253494018401
C. elegans,AVJR,URADR,0.9608028313610573
C. elegans,AVJR,URAVL,0.8311714982240989
C. elegans,AVJR,URAVR,0.7854263974142173
C. elegans,AVJR,URBL,0.4936815485172352
C. elegans,AVJR,URBR,0.6418518138245091
C. elegans,AVJR,URXL,-0.3894521895584627
C. elegans,AVJR,URXR,0.6963345379392583
C. elegans,AVJR,URYDL,-0.5988839703683888
C. elegans,AVJR,URYDR,0.34387236876730143
C. elegans,AVJR,URYVL,-0.842555674811121
C. elegans,AVJR,URYVR,0.8528206730470976
C. elegans,AVKL,AVKR,0.9500336227269673
C. elegans,AVKL,AVL,0.8800683455256914
C. elegans,AVKL,AWAL,0.8800384545065028
C. elegans,AVKL,AWAR,0.5306617723705711
C. elegans,AVKL,AWBL,0.8726858598247701
C. elegans,AVKL,AWBR,-0.05119301884214994
C. elegans,AVKL,AWCL,0.8926630322971426
C. elegans,AVKL,AWCR,0.48328474093942325
C. elegans,AVKL,BAGL,0.16158904412470285
C. elegans,AVKL,CEPDL,-0.82221430641577
C. elegans,AVKL,CEPDR,-0.36713472185601637
C. elegans,AVKL,CEPVL,-0.9540737311675367
C. elegans,AVKL,CEPVR,-0.6545566333460456
C. elegans,AVKL,FLPL,-0.10693511429686216
C. elegans,AVKL,FLPR,-0.1338087361955432
C. elegans,AVKL,IL1DL,-0.9986061383280316
C. elegans,AVKL,IL1DR,-0.7985393171909418
C. elegans,AVKL,IL1L,-0.7451403589136906
C. elegans,AVKL,IL1R,-0.17723811337297518
C. elegans,AVKL,IL1VL,-0.37282233252859426
C. elegans,AVKL,IL1VR,0.0013131601372308793
C. elegans,AVKL,IL2DL,0.2018844660036925
C. elegans,AVKL,IL2DR,0.3176524180726721
C. elegans,AVKL,IL2L,-0.03663254199999804
C. elegans,AVKL,IL2R,0.8090373561258271
C. elegans,AVKL,IL2VL,-0.04775620912523336
C. elegans,AVKL,IL2VR,0.33902852130463074
C. elegans,AVKL,OLLL,-0.6749341361880237
C. elegans,AVKL,OLLR,-0.7364523920827812
C. elegans,AVKL,OLQDL,-0.4504492238423023
C. elegans,AVKL,OLQDR,-0.8089776121729921
C. elegans,AVKL,OLQVL,-0.35733200245033464
C. elegans,AVKL,OLQVR,-0.7100610904532031
C. elegans,AVKL,RIAL,-0.1264939194577006
C. elegans,AVKL,RIAR,0.0432394359004861
C. elegans,AVKL,RIBL,0.10815374803916782
C. elegans,AVKL,RIBR,0.330167707853731
C. elegans,AVKL,RICL,0.6240611478331926
C. elegans,AVKL,RICR,0.27829132241654075
C. elegans,AVKL,RID,0.32547516571712054
C. elegans,AVKL,RIH,0.15669521407847958
C. elegans,AVKL,RIML,0.40923825910195166
C. elegans,AVKL,RIMR,0.4989016629471627
C. elegans,AVKL,RIR,0.7117919700301386
C. elegans,AVKL,RIS,-0.11541235928425103
C. elegans,AVKL,RIVL,0.02542922784112209
C. elegans,AVKL,RIVR,-0.020167470191153607
C. elegans,AVKL,RMDDL,-0.1849096970257252
C. elegans,AVKL,RMDDR,-0.055023167512268115
C. elegans,AVKL,RMDL,-0.30199708696255584
C. elegans,AVKL,RMDR,-0.8136883393411226
C. elegans,AVKL,RMDVL,-0.6435977339052656
C. elegans,AVKL,RMDVR,-0.41696651187859834
C. elegans,AVKL,RMED,-0.2610251695182081
C. elegans,AVKL,RMEL,0.10413582906038857
C. elegans,AVKL,RMER,-0.20436586740927817
C. elegans,AVKL,RMEV,-0.37261910602250936
C. elegans,AVKL,RMGL,0.22693734951364827
C. elegans,AVKL,SAADL,0.4717117869216835
C. elegans,AVKL,SAADR,0.9873571352999793
C. elegans,AVKL,SAAVL,0.9253924268236066
C. elegans,AVKL,SAAVR,0.8029877757197152
C. elegans,AVKL,SMBVR,0.6164815174548032
C. elegans,AVKL,SMDDL,0.33329147295169903
C. elegans,AVKL,SMDDR,-0.5552316850568402
C. elegans,AVKL,SMDVL,-0.05302138892372858
C. elegans,AVKL,SMDVR,0.4579186915608516
C. elegans,AVKL,URADL,-0.22859904502536738
C. elegans,AVKL,URADR,-0.03576750330723081
C. elegans,AVKL,URAVL,0.13870126002564614
C. elegans,AVKL,URAVR,0.38916697123058586
C. elegans,AVKL,URBL,-0.9684805887617489
C. elegans,AVKL,URBR,-0.49238434399937564
C. elegans,AVKL,URXL,-0.564501496778804
C. elegans,AVKL,URXR,-0.46686777304804405
C. elegans,AVKL,URYDL,-0.5532843399995229
C. elegans,AVKL,URYDR,-0.9265034192811319
C. elegans,AVKL,URYVL,-0.23813533649417715
C. elegans,AVKL,URYVR,-0.5545343299327673
C. elegans,AVKR,AVL,0.9842891469429476
C. elegans,AVKR,AWAL,0.8463961162313646
C. elegans,AVKR,AWAR,0.7538421857801906
C. elegans,AVKR,AWBL,0.9446211843719753
C. elegans,AVKR,AWBR,0.19954592560162784
C. elegans,AVKR,AWCL,0.9070904977390108
C. elegans,AVKR,AWCR,0.5964065446341251
C. elegans,AVKR,BAGL,-0.06765906904060655
C. elegans,AVKR,CEPDL,-0.7210466923464813
C. elegans,AVKR,CEPDR,-0.13168192920453164
C. elegans,AVKR,CEPVL,-0.8259952932795385
C. elegans,AVKR,CEPVR,-0.4983959753379471
C. elegans,AVKR,FLPL,0.034791919382006056
C. elegans,AVKR,FLPR,0.14751407844469797
C. elegans,AVKR,IL1DL,-0.9606575935651165
C. elegans,AVKR,IL1DR,-0.9132381203944863
C. elegans,AVKR,IL1L,-0.9108261524269576
C. elegans,AVKR,IL1R,-0.40013690164331356
C. elegans,AVKR,IL1VL,-0.37633307394617505
C. elegans,AVKR,IL1VR,-0.26522509842383485
C. elegans,AVKR,IL2DL,0.3515356703917136
C. elegans,AVKR,IL2DR,0.5500164926067895
C. elegans,AVKR,IL2L,0.1722050799739596
C. elegans,AVKR,IL2R,0.9381989886543566
C. elegans,AVKR,IL2VL,0.17927142369734836
C. elegans,AVKR,IL2VR,0.4943995323932005
C. elegans,AVKR,OLLL,-0.8713528542177428
C. elegans,AVKR,OLLR,-0.9080091614709608
C. elegans,AVKR,OLQDL,-0.7065390837265548
C. elegans,AVKR,OLQDR,-0.9341652471345698
C. elegans,AVKR,OLQVL,-0.6295669835240683
C. elegans,AVKR,OLQVR,-0.889151163342073
C. elegans,AVKR,RIAL,0.08213420162002347
C. elegans,AVKR,RIAR,0.3016603739939263
C. elegans,AVKR,RIBL,-0.0946519222492688
C. elegans,AVKR,RIBR,0.09762609696807376
C. elegans,AVKR,RICL,0.836245872733225
C. elegans,AVKR,RICR,0.55421825638729
C. elegans,AVKR,RID,0.1586890906572939
C. elegans,AVKR,RIH,-0.12124080646030001
C. elegans,AVKR,RIML,0.24111461116613225
C. elegans,AVKR,RIMR,0.3085459782316287
C. elegans,AVKR,RIR,0.5515883958726803
C. elegans,AVKR,RIS,-0.40866965449286774
C. elegans,AVKR,RIVL,-0.2849980883451137
C. elegans,AVKR,RIVR,-0.3282337440404165
C. elegans,AVKR,RMDDL,0.05485561578814547
C. elegans,AVKR,RMDDR,0.24061060051063743
C. elegans,AVKR,RMDL,-0.5823886554220972
C. elegans,AVKR,RMDR,-0.9188864134830218
C. elegans,AVKR,RMDVL,-0.4098565248926066
C. elegans,AVKR,RMDVR,-0.14082445617675768
C. elegans,AVKR,RMED,-0.546133663016395
C. elegans,AVKR,RMEL,-0.1608093186737033
C. elegans,AVKR,RMER,-0.4111165015986669
C. elegans,AVKR,RMEV,-0.6273181969714884
C. elegans,AVKR,RMGL,0.4812493562744796
C. elegans,AVKR,SAADL,0.540172483116024
C. elegans,AVKR,SAADR,0.9865654497249615
C. elegans,AVKR,SAAVL,0.9094786662608908
C. elegans,AVKR,SAAVR,0.9382769723702173
C. elegans,AVKR,SMBVR,0.3399075039027084
C. elegans,AVKR,SMDDL,0.2714024472568632
C. elegans,AVKR,SMDDR,-0.7867113945975251
C. elegans,AVKR,SMDVL,-0.3317845285380566
C. elegans,AVKR,SMDVR,0.16763988421610104
C. elegans,AVKR,URADL,0.06462039014037436
C. elegans,AVKR,URADR,0.21286023916108288
C. elegans,AVKR,URAVL,0.4402329020908443
C. elegans,AVKR,URAVR,0.619712129245622
C. elegans,AVKR,URBL,-0.8577037233321037
C. elegans,AVKR,URBR,-0.4247936070644297
C. elegans,AVKR,URXL,-0.5991347077296357
C. elegans,AVKR,URXR,-0.18306830318338402
C. elegans,AVKR,URYDL,-0.691294942154518
C. elegans,AVKR,URYDR,-0.9058652324571155
C. elegans,AVKR,URYVL,-0.4468804613011623
C. elegans,AVKR,URYVR,-0.2670696941432198
C. elegans,AVL,AWAL,0.7858542394147058
C. elegans,AVL,AWAR,0.8493645786362379
C. elegans,AVL,AWBL,0.9466779614327202
C. elegans,AVL,AWBR,0.33796595944124713
C. elegans,AVL,AWCL,0.8791441873365347
C. elegans,AVL,AWCR,0.6410554612219971
C. elegans,AVL,BAGL,-0.20049221158121183
C. elegans,AVL,CEPDL,-0.627300190751782
C. elegans,AVL,CEPDR,0.012777911606711028
C. elegans,AVL,CEPVL,-0.7187606279639989
C. elegans,AVL,CEPVR,-0.3823694397405539
C. elegans,AVL,FLPL,0.12152440924863772
C. elegans,AVL,FLPR,0.3041344261797807
C. elegans,AVL,IL1DL,-0.8973479066450958
C. elegans,AVL,IL1DR,-0.9410471170595552
C. elegans,AVL,IL1L,-0.9630328103278576
C. elegans,AVL,IL1R,-0.514400374893111
C. elegans,AVL,IL1VL,-0.3532844999805322
C. elegans,AVL,IL1VR,-0.40891686896241053
C. elegans,AVL,IL2DL,0.42829494189101286
C. elegans,AVL,IL2DR,0.6618511010538475
C. elegans,AVL,IL2L,0.2894726831856434
C. elegans,AVL,IL2R,0.9719987481125368
C. elegans,AVL,IL2VL,0.30599952880731474
C. elegans,AVL,IL2VR,0.5674398869739494
C. elegans,AVL,OLLL,-0.9437508887877585
C. elegans,AVL,OLLR,-0.9640134254978182
C. elegans,AVL,OLQDL,-0.8203631147994975
C. elegans,AVL,OLQDR,-0.9615128460823626
C. elegans,AVL,OLQVL,-0.7548315936639101
C. elegans,AVL,OLQVR,-0.9498476672524628
C. elegans,AVL,RIAL,0.2032719466692838
C. elegans,AVL,RIAR,0.4394236239082094
C. elegans,AVL,RIBL,-0.2120985261571012
C. elegans,AVL,RIBR,-0.0439154871768164
C. elegans,AVL,RICL,0.9188868680755405
C. elegans,AVL,RICR,0.6879907235963959
C. elegans,AVL,RID,0.05003327360547087
C. elegans,AVL,RIH,-0.2685410310612801
C. elegans,AVL,RIML,0.12838626920188365
C. elegans,AVL,RIMR,0.18116416869200808
C. elegans,AVL,RIR,0.44216585514982976
C. elegans,AVL,RIS,-0.5587813085693436
C. elegans,AVL,RIVL,-0.4465831367167049
C. elegans,AVL,RIVR,-0.4865598892905929
C. elegans,AVL,RMDDL,0.1819284635303531
C. elegans,AVL,RMDDR,0.4001719551250659
C. elegans,AVL,RMDL,-0.7162241109559405
C. elegans,AVL,RMDR,-0.9347625415651599
C. elegans,AVL,RMDVL,-0.2635867658723002
C. elegans,AVL,RMDVR,0.02499018059550529
C. elegans,AVL,RMED,-0.681906505485076
C. elegans,AVL,RMEL,-0.3084086209758108
C. elegans,AVL,RMER,-0.5161732098391926
C. elegans,AVL,RMEV,-0.7464531761673086
C. elegans,AVL,RMGL,0.608109368308855
C. elegans,AVL,SAADL,0.547479297467295
C. elegans,AVL,SAADR,0.9430546122023282
C. elegans,AVL,SAAVL,0.8638954145955877
C. elegans,AVL,SAAVR,0.9716513310413795
C. elegans,AVL,SMBVR,0.16878820123166283
C. elegans,AVL,SMDDL,0.21596216754419525
C. elegans,AVL,SMDDR,-0.8833223713682297
C. elegans,AVL,SMDVL,-0.4786184208959661
C. elegans,AVL,SMDVR,-0.0015147104174959172
C. elegans,AVL,URADL,0.2307605273765542
C. elegans,AVL,URADR,0.34956432735172677
C. elegans,AVL,URAVL,0.5918171037903219
C. elegans,AVL,URAVR,0.7268944920991602
C. elegans,AVL,URBL,-0.7560791607245243
C. elegans,AVL,URBR,-0.36005637821182285
C. elegans,AVL,URXL,-0.5997269354471739
C. elegans,AVL,URXR,-0.017402312745463683
C. elegans,AVL,URYDL,-0.7447783041891253
C. elegans,AVL,URYDR,-0.8510348572258897
C. elegans,AVL,URYVL,-0.5512791852255964
C. elegans,AVL,URYVR,-0.09293957900546014
C. elegans,AWAL,AWAR,0.360730084952858
C. elegans,AWAL,AWBL,0.6293809129514449
C. elegans,AWAL,AWBR,-0.305047656906867
C. elegans,AWAL,AWCL,0.5980102601416047
C. elegans,AWAL,AWCR,0.08123544167462025
C. elegans,AWAL,BAGL,0.44417550960572694
C. elegans,AWAL,CEPDL,-0.9709693855892462
C. elegans,AWAL,CEPDR,-0.5926691408173484
C. elegans,AWAL,CEPVL,-0.7586437484305841
C. elegans,AWAL,CEPVR,-0.8681866833060526
C. elegans,AWAL,FLPL,-0.5027620406478597
C. elegans,AWAL,FLPR,-0.30469956251020575
C. elegans,AWAL,IL1DL,-0.8628623400840009
C. elegans,AWAL,IL1DR,-0.5570628468735666
C. elegans,AWAL,IL1L,-0.7478121388980518
C. elegans,AWAL,IL1R,0.1255074844923066
C. elegans,AWAL,IL1VL,-0.7687511598504465
C. elegans,AWAL,IL1VR,0.2196346204090519
C. elegans,AWAL,IL2DL,-0.2010177291767294
C. elegans,AWAL,IL2DR,0.06121943016247714
C. elegans,AWAL,IL2L,-0.3644517425784458
C. elegans,AWAL,IL2R,0.623717050331888
C. elegans,AWAL,IL2VL,-0.346366055187245
C. elegans,AWAL,IL2VR,-0.04427396327219781
C. elegans,AWAL,OLLL,-0.6323410460632544
C. elegans,AWAL,OLLR,-0.7223042941512283
C. elegans,AWAL,OLQDL,-0.41527069818077894
C. elegans,AWAL,OLQDR,-0.8494079989261121
C. elegans,AWAL,OLQVL,-0.3892842009261136
C. elegans,AWAL,OLQVR,-0.7199420524655524
C. elegans,AWAL,RIAL,-0.44563850230130814
C. elegans,AWAL,RIAR,-0.19433764185911823
C. elegans,AWAL,RIBL,0.4376425958388354
C. elegans,AWAL,RIBR,0.571725082156523
C. elegans,AWAL,RICL,0.5995650976764776
C. elegans,AWAL,RICR,0.15918192298232578
C. elegans,AWAL,RID,0.6557934265734683
C. elegans,AWAL,RIH,-0.11629096450357393
C. elegans,AWAL,RIML,0.7141051853095739
C. elegans,AWAL,RIMR,0.7463804266240887
C. elegans,AWAL,RIR,0.339431961304649
C. elegans,AWAL,RIS,-0.00882770862790809
C. elegans,AWAL,RIVL,-0.07470305913441576
C. elegans,AWAL,RIVR,-0.11614238679521469
C. elegans,AWAL,RMDDL,0.1688830684163266
C. elegans,AWAL,RMDDR,-0.17913215092995866
C. elegans,AWAL,RMDL,-0.24363980215207648
C. elegans,AWAL,RMDR,-0.8953614049878249
C. elegans,AWAL,RMDVL,-0.35041762134859855
C. elegans,AWAL,RMDVR,-0.5276932260989804
C. elegans,AWAL,RMED,-0.32753574253508294
C. elegans,AWAL,RMEL,0.3221770202259249
C. elegans,AWAL,RMER,0.12369874260996554
C. elegans,AWAL,RMEV,-0.21128199288605087
C. elegans,AWAL,RMGL,0.0035468822689475412
C. elegans,AWAL,SAADL,0.8185666502629847
C. elegans,AWAL,SAADR,0.8595212712631773
C. elegans,AWAL,SAAVL,0.6440391900568672
C. elegans,AWAL,SAAVR,0.8193193831368701
C. elegans,AWAL,SMBVR,0.5141435096815906
C. elegans,AWAL,SMDDL,0.7298665780256631
C. elegans,AWAL,SMDDR,-0.49454096369762873
C. elegans,AWAL,SMDVL,0.12695178403209287
C. elegans,AWAL,SMDVR,0.26205080674216374
C. elegans,AWAL,URADL,-0.34391019701699976
C. elegans,AWAL,URADR,-0.29479208300010146
C. elegans,AWAL,URAVL,0.12392889135063527
C. elegans,AWAL,URAVR,0.15336382947070704
C. elegans,AWAL,URBL,-0.9161168485746958
C. elegans,AWAL,URBR,-0.8359050765452557
C. elegans,AWAL,URXL,-0.12420662530160449
C. elegans,AWAL,URXR,-0.24453779122163577
C. elegans,AWAL,URYDL,-0.2003014084159112
C. elegans,AWAL,URYDR,-0.9920389805048645
C. elegans,AWAL,URYVL,0.08258692455957892
C. elegans,AWAL,URYVR,-0.46119489593538576
C. elegans,AWAR,AWBL,0.8484220072639137
C. elegans,AWAR,AWBR,0.7781760589512386
C. elegans,AWAR,AWCL,0.739617203577654
C. elegans,AWAR,AWCR,0.8203489454060483
C. elegans,AWAR,BAGL,-0.6735165471176193
C. elegans,AWAR,CEPDL,-0.13225372935355892
C. elegans,AWAR,CEPDR,0.5346074434332808
C. elegans,AWAR,CEPVL,-0.3430880557563261
C. elegans,AWAR,CEPVR,0.1495610550865449
C. elegans,AWAR,FLPL,0.5430130492617015
C. elegans,AWAR,FLPR,0.7605835845804837
C. elegans,AWAR,IL1DL,-0.5707238814010274
C. elegans,AWAR,IL1DR,-0.9157978743615198
C. elegans,AWAR,IL1L,-0.8737012448638111
C. elegans,AWAR,IL1R,-0.8689799760113485
C. elegans,AWAR,IL1VL,0.004661078218369695
C. elegans,AWAR,IL1VR,-0.8281121741628914
C. elegans,AWAR,IL2DL,0.7504799086627107
C. elegans,AWAR,IL2DR,0.9494072499845424
C. elegans,AWAR,IL2L,0.7205202774423176
C. elegans,AWAR,IL2R,0.9267573063093664
C. elegans,AWAR,IL2VL,0.7444267626240478
C. elegans,AWAR,IL2VR,0.8349411077693176
C. elegans,AWAR,OLLL,-0.9396745001111017
C. elegans,AWAR,OLLR,-0.8939293084860729
C. elegans,AWAR,OLQDL,-0.9593018415546464
C. elegans,AWAR,OLQDR,-0.7827669564566888
C. elegans,AWAR,OLQVL,-0.9069617368793212
C. elegans,AWAR,OLQVR,-0.8839004773553142
C. elegans,AWAR,RIAL,0.6617414377048924
C. elegans,AWAR,RIAR,0.8445157819927719
C. elegans,AWAR,RIBL,-0.6634105834884629
C. elegans,AWAR,RIBR,-0.5582848447668632
C. elegans,AWAR,RICL,0.9403020834996432
C. elegans,AWAR,RICR,0.9592965975817876
C. elegans,AWAR,RID,-0.4409235668203116
C. elegans,AWAR,RIH,-0.4756344191851553
C. elegans,AWAR,RIML,-0.3798870655998815
C. elegans,AWAR,RIMR,-0.3513304710378154
C. elegans,AWAR,RIR,0.2202325674700132
C. elegans,AWAR,RIS,-0.9011437814309269
C. elegans,AWAR,RIVL,-0.7407353205607256
C. elegans,AWAR,RIVR,-0.7639382454280749
C. elegans,AWAR,RMDDL,0.31095708649781145
C. elegans,AWAR,RMDDR,0.8170391912583955
C. elegans,AWAR,RMDL,-0.9490931157122064
C. elegans,AWAR,RMDR,-0.7086772990756293
C. elegans,AWAR,RMDVL,0.05995737781329535
C. elegans,AWAR,RMDVR,0.5440827048869534
C. elegans,AWAR,RMED,-0.8634129029239669
C. elegans,AWAR,RMEL,-0.7630070567902283
C. elegans,AWAR,RMER,-0.8575897898477357
C. elegans,AWAR,RMEV,-0.9842789462581802
C. elegans,AWAR,RMGL,0.9338827623006405
C. elegans,AWAR,SAADL,0.25331418829474256
C. elegans,AWAR,SAADR,0.6569500911275379
C. elegans,AWAR,SAAVL,0.6714337541537937
C. elegans,AWAR,SAAVR,0.8200013091213367
C. elegans,AWAR,SMBVR,-0.3013067532654673
C. elegans,AWAR,SMDDL,-0.20009998712928548
C. elegans,AWAR,SMDDR,-0.9716954465171009
C. elegans,AWAR,SMDVL,-0.8696313103525692
C. elegans,AWAR,SMDVR,-0.37566106897787904
C. elegans,AWAR,URADL,0.7029329536322441
C. elegans,AWAR,URADR,0.7848059586880709
C. elegans,AWAR,URAVL,0.8823251093682779
C. elegans,AWAR,URAVR,0.9746874704715777
C. elegans,AWAR,URBL,-0.3124063228063438
C. elegans,AWAR,URBR,0.0896833439716352
C. elegans,AWAR,URXL,-0.6848984651626421
C. elegans,AWAR,URXR,0.3377113252767841
C. elegans,AWAR,URYDL,-0.8980325237206348
C. elegans,AWAR,URYDR,-0.45451703715963904
C. elegans,AWAR,URYVL,-0.8784374022451883
C. elegans,AWAR,URYVR,0.3718248394530982
C. elegans,AWBL,AWBR,0.44207350086643543
C. elegans,AWBL,AWCL,0.979302013706529
C. elegans,AWBL,AWCR,0.8255982241953804
C. elegans,AWBL,BAGL,-0.3399983149060565
C. elegans,AWBL,CEPDL,-0.47571049502929985
C. elegans,AWBL,CEPDR,0.13373524048937865
C. elegans,AWBL,CEPVL,-0.7859625166606847
C. elegans,AWBL,CEPVR,-0.2196479698190201
C. elegans,AWBL,FLPL,0.35281928714641636
C. elegans,AWBL,FLPR,0.3541268694245774
C. elegans,AWBL,IL1DL,-0.8972103182093751
C. elegans,AWBL,IL1DR,-0.9891427270349641
C. elegans,AWBL,IL1L,-0.8434730781228382
C. elegans,AWBL,IL1R,-0.635217265981654
C. elegans,AWBL,IL1VL,-0.05698253537504524
C. elegans,AWBL,IL1VR,-0.4806893925177915
C. elegans,AWBL,IL2DL,0.6315338524233691
C. elegans,AWBL,IL2DR,0.7360191919427646
C. elegans,AWBL,IL2L,0.4515663757610253
C. elegans,AWBL,IL2R,0.9785499672027137
C. elegans,AWBL,IL2VL,0.4452889387064894
C. elegans,AWBL,IL2VR,0.7427881249442242
C. elegans,AWBL,OLLL,-0.8525168924126172
C. elegans,AWBL,OLLR,-0.8547325567669206
C. elegans,AWBL,OLQDL,-0.7306406101797193
C. elegans,AWBL,OLQDR,-0.8217547776256057
C. elegans,AWBL,OLQVL,-0.6262090699750965
C. elegans,AWBL,OLQVR,-0.8254893752334127
C. elegans,AWBL,RIAL,0.368653126642285
C. elegans,AWBL,RIAR,0.5215150945214223
C. elegans,AWBL,RIBL,-0.38396553192854904
C. elegans,AWBL,RIBR,-0.1724478378804115
C. elegans,AWBL,RICL,0.8166818695352709
C. elegans,AWBL,RICR,0.6648243097767406
C. elegans,AWBL,RID,-0.1534646086544947
C. elegans,AWBL,RIH,-0.03193273356286777
C. elegans,AWBL,RIML,-0.0664320884716113
C. elegans,AWBL,RIMR,0.020846339244096918
C. elegans,AWBL,RIR,0.6573935938156831
C. elegans,AWBL,RIS,-0.5389520815099946
C. elegans,AWBL,RIVL,-0.301182106214079
C. elegans,AWBL,RIVR,-0.339987446492152
C. elegans,AWBL,RMDDL,-0.09448774618748716
C. elegans,AWBL,RMDDR,0.4080208106744984
C. elegans,AWBL,RMDL,-0.6498644908818005
C. elegans,AWBL,RMDR,-0.7729303751860148
C. elegans,AWBL,RMDVL,-0.4534307802307483
C. elegans,AWBL,RMDVR,0.06511214069521401
C. elegans,AWBL,RMED,-0.5368331933695824
C. elegans,AWBL,RMEL,-0.39059940529115056
C. elegans,AWBL,RMER,-0.6551276376174693
C. elegans,AWBL,RMEV,-0.7471616888825218
C. elegans,AWBL,RMGL,0.6638496218056312
C. elegans,AWBL,SAADL,0.25615306958489703
C. elegans,AWBL,SAADR,0.9289871100903904
C. elegans,AWBL,SAAVL,0.9602001111393524
C. elegans,AWBL,SAAVR,0.8455317648761673
C. elegans,AWBL,SMBVR,0.24812323818250334
C. elegans,AWBL,SMDDL,-0.059457327343781716
C. elegans,AWBL,SMDDR,-0.8064273817802589
C. elegans,AWBL,SMDVL,-0.5167278020408848
C. elegans,AWBL,SMDVR,0.15821673504276149
C. elegans,AWBL,URADL,0.2506889701750596
C. elegans,AWBL,URADR,0.45608143037662124
C. elegans,AWBL,URAVL,0.5075464848071419
C. elegans,AWBL,URAVR,0.78100030124315
C. elegans,AWBL,URBL,-0.7238592137928861
C. elegans,AWBL,URBR,-0.10504017150685005
C. elegans,AWBL,URXL,-0.8220699514913243
C. elegans,AWBL,URXR,-0.19179961898534578
C. elegans,AWBL,URYDL,-0.8837428439981294
C. elegans,AWBL,URYDR,-0.7220339471426819
C. elegans,AWBL,URYVL,-0.6815675139102138
C. elegans,AWBL,URYVR,-0.17542801840560793
C. elegans,AWBR,AWCL,0.3519172637149666
C. elegans,AWBR,AWCR,0.7823902704511813
C. elegans,AWBR,BAGL,-0.9867555823000972
C. elegans,AWBR,CEPDL,0.5188466749552882
C. elegans,AWBR,CEPDR,0.9450478149087257
C. elegans,AWBR,CEPVL,0.16122102106728567
C. elegans,AWBR,CEPVR,0.7373477901344757
C. elegans,AWBR,FLPL,0.8926134362196348
C. elegans,AWBR,FLPR,0.9820018960000915
C. elegans,AWBR,IL1DL,-0.001273900708375704
C. elegans,AWBR,IL1DR,-0.5596528094498427
C. elegans,AWBR,IL1L,-0.388714297220552
C. elegans,AWBR,IL1R,-0.9716563221090119
C. elegans,AWBR,IL1VL,0.5218278776922062
C. elegans,AWBR,IL1VR,-0.9935494731081504
C. elegans,AWBR,IL2DL,0.9012165661387518
C. elegans,AWBR,IL2DR,0.928109470773532
C. elegans,AWBR,IL2L,0.9809378050342877
C. elegans,AWBR,IL2R,0.5260737097488123
C. elegans,AWBR,IL2VL,0.993249323228222
C. elegans,AWBR,IL2VR,0.8819293708221947
C. elegans,AWBR,OLLL,-0.5338222637090663
C. elegans,AWBR,OLLR,-0.42652882550877363
C. elegans,AWBR,OLQDL,-0.7001812231260651
C. elegans,AWBR,OLQDR,-0.22743505127281805
C. elegans,AWBR,OLQVL,-0.6643881544277317
C. elegans,AWBR,OLQVR,-0.41793530111203053
C. elegans,AWBR,RIAL,0.975617858733383
C. elegans,AWBR,RIAR,0.9932122628048199
C. elegans,AWBR,RIBL,-0.9719083967891576
C. elegans,AWBR,RIBR,-0.9550840132314072
C. elegans,AWBR,RICL,0.5565976296566807
C. elegans,AWBR,RICR,0.8725442746413905
C. elegans,AWBR,RID,-0.8916041538681053
C. elegans,AWBR,RIH,-0.40828370684880916
C. elegans,AWBR,RIML,-0.868604399354717
C. elegans,AWBR,RIMR,-0.8613244633447807
C. elegans,AWBR,RIR,-0.004680702872051986
C. elegans,AWBR,RIS,-0.9144866242046887
C. elegans,AWBR,RIVL,-0.7067269798138583
C. elegans,AWBR,RIVR,-0.7024965173308961
C. elegans,AWBR,RMDDL,0.2047942528446061
C. elegans,AWBR,RMDDR,0.955180398590254
C. elegans,AWBR,RMDL,-0.8053563773730706
C. elegans,AWBR,RMDR,-0.12087318336372316
C. elegans,AWBR,RMDVL,0.2981554057767341
C. elegans,AWBR,RMDVR,0.9112324217758517
C. elegans,AWBR,RMED,-0.6615948920973773
C. elegans,AWBR,RMEL,-0.9961364351866836
C. elegans,AWBR,RMER,-0.9587355777784548
C. elegans,AWBR,RMEV,-0.8628506813249225
C. elegans,AWBR,RMGL,0.9511982683439232
C. elegans,AWBR,SAADL,-0.2919483188969699
C. elegans,AWBR,SAADR,0.09164368057301141
C. elegans,AWBR,SAAVL,0.25126790135708166
C. elegans,AWBR,SAAVR,0.2856936004546605
C. elegans,AWBR,SMBVR,-0.6545962733676525
C. elegans,AWBR,SMDDL,-0.6953030598860513
C. elegans,AWBR,SMDDR,-0.6593577165649893
C. elegans,AWBR,SMDVL,-0.9736071809839478
C. elegans,AWBR,SMDVR,-0.5609137378212314
C. elegans,AWBR,URADL,0.9496655832446699
C. elegans,AWBR,URADR,0.9998493153871992
C. elegans,AWBR,URAVL,0.8179245136211243
C. elegans,AWBR,URAVR,0.8918935585707549
C. elegans,AWBR,URBL,0.29832847044829347
C. elegans,AWBR,URBR,0.65408503677128
C. elegans,AWBR,URXL,-0.6149432268877801
C. elegans,AWBR,URXR,0.5104051435453274
C. elegans,AWBR,URYDL,-0.7816448005558899
C. elegans,AWBR,URYDR,0.20399798539860686
C. elegans,AWBR,URYVL,-0.9523486136531042
C. elegans,AWBR,URYVR,0.6909395629132846
C. elegans,AWCL,AWCR,0.8242870042766317
C. elegans,AWCL,BAGL,-0.27078632268478897
C. elegans,AWCL,CEPDL,-0.4784101060062004
C. elegans,AWCL,CEPDR,0.05649174985091465
C. elegans,AWCL,CEPVL,-0.8655239936430166
C. elegans,AWCL,CEPVR,-0.24589675849225726
C. elegans,AWCL,FLPL,0.35257469785121537
C. elegans,AWCL,FLPR,0.23353022539326898
C. elegans,AWCL,IL1DL,-0.9135255080356666
C. elegans,AWCL,IL1DR,-0.9464560064597076
C. elegans,AWCL,IL1L,-0.7271697524488103
C. elegans,AWCL,IL1R,-0.5629308770801658
C. elegans,AWCL,IL1VL,0.03230724229997525
C. elegans,AWCL,IL1VR,-0.37334539989318183
C. elegans,AWCL,IL2DL,0.6186506798524807
C. elegans,AWCL,IL2DR,0.6452246712257621
C. elegans,AWCL,IL2L,0.39856834581910666
C. elegans,AWCL,IL2R,0.9166948332583518
C. elegans,AWCL,IL2VL,0.3768636631867078
C. elegans,AWCL,IL2VR,0.7187074860613665
C. elegans,AWCL,OLLL,-0.7298503559145516
C. elegans,AWCL,OLLR,-0.7386318460374215
C. elegans,AWCL,OLQDL,-0.5801062826636205
C. elegans,AWCL,OLQDR,-0.7189139201316392
C. elegans,AWCL,OLQVL,-0.4566710010284062
C. elegans,AWCL,OLQVR,-0.7013898011935629
C. elegans,AWCL,RIAL,0.3168931123945246
C. elegans,AWCL,RIAR,0.42102103234012217
C. elegans,AWCL,RIBL,-0.33687659113685436
C. elegans,AWCL,RIBR,-0.09875654011947177
C. elegans,AWCL,RICL,0.6833020214852407
C. elegans,AWCL,RICR,0.5245814734882815
C. elegans,AWCL,RID,-0.1334197062509594
C. elegans,AWCL,RIH,0.1710240939909769
C. elegans,AWCL,RIML,-0.04335931606452648
C. elegans,AWCL,RIMR,0.06457157429108366
C. elegans,AWCL,RIR,0.7963000263698295
C. elegans,AWCL,RIS,-0.3916535932483146
C. elegans,AWCL,RIVL,-0.10906465819557076
C. elegans,AWCL,RIVR,-0.14857597293335498
C. elegans,AWCL,RMDDL,-0.29067568492247686
C. elegans,AWCL,RMDDR,0.2680216319254648
C. elegans,AWCL,RMDL,-0.49476045737389046
C. elegans,AWCL,RMDR,-0.6732369382497878
C. elegans,AWCL,RMDVL,-0.6204487595453488
C. elegans,AWCL,RMDVR,-0.0553374815263817
C. elegans,AWCL,RMED,-0.3564559174355603
C. elegans,AWCL,RMEL,-0.28727573945299795
C. elegans,AWCL,RMER,-0.5958857331419843
C. elegans,AWCL,RMEV,-0.6239630194917185
C. elegans,AWCL,RMGL,0.5572542756287551
C. elegans,AWCL,SAADL,0.13684534482338703
C. elegans,AWCL,SAADR,0.9233410764684157
C. elegans,AWCL,SAAVL,0.9943205837995255
C. elegans,AWCL,SAAVR,0.7418355497802157
C. elegans,AWCL,SMBVR,0.4034230904043969
C. elegans,AWCL,SMDDL,-0.11104484444398122
C. elegans,AWCL,SMDDR,-0.671307061725319
C. elegans,AWCL,SMDVL,-0.3935198459340207
C. elegans,AWCL,SMDVR,0.3439971711356638
C. elegans,AWCL,URADL,0.11572916409324528
C. elegans,AWCL,URADR,0.3676189539950046
C. elegans,AWCL,URAVL,0.33732217485049376
C. elegans,AWCL,URAVR,0.6850615804694714
C. elegans,AWCL,URBL,-0.7659067763755512
C. elegans,AWCL,URBR,-0.061875156961585756
C. elegans,AWCL,URXL,-0.869493749372999
C. elegans,AWCL,URXR,-0.37874197140015203
C. elegans,AWCL,URYDL,-0.8569435903692488
C. elegans,AWCL,URYDR,-0.6923649977506615
C. elegans,AWCL,URYVL,-0.6187587603977577
C. elegans,AWCL,URYVR,-0.3370178712457375
C. elegans,AWCR,BAGL,-0.7534863549963541
C. elegans,AWCR,CEPDL,0.09276495889286296
C. elegans,AWCR,CEPDR,0.5959697582935569
C. elegans,AWCR,CEPVL,-0.46358326291133123
C. elegans,AWCR,CEPVR,0.34532960656499745
C. elegans,AWCR,FLPL,0.8165516725777154
C. elegans,AWCR,FLPR,0.6674855129848298
C. elegans,AWCR,IL1DL,-0.5269535770832413
C. elegans,AWCR,IL1DR,-0.8626987580529383
C. elegans,AWCR,IL1L,-0.5332625869532648
C. elegans,AWCR,IL1R,-0.9011987608906947
C. elegans,AWCR,IL1VL,0.4889969459232496
C. elegans,AWCR,IL1VR,-0.7690252186841293
C. elegans,AWCR,IL2DL,0.954767707181334
C. elegans,AWCR,IL2DR,0.8941519249829153
C. elegans,AWCR,IL2L,0.8398421614726888
C. elegans,AWCR,IL2R,0.7996818125130921
C. elegans,AWCR,IL2VL,0.8177557794963983
C. elegans,AWCR,IL2VR,0.9832825625346681
C. elegans,AWCR,OLLL,-0.628086110161408
C. elegans,AWCR,OLLR,-0.566186168127413
C. elegans,AWCR,OLQDL,-0.6272508422439625
C. elegans,AWCR,OLQDR,-0.43266212005957216
C. elegans,AWCR,OLQVL,-0.5109677438617806
C. elegans,AWCR,OLQVR,-0.5299026728949299
C. elegans,AWCR,RIAL,0.7923606218998718
C. elegans,AWCR,RIAR,0.8034875279953948
C. elegans,AWCR,RIBL,-0.8064947750851731
C. elegans,AWCR,RIBR,-0.630672937337717
C. elegans,AWCR,RICL,0.6052049927386848
C. elegans,AWCR,RICR,0.7288937338095207
C. elegans,AWCR,RID,-0.6704648461458789
C. elegans,AWCR,RIH,0.05560651382661909
C. elegans,AWCR,RIML,-0.6008766709233898
C. elegans,AWCR,RIMR,-0.5110471624381848
C. elegans,AWCR,RIR,0.6058430596522252
C. elegans,AWCR,RIS,-0.6758920478935773
C. elegans,AWCR,RIVL,-0.32050265617229434
C. elegans,AWCR,RIVR,-0.3403110574353369
C. elegans,AWCR,RMDDL,-0.25542106876290743
C. elegans,AWCR,RMDDR,0.6445056423885588
C. elegans,AWCR,RMDL,-0.6476464491576762
C. elegans,AWCR,RMDR,-0.3369578011697498
C. elegans,AWCR,RMDVL,-0.338000065162004
C. elegans,AWCR,RMDVR,0.4582754434325331
C. elegans,AWCR,RMED,-0.44038686494444856
C. elegans,AWCR,RMEL,-0.7279717110807422
C. elegans,AWCR,RMER,-0.9262201219954882
C. elegans,AWCR,RMEV,-0.797811245606038
C. elegans,AWCR,RMGL,0.842386196878218
C. elegans,AWCR,SAADL,-0.27144206740534715
C. elegans,AWCR,SAADR,0.568792115381856
C. elegans,AWCR,SAAVL,0.7672753343153471
C. elegans,AWCR,SAAVR,0.4848929689478833
C. elegans,AWCR,SMBVR,-0.044590568468809204
C. elegans,AWCR,SMDDL,-0.60788960557716
C. elegans,AWCR,SMDDR,-0.6679936961777627
C. elegans,AWCR,SMDVL,-0.7471709348499548
C. elegans,AWCR,SMDVR,0.024490319704141703
C. elegans,AWCR,URADL,0.5623348756998858
C. elegans,AWCR,URADR,0.7930338305691498
C. elegans,AWCR,URAVL,0.5508720547868552
C. elegans,AWCR,URAVR,0.884810026939714
C. elegans,AWCR,URBL,-0.2676214382758676
C. elegans,AWCR,URBR,0.47317584108967903
C. elegans,AWCR,URXL,-0.9673271014656224
C. elegans,AWCR,URXR,-0.08031504556727839
C. elegans,AWCR,URYDL,-0.9868090868783842
C. elegans,AWCR,URYDR,-0.20593914004971545
C. elegans,AWCR,URYVL,-0.9301457165635555
C. elegans,AWCR,URYVR,0.09910595091998387
C. elegans,BAGL,CEPDL,-0.6371836309334576
C. elegans,BAGL,CEPDR,-0.9763901828682744
C. elegans,BAGL,CEPVL,-0.2316339774070089
C. elegans,BAGL,CEPVR,-0.8285826995283737
C. elegans,BAGL,FLPL,-0.940350994867882
C. elegans,BAGL,FLPR,-0.9583030766102385
C. elegans,BAGL,IL1DL,-0.10927978930873096
C. elegans,BAGL,IL1DR,0.45689003769762704
C. elegans,BAGL,IL1L,0.2379159161125973
C. elegans,BAGL,IL1R,0.941188138715363
C. elegans,BAGL,IL1VL,-0.6455045253887166
C. elegans,BAGL,IL1VR,0.9628314720576745
C. elegans,BAGL,IL2DL,-0.903596808762914
C. elegans,BAGL,IL2DR,-0.8668702567258659
C. elegans,BAGL,IL2L,-0.9893227944564651
C. elegans,BAGL,IL2R,-0.40826915362455796
C. elegans,BAGL,IL2VL,-0.9934426795503215
C. elegans,BAGL,IL2VR,-0.8596343636860171
C. elegans,BAGL,OLLL,0.3930870950584423
C. elegans,BAGL,OLLR,0.2783958078378627
C. elegans,BAGL,OLQDL,0.5750939291814099
C. elegans,BAGL,OLQDR,0.07132639800848316
C. elegans,BAGL,OLQVL,0.5368555509675753
C. elegans,BAGL,OLQVR,0.2674723098230989
C. elegans,BAGL,RIAL,-0.9955058433515627
C. elegans,BAGL,RIAR,-0.9615241092040481
C. elegans,BAGL,RIBL,0.9924601507156608
C. elegans,BAGL,RIBR,0.9846401048724366
C. elegans,BAGL,RICL,-0.4159673728254743
C. elegans,BAGL,RICR,-0.7817813905844387
C. elegans,BAGL,RID,0.952962476494448
C. elegans,BAGL,RIH,0.31140901231975543
C. elegans,BAGL,RIML,0.9372623276745681
C. elegans,BAGL,RIMR,0.9271620619462742
C. elegans,BAGL,RIR,0.0010061757198671771
C. elegans,BAGL,RIS,0.8405493722141548
C. elegans,BAGL,RIVL,0.612637244248233
C. elegans,BAGL,RIVR,0.6031657712066972
C. elegans,BAGL,RMDDL,-0.10778175520539303
C. elegans,BAGL,RMDDR,-0.9082637676168558
C. elegans,BAGL,RMDL,0.6994324054523922
C. elegans,BAGL,RMDR,-0.037930800523073634
C. elegans,BAGL,RMDVL,-0.2794195860811376
C. elegans,BAGL,RMDVR,-0.9192284479512884
C. elegans,BAGL,RMED,0.5385996453264942
C. elegans,BAGL,RMEL,0.980611599759493
C. elegans,BAGL,RMER,0.9329446107886046
C. elegans,BAGL,RMEV,0.7713336507106782
C. elegans,BAGL,RMGL,-0.8916065319376295
C. elegans,BAGL,SAADL,0.4381381784911418
C. elegans,BAGL,SAADR,0.028278169794401602
C. elegans,BAGL,SAAVL,-0.1709480968625763
C. elegans,BAGL,SAAVR,-0.13203518088939228
C. elegans,BAGL,SMBVR,0.6541260785162961
C. elegans,BAGL,SMDDL,0.7964719535990197
C. elegans,BAGL,SMDDR,0.5299704713716112
C. elegans,BAGL,SMDVL,0.9252072346034013
C. elegans,BAGL,SMDVR,0.5177298436528847
C. elegans,BAGL,URADL,-0.9268748092630069
C. elegans,BAGL,URADR,-0.9858272285192589
C. elegans,BAGL,URAVL,-0.722487976120633
C. elegans,BAGL,URAVR,-0.8172154332613456
C. elegans,BAGL,URBL,-0.40022687140232543
C. elegans,BAGL,URBR,-0.7674788816889992
C. elegans,BAGL,URXL,0.6012955540785997
C. elegans,BAGL,URXR,-0.46557670278465196
C. elegans,BAGL,URYDL,0.7276556455639474
C. elegans,BAGL,URYDR,-0.3437069198019244
C. elegans,BAGL,URYVL,0.9198916556033938
C. elegans,BAGL,URYVR,-0.6802856159144575
C. elegans,CEPDL,CEPDR,0.7665650285187343
C. elegans,CEPDL,CEPVL,0.7521173555417883
C. elegans,CEPDL,CEPVR,0.959433848874112
C. elegans,CEPDL,FLPL,0.6504183457155467
C. elegans,CEPDL,FLPR,0.5236626170527693
C. elegans,CEPDL,IL1DL,0.7942349023023695
C. elegans,CEPDL,IL1DR,0.377989039592144
C. elegans,CEPDL,IL1L,0.5672984288272601
C. elegans,CEPDL,IL1R,-0.34322432153491716
C. elegans,CEPDL,IL1VL,0.7884569513611289
C. elegans,CEPDL,IL1VR,-0.44436608159186713
C. elegans,CEPDL,IL2DL,0.3798169769281245
C. elegans,CEPDL,IL2DR,0.16850434407784023
C. elegans,CEPDL,IL2L,0.5582022476526778
C. elegans,CEPDL,IL2R,-0.4404988014804191
C. elegans,CEPDL,IL2VL,0.5488195896922976
C. elegans,CEPDL,IL2VR,0.2355532779142643
C. elegans,CEPDL,OLLL,0.42882103683164524
C. elegans,CEPDL,OLLR,0.5359549358884075
C. elegans,CEPDL,OLQDL,0.1864938556635622
C. elegans,CEPDL,OLQDR,0.6986151030329344
C. elegans,CEPDL,OLQVL,0.16473839698149198
C. elegans,CEPDL,OLQVR,0.5332672295226303
C. elegans,CEPDL,RIAL,0.6310065658889334
C. elegans,CEPDL,RIAR,0.41912374715121725
C. elegans,CEPDL,RIBL,-0.621521739850205
C. elegans,CEPDL,RIBR,-0.7484888221135295
C. elegans,CEPDL,RICL,-0.3908139337255506
C. elegans,CEPDL,RICR,0.08157836738189546
C. elegans,CEPDL,RID,-0.7960934266980809
C. elegans,CEPDL,RIH,-0.040379403841300836
C. elegans,CEPDL,RIML,-0.845451849553084
C. elegans,CEPDL,RIMR,-0.8795247443606727
C. elegans,CEPDL,RIR,-0.3525799944075832
C. elegans,CEPDL,RIS,-0.23020071953972893
C. elegans,CEPDL,RIVL,-0.1388446701482363
C. elegans,CEPDL,RIVR,-0.09980952046479502
C. elegans,CEPDL,RMDDL,-0.053111145378448105
C. elegans,CEPDL,RMDDR,0.40874401999113674
C. elegans,CEPDL,RMDL,0.00565664787559165
C. elegans,CEPDL,RMDR,0.7643076310658864
C. elegans,CEPDL,RMDVL,0.4334567201984312
C. elegans,CEPDL,RMDVR,0.7126240984036325
C. elegans,CEPDL,RMED,0.10562694267522668
C. elegans,CEPDL,RMEL,-0.5375803418827535
C. elegans,CEPDL,RMER,-0.334971736888875
C. elegans,CEPDL,RMEV,-0.0268078547588211
C. elegans,CEPDL,RMGL,0.23086295239813964
C. elegans,CEPDL,SAADL,-0.7762161914255892
C. elegans,CEPDL,SAADR,-0.7654481738005832
C. elegans,CEPDL,SAAVL,-0.5459395667650061
C. elegans,CEPDL,SAAVR,-0.6584109140360975
C. elegans,CEPDL,SMBVR,-0.655803921147739
C. elegans,CEPDL,SMDDL,-0.8009464392779277
C. elegans,CEPDL,SMDDR,0.27228412435120714
C. elegans,CEPDL,SMDVL,-0.3599669545163851
C. elegans,CEPDL,SMDVR,-0.4141047361733075
C. elegans,CEPDL,URADL,0.5568901031860095
C. elegans,CEPDL,URADR,0.5089294770896876
C. elegans,CEPDL,URAVL,0.11103751323520417
C. elegans,CEPDL,URAVR,0.07797132456072396
C. elegans,CEPDL,URBL,0.9144011515124071
C. elegans,CEPDL,URBR,0.8916921284089679
C. elegans,CEPDL,URXL,-0.003393955265940379
C. elegans,CEPDL,URXR,0.38765577267397916
C. elegans,CEPDL,URYDL,0.008853492514992106
C. elegans,CEPDL,URYDR,0.9426513364451213
C. elegans,CEPDL,URYVL,-0.29703585436623614
C. elegans,CEPDL,URYVR,0.6169430756316484
C. elegans,CEPDR,CEPVL,0.43498138700068256
C. elegans,CEPDR,CEPVR,0.9133291081377294
C. elegans,CEPDR,FLPL,0.8947567720526253
C. elegans,CEPDR,FLPR,0.9427470019084913
C. elegans,CEPDR,IL1DL,0.31755551191290227
C. elegans,CEPDR,IL1DR,-0.2625985450539499
C. elegans,CEPDR,IL1L,-0.08660642975569162
C. elegans,CEPDR,IL1R,-0.850324687251223
C. elegans,CEPDR,IL1VL,0.658955021799134
C. elegans,CEPDR,IL1VR,-0.9158963660075554
C. elegans,CEPDR,IL2DL,0.7975728995826217
C. elegans,CEPDR,IL2DR,0.7554391276529809
C. elegans,CEPDR,IL2L,0.936416300220641
C. elegans,CEPDR,IL2R,0.2193594900439642
C. elegans,CEPDR,IL2VL,0.94589026052304
C. elegans,CEPDR,IL2VR,0.729974352223814
C. elegans,CEPDR,OLLL,-0.24679794886684828
C. elegans,CEPDR,OLLR,-0.1259484717252061
C. elegans,CEPDR,OLQDL,-0.46931930551422374
C. elegans,CEPDR,OLQDR,0.08432679927940392
C. elegans,CEPDR,OLQVL,-0.4577476067279763
C. elegans,CEPDR,OLQVR,-0.12314528948901901
C. elegans,CEPDR,RIAL,0.9610310207691019
C. elegans,CEPDR,RIAR,0.9037339939088147
C. elegans,CEPDR,RIBL,-0.9533052329734385
C. elegans,CEPDR,RIBR,-0.9990175365878091
C. elegans,CEPDR,RICL,0.28113234231380135
C. elegans,CEPDR,RICR,0.6954540461335865
C. elegans,CEPDR,RID,-0.9572257509151084
C. elegans,CEPDR,RIH,-0.36533501307513
C. elegans,CEPDR,RIML,-0.9611585235188668
C. elegans,CEPDR,RIMR,-0.9752924527539615
C. elegans,CEPDR,RIR,-0.1821502969665204
C. elegans,CEPDR,RIS,-0.7861491039538409
C. elegans,CEPDR,RIVL,-0.614369140316395
C. elegans,CEPDR,RIVR,-0.5957221579337366
C. elegans,CEPDR,RMDDL,0.18109591761703786
C. elegans,CEPDR,RMDDR,0.8836937845084148
C. elegans,CEPDR,RMDL,-0.6172104744700373
C. elegans,CEPDR,RMDR,0.1873070014913337
C. elegans,CEPDR,RMDVL,0.4317587749890651
C. elegans,CEPDR,RMDVR,0.9668118459400794
C. elegans,CEPDR,RMED,-0.48219045873364114
C. elegans,CEPDR,RMEL,-0.9534334149912098
C. elegans,CEPDR,RMER,-0.8341246703334944
C. elegans,CEPDR,RMEV,-0.6620417162147634
C. elegans,CEPDR,RMGL,0.8010658580246907
C. elegans,CEPDR,SAADL,-0.48135740246313996
C. elegans,CEPDR,SAADR,-0.23537690067178882
C. elegans,CEPDR,SAAVL,-0.0459115545623159
C. elegans,CEPDR,SAAVR,-0.026577549785202763
C. elegans,CEPDR,SMBVR,-0.7709264311601207
C. elegans,CEPDR,SMDDL,-0.7985400585004915
C. elegans,CEPDR,SMDDR,-0.40187421621982866
C. elegans,CEPDR,SMDVL,-0.8728108707327539
C. elegans,CEPDR,SMDVR,-0.6171619068566193
C. elegans,CEPDR,URADL,0.9368584707140126
C. elegans,CEPDR,URADR,0.9405400341152849
C. elegans,CEPDR,URAVL,0.6765974112550844
C. elegans,CEPDR,URAVR,0.6952563854855879
C. elegans,CEPDR,URBL,0.5863897504475081
C. elegans,CEPDR,URBR,0.8073447286722056
C. elegans,CEPDR,URXL,-0.4271763411468702
C. elegans,CEPDR,URXR,0.5709578860484477
C. elegans,CEPDR,URYDL,-0.5625307617089056
C. elegans,CEPDR,URYDR,0.5097733058529277
C. elegans,CEPDR,URYVL,-0.815586188568598
C. elegans,CEPDR,URYVR,0.7833233141477162
C. elegans,CEPVL,CEPVR,0.6278352300496215
C. elegans,CEPVL,FLPL,0.07798096832009305
C. elegans,CEPVL,FLPR,0.2845522702147642
C. elegans,CEPVL,IL1DL,0.9484416919082926
C. elegans,CEPVL,IL1DR,0.686606957949861
C. elegans,CEPVL,IL1L,0.5206916808226314
C. elegans,CEPVL,IL1R,0.07664912905542685
C. elegans,CEPVL,IL1VL,0.19593524340784554
C. elegans,CEPVL,IL1VR,-0.14150320725783108
C. elegans,CEPVL,IL2DL,-0.18850667035289098
C. elegans,CEPVL,IL2DR,-0.17718957374699895
C. elegans,CEPVL,IL2L,0.09144722551211389
C. elegans,CEPVL,IL2R,-0.6662328349845714
C. elegans,CEPVL,IL2VL,0.12500734146349587
C. elegans,CEPVL,IL2VR,-0.29776914120438847
C. elegans,CEPVL,OLLL,0.44950609783300355
C. elegans,CEPVL,OLLR,0.5138684277838508
C. elegans,CEPVL,OLQDL,0.20330328661206895
C. elegans,CEPVL,OLQDR,0.5964466653008136
C. elegans,CEPVL,OLQVL,0.08730690330240125
C. elegans,CEPVL,OLQVR,0.477038331117753
C. elegans,CEPVL,RIAL,0.17278462247790463
C. elegans,CEPVL,RIAR,0.08984602617048786
C. elegans,CEPVL,RIBL,-0.14877693808887602
C. elegans,CEPVL,RIBR,-0.39512947716158653
C. elegans,CEPVL,RICL,-0.38663725960947903
C. elegans,CEPVL,RICR,-0.06392683718946028
C. elegans,CEPVL,RID,-0.3103529673320501
C. elegans,CEPVL,RIH,-0.44521108483885646
C. elegans,CEPVL,RIML,-0.392988970255239
C. elegans,CEPVL,RIMR,-0.5076300615593738
C. elegans,CEPVL,RIR,-0.8703317253003888
C. elegans,CEPVL,RIS,-0.09647807535369143
C. elegans,CEPVL,RIVL,-0.30014479786012727
C. elegans,CEPVL,RIVR,-0.25700043555656404
C. elegans,CEPVL,RMDDL,0.46581507417792917
C. elegans,CEPVL,RMDDR,0.24197216155287435
C. elegans,CEPVL,RMDL,0.06154526802397377
C. elegans,CEPVL,RMDR,0.6030701567831563
C. elegans,CEPVL,RMDVL,0.8432129186053624
C. elegans,CEPVL,RMDVR,0.5478729696682545
C. elegans,CEPVL,RMED,-0.01838010240682998
C. elegans,CEPVL,RMEL,-0.23038809783128344
C. elegans,CEPVL,RMER,0.12135501015863791
C. elegans,CEPVL,RMEV,0.17696466021156662
C. elegans,CEPVL,RMGL,-0.0697114440675091
C. elegans,CEPVL,SAADL,-0.24701166925734278
C. elegans,CEPVL,SAADR,-0.9066455709770582
C. elegans,CEPVL,SAAVL,-0.9138957473232461
C. elegans,CEPVL,SAAVR,-0.5909898906683342
C. elegans,CEPVL,SMBVR,-0.7917366598313481
C. elegans,CEPVL,SMDDL,-0.21283582501678902
C. elegans,CEPVL,SMDDR,0.322776840414062
C. elegans,CEPVL,SMDVL,-0.11596526698394784
C. elegans,CEPVL,SMDVR,-0.693897529966075
C. elegans,CEPVL,URADL,0.39492448223131726
C. elegans,CEPVL,URADR,0.14437204971201098
C. elegans,CEPVL,URAVL,0.11226513489229824
C. elegans,CEPVL,URAVR,-0.2346027368402617
C. elegans,CEPVL,URBL,0.9527473835134687
C. elegans,CEPVL,URBR,0.37381036402378587
C. elegans,CEPVL,URXL,0.609145929296394
C. elegans,CEPVL,URXR,0.7051527333062652
C. elegans,CEPVL,URYDL,0.4893638255935286
C. elegans,CEPVL,URYDR,0.8066224860031397
C. elegans,CEPVL,URYVL,0.1469832073701699
C. elegans,CEPVL,URYVR,0.7431913809296633
C. elegans,CEPVR,FLPL,0.8182438991720379
C. elegans,CEPVR,FLPR,0.7294054798313448
C. elegans,CEPVR,IL1DL,0.6150910743784673
C. elegans,CEPVR,IL1DR,0.10638419573123838
C. elegans,CEPVR,IL1L,0.3265786334083532
C. elegans,CEPVR,IL1R,-0.5938697943682695
C. elegans,CEPVR,IL1VL,0.8120891621282135
C. elegans,CEPVR,IL1VR,-0.674048186704334
C. elegans,CEPVR,IL2DL,0.6083011423802335
C. elegans,CEPVR,IL2DR,0.4393244110726765
C. elegans,CEPVR,IL2L,0.7679299205305058
C. elegans,CEPVR,IL2R,-0.17019180214115961
C. elegans,CEPVR,IL2VL,0.7621861278829661
C. elegans,CEPVR,IL2VR,0.48724377943900754
C. elegans,CEPVR,OLLL,0.16918868490416694
C. elegans,CEPVR,OLLR,0.2889263413936116
C. elegans,CEPVR,OLQDL,-0.0726702057831786
C. elegans,CEPVR,OLQDR,0.4827819250431262
C. elegans,CEPVR,OLQVL,-0.07373168292313417
C. elegans,CEPVR,OLQVR,0.29125589179454653
C. elegans,CEPVR,RIAL,0.8229804298303719
C. elegans,CEPVR,RIAR,0.6554915539630076
C. elegans,CEPVR,RIBL,-0.8151284627635236
C. elegans,CEPVR,RIBR,-0.9033908854456606
C. elegans,CEPVR,RICL,-0.13353981399595194
C. elegans,CEPVR,RICR,0.34344808711174074
C. elegans,CEPVR,RID,-0.927806079598255
C. elegans,CEPVR,RIH,-0.13804279587286208
C. elegans,CEPVR,RIML,-0.957666498543535
C. elegans,CEPVR,RIMR,-0.9779874144006916
C. elegans,CEPVR,RIR,-0.25151023151238505
C. elegans,CEPVR,RIS,-0.47257322490587045
C. elegans,CEPVR,RIVL,-0.3208996757395933
C. elegans,CEPVR,RIVR,-0.28915228388960573
C. elegans,CEPVR,RMDDL,-0.004641795245337077
C. elegans,CEPVR,RMDDR,0.6271088400819212
C. elegans,CEPVR,RMDL,-0.24941148232687593
C. elegans,CEPVR,RMDR,0.5706025097596963
C. elegans,CEPVR,RMDVL,0.41202040943515394
C. elegans,CEPVR,RMDVR,0.8518433056976693
C. elegans,CEPVR,RMED,-0.11685866323683226
C. elegans,CEPVR,RMEL,-0.748247236032929
C. elegans,CEPVR,RMER,-0.5852459819196042
C. elegans,CEPVR,RMEV,-0.30044052650074127
C. elegans,CEPVR,RMGL,0.49314087031737786
C. elegans,CEPVR,SAADL,-0.7275781916760342
C. elegans,CEPVR,SAADR,-0.5650043404111815
C. elegans,CEPVR,SAAVL,-0.33125782996175057
C. elegans,CEPVR,SAAVR,-0.4312758803485667
C. elegans,CEPVR,SMBVR,-0.7117559169079761
C. elegans,CEPVR,SMDDL,-0.8757244254872235
C. elegans,CEPVR,SMDDR,0.005655728835122838
C. elegans,CEPVR,SMDVL,-0.5985471326318592
C. elegans,CEPVR,SMDVR,-0.4854162927055884
C. elegans,CEPVR,URADL,0.7414312203354736
C. elegans,CEPVR,URADR,0.7298738188299605
C. elegans,CEPVR,URAVL,0.3419818413572802
C. elegans,CEPVR,URAVR,0.35526518669842266
C. elegans,CEPVR,URBL,0.8087572621943362
C. elegans,CEPVR,URBR,0.9304887252083729
C. elegans,CEPVR,URXL,-0.2258951436336384
C. elegans,CEPVR,URXR,0.44697010145005117
C. elegans,CEPVR,URYDL,-0.26141845386534496
C. elegans,CEPVR,URYDR,0.8105325864268956
C. elegans,CEPVR,URYVL,-0.5528425354158477
C. elegans,CEPVR,URYVR,0.6930767255964423
C. elegans,FLPL,FLPR,0.8060451694117426
C. elegans,FLPL,IL1DL,0.05760551327712373
C. elegans,FLPL,IL1DR,-0.43654760264628223
C. elegans,FLPL,IL1L,-0.07135073548565499
C. elegans,FLPL,IL1R,-0.8824204463146121
C. elegans,FLPL,IL1VL,0.835183581823419
C. elegans,FLPL,IL1VR,-0.8382701814270667
C. elegans,FLPL,IL2DL,0.9478320658975777
C. elegans,FLPL,IL2DR,0.7747036607280142
C. elegans,FLPL,IL2L,0.9613418829539673
C. elegans,FLPL,IL2R,0.3511576159404393
C. elegans,FLPL,IL2VL,0.938188459944671
C. elegans,FLPL,IL2VR,0.8853117271255948
C. elegans,FLPL,OLLL,-0.22361898746475428
C. elegans,FLPL,OLLR,-0.11465061840250691
C. elegans,FLPL,OLQDL,-0.361921866136163
C. elegans,FLPL,OLQDR,0.08077455120478604
C. elegans,FLPL,OLQVL,-0.2847649700219773
C. elegans,FLPL,OLQVR,-0.08808201176565994
C. elegans,FLPL,RIAL,0.9674027962859415
C. elegans,FLPL,RIAR,0.8503078149079413
C. elegans,FLPL,RIBL,-0.9729474280517537
C. elegans,FLPL,RIBR,-0.9109482156408337
C. elegans,FLPL,RICL,0.22760041696640015
C. elegans,FLPL,RICR,0.5954656861645813
C. elegans,FLPL,RID,-0.9719121853931145
C. elegans,FLPL,RIH,0.03038566315215949
C. elegans,FLPL,RIML,-0.9472760646278899
C. elegans,FLPL,RIMR,-0.8973482874050867
C. elegans,FLPL,RIR,0.265521403537364
C. elegans,FLPL,RIS,-0.6408102888803212
C. elegans,FLPL,RIVL,-0.3142236755764915
C. elegans,FLPL,RIVR,-0.30674111810186244
C. elegans,FLPL,RMDDL,-0.23663889521428316
C. elegans,FLPL,RMDDR,0.72079702266134
C. elegans,FLPL,RMDL,-0.4820745398484909
C. elegans,FLPL,RMDR,0.19169398365845253
C. elegans,FLPL,RMDVL,-0.01588353880474707
C. elegans,FLPL,RMDVR,0.7560204809386916
C. elegans,FLPL,RMED,-0.2645884802977415
C. elegans,FLPL,RMEL,-0.8612244301235447
C. elegans,FLPL,RMER,-0.897454195250323
C. elegans,FLPL,RMEV,-0.6172380805292105
C. elegans,FLPL,RMGL,0.7704846507636894
C. elegans,FLPL,SAADL,-0.6638098386333012
C. elegans,FLPL,SAADR,-0.010230011555986206
C. elegans,FLPL,SAAVL,0.27068257033246707
C. elegans,FLPL,SAAVR,-0.017668160952073908
C. elegans,FLPL,SMBVR,-0.4055467398887812
C. elegans,FLPL,SMDDL,-0.9310072611899534
C. elegans,FLPL,SMDDR,-0.3441247118244684
C. elegans,FLPL,SMDVL,-0.7717744093471527
C. elegans,FLPL,SMDVR,-0.2110018001325477
C. elegans,FLPL,URADL,0.7442922724703084
C. elegans,FLPL,URADR,0.8950776878467848
C. elegans,FLPL,URAVL,0.47506331293925635
C. elegans,FLPL,URAVR,0.7147973859775765
C. elegans,FLPL,URBL,0.3236646099772604
C. elegans,FLPL,URBR,0.8803848461599485
C. elegans,FLPL,URXL,-0.7425421243216718
C. elegans,FLPL,URXR,0.15301610496677595
C. elegans,FLPL,URYDL,-0.7461412302367568
C. elegans,FLPL,URYDR,0.3911187682977602
C. elegans,FLPL,URYVL,-0.8782534038839632
C. elegans,FLPL,URYVR,0.4242488680284208
C. elegans,FLPR,IL1DL,0.08337111533766775
C. elegans,FLPR,IL1DR,-0.48492923255573556
C. elegans,FLPR,IL1L,-0.4043312856672087
C. elegans,FLPR,IL1R,-0.9241455355300134
C. elegans,FLPR,IL1VL,0.4094288423835328
C. elegans,FLPR,IL1VR,-0.9887847489792925
C. elegans,FLPR,IL2DL,0.8040821619419127
C. elegans,FLPR,IL2DR,0.8926943187513589
C. elegans,FLPR,IL2L,0.9293195316248014
C. elegans,FLPR,IL2R,0.4720257961031004
C. elegans,FLPR,IL2VL,0.9554777076110149
C. elegans,FLPR,IL2VR,0.7877452802491623
C. elegans,FLPR,OLLL,-0.5449242198336163
C. elegans,FLPR,OLLR,-0.4385685865839674
C. elegans,FLPR,OLQDL,-0.7352694845716959
C. elegans,FLPR,OLQDR,-0.2431014060640509
C. elegans,FLPR,OLQVL,-0.7274238431339234
C. elegans,FLPR,OLQVR,-0.44016667875427823
C. elegans,FLPR,RIAL,0.929644521396299
C. elegans,FLPR,RIAR,0.9790085914525914
C. elegans,FLPR,RIBL,-0.9207014796601746
C. elegans,FLPR,RIBR,-0.9458484143050733
C. elegans,FLPR,RICL,0.5788084425467631
C. elegans,FLPR,RICR,0.8917988926166378
C. elegans,FLPR,RID,-0.8387590504182483
C. elegans,FLPR,RIH,-0.5651659715606967
C. elegans,FLPR,RIML,-0.8268218150444627
C. elegans,FLPR,RIMR,-0.8457761166069178
C. elegans,FLPR,RIR,-0.1830133589263271
C. elegans,FLPR,RIS,-0.9471928581963873
C. elegans,FLPR,RIVL,-0.812897571857625
C. elegans,FLPR,RIVR,-0.805291188514989
C. elegans,FLPR,RMDDL,0.3788068808417136
C. elegans,FLPR,RMDDR,0.9886194666225382
C. elegans,FLPR,RMDL,-0.8439042860472216
C. elegans,FLPR,RMDR,-0.14452795072652627
C. elegans,FLPR,RMDVL,0.46697038673899854
C. elegans,FLPR,RMDVR,0.9562162767029821
C. elegans,FLPR,RMED,-0.741708959856308
C. elegans,FLPR,RMEL,-0.9944892570232571
C. elegans,FLPR,RMER,-0.8985517677665608
C. elegans,FLPR,RMEV,-0.8607009156159531
C. elegans,FLPR,RMGL,0.9343643850073978
C. elegans,FLPR,SAADL,-0.18270846091782658
C. elegans,FLPR,SAADR,0.018702679007386116
C. elegans,FLPR,SAAVL,0.1287268790087579
C. elegans,FLPR,SAAVR,0.29642328460462286
C. elegans,FLPR,SMBVR,-0.7729875985346512
C. elegans,FLPR,SMDDL,-0.5969780905597438
C. elegans,FLPR,SMDDR,-0.6771207154839955
C. elegans,FLPR,SMDVL,-0.9819573269371006
C. elegans,FLPR,SMDVR,-0.7065882305751677
C. elegans,FLPR,URADL,0.9910385678692488
C. elegans,FLPR,URADR,0.9792183569783067
C. elegans,FLPR,URAVL,0.8805676147376704
C. elegans,FLPR,URAVR,0.860130618950025
C. elegans,FLPR,URBL,0.3732344428273904
C. elegans,FLPR,URBR,0.5790002831381946
C. elegans,FLPR,URXL,-0.4666679025371918
C. elegans,FLPR,URXR,0.6631146914312669
C. elegans,FLPR,URYDL,-0.6857084820907094
C. elegans,FLPR,URYDR,0.2191264721284256
C. elegans,FLPR,URYVL,-0.8938185327250477
C. elegans,FLPR,URYVR,0.8070558699136791
C. elegans,IL1DL,IL1DR,0.8288164086001987
C. elegans,IL1DL,IL1L,0.7635731591298465
C. elegans,IL1DL,IL1R,0.22888706686384835
C. elegans,IL1DL,IL1VL,0.34139582534059415
C. elegans,IL1DL,IL1VR,0.05029133109351548
C. elegans,IL1DL,IL2DL,-0.25153840568321256
C. elegans,IL1DL,IL2DR,-0.366416058936884
C. elegans,IL1DL,IL2L,-0.01596997498092219
C. elegans,IL1DL,IL2R,-0.8368552930976221
C. elegans,IL1DL,IL2VL,-0.005029392443459247
C. elegans,IL1DL,IL2VR,-0.3873697812252012
C. elegans,IL1DL,OLLL,0.7011429167590304
C. elegans,IL1DL,OLLR,0.7569783889258211
C. elegans,IL1DL,OLQDL,0.4848036882697199
C. elegans,IL1DL,OLQDR,0.8189592122055223
C. elegans,IL1DL,OLQVL,0.38902637169149423
C. elegans,IL1DL,OLQVR,0.7298361132612092
C. elegans,IL1DL,RIAL,0.07421915986147022
C. elegans,IL1DL,RIAR,-0.09507859536830841
C. elegans,IL1DL,RIBL,-0.05592133642228535
C. elegans,IL1DL,RIBR,-0.2798902401239742
C. elegans,IL1DL,RICL,-0.6511499378763155
C. elegans,IL1DL,RICR,-0.32237721365887423
C. elegans,IL1DL,RID,-0.2770061494629484
C. elegans,IL1DL,RIH,-0.14065651077963937
C. elegans,IL1DL,RIML,-0.3622063940829221
C. elegans,IL1DL,RIMR,-0.45300067391680593
C. elegans,IL1DL,RIR,-0.7165155412507038
C. elegans,IL1DL,RIS,0.1614652646564281
C. elegans,IL1DL,RIVL,0.007584053514839031
C. elegans,IL1DL,RIVR,0.05300569896869846
C. elegans,IL1DL,RMDDL,0.17994604704185557
C. elegans,IL1DL,RMDDR,0.006622882365479184
C. elegans,IL1DL,RMDL,0.34191027436361454
C. elegans,IL1DL,RMDR,0.8178733464795331
C. elegans,IL1DL,RMDVL,0.6329089257891503
C. elegans,IL1DL,RMDVR,0.3706711075612482
C. elegans,IL1DL,RMED,0.29214317973243786
C. elegans,IL1DL,RMEL,-0.052343443943742754
C. elegans,IL1DL,RMER,0.25573528983657084
C. elegans,IL1DL,RMEV,0.4167852995371293
C. elegans,IL1DL,RMGL,-0.27640474983746977
C. elegans,IL1DL,SAADL,-0.4521406785171592
C. elegans,IL1DL,SAADR,-0.9930486590987839
C. elegans,IL1DL,SAAVL,-0.9411343910897368
C. elegans,IL1DL,SAAVR,-0.8161631477884828
C. elegans,IL1DL,SMBVR,-0.5856629516433407
C. elegans,IL1DL,SMDDL,-0.29342441709004075
C. elegans,IL1DL,SMDDR,0.5878994974472562
C. elegans,IL1DL,SMDVL,0.10306202611816012
C. elegans,IL1DL,SMDVR,-0.4331267689547666
C. elegans,IL1DL,URADL,0.18048418830366114
C. elegans,IL1DL,URADR,-0.016757271944037012
C. elegans,IL1DL,URAVL,-0.1786987347042713
C. elegans,IL1DL,URAVR,-0.4358197740084758
C. elegans,IL1DL,URBL,0.9540779829628243
C. elegans,IL1DL,URBR,0.4551951548272229
C. elegans,IL1DL,URXL,0.6005111148279085
C. elegans,IL1DL,URXR,0.4449165849184185
C. elegans,IL1DL,URYDL,0.5961594316815793
C. elegans,IL1DL,URYDR,0.9150138706163847
C. elegans,IL1DL,URYVL,0.28906515161903423
C. elegans,IL1DL,URYVR,0.5218531129823761
C. elegans,IL1DR,IL1L,0.8660432114555694
C. elegans,IL1DR,IL1R,0.7302605243173675
C. elegans,IL1DR,IL1VL,0.016327269222659674
C. elegans,IL1DR,IL1VR,0.5999264485290964
C. elegans,IL1DR,IL2DL,-0.7003533910873464
C. elegans,IL1DR,IL2DR,-0.8241915041925367
C. elegans,IL1DR,IL2L,-0.5549491782524213
C. elegans,IL1DR,IL2R,-0.9918490702171838
C. elegans,IL1DR,IL2VL,-0.5552668722514286
C. elegans,IL1DR,IL2VR,-0.8047450588397251
C. elegans,IL1DR,OLLL,0.8940310537699115
C. elegans,IL1DR,OLLR,0.8810470385251452
C. elegans,IL1DR,OLQDL,0.8094541907497298
C. elegans,IL1DR,OLQDR,0.8221706114747636
C. elegans,IL1DR,OLQVL,0.7138003456555031
C. elegans,IL1DR,OLQVR,0.8552430097187594
C. elegans,IL1DR,RIAL,-0.4768952068242007
C. elegans,IL1DR,RIAR,-0.6357506168459853
C. elegans,IL1DR,RIBL,0.48926179114634155
C. elegans,IL1DR,RIBR,0.2987166428912517
C. elegans,IL1DR,RICL,-0.8667402219720068
C. elegans,IL1DR,RICR,-0.766188298196991
C. elegans,IL1DR,RID,0.2571776961335592
C. elegans,IL1DR,RIH,0.1405642818212266
C. elegans,IL1DR,RIML,0.17443013464422508
C. elegans,IL1DR,RIMR,0.0986814580430952
C. elegans,IL1DR,RIR,-0.5683238351011941
C. elegans,IL1DR,RIS,0.6564766069098352
C. elegans,IL1DR,RIVL,0.42378636140881565
C. elegans,IL1DR,RIVR,0.4591117202604714
C. elegans,IL1DR,RMDDL,0.0037061600805871316
C. elegans,IL1DR,RMDDR,-0.5375849230202717
C. elegans,IL1DR,RMDL,0.7485895807616555
C. elegans,IL1DR,RMDR,0.7628859477987576
C. elegans,IL1DR,RMDVL,0.33462021259859626
C. elegans,IL1DR,RMDVR,-0.20775090164761495
C. elegans,IL1DR,RMED,0.6336907357429717
C. elegans,IL1DR,RMEL,0.5153285795548633
C. elegans,IL1DR,RMER,0.743253093865498
C. elegans,IL1DR,RMEV,0.8363676282441868
C. elegans,IL1DR,RMGL,-0.7647149182334751
C. elegans,IL1DR,SAADL,-0.23841044899744687
C. elegans,IL1DR,SAADR,-0.8759630494105237
C. elegans,IL1DR,SAAVL,-0.91240805203149
C. elegans,IL1DR,SAAVR,-0.8516122400730675
C. elegans,IL1DR,SMBVR,-0.10400885611763176
C. elegans,IL1DR,SMDDL,0.12434188458108095
C. elegans,IL1DR,SMDDR,0.8702488445234859
C. elegans,IL1DR,SMDVL,0.6357636691699744
C. elegans,IL1DR,SMDVR,-0.022695217915728247
C. elegans,IL1DR,URADL,-0.38922038436608286
C. elegans,IL1DR,URADR,-0.5721383143567641
C. elegans,IL1DR,URAVL,-0.6224534260552052
C. elegans,IL1DR,URAVR,-0.8631240909208724
C. elegans,IL1DR,URBL,0.6235247291514158
C. elegans,IL1DR,URBR,0.030968548138655648
C. elegans,IL1DR,URXL,0.8243412686071736
C. elegans,IL1DR,URXR,0.059695576218225674
C. elegans,IL1DR,URYDL,0.9243131024213745
C. elegans,IL1DR,URYDR,0.6549347821551391
C. elegans,IL1DR,URYVL,0.7681155610210001
C. elegans,IL1DR,URYVR,0.03014805768547446
C. elegans,IL1L,IL1R,0.5185117402174383
C. elegans,IL1L,IL1VL,0.46168380214705934
C. elegans,IL1L,IL1VR,0.4764158048524694
C. elegans,IL1L,IL2DL,-0.3587451777324959
C. elegans,IL1L,IL2DR,-0.6767663591108535
C. elegans,IL1L,IL2L,-0.29248846379637145
C. elegans,IL1L,IL2R,-0.9226259154273435
C. elegans,IL1L,IL2VL,-0.3290985095200788
C. elegans,IL1L,IL2VR,-0.49803279420336904
C. elegans,IL1L,OLLL,0.9866018963482618
C. elegans,IL1L,OLLR,0.9990531702687826
C. elegans,IL1L,OLQDL,0.9124901712778773
C. elegans,IL1L,OLQDR,0.9853892122809806
C. elegans,IL1L,OLQVL,0.8842454295939749
C. elegans,IL1L,OLQVR,0.9986811285127832
C. elegans,IL1L,RIAL,-0.2152368321764814
C. elegans,IL1L,RIAR,-0.493168606253129
C. elegans,IL1L,RIBL,0.21628916493308267
C. elegans,IL1L,RIBR,0.10832894780846339
C. elegans,IL1L,RICL,-0.9795639030932504
C. elegans,IL1L,RICR,-0.7743581157344293
C. elegans,IL1L,RID,-0.05016648923755221
C. elegans,IL1L,RIH,0.5166540728357476
C. elegans,IL1L,RIML,-0.11357592981418796
C. elegans,IL1L,RIMR,-0.12935197697008682
C. elegans,IL1L,RIR,-0.18476736168875718
C. elegans,IL1L,RIS,0.6696220398362717
C. elegans,IL1L,RIVL,0.6451059312677785
C. elegans,IL1L,RIVR,0.679324865323492
C. elegans,IL1L,RMDDL,-0.43885602998197687
C. elegans,IL1L,RMDDR,-0.5181070750882052
C. elegans,IL1L,RMDL,0.8235887020637394
C. elegans,IL1L,RMDR,0.961559530470482
C. elegans,IL1L,RMDVL,-0.0014093181459605664
C. elegans,IL1L,RMDVR,-0.1619630000628259
C. elegans,IL1L,RMED,0.8362343555640599
C. elegans,IL1L,RMEL,0.3822163610566921
C. elegans,IL1L,RMER,0.5014762875925307
C. elegans,IL1L,RMEV,0.8010864678830469
C. elegans,IL1L,RMGL,-0.6518246038229789
C. elegans,IL1L,SAADL,-0.6668980233321339
C. elegans,IL1L,SAADR,-0.832244379699073
C. elegans,IL1L,SAAVL,-0.6981468938408982
C. elegans,IL1L,SAAVR,-0.9932124307310607
C. elegans,IL1L,SMBVR,0.053201615834424905
C. elegans,IL1L,SMDDL,-0.29287227204043353
C. elegans,IL1L,SMDDR,0.946796413550125
C. elegans,IL1L,SMDVL,0.5616207581140293
C. elegans,IL1L,SMDVR,0.2510515902739081
C. elegans,IL1L,URADL,-0.36226840258230353
C. elegans,IL1L,URADR,-0.3964181626003977
C. elegans,IL1L,URAVL,-0.7360537435492218
C. elegans,IL1L,URAVR,-0.742831126259954
C. elegans,IL1L,URBL,0.6138702399683978
C. elegans,IL1L,URBR,0.4053471103342472
C. elegans,IL1L,URXL,0.4322947529737136
C. elegans,IL1L,URXR,-0.23816951958669624
C. elegans,IL1L,URYDL,0.6616553912894143
C. elegans,IL1L,URYDR,0.7984859268473692
C. elegans,IL1L,URYVL,0.5377655279924203
C. elegans,IL1L,URYVR,-0.12752889253734256
C. elegans,IL1R,IL1VL,-0.47895923499891085
C. elegans,IL1R,IL1VR,0.9700340780179642
C. elegans,IL1R,IL2DL,-0.9552112240595496
C. elegans,IL1R,IL2DR,-0.980346681966574
C. elegans,IL1R,IL2L,-0.9688313264477444
C. elegans,IL1R,IL2R,-0.691641095608231
C. elegans,IL1R,IL2VL,-0.9733409707830244
C. elegans,IL1R,IL2VR,-0.9620778351533107
C. elegans,IL1R,OLLL,0.6479701464060196
C. elegans,IL1R,OLLR,0.5550473555421772
C. elegans,IL1R,OLQDL,0.7570500109094592
C. elegans,IL1R,OLQDR,0.37376069115268873
C. elegans,IL1R,OLQVL,0.693232304241774
C. elegans,IL1R,OLQVR,0.5375999233770798
C. elegans,IL1R,RIAL,-0.9439179104798248
C. elegans,IL1R,RIAR,-0.9820362082183055
C. elegans,IL1R,RIBL,0.9458957828407376
C. elegans,IL1R,RIBR,0.8699943339092368
C. elegans,IL1R,RICL,-0.6559632253039972
C. elegans,IL1R,RICR,-0.8974990699932757
C. elegans,IL1R,RID,0.8257809821297124
C. elegans,IL1R,RIH,0.3071090346074079
C. elegans,IL1R,RIML,0.7827454651559086
C. elegans,IL1R,RIMR,0.7480537013393822
C. elegans,IL1R,RIR,-0.20301277373863783
C. elegans,IL1R,RIS,0.9013880666966951
C. elegans,IL1R,RIVL,0.6431411717255378
C. elegans,IL1R,RIVR,0.6492241164682656
C. elegans,IL1R,RMDDL,-0.0966662296053339
C. elegans,IL1R,RMDDR,-0.9074675294562847
C. elegans,IL1R,RMDL,0.8292313213586352
C. elegans,IL1R,RMDR,0.267742549443579
C. elegans,IL1R,RMDVL,-0.10003222945446567
C. elegans,IL1R,RMDVR,-0.7894675229389068
C. elegans,IL1R,RMED,0.6651316656827517
C. elegans,IL1R,RMEL,0.9512656529181522
C. elegans,IL1R,RMER,0.9975732306607317
C. elegans,IL1R,RMEV,0.9147026686143482
C. elegans,IL1R,RMGL,-0.9779901215394331
C. elegans,IL1R,SAADL,0.23434700434605388
C. elegans,IL1R,SAADR,-0.31028220218533065
C. elegans,IL1R,SAAVL,-0.472813979355556
C. elegans,IL1R,SAAVR,-0.43127337980741204
C. elegans,IL1R,SMBVR,0.4721346190824852
C. elegans,IL1R,SMDDL,0.65037416453068
C. elegans,IL1R,SMDDR,0.7443863185681964
C. elegans,IL1R,SMDVL,0.9561767680694713
C. elegans,IL1R,SMDVR,0.401325875719606
C. elegans,IL1R,URADL,-0.8651262662904071
C. elegans,IL1R,URADR,-0.9755348365052852
C. elegans,IL1R,URAVL,-0.800319123393116
C. elegans,IL1R,URAVR,-0.9576176531269739
C. elegans,IL1R,URBL,-0.07277676374947442
C. elegans,IL1R,URBR,-0.5701836156193714
C. elegans,IL1R,URXL,0.7666654934058642
C. elegans,IL1R,URXR,-0.34764238120793267
C. elegans,IL1R,URYDL,0.9068668413249847
C. elegans,IL1R,URYDR,-0.011986406236241271
C. elegans,IL1R,URYVL,0.9973114883772951
C. elegans,IL1R,URYVR,-0.5205391112692994
C. elegans,IL1VL,IL1VR,-0.42178378369809544
C. elegans,IL1VL,IL2DL,0.6610464427821064
C. elegans,IL1VL,IL2DR,0.3029372214936323
C. elegans,IL1VL,IL2L,0.6582652121979038
C. elegans,IL1VL,IL2R,-0.13267100670968035
C. elegans,IL1VL,IL2VL,0.607619289314265
C. elegans,IL1VL,IL2VR,0.539256588579579
C. elegans,IL1VL,OLLL,0.33121278893487227
C. elegans,IL1VL,OLLR,0.423671313055034
C. elegans,IL1VL,OLQDL,0.21038629508512027
C. elegans,IL1VL,OLQDR,0.5734257319648005
C. elegans,IL1VL,OLQVL,0.2851873912532481
C. elegans,IL1VL,OLQVR,0.4547012592154863
C. elegans,IL1VL,RIAL,0.6959738027918936
C. elegans,IL1VL,RIAR,0.43245943028807254
C. elegans,IL1VL,RIBL,-0.7051399632844235
C. elegans,IL1VL,RIBR,-0.667825359438515
C. elegans,IL1VL,RICL,-0.3359366856555418
C. elegans,IL1VL,RICR,0.05781313911284895
C. elegans,IL1VL,RID,-0.8396406034374372
C. elegans,IL1VL,RIH,0.4434381716269181
C. elegans,IL1VL,RIML,-0.8408461354468368
C. elegans,IL1VL,RIMR,-0.7828483195538605
C. elegans,IL1VL,RIR,0.29757432527784733
C. elegans,IL1VL,RIS,-0.132051239276557
C. elegans,IL1VL,RIVL,0.18634870897676814
C. elegans,IL1VL,RIVR,0.2059096649155876
C. elegans,IL1VL,RMDDL,-0.5833188766473134
C. elegans,IL1VL,RMDDR,0.26986942397024877
C. elegans,IL1VL,RMDL,0.07533605347377302
C. elegans,IL1VL,RMDR,0.6564303839912354
C. elegans,IL1VL,RMDVL,-0.18589580077591575
C. elegans,IL1VL,RMDVR,0.4642277312810609
C. elegans,IL1VL,RMED,0.2943719340810589
C. elegans,IL1VL,RMEL,-0.48379553491273075
C. elegans,IL1VL,RMER,-0.5122343067368977
C. elegans,IL1VL,RMEV,-0.08334724219398824
C. elegans,IL1VL,RMGL,0.29312955511688166
C. elegans,IL1VL,SAADL,-0.9656083638809044
C. elegans,IL1VL,SAADR,-0.3507483839703637
C. elegans,IL1VL,SAAVL,-0.012956351909513844
C. elegans,IL1VL,SAAVR,-0.5229242860979235
C. elegans,IL1VL,SMBVR,-0.16944838893411684
C. elegans,IL1VL,SMDDL,-0.975903795360547
C. elegans,IL1VL,SMDDR,0.22378542888160033
C. elegans,IL1VL,SMDVL,-0.31360522370540533
C. elegans,IL1VL,SMDVR,0.10990652349981324
C. elegans,IL1VL,URADL,0.3582890546191385
C. elegans,IL1VL,URADR,0.5225865826372321
C. elegans,IL1VL,URAVL,-0.061579089249125925
C. elegans,IL1VL,URAVR,0.21919730604521073
C. elegans,IL1VL,URBL,0.4844409549454054
C. elegans,IL1VL,URBR,0.9689233729154254
C. elegans,IL1VL,URXL,-0.5158823778580076
C. elegans,IL1VL,URXR,-0.15601197161425742
C. elegans,IL1VL,URYDL,-0.3501054357802527
C. elegans,IL1VL,URYDR,0.6909799242644454
C. elegans,IL1VL,URYVL,-0.47731973321397925
C. elegans,IL1VL,URYVR,0.14913171774316025
C. elegans,IL1VR,IL2DL,-0.8715101086159959
C. elegans,IL1VR,IL2DR,-0.9474141613853375
C. elegans,IL1VR,IL2L,-0.9555187687225921
C. elegans,IL1VR,IL2R,-0.5795291105025038
C. elegans,IL1VR,IL2VL,-0.9751717315823766
C. elegans,IL1VR,IL2VR,-0.8675462202381459
C. elegans,IL1VR,OLLL,0.6131566079080941
C. elegans,IL1VR,OLLR,0.511566164131362
C. elegans,IL1VR,OLQDL,0.7730674388309706
C. elegans,IL1VR,OLQDR,0.32002319271063295
C. elegans,IL1VR,OLQVL,0.7444404177451738
C. elegans,IL1VR,OLQVR,0.5063857637341401
C. elegans,IL1VR,RIAL,-0.9445509153758783
C. elegans,IL1VR,RIAR,-0.9984361644649119
C. elegans,IL1VR,RIBL,0.9394908154478189
C. elegans,IL1VR,RIBR,0.9255531038654045
C. elegans,IL1VR,RICL,-0.6377448369325875
C. elegans,IL1VR,RICR,-0.9203000054283912
C. elegans,IL1VR,RID,0.8356790492893919
C. elegans,IL1VR,RIH,0.4909490221141293
C. elegans,IL1VR,RIML,0.8107360205222532
C. elegans,IL1VR,RIMR,0.8102075193599865
C. elegans,IL1VR,RIR,0.04084982372204373
C. elegans,IL1VR,RIS,0.9544347763130129
C. elegans,IL1VR,RIVL,0.7748361370021102
C. elegans,IL1VR,RIVR,0.7730974901822919
C. elegans,IL1VR,RMDDL,-0.2930144886880875
C. elegans,IL1VR,RMDDR,-0.9788937571680851
C. elegans,IL1VR,RMDL,0.8664640425247127
C. elegans,IL1VR,RMDR,0.21772961560637752
C. elegans,IL1VR,RMDVL,-0.3382122687737222
C. elegans,IL1VR,RMDVR,-0.905243579559425
C. elegans,IL1VR,RMED,0.7422628200555618
C. elegans,IL1VR,RMEL,0.9941947407168829
C. elegans,IL1VR,RMER,0.9520750676076543
C. elegans,IL1VR,RMEV,0.9070688627643281
C. elegans,IL1VR,RMGL,-0.9728296355042864
C. elegans,IL1VR,SAADL,0.1817195074974687
C. elegans,IL1VR,SAADR,-0.14744231157864554
C. elegans,IL1VR,SAAVL,-0.2725139327672814
C. elegans,IL1VR,SAAVR,-0.3752635607639811
C. elegans,IL1VR,SMBVR,0.6703951433616344
C. elegans,IL1VR,SMDDL,0.6093417046537536
C. elegans,IL1VR,SMDDR,0.7319132370198292
C. elegans,IL1VR,SMDVL,0.9932050407005989
C. elegans,IL1VR,SMDVR,0.6081249764083828
C. elegans,IL1VR,URADL,-0.9607264351938061
C. elegans,IL1VR,URADR,-0.9933562691437176
C. elegans,IL1VR,URAVL,-0.877312637356835
C. elegans,IL1VR,URAVR,-0.9202126724186743
C. elegans,IL1VR,URBL,-0.24931251839593677
C. elegans,IL1VR,URBR,-0.5657984410528258
C. elegans,IL1VR,URXL,0.5880217600881236
C. elegans,IL1VR,URXR,-0.5604762472005037
C. elegans,IL1VR,URYDL,0.7867028175727695
C. elegans,IL1VR,URYDR,-0.12229132816900119
C. elegans,IL1VR,URYVL,0.9500040019013767
C. elegans,IL1VR,URYVR,-0.7119160641825399
C. elegans,IL2DL,IL2DR,0.9023306968690461
C. elegans,IL2DL,IL2L,0.9562600527515873
C. elegans,IL2DL,IL2R,0.6286369375847692
C. elegans,IL2DL,IL2VL,0.9370840697526813
C. elegans,IL2DL,IL2VR,0.9870992552245321
C. elegans,IL2DL,OLLL,-0.4889273785226759
C. elegans,IL2DL,OLLR,-0.3984063760166795
C. elegans,IL2DL,OLQDL,-0.5664990638260358
C. elegans,IL2DL,OLQDR,-0.2234399347547746
C. elegans,IL2DL,OLQVL,-0.4700466649412636
C. elegans,IL2DL,OLQVR,-0.3676523893501989
C. elegans,IL2DL,RIAL,0.9332466879749636
C. elegans,IL2DL,RIAR,0.8942666928240366
C. elegans,IL2DL,RIBL,-0.9423451777595006
C. elegans,IL2DL,RIBR,-0.8235195948970129
C. elegans,IL2DL,RICL,0.48166557811692745
C. elegans,IL2DL,RICR,0.7366119780883792
C. elegans,IL2DL,RID,-0.8602738626276113
C. elegans,IL2DL,RIH,-0.013598288178742882
C. elegans,IL2DL,RIML,-0.8110114326428688
C. elegans,IL2DL,RIMR,-0.7431310411905856
C. elegans,IL2DL,RIR,0.42192445750226265
C. elegans,IL2DL,RIS,-0.7328808937015214
C. elegans,IL2DL,RIVL,-0.38835126218758426
C. elegans,IL2DL,RIVR,-0.3950918884667254
C. elegans,IL2DL,RMDDL,-0.20085647958868516
C. elegans,IL2DL,RMDDR,0.7541903218033179
C. elegans,IL2DL,RMDL,-0.6396132794870638
C. elegans,IL2DL,RMDR,-0.11461864897443429
C. elegans,IL2DL,RMDVL,-0.14248095652415765
C. elegans,IL2DL,RMDVR,0.6654400037732384
C. elegans,IL2DL,RMED,-0.42477461294826824
C. elegans,IL2DL,RMEL,-0.8597080366890654
C. elegans,IL2DL,RMER,-0.9725658899347949
C. elegans,IL2DL,RMEV,-0.7799837439863524
C. elegans,IL2DL,RMGL,0.8767600043074194
C. elegans,IL2DL,SAADL,-0.447847649329759
C. elegans,IL2DL,SAADR,0.3045396830510474
C. elegans,IL2DL,SAAVL,0.5424685510336004
C. elegans,IL2DL,SAAVR,0.28387846881053497
C. elegans,IL2DL,SMBVR,-0.2743598840095777
C. elegans,IL2DL,SMDDL,-0.7848540573990284
C. elegans,IL2DL,SMDDR,-0.5750829461549075
C. elegans,IL2DL,SMDVL,-0.8306772863447033
C. elegans,IL2DL,SMDVR,-0.14747368997502794
C. elegans,IL2DL,URADL,0.7200952958405702
C. elegans,IL2DL,URADR,0.9077339738012207
C. elegans,IL2DL,URAVL,0.5880555581768748
C. elegans,IL2DL,URAVR,0.8684855441345423
C. elegans,IL2DL,URBL,0.030903924456550713
C. elegans,IL2DL,URBR,0.6887526009547695
C. elegans,IL2DL,URXL,-0.8854739252428988
C. elegans,IL2DL,URXR,0.08826435367898447
C. elegans,IL2DL,URYDL,-0.9194495703147352
C. elegans,IL2DL,URYDR,0.07753544074095056
C. elegans,IL2DL,URYVL,-0.9660242336583156
C. elegans,IL2DL,URYVR,0.3151711867884009
C. elegans,IL2DR,IL2L,0.901798855795501
C. elegans,IL2DR,IL2R,0.8048563122586067
C. elegans,IL2DR,IL2VL,0.9148448910031489
C. elegans,IL2DR,IL2VR,0.9400805388904132
C. elegans,IL2DR,OLLL,-0.7854925481440208
C. elegans,IL2DR,OLLR,-0.707956632167405
C. elegans,IL2DR,OLQDL,-0.8645023747533468
C. elegans,IL2DR,OLQDR,-0.5481772364445792
C. elegans,IL2DR,OLQVL,-0.8045318579671021
C. elegans,IL2DR,OLQVR,-0.6933828943163568
C. elegans,IL2DR,RIAL,0.8630329742638425
C. elegans,IL2DR,RIAR,0.9610402358548704
C. elegans,IL2DR,RIBL,-0.8646701571326418
C. elegans,IL2DR,RIBR,-0.7769795963386643
C. elegans,IL2DR,RICL,0.7914773865565581
C. elegans,IL2DR,RICR,0.9537368401121427
C. elegans,IL2DR,RID,-0.7001105545485725
C. elegans,IL2DR,RIH,-0.39251001115718215
C. elegans,IL2DR,RIML,-0.6491289155481768
C. elegans,IL2DR,RIMR,-0.6170941649572724
C. elegans,IL2DR,RIR,0.20697137890779221
C. elegans,IL2DR,RIS,-0.934124194227755
C. elegans,IL2DR,RIVL,-0.7094593088407951
C. elegans,IL2DR,RIVR,-0.7222922024903514
C. elegans,IL2DR,RMDDL,0.193742512856277
C. elegans,IL2DR,RMDDR,0.9050224491982247
C. elegans,IL2DR,RMDL,-0.9069902550164081
C. elegans,IL2DR,RMDR,-0.45149145259342205
C. elegans,IL2DR,RMDVL,0.09700572819384279
C. elegans,IL2DR,RMDVR,0.72271575941633
C. elegans,IL2DR,RMED,-0.7703327074385148
C. elegans,IL2DR,RMEL,-0.9099663970175674
C. elegans,IL2DR,RMER,-0.9736187081938236
C. elegans,IL2DR,RMEV,-0.973413005175572
C. elegans,IL2DR,RMGL,0.9934097269378197
C. elegans,IL2DR,SAADL,-0.04482640074672927
C. elegans,IL2DR,SAADR,0.45315462309263055
C. elegans,IL2DR,SAAVL,0.5603938283962193
C. elegans,IL2DR,SAAVR,0.5994321495583073
C. elegans,IL2DR,SMBVR,-0.4277807255491377
C. elegans,IL2DR,SMDDL,-0.4904655747128966
C. elegans,IL2DR,SMDDR,-0.8602952339839834
C. elegans,IL2DR,SMDVL,-0.9555560332093685
C. elegans,IL2DR,SMDVR,-0.41306324243907083
C. elegans,IL2DR,URADL,0.8334647385295457
C. elegans,IL2DR,URADR,0.9330578353179857
C. elegans,IL2DR,URAVL,0.8635337381485455
C. elegans,IL2DR,URAVR,0.9955505111185784
C. elegans,IL2DR,URBL,-0.07193026307038398
C. elegans,IL2DR,URBR,0.3969156906667498
C. elegans,IL2DR,URXL,-0.7527930712343024
C. elegans,IL2DR,URXR,0.3640991969527671
C. elegans,IL2DR,URYDL,-0.9293500342557391
C. elegans,IL2DR,URYDR,-0.17004595181571558
C. elegans,IL2DR,URYVL,-0.981732072558322
C. elegans,IL2DR,URYVR,0.4864146549013247
C. elegans,IL2L,IL2R,0.49831197801959953
C. elegans,IL2L,IL2VL,0.9968357790024504
C. elegans,IL2L,IL2VR,0.9231606683329998
C. elegans,IL2L,OLLL,-0.4421731221045384
C. elegans,IL2L,OLLR,-0.3334534212395015
C. elegans,IL2L,OLQDL,-0.592240875503565
C. elegans,IL2L,OLQDR,-0.13297789734940718
C. elegans,IL2L,OLQVL,-0.5336858502682041
C. elegans,IL2L,OLQVR,-0.3157412714556598
C. elegans,IL2L,RIAL,0.9958433783204945
C. elegans,IL2L,RIAR,0.9623365268935535
C. elegans,IL2L,RIBL,-0.9967790442020438
C. elegans,IL2L,RIBR,-0.9509097281942978
C. elegans,IL2L,RICL,0.4554173418884407
C. elegans,IL2L,RICR,0.7893277356482507
C. elegans,IL2L,RID,-0.9397498481074528
C. elegans,IL2L,RIH,-0.22367273525340414
C. elegans,IL2L,RIML,-0.9119858842187591
C. elegans,IL2L,RIMR,-0.8823699706682581
C. elegans,IL2L,RIR,0.14111554047926034
C. elegans,IL2L,RIS,-0.8274295094211479
C. elegans,IL2L,RIVL,-0.556274608317407
C. elegans,IL2L,RIVR,-0.5523435733910339
C. elegans,IL2L,RMDDL,0.011822953731896225
C. elegans,IL2L,RMDDR,0.8795185375034612
C. elegans,IL2L,RMDL,-0.7010523533366754
C. elegans,IL2L,RMDR,-0.021559540731434384
C. elegans,IL2L,RMDVL,0.14476824722527387
C. elegans,IL2L,RMDVR,0.8540558671493197
C. elegans,IL2L,RMED,-0.5193871329483514
C. elegans,IL2L,RMEL,-0.9628814545758049
C. elegans,IL2L,RMER,-0.9687531088186102
C. elegans,IL2L,RMEV,-0.7968023329250747
C. elegans,IL2L,RMGL,0.9100662411169128
C. elegans,IL2L,SAADL,-0.4429898912283269
C. elegans,IL2L,SAADR,0.08990216873069286
C. elegans,IL2L,SAAVL,0.30439798894998177
C. elegans,IL2L,SAAVR,0.1948241152063742
C. elegans,IL2L,SMBVR,-0.5410604269598174
C. elegans,IL2L,SMDDL,-0.8047663926614915
C. elegans,IL2L,SMDDR,-0.5644219820031946
C. elegans,IL2L,SMDVL,-0.9169691605714477
C. elegans,IL2L,SMDVR,-0.4072136780981002
C. elegans,IL2L,URADL,0.87944150980497
C. elegans,IL2L,URADR,0.9825387499946975
C. elegans,IL2L,URAVL,0.698919098181245
C. elegans,IL2L,URAVR,0.8571085692973628
C. elegans,IL2L,URBL,0.27915746921641765
C. elegans,IL2L,URBR,0.7518398860294491
C. elegans,IL2L,URXL,-0.7112613313477519
C. elegans,IL2L,URXR,0.3516041525605544
C. elegans,IL2L,URYDL,-0.8116578195218958
C. elegans,IL2L,URYDR,0.2539414544252637
C. elegans,IL2L,URYVL,-0.9579755231286223
C. elegans,IL2L,URYVR,0.5733177493436343
C. elegans,IL2R,IL2VL,0.5076939372772274
C. elegans,IL2R,IL2VR,0.7450381778701985
C. elegans,IL2R,OLLL,-0.9399923510908388
C. elegans,IL2R,OLLR,-0.9337884196015044
C. elegans,IL2R,OLQDL,-0.8543800180774078
C. elegans,IL2R,OLQDR,-0.885965601155976
C. elegans,IL2R,OLQVL,-0.7731328629054252
C. elegans,IL2R,OLQVR,-0.9136888670313386
C. elegans,IL2R,RIAL,0.41819202619066
C. elegans,IL2R,RIAR,0.6116099496167431
C. elegans,IL2R,RIBL,-0.4281001071517277
C. elegans,IL2R,RIBR,-0.25284756915878015
C. elegans,IL2R,RICL,0.9168362654498621
C. elegans,IL2R,RICR,0.7847245927199012
C. elegans,IL2R,RID,-0.1810690567527837
C. elegans,IL2R,RIH,-0.23657044214099907
C. elegans,IL2R,RIML,-0.10091055418833722
C. elegans,IL2R,RIMR,-0.03808226646606111
C. elegans,IL2R,RIR,0.48852996935899007
C. elegans,IL2R,RIS,-0.6727296852213076
C. elegans,IL2R,RIVL,-0.4870684991748341
C. elegans,IL2R,RIVR,-0.5231884557750014
C. elegans,IL2R,RMDDL,0.10621737426204698
C. elegans,IL2R,RMDDR,0.541821611280694
C. elegans,IL2R,RMDL,-0.7839135702015895
C. elegans,IL2R,RMDR,-0.8346120756509093
C. elegans,IL2R,RMDVL,-0.26196443751144133
C. elegans,IL2R,RMDVR,0.19592745533354117
C. elegans,IL2R,RMED,-0.6987619559428483
C. elegans,IL2R,RMEL,-0.4899955492548484
C. elegans,IL2R,RMER,-0.6975447894725331
C. elegans,IL2R,RMEV,-0.8461003828351068
C. elegans,IL2R,RMGL,0.7521590434605396
C. elegans,IL2R,SAADL,0.3554438197242007
C. elegans,IL2R,SAADR,0.8901790793015841
C. elegans,IL2R,SAAVL,0.8836167663757921
C. elegans,IL2R,SAAVR,0.910420540328929
C. elegans,IL2R,SMBVR,0.07209786316609441
C. elegans,IL2R,SMDDL,-0.018018665639369325
C. elegans,IL2R,SMDDR,-0.9105861832278238
C. elegans,IL2R,SMDVL,-0.6290008333306962
C. elegans,IL2R,SMDVR,-0.04163279834192953
C. elegans,IL2R,URADL,0.38723082618690113
C. elegans,IL2R,URADR,0.5377246302298243
C. elegans,IL2R,URAVL,0.6636861830822861
C. elegans,IL2R,URAVR,0.8520286742901668
C. elegans,IL2R,URBL,-0.6416148657940705
C. elegans,IL2R,URBR,-0.13079882743685356
C. elegans,IL2R,URXL,-0.7456012657927048
C. elegans,IL2R,URXR,0.009970894263951565
C. elegans,IL2R,URYDL,-0.8799422925728293
C. elegans,IL2R,URYDR,-0.7118785399104647
C. elegans,IL2R,URYVL,-0.7260650017641241
C. elegans,IL2R,URYVR,0.0038058637376545855
C. elegans,IL2VL,IL2VR,0.9087573695052489
C. elegans,IL2VL,OLLL,-0.47793624464927253
C. elegans,IL2VL,OLLR,-0.36900762697006373
C. elegans,IL2VL,OLQDL,-0.6364140675972257
C. elegans,IL2VL,OLQDR,-0.16784637823509496
C. elegans,IL2VL,OLQVL,-0.5873176689095208
C. elegans,IL2VL,OLQVR,-0.3550548366945418
C. elegans,IL2VL,RIAL,0.9926420023705022
C. elegans,IL2VL,RIAR,0.9788882087792821
C. elegans,IL2VL,RIBL,-0.9916023586102423
C. elegans,IL2VL,RIBR,-0.9584502392612095
C. elegans,IL2VL,RICL,0.49536699660004296
C. elegans,IL2VL,RICR,0.8251932783519833
C. elegans,IL2VL,RID,-0.9259654479595095
C. elegans,IL2VL,RIH,-0.3004348734603383
C. elegans,IL2VL,RIML,-0.9004375591997474
C. elegans,IL2VL,RIMR,-0.8802169590532961
C. elegans,IL2VL,RIR,0.07892033423502802
C. elegans,IL2VL,RIS,-0.8658447546144573
C. elegans,IL2VL,RIVL,-0.6199603766981097
C. elegans,IL2VL,RIVR,-0.6156602573894521
C. elegans,IL2VL,RMDDL,0.09119262746153259
C. elegans,IL2VL,RMDDR,0.9143943516869698
C. elegans,IL2VL,RMDL,-0.7449760147003386
C. elegans,IL2VL,RMDR,-0.05788737403497736
C. elegans,IL2VL,RMDVL,0.21095871936844074
C. elegans,IL2VL,RMDVR,0.8831383347215294
C. elegans,IL2VL,RMED,-0.5781157850843516
C. elegans,IL2VL,RMEL,-0.9811459654160058
C. elegans,IL2VL,RMER,-0.967908872451808
C. elegans,IL2VL,RMEV,-0.8252508660514568
C. elegans,IL2VL,RMGL,0.9296269627202257
C. elegans,IL2VL,SAADL,-0.38596511706118924
C. elegans,IL2VL,SAADR,0.08602010914257976
C. elegans,IL2VL,SAAVL,0.27948256027531865
C. elegans,IL2VL,SAAVR,0.2285372789784314
C. elegans,IL2VL,SMBVR,-0.592667794189905
C. elegans,IL2VL,SMDDL,-0.7655213516682541
C. elegans,IL2VL,SMDDR,-0.6026615423832777
C. elegans,IL2VL,SMDVL,-0.9437366703870378
C. elegans,IL2VL,SMDVR,-0.4737470305109363
C. elegans,IL2VL,URADL,0.9129844382423562
C. elegans,IL2VL,URADR,0.9940679242920458
C. elegans,IL2VL,URAVL,0.7496294043067755
C. elegans,IL2VL,URAVR,0.8730394761077849
C. elegans,IL2VL,URBL,0.29306041162826935
C. elegans,IL2VL,URBR,0.7179213861066897
C. elegans,IL2VL,URXL,-0.6724126633724169
C. elegans,IL2VL,URXR,0.42001032302333086
C. elegans,IL2VL,URYDL,-0.8002397922767964
C. elegans,IL2VL,URYDR,0.23944763959967158
C. elegans,IL2VL,URYVL,-0.958696908132209
C. elegans,IL2VL,URYVR,0.6264138275389032
C. elegans,IL2VR,OLLL,-0.6133480495655287
C. elegans,IL2VR,OLLR,-0.5343517158228814
C. elegans,IL2VR,OLQDL,-0.6625716535906603
C. elegans,IL2VR,OLQDR,-0.3743059539986946
C. elegans,IL2VR,OLQVL,-0.563299840419794
C. elegans,IL2VR,OLQVR,-0.5039056597350846
C. elegans,IL2VR,RIAL,0.8869683568247597
C. elegans,IL2VR,RIAR,0.8935974568189915
C. elegans,IL2VR,RIBL,-0.8967696713333235
C. elegans,IL2VR,RIBR,-0.7590783724702204
C. elegans,IL2VR,RICL,0.6024541968300928
C. elegans,IL2VR,RICR,0.7941612787849355
C. elegans,IL2VR,RID,-0.7754528339094527
C. elegans,IL2VR,RIH,-0.061852287339988564
C. elegans,IL2VR,RIML,-0.7167647756456441
C. elegans,IL2VR,RIMR,-0.6458006477992002
C. elegans,IL2VR,RIR,0.4611117133425719
C. elegans,IL2VR,RIS,-0.7680425262407391
C. elegans,IL2VR,RIVL,-0.43470257818126656
C. elegans,IL2VR,RIVR,-0.44789023257123106
C. elegans,IL2VR,RMDDL,-0.14895333785616902
C. elegans,IL2VR,RMDDR,0.7594125290418067
C. elegans,IL2VR,RMDL,-0.7108877868447452
C. elegans,IL2VR,RMDR,-0.2703731289983994
C. elegans,IL2VR,RMDVL,-0.17463237475190876
C. elegans,IL2VR,RMDVR,0.612144982901021
C. elegans,IL2VR,RMED,-0.5092865999765505
C. elegans,IL2VR,RMEL,-0.8390197842400359
C. elegans,IL2VR,RMER,-0.978073527627812
C. elegans,IL2VR,RMEV,-0.843827598341936
C. elegans,IL2VR,RMGL,0.9074583500287351
C. elegans,IL2VR,SAADL,-0.3103800019111854
C. elegans,IL2VR,SAADR,0.4439646187159712
C. elegans,IL2VR,SAAVL,0.6464455104721691
C. elegans,IL2VR,SAAVR,0.43118800349556186
C. elegans,IL2VR,SMBVR,-0.22188553490533225
C. elegans,IL2VR,SMDDL,-0.6767078098775589
C. elegans,IL2VR,SMDDR,-0.6813415479501591
C. elegans,IL2VR,SMDVL,-0.8427882577591402
C. elegans,IL2VR,SMDVR,-0.13659213306894957
C. elegans,IL2VR,URADL,0.6984037004826358
C. elegans,IL2VR,URADR,0.8898978205828715
C. elegans,IL2VR,URAVL,0.6421090261656783
C. elegans,IL2VR,URAVR,0.9207591831704278
C. elegans,IL2VR,URBL,-0.1047628253174656
C. elegans,IL2VR,URBR,0.5637893769043861
C. elegans,IL2VR,URXL,-0.912334762031346
C. elegans,IL2VR,URXR,0.0793027663409495
C. elegans,IL2VR,URYDL,-0.9696508855823867
C. elegans,IL2VR,URYDR,-0.07974984719883879
C. elegans,IL2VR,URYVL,-0.9783403202954912
C. elegans,IL2VR,URYVR,0.2725253364975032
C. elegans,OLLL,OLLR,0.9924318950154841
C. elegans,OLLL,OLQDL,0.9614013151267476
C. elegans,OLLL,OLQDR,0.9446397875746966
C. elegans,OLLL,OLQVL,0.9291064871668798
C. elegans,OLLL,OLQVR,0.9905563063360544
C. elegans,OLLL,RIAL,-0.3703222865859292
C. elegans,OLLL,RIAR,-0.6284845398613831
C. elegans,OLLL,RIBL,0.37063797115532104
C. elegans,OLLL,RIBR,0.2685204396919333
C. elegans,OLLL,RICL,-0.9975586326638585
C. elegans,OLLL,RICR,-0.8651572590851259
C. elegans,OLLL,RID,0.11186893452635305
C. elegans,OLLL,RIH,0.546272060918574
C. elegans,OLLL,RIML,0.049585789059398366
C. elegans,OLLL,RIMR,0.033784782468325954
C. elegans,OLLL,RIR,-0.1689751584758442
C. elegans,OLLL,RIS,0.7764383965751982
C. elegans,OLLL,RIVL,0.7170644830420159
C. elegans,OLLL,RIVR,0.7477260819655187
C. elegans,OLLL,RMDDL,-0.4388222540597699
C. elegans,OLLL,RMDDR,-0.644580518655299
C. elegans,OLLL,RMDL,0.8984225182176211
C. elegans,OLLL,RMDR,0.9038935177496605
C. elegans,OLLL,RMDVL,-0.05386618756778307
C. elegans,OLLL,RMDVR,-0.3099148346388897
C. elegans,OLLL,RMED,0.8845257775227074
C. elegans,OLLL,RMEL,0.5271539545297969
C. elegans,OLLL,RMER,0.6300633610236291
C. elegans,OLLL,RMEV,0.8879993762621124
C. elegans,OLLL,RMGL,-0.7666651448560536
C. elegans,OLLL,SAADL,-0.5602603100833604
C. elegans,OLLL,SAADR,-0.7801537362895546
C. elegans,OLLL,SAAVL,-0.6853996959687797
C. elegans,OLLL,SAAVR,-0.9621400067140431
C. elegans,OLLL,SMBVR,0.1645673576985381
C. elegans,OLLL,SMDDL,-0.14558302132988404
C. elegans,OLLL,SMDDR,0.9856822420266564
C. elegans,OLLL,SMDVL,0.6878112254651505
C. elegans,OLLL,SMDVR,0.3295357482941382
C. elegans,OLLL,URADL,-0.5005647276157216
C. elegans,OLLL,URADR,-0.5408695322211766
C. elegans,OLLL,URAVL,-0.820277311908504
C. elegans,OLLL,URAVR,-0.8397110450126622
C. elegans,OLLL,URBL,0.5106922819386468
C. elegans,OLLL,URBR,0.2561391790354505
C. elegans,OLLL,URXL,0.5058150016962932
C. elegans,OLLL,URXR,-0.30876187920835174
C. elegans,OLLL,URYDL,0.7457699507256872
C. elegans,OLLL,URYDR,0.6967584981172652
C. elegans,OLLL,URYVL,0.662237019800266
C. elegans,OLLL,URYVR,-0.23922222473522678
C. elegans,OLLR,OLQDL,0.9249994872884775
C. elegans,OLLR,OLQDR,0.977749852573368
C. elegans,OLLR,OLQVL,0.8937077281547577
C. elegans,OLLR,OLQVR,0.9985441477981977
C. elegans,OLLR,RIAL,-0.2568522973109426
C. elegans,OLLR,RIAR,-0.5286947101456145
C. elegans,OLLR,RIBL,0.25809788338653494
C. elegans,OLLR,RIBR,0.1482332121303718
C. elegans,OLLR,RICL,-0.9857035786799359
C. elegans,OLLR,RICR,-0.7976798659707696
C. elegans,OLLR,RID,-0.007283850816868089
C. elegans,OLLR,RIH,0.5145570533800611
C. elegans,OLLR,RIML,-0.07141469088440137
C. elegans,OLLR,RIMR,-0.08909761156301198
C. elegans,OLLR,RIR,-0.1941190964289861
C. elegans,OLLR,RIS,0.6955281076642434
C. elegans,OLLR,RIVL,0.6572946107034073
C. elegans,OLLR,RIVR,0.6910042385875765
C. elegans,OLLR,RMDDL,-0.4280902772916571
C. elegans,OLLR,RMDDR,-0.5482172294735063
C. elegans,OLLR,RMDL,0.8418442333203215
C. elegans,OLLR,RMDR,0.9491702230519857
C. elegans,OLLR,RMDVL,-0.00226167669718528
C. elegans,OLLR,RMDVR,-0.1952613370279896
C. elegans,OLLR,RMED,0.845163415726051
C. elegans,OLLR,RMEL,0.41881617303722896
C. elegans,OLLR,RMER,0.5386346691666924
C. elegans,OLLR,RMEV,0.8250629147821443
C. elegans,OLLR,RMGL,-0.6831058899259541
C. elegans,OLLR,SAADL,-0.6355920552839377
C. elegans,OLLR,SAADR,-0.8275692316808445
C. elegans,OLLR,SAAVL,-0.7060576679329277
C. elegans,OLLR,SAAVR,-0.9882963006522775
C. elegans,OLLR,SMBVR,0.07208018661110384
C. elegans,OLLR,SMDDL,-0.2511934173237182
C. elegans,OLLR,SMDDR,0.9582088162774298
C. elegans,OLLR,SMDVL,0.593576844818207
C. elegans,OLLR,SMDVR,0.2607011619914456
C. elegans,OLLR,URADL,-0.39415922044167057
C. elegans,OLLR,URADR,-0.43428491292787613
C. elegans,OLLR,URAVL,-0.7545940098233376
C. elegans,OLLR,URAVR,-0.771113622745393
C. elegans,OLLR,URBL,0.5961888576955051
C. elegans,OLLR,URBR,0.3652217840892396
C. elegans,OLLR,URXL,0.462052897465131
C. elegans,OLLR,URXR,-0.2453642363473274
C. elegans,OLLR,URYDL,0.6910811117602844
C. elegans,OLLR,URYDR,0.7775764595849725
C. elegans,OLLR,URYVL,0.5739320161042711
C. elegans,OLLR,URYVR,-0.1469002472517875
C. elegans,OLQDL,OLQDR,0.8322212890938788
C. elegans,OLQDL,OLQVL,0.9883108755717701
C. elegans,OLQDL,OLQVR,0.9299196235001731
C. elegans,OLQDL,RIAL,-0.5384020218004252
C. elegans,OLQDL,RIAR,-0.7769237047916127
C. elegans,OLQDL,RIBL,0.5329982761448439
C. elegans,OLQDL,RIBR,0.48347456598823835
C. elegans,OLQDL,RICL,-0.9757929762954741
C. elegans,OLQDL,RICR,-0.9596080698961544
C. elegans,OLQDL,RID,0.30211101073956137
C. elegans,OLQDL,RIH,0.6909957009784262
C. elegans,OLQDL,RIML,0.25549022113572756
C. elegans,OLQDL,RIMR,0.26372989769583144
C. elegans,OLQDL,RIR,0.022723679324363047
C. elegans,OLQDL,RIS,0.91290165692736
C. elegans,OLQDL,RIVL,0.8694516091758336
C. elegans,OLQDL,RIVR,0.8896911654057921
C. elegans,OLQDL,RMDDL,-0.5612315710904398
C. elegans,OLQDL,RMDDR,-0.8203499189607807
C. elegans,OLQDL,RMDL,0.9834414705576462
C. elegans,OLQDL,RMDR,0.775771706799918
C. elegans,OLQDL,RMDVL,-0.27721533341037624
C. elegans,OLQDL,RMDVR,-0.5511100318145749
C. elegans,OLQDL,RMED,0.966925482231713
C. elegans,OLQDL,RMEL,0.7080454188429983
C. elegans,OLQDL,RMER,0.7279484523357356
C. elegans,OLQDL,RMEV,0.9562654345666534
C. elegans,OLQDL,RMGL,-0.8724683697530272
C. elegans,OLQDL,SAADL,-0.45689220350728643
C. elegans,OLQDL,SAADR,-0.5842438904595955
C. elegans,OLQDL,SAAVL,-0.5118067521060534
C. elegans,OLQDL,SAAVR,-0.8587808194187625
C. elegans,OLQDL,SMBVR,0.4249228738007394
C. elegans,OLQDL,SMDDL,0.0002092859010739484
C. elegans,OLQDL,SMDDR,0.9923199497439597
C. elegans,OLQDL,SMDVL,0.838200122039041
C. elegans,OLQDL,SMDVR,0.5529408739815469
C. elegans,OLQDL,URADL,-0.7109773085746759
C. elegans,OLQDL,URADR,-0.7034480997730144
C. elegans,OLQDL,URAVL,-0.9459244682394164
C. elegans,OLQDL,URAVR,-0.9003515384335761
C. elegans,OLQDL,URBL,0.2545230235655994
C. elegans,OLQDL,URBR,0.07950797896669419
C. elegans,OLQDL,URXL,0.4519979037689308
C. elegans,OLQDL,URXR,-0.5278621109509031
C. elegans,OLQDL,URYDL,0.7373560303465826
C. elegans,OLQDL,URYDR,0.4824232618695791
C. elegans,OLQDL,URYVL,0.7531637599393703
C. elegans,OLQDL,URYVR,-0.49296165827848226
C. elegans,OLQDR,OLQVL,0.8056739297347224
C. elegans,OLQDR,OLQVR,0.9777580325805303
C. elegans,OLQDR,RIAL,-0.05143570461015311
C. elegans,OLQDR,RIAR,-0.3389530841110452
C. elegans,OLQDR,RIBL,0.05386021912924805
C. elegans,OLQDR,RIBR,-0.06236137457043283
C. elegans,OLQDR,RICL,-0.9316207830278183
C. elegans,OLQDR,RICR,-0.655528880430449
C. elegans,OLQDR,RID,-0.21334295882162949
C. elegans,OLQDR,RIH,0.4528442343848092
C. elegans,OLQDR,RIML,-0.27755440594978653
C. elegans,OLQDR,RIMR,-0.2960073794733628
C. elegans,OLQDR,RIR,-0.2177084931057582
C. elegans,OLQDR,RIS,0.5351180452300912
C. elegans,OLQDR,RIVL,0.5392520290183014
C. elegans,OLQDR,RIVR,0.5767040633422263
C. elegans,OLQDR,RMDDL,-0.40635496612194877
C. elegans,OLQDR,RMDDR,-0.3668642818681729
C. elegans,OLQDR,RMDL,0.7179678820611894
C. elegans,OLQDR,RMDR,0.9936925872976284
C. elegans,OLQDR,RMDVL,0.07405388067326908
C. elegans,OLQDR,RMDVR,0.0037282996650379744
C. elegans,OLQDR,RMED,0.7533008858997413
C. elegans,OLQDR,RMEL,0.2193422717740329
C. elegans,OLQDR,RMER,0.3596123062500753
C. elegans,OLQDR,RMEV,0.6881874237549693
C. elegans,OLQDR,RMGL,-0.5152448350312427
C. elegans,OLQDR,SAADL,-0.7483756355020459
C. elegans,OLQDR,SAADR,-0.8734894062931438
C. elegans,OLQDR,SAAVL,-0.7074307685010255
C. elegans,OLQDR,SAAVR,-0.9979995796136664
C. elegans,OLQDR,SMBVR,-0.07974677678661772
C. elegans,OLQDR,SMDDL,-0.42855894420901347
C. elegans,OLQDR,SMDDR,0.8782398837894677
C. elegans,OLQDR,SMDVL,0.41249758269545655
C. elegans,OLQDR,SMDVR,0.14419896415177835
C. elegans,OLQDR,URADL,-0.20180373325903414
C. elegans,OLQDR,URADR,-0.23593793728387233
C. elegans,OLQDR,URAVL,-0.6200140767132157
C. elegans,OLQDR,URAVR,-0.6245200162711046
C. elegans,OLQDR,URBL,0.7150762843165982
C. elegans,OLQDR,URBR,0.5428041896115965
C. elegans,OLQDR,URXL,0.3608443000561452
C. elegans,OLQDR,URXR,-0.13914432108996938
C. elegans,OLQDR,URYDL,0.5666331990680891
C. elegans,OLQDR,URYDR,0.8860757410823478
C. elegans,OLQDR,URYVL,0.39906798403445715
C. elegans,OLQDR,URYVR,0.00749113918009113
C. elegans,OLQVL,OLQVR,0.9067463148073385
C. elegans,OLQVL,RIAL,-0.4872683640134859
C. elegans,OLQVL,RIAR,-0.740212556189962
C. elegans,OLQVL,RIBL,0.4777186199607901
C. elegans,OLQVL,RIBR,0.4655361333134055
C. elegans,OLQVL,RICL,-0.952378576665403
C. elegans,OLQVL,RICR,-0.9394758364609764
C. elegans,OLQVL,RID,0.2561897099949568
C. elegans,OLQVL,RIH,0.7924591371732634
C. elegans,OLQVL,RIML,0.22086335673844426
C. elegans,OLQVL,RIMR,0.25046088083457263
C. elegans,OLQVL,RIR,0.17047621651206835
C. elegans,OLQVL,RIS,0.907071857210136
C. elegans,OLQVL,RIVL,0.9239684951349773
C. elegans,OLQVL,RIVR,0.9402747173327293
C. elegans,OLQVL,RMDDL,-0.6805610864991459
C. elegans,OLQVL,RMDDR,-0.8205640460050126
C. elegans,OLQVL,RMDL,0.9771335430477444
C. elegans,OLQVL,RMDR,0.7571637669370249
C. elegans,OLQVL,RMDVL,-0.4083864162620769
C. elegans,OLQVL,RMDVR,-0.5742406578936631
C. elegans,OLQVL,RMED,0.9939359494244948
C. elegans,OLQVL,RMEL,0.685432946408182
C. elegans,OLQVL,RMER,0.6548606909177754
C. elegans,OLQVL,RMEV,0.9182891775534474
C. elegans,OLQVL,RMGL,-0.8279537780639039
C. elegans,OLQVL,SAADL,-0.5198451777347081
C. elegans,OLQVL,SAADR,-0.49448370284196386
C. elegans,OLQVL,SAAVL,-0.3868817934396262
C. elegans,OLQVL,SAAVR,-0.8276407767679241
C. elegans,OLQVL,SMBVR,0.5118838315894826
C. elegans,OLQVL,SMDDL,-0.07106927353956814
C. elegans,OLQVL,SMDDR,0.9659328561228318
C. elegans,OLQVL,SMDVL,0.816832637980784
C. elegans,OLQVL,SMDVR,0.6545806510973832
C. elegans,OLQVL,URADL,-0.7234004311320252
C. elegans,OLQVL,URADR,-0.6652855658638019
C. elegans,OLQVL,URAVL,-0.9618703086508483
C. elegans,OLQVL,URAVR,-0.8410075942576513
C. elegans,OLQVL,URBL,0.17416111935668777
C. elegans,OLQVL,URBR,0.12789386292388122
C. elegans,OLQVL,URXL,0.3143458600722637
C. elegans,OLQVL,URXR,-0.6358897958739246
C. elegans,OLQVL,URYDL,0.6311846442253144
C. elegans,OLQVL,URYDR,0.44160607462348417
C. elegans,OLQVL,URYVL,0.6800494656865066
C. elegans,OLQVL,URYVR,-0.5750599445988885
C. elegans,OLQVR,RIAL,-0.2410672917103665
C. elegans,OLQVR,RIAR,-0.5207666886926695
C. elegans,OLQVR,RIBL,0.24082961227194785
C. elegans,OLQVR,RIBR,0.14335350568204372
C. elegans,OLQVR,RICL,-0.9869675798500965
C. elegans,OLQVR,RICR,-0.7983380538362999
C. elegans,OLQVR,RID,-0.023780851156423605
C. elegans,OLQVR,RIH,0.5562249243904842
C. elegans,OLQVR,RIML,-0.08446892438832737
C. elegans,OLQVR,RIMR,-0.09462479111580577
C. elegans,OLQVR,RIR,-0.14274012855985108
C. elegans,OLQVR,RIS,0.7003519740944044
C. elegans,OLQVR,RIVL,0.6834731189572996
C. elegans,OLQVR,RIVR,0.7160930549076915
C. elegans,OLQVR,RMDDL,-0.47532568366734934
C. elegans,OLQVR,RMDDR,-0.5537879808824772
C. elegans,OLQVR,RMDL,0.8479082125264726
C. elegans,OLQVR,RMDR,0.9517462771970872
C. elegans,OLQVR,RMDVL,-0.049622741441539574
C. elegans,OLQVR,RMDVR,-0.2056421855918104
C. elegans,OLQVR,RMED,0.863251873151726
C. elegans,OLQVR,RMEL,0.4148991664726252
C. elegans,OLQVR,RMER,0.5176826728916374
C. elegans,OLQVR,RMEV,0.8195531990163254
C. elegans,OLQVR,RMGL,-0.6738657039247864
C. elegans,OLQVR,SAADL,-0.6644530977323683
C. elegans,OLQVR,SAADR,-0.8032990522410249
C. elegans,OLQVR,SAAVL,-0.667945614637245
C. elegans,OLQVR,SAAVR,-0.9867601090287644
C. elegans,OLQVR,SMBVR,0.10423512004668778
C. elegans,OLQVR,SMDDL,-0.2792436565937589
C. elegans,OLQVR,SMDDR,0.9581476851012958
C. elegans,OLQVR,SMDVL,0.5918117355686503
C. elegans,OLQVR,SMDVR,0.2999765271027379
C. elegans,OLQVR,URADL,-0.402627040178492
C. elegans,OLQVR,URADR,-0.4249127613859857
C. elegans,OLQVR,URAVL,-0.7678317621165653
C. elegans,OLQVR,URAVR,-0.7573771126123295
C. elegans,OLQVR,URBL,0.5729906592288294
C. elegans,OLQVR,URBR,0.38613727434509804
C. elegans,OLQVR,URXL,0.4170231907262507
C. elegans,OLQVR,URXR,-0.28678562846904226
C. elegans,OLQVR,URYDL,0.6596628313970929
C. elegans,OLQVR,URYDR,0.7704214365625909
C. elegans,OLQVR,URYVL,0.5533141472490617
C. elegans,OLQVR,URYVR,-0.17803778451567823
C. elegans,RIAL,RIAR,0.9477443962579872
C. elegans,RIAL,RIBL,-0.999578813179111
C. elegans,RIAL,RIBR,-0.9723360335458998
C. elegans,RIAL,RICL,0.3874243541437036
C. elegans,RIAL,RICR,0.7511747260033315
C. elegans,RIAL,RID,-0.9644964853983364
C. elegans,RIAL,RIH,-0.2231107366148248
C. elegans,RIAL,RIML,-0.94428448916584
C. elegans,RIAL,RIMR,-0.9215492153584633
C. elegans,RIAL,RIR,0.08512469535650484
C. elegans,RIAL,RIS,-0.8035268876764714
C. elegans,RIAL,RIVL,-0.5431879847904298
C. elegans,RIAL,RIVR,-0.5351540978578945
C. elegans,RIAL,RMDDL,0.015120980218195322
C. elegans,RIAL,RMDDR,0.8714948305434042
C. elegans,RIAL,RMDL,-0.6600455596803056
C. elegans,RIAL,RMDR,0.059767534230115604
C. elegans,RIAL,RMDVL,0.19148663529954177
C. elegans,RIAL,RMDVR,0.8805558420195921
C. elegans,RIAL,RMED,-0.4810764860217629
C. elegans,RIAL,RMEL,-0.961559233086315
C. elegans,RIAL,RMER,-0.942262199626589
C. elegans,RIAL,RMEV,-0.7511782386426634
C. elegans,RIAL,RMGL,0.8784667125826997
C. elegans,RIAL,SAADL,-0.49263631755136794
C. elegans,RIAL,SAADR,-0.001060339650652856
C. elegans,RIAL,SAAVL,0.22102105605079803
C. elegans,RIAL,SAAVR,0.11353253593559087
C. elegans,RIAL,SMBVR,-0.584587602393595
C. elegans,RIAL,SMDDL,-0.8356948671364554
C. elegans,RIAL,SMDDR,-0.5021796713960692
C. elegans,RIAL,SMDVL,-0.9000882340692481
C. elegans,RIAL,SMDVR,-0.4346595431329149
C. elegans,RIAL,URADL,0.8876280175629196
C. elegans,RIAL,URADR,0.9759200491947748
C. elegans,RIAL,URAVL,0.671798238408771
C. elegans,RIAL,URAVR,0.811623858293027
C. elegans,RIAL,URBL,0.36368180038709397
C. elegans,RIAL,URBR,0.796928131162416
C. elegans,RIAL,URXL,-0.6602190683503871
C. elegans,RIAL,URXR,0.3800012238619838
C. elegans,RIAL,URYDL,-0.7561269704399878
C. elegans,RIAL,URYDR,0.3396813843308012
C. elegans,RIAL,URYVL,-0.9281936746456668
C. elegans,RIAL,URYVR,0.6106255354461787
C. elegans,RIAR,RIBL,-0.944249362999501
C. elegans,RIAR,RIBR,-0.915781383429748
C. elegans,RIAR,RICL,0.6493796407409731
C. elegans,RIAR,RICR,0.9220686300930658
C. elegans,RIAR,RID,-0.8348879395527162
C. elegans,RIAR,RIH,-0.4542841663061165
C. elegans,RIAR,RIML,-0.8054555155656775
C. elegans,RIAR,RIMR,-0.7972098092113259
C. elegans,RIAR,RIR,0.014604438487045283
C. elegans,RIAR,RIS,-0.9488638984700302
C. elegans,RIAR,RIVL,-0.7512041249552069
C. elegans,RIAR,RIVR,-0.7514237153200043
C. elegans,RIAR,RMDDL,0.2526540104294347
C. elegans,RIAR,RMDDR,0.9683099995065098
C. elegans,RIAR,RMDL,-0.865217906632301
C. elegans,RIAR,RMDR,-0.2354648028455884
C. elegans,RIAR,RMDVL,0.28582997933728355
C. elegans,RIAR,RMDVR,0.8823485941850103
C. elegans,RIAR,RMED,-0.7319455369870941
C. elegans,RIAR,RMEL,-0.9891282158266043
C. elegans,RIAR,RMER,-0.9673935730823832
C. elegans,RIAR,RMEV,-0.9157648536363239
C. elegans,RIAR,RMGL,0.9801585974284412
C. elegans,RIAR,SAADL,-0.18957363001781535
C. elegans,RIAR,SAADR,0.18935722648228187
C. elegans,RIAR,SAAVL,0.32218344767768736
C. elegans,RIAR,SAAVR,0.3948646046414113
C. elegans,RIAR,SMBVR,-0.6279316872411842
C. elegans,RIAR,SMDDL,-0.6178853063174728
C. elegans,RIAR,SMDDR,-0.7422538335845609
C. elegans,RIAR,SMDVL,-0.9905963838874061
C. elegans,RIAR,SMDVR,-0.5648910734123124
C. elegans,RIAR,URADL,0.9437220401886858
C. elegans,RIAR,URADR,0.993975448165777
C. elegans,RIAR,URAVL,0.8666673532821199
C. elegans,RIAR,URAVR,0.9352007086322588
C. elegans,RIAR,URBL,0.20656166662217526
C. elegans,RIAR,URBR,0.5653648796100194
C. elegans,RIAR,URXL,-0.6318228989365501
C. elegans,RIAR,URXR,0.515715981641525
C. elegans,RIAR,URYDL,-0.8193438596482431
C. elegans,RIAR,URYDR,0.09286267289157603
C. elegans,RIAR,URYVL,-0.965953045027655
C. elegans,RIAR,URYVR,0.6715474597091305
C. elegans,RIBL,RIBR,0.9657316227389063
C. elegans,RIBL,RICL,-0.38578135379567335
C. elegans,RIBL,RICR,-0.7456409777482833
C. elegans,RIBL,RID,0.9640372979162743
C. elegans,RIBL,RIH,0.1989747295133
C. elegans,RIBL,RIML,0.9418989739603905
C. elegans,RIBL,RIMR,0.9151052887315383
C. elegans,RIBL,RIR,-0.11375423215482337
C. elegans,RIBL,RIS,0.7948144668377136
C. elegans,RIBL,RIVL,0.5249706635017629
C. elegans,RIBL,RIVR,0.5177323116671477
C. elegans,RIBL,RMDDL,0.010312075981001891
C. elegans,RIBL,RMDDR,-0.8612334423971331
C. elegans,RIBL,RMDL,0.6525221607561796
C. elegans,RIBL,RMDR,-0.05775330261194707
C. elegans,RIBL,RMDVL,-0.16292240671800987
C. elegans,RIBL,RMDVR,-0.8664334105473315
C. elegans,RIBL,RMED,0.4686021088085142
C. elegans,RIBL,RMEL,0.9553374984374219
C. elegans,RIBL,RMER,0.9461786874745923
C. elegans,RIBL,RMEV,0.749196605006161
C. elegans,RIBL,RMGL,-0.8768732297916275
C. elegans,RIBL,SAADL,0.5019922085147156
C. elegans,RIBL,SAADR,-0.01509757443731807
C. elegans,RIBL,SAAVL,-0.2423616489133099
C. elegans,RIBL,SAAVR,-0.11623197040891427
C. elegans,RIBL,SMBVR,0.5608272195201371
C. elegans,RIBL,SMDDL,0.8422971033184287
C. elegans,RIBL,SMDDR,0.5000430618878919
C. elegans,RIBL,SMDVL,0.8938021145043928
C. elegans,RIBL,SMDVR,0.40897282338612023
C. elegans,RIBL,URADL,-0.8751100203400912
C. elegans,RIBL,URADR,-0.9726689207069515
C. elegans,RIBL,URAVL,-0.6598579909431497
C. elegans,RIBL,URAVR,-0.8134984016796174
C. elegans,RIBL,URBL,-0.3451709941062659
C. elegans,RIBL,URBR,-0.7995637299059511
C. elegans,RIBL,URXL,0.6802906099509142
C. elegans,RIBL,URXR,-0.35361175451312016
C. elegans,RIBL,URYDL,0.768265847487617
C. elegans,RIBL,URYDR,-0.3298903105028837
C. elegans,RIBL,URYVL,0.9321703465847193
C. elegans,RIBL,URYVR,-0.5874006717734893
C. elegans,RIBR,RICL,-0.30028821007540485
C. elegans,RIBR,RICR,-0.7085307142668037
C. elegans,RIBR,RID,0.9632516320858118
C. elegans,RIBR,RIH,0.34506014048039363
C. elegans,RIBR,RIML,0.9633160377610115
C. elegans,RIBR,RIMR,0.9716534381183203
C. elegans,RIBR,RIR,0.14047900130274174
C. elegans,RIBR,RIS,0.7935127189091299
C. elegans,RIBR,RIVL,0.6067649218927071
C. elegans,RIBR,RIVR,0.5897368609486812
C. elegans,RIBR,RMDDL,-0.15603713102315125
C. elegans,RIBR,RMDDR,-0.8867320917555185
C. elegans,RIBR,RMDL,0.6278807307490776
C. elegans,RIBR,RMDR,-0.1671964290270237
C. elegans,RIBR,RMDVL,-0.3958154248060471
C. elegans,RIBR,RMDVR,-0.958212660066252
C. elegans,RIBR,RMED,0.48519820728062635
C. elegans,RIBR,RMEL,0.9599424744164647
C. elegans,RIBR,RMER,0.8560066833739848
C. elegans,RIBR,RMEV,0.6802767694832274
C. elegans,RIBR,RMGL,-0.818024021436924
C. elegans,RIBR,SAADL,0.4850538847506336
C. elegans,RIBR,SAADR,0.1986640793198101
C. elegans,RIBR,SAAVL,0.003159733404856711
C. elegans,RIBR,SAAVR,0.003618548109563498
C. elegans,RIBR,SMBVR,0.7453339337829977
C. elegans,RIBR,SMDDL,0.8082917467879546
C. elegans,RIBR,SMDDR,0.420671275835345
C. elegans,RIBR,SMDVL,0.8820999991295403
C. elegans,RIBR,SMDVR,0.5915572765463394
C. elegans,RIBR,URADL,-0.9341559967631939
C. elegans,RIBR,URADR,-0.9513235655655504
C. elegans,RIBR,URAVL,-0.6799328085563232
C. elegans,RIBR,URAVR,-0.7179374294694986
C. elegans,RIBR,URBL,-0.5535077572665763
C. elegans,RIBR,URBR,-0.8094907296834215
C. elegans,RIBR,URXL,0.46674857797003655
C. elegans,RIBR,URXR,-0.5437624080670432
C. elegans,RIBR,URYDL,0.596727362760412
C. elegans,RIBR,URYDR,-0.4846980554169006
C. elegans,RIBR,URYVL,0.8381137614515722
C. elegans,RIBR,URYVR,-0.7600240329131143
C. elegans,RICL,RICR,0.8848399332159246
C. elegans,RICL,RID,-0.13067079332084897
C. elegans,RICL,RIH,-0.6015474683437951
C. elegans,RICL,RIML,-0.07300361507446718
C. elegans,RICL,RIMR,-0.06628530853106357
C. elegans,RICL,RIR,0.10292831614180682
C. elegans,RICL,RIS,-0.8052777000094031
C. elegans,RICL,RIVL,-0.7633518955118125
C. elegans,RICL,RIVR,-0.7917449806779171
C. elegans,RICL,RMDDL,0.49401308440064423
C. elegans,RICL,RMDDR,0.6794958555385497
C. elegans,RICL,RMDL,-0.9206390353623956
C. elegans,RICL,RMDR,-0.8900257652862605
C. elegans,RICL,RMDVL,0.1231510168196636
C. elegans,RICL,RMDVR,0.3569138118905918
C. elegans,RICL,RMED,-0.914836772291619
C. elegans,RICL,RMEL,-0.5555243438650636
C. elegans,RICL,RMER,-0.633701378634401
C. elegans,RICL,RMEV,-0.8992656902958156
C. elegans,RICL,RMGL,0.7805872388817466
C. elegans,RICL,SAADL,0.5673331889352838
C. elegans,RICL,SAADR,0.7358261107565406
C. elegans,RICL,SAAVL,0.6342469457447462
C. elegans,RICL,SAAVR,0.9495357988370849
C. elegans,RICL,SMBVR,-0.22939556526686394
C. elegans,RICL,SMDDL,0.1433176174267646
C. elegans,RICL,SMDDR,-0.9915999156247646
C. elegans,RICL,SMDVL,-0.7137056296769487
C. elegans,RICL,SMDVR,-0.3944363113729136
C. elegans,RICL,URADL,0.5422935943676371
C. elegans,RICL,URADR,0.5625282757359306
C. elegans,RICL,URAVL,0.8536304520681295
C. elegans,RICL,URAVR,0.8436655578843585
C. elegans,RICL,URBL,-0.45627976457962344
C. elegans,RICL,URBR,-0.24447086897607684
C. elegans,RICL,URXL,-0.46772764700955477
C. elegans,RICL,URXR,0.37441050479190985
C. elegans,RICL,URYDL,-0.7257503092571197
C. elegans,RICL,URYDR,-0.6613165291589032
C. elegans,RICL,URYVL,-0.6651760684219344
C. elegans,RICL,URYVR,0.3026532190977388
C. elegans,RICR,RID,-0.5570971245012607
C. elegans,RICR,RIH,-0.6428169171128796
C. elegans,RICR,RIML,-0.5171669339937838
C. elegans,RICR,RIMR,-0.5217996880204716
C. elegans,RICR,RIR,-0.030616982102238226
C. elegans,RICR,RIS,-0.9861594652644172
C. elegans,RICR,RIVL,-0.8791707059963818
C. elegans,RICR,RIVR,-0.8909282010172814
C. elegans,RICR,RMDDL,0.4748806781867997
C. elegans,RICR,RMDDR,0.9398296439964311
C. elegans,RICR,RMDL,-0.9907139839083703
C. elegans,RICR,RMDR,-0.5753000509975169
C. elegans,RICR,RMDVL,0.3195462468970083
C. elegans,RICR,RMDVR,0.740846878826327
C. elegans,RICR,RMED,-0.9251606630729945
C. elegans,RICR,RMEL,-0.877548444541172
C. elegans,RICR,RMER,-0.8716812721028315
C. elegans,RICR,RMEV,-0.9922571305382715
C. elegans,RICR,RMGL,0.9697545678704173
C. elegans,RICR,SAADL,0.20075621334999305
C. elegans,RICR,SAADR,0.4267111466409759
C. elegans,RICR,SAAVL,0.43778477714934994
C. elegans,RICR,SAAVR,0.6964357238703057
C. elegans,RICR,SMBVR,-0.5582968123890604
C. elegans,RICR,SMDDL,-0.2708079507968789
C. elegans,RICR,SMDDR,-0.9367863923205825
C. elegans,RICR,SMDVL,-0.9574027540948176
C. elegans,RICR,SMDVR,-0.6095474105947285
C. elegans,RICR,URADL,0.8641741225500924
C. elegans,RICR,URADR,0.874498414751929
C. elegans,RICR,URAVL,0.9721461334107735
C. elegans,RICR,URAVR,0.9637984131112599
C. elegans,RICR,URBL,-0.047404967933631276
C. elegans,RICR,URBR,0.20209900942610207
C. elegans,RICR,URXL,-0.5407904364108082
C. elegans,RICR,URXR,0.5728992607194762
C. elegans,RICR,URYDL,-0.804557528623553
C. elegans,RICR,URYDR,-0.24389139250785194
C. elegans,RICR,URYVL,-0.8863218430889253
C. elegans,RICR,URYVR,0.6187210069225908
C. elegans,RID,RIH,0.08103593426505293
C. elegans,RID,RIML,0.9959007842706658
C. elegans,RID,RIMR,0.9756796071833576
C. elegans,RID,RIR,-0.04578108550948815
C. elegans,RID,RIS,0.6380259080712056
C. elegans,RID,RIVL,0.37547256544025664
C. elegans,RID,RIVR,0.3582357835411679
C. elegans,RID,RMDDL,0.11105122235541258
C. elegans,RID,RMDDR,-0.7480844774921273
C. elegans,RID,RMDL,0.44995322407945776
C. elegans,RID,RMDR,-0.32076576770310755
C. elegans,RID,RMDVL,-0.1867901432221298
C. elegans,RID,RMDVR,-0.8525670011841759
C. elegans,RID,RMED,0.2619599128675009
C. elegans,RID,RMEL,0.8782177257382824
C. elegans,RID,RMER,0.8292881811208448
C. elegans,RID,RMEV,0.550948128657521
C. elegans,RID,RMGL,-0.7216642976178669
C. elegans,RID,SAADL,0.6872496997770097
C. elegans,RID,SAADR,0.22141077613831278
C. elegans,RID,SAAVL,-0.043622405907307434
C. elegans,RID,SAAVR,0.15185911238944141
C. elegans,RID,SMBVR,0.5763294916694114
C. elegans,RID,SMDDL,0.936089190190117
C. elegans,RID,SMDDR,0.25676967566342984
C. elegans,RID,SMDVL,0.7667653628811798
C. elegans,RID,SMDVR,0.3688372409444013
C. elegans,RID,URADL,-0.8060771824743017
C. elegans,RID,URADR,-0.8899677550645755
C. elegans,RID,URAVL,-0.4843212966928991
C. elegans,RID,URAVR,-0.6297172656180313
C. elegans,RID,URBL,-0.5325095271511356
C. elegans,RID,URBR,-0.9256690451019076
C. elegans,RID,URXL,0.5644344175287704
C. elegans,RID,URXR,-0.3162010075780077
C. elegans,RID,URYDL,0.5980455654675603
C. elegans,RID,URYDR,-0.5605804552292379
C. elegans,RID,URYVL,0.8050945103858604
C. elegans,RID,URYVR,-0.5830096322008005
C. elegans,RIH,RIML,0.10204975786436048
C. elegans,RIH,RIMR,0.21028266468891016
C. elegans,RIH,RIR,0.7321671186415354
C. elegans,RIH,RIS,0.6857917983630029
C. elegans,RIH,RIVL,0.9256353732433215
C. elegans,RIH,RIVR,0.9195890391162171
C. elegans,RIH,RMDDL,-0.9767222634008601
C. elegans,RIH,RMDDR,-0.6579738660366141
C. elegans,RIH,RMDL,0.7180725785529292
C. elegans,RIH,RMDR,0.441465007539421
C. elegans,RIH,RMDVL,-0.8552336647738721
C. elegans,RIH,RMDVR,-0.584338081095521
C. elegans,RIH,RMED,0.8521579982911469
C. elegans,RIH,RMEL,0.4770048846447124
C. elegans,RIH,RMER,0.2412525749946388
C. elegans,RIH,RMEV,0.5529492694106957
C. elegans,RIH,RMGL,-0.4754169055788756
C. elegans,RIH,SAADL,-0.576848051799294
C. elegans,RIH,SAADR,0.034755893139490186
C. elegans,RIH,SAAVL,0.23535939795678484
C. elegans,RIH,SAAVR,-0.45497102570609327
C. elegans,RIH,SMBVR,0.7802496856676566
C. elegans,RIH,SMDDL,-0.26592181416673344
C. elegans,RIH,SMDDR,0.6099254398211124
C. elegans,RIH,SMDVL,0.567347787424712
C. elegans,RIH,SMDVR,0.9261647665122551
C. elegans,RIH,URADL,-0.643533791623866
C. elegans,RIH,URADR,-0.39895754921827314
C. elegans,RIH,URAVL,-0.8023766853547566
C. elegans,RIH,URAVR,-0.4153345682855048
C. elegans,RIH,URBL,-0.253916609753769
C. elegans,RIH,URBR,0.21284569741774959
C. elegans,RIH,URXL,-0.2953786401155141
C. elegans,RIH,URXR,-0.9346185585875153
C. elegans,RIH,URYDL,0.06684080559942077
C. elegans,RIH,URYDR,0.10076783179940035
C. elegans,RIH,URYVL,0.25722533474228787
C. elegans,RIH,URYVR,-0.8062485128037183
C. elegans,RIML,RIMR,0.9899018346031127
C. elegans,RIML,RIR,0.029354157835639293
C. elegans,RIML,RIS,0.6109112870174565
C. elegans,RIML,RIVL,0.3730666270258183
C. elegans,RIML,RIVR,0.3521053969844382
C. elegans,RIML,RMDDL,0.08080604809576791
C. elegans,RIML,RMDDR,-0.7328141131910293
C. elegans,RIML,RMDL,0.41228044705161476
C. elegans,RIML,RMDR,-0.38172241356329456
C. elegans,RIML,RMDVL,-0.24842538935460076
C. elegans,RIML,RMDVR,-0.8668893233256467
C. elegans,RIML,RMED,0.2360148865333537
C. elegans,RIML,RMEL,0.8612905867846083
C. elegans,RIML,RMER,0.7829784755602379
C. elegans,RIML,RMEV,0.501558883945163
C. elegans,RIML,RMGL,-0.6791936933894092
C. elegans,RIML,SAADL,0.7019035451732435
C. elegans,RIML,SAADR,0.30655087912353346
C. elegans,RIML,SAAVL,0.046922188214464
C. elegans,RIML,SAAVR,0.21766462480186657
C. elegans,RIML,SMBVR,0.6209476369108189
C. elegans,RIML,SMDDL,0.9318011093715913
C. elegans,RIML,SMDDR,0.2011763402484714
C. elegans,RIML,SMDVL,0.739863131620218
C. elegans,RIML,SMDVR,0.4072568505580838
C. elegans,RIML,URADL,-0.8049109542973256
C. elegans,RIML,URADR,-0.8654927542458699
C. elegans,RIML,URAVL,-0.4615300845449054
C. elegans,RIML,URAVR,-0.5747249321660024
C. elegans,RIML,URBL,-0.606880761157375
C. elegans,RIML,URBR,-0.9371664305724872
C. elegans,RIML,URXL,0.4887763598337209
C. elegans,RIML,URXR,-0.3574005988430065
C. elegans,RIML,URYDL,0.5255747645752893
C. elegans,RIML,URYDR,-0.6267642845992173
C. elegans,RIML,URYVL,0.7566184945393427
C. elegans,RIML,URYVR,-0.6218166973295246
C. elegans,RIMR,RIR,0.17046766139858052
C. elegans,RIMR,RIS,0.6302300917419993
C. elegans,RIMR,RIVL,0.444493670561898
C. elegans,RIMR,RIVR,0.41969245211689515
C. elegans,RIMR,RMDDL,-0.03901915095360971
C. elegans,RIMR,RMDDR,-0.758855206649274
C. elegans,RIMR,RMDL,0.42837769190655073
C. elegans,RIMR,RMDR,-0.3954432497256037
C. elegans,RIMR,RMDVL,-0.3816601021991492
C. elegans,RIMR,RMDVR,-0.9133427052798774
C. elegans,RIMR,RMED,0.28013287182767044
C. elegans,RIMR,RMEL,0.8664939973848763
C. elegans,RIMR,RMER,0.73907253345786
C. elegans,RIMR,RMEV,0.48891071640578637
C. elegans,RIMR,RMGL,-0.662515977901212
C. elegans,RIMR,SAADL,0.6489358623690016
C. elegans,RIMR,SAADR,0.38913521795475947
C. elegans,RIMR,SAAVL,0.1589762102877079
C. elegans,RIMR,SAAVR,0.23895012838841714
C. elegans,RIMR,SMBVR,0.7214645454989886
C. elegans,RIMR,SMDDL,0.8819263198330007
C. elegans,RIMR,SMDDR,0.19432002924229522
C. elegans,RIMR,SMDVL,0.7458146721440644
C. elegans,RIMR,SMDVR,0.5194809642862676
C. elegans,RIMR,URADL,-0.8423322739799806
C. elegans,RIMR,URADR,-0.8559519720046926
C. elegans,RIMR,URAVL,-0.4991440026376518
C. elegans,RIMR,URAVR,-0.5423843731347597
C. elegans,RIMR,URBL,-0.6910410189784998
C. elegans,RIMR,URBR,-0.9079675389748845
C. elegans,RIMR,URXL,0.37399447621242593
C. elegans,RIMR,URXR,-0.474373759507006
C. elegans,RIMR,URYDL,0.4454980567903691
C. elegans,RIMR,URYDR,-0.6704779646500088
C. elegans,RIMR,URYVL,0.7125493298152714
C. elegans,RIMR,URYVR,-0.7187191579129347
C. elegans,RIR,RIS,0.14856637047274596
C. elegans,RIR,RIVL,0.49200310042623024
C. elegans,RIR,RIVR,0.461053501717082
C. elegans,RIR,RMDDL,-0.801173803073962
C. elegans,RIR,RMDDR,-0.21650719367173207
C. elegans,RIR,RMDL,0.09781055655805346
C. elegans,RIR,RMDR,-0.19278080627374095
C. elegans,RIR,RMDVL,-0.953334206011132
C. elegans,RIR,RMDVR,-0.3942898096852088
C. elegans,RIR,RMED,0.27635692563359204
C. elegans,RIR,RMEL,0.09159517457495431
C. elegans,RIR,RMER,-0.26624516345196986
C. elegans,RIR,RMEV,-0.09321936763671773
C. elegans,RIR,RMGL,0.09534602758056857
C. elegans,RIR,SAADL,-0.26216218715133494
C. elegans,RIR,SAADR,0.6584299787463813
C. elegans,RIR,SAAVL,0.8315929768584112
C. elegans,RIR,SAAVR,0.23244481700408942
C. elegans,RIR,SMBVR,0.7560297766797887
C. elegans,RIR,SMDDL,-0.24324431153183373
C. elegans,RIR,SMDDR,-0.0899241238144272
C. elegans,RIR,SMDVL,0.07407954982847195
C. elegans,RIR,SMDVR,0.8053198328085542
C. elegans,RIR,URADL,-0.31264121179563187
C. elegans,RIR,URADR,0.01188932400711839
C. elegans,RIR,URAVL,-0.25823816339470185
C. elegans,RIR,URAVR,0.22022989430452128
C. elegans,RIR,URBL,-0.6832503865463848
C. elegans,RIR,URBR,0.09115338947437705
C. elegans,RIR,URXL,-0.7840034003443294
C. elegans,RIR,URXR,-0.8346930532514564
C. elegans,RIR,URYDL,-0.5529362332447166
C. elegans,RIR,URYDR,-0.4144702599098179
C. elegans,RIR,URYVL,-0.27215126806781076
C. elegans,RIR,URYVR,-0.7261063691145612
C. elegans,RIS,RIVL,0.9101887020249555
C. elegans,RIS,RIVR,0.9144646178763602
C. elegans,RIS,RMDDL,-0.5158119308194636
C. elegans,RIS,RMDDR,-0.9821797442662881
C. elegans,RIS,RMDL,0.971302789642904
C. elegans,RIS,RMDR,0.45069565501108605
C. elegans,RIS,RMDVL,-0.4364646721171534
C. elegans,RIS,RMDVR,-0.8395324177947813
C. elegans,RIS,RMED,0.9084150713774649
C. elegans,RIS,RMEL,0.9281995851278763
C. elegans,RIS,RMER,0.8704858049254062
C. elegans,RIS,RMEV,0.9625326423266117
C. elegans,RIS,RMGL,-0.9658373252377274
C. elegans,RIS,SAADL,-0.11859276207374717
C. elegans,RIS,SAADR,-0.27098833550914025
C. elegans,RIS,SAAVL,-0.2960964334059814
C. elegans,RIS,SAAVR,-0.5788456085769179
C. elegans,RIS,SMBVR,0.6818112391502763
C. elegans,RIS,SMDDL,0.3450717617133402
C. elegans,RIS,SMDDR,0.8715729465802212
C. elegans,RIS,SMDVL,0.9825562890638417
C. elegans,RIS,SMDVR,0.7053508733699909
C. elegans,RIS,URADL,-0.9341363149661137
C. elegans,RIS,URADR,-0.9139149180078141
C. elegans,RIS,URAVL,-0.9797518149287134
C. elegans,RIS,URAVR,-0.9316699725564861
C. elegans,RIS,URBL,-0.11873245565021258
C. elegans,RIS,URBR,-0.30084603020617956
C. elegans,RIS,URXL,0.4682723414860403
C. elegans,RIS,URXR,-0.6685770528751488
C. elegans,RIS,URYDL,0.7408939607829819
C. elegans,RIS,URYDR,0.0892115662515154
C. elegans,RIS,URYVL,0.879581714893603
C. elegans,RIS,URYVR,-0.7335735045436353
C. elegans,RIVL,RIVR,0.9989565463563975
C. elegans,RIVL,RMDDL,-0.8241524285737742
C. elegans,RIVL,RMDDR,-0.8843497433675002
C. elegans,RIVL,RMDL,0.9145419357381154
C. elegans,RIVL,RMDR,0.48903264405998254
C. elegans,RIVL,RMDVL,-0.711729311388023
C. elegans,RIVL,RMDVR,-0.7668611595683946
C. elegans,RIVL,RMED,0.9583422565690938
C. elegans,RIVL,RMEL,0.7528452208700568
C. elegans,RIVL,RMER,0.5896427722486989
C. elegans,RIVL,RMEV,0.8160172575587543
C. elegans,RIVL,RMGL,-0.7728435119386157
C. elegans,RIVL,SAADL,-0.39280799451660675
C. elegans,RIVL,SAADR,-0.12474985071623557
C. elegans,RIVL,SAAVL,-0.02295857175256564
C. elegans,RIVL,SAAVR,-0.5630977433472157
C. elegans,RIVL,SMBVR,0.7961535312791022
C. elegans,RIVL,SMDDL,0.025548233257986934
C. elegans,RIVL,SMDDR,0.8021935320243156
C. elegans,RIVL,SMDVL,0.8332583909235147
C. elegans,RIVL,SMDVR,0.8923351354157467
C. elegans,RIVL,URADL,-0.8504761029562842
C. elegans,RIVL,URADR,-0.7011712257125179
C. elegans,RIVL,URAVL,-0.9663622566394974
C. elegans,RIVL,URAVR,-0.7215229358332477
C. elegans,RIVL,URBL,-0.20239167209240463
C. elegans,RIVL,URBR,-0.03226358811124286
C. elegans,RIVL,URXL,0.0763699744050927
C. elegans,RIVL,URXR,-0.878070230117876
C. elegans,RIVL,URYDL,0.4243925477851979
C. elegans,RIVL,URYDR,0.10768653421877214
C. elegans,RIVL,URYVL,0.6036187608254986
C. elegans,RIVL,URYVR,-0.8380804600382212
C. elegans,RIVR,RMDDL,-0.8173337008078863
C. elegans,RIVR,RMDDR,-0.8806398793850685
C. elegans,RIVR,RMDL,0.9277463988161162
C. elegans,RIVR,RMDR,0.526974696509376
C. elegans,RIVR,RMDVL,-0.683357812078999
C. elegans,RIVR,RMDVR,-0.7465264094012948
C. elegans,RIVR,RMED,0.9703807592801962
C. elegans,RIVR,RMEL,0.7463571520290484
C. elegans,RIVR,RMER,0.5968545529751786
C. elegans,RIVR,RMEV,0.8319181413916327
C. elegans,RIVR,RMGL,-0.7816448962814063
C. elegans,RIVR,SAADL,-0.4165559526203327
C. elegans,RIVR,SAADR,-0.16964327315649508
C. elegans,RIVR,SAAVL,-0.06410593876579723
C. elegans,RIVR,SAAVR,-0.6001161206423199
C. elegans,RIVR,SMBVR,0.767849010428561
C. elegans,RIVR,SMDDL,0.007714602754175797
C. elegans,RIVR,SMDDR,0.8271631761033119
C. elegans,RIVR,SMDVL,0.8342393355912355
C. elegans,RIVR,SMDVR,0.8718912767156414
C. elegans,RIVR,URADL,-0.8387972987171242
C. elegans,RIVR,URADR,-0.6976265490862615
C. elegans,RIVR,URAVL,-0.9722431062626912
C. elegans,RIVR,URAVR,-0.737786023414634
C. elegans,RIVR,URBL,-0.1577645565074588
C. elegans,RIVR,URBR,-0.007379135472195524
C. elegans,RIVR,URXL,0.09982345600148526
C. elegans,RIVR,URXR,-0.8573779889844045
C. elegans,RIVR,URYDL,0.44768916380847523
C. elegans,RIVR,URYDR,0.15093434176437964
C. elegans,RIVR,URYVL,0.6124319657771953
C. elegans,RIVR,URYVR,-0.8125706943572022
C. elegans,RMDDL,RMDDR,0.48172539321244146
C. elegans,RMDDL,RMDL,-0.5700820130606448
C. elegans,RMDDL,RMDR,-0.41883267875674324
C. elegans,RMDDL,RMDVL,0.862273744494502
C. elegans,RMDDL,RMDVR,0.4240916239055959
C. elegans,RMDDL,RMED,-0.747757716648894
C. elegans,RMDDL,RMEL,-0.28058141488838834
C. elegans,RMDDL,RMER,-0.02859977889708553
C. elegans,RMDDL,RMEV,-0.37845552495946483
C. elegans,RMDDL,RMGL,0.27952175962323733
C. elegans,RMDDL,SAADL,0.6693208308725103
C. elegans,RMDDL,SAADR,-0.08761941727644261
C. elegans,RMDDL,SAAVL,-0.33690252293642275
C. elegans,RMDDL,SAAVR,0.3952659611096168
C. elegans,RMDDL,SMBVR,-0.6986529884680286
C. elegans,RMDDL,SMDDL,0.43539500276141474
C. elegans,RMDDL,SMDDR,-0.4811156538791682
C. elegans,RMDDL,SMDVL,-0.3775513732254951
C. elegans,RMDDL,SMDVR,-0.8714049990056968
C. elegans,RMDDL,URADL,0.4727411802356754
C. elegans,RMDDL,URADR,0.19442191722569288
C. elegans,RMDDL,URAVL,0.6619461231454159
C. elegans,RMDDL,URAVR,0.22439101465892525
C. elegans,RMDDL,URBL,0.23028698231590314
C. elegans,RMDDL,URBR,-0.3644772994537431
C. elegans,RMDDL,URXL,0.4747451379799248
C. elegans,RMDDL,URXR,0.8924247375265222
C. elegans,RMDDL,URYDL,0.12667723713018342
C. elegans,RMDDL,URYDR,-0.12746704347098112
C. elegans,RMDDL,URYVL,-0.04612545545318538
C. elegans,RMDDL,URYVR,0.7161134847499924
C. elegans,RMDDR,RMDL,-0.910101643504559
C. elegans,RMDDR,RMDR,-0.27558376703495735
C. elegans,RMDDR,RMDVL,0.5010964625417825
C. elegans,RMDDR,RMDVR,0.9257405286782182
C. elegans,RMDDR,RMED,-0.8341302312275065
C. elegans,RMDDR,RMEL,-0.9724930701083735
C. elegans,RMDDR,RMER,-0.8762819618671314
C. elegans,RMDDR,RMEV,-0.9060155046859192
C. elegans,RMDDR,RMGL,0.9477215294251878
C. elegans,RMDDR,SAADL,-0.03306414077058933
C. elegans,RMDDR,SAADR,0.10206611086391147
C. elegans,RMDDR,SAAVL,0.16532468406882136
C. elegans,RMDDR,SAAVR,0.415294467871673
C. elegans,RMDDR,SMBVR,-0.7710082092969214
C. elegans,RMDDR,SMDDL,-0.47241376284136827
C. elegans,RMDDR,SMDDR,-0.7641938588471624
C. elegans,RMDDR,SMDVL,-0.9896164038664342
C. elegans,RMDDR,SMDVR,-0.7478266896856792
C. elegans,RMDDR,URADL,0.9840426736834227
C. elegans,RMDDR,URADR,0.9525924274466101
C. elegans,RMDDR,URAVL,0.9418030014348372
C. elegans,RMDDR,URAVR,0.8854431765710451
C. elegans,RMDDR,URBL,0.29157609819155467
C. elegans,RMDDR,URBR,0.4497567286146752
C. elegans,RMDDR,URXL,-0.43116096347348587
C. elegans,RMDDR,URXR,0.7086708760990431
C. elegans,RMDDR,URYDL,-0.686733902183839
C. elegans,RMDDR,URYDR,0.09924005506550383
C. elegans,RMDDR,URYVL,-0.8775607848161933
C. elegans,RMDDR,URYVR,0.8118383629396193
C. elegans,RMDL,RMDR,0.6490282432556755
C. elegans,RMDL,RMDVL,-0.3705990996078172
C. elegans,RMDL,RMDVR,-0.6930472813398847
C. elegans,RMDL,RMED,0.9672201498793237
C. elegans,RMDL,RMEL,0.8177014894459131
C. elegans,RMDL,RMER,0.7974458433682997
C. elegans,RMDL,RMEV,0.9760645370800402
C. elegans,RMDL,RMGL,-0.9275690834344039
C. elegans,RMDL,SAADL,-0.3277772395056993
C. elegans,RMDL,SAADR,-0.4488511262706244
C. elegans,RMDL,SAAVL,-0.41276465693549186
C. elegans,RMDL,SAAVR,-0.7520434031025246
C. elegans,RMDL,SMBVR,0.5585852571694173
C. elegans,RMDL,SMDDL,0.1416468397629774
C. elegans,RMDL,SMDDR,0.9589242320570073
C. elegans,RMDL,SMDVL,0.9178699067290733
C. elegans,RMDL,SMDVR,0.6457969212699944
C. elegans,RMDL,URADL,-0.8266433240502175
C. elegans,RMDL,URADR,-0.8067066255184306
C. elegans,RMDL,URAVL,-0.9846627319890645
C. elegans,RMDL,URAVR,-0.9269952375671622
C. elegans,RMDL,URBL,0.08651567399483304
C. elegans,RMDL,URBR,-0.07863786769902383
C. elegans,RMDL,URXL,0.4513676723810761
C. elegans,RMDL,URXR,-0.6158674444063555
C. elegans,RMDL,URYDL,0.7419000869075564
C. elegans,RMDL,URYDR,0.3161710486279899
C. elegans,RMDL,URYVL,0.8161888408531932
C. elegans,RMDL,URYVR,-0.6204327125407781
C. elegans,RMDR,RMDVL,0.07988861273784224
C. elegans,RMDR,RMDVR,0.09419179369691558
C. elegans,RMDR,RMED,0.7070355520867899
C. elegans,RMDR,RMEL,0.11571053138495006
C. elegans,RMDR,RMER,0.2527117200176887
C. elegans,RMDR,RMEV,0.6060469137785823
C. elegans,RMDR,RMGL,-0.4185745468728956
C. elegans,RMDR,SAADL,-0.808948164251384
C. elegans,RMDR,SAADR,-0.8654553226174339
C. elegans,RMDR,SAAVL,-0.6716926284815503
C. elegans,RMDR,SAAVR,-0.9846188476017118
C. elegans,RMDR,SMBVR,-0.13202302195569443
C. elegans,RMDR,SMDDL,-0.5256330056459019
C. elegans,RMDR,SMDDR,0.8240820438507628
C. elegans,RMDR,SMDVL,0.3158975405925149
C. elegans,RMDR,SMDVR,0.1098525021508084
C. elegans,RMDR,URADL,-0.10983118721845155
C. elegans,RMDR,URADR,-0.12909897358388606
C. elegans,RMDR,URAVL,-0.5520980696873199
C. elegans,RMDR,URAVR,-0.5334925799113749
C. elegans,RMDR,URBL,0.7460634615423313
C. elegans,RMDR,URBR,0.6334806747656696
C. elegans,RMDR,URXL,0.27658074678775085
C. elegans,RMDR,URXR,-0.11126986804576196
C. elegans,RMDR,URYDL,0.4761553308440951
C. elegans,RMDR,URYDR,0.9192671223014088
C. elegans,RMDR,URYVL,0.2937323258641988
C. elegans,RMDR,URYVR,0.06290768683416645
C. elegans,RMDVL,RMDVR,0.6337111043251021
C. elegans,RMDVL,RMED,-0.5062533284955818
C. elegans,RMDVL,RMEL,-0.3806302490130046
C. elegans,RMDVL,RMER,-0.03419694616254543
C. elegans,RMDVL,RMEV,-0.19938580447714255
C. elegans,RMDVL,RMGL,0.2090330939611276
C. elegans,RMDVL,SAADL,0.2281574831160375
C. elegans,RMDVL,SAADR,-0.5476364474242692
C. elegans,RMDVL,SAAVL,-0.6833274250667576
C. elegans,RMDVL,SAAVR,-0.0723384973748391
C. elegans,RMDVL,SMBVR,-0.9072527756979222
C. elegans,RMDVL,SMDDL,0.0745894886868995
C. elegans,RMDVL,SMDDR,-0.16025324494820667
C. elegans,RMDVL,SMDVL,-0.3716799081180339
C. elegans,RMDVL,SMDVR,-0.9455481105532674
C. elegans,RMDVL,URADL,0.5804643880241352
C. elegans,RMDVL,URADR,0.2826993884642793
C. elegans,RMDVL,URAVL,0.5221640802227837
C. elegans,RMDVL,URAVR,0.0797734714437265
C. elegans,RMDVL,URBL,0.6913113909400342
C. elegans,RMDVL,URBR,0.05281261021789729
C. elegans,RMDVL,URXL,0.5621299116955122
C. elegans,RMDVL,URXR,0.9596279378774275
C. elegans,RMDVL,URYDL,0.27710842685938386
C. elegans,RMDVL,URYDR,0.3923818329452598
C. elegans,RMDVL,URYVL,-0.029620589071973843
C. elegans,RMDVL,URYVR,0.8936741616333796
C. elegans,RMDVR,RMED,-0.6169842440394097
C. elegans,RMDVR,RMEL,-0.9399711139536551
C. elegans,RMDVR,RMER,-0.7565473883499977
C. elegans,RMDVR,RMEV,-0.6826454681781492
C. elegans,RMDVR,RMGL,0.7891742048783903
C. elegans,RMDVR,SAADL,-0.2849889861207869
C. elegans,RMDVR,SAADR,-0.27233452818250403
C. elegans,RMDVR,SAAVL,-0.16116295405532485
C. elegans,RMDVR,SAAVR,0.046091064269131884
C. elegans,RMDVR,SMBVR,-0.8990867289285315
C. elegans,RMDVR,SMDDL,-0.626834361376851
C. elegans,RMDVR,SMDDR,-0.4657644835679657
C. elegans,RMDVR,SMDVL,-0.8855142677354025
C. elegans,RMDVR,SMDVR,-0.7973746009513922
C. elegans,RMDVR,URADL,0.9781430980283555
C. elegans,RMDVR,URADR,0.9039470727159717
C. elegans,RMDVR,URAVL,0.7762206535916905
C. elegans,RMDVR,URAVR,0.6732066337750922
C. elegans,RMDVR,URBL,0.6262277308535472
C. elegans,RMDVR,URBR,0.658655820789051
C. elegans,RMDVR,URXL,-0.2466320334618937
C. elegans,RMDVR,URXR,0.7610966755890873
C. elegans,RMDVR,URYDL,-0.4578992838559682
C. elegans,RMDVR,URYDR,0.4646698317428273
C. elegans,RMDVR,URYVL,-0.7429064017762443
C. elegans,RMDVR,URYVR,0.9124558380935492
C. elegans,RMED,RMEL,0.6914817203954786
C. elegans,RMED,RMER,0.6209007120617598
C. elegans,RMED,RMEV,0.8906452195965342
C. elegans,RMED,RMGL,-0.8059368205058669
C. elegans,RMED,SAADL,-0.5208846522287602
C. elegans,RMED,SAADR,-0.40197592750465766
C. elegans,RMED,SAAVL,-0.2831401003259469
C. elegans,RMED,SAAVR,-0.7741037028335908
C. elegans,RMED,SMBVR,0.5918188688505762
C. elegans,RMED,SMDDL,-0.07878734420048424
C. elegans,RMED,SMDDR,0.9317786284169338
C. elegans,RMED,SMDVL,0.8149300188148149
C. elegans,RMED,SMDVR,0.7319162153212565
C. elegans,RMED,URADL,-0.7516951031283787
C. elegans,RMED,URADR,-0.6605822322975394
C. elegans,RMED,URAVL,-0.9709897969445581
C. elegans,RMED,URAVR,-0.8029306358226195
C. elegans,RMED,URBL,0.08267943013047765
C. elegans,RMED,URBR,0.11710006934359647
C. elegans,RMED,URXL,0.22775097039292755
C. elegans,RMED,URXR,-0.7160923245950843
C. elegans,RMED,URYDL,0.5615851843706441
C. elegans,RMED,URYDR,0.37166895379018977
C. elegans,RMED,URYVL,0.6442278082478282
C. elegans,RMED,URYVR,-0.6498851504340364
C. elegans,RMEL,RMER,0.9325748516132172
C. elegans,RMEL,RMEV,0.8572326074043873
C. elegans,RMEL,RMGL,-0.9424799412607452
C. elegans,RMEL,SAADL,0.25647263495275624
C. elegans,RMEL,SAADR,-0.04330089888428038
C. elegans,RMEL,SAAVL,-0.18403771064672297
C. elegans,RMEL,SAAVR,-0.2758279430988572
C. elegans,RMEL,SMBVR,0.7166882084022577
C. elegans,RMEL,SMDDL,0.6627885622503021
C. elegans,RMEL,SMDDR,0.658005768367969
C. elegans,RMEL,SMDVL,0.978593851000731
C. elegans,RMEL,SMDVR,0.6310487684926528
C. elegans,RMEL,URADL,-0.9734873940632361
C. elegans,RMEL,URADR,-0.9946102886282596
C. elegans,RMEL,URAVL,-0.8433009249333517
C. elegans,RMEL,URAVR,-0.8738238606883122
C. elegans,RMEL,URBL,-0.34814365182844514
C. elegans,RMEL,URBR,-0.6340303858287978
C. elegans,RMEL,URXL,0.54480042940066
C. elegans,RMEL,URXR,-0.5834786813129245
C. elegans,RMEL,URYDL,0.7337392660662035
C. elegans,RMEL,URYDR,-0.22811945750086923
C. elegans,RMEL,URYVL,0.9262211930766964
C. elegans,RMEL,URYVR,-0.7510275430389614
C. elegans,RMER,RMEV,0.8966141147383756
C. elegans,RMER,RMGL,-0.9643021466429168
C. elegans,RMER,SAADL,0.2714753095176733
C. elegans,RMER,SAADR,-0.3310248359379849
C. elegans,RMER,SAAVL,-0.509163758658449
C. elegans,RMER,SAAVR,-0.4178356463775279
C. elegans,RMER,SMBVR,0.4178855588488673
C. elegans,RMER,SMDDL,0.674771069518642
C. elegans,RMER,SMDDR,0.722063060359653
C. elegans,RMER,SMDVL,0.9334708710939165
C. elegans,RMER,SMDVR,0.3380255762748516
C. elegans,RMER,URADL,-0.8319060233542065
C. elegans,RMER,URADR,-0.9635262255330354
C. elegans,RMER,URAVL,-0.7600673686284057
C. elegans,RMER,URAVR,-0.9499128821949385
C. elegans,RMER,URBL,-0.04346474577663628
C. elegans,RMER,URBR,-0.587481947119249
C. elegans,RMER,URXL,0.8070724007355123
C. elegans,RMER,URXR,-0.2827652492402506
C. elegans,RMER,URYDL,0.9245045734471788
C. elegans,RMER,URYDR,-0.006634203676214986
C. elegans,RMER,URYVL,0.9990905361305918
C. elegans,RMER,URYVR,-0.4661257524530592
C. elegans,RMEV,RMGL,-0.9752826579130813
C. elegans,RMEV,SAADL,-0.17850174502503027
C. elegans,RMEV,SAADR,-0.513507567856185
C. elegans,RMEV,SAAVL,-0.5424854490238686
C. elegans,RMEV,SAAVR,-0.7302273999752918
C. elegans,RMEV,SMBVR,0.45818690827807407
C. elegans,RMEV,SMDDL,0.28904730914319987
C. elegans,RMEV,SMDDR,0.9480261978358475
C. elegans,RMEV,SMDVL,0.9411410012535273
C. elegans,RMEV,SMDVR,0.5064027916103696
C. elegans,RMEV,URADL,-0.8172757918709416
C. elegans,RMEV,URADR,-0.8668999056916749
C. elegans,RMEV,URAVL,-0.9369542629015831
C. elegans,RMEV,URAVR,-0.98615208689295
C. elegans,RMEV,URBL,0.14018234155227888
C. elegans,RMEV,URBR,-0.20126783361411196
C. elegans,RMEV,URXL,0.6326623860134252
C. elegans,RMEV,URXR,-0.46669032740012445
C. elegans,RMEV,URYDL,0.8681914431950357
C. elegans,RMEV,URYDR,0.30433525349895346
C. elegans,RMEV,URYVL,0.9123864173840067
C. elegans,RMEV,URYVR,-0.5224802419698592
C. elegans,RMGL,SAADL,-0.0355361601526398
C. elegans,RMGL,SAADR,0.3709469883709972
C. elegans,RMGL,SAAVL,0.46615821287555775
C. elegans,RMGL,SAAVR,0.5664548404479722
C. elegans,RMGL,SMBVR,-0.5278433585676293
C. elegans,RMGL,SMDDL,-0.48883832969653157
C. elegans,RMGL,SMDDR,-0.8543074726286348
C. elegans,RMGL,SMDVL,-0.9826303119858121
C. elegans,RMGL,SMDVR,-0.5125869635633309
C. elegans,RMGL,URADL,0.8889461219912164
C. elegans,RMGL,URADR,0.9542201380929545
C. elegans,RMGL,URAVL,0.903293372408271
C. elegans,RMGL,URAVR,0.9854132299249995
C. elegans,RMGL,URBL,0.020701264231423447
C. elegans,RMGL,URBR,0.4124149873362622
C. elegans,RMGL,URXL,-0.6784908671736697
C. elegans,RMGL,URXR,0.4655611191810505
C. elegans,RMGL,URYDL,-0.8812365917872537
C. elegans,RMGL,URYDR,-0.10632892373575298
C. elegans,RMGL,URYVL,-0.971006071216759
C. elegans,RMGL,URYVR,0.5830814508794311
C. elegans,SAADL,SAADR,0.4860977644904643
C. elegans,SAADL,SAAVL,0.16072502237403324
C. elegans,SAADL,SAAVR,0.7094536320312465
C. elegans,SAADL,SMBVR,0.05458295671306476
C. elegans,SAADL,SMDDL,0.8886689856184827
C. elegans,SAADL,SMDDR,-0.4689205354730183
C. elegans,SAADL,SMDVL,0.06605656456548731
C. elegans,SAADL,SMDVR,-0.23404499426958636
C. elegans,SAADL,URADL,-0.14444459072740928
C. elegans,SAADL,URADR,-0.2915114095586797
C. elegans,SAADL,URAVL,0.3026861483071899
C. elegans,SAADL,URAVR,0.04147390482907276
C. elegans,SAADL,URBL,-0.5214618627761374
C. elegans,SAADL,URBR,-0.9058342468113765
C. elegans,SAADL,URXL,0.33958729100526147
C. elegans,SAADL,URXR,0.26910355022476906
C. elegans,SAADL,URYDL,0.11609282960579793
C. elegans,SAADL,URYDR,-0.766418943066968
C. elegans,SAADL,URYVL,0.2327678447590592
C. elegans,SAADL,URYVR,-0.017501864955208894
C. elegans,SAADR,SAAVL,0.9400424429699281
C. elegans,SAADR,SAAVR,0.874133620047142
C. elegans,SAADR,SMBVR,0.4863944980142175
C. elegans,SAADR,SMDDL,0.2779535175048243
C. elegans,SAADR,SMDDR,-0.6787544039974558
C. elegans,SAADR,SMDVL,-0.20572943788535764
C. elegans,SAADR,SMDVR,0.32620316137576294
C. elegans,SAADR,URADL,-0.07413626375317642
C. elegans,SAADR,URADR,0.10641216608465176
C. elegans,SAADR,URAVL,0.29262176024014747
C. elegans,SAADR,URAVR,0.5227591888257882
C. elegans,SAADR,URBL,-0.9205936331097659
C. elegans,SAADR,URBR,-0.43837047408889357
C. elegans,SAADR,URXL,-0.6132356378095295
C. elegans,SAADR,URXR,-0.3401819509682539
C. elegans,SAADR,URYDL,-0.6485217782520035
C. elegans,SAADR,URYDR,-0.9163036859171698
C. elegans,SAADR,URYVL,-0.3654889630351174
C. elegans,SAADR,URYVR,-0.41806512218906045
C. elegans,SAAVL,SAAVR,0.7249333559892577
C. elegans,SAAVL,SMBVR,0.49579693961627724
C. elegans,SAAVL,SMDDL,-0.04695040457343564
C. elegans,SAAVL,SMDDR,-0.6111616430746892
C. elegans,SAAVL,SMDVL,-0.29397415780680286
C. elegans,SAAVL,SMDVR,0.42759556106402064
C. elegans,SAAVL,URADL,0.009637835373259834
C. elegans,SAAVL,URADR,0.26758241994586185
C. elegans,SAAVL,URAVL,0.24820029818723796
C. elegans,SAAVL,URAVR,0.6046755785478077
C. elegans,SAAVL,URBL,-0.822344716790102
C. elegans,SAAVL,URBR,-0.1274251194221576
C. elegans,SAAVL,URXL,-0.8352069111475746
C. elegans,SAAVL,URXR,-0.45823344744007244
C. elegans,SAAVL,URYDL,-0.7987777906090908
C. elegans,SAAVL,URYDR,-0.7308409110055779
C. elegans,SAAVL,URYVL,-0.5330510251789059
C. elegans,SAAVL,URYVR,-0.43176009455042946
C. elegans,SAAVR,SMBVR,0.051597300097783794
C. elegans,SAAVR,SMDDL,0.3711651810395346
C. elegans,SAAVR,SMDDR,-0.9034770619034677
C. elegans,SAAVR,SMDVL,-0.46392906147314833
C. elegans,SAAVR,SMDVR,-0.16087200672620297
C. elegans,SAAVR,URADL,0.251408095035953
C. elegans,SAAVR,URADR,0.294335290367422
C. elegans,SAAVR,URAVL,0.6537676989883401
C. elegans,SAAVR,URAVR,0.6721794547145344
C. elegans,SAAVR,URBL,-0.694885097123939
C. elegans,SAAVR,URBR,-0.4886245281743938
C. elegans,SAAVR,URXL,-0.4074754114418298
C. elegans,SAAVR,URXR,0.152164630259308
C. elegans,SAAVR,URYDL,-0.6150270387642739
C. elegans,SAAVR,URYDR,-0.8630658567443003
C. elegans,SAAVR,URYVL,-0.45619183105665156
C. elegans,SAAVR,URYVR,0.02204567871682754
C. elegans,SMBVR,SMDDL,0.3149918772607824
C. elegans,SMBVR,SMDDR,0.3113435638564347
C. elegans,SMBVR,SMDVL,0.675031577810438
C. elegans,SMBVR,SMDVR,0.9579454916847983
C. elegans,SMBVR,URADL,-0.8499356736676084
C. elegans,SMBVR,URADR,-0.6416726657287665
C. elegans,SMBVR,URAVL,-0.6922311269676122
C. elegans,SMBVR,URAVR,-0.38841961602577424
C. elegans,SMBVR,URBL,-0.75367942667573
C. elegans,SMBVR,URBR,-0.407755228361353
C. elegans,SMBVR,URXL,-0.19343361997111064
C. elegans,SMBVR,URXR,-0.9462621484187523
C. elegans,SMBVR,URYDL,0.07360316831889932
C. elegans,SMBVR,URYDR,-0.5046542821930774
C. elegans,SMBVR,URYVL,0.40646838683866104
C. elegans,SMBVR,URYVR,-0.9970567860806621
C. elegans,SMDDL,SMDDR,-0.02229696815290586
C. elegans,SMDDL,SMDVL,0.5130539511524472
C. elegans,SMDDL,SMDVR,0.05536319307144016
C. elegans,SMDDL,URADL,-0.5464524596481257
C. elegans,SMDDL,URADR,-0.6957877972586802
C. elegans,SMDDL,URAVL,-0.1576174120958457
C. elegans,SMDDL,URAVR,-0.41037179772189236
C. elegans,SMDDL,URBL,-0.49025044802415185
C. elegans,SMDDL,URBR,-0.9847119252202753
C. elegans,SMDDL,URXL,0.5867983578839375
C. elegans,SMDDL,URXR,-0.003759803978232594
C. elegans,SMDDL,URYDL,0.4906545475373695
C. elegans,SMDDL,URYDR,-0.6389757583844181
C. elegans,SMDDL,URYVL,0.6435879550213546
C. elegans,SMDDL,URYVR,-0.30683638916076617
C. elegans,SMDDR,SMDVL,0.7976687557173094
C. elegans,SMDDR,SMDVR,0.4463266134152543
C. elegans,SMDDR,URADL,-0.6393645100066353
C. elegans,SMDDR,URADR,-0.6646616011594086
C. elegans,SMDDR,URAVL,-0.9006181916680305
C. elegans,SMDDR,URAVR,-0.9018810105394736
C. elegans,SMDDR,URBL,0.36499088982825273
C. elegans,SMDDR,URBR,0.11989699665275322
C. elegans,SMDDR,URXL,0.5170508267246395
C. elegans,SMDDR,URXR,-0.42042011437239285
C. elegans,SMDDR,URYDL,0.7771473827223282
C. elegans,SMDDR,URYDR,0.5659636115080102
C. elegans,SMDDR,URYVL,0.7495509094502739
C. elegans,SMDDR,URYVR,-0.38324028962373474
C. elegans,SMDVL,SMDVR,0.6459561995984555
C. elegans,SMDVL,URADL,-0.9582256660987787
C. elegans,SMDVL,URADR,-0.9734338357485555
C. elegans,SMDVL,URAVL,-0.9261983705966849
C. elegans,SMDVL,URAVR,-0.9381062798633188
C. elegans,SMDVL,URBL,-0.19267357583867062
C. elegans,SMDVL,URBR,-0.4671187320967792
C. elegans,SMDVL,URXL,0.5551930563671718
C. elegans,SMDVL,URXR,-0.6017969636573146
C. elegans,SMDVL,URYDL,0.7835058152305268
C. elegans,SMDVL,URYDR,-0.03446833704458666
C. elegans,SMDVL,URYVL,0.9359211105879433
C. elegans,SMDVL,URYVR,-0.72147461571735
C. elegans,SMDVR,URADL,-0.7914406405793665
C. elegans,SMDVR,URADR,-0.5485775784773012
C. elegans,SMDVR,URAVL,-0.7675436434091478
C. elegans,SMDVR,URAVR,-0.3996890468118427
C. elegans,SMDVR,URBL,-0.5793616957615848
C. elegans,SMDVR,URBR,-0.13920649433976887
C. elegans,SMDVR,URXL,-0.2762834970811456
C. elegans,SMDVR,URXR,-0.9981935046688756
C. elegans,SMDVR,URYDL,0.048673952045945816
C. elegans,SMDVR,URYDR,-0.266589677632061
C. elegans,SMDVR,URYVL,0.33818565653339067
C. elegans,SMDVR,URYVR,-0.9664308192860586
C. elegans,URADL,URADR,0.9447062359845899
C. elegans,URADL,URAVL,0.8841183998393106
C. elegans,URADL,URAVR,0.7998696847326026
C. elegans,URADL,URBL,0.45598668189792607
C. elegans,URADL,URBR,0.5500122889193234
C. elegans,URADL,URXL,-0.3443587551241184
C. elegans,URADL,URXR,0.7533635763404343
C. elegans,URADL,URYDL,-0.586550514055459
C. elegans,URADL,URYDR,0.27138721560163476
C. elegans,URADL,URYVL,-0.8263724444119606
C. elegans,URADL,URYVR,0.8785692669610777
C. elegans,URADR,URAVL,0.8162570360779645
C. elegans,URADR,URAVR,0.8975100592949296
C. elegans,URADR,URBL,0.2835280002741455
C. elegans,URADR,URBR,0.6516623268215556
C. elegans,URADR,URXL,-0.628155350223497
C. elegans,URADR,URXR,0.49765640665713506
C. elegans,URADR,URYDL,-0.7922067152334965
C. elegans,URADR,URYDR,0.19252190454307236
C. elegans,URADR,URYVL,-0.9574537509938413
C. elegans,URADR,URYVR,0.6788222958973538
C. elegans,URAVL,URAVR,0.8750194363122188
C. elegans,URAVL,URBL,0.07284613097951396
C. elegans,URAVL,URBR,0.12373576642388044
C. elegans,URAVL,URXL,-0.3293377228726374
C. elegans,URAVL,URXR,0.7407854919115423
C. elegans,URAVL,URYDL,-0.6429648515961833
C. elegans,URAVL,URYDR,-0.1858271497981174
C. elegans,URAVL,URYVL,-0.7748953809670353
C. elegans,URAVL,URYVR,0.7455187203183519
C. elegans,URAVR,URBL,-0.14917509097215678
C. elegans,URAVR,URBR,0.3098275108792604
C. elegans,URAVR,URXL,-0.7452537995395264
C. elegans,URAVR,URXR,0.35333834752018134
C. elegans,URAVR,URYDL,-0.9325669228482536
C. elegans,URAVR,URYDR,-0.25926187406643325
C. elegans,URAVR,URYVL,-0.9619303958033137
C. elegans,URAVR,URYVR,0.4513410827149898
C. elegans,URBL,URBR,0.6321550419224449
C. elegans,URBL,URXL,0.3874657162419451
C. elegans,URBL,URXR,0.575396256679362
C. elegans,URBL,URYDL,0.33432799093275767
C. elegans,URBL,URYDR,0.9354644615829995
C. elegans,URBL,URYVL,-0.00966416575413551
C. elegans,URBL,URYVR,0.7035966637471482
C. elegans,URBR,URXL,-0.43773895647091293
C. elegans,URBR,URXR,0.09316813979428336
C. elegans,URBR,URYDL,-0.35244918886967586
C. elegans,URBR,URYDR,0.7604534561429945
C. elegans,URBR,URYVL,-0.5525184524933112
C. elegans,URBR,URYVR,0.38895689383786597
C. elegans,URXL,URXR,0.32994301594823094
C. elegans,URXL,URYDL,0.9331362967012891
C. elegans,URXL,URYDR,0.2456124542715572
C. elegans,URXL,URYVL,0.8099176394033728
C. elegans,URXL,URYVR,0.14429066916406044
C. elegans,URXR,URYDL,0.0034570509250423896
C. elegans,URXR,URYDR,0.25645709531158795
C. elegans,URXR,URYVL,-0.28364206789099194
C. elegans,URXR,URYVR,0.9528438785460797
C. elegans,URYDL,URYDR,0.3204756172813577
C. elegans,URYDL,URYVL,0.9345362764700794
C. elegans,URYDL,URYVR,-0.1357893726667708
C. elegans,URYDR,URYVL,0.0341512025479562
C. elegans,URYDR,URYVR,0.4459414679645628
C. elegans,URYVL,URYVR,-0.4571794616761319
Drosophila,AL_L,AL_R,0.9763891920993873
Drosophila,AL_L,AME_L,-0.9531313890193667
Drosophila,AL_L,AME_R,-0.9502865351351191
Drosophila,AL_L,AMMC_L,-0.9746350007695106
Drosophila,AL_L,AMMC_R,-0.9853127559075227
Drosophila,AL_L,ATL_L,-0.962455032522347
Drosophila,AL_L,ATL_R,-0.8563074983753247
Drosophila,AL_L,AVLP_L,0.8663091144416136
Drosophila,AL_L,AVLP_R,0.5889119260989065
Drosophila,AL_L,CRE_L,0.8939046334803161
Drosophila,AL_L,CRE_R,0.9133141649305766
Drosophila,AL_L,EB,0.83738020182136
Drosophila,AL_L,EPA_L,-0.994363843463014
Drosophila,AL_L,EPA_R,-0.9662479845747702
Drosophila,AL_L,FB,0.8406990322558824
Drosophila,AL_L,FLA,0.39773660981931513
Drosophila,AL_L,GA_L,-0.8605964922130027
Drosophila,AL_L,GA_R,-0.8991386547442058
Drosophila,AL_L,GOR_L,-0.9720983264827937
Drosophila,AL_L,GOR_R,-0.8881634702691152
Drosophila,AL_L,IB_L,-0.21676214182570117
Drosophila,AL_L,IB_R,-0.4846517904279247
Drosophila,AL_L,ICL_L,0.5315217388597459
Drosophila,AL_L,ICL_R,0.5013318192995799
Drosophila,AL_L,IPS_L,0.9889710820173605
Drosophila,AL_L,IPS_R,0.6858430129053785
Drosophila,AL_L,IVLP_L,0.8200061957111922
Drosophila,AL_L,IVLP_R,-0.41229144393916195
Drosophila,AL_L,LAL_L,0.8770003544516995
Drosophila,AL_L,LAL_R,0.8767903353525935
Drosophila,AL_L,LB_L,-0.9248370579827284
Drosophila,AL_L,LB_R,-0.9094088487118437
Drosophila,AL_L,LH_L,0.9948502411543867
Drosophila,AL_L,LH_R,0.4298395081225693
Drosophila,AL_L,LOP_R,-0.9504153999402436
Drosophila,AL_L,LO_L,-0.9425847050517747
Drosophila,AL_L,LO_R,-0.9142973731636554
Drosophila,AL_L,MB_L,0.9331851824933444
Drosophila,AL_L,MB_R,0.9566997623402634
Drosophila,AL_L,ME_L,-0.9397660679122225
Drosophila,AL_L,ME_R,-0.9184168808039578
Drosophila,AL_L,NO,-0.8210670301462317
Drosophila,AL_L,OTU_L,-0.038814292290619695
Drosophila,AL_L,OTU_R,-0.8369061133065131
Drosophila,AL_L,PB,-0.06549871736013627
Drosophila,AL_L,PLP_L,0.8748285924567282
Drosophila,AL_L,PLP_R,0.8959911390140881
Drosophila,AL_L,PRW,-0.7481919979525098
Drosophila,AL_L,PVLP_L,0.8484827035171707
Drosophila,AL_L,PVLP_R,0.48546567923536355
Drosophila,AL_L,SAD,0.8596212104606932
Drosophila,AL_L,SCL_L,0.8916628439159235
Drosophila,AL_L,SCL_R,0.8076335759399683
Drosophila,AL_L,SIP_L,0.9412568863634035
Drosophila,AL_L,SIP_R,0.7453102464911433
Drosophila,AL_L,SLP_L,0.9107844310735237
Drosophila,AL_L,SLP_R,0.8635288271939578
Drosophila,AL_L,SMP_L,0.8712418366293628
Drosophila,AL_L,SMP_R,0.8678421253457458
Drosophila,AL_L,SOG,0.9074466258095886
Drosophila,AL_L,SPS_L,0.8168215548856734
Drosophila,AL_L,SPS_R,0.8543804433494253
Drosophila,AL_L,VES_L,0.8783963046564488
Drosophila,AL_L,VES_R,0.9000735238951869
Drosophila,AL_L,WED_L,-0.8756488691956362
Drosophila,AL_L,WED_R,-0.9161784045225755
Drosophila,AL_R,AME_L,-0.9710058820214023
Drosophila,AL_R,AME_R,-0.970016499826259
Drosophila,AL_R,AMMC_L,-0.9778185350437868
Drosophila,AL_R,AMMC_R,-0.9837433899474597
Drosophila,AL_R,ATL_L,-0.9751925955209063
Drosophila,AL_R,ATL_R,-0.9261060709628912
Drosophila,AL_R,AVLP_L,0.889288938081471
Drosophila,AL_R,AVLP_R,0.7081658681808208
Drosophila,AL_R,CRE_L,0.9233841105888636
Drosophila,AL_R,CRE_R,0.9345616824024191
Drosophila,AL_R,EB,0.9338632872277652
Drosophila,AL_R,EPA_L,-0.9913368084562877
Drosophila,AL_R,EPA_R,-0.9948358750404236
Drosophila,AL_R,FB,0.8506014810169811
Drosophila,AL_R,FLA,0.5094857248572878
Drosophila,AL_R,GA_L,-0.8570756813091259
Drosophila,AL_R,GA_R,-0.914642652067288
Drosophila,AL_R,GOR_L,-0.9992881080137396
Drosophila,AL_R,GOR_R,-0.9641802215633526
Drosophila,AL_R,IB_L,-0.2931397694723462
Drosophila,AL_R,IB_R,-0.4536206134325668
Drosophila,AL_R,ICL_L,0.5482511310021727
Drosophila,AL_R,ICL_R,0.5217354351969434
Drosophila,AL_R,IPS_L,0.9530482026448613
Drosophila,AL_R,IPS_R,0.8100060454593756
Drosophila,AL_R,IVLP_L,0.6965851892393559
Drosophila,AL_R,IVLP_R,-0.28565829222769956
Drosophila,AL_R,LAL_L,0.8168370952877243
Drosophila,AL_R,LAL_R,0.8652850285575434
Drosophila,AL_R,LB_L,-0.9395547794117914
Drosophila,AL_R,LB_R,-0.9091221300935376
Drosophila,AL_R,LH_L,0.9499131745457371
Drosophila,AL_R,LH_R,0.28728550065055175
Drosophila,AL_R,LOP_R,-0.9703995966071973
Drosophila,AL_R,LO_L,-0.9387661460601133
Drosophila,AL_R,LO_R,-0.8971552610456313
Drosophila,AL_R,MB_L,0.9318814871676621
Drosophila,AL_R,MB_R,0.9888310406210414
Drosophila,AL_R,ME_L,-0.9589600198371974
Drosophila,AL_R,ME_R,-0.8932638239566759
Drosophila,AL_R,NO,-0.809428482334547
Drosophila,AL_R,OTU_L,-0.2515994087895457
Drosophila,AL_R,OTU_R,-0.7253454691144309
Drosophila,AL_R,PB,-0.1457627713037317
Drosophila,AL_R,PLP_L,0.8550129043950514
Drosophila,AL_R,PLP_R,0.8728841642418823
Drosophila,AL_R,PRW,-0.8316567569000449
Drosophila,AL_R,PVLP_L,0.747556925944011
Drosophila,AL_R,PVLP_R,0.5924345669623728
Drosophila,AL_R,SAD,0.81147870320658
Drosophila,AL_R,SCL_L,0.8750697165671398
Drosophila,AL_R,SCL_R,0.8431886431723171
Drosophila,AL_R,SIP_L,0.9420445254732775
Drosophila,AL_R,SIP_R,0.8529208979166817
Drosophila,AL_R,SLP_L,0.9650275946823217
Drosophila,AL_R,SLP_R,0.9440964832816412
Drosophila,AL_R,SMP_L,0.8899236988735598
Drosophila,AL_R,SMP_R,0.8939634243698575
Drosophila,AL_R,SOG,0.9278241896482687
Drosophila,AL_R,SPS_L,0.8439509597009054
Drosophila,AL_R,SPS_R,0.8712517759205756
Drosophila,AL_R,VES_L,0.7892523332830652
Drosophila,AL_R,VES_R,0.9214009717338362
Drosophila,AL_R,WED_L,-0.8826186981101966
Drosophila,AL_R,WED_R,-0.9450596588637253
Drosophila,AME_L,AME_R,0.9999507084763319
Drosophila,AME_L,AMMC_L,0.9963728658958624
Drosophila,AME_L,AMMC_R,0.9907611681907293
Drosophila,AME_L,ATL_L,0.9994613112793093
Drosophila,AME_L,ATL_R,0.9666538827918756
Drosophila,AME_L,AVLP_L,-0.7545053564088079
Drosophila,AME_L,AVLP_R,-0.5521799463478586
Drosophila,AME_L,CRE_L,-0.9867158270374441
Drosophila,AME_L,CRE_R,-0.9921969684816885
Drosophila,AME_L,EB,-0.9215112116633032
Drosophila,AME_L,EPA_L,0.954100537228183
Drosophila,AME_L,EPA_R,0.9889243764922686
Drosophila,AME_L,FB,-0.9516328269598003
Drosophila,AME_L,FLA,-0.6566811966513058
Drosophila,AME_L,GA_L,0.9545406634948443
Drosophila,AME_L,GA_R,0.984726452226223
Drosophila,AME_L,GOR_L,0.9618708206050101
Drosophila,AME_L,GOR_R,0.9071649316622651
Drosophila,AME_L,IB_L,0.06291225561608958
Drosophila,AME_L,IB_R,0.2380076384125851
Drosophila,AME_L,ICL_L,-0.7308682432062732
Drosophila,AME_L,ICL_R,-0.708499402532214
Drosophila,AME_L,IPS_L,-0.8993385350558746
Drosophila,AME_L,IPS_R,-0.6971618371057212
Drosophila,AME_L,IVLP_L,-0.765066024189906
Drosophila,AME_L,IVLP_R,0.11744665354368809
Drosophila,AME_L,LAL_L,-0.9074858598683883
Drosophila,AME_L,LAL_R,-0.9576088533128762
Drosophila,AME_L,LB_L,0.994165122500055
Drosophila,AME_L,LB_R,0.9812746637191556
Drosophila,AME_L,LH_L,-0.9345112506940751
Drosophila,AME_L,LH_R,-0.1373923652250986
Drosophila,AME_L,LOP_R,0.9999463074217879
Drosophila,AME_L,LO_L,0.9911758379924808
Drosophila,AME_L,LO_R,0.9715310404856126
Drosophila,AME_L,MB_L,-0.9897847093936075
Drosophila,AME_L,MB_R,-0.993322682544113
Drosophila,AME_L,ME_L,0.9988791457226583
Drosophila,AME_L,ME_R,0.9664132314301834
Drosophila,AME_L,NO,0.9248264148340921
Drosophila,AME_L,OTU_L,0.18840739070667542
Drosophila,AME_L,OTU_R,0.8003133170731338
Drosophila,AME_L,PB,0.35285533353289367
Drosophila,AME_L,PLP_L,-0.9498003652030292
Drosophila,AME_L,PLP_R,-0.9579351234969217
Drosophila,AME_L,PRW,0.9124863785598404
Drosophila,AME_L,PVLP_L,-0.8276885858692361
Drosophila,AME_L,PVLP_R,-0.7272058682830563
Drosophila,AME_L,SAD,-0.9128595354540924
Drosophila,AME_L,SCL_L,-0.961320255867184
Drosophila,AME_L,SCL_R,-0.9437852239429526
Drosophila,AME_L,SIP_L,-0.9932912155346262
Drosophila,AME_L,SIP_R,-0.8971081404444115
Drosophila,AME_L,SLP_L,-0.9855009560988645
Drosophila,AME_L,SLP_R,-0.9554932700638098
Drosophila,AME_L,SMP_L,-0.9728555707185123
Drosophila,AME_L,SMP_R,-0.9739743415065542
Drosophila,AME_L,SOG,-0.8123599770317461
Drosophila,AME_L,SPS_L,-0.9460739856872821
Drosophila,AME_L,SPS_R,-0.9630943911391375
Drosophila,AME_L,VES_L,-0.8632022831850177
Drosophila,AME_L,VES_R,-0.987185436078039
Drosophila,AME_L,WED_L,0.9693199260603674
Drosophila,AME_L,WED_R,0.9943823546288804
Drosophila,AME_R,AMMC_L,0.9954854596617981
Drosophila,AME_R,AMMC_R,0.9894366303393436
Drosophila,AME_R,ATL_L,0.999095225891111
Drosophila,AME_R,ATL_R,0.9690972037635558
Drosophila,AME_R,AVLP_L,-0.7515627362286497
Drosophila,AME_R,AVLP_R,-0.5531583440493429
Drosophila,AME_R,CRE_L,-0.9879024294786753
Drosophila,AME_R,CRE_R,-0.992906515616408
Drosophila,AME_R,EB,-0.9240329037447335
Drosophila,AME_R,EPA_L,0.9518318003965647
Drosophila,AME_R,EPA_R,0.9886079606994613
Drosophila,AME_R,FB,-0.9528352883319456
Drosophila,AME_R,FLA,-0.6635948456494628
Drosophila,AME_R,GA_L,0.9550946130395638
Drosophila,AME_R,GA_R,0.9854659581722317
Drosophila,AME_R,GOR_L,0.9608682777257449
Drosophila,AME_R,GOR_R,0.9078962404597072
Drosophila,AME_R,IB_L,0.061199698934942294
Drosophila,AME_R,IB_R,0.2318015526502258
Drosophila,AME_R,ICL_L,-0.7343961646270591
Drosophila,AME_R,ICL_R,-0.7123024027533433
Drosophila,AME_R,IPS_L,-0.8954050606046493
Drosophila,AME_R,IPS_R,-0.6990535296381477
Drosophila,AME_R,IVLP_L,-0.7601937096842456
Drosophila,AME_R,IVLP_R,0.10835951501199648
Drosophila,AME_R,LAL_L,-0.9055613070065789
Drosophila,AME_R,LAL_R,-0.957711388199783
Drosophila,AME_R,LB_L,0.9945311726840197
Drosophila,AME_R,LB_R,0.981393301775989
Drosophila,AME_R,LH_L,-0.9309545743133009
Drosophila,AME_R,LH_R,-0.1279887507052696
Drosophila,AME_R,LOP_R,0.9999982012814246
Drosophila,AME_R,LO_L,0.9907138164808202
Drosophila,AME_R,LO_R,0.9709958661122882
Drosophila,AME_R,MB_L,-0.9895472771918046
Drosophila,AME_R,MB_R,-0.9933699109216696
Drosophila,AME_R,ME_L,0.9991180673921095
Drosophila,AME_R,ME_R,0.9655198009795131
Drosophila,AME_R,NO,0.9254570435761196
Drosophila,AME_R,OTU_L,0.19582671488531592
Drosophila,AME_R,OTU_R,0.7960307718033287
Drosophila,AME_R,PB,0.36013012982649717
Drosophila,AME_R,PLP_L,-0.9496136835326955
Drosophila,AME_R,PLP_R,-0.9573917735570362
Drosophila,AME_R,PRW,0.9164365172574118
Drosophila,AME_R,PVLP_L,-0.8239270879356292
Drosophila,AME_R,PVLP_R,-0.7335544246273189
Drosophila,AME_R,SAD,-0.9116635863573839
Drosophila,AME_R,SCL_L,-0.9610735859065712
Drosophila,AME_R,SCL_R,-0.9460771881905697
Drosophila,AME_R,SIP_L,-0.9929969148051272
Drosophila,AME_R,SIP_R,-0.9013300612350016
Drosophila,AME_R,SLP_L,-0.9868341783992096
Drosophila,AME_R,SLP_R,-0.9577934575904137
Drosophila,AME_R,SMP_L,-0.974017940527858
Drosophila,AME_R,SMP_R,-0.9753888424388281
Drosophila,AME_R,SOG,-0.8096328532823782
Drosophila,AME_R,SPS_L,-0.9480377260298155
Drosophila,AME_R,SPS_R,-0.9643820096034441
Drosophila,AME_R,VES_L,-0.8597593432911312
Drosophila,AME_R,VES_R,-0.9880775563081288
Drosophila,AME_R,WED_L,0.9700703720903157
Drosophila,AME_R,WED_R,0.9952369109126026
Drosophila,AMMC_L,AMMC_R,0.9984761511706925
Drosophila,AMMC_L,ATL_L,0.9986116718580756
Drosophila,AMMC_L,ATL_R,0.9425103152174016
Drosophila,AMMC_L,AVLP_L,-0.7827081282297255
Drosophila,AMMC_L,AVLP_R,-0.5504059916752064
Drosophila,AMMC_L,CRE_L,-0.9715244309566361
Drosophila,AMMC_L,CRE_R,-0.9811030338051069
Drosophila,AMMC_L,EB,-0.8994134213192667
Drosophila,AMMC_L,EPA_L,0.9716444054614947
Drosophila,AMMC_L,EPA_R,0.9891621204147597
Drosophila,AMMC_L,FB,-0.9345831181094519
Drosophila,AMMC_L,FLA,-0.5922441748973372
Drosophila,AMMC_L,GA_L,0.9428710044751748
Drosophila,AMMC_L,GA_R,0.9728093002735654
Drosophila,AMMC_L,GOR_L,0.9692205143068944
Drosophila,AMMC_L,GOR_R,0.9016622045806895
Drosophila,AMMC_L,IB_L,0.08765082074569262
Drosophila,AMMC_L,IB_R,0.2977168899479939
Drosophila,AMMC_L,ICL_L,-0.6917516614982347
Drosophila,AMMC_L,ICL_R,-0.6670288215261629
Drosophila,AMMC_L,IPS_L,-0.9312100384132814
Drosophila,AMMC_L,IPS_R,-0.6855773209200708
Drosophila,AMMC_L,IVLP_L,-0.7989317325410435
Drosophila,AMMC_L,IVLP_R,0.19834917708472938
Drosophila,AMMC_L,LAL_L,-0.916200894522431
Drosophila,AMMC_L,LAL_R,-0.9498099360593336
Drosophila,AMMC_L,LB_L,0.9859746367020472
Drosophila,AMMC_L,LB_R,0.9742594723228143
Drosophila,AMMC_L,LH_L,-0.9614082289258842
Drosophila,AMMC_L,LH_R,-0.21990196487890526
Drosophila,AMMC_L,LOP_R,0.9954788778044067
Drosophila,AMMC_L,LO_L,0.9897588264767226
Drosophila,AMMC_L,LO_R,0.9696917696659059
Drosophila,AMMC_L,MB_L,-0.9862996202231352
Drosophila,AMMC_L,MB_R,-0.9901215343072997
Drosophila,AMMC_L,ME_L,0.992408962380912
Drosophila,AMMC_L,ME_R,0.9675277176656965
Drosophila,AMMC_L,NO,0.9117509665717553
Drosophila,AMMC_L,OTU_L,0.1313035704287216
Drosophila,AMMC_L,OTU_R,0.8290301331219908
Drosophila,AMMC_L,PB,0.2834145627887181
Drosophila,AMMC_L,PLP_L,-0.9442286432875835
Drosophila,AMMC_L,PLP_R,-0.9556811052286311
Drosophila,AMMC_L,PRW,0.8744196019933584
Drosophila,AMMC_L,PVLP_L,-0.8518937754578476
Drosophila,AMMC_L,PVLP_R,-0.6677290506702298
Drosophila,AMMC_L,SAD,-0.9151822632026678
Drosophila,AMMC_L,SCL_L,-0.956613504844765
Drosophila,AMMC_L,SCL_R,-0.9180154793200386
Drosophila,AMMC_L,SIP_L,-0.9905761014367862
Drosophila,AMMC_L,SIP_R,-0.8586676835194763
Drosophila,AMMC_L,SLP_L,-0.9712058236777706
Drosophila,AMMC_L,SLP_R,-0.9339394554373572
Drosophila,AMMC_L,SMP_L,-0.9569477317991807
Drosophila,AMMC_L,SMP_R,-0.95617719253131
Drosophila,AMMC_L,SOG,-0.837744000548048
Drosophila,AMMC_L,SPS_L,-0.9228639688829332
Drosophila,AMMC_L,SPS_R,-0.9457740817284706
Drosophila,AMMC_L,VES_L,-0.8850514496687264
Drosophila,AMMC_L,VES_R,-0.9742424048887167
Drosophila,AMMC_L,WED_L,0.9565517440639467
Drosophila,AMMC_L,WED_R,0.9825184558276255
Drosophila,AMMC_R,ATL_L,0.9946603893817516
Drosophila,AMMC_R,ATL_R,0.9277173539599859
Drosophila,AMMC_R,AVLP_L,-0.8106298745580299
Drosophila,AMMC_R,AVLP_R,-0.5699834309316885
Drosophila,AMMC_R,CRE_L,-0.9570805264303759
Drosophila,AMMC_R,CRE_R,-0.9689384183331693
Drosophila,AMMC_R,EB,-0.8923542889166939
Drosophila,AMMC_R,EPA_L,0.9826756969595801
Drosophila,AMMC_R,EPA_R,0.9895864679425593
Drosophila,AMMC_R,FB,-0.9145077742262671
Drosophila,AMMC_R,FLA,-0.5485015048541311
Drosophila,AMMC_R,GA_L,0.9252763596808238
Drosophila,AMMC_R,GA_R,0.9587048886179161
Drosophila,AMMC_R,GOR_L,0.976456764317167
Drosophila,AMMC_R,GOR_R,0.9066866658703986
Drosophila,AMMC_R,IB_L,0.12712036675619517
Drosophila,AMMC_R,IB_R,0.34827722723856364
Drosophila,AMMC_R,ICL_L,-0.652800146343211
Drosophila,AMMC_R,ICL_R,-0.6266615967825698
Drosophila,AMMC_R,IPS_L,-0.9497917905233035
Drosophila,AMMC_R,IPS_R,-0.6957519610653432
Drosophila,AMMC_R,IVLP_L,-0.8022708784372872
Drosophila,AMMC_R,IVLP_R,0.25066941355032263
Drosophila,AMMC_R,LAL_L,-0.9071518325562502
Drosophila,AMMC_R,LAL_R,-0.9343378714760157
Drosophila,AMMC_R,LB_L,0.9752931156845992
Drosophila,AMMC_R,LB_R,0.9617195325657645
Drosophila,AMMC_R,LH_L,-0.9730810378309882
Drosophila,AMMC_R,LH_R,-0.2704087762772957
Drosophila,AMMC_R,LOP_R,0.9894801293435245
Drosophila,AMMC_R,LO_L,0.9819027718759397
Drosophila,AMMC_R,LO_R,0.9588013483057674
Drosophila,AMMC_R,MB_L,-0.976948634845492
Drosophila,AMMC_R,MB_R,-0.9878904746235819
Drosophila,AMMC_R,ME_L,0.9842987802496533
Drosophila,AMMC_R,ME_R,0.9579061502731073
Drosophila,AMMC_R,NO,0.8912880665572664
Drosophila,AMMC_R,OTU_L,0.11814724459090088
Drosophila,AMMC_R,OTU_R,0.8295744706948268
Drosophila,AMMC_R,PB,0.23006759914094513
Drosophila,AMMC_R,PLP_L,-0.9292700476050756
Drosophila,AMMC_R,PLP_R,-0.9432394116716049
Drosophila,AMMC_R,PRW,0.8491490600818119
Drosophila,AMMC_R,PVLP_L,-0.8500591168565165
Drosophila,AMMC_R,PVLP_R,-0.6274431978349503
Drosophila,AMMC_R,SAD,-0.9023287887543843
Drosophila,AMMC_R,SCL_L,-0.9430947662875034
Drosophila,AMMC_R,SCL_R,-0.8947371103969379
Drosophila,AMMC_R,SIP_L,-0.9823860174698951
Drosophila,AMMC_R,SIP_R,-0.8380768614825843
Drosophila,AMMC_R,SLP_L,-0.9627270457316146
Drosophila,AMMC_R,SLP_R,-0.9239495141500703
Drosophila,AMMC_R,SMP_L,-0.9396675256229581
Drosophila,AMMC_R,SMP_R,-0.9385730262560336
Drosophila,AMMC_R,SOG,-0.8620475140785324
Drosophila,AMMC_R,SPS_L,-0.9003421150183467
Drosophila,AMMC_R,SPS_R,-0.9267992237104606
Drosophila,AMMC_R,VES_L,-0.8831310921490947
Drosophila,AMMC_R,VES_R,-0.960317630348862
Drosophila,AMMC_R,WED_L,0.9399531089459381
Drosophila,AMMC_R,WED_R,0.9711564929028755
Drosophila,ATL_L,ATL_R,0.9585217263243807
Drosophila,ATL_L,AVLP_L,-0.767944223170983
Drosophila,ATL_L,AVLP_R,-0.55500086732078
Drosophila,ATL_L,CRE_L,-0.9814128003785395
Drosophila,ATL_L,CRE_R,-0.9884688088947056
Drosophila,ATL_L,EB,-0.9149881311765481
Drosophila,ATL_L,EPA_L,0.9622541769192944
Drosophila,ATL_L,EPA_R,0.9903718620073757
Drosophila,ATL_L,FB,-0.944954148619914
Drosophila,ATL_L,FLA,-0.6318426043438414
Drosophila,ATL_L,GA_L,0.949855278647076
Drosophila,ATL_L,GA_R,0.9804742238247168
Drosophila,ATL_L,GOR_L,0.9663869341539787
Drosophila,ATL_L,GOR_R,0.9073548949200319
Drosophila,ATL_L,IB_L,0.07591577212551358
Drosophila,ATL_L,IB_R,0.26349913543099795
Drosophila,ATL_L,ICL_L,-0.7145661186153901
Drosophila,ATL_L,ICL_R,-0.69125263075662
Drosophila,ATL_L,IPS_L,-0.9128441620891453
Drosophila,ATL_L,IPS_R,-0.6958923313939317
Drosophila,ATL_L,IVLP_L,-0.7769578368090945
Drosophila,ATL_L,IVLP_R,0.1495374266759812
Drosophila,ATL_L,LAL_L,-0.9101608544796826
Drosophila,ATL_L,LAL_R,-0.9544042733938505
Drosophila,ATL_L,LB_L,0.9915326144654343
Drosophila,ATL_L,LB_R,0.9787369498382391
Drosophila,ATL_L,LH_L,-0.9456039232286986
Drosophila,ATL_L,LH_R,-0.1697606216755084
Drosophila,ATL_L,LOP_R,0.9990968791559538
Drosophila,ATL_L,LO_L,0.9910040067823218
Drosophila,ATL_L,LO_R,0.9707952167058742
Drosophila,ATL_L,MB_L,-0.9887735326199899
Drosophila,ATL_L,MB_R,-0.9933606145412011
Drosophila,ATL_L,ME_L,0.9971280452347258
Drosophila,ATL_L,ME_R,0.9667503091031979
Drosophila,ATL_L,NO,0.9192832201929632
Drosophila,ATL_L,OTU_L,0.16931336673261177
Drosophila,ATL_L,OTU_R,0.8102915904654271
Drosophila,ATL_L,PB,0.32478095185753875
Drosophila,ATL_L,PLP_L,-0.9473399337619803
Drosophila,ATL_L,PLP_R,-0.9568450212800028
Drosophila,ATL_L,PRW,0.8985881828409513
Drosophila,ATL_L,PVLP_L,-0.8359948754080431
Drosophila,ATL_L,PVLP_R,-0.7044526089916809
Drosophila,ATL_L,SAD,-0.913062771654524
Drosophila,ATL_L,SCL_L,-0.9593349414411897
Drosophila,ATL_L,SCL_R,-0.9339815315553587
Drosophila,ATL_L,SIP_L,-0.9926777471159851
Drosophila,ATL_L,SIP_R,-0.8837034486709278
Drosophila,ATL_L,SLP_L,-0.9812739629231519
Drosophila,ATL_L,SLP_R,-0.9487889569475467
Drosophila,ATL_L,SMP_L,-0.9669323287690658
Drosophila,ATL_L,SMP_R,-0.9674275138646087
Drosophila,ATL_L,SOG,-0.8245219617278743
Drosophila,ATL_L,SPS_L,-0.9371629136265524
Drosophila,ATL_L,SPS_R,-0.9564956064556974
Drosophila,ATL_L,VES_L,-0.8708191720223926
Drosophila,ATL_L,VES_R,-0.9826448614463685
Drosophila,ATL_L,WED_L,0.9644499757759842
Drosophila,ATL_L,WED_R,0.9905279957035179
Drosophila,ATL_R,AVLP_L,-0.6860999683822102
Drosophila,ATL_R,AVLP_R,-0.6016782274723704
Drosophila,ATL_R,CRE_L,-0.9796597767451245
Drosophila,ATL_R,CRE_R,-0.9732152165597951
Drosophila,ATL_R,EB,-0.9705311298911163
Drosophila,ATL_R,EPA_L,0.8763689670360996
Drosophila,ATL_R,EPA_R,0.9566797362356998
Drosophila,ATL_R,FB,-0.9370741211140113
Drosophila,ATL_R,FLA,-0.7958306232455051
Drosophila,ATL_R,GA_L,0.9229069357778344
Drosophila,ATL_R,GA_R,0.9638435598621853
Drosophila,ATL_R,GOR_L,0.918810620016645
Drosophila,ATL_R,GOR_R,0.9177573373239496
Drosophila,ATL_R,IB_L,0.06810679691909252
Drosophila,ATL_R,IB_R,0.11178052107948201
Drosophila,ATL_R,ICL_L,-0.7667382531989037
Drosophila,ATL_R,ICL_R,-0.7515283466224215
Drosophila,ATL_R,IPS_L,-0.7810563770122338
Drosophila,ATL_R,IPS_R,-0.7580280176969821
Drosophila,ATL_R,IVLP_L,-0.5957496755331086
Drosophila,ATL_R,IVLP_R,-0.09607463457066905
Drosophila,ATL_R,LAL_L,-0.8104657174304652
Drosophila,ATL_R,LAL_R,-0.914685496992631
Drosophila,ATL_R,LB_L,0.9663943187362711
Drosophila,ATL_R,LB_R,0.94291853052585
Drosophila,ATL_R,LH_L,-0.8167404536553017
Drosophila,ATL_R,LH_R,0.08962306773617962
Drosophila,ATL_R,LOP_R,0.9692551758154881
Drosophila,ATL_R,LO_L,0.9412204838331598
Drosophila,ATL_R,LO_R,0.9149179965279212
Drosophila,ATL_R,MB_L,-0.944755739129517
Drosophila,ATL_R,MB_R,-0.9685339818193204
Drosophila,ATL_R,ME_L,0.9709313198939895
Drosophila,ATL_R,ME_R,0.9003628755029911
Drosophila,ATL_R,NO,0.8918536131161658
Drosophila,ATL_R,OTU_L,0.4025057692971852
Drosophila,ATL_R,OTU_R,0.6448111305407772
Drosophila,ATL_R,PB,0.4955773445557282
Drosophila,ATL_R,PLP_L,-0.8985427513170774
Drosophila,ATL_R,PLP_R,-0.8989415217415412
Drosophila,ATL_R,PRW,0.9792132242900233
Drosophila,ATL_R,PVLP_L,-0.684618553647956
Drosophila,ATL_R,PVLP_R,-0.8519433835890811
Drosophila,ATL_R,SAD,-0.833231459155604
Drosophila,ATL_R,SCL_L,-0.9101203455535845
Drosophila,ATL_R,SCL_R,-0.9594912837364484
Drosophila,ATL_R,SIP_L,-0.9481676489255751
Drosophila,ATL_R,SIP_R,-0.9802732238274263
Drosophila,ATL_R,SLP_L,-0.9925385167401097
Drosophila,ATL_R,SLP_R,-0.992006411926421
Drosophila,ATL_R,SMP_L,-0.9608952282519082
Drosophila,ATL_R,SMP_R,-0.9696039166603712
Drosophila,ATL_R,SOG,-0.7439018610657786
Drosophila,ATL_R,SPS_L,-0.9523377849438702
Drosophila,ATL_R,SPS_R,-0.9527394222336709
Drosophila,ATL_R,VES_L,-0.7294453665473429
Drosophila,ATL_R,VES_R,-0.9714442048711389
Drosophila,ATL_R,WED_L,0.9452371573201668
Drosophila,ATL_R,WED_R,0.9812792396455975
Drosophila,AVLP_L,AVLP_R,0.8731243208208379
Drosophila,AVLP_L,CRE_L,0.6467061760423927
Drosophila,AVLP_L,CRE_R,0.668378431303301
Drosophila,AVLP_L,EB,0.78985013949096
Drosophila,AVLP_L,EPA_L,-0.9022854068762317
Drosophila,AVLP_L,EPA_R,-0.8397759831432908
Drosophila,AVLP_L,FB,0.5165366318047091
Drosophila,AVLP_L,FLA,0.1252725783844085
Drosophila,AVLP_L,GA_L,-0.5310355573353682
Drosophila,AVLP_L,GA_R,-0.6287221045566366
Drosophila,AVLP_L,GOR_L,-0.9042892380557775
Drosophila,AVLP_L,GOR_R,-0.9044697024059908
Drosophila,AVLP_L,IB_L,-0.6753405590865234
Drosophila,AVLP_L,IB_R,-0.7994340882754959
Drosophila,AVLP_L,ICL_L,0.10539089167372806
Drosophila,AVLP_L,ICL_R,0.07460625075171026
Drosophila,AVLP_L,IPS_L,0.9073277525308008
Drosophila,AVLP_L,IPS_R,0.8746828245328471
Drosophila,AVLP_L,IVLP_L,0.47218798223091085
Drosophila,AVLP_L,IVLP_R,-0.5834954289418427
Drosophila,AVLP_L,LAL_L,0.5198158336970036
Drosophila,AVLP_L,LAL_R,0.5491138158664097
Drosophila,AVLP_L,LB_L,-0.6794550125555012
Drosophila,AVLP_L,LB_R,-0.6227372848678103
Drosophila,AVLP_L,LH_L,0.8325684639015095
Drosophila,AVLP_L,LH_R,0.5522866329860943
Drosophila,AVLP_L,LOP_R,-0.7525862341928903
Drosophila,AVLP_L,LO_L,-0.6860932330546061
Drosophila,AVLP_L,LO_R,-0.6112331404263796
Drosophila,AVLP_L,MB_L,0.6693527349438966
Drosophila,AVLP_L,MB_R,0.8141659008404957
Drosophila,AVLP_L,ME_L,-0.7232012880917311
Drosophila,AVLP_L,ME_R,-0.6116576090620514
Drosophila,AVLP_L,NO,-0.45800984264354855
Drosophila,AVLP_L,OTU_L,-0.296929320769234
Drosophila,AVLP_L,OTU_R,-0.4818423387759316
Drosophila,AVLP_L,PB,0.2892426569421774
Drosophila,AVLP_L,PLP_L,0.5371521329166099
Drosophila,AVLP_L,PLP_R,0.5713770193282117
Drosophila,AVLP_L,PRW,-0.527318144244393
Drosophila,AVLP_L,PVLP_L,0.4887582958817462
Drosophila,AVLP_L,PVLP_R,0.2194102900713097
Drosophila,AVLP_L,SAD,0.4927113237801058
Drosophila,AVLP_L,SCL_L,0.5698232904270659
Drosophila,AVLP_L,SCL_R,0.5069168241095263
Drosophila,AVLP_L,SIP_L,0.6903113795931106
Drosophila,AVLP_L,SIP_R,0.6115538939116062
Drosophila,AVLP_L,SLP_L,0.7598536862930971
Drosophila,AVLP_L,SLP_R,0.7554107416507672
Drosophila,AVLP_L,SMP_L,0.5828009023560973
Drosophila,AVLP_L,SMP_R,0.5905662797209473
Drosophila,AVLP_L,SOG,0.9955718485282032
Drosophila,AVLP_L,SPS_L,0.5060165201380291
Drosophila,AVLP_L,SPS_R,0.5503372840758367
Drosophila,AVLP_L,VES_L,0.5336073627838661
Drosophila,AVLP_L,VES_R,0.6416809978635966
Drosophila,AVLP_L,WED_L,-0.5713777699133774
Drosophila,AVLP_L,WED_R,-0.6918828007551038
Drosophila,AVLP_R,CRE_L,0.47099095658180296
Drosophila,AVLP_R,CRE_R,0.474062724759789
Drosophila,AVLP_R,EB,0.7748273271421645
Drosophila,AVLP_R,EPA_L,-0.6688969891294662
Drosophila,AVLP_R,EPA_R,-0.6641157429183274
Drosophila,AVLP_R,FB,0.30626550362979127
Drosophila,AVLP_R,FLA,0.2003463357733929
Drosophila,AVLP_R,GA_L,-0.29167194517860406
Drosophila,AVLP_R,GA_R,-0.4235434260492989
Drosophila,AVLP_R,GOR_L,-0.7332586666145199
Drosophila,AVLP_R,GOR_R,-0.8509870717990325
Drosophila,AVLP_R,IB_L,-0.8308287817145276
Drosophila,AVLP_R,IB_R,-0.684260920693115
Drosophila,AVLP_R,ICL_L,-0.040470205477564004
Drosophila,AVLP_R,ICL_R,-0.05824333161373909
Drosophila,AVLP_R,IPS_L,0.6177283426054364
Drosophila,AVLP_R,IPS_R,0.9757564027606566
Drosophila,AVLP_R,IVLP_L,0.024410155868473365
Drosophila,AVLP_R,IVLP_R,-0.292318955530065
Drosophila,AVLP_R,LAL_L,0.17159010988527815
Drosophila,AVLP_R,LAL_R,0.2922330532594251
Drosophila,AVLP_R,LB_L,-0.47090085760390965
Drosophila,AVLP_R,LB_R,-0.3847552986203668
Drosophila,AVLP_R,LH_L,0.5140272082487521
Drosophila,AVLP_R,LH_R,0.2218504247331967
Drosophila,AVLP_R,LOP_R,-0.554737004188457
Drosophila,AVLP_R,LO_L,-0.43894358729242533
Drosophila,AVLP_R,LO_R,-0.33968533628435893
Drosophila,AVLP_R,MB_L,0.42768341814847766
Drosophila,AVLP_R,MB_R,0.6446106516869136
Drosophila,AVLP_R,ME_L,-0.5235569308740712
Drosophila,AVLP_R,ME_R,-0.3243550226756468
Drosophila,AVLP_R,NO,-0.2078640665701368
Drosophila,AVLP_R,OTU_L,-0.7062776002869908
Drosophila,AVLP_R,OTU_R,-0.05060190991751049
Drosophila,AVLP_R,PB,0.21052133414506186
Drosophila,AVLP_R,PLP_L,0.26439203250998894
Drosophila,AVLP_R,PLP_R,0.2900249853711012
Drosophila,AVLP_R,PRW,-0.4834561043836649
Drosophila,AVLP_R,PVLP_L,0.07338199382962236
Drosophila,AVLP_R,PVLP_R,0.26789621195243435
Drosophila,AVLP_R,SAD,0.1683597947538452
Drosophila,AVLP_R,SCL_L,0.3014602531166124
Drosophila,AVLP_R,SCL_R,0.35305063415489363
Drosophila,AVLP_R,SIP_L,0.4524853522580956
Drosophila,AVLP_R,SIP_R,0.6239926482094394
Drosophila,AVLP_R,SLP_L,0.6385856410245427
Drosophila,AVLP_R,SLP_R,0.6975868964246749
Drosophila,AVLP_R,SMP_L,0.3867557274453876
Drosophila,AVLP_R,SMP_R,0.41016671181358116
Drosophila,AVLP_R,SOG,0.8486320583875362
Drosophila,AVLP_R,SPS_L,0.333643581306364
Drosophila,AVLP_R,SPS_R,0.3524614177200745
Drosophila,AVLP_R,VES_L,0.13499116538354297
Drosophila,AVLP_R,VES_R,0.4484426189353416
Drosophila,AVLP_R,WED_L,-0.35115566913481044
Drosophila,AVLP_R,WED_R,-0.5135633306139386
Drosophila,CRE_L,CRE_R,0.9988143999064714
Drosophila,CRE_L,EB,0.9111637886968688
Drosophila,CRE_L,EPA_L,-0.8927925738177978
Drosophila,CRE_L,EPA_R,-0.9571857930911903
Drosophila,CRE_L,FB,0.9839277504206658
Drosophila,CRE_L,FLA,0.764421652699874
Drosophila,CRE_L,GA_L,-0.9798827872538005
Drosophila,CRE_L,GA_R,-0.9977088313249762
Drosophila,CRE_L,GOR_L,-0.9103778186460204
Drosophila,CRE_L,GOR_R,-0.8616442960354411
Drosophila,CRE_L,IB_L,0.06204345339827913
Drosophila,CRE_L,IB_R,-0.07946176614940302
Drosophila,CRE_L,ICL_L,0.8264618384136123
Drosophila,CRE_L,ICL_R,0.8088603689062972
Drosophila,CRE_L,IPS_L,0.818359603457895
Drosophila,CRE_L,IPS_R,0.6399323853140527
Drosophila,CRE_L,IVLP_L,0.7383473545650109
Drosophila,CRE_L,IVLP_R,0.03831530338059902
Drosophila,CRE_L,LAL_L,0.9110521428726142
Drosophila,CRE_L,LAL_R,0.9768176950605599
Drosophila,CRE_L,LB_L,-0.9965476533747593
Drosophila,CRE_L,LB_R,-0.9903773967588361
Drosophila,CRE_L,LH_L,0.8738387054987014
Drosophila,CRE_L,LH_R,-0.012707701016634584
Drosophila,CRE_L,LOP_R,-0.9877344455717043
Drosophila,CRE_L,LO_L,-0.985979658530967
Drosophila,CRE_L,LO_R,-0.9767326294267898
Drosophila,CRE_L,MB_L,0.9890339568756246
Drosophila,CRE_L,MB_R,0.9693224321511812
Drosophila,CRE_L,ME_L,-0.9931268815674035
Drosophila,CRE_L,ME_R,-0.9683074879901822
Drosophila,CRE_L,NO,-0.9601112184071438
Drosophila,CRE_L,OTU_L,-0.21252585288016593
Drosophila,CRE_L,OTU_R,-0.7804504041378817
Drosophila,CRE_L,PB,-0.5001044415367499
Drosophila,CRE_L,PLP_L,0.9680815706105352
Drosophila,CRE_L,PLP_R,0.9685164978358805
Drosophila,CRE_L,PRW,-0.9581447079581814
Drosophila,CRE_L,PVLP_L,0.8137129931526316
Drosophila,CRE_L,PVLP_R,0.8226376088002628
Drosophila,CRE_L,SAD,0.9272083325657583
Drosophila,CRE_L,SCL_L,0.9747508718389558
Drosophila,CRE_L,SCL_R,0.984780609692474
Drosophila,CRE_L,SIP_L,0.98882388407925
Drosophila,CRE_L,SIP_R,0.9279024084783588
Drosophila,CRE_L,SLP_L,0.9795845339904419
Drosophila,CRE_L,SLP_R,0.9537764780070972
Drosophila,CRE_L,SMP_L,0.995647303031853
Drosophila,CRE_L,SMP_R,0.9973585006277407
Drosophila,CRE_L,SOG,0.7139341920571939
Drosophila,CRE_L,SPS_L,0.9851146205114762
Drosophila,CRE_L,SPS_R,0.9913887320670622
Drosophila,CRE_L,VES_L,0.8478789515316993
Drosophila,CRE_L,VES_R,0.9992737768024647
Drosophila,CRE_L,WED_L,-0.9907119535452241
Drosophila,CRE_L,WED_R,-0.9981417483215823
Drosophila,CRE_R,EB,0.9055177342271387
Drosophila,CRE_R,EPA_L,-0.9099481557852619
Drosophila,CRE_R,EPA_R,-0.9647665665471015
Drosophila,CRE_R,FB,0.9814386077403245
Drosophila,CRE_R,FLA,0.7327556534961487
Drosophila,CRE_R,GA_L,-0.9804767109917544
Drosophila,CRE_R,GA_R,-0.9983756572855027
Drosophila,CRE_R,GOR_L,-0.9217881632088354
Drosophila,CRE_R,GOR_R,-0.8653158659082004
Drosophila,CRE_R,IB_L,0.04759956210005941
Drosophila,CRE_R,IB_R,-0.1151409186061904
Drosophila,CRE_R,ICL_L,0.8097873717943112
Drosophila,CRE_R,ICL_R,0.7906793160011032
Drosophila,CRE_R,IPS_L,0.8432514820117677
Drosophila,CRE_R,IPS_R,0.6385321954376872
Drosophila,CRE_R,IVLP_L,0.7634237144140978
Drosophila,CRE_R,IVLP_R,-0.008544864178755376
Drosophila,CRE_R,LAL_L,0.9228935503924723
Drosophila,CRE_R,LAL_R,0.9796358456244872
Drosophila,CRE_R,LB_L,-0.9993995502568936
Drosophila,CRE_R,LB_R,-0.9938099961491572
Drosophila,CRE_R,LH_L,0.8961823931789437
Drosophila,CRE_R,LH_R,0.03522668634862644
Drosophila,CRE_R,LOP_R,-0.9927370652543076
Drosophila,CRE_R,LO_L,-0.9926641759650173
Drosophila,CRE_R,LO_R,-0.9830396589575412
Drosophila,CRE_R,MB_L,0.9945333324406962
Drosophila,CRE_R,MB_R,0.9749836759353515
Drosophila,CRE_R,ME_L,-0.9969864034204503
Drosophila,CRE_R,ME_R,-0.9762569755662693
Drosophila,CRE_R,NO,-0.9596898817623797
Drosophila,CRE_R,OTU_L,-0.18140370040678405
Drosophila,CRE_R,OTU_R,-0.8028641192562446
Drosophila,CRE_R,PB,-0.46333103884534343
Drosophila,CRE_R,PLP_L,0.9721100988853664
Drosophila,CRE_R,PLP_R,0.9744902876385174
Drosophila,CRE_R,PRW,-0.9433854457216269
Drosophila,CRE_R,PVLP_L,0.8337669219773232
Drosophila,CRE_R,PVLP_R,0.7943205436513823
Drosophila,CRE_R,SAD,0.9354563032692814
Drosophila,CRE_R,SCL_L,0.9793543796584269
Drosophila,CRE_R,SCL_R,0.9772677194986213
Drosophila,CRE_R,SIP_L,0.9947847324168682
Drosophila,CRE_R,SIP_R,0.9127964479385693
Drosophila,CRE_R,SLP_L,0.9788788299758168
Drosophila,CRE_R,SLP_R,0.9487078125615435
Drosophila,CRE_R,SMP_L,0.9939591297105016
Drosophila,CRE_R,SMP_R,0.9946017002451408
Drosophila,CRE_R,SOG,0.7344470059502141
Drosophila,CRE_R,SPS_L,0.9790770093286855
Drosophila,CRE_R,SPS_R,0.9888273119764474
Drosophila,CRE_R,VES_L,0.8668559887138076
Drosophila,CRE_R,VES_R,0.9993729498248105
Drosophila,CRE_R,WED_L,-0.9907864619756169
Drosophila,CRE_R,WED_R,-0.9989013445816436
Drosophila,EB,EPA_L,-0.8790388849656607
Drosophila,EB,EPA_R,-0.9466270791421435
Drosophila,EB,FB,0.828255590127771
Drosophila,EB,FLA,0.7043918779597523
Drosophila,EB,GA_L,-0.8106948568330083
Drosophila,EB,GA_R,-0.8830532312348036
Drosophila,EB,GOR_L,-0.9356920445146341
Drosophila,EB,GOR_R,-0.9759776145921726
Drosophila,EB,IB_L,-0.2983202806631937
Drosophila,EB,IB_R,-0.2737260610097517
Drosophila,EB,ICL_L,0.598097566786829
Drosophila,EB,ICL_R,0.5817419890834145
Drosophila,EB,IPS_L,0.7837808841929949
Drosophila,EB,IPS_R,0.892589884473026
Drosophila,EB,IVLP_L,0.4570115930955424
Drosophila,EB,IVLP_R,0.01617007270360165
Drosophila,EB,LAL_L,0.6786427799433585
Drosophila,EB,LAL_R,0.8029861034969198
Drosophila,EB,LB_L,-0.8981279233605834
Drosophila,EB,LB_R,-0.8530038764077476
Drosophila,EB,LH_L,0.7815859554096091
Drosophila,EB,LH_R,-0.03341007740640362
Drosophila,EB,LOP_R,-0.9246409425483881
Drosophila,EB,LO_L,-0.8661520918819238
Drosophila,EB,LO_R,-0.8154262304776897
Drosophila,EB,MB_L,0.8662410339641057
Drosophila,EB,MB_R,0.9511754766065794
Drosophila,EB,ME_L,-0.9171471119995143
Drosophila,EB,ME_R,-0.7982763693090128
Drosophila,EB,NO,-0.7614022388412676
Drosophila,EB,OTU_L,-0.5514106094828083
Drosophila,EB,OTU_R,-0.5051390050867707
Drosophila,EB,PB,-0.3470677601874145
Drosophila,EB,PLP_L,0.7810445541812896
Drosophila,EB,PLP_R,0.7879385879004983
Drosophila,EB,PRW,-0.9234887103530508
Drosophila,EB,PVLP_L,0.5447868702670665
Drosophila,EB,PVLP_R,0.7667793843012476
Drosophila,EB,SAD,0.6978014119007024
Drosophila,EB,SCL_L,0.8010774438734827
Drosophila,EB,SCL_R,0.8633945241811469
Drosophila,EB,SIP_L,0.8762049916910828
Drosophila,EB,SIP_R,0.9675901305095015
Drosophila,EB,SLP_L,0.9722564359915646
Drosophila,EB,SLP_R,0.9927589577274756
Drosophila,EB,SMP_L,0.8710159964378414
Drosophila,EB,SMP_R,0.8856944676452011
Drosophila,EB,SOG,0.8283076158971101
Drosophila,EB,SPS_L,0.850893345915786
Drosophila,EB,SPS_R,0.8547033074395022
Drosophila,EB,VES_L,0.5994163714519181
Drosophila,EB,VES_R,0.8969941554664804
Drosophila,EB,WED_L,-0.8467165415968412
Drosophila,EB,WED_R,-0.9242010215341752
Drosophila,EPA_L,EPA_R,0.9786176255314833
Drosophila,EPA_L,FB,-0.8240047130119682
Drosophila,EPA_L,FLA,-0.41392605639425567
Drosophila,EPA_L,GA_L,0.8390857878751916
Drosophila,EPA_L,GA_R,0.8909217750662484
Drosophila,EPA_L,GOR_L,0.9902100826759493
Drosophila,EPA_L,GOR_R,0.9303357735174314
Drosophila,EPA_L,IB_L,0.29422960205835574
Drosophila,EPA_L,IB_R,0.5148587954930776
Drosophila,EPA_L,ICL_L,-0.5014507520821577
Drosophila,EPA_L,ICL_R,-0.47195775492473097
Drosophila,EPA_L,IPS_L,-0.9843874492022542
Drosophila,EPA_L,IPS_R,-0.7591345465917223
Drosophila,EPA_L,IVLP_L,-0.7550275106202251
Drosophila,EPA_L,IVLP_R,0.3937174165421703
Drosophila,EPA_L,LAL_L,-0.8335542326659531
Drosophila,EPA_L,LAL_R,-0.8530179556905761
Drosophila,EPA_L,LB_L,0.9193858149176877
Drosophila,EPA_L,LB_R,0.8942772329267757
Drosophila,EPA_L,LH_L,-0.9788711111401392
Drosophila,EPA_L,LH_R,-0.40103297053666576
Drosophila,EPA_L,LOP_R,0.9521428747220595
Drosophila,EPA_L,LO_L,0.9299417357846939
Drosophila,EPA_L,LO_R,0.8917853841094813
Drosophila,EPA_L,MB_L,-0.9204798891172947
Drosophila,EPA_L,MB_R,-0.968445187883297
Drosophila,EPA_L,ME_L,0.939094019528382
Drosophila,EPA_L,ME_R,0.8928541302274298
Drosophila,EPA_L,NO,0.792643867331088
Drosophila,EPA_L,OTU_L,0.1389723891543846
Drosophila,EPA_L,OTU_R,0.7754933728049795
Drosophila,EPA_L,PB,0.056921144752595486
Drosophila,EPA_L,PLP_L,-0.8471456467263465
Drosophila,EPA_L,PLP_R,-0.8688954611498957
Drosophila,EPA_L,PRW,0.7658563598213266
Drosophila,EPA_L,PVLP_L,-0.7904005536533929
Drosophila,EPA_L,PVLP_R,-0.5021298393162608
Drosophila,EPA_L,SAD,-0.818975680681767
Drosophila,EPA_L,SCL_L,-0.8670077732836298
Drosophila,EPA_L,SCL_R,-0.8015952214860992
Drosophila,EPA_L,SIP_L,-0.9307422307975499
Drosophila,EPA_L,SIP_R,-0.7802568593843197
Drosophila,EPA_L,SLP_L,-0.9284439861491036
Drosophila,EPA_L,SLP_R,-0.8938627252846381
Drosophila,EPA_L,SMP_L,-0.8617708097011311
Drosophila,EPA_L,SMP_R,-0.8620184267478604
Drosophila,EPA_L,SOG,-0.9384526622079219
Drosophila,EPA_L,SPS_L,-0.8070066351023841
Drosophila,EPA_L,SPS_R,-0.8423872341767061
Drosophila,EPA_L,VES_L,-0.8263816171288242
Drosophila,EPA_L,VES_R,-0.89511338418625
Drosophila,EPA_L,WED_L,0.8606026909545488
Drosophila,EPA_L,WED_R,0.9176175563043835
Drosophila,EPA_R,FB,-0.8967922538016161
Drosophila,EPA_R,FLA,-0.5894343286993537
Drosophila,EPA_R,GA_L,0.8997378559774681
Drosophila,EPA_R,GA_R,0.9490628651317758
Drosophila,EPA_R,GOR_L,0.9911785626087923
Drosophila,EPA_R,GOR_R,0.9553543545276938
Drosophila,EPA_R,IB_L,0.21033535698348124
Drosophila,EPA_R,IB_R,0.36083651505449044
Drosophila,EPA_R,ICL_L,-0.6283710282010894
Drosophila,EPA_R,ICL_R,-0.6040569494387962
Drosophila,EPA_R,IPS_L,-0.9282981584763318
Drosophila,EPA_R,IPS_R,-0.7849418144651507
Drosophila,EPA_R,IVLP_L,-0.7082162262587051
Drosophila,EPA_R,IVLP_R,0.19725952151639456
Drosophila,EPA_R,LAL_L,-0.847807636770886
Drosophila,EPA_R,LAL_R,-0.9046093817427003
Drosophila,EPA_R,LB_L,0.9675138309417102
Drosophila,EPA_R,LB_R,0.9419481470179588
Drosophila,EPA_R,LH_L,-0.9396578730908821
Drosophila,EPA_R,LH_R,-0.2040379180412842
Drosophila,EPA_R,LOP_R,0.9888707114146894
Drosophila,EPA_R,LO_L,0.9629514659157001
Drosophila,EPA_R,LO_R,0.9282662373014156
Drosophila,EPA_R,MB_L,-0.9587117524639722
Drosophila,EPA_R,MB_R,-0.9988386434743234
Drosophila,EPA_R,ME_L,0.9815761353061113
Drosophila,EPA_R,ME_R,0.9226181999323009
Drosophila,EPA_R,NO,0.8581260821111905
Drosophila,EPA_R,OTU_L,0.2590002947701611
Drosophila,EPA_R,OTU_R,0.741589620285594
Drosophila,EPA_R,PB,0.2445361290115048
Drosophila,EPA_R,PLP_L,-0.8940449727265319
Drosophila,EPA_R,PLP_R,-0.9074265063853321
Drosophila,EPA_R,PRW,0.8807467615735615
Drosophila,EPA_R,PVLP_L,-0.7676550833720329
Drosophila,EPA_R,PVLP_R,-0.666758610625131
Drosophila,EPA_R,SAD,-0.8487384023096268
Drosophila,EPA_R,SCL_L,-0.9111212040628698
Drosophila,EPA_R,SCL_R,-0.8931304592479011
Drosophila,EPA_R,SIP_L,-0.9664680892026513
Drosophila,EPA_R,SIP_R,-0.8905987760403302
Drosophila,EPA_R,SLP_L,-0.9849989965487881
Drosophila,EPA_R,SLP_R,-0.9642932378617206
Drosophila,EPA_R,SMP_L,-0.9300851216920878
Drosophila,EPA_R,SMP_R,-0.9340729867080736
Drosophila,EPA_R,SOG,-0.8860503366933654
Drosophila,EPA_R,SPS_L,-0.8932294477084558
Drosophila,EPA_R,SPS_R,-0.9147710733204056
Drosophila,EPA_R,VES_L,-0.8087366792076962
Drosophila,EPA_R,VES_R,-0.9549570052181011
Drosophila,EPA_R,WED_L,0.9225146826557074
Drosophila,EPA_R,WED_R,0.9730263629485744
Drosophila,FB,FLA,0.7919054925391307
Drosophila,FB,GA_L,-0.9977965209593639
Drosophila,FB,GA_R,-0.9905201826464961
Drosophila,FB,GOR_L,-0.8314814709798048
Drosophila,FB,GOR_R,-0.7572374382113028
Drosophila,FB,IB_L,0.2373336723667757
Drosophila,FB,IB_R,0.0606539073111718
Drosophila,FB,ICL_L,0.9033942564846362
Drosophila,FB,ICL_R,0.8883624195860679
Drosophila,FB,IPS_L,0.7520869423830918
Drosophila,FB,IPS_R,0.49440626509066626
Drosophila,FB,IVLP_L,0.7849022572419179
Drosophila,FB,IVLP_R,0.11174534761925642
Drosophila,FB,LAL_L,0.9448764063826737
Drosophila,FB,LAL_R,0.9938218402252883
Drosophila,FB,LB_L,-0.9792120072470529
Drosophila,FB,LB_R,-0.9897106831051962
Drosophila,FB,LH_L,0.8333647552655629
Drosophila,FB,LH_R,-0.07025518205738608
Drosophila,FB,LOP_R,-0.9523375607306338
Drosophila,FB,LO_L,-0.973274023138336
Drosophila,FB,LO_R,-0.9833282405686462
Drosophila,FB,MB_L,0.9791249786409949
Drosophila,FB,MB_R,0.9142752476301791
Drosophila,FB,ME_L,-0.9646986246000328
Drosophila,FB,ME_R,-0.9769109015680852
Drosophila,FB,NO,-0.9935607266697838
Drosophila,FB,OTU_L,-0.0951308245667471
Drosophila,FB,OTU_R,-0.8257058554098192
Drosophila,FB,PB,-0.5906952969964088
Drosophila,FB,PLP_L,0.9896894388266527
Drosophila,FB,PLP_R,0.9845242609178344
Drosophila,FB,PRW,-0.9396971569524951
Drosophila,FB,PVLP_L,0.857586816351412
Drosophila,FB,PVLP_R,0.8402717568836509
Drosophila,FB,SAD,0.9638448755092024
Drosophila,FB,SCL_L,0.9892934022993837
Drosophila,FB,SCL_R,0.9927842962092254
Drosophila,FB,SIP_L,0.9738029537205661
Drosophila,FB,SIP_R,0.8789588340746879
Drosophila,FB,SLP_L,0.928144700423975
Drosophila,FB,SLP_R,0.8895648173124772
Drosophila,FB,SMP_L,0.9962739419540209
Drosophila,FB,SMP_R,0.9936860513048671
Drosophila,FB,SOG,0.5942300664859193
Drosophila,FB,SPS_L,0.9966715130370325
Drosophila,FB,SPS_R,0.9987869861664612
Drosophila,FB,VES_L,0.882324001099514
Drosophila,FB,VES_R,0.9873502806071514
Drosophila,FB,WED_L,-0.997659081775002
Drosophila,FB,WED_R,-0.9728888646045906
Drosophila,FLA,GA_L,-0.7513935554835918
Drosophila,FLA,GA_R,-0.7458299790804579
Drosophila,FLA,GOR_L,-0.4922221244403285
Drosophila,FLA,GOR_R,-0.5339300066124804
Drosophila,FLA,IB_L,0.35605627817430574
Drosophila,FLA,IB_R,0.4898529904706907
Drosophila,FLA,ICL_L,0.8945887437900567
Drosophila,FLA,ICL_R,0.9020007799375381
Drosophila,FLA,IPS_L,0.26181140704558253
Drosophila,FLA,IPS_R,0.3991069496589059
Drosophila,FLA,IVLP_L,0.2804617166151626
Drosophila,FLA,IVLP_R,0.6717117556472499
Drosophila,FLA,LAL_L,0.5691107395234138
Drosophila,FLA,LAL_R,0.7204309829668163
Drosophila,FLA,LB_L,-0.7101058594361778
Drosophila,FLA,LB_R,-0.7102027685640863
Drosophila,FLA,LH_L,0.3548049052784712
Drosophila,FLA,LH_R,-0.6542028790121914
Drosophila,FLA,LOP_R,-0.6632461418205053
Drosophila,FLA,LO_L,-0.65722667207913
Drosophila,FLA,LO_R,-0.6689409193062359
Drosophila,FLA,MB_L,0.6764839825071816
Drosophila,FLA,MB_R,0.6266899500050647
Drosophila,FLA,ME_L,-0.6867818837967004
Drosophila,FLA,ME_R,-0.6433311082078937
Drosophila,FLA,NO,-0.7603842894964998
Drosophila,FLA,OTU_L,-0.46793989623561016
Drosophila,FLA,OTU_R,-0.34504910573348685
Drosophila,FLA,PB,-0.9088270268019366
Drosophila,FLA,PLP_L,0.7019015653502002
Drosophila,FLA,PLP_R,0.6737074045274001
Drosophila,FLA,PRW,-0.901526372763014
Drosophila,FLA,PVLP_L,0.39903930162724754
Drosophila,FLA,PVLP_R,0.9950525767156138
Drosophila,FLA,SAD,0.6286363220378817
Drosophila,FLA,SCL_L,0.6946207837200246
Drosophila,FLA,SCL_R,0.8498728786346019
Drosophila,FLA,SIP_L,0.6668116039277001
Drosophila,FLA,SIP_R,0.8607368755517483
Drosophila,FLA,SLP_L,0.7171826948225521
Drosophila,FLA,SLP_R,0.7431341820743835
Drosophila,FLA,SMP_L,0.7795458776187345
Drosophila,FLA,SMP_R,0.791166648660328
Drosophila,FLA,SOG,0.19861903195462027
Drosophila,FLA,SPS_L,0.8341540076831099
Drosophila,FLA,SPS_R,0.7921991920033045
Drosophila,FLA,VES_L,0.4317454086792256
Drosophila,FLA,VES_R,0.7507235120770946
Drosophila,FLA,WED_L,-0.758210117909356
Drosophila,FLA,WED_R,-0.7318845820845186
Drosophila,GA_L,GA_R,0.9899955184033332
Drosophila,GA_L,GOR_L,0.8375948770907693
Drosophila,GA_L,GOR_R,0.7499825018924594
Drosophila,GA_L,IB_L,-0.23729398697685197
Drosophila,GA_L,IB_R,-0.02784342374576779
Drosophila,GA_L,ICL_L,-0.8888030769934301
Drosophila,GA_L,ICL_R,-0.8720192414812267
Drosophila,GA_L,IPS_L,-0.7780304506569273
Drosophila,GA_L,IPS_R,-0.47577174317843896
Drosophila,GA_L,IVLP_L,-0.8238052060957463
Drosophila,GA_L,IVLP_R,-0.056155754168527416
Drosophila,GA_L,LAL_L,-0.9642223589321751
Drosophila,GA_L,LAL_R,-0.9989536473828048
Drosophila,GA_L,LB_L,0.9805248243037672
Drosophila,GA_L,LB_R,0.9936881177444906
Drosophila,GA_L,LH_L,-0.8586982349467019
Drosophila,GA_L,LH_R,0.011437174690057728
Drosophila,GA_L,LOP_R,0.954558000457166
Drosophila,GA_L,LO_L,0.980331308456567
Drosophila,GA_L,LO_R,0.9920427440148241
Drosophila,GA_L,MB_L,-0.9848804431741361
Drosophila,GA_L,MB_R,-0.9151994544278323
Drosophila,GA_L,ME_L,0.9661410727772147
Drosophila,GA_L,ME_R,0.9880922752408569
Drosophila,GA_L,NO,0.9961372080458297
Drosophila,GA_L,OTU_L,0.0394518581439885
Drosophila,GA_L,OTU_R,0.8608112087356622
Drosophila,GA_L,PB,0.5504750515643098
Drosophila,GA_L,PLP_L,-0.9969912362524076
Drosophila,GA_L,PLP_R,-0.9938461322543996
Drosophila,GA_L,PRW,0.9169304230966043
Drosophila,GA_L,PVLP_L,-0.889303266953952
Drosophila,GA_L,PVLP_R,-0.8031780802274123
Drosophila,GA_L,SAD,-0.9786034646877991
Drosophila,GA_L,SCL_L,-0.9965812367479006
Drosophila,GA_L,SCL_R,-0.9828348686586903
Drosophila,GA_L,SIP_L,-0.9796133734088858
Drosophila,GA_L,SIP_R,-0.8523176958654874
Drosophila,GA_L,SLP_L,-0.9207980990993524
Drosophila,GA_L,SLP_R,-0.8748610521128954
Drosophila,GA_L,SMP_L,-0.9934208557998389
Drosophila,GA_L,SMP_R,-0.9888945641915364
Drosophila,GA_L,SOG,-0.6082822453260744
Drosophila,GA_L,SPS_L,-0.9891292099462249
Drosophila,GA_L,SPS_R,-0.9955072845449585
Drosophila,GA_L,VES_L,-0.911494935288183
Drosophila,GA_L,VES_R,-0.9855205332966546
Drosophila,GA_L,WED_L,0.9979182066604632
Drosophila,GA_L,WED_R,0.9704636286804463
Drosophila,GA_R,GOR_L,0.8998689182014779
Drosophila,GA_R,GOR_R,0.8354419721452049
Drosophila,GA_R,IB_L,-0.10405346453986448
Drosophila,GA_R,IB_R,0.0694995041756183
Drosophila,GA_R,ICL_L,-0.8381532597264442
Drosophila,GA_R,ICL_R,-0.8198547826744841
Drosophila,GA_R,IPS_L,-0.8244010305113747
Drosophila,GA_R,IPS_R,-0.5949580357367545
Drosophila,GA_R,IVLP_L,-0.7800351708509967
Drosophila,GA_R,IVLP_R,-0.016884993112076963
Drosophila,GA_R,LAL_L,-0.9367098644507769
Drosophila,GA_R,LAL_R,-0.9887596587980682
Drosophila,GA_R,LB_L,0.997708269039521
Drosophila,GA_R,LB_R,0.997356568865994
Drosophila,GA_R,LH_L,-0.8858412834086206
Drosophila,GA_R,LH_R,-0.014889580641944
Drosophila,GA_R,LOP_R,0.9851913242750892
Drosophila,GA_R,LO_L,0.9922370230909326
Drosophila,GA_R,LO_R,0.9887137907292753
Drosophila,GA_R,MB_L,-0.9950555355354533
Drosophila,GA_R,MB_R,-0.9611049846217296
Drosophila,GA_R,ME_L,0.9917206590691398
Drosophila,GA_R,ME_R,0.9824649810709593
Drosophila,GA_R,NO,0.9741012822886465
Drosophila,GA_R,OTU_L,0.14632882056077656
Drosophila,GA_R,OTU_R,0.8193424230935228
Drosophila,GA_R,PB,0.49559575768589054
Drosophila,GA_R,PLP_L,-0.9826082414509674
Drosophila,GA_R,PLP_R,-0.9831313997266136
Drosophila,GA_R,PRW,0.9419377524148181
Drosophila,GA_R,PVLP_L,-0.8500383064881463
Drosophila,GA_R,PVLP_R,-0.8043581787031915
Drosophila,GA_R,SAD,-0.9503808071998776
Drosophila,GA_R,SCL_L,-0.9876135134072223
Drosophila,GA_R,SCL_R,-0.9840068435920816
Drosophila,GA_R,SIP_L,-0.9936651773895885
Drosophila,GA_R,SIP_R,-0.9015719503777779
Drosophila,GA_R,SLP_L,-0.9664550054925352
Drosophila,GA_R,SLP_R,-0.932316679408226
Drosophila,GA_R,SMP_L,-0.99815406696025
Drosophila,GA_R,SMP_R,-0.9974852205225254
Drosophila,GA_R,SOG,-0.6984241705573947
Drosophila,GA_R,SPS_L,-0.9868817801431563
Drosophila,GA_R,SPS_R,-0.9951902632835677
Drosophila,GA_R,VES_L,-0.8803172690783561
Drosophila,GA_R,VES_R,-0.9995258237792461
Drosophila,GA_R,WED_L,0.9968917646798191
Drosophila,GA_R,WED_R,0.9947940855039917
Drosophila,GOR_L,GOR_R,0.9709121886943238
Drosophila,GOR_L,IB_L,0.32876609380712746
Drosophila,GOR_L,IB_R,0.4795353605633183
Drosophila,GOR_L,ICL_L,-0.5198448257603212
Drosophila,GOR_L,ICL_R,-0.4931324103141268
Drosophila,GOR_L,IPS_L,-0.9524786225708038
Drosophila,GOR_L,IPS_R,-0.8286212958474586
Drosophila,GOR_L,IVLP_L,-0.6748470346645215
Drosophila,GOR_L,IVLP_R,0.2999907172770151
Drosophila,GOR_L,LAL_L,-0.7950874435083197
Drosophila,GOR_L,LAL_R,-0.8459919161762397
Drosophila,GOR_L,LB_L,0.9267777303313877
Drosophila,GOR_L,LB_R,0.8931152343833654
Drosophila,GOR_L,LH_L,-0.9433562210108037
Drosophila,GOR_L,LH_R,-0.29801933873527553
Drosophila,GOR_L,LOP_R,0.9613197798957505
Drosophila,GOR_L,LO_L,0.9251644410152619
Drosophila,GOR_L,LO_R,0.8798681473491805
Drosophila,GOR_L,MB_L,-0.9176964001941522
Drosophila,GOR_L,MB_R,-0.9839495584573862
Drosophila,GOR_L,ME_L,0.9484274362107824
Drosophila,GOR_L,ME_R,0.8756818359502938
Drosophila,GOR_L,NO,0.7871951375286331
Drosophila,GOR_L,OTU_L,0.27212691585207066
Drosophila,GOR_L,OTU_R,0.7032343835103801
Drosophila,GOR_L,PB,0.12032354720110745
Drosophila,GOR_L,PLP_L,-0.8349215088805444
Drosophila,GOR_L,PLP_R,-0.8538629333626303
Drosophila,GOR_L,PRW,0.8200659721681788
Drosophila,GOR_L,PVLP_L,-0.7252268689462147
Drosophila,GOR_L,PVLP_R,-0.5761222369201834
Drosophila,GOR_L,SAD,-0.788976644261768
Drosophila,GOR_L,SCL_L,-0.8562656109378405
Drosophila,GOR_L,SCL_R,-0.8257586672518683
Drosophila,GOR_L,SIP_L,-0.9288716656102249
Drosophila,GOR_L,SIP_R,-0.8478992878760572
Drosophila,GOR_L,SLP_L,-0.9593848694232936
Drosophila,GOR_L,SLP_R,-0.9415000609463549
Drosophila,GOR_L,SMP_L,-0.8736731130660043
Drosophila,GOR_L,SMP_R,-0.8785617293057649
Drosophila,GOR_L,SOG,-0.9396722993607564
Drosophila,GOR_L,SPS_L,-0.8257795145422397
Drosophila,GOR_L,SPS_R,-0.8537390410837342
Drosophila,GOR_L,VES_L,-0.7682659126160849
Drosophila,GOR_L,VES_R,-0.9075555417607073
Drosophila,GOR_L,WED_L,0.8651556299127947
Drosophila,GOR_L,WED_R,0.9338736187916151
Drosophila,GOR_R,IB_L,0.45006188449622525
Drosophila,GOR_R,IB_R,0.4749233319703152
Drosophila,GOR_R,ICL_L,-0.45106228365892365
Drosophila,GOR_R,ICL_R,-0.42882183409525215
Drosophila,GOR_R,IPS_L,-0.8655727418256066
Drosophila,GOR_R,IPS_R,-0.9329550335574217
Drosophila,GOR_R,IVLP_L,-0.48175588885456166
Drosophila,GOR_R,IVLP_R,0.19498335318705945
Drosophila,GOR_R,LAL_L,-0.6533976814942298
Drosophila,GOR_R,LAL_R,-0.7509472826342214
Drosophila,GOR_R,LB_L,0.8640255413176331
Drosophila,GOR_R,LB_R,0.8121602680475359
Drosophila,GOR_R,LH_L,-0.8370173922657314
Drosophila,GOR_R,LH_R,-0.1714924424594378
Drosophila,GOR_R,LOP_R,0.9086893989960345
Drosophila,GOR_R,LO_L,0.8438735507283686
Drosophila,GOR_R,LO_R,0.7816758237974032
Drosophila,GOR_R,MB_L,-0.8379928021212896
Drosophila,GOR_R,MB_R,-0.9493959078535991
Drosophila,GOR_R,ME_L,0.8929567728079697
Drosophila,GOR_R,ME_R,0.7697907869144288
Drosophila,GOR_R,NO,0.6895616716778386
Drosophila,GOR_R,OTU_L,0.49242121100491143
Drosophila,GOR_R,OTU_R,0.5187345419750964
Drosophila,GOR_R,PB,0.13781482366616787
Drosophila,GOR_R,PLP_L,-0.7313044189718287
Drosophila,GOR_R,PLP_R,-0.748257484568834
Drosophila,GOR_R,PRW,0.8286716742641885
Drosophila,GOR_R,PVLP_L,-0.5488473450469137
Drosophila,GOR_R,PVLP_R,-0.6106413932633904
Drosophila,GOR_R,SAD,-0.6571990921772292
Drosophila,GOR_R,SCL_L,-0.7569315546381378
Drosophila,GOR_R,SCL_R,-0.7786804731783197
Drosophila,GOR_R,SIP_L,-0.8524403671764732
Drosophila,GOR_R,SIP_R,-0.8899292598883536
Drosophila,GOR_R,SLP_L,-0.9450161524290916
Drosophila,GOR_R,SLP_R,-0.9582299129310747
Drosophila,GOR_R,SMP_L,-0.8107405170276294
Drosophila,GOR_R,SMP_R,-0.8238430912398745
Drosophila,GOR_R,SOG,-0.929362192764707
Drosophila,GOR_R,SPS_L,-0.7695187181002665
Drosophila,GOR_R,SPS_R,-0.7877908821050538
Drosophila,GOR_R,VES_L,-0.6029363757678478
Drosophila,GOR_R,VES_R,-0.849858110235225
Drosophila,GOR_R,WED_L,0.7895785760719921
Drosophila,GOR_R,WED_R,0.8868331543538868
Drosophila,IB_L,IB_R,0.8541722588898966
Drosophila,IB_L,ICL_L,0.5864892112891176
Drosophila,IB_L,ICL_R,0.6024076757571895
Drosophila,IB_L,IPS_L,-0.3150414190409887
Drosophila,IB_L,IPS_R,-0.6889363370149705
Drosophila,IB_L,IVLP_L,0.28228864284219046
Drosophila,IB_L,IVLP_R,0.5451226960032569
Drosophila,IB_L,LAL_L,0.2789543999692325
Drosophila,IB_L,LAL_R,0.22515341918795292
Drosophila,IB_L,LB_L,-0.04240670232873414
Drosophila,IB_L,LB_R,-0.12978845276426787
Drosophila,IB_L,LH_L,-0.15984428708996345
Drosophila,IB_L,LH_R,-0.4588779167098078
Drosophila,IB_L,LOP_R,0.06300096229355692
Drosophila,IB_L,LO_L,-0.05419827494740771
Drosophila,IB_L,LO_R,-0.15827483262739442
Drosophila,IB_L,MB_L,0.07336342127933358
Drosophila,IB_L,MB_R,-0.17383792188618943
Drosophila,IB_L,ME_L,0.021086653778363624
Drosophila,IB_L,ME_R,-0.1628897571110062
Drosophila,IB_L,NO,-0.3214446112869097
Drosophila,IB_L,OTU_L,0.508428311196923
Drosophila,IB_L,OTU_R,-0.2895027142266758
Drosophila,IB_L,PB,-0.6741508617949669
Drosophila,IB_L,PLP_L,0.24506419657205827
Drosophila,IB_L,PLP_R,0.20894356843125442
Drosophila,IB_L,PRW,-0.08451764849052552
Drosophila,IB_L,PVLP_L,0.2940653373844533
Drosophila,IB_L,PVLP_R,0.3010917869362384
Drosophila,IB_L,SAD,0.3074498491564087
Drosophila,IB_L,SCL_L,0.2061116300562229
Drosophila,IB_L,SCL_R,0.20918697266396896
Drosophila,IB_L,SIP_L,0.044310215647785894
Drosophila,IB_L,SIP_R,-0.0835630442347471
Drosophila,IB_L,SLP_L,-0.13344715207551203
Drosophila,IB_L,SLP_R,-0.19288903540864397
Drosophila,IB_L,SMP_L,0.1531539099726266
Drosophila,IB_L,SMP_R,0.13343623419370143
Drosophila,IB_L,SOG,-0.6055042819404828
Drosophila,IB_L,SPS_L,0.2239324658036818
Drosophila,IB_L,SPS_R,0.19177930902036974
Drosophila,IB_L,VES_L,0.2513755607922876
Drosophila,IB_L,VES_R,0.08043304269442499
Drosophila,IB_L,WED_L,-0.18120708536755736
Drosophila,IB_L,WED_R,-0.006247274960851201
Drosophila,IB_R,ICL_L,0.48211602032051776
Drosophila,IB_R,ICL_R,0.5120461217994681
Drosophila,IB_R,IPS_L,-0.603072334251473
Drosophila,IB_R,IPS_R,-0.5586658800542886
Drosophila,IB_R,IVLP_L,-0.17218960823058918
Drosophila,IB_R,IVLP_R,0.8865248199960754
Drosophila,IB_R,LAL_L,-0.05496054221645982
Drosophila,IB_R,LAL_R,-0.004363691743117268
Drosophila,IB_R,LB_L,0.13651631553580973
Drosophila,IB_R,LB_R,0.08022356110546577
Drosophila,IB_R,LH_L,-0.47343375020274125
Drosophila,IB_R,LH_R,-0.8406963314396736
Drosophila,IB_R,LOP_R,0.233035344676706
Drosophila,IB_R,LO_L,0.16818460447992856
Drosophila,IB_R,LO_R,0.08931932779801871
Drosophila,IB_R,MB_L,-0.14224768704924642
Drosophila,IB_R,MB_R,-0.31595138565645875
Drosophila,IB_R,ME_L,0.19179998218566446
Drosophila,IB_R,ME_R,0.10267000687369579
Drosophila,IB_R,NO,-0.10095980088536405
Drosophila,IB_R,OTU_L,0.05162716875866836
Drosophila,IB_R,OTU_R,0.14403631597702007
Drosophila,IB_R,PB,-0.8057683432384056
Drosophila,IB_R,PLP_L,-0.002194714884359841
Drosophila,IB_R,PLP_R,-0.04880297862709789
Drosophila,IB_R,PRW,-0.08886578213688288
Drosophila,IB_R,PVLP_L,-0.11982726583985946
Drosophila,IB_R,PVLP_R,0.4068917519155608
Drosophila,IB_R,SAD,0.0018221257941096153
Drosophila,IB_R,SCL_L,-0.036837183139509566
Drosophila,IB_R,SCL_R,0.09496841216270101
Drosophila,IB_R,SIP_L,-0.16773315088579221
Drosophila,IB_R,SIP_R,-0.02201095489759302
Drosophila,IB_R,SLP_L,-0.21997675186442128
Drosophila,IB_R,SLP_R,-0.2112862220445956
Drosophila,IB_R,SMP_L,-0.009070249087735667
Drosophila,IB_R,SMP_R,-0.011679196235957073
Drosophila,IB_R,SOG,-0.7467129142269083
Drosophila,IB_R,SPS_L,0.08938978599674692
Drosophila,IB_R,SPS_R,0.02823772188435963
Drosophila,IB_R,VES_L,-0.14299306000118317
Drosophila,IB_R,VES_R,-0.0802620117944292
Drosophila,IB_R,WED_L,0.007637676376058263
Drosophila,IB_R,WED_R,0.13965708673411925
Drosophila,ICL_L,ICL_R,0.9993198114275836
Drosophila,ICL_L,IPS_L,0.40389503219740375
Drosophila,ICL_L,IPS_R,0.17851869923842548
Drosophila,ICL_L,IVLP_L,0.629001349868355
Drosophila,ICL_L,IVLP_R,0.4670221724974489
Drosophila,ICL_L,LAL_L,0.8129800751536773
Drosophila,ICL_L,LAL_R,0.8722968928738603
Drosophila,ICL_L,LB_L,-0.7993340733492338
Drosophila,ICL_L,LB_R,-0.8346061874738461
Drosophila,ICL_L,LH_L,0.5323626361997521
Drosophila,ICL_L,LH_R,-0.4089503569152334
Drosophila,ICL_L,LOP_R,-0.7333965480947758
Drosophila,ICL_L,LO_L,-0.782539850732826
Drosophila,ICL_L,LO_R,-0.8269898738907326
Drosophila,ICL_L,MB_L,0.798606606084926
Drosophila,ICL_L,MB_R,0.6627297615536891
Drosophila,ICL_L,ME_L,-0.7621728217889915
Drosophila,ICL_L,ME_R,-0.8164945211175054
Drosophila,ICL_L,NO,-0.9176228068566523
Drosophila,ICL_L,OTU_L,-0.036964049559038016
Drosophila,ICL_L,OTU_R,-0.675659478296505
Drosophila,ICL_L,PB,-0.8580532106296327
Drosophila,ICL_L,PLP_L,0.8705529747336656
Drosophila,ICL_L,PLP_R,0.846239149073343
Drosophila,ICL_L,PRW,-0.8542395267461554
Drosophila,ICL_L,PVLP_L,0.7129152096794061
Drosophila,ICL_L,PVLP_R,0.9017428740015728
Drosophila,ICL_L,SAD,0.8528210117740042
Drosophila,ICL_L,SCL_L,0.8548588258135079
Drosophila,ICL_L,SCL_R,0.9089682392555083
Drosophila,ICL_L,SIP_L,0.7826743096670002
Drosophila,ICL_L,SIP_R,0.7501983594530156
Drosophila,ICL_L,SLP_L,0.713887356644503
Drosophila,ICL_L,SLP_R,0.6807582630652762
Drosophila,ICL_L,SMP_L,0.8689729273476997
Drosophila,ICL_L,SMP_R,0.8647235161901615
Drosophila,ICL_L,SOG,0.19672135836267943
Drosophila,ICL_L,SPS_L,0.9109311521008555
Drosophila,ICL_L,SPS_R,0.8875179258442312
Drosophila,ICL_L,VES_L,0.7232817160949099
Drosophila,ICL_L,VES_R,0.8300515012807074
Drosophila,ICL_L,WED_L,-0.8721445768642497
Drosophila,ICL_L,WED_R,-0.7908072170178979
Drosophila,ICL_R,IPS_L,0.3710398795022638
Drosophila,ICL_R,IPS_R,0.16142457331849025
Drosophila,ICL_R,IVLP_L,0.6026351590368372
Drosophila,ICL_R,IVLP_R,0.49872874069893014
Drosophila,ICL_R,LAL_L,0.7911794097808175
Drosophila,ICL_R,LAL_R,0.8541486359775219
Drosophila,ICL_R,LB_L,-0.7792365575578386
Drosophila,ICL_R,LB_R,-0.8150254132133585
Drosophila,ICL_R,LH_L,0.5012962152408377
Drosophila,ICL_R,LH_R,-0.4410409425564007
Drosophila,ICL_R,LOP_R,-0.711291465923423
Drosophila,ICL_R,LO_L,-0.760469647850147
Drosophila,ICL_R,LO_R,-0.8062047360116096
Drosophila,ICL_R,MB_L,0.777344866725148
Drosophila,ICL_R,MB_R,0.6396362237934909
Drosophila,ICL_R,ME_L,-0.7410011485496627
Drosophila,ICL_R,ME_R,-0.7949336370690983
Drosophila,ICL_R,NO,-0.9025305175504317
Drosophila,ICL_R,OTU_L,-0.04707904146956705
Drosophila,ICL_R,OTU_R,-0.6501404293594878
Drosophila,ICL_R,PB,-0.8761825194875319
Drosophila,ICL_R,PLP_L,0.8520213703452013
Drosophila,ICL_R,PLP_R,0.8262381970456075
Drosophila,ICL_R,PRW,-0.8456652289196384
Drosophila,ICL_R,PVLP_L,0.6882076428331719
Drosophila,ICL_R,PVLP_R,0.9056045541269593
Drosophila,ICL_R,SAD,0.8330893798181838
Drosophila,ICL_R,SCL_L,0.8355287132585082
Drosophila,ICL_R,SCL_R,0.8966588274753977
Drosophila,ICL_R,SIP_L,0.7608952958605811
Drosophila,ICL_R,SIP_R,0.74096650108348
Drosophila,ICL_R,SLP_L,0.6947195643375822
Drosophila,ICL_R,SLP_R,0.6641565000046868
Drosophila,ICL_R,SMP_L,0.8525279866688187
Drosophila,ICL_R,SMP_R,0.8487118319467248
Drosophila,ICL_R,SOG,0.16595325132211616
Drosophila,ICL_R,SPS_L,0.8978664953657737
Drosophila,ICL_R,SPS_R,0.8720001348652803
Drosophila,ICL_R,VES_L,0.6982052715031141
Drosophila,ICL_R,VES_R,0.8118587596568918
Drosophila,ICL_R,WED_L,-0.8549866697159036
Drosophila,ICL_R,WED_R,-0.7716119184415491
Drosophila,IPS_L,IPS_R,0.6851085196320501
Drosophila,IPS_L,IVLP_L,0.7969020920897155
Drosophila,IPS_L,IVLP_R,-0.5390592136083343
Drosophila,IPS_L,LAL_L,0.8174312864824761
Drosophila,IPS_L,LAL_R,0.7994076036001202
Drosophila,IPS_L,LB_L,-0.8583940509511537
Drosophila,IPS_L,LB_R,-0.8386249145528718
Drosophila,IPS_L,LH_L,0.9868818667544411
Drosophila,IPS_L,LH_R,0.5510669521316923
Drosophila,IPS_L,LOP_R,-0.8956634626821658
Drosophila,IPS_L,LO_L,-0.8832476787381559
Drosophila,IPS_L,LO_R,-0.8479226615106448
Drosophila,IPS_L,MB_L,0.8701375477224736
Drosophila,IPS_L,MB_R,0.9118771741074564
Drosophila,IPS_L,ME_L,-0.8796965178605665
Drosophila,IPS_L,ME_R,-0.8553862913314845
Drosophila,IPS_L,NO,-0.7323337914661147
Drosophila,IPS_L,OTU_L,1.0076347158114909e-05
Drosophila,IPS_L,OTU_R,-0.8054287539045875
Drosophila,IPS_L,PB,0.08299870695304366
Drosophila,IPS_L,PLP_L,0.7989791457843205
Drosophila,IPS_L,PLP_R,0.8261677098080024
Drosophila,IPS_L,PRW,-0.6486616925262086
Drosophila,IPS_L,PVLP_L,0.8099873889381798
Drosophila,IPS_L,PVLP_R,0.35545597150191505
Drosophila,IPS_L,SAD,0.7903080969309414
Drosophila,IPS_L,SCL_L,0.819036214304546
Drosophila,IPS_L,SCL_R,0.7114563524182589
Drosophila,IPS_L,SIP_L,0.8810326241646768
Drosophila,IPS_L,SIP_R,0.6584827475737163
Drosophila,IPS_L,SLP_L,0.8506437948581803
Drosophila,IPS_L,SLP_R,0.8009988871041362
Drosophila,IPS_L,SMP_L,0.788955271731985
Drosophila,IPS_L,SMP_R,0.7847602663207083
Drosophila,IPS_L,SOG,0.9369693979693124
Drosophila,IPS_L,SPS_L,0.7223914270669131
Drosophila,IPS_L,SPS_R,0.7681686295224305
Drosophila,IPS_L,VES_L,0.838384066968889
Drosophila,IPS_L,VES_R,0.8257486883063003
Drosophila,IPS_L,WED_L,-0.7951197518749473
Drosophila,IPS_L,WED_R,-0.8481358751642276
Drosophila,IPS_R,IVLP_L,0.14808200773706703
Drosophila,IPS_R,IVLP_R,-0.17141435730111906
Drosophila,IPS_R,LAL_L,0.3371246481572495
Drosophila,IPS_R,LAL_R,0.4719881769786957
Drosophila,IPS_R,LB_L,-0.6325731529715415
Drosophila,IPS_R,LB_R,-0.5549419175056383
Drosophila,IPS_R,LH_L,0.6111215654461254
Drosophila,IPS_R,LH_R,0.11388431134488537
Drosophila,IPS_R,LOP_R,-0.700397779749669
Drosophila,IPS_R,LO_L,-0.5960780771837718
Drosophila,IPS_R,LO_R,-0.5078310374267863
Drosophila,IPS_R,MB_L,0.5888345321538133
Drosophila,IPS_R,MB_R,0.7737291104197407
Drosophila,IPS_R,ME_L,-0.6762037272787331
Drosophila,IPS_R,ME_R,-0.489880079787612
Drosophila,IPS_R,NO,-0.39967449410088246
Drosophila,IPS_R,OTU_L,-0.7155562921283563
Drosophila,IPS_R,OTU_R,-0.18479146986629838
Drosophila,IPS_R,PB,0.01163473169413891
Drosophila,IPS_R,PLP_L,0.44372671945177
Drosophila,IPS_R,PLP_R,0.46309969940410267
Drosophila,IPS_R,PRW,-0.6632044333908436
Drosophila,IPS_R,PVLP_L,0.21603041697474765
Drosophila,IPS_R,PVLP_R,0.4659376856223231
Drosophila,IPS_R,SAD,0.34374196384627503
Drosophila,IPS_R,SCL_L,0.4767120364951828
Drosophila,IPS_R,SCL_R,0.5435809127023525
Drosophila,IPS_R,SIP_L,0.6097235701664573
Drosophila,IPS_R,SIP_R,0.7797609895333772
Drosophila,IPS_R,SLP_L,0.7810340544912524
Drosophila,IPS_R,SLP_R,0.8337890131010788
Drosophila,IPS_R,SMP_L,0.566126075560294
Drosophila,IPS_R,SMP_R,0.5886971053473407
Drosophila,IPS_R,SOG,0.8703561522520011
Drosophila,IPS_R,SPS_L,0.5243180354727247
Drosophila,IPS_R,SPS_R,0.5365911759636539
Drosophila,IPS_R,VES_L,0.279349332694437
Drosophila,IPS_R,VES_R,0.6179903981255738
Drosophila,IPS_R,WED_L,-0.5310536234008066
Drosophila,IPS_R,WED_R,-0.6735932303838875
Drosophila,IVLP_L,IVLP_R,-0.37222237926116
Drosophila,IVLP_L,LAL_L,0.9444996794364829
Drosophila,IVLP_L,LAL_R,0.8465164194561058
Drosophila,IVLP_L,LB_L,-0.7821502317391794
Drosophila,IVLP_L,LB_R,-0.8234061396257158
Drosophila,IVLP_L,LH_L,0.8699090670971305
Drosophila,IVLP_L,LH_R,0.4428072753791289
Drosophila,IVLP_L,LOP_R,-0.7592711397096003
Drosophila,IVLP_L,LO_L,-0.831611168246594
Drosophila,IVLP_L,LO_R,-0.8648512419470457
Drosophila,IVLP_L,MB_L,0.8260447746614497
Drosophila,IVLP_L,MB_R,0.706795618624486
Drosophila,IVLP_L,ME_L,-0.7658333799846841
Drosophila,IVLP_L,ME_R,-0.8830228880185218
Drosophila,IVLP_L,NO,-0.8320947021056275
Drosophila,IVLP_L,OTU_L,0.4882511515375739
Drosophila,IVLP_L,OTU_R,-0.9976038728815466
Drosophila,IVLP_L,PB,-0.15662540924395696
Drosophila,IVLP_L,PLP_L,0.8652221253292395
Drosophila,IVLP_L,PLP_R,0.8763020117219776
Drosophila,IVLP_L,PRW,-0.5333237720531291
Drosophila,IVLP_L,PVLP_L,0.9917392760596696
Drosophila,IVLP_L,PVLP_R,0.3444761004113692
Drosophila,IVLP_L,SAD,0.9198075250000557
Drosophila,IVLP_L,SCL_L,0.8610046773934801
Drosophila,IVLP_L,SCL_R,0.7051131011468398
Drosophila,IVLP_L,SIP_L,0.8195700260924145
Drosophila,IVLP_L,SIP_R,0.4337881233492033
Drosophila,IVLP_L,SLP_L,0.6453092127766114
Drosophila,IVLP_L,SLP_R,0.5415355908684162
Drosophila,IVLP_L,SMP_L,0.7678320485397864
Drosophila,IVLP_L,SMP_R,0.7460236706414896
Drosophila,IVLP_L,SOG,0.5356154901777743
Drosophila,IVLP_L,SPS_L,0.7317768703067957
Drosophila,IVLP_L,SPS_R,0.7696117124414357
Drosophila,IVLP_L,VES_L,0.983478407809238
Drosophila,IVLP_L,VES_R,0.7632318584193634
Drosophila,IVLP_L,WED_L,-0.8003303493099233
Drosophila,IVLP_L,WED_R,-0.7392330364160009
Drosophila,IVLP_R,LAL_L,-0.1346989603419577
Drosophila,IVLP_R,LAL_R,0.012602503187941854
Drosophila,IVLP_R,LB_L,0.04006185374223521
Drosophila,IVLP_R,LB_R,0.025642108366828485
Drosophila,IVLP_R,LH_L,-0.4489647860743598
Drosophila,IVLP_R,LH_R,-0.9948242209963754
Drosophila,IVLP_R,LOP_R,0.10884590997227256
Drosophila,IVLP_R,LO_L,0.10579035403119036
Drosophila,IVLP_R,LO_R,0.0693399464525199
Drosophila,IVLP_R,MB_L,-0.07896919939709127
Drosophila,IVLP_R,MB_R,-0.15226969809445942
Drosophila,IVLP_R,ME_L,0.0763060357386775
Drosophila,IVLP_R,ME_R,0.097629687667672
Drosophila,IVLP_R,NO,-0.09843711418861932
Drosophila,IVLP_R,OTU_L,-0.4161252365331456
Drosophila,IVLP_R,OTU_R,0.3221966929438212
Drosophila,IVLP_R,PB,-0.8545649867135288
Drosophila,IVLP_R,PLP_L,-0.0035416365044993727
Drosophila,IVLP_R,PLP_R,-0.04889718572442714
Drosophila,IVLP_R,PRW,-0.28945052356020107
Drosophila,IVLP_R,PVLP_L,-0.2783795485786288
Drosophila,IVLP_R,PVLP_R,0.595642668284965
Drosophila,IVLP_R,SAD,-0.06181378081077742
Drosophila,IVLP_R,SCL_L,-0.02500486710858625
Drosophila,IVLP_R,SCL_R,0.19429690993315846
Drosophila,IVLP_R,SIP_L,-0.09556205197637965
Drosophila,IVLP_R,SIP_R,0.247857628255558
Drosophila,IVLP_R,SLP_L,-0.025992151203275162
Drosophila,IVLP_R,SLP_R,0.03575412773630485
Drosophila,IVLP_R,SMP_L,0.07332476204586172
Drosophila,IVLP_R,SMP_R,0.08697353179022489
Drosophila,IVLP_R,SOG,-0.5427543989887761
Drosophila,IVLP_R,SPS_L,0.17189961834659565
Drosophila,IVLP_R,SPS_R,0.10007020466140278
Drosophila,IVLP_R,VES_L,-0.2711472526638683
Drosophila,IVLP_R,VES_R,0.020390951332913538
Drosophila,IVLP_R,WED_L,-0.04953972249734544
Drosophila,IVLP_R,WED_R,0.012640502329768594
Drosophila,LAL_L,LAL_R,0.9740392769458973
Drosophila,LAL_L,LB_L,-0.9315657530391267
Drosophila,LAL_L,LB_R,-0.959262018732771
Drosophila,LAL_L,LH_L,0.899673734938851
Drosophila,LAL_L,LH_R,0.19428014140234431
Drosophila,LAL_L,LOP_R,-0.9048032632605394
Drosophila,LAL_L,LO_L,-0.9545510191994707
Drosophila,LAL_L,LO_R,-0.977857078521291
Drosophila,LAL_L,MB_L,0.9547994480883695
Drosophila,LAL_L,MB_R,0.8564816619362867
Drosophila,LAL_L,ME_L,-0.9149956943620061
Drosophila,LAL_L,ME_R,-0.984058146180433
Drosophila,LAL_L,NO,-0.966712418496205
Drosophila,LAL_L,OTU_L,0.20924120706801447
Drosophila,LAL_L,OTU_R,-0.9648918089740562
Drosophila,LAL_L,PB,-0.3985514931464261
Drosophila,LAL_L,PLP_L,0.9817990124181009
Drosophila,LAL_L,PLP_R,0.9847480455927695
Drosophila,LAL_L,PRW,-0.77959780468846
Drosophila,LAL_L,PVLP_L,0.9787148425139683
Drosophila,LAL_L,PVLP_R,0.6282609219818336
Drosophila,LAL_L,SAD,0.9971553799821196
Drosophila,LAL_L,SCL_L,0.9791968508391274
Drosophila,LAL_L,SCL_R,0.8988571056863616
Drosophila,LAL_L,SIP_L,0.9484391843068758
Drosophila,LAL_L,SIP_R,0.694196042054559
Drosophila,LAL_L,SLP_L,0.8315842114085915
Drosophila,LAL_L,SLP_R,0.7561605084447119
Drosophila,LAL_L,SMP_L,0.9335365721754255
Drosophila,LAL_L,SMP_R,0.9205800892131243
Drosophila,LAL_L,SOG,0.5947383659814034
Drosophila,LAL_L,SPS_L,0.915040985479198
Drosophila,LAL_L,SPS_R,0.9359737914784205
Drosophila,LAL_L,VES_L,0.9872841005360571
Drosophila,LAL_L,VES_R,0.926067284124999
Drosophila,LAL_L,WED_L,-0.9515285677426445
Drosophila,LAL_L,WED_R,-0.905427771997029
Drosophila,LAL_R,LB_L,-0.9812581695883943
Drosophila,LAL_R,LB_R,-0.9951297480372093
Drosophila,LAL_R,LH_L,0.8778070778214166
Drosophila,LAL_R,LH_R,0.03322489618032384
Drosophila,LAL_R,LOP_R,-0.9571707278574678
Drosophila,LAL_R,LO_L,-0.9847359847466466
Drosophila,LAL_R,LO_R,-0.9962822787053931
Drosophila,LAL_R,MB_L,0.9881883123938575
Drosophila,LAL_R,MB_R,0.9182889109563951
Drosophila,LAL_R,ME_L,-0.9677299516109126
Drosophila,LAL_R,ME_R,-0.9939123872870774
Drosophila,LAL_R,NO,-0.9943099641175
Drosophila,LAL_R,OTU_L,-0.00869236599659571
Drosophila,LAL_R,OTU_R,-0.8809264036281349
Drosophila,LAL_R,PB,-0.5157459072892687
Drosophila,LAL_R,PLP_L,0.9992350542314593
Drosophila,LAL_R,PLP_R,0.9978713033990864
Drosophila,LAL_R,PRW,-0.9011321437852727
Drosophila,LAL_R,PVLP_L,0.9071229593469803
Drosophila,LAL_R,PVLP_R,0.7751767413869453
Drosophila,LAL_R,SAD,0.9850313153885252
Drosophila,LAL_R,SCL_L,0.9992910748705098
Drosophila,LAL_R,SCL_R,0.9740532949486139
Drosophila,LAL_R,SIP_L,0.9833103280450809
Drosophila,LAL_R,SIP_R,0.835972739698401
Drosophila,LAL_R,SLP_L,0.9179034475677742
Drosophila,LAL_R,SLP_R,0.8677877422395311
Drosophila,LAL_R,SMP_L,0.9900405234734702
Drosophila,LAL_R,SMP_R,0.9844657171936982
Drosophila,LAL_R,SOG,0.6252412281891918
Drosophila,LAL_R,SPS_L,0.981768838971845
Drosophila,LAL_R,SPS_R,0.9913729522301136
Drosophila,LAL_R,VES_L,0.9281536057173828
Drosophila,LAL_R,VES_R,0.9837044495120041
Drosophila,LAL_R,WED_L,-0.9962642507204076
Drosophila,LAL_R,WED_R,-0.9691517226234895
Drosophila,LB_L,LB_R,0.9953324235507927
Drosophila,LB_L,LH_L,-0.9102138513343248
Drosophila,LB_L,LH_R,-0.06796714537198562
Drosophila,LB_L,LOP_R,0.994350956770135
Drosophila,LB_L,LO_L,0.9961675945111157
Drosophila,LB_L,LO_R,0.9868580469846943
Drosophila,LB_L,MB_L,-0.9972658250338795
Drosophila,LB_L,MB_R,-0.9765000302697867
Drosophila,LB_L,ME_L,0.9979822604472862
Drosophila,LB_L,ME_R,0.9813237669259331
Drosophila,LB_L,NO,0.9594917266886503
Drosophila,LB_L,OTU_L,0.15532417098912696
Drosophila,LB_L,OTU_R,0.8195987725299925
Drosophila,LB_L,PB,0.43914592909318645
Drosophila,LB_L,PLP_L,-0.9747482663687586
Drosophila,LB_L,PLP_R,-0.9783585274072242
Drosophila,LB_L,PRW,0.9313311834971431
Drosophila,LB_L,PVLP_L,-0.8487331726105923
Drosophila,LB_L,PVLP_R,-0.7737285265808801
Drosophila,LB_L,SAD,-0.9416149529515296
Drosophila,LB_L,SCL_L,-0.9821881145472336
Drosophila,LB_L,SCL_R,-0.9711882399844125
Drosophila,LB_L,SIP_L,-0.9976960971330313
Drosophila,LB_L,SIP_R,-0.8996085736192387
Drosophila,LB_L,SLP_L,-0.9759175829436356
Drosophila,LB_L,SLP_R,-0.9422527334684971
Drosophila,LB_L,SMP_L,-0.9918350009089321
Drosophila,LB_L,SMP_R,-0.9915792810747882
Drosophila,LB_L,SOG,-0.7449407247123869
Drosophila,LB_L,SPS_L,-0.9741638524485194
Drosophila,LB_L,SPS_R,-0.9862822074084432
Drosophila,LB_L,VES_L,-0.8807341888956358
Drosophila,LB_L,VES_R,-0.9981544208969609
Drosophila,LB_L,WED_L,0.9901229524254594
Drosophila,LB_L,WED_R,0.9977596078900037
Drosophila,LB_R,LH_L,-0.9032231580276083
Drosophila,LB_R,LH_R,-0.06282629843760376
Drosophila,LB_R,LOP_R,0.981032950397582
Drosophila,LB_R,LO_L,0.9960640768692625
Drosophila,LB_R,LO_R,0.9969854010025464
Drosophila,LB_R,MB_L,-0.9980431063694147
Drosophila,LB_R,MB_R,-0.9528267386700804
Drosophila,LB_R,ME_L,0.9878376274551152
Drosophila,LB_R,ME_R,0.9934074144134736
Drosophila,LB_R,NO,0.980463194820757
Drosophila,LB_R,OTU_L,0.0753970327775351
Drosophila,LB_R,OTU_R,0.8588343538324575
Drosophila,LB_R,PB,0.4698374094546431
Drosophila,LB_R,PLP_L,-0.9917474589292014
Drosophila,LB_R,PLP_R,-0.9933818557092219
Drosophila,LB_R,PRW,0.9163473842154471
Drosophila,LB_R,PVLP_L,-0.8860405948513178
Drosophila,LB_R,PVLP_R,-0.7704940338596722
Drosophila,LB_R,SAD,-0.9689307676314769
Drosophila,LB_R,SCL_L,-0.995690587109222
Drosophila,LB_R,SCL_R,-0.9745786633106399
Drosophila,LB_R,SIP_L,-0.9959521039302184
Drosophila,LB_R,SIP_R,-0.8678032534366767
Drosophila,LB_R,SLP_L,-0.9507657434453464
Drosophila,LB_R,SLP_R,-0.9077171276704384
Drosophila,LB_R,SMP_L,-0.994432003408556
Drosophila,LB_R,SMP_R,-0.9912686378910527
Drosophila,LB_R,SOG,-0.6934808606698979
Drosophila,LB_R,SPS_L,-0.9802854545336248
Drosophila,LB_R,SPS_R,-0.992061920539735
Drosophila,LB_R,VES_L,-0.9124514787832226
Drosophila,LB_R,VES_R,-0.9949311445548489
Drosophila,LB_R,WED_L,0.9970913748175415
Drosophila,LB_R,WED_R,0.9876646217139942
Drosophila,LH_L,LH_R,0.4749744639710574
Drosophila,LH_L,LOP_R,-0.9309345662951186
Drosophila,LH_L,LO_L,-0.9358350843378614
Drosophila,LH_L,LO_R,-0.9157875946360327
Drosophila,LH_L,MB_L,0.9259082687848718
Drosophila,LH_L,MB_R,0.9295439827997491
Drosophila,LH_L,ME_L,-0.9216739039523336
Drosophila,LH_L,ME_R,-0.9233350818322114
Drosophila,LH_L,NO,-0.8248850094818364
Drosophila,LH_L,OTU_L,0.06247671516218697
Drosophila,LH_L,OTU_R,-0.8818178863201882
Drosophila,LH_L,PB,-0.04636870085388444
Drosophila,LH_L,PLP_L,0.8798070357511966
Drosophila,LH_L,PLP_R,0.9013198230203067
Drosophila,LH_L,PRW,-0.7074362362582205
Drosophila,LH_L,PVLP_L,0.8889123199551121
Drosophila,LH_L,PVLP_R,0.4424067524745987
Drosophila,LH_L,SAD,0.8780660778447115
Drosophila,LH_L,SCL_L,0.8942349513254583
Drosophila,LH_L,SCL_R,0.7892217170048716
Drosophila,LH_L,SIP_L,0.932361934226018
Drosophila,LH_L,SIP_R,0.6906366389330569
Drosophila,LH_L,SLP_L,0.8757200293635022
Drosophila,LH_L,SLP_R,0.8165406570762844
Drosophila,LH_L,SMP_L,0.8580040297986581
Drosophila,LH_L,SMP_R,0.851067366228753
Drosophila,LH_L,SOG,0.8759613535776001
Drosophila,LH_L,SPS_L,0.8021896220109971
Drosophila,LH_L,SPS_R,0.8429486466174402
Drosophila,LH_L,VES_L,0.9126063186717677
Drosophila,LH_L,VES_R,0.8837857127985045
Drosophila,LH_L,WED_L,-0.8679213248080827
Drosophila,LH_L,WED_R,-0.8948748353150473
Drosophila,LH_R,LOP_R,-0.1282890756898027
Drosophila,LH_R,LO_L,-0.13878456506120515
Drosophila,LH_R,LO_R,-0.11219677250373379
Drosophila,LH_R,MB_L,0.11267789119350087
Drosophila,LH_R,MB_R,0.16090211856001152
Drosophila,LH_R,ME_L,-0.09884343571876483
Drosophila,LH_R,ME_R,-0.1425428565990698
Drosophila,LH_R,NO,0.046761693229252076
Drosophila,LH_R,OTU_L,0.4963061218795493
Drosophila,LH_R,OTU_R,-0.3915121684205764
Drosophila,LH_R,PB,0.8160387029827615
Drosophila,LH_R,PLP_L,0.05249145451272822
Drosophila,LH_R,PLP_R,0.09631809468944251
Drosophila,LH_R,PRW,0.2770473406910293
Drosophila,LH_R,PVLP_L,0.3463023359688537
Drosophila,LH_R,PVLP_R,-0.5788537617304004
Drosophila,LH_R,SAD,0.12072745957727385
Drosophila,LH_R,SCL_L,0.07079611951445137
Drosophila,LH_R,SCL_R,-0.16102101194205876
Drosophila,LH_R,SIP_L,0.12684292814550288
Drosophila,LH_R,SIP_R,-0.25334361837466557
Drosophila,LH_R,SLP_L,0.03204784827358716
Drosophila,LH_R,SLP_R,-0.04089760556161571
Drosophila,LH_R,SMP_L,-0.03919109580700172
Drosophila,LH_R,SMP_R,-0.05593546811803233
Drosophila,LH_R,SOG,0.5187051245583248
Drosophila,LH_R,SPS_L,-0.1355482213947394
Drosophila,LH_R,SPS_R,-0.06308187157452713
Drosophila,LH_R,VES_L,0.33432699506335806
Drosophila,LH_R,VES_R,0.008431590958190682
Drosophila,LH_R,WED_L,0.01079284440296077
Drosophila,LH_R,WED_R,-0.0346944133113894
Drosophila,LOP_R,LO_L,0.9904621356780025
Drosophila,LOP_R,LO_R,0.9705433440721493
Drosophila,LOP_R,MB_L,-0.9892725137338729
Drosophila,LOP_R,MB_R,-0.9935840329143977
Drosophila,LOP_R,ME_L,0.9990510372426041
Drosophila,LOP_R,ME_R,0.9650377555978266
Drosophila,LOP_R,NO,0.9247678106648531
Drosophila,LOP_R,OTU_L,0.19721701380672646
Drosophila,LOP_R,OTU_R,0.7951252375859146
Drosophila,LOP_R,PB,0.35923205895231725
Drosophila,LOP_R,PLP_L,-0.9490187089096125
Drosophila,LOP_R,PLP_R,-0.9568435978433425
Drosophila,LOP_R,PRW,0.9163991384733428
Drosophila,LOP_R,PVLP_L,-0.8230405228183412
Drosophila,LOP_R,PVLP_R,-0.7332685281933287
Drosophila,LOP_R,SAD,-0.9108938126039476
Drosophila,LOP_R,SCL_L,-0.960548071591665
Drosophila,LOP_R,SCL_R,-0.9456990601039413
Drosophila,LOP_R,SIP_L,-0.9927738560864751
Drosophila,LOP_R,SIP_R,-0.9016319137365919
Drosophila,LOP_R,SLP_L,-0.9870486279937571
Drosophila,LOP_R,SLP_R,-0.9581827093845516
Drosophila,LOP_R,SMP_L,-0.9736761003352532
Drosophila,LOP_R,SMP_R,-0.9750995538080709
Drosophila,LOP_R,SOG,-0.8105286920818199
Drosophila,LOP_R,SPS_L,-0.9476116030061417
Drosophila,LOP_R,SPS_R,-0.963975005327636
Drosophila,LOP_R,VES_L,-0.8589689956345126
Drosophila,LOP_R,VES_R,-0.9878568441298562
Drosophila,LOP_R,WED_L,0.9696508336531583
Drosophila,LOP_R,WED_R,0.9951548461064565
Drosophila,LO_L,LO_R,0.9941695781648265
Drosophila,LO_L,MB_L,-0.9996240660494585
Drosophila,LO_L,MB_R,-0.9696860891059282
Drosophila,LO_L,ME_L,0.9935630124974271
Drosophila,LO_L,ME_R,0.9919449602178535
Drosophila,LO_L,NO,0.9609308298870735
Drosophila,LO_L,OTU_L,0.0755467786096627
Drosophila,LO_L,OTU_R,0.8639626563510607
Drosophila,LO_L,PB,0.392138400841788
Drosophila,LO_L,PLP_L,-0.9813391890182697
Drosophila,LO_L,PLP_R,-0.9871275347640965
Drosophila,LO_L,PRW,0.8969906457210961
Drosophila,LO_L,PVLP_L,-0.8885518114588277
Drosophila,LO_L,PVLP_R,-0.7242609848488537
Drosophila,LO_L,SAD,-0.9588957255803867
Drosophila,LO_L,SCL_L,-0.9882443903306152
Drosophila,LO_L,SCL_R,-0.9548466229910161
Drosophila,LO_L,SIP_L,-0.9997719167193994
Drosophila,LO_L,SIP_R,-0.8583687201525246
Drosophila,LO_L,SLP_L,-0.9587990869888797
Drosophila,LO_L,SLP_R,-0.9150148144964091
Drosophila,LO_L,SMP_L,-0.9839539209484556
Drosophila,LO_L,SMP_R,-0.9809307450699392
Drosophila,LO_L,SOG,-0.7514440000165711
Drosophila,LO_L,SPS_L,-0.961124923812629
Drosophila,LO_L,SPS_R,-0.9783452441137896
Drosophila,LO_L,VES_L,-0.9165194112440337
Drosophila,LO_L,VES_R,-0.9906909833362263
Drosophila,LO_L,WED_L,0.9866544218570547
Drosophila,LO_L,WED_R,0.9886235311043996
Drosophila,LO_R,MB_L,-0.9952882104812026
Drosophila,LO_R,MB_R,-0.9379233192798923
Drosophila,LO_R,ME_L,0.9776841382942006
Drosophila,LO_R,ME_R,0.9992778625348626
Drosophila,LO_R,NO,0.9818944166805827
Drosophila,LO_R,OTU_L,-0.0011236582049544601
Drosophila,LO_R,OTU_R,0.8959766072651772
Drosophila,LO_R,PB,0.44112821164323207
Drosophila,LO_R,PLP_L,-0.9958900995781198
Drosophila,LO_R,PLP_R,-0.9986154352670891
Drosophila,LO_R,PRW,0.8838885312852447
Drosophila,LO_R,PVLP_L,-0.9193363262997455
Drosophila,LO_R,PVLP_R,-0.7306172133384664
Drosophila,LO_R,SAD,-0.9832930871640877
Drosophila,LO_R,SCL_L,-0.9986057840486349
Drosophila,LO_R,SCL_R,-0.959115315890504
Drosophila,LO_R,SIP_L,-0.9924091268657593
Drosophila,LO_R,SIP_R,-0.8266442228033191
Drosophila,LO_R,SLP_L,-0.9281202581076816
Drosophila,LO_R,SLP_R,-0.8757875805880517
Drosophila,LO_R,SMP_L,-0.9847673281773127
Drosophila,LO_R,SMP_R,-0.978944451387771
Drosophila,LO_R,SOG,-0.6827920082663923
Drosophila,LO_R,SPS_L,-0.9678126851951159
Drosophila,LO_R,SPS_R,-0.983119061519241
Drosophila,LO_R,VES_L,-0.9414080322414434
Drosophila,LO_R,VES_R,-0.9841908887457782
Drosophila,LO_R,WED_L,0.9916157595036694
Drosophila,LO_R,WED_R,0.97413509090361
Drosophila,MB_L,MB_R,0.9667476288424652
Drosophila,MB_L,ME_L,-0.9934072865689847
Drosophila,MB_L,ME_R,-0.992419328366175
Drosophila,MB_L,NO,-0.9669649334079301
Drosophila,MB_L,OTU_L,-0.08237728616518544
Drosophila,MB_L,OTU_R,-0.8596814342916698
Drosophila,MB_L,PB,-0.41721011722037554
Drosophila,MB_L,PLP_L,0.9845268312235009
Drosophila,MB_L,PLP_R,0.9890300238630292
Drosophila,MB_L,PRW,-0.9059617080854271
Drosophila,MB_L,PVLP_L,0.8853786998513598
Drosophila,MB_L,PVLP_R,0.7415002025611275
Drosophila,MB_L,SAD,0.9610511530648077
Drosophila,MB_L,SCL_L,0.9906962200838234
Drosophila,MB_L,SCL_R,0.9624422484191949
Drosophila,MB_L,SIP_L,0.9995762691153766
Drosophila,MB_L,SIP_R,0.8652484747791552
Drosophila,MB_L,SLP_L,0.9590761443521146
Drosophila,MB_L,SLP_R,0.9163058599441514
Drosophila,MB_L,SMP_L,0.9883953904663201
Drosophila,MB_L,SMP_R,0.9855676074281617
Drosophila,MB_L,SOG,0.7362152953846368
Drosophila,MB_L,SPS_L,0.9682934254803774
Drosophila,MB_L,SPS_R,0.98364770307264
Drosophila,MB_L,VES_L,0.9133034910557213
Drosophila,MB_L,VES_R,0.993443622041545
Drosophila,MB_L,WED_L,-0.9907118060806572
Drosophila,MB_L,WED_R,-0.990133040934506
Drosophila,MB_R,ME_L,-0.9881918604191204
Drosophila,MB_R,ME_R,-0.9312608247169787
Drosophila,MB_R,NO,-0.8762873046374076
Drosophila,MB_R,OTU_L,-0.26753323468746454
Drosophila,MB_R,OTU_R,-0.7424812662709322
Drosophila,MB_R,PB,-0.2909689019464689
Drosophila,MB_R,PLP_L,0.9073917248644054
Drosophila,MB_R,PLP_R,0.9185662812855541
Drosophila,MB_R,PRW,-0.9017962087071048
Drosophila,MB_R,PVLP_L,0.770507857551497
Drosophila,MB_R,PVLP_R,0.7009656780960891
Drosophila,MB_R,SAD,0.8606368258206019
Drosophila,MB_R,SCL_L,0.9231266998020237
Drosophila,MB_R,SCL_R,0.9131006507012099
Drosophila,MB_R,SIP_L,0.9734322043508495
Drosophila,MB_R,SIP_R,0.9071037441357731
Drosophila,MB_R,SLP_L,0.9914261173418832
Drosophila,MB_R,SLP_R,0.9716908620177772
Drosophila,MB_R,SMP_L,0.9449271124596341
Drosophila,MB_R,SMP_R,0.9490935045426641
Drosophila,MB_R,SOG,0.863697523233874
Drosophila,MB_R,SPS_L,0.9126473808218019
Drosophila,MB_R,SPS_R,0.9311607045600944
Drosophila,MB_R,VES_L,0.8114775063018214
Drosophila,MB_R,VES_R,0.9667504665368915
Drosophila,MB_R,WED_L,-0.9369226699575199
Drosophila,MB_R,WED_R,-0.9824101371841738
Drosophila,ME_L,ME_R,0.9719238721854497
Drosophila,ME_L,NO,0.9397600499809572
Drosophila,ME_L,OTU_L,0.1861229491809634
Drosophila,ME_L,OTU_R,0.8027387787162797
Drosophila,ME_L,PB,0.3954522198021951
Drosophila,ME_L,PLP_L,-0.9600133514589019
Drosophila,ME_L,PLP_R,-0.965978154506873
Drosophila,ME_L,PRW,0.9259048058902009
Drosophila,ME_L,PVLP_L,-0.8315048582798936
Drosophila,ME_L,PVLP_R,-0.7540344090587777
Drosophila,ME_L,SAD,-0.9231098564278168
Drosophila,ME_L,SCL_L,-0.96993178756109
Drosophila,ME_L,SCL_R,-0.9582356498272695
Drosophila,ME_L,SIP_L,-0.9956848468309005
Drosophila,ME_L,SIP_R,-0.904727300424808
Drosophila,ME_L,SLP_L,-0.9848064653325547
Drosophila,ME_L,SLP_R,-0.954685029526394
Drosophila,ME_L,SMP_L,-0.9826581006616418
Drosophila,ME_L,SMP_R,-0.9835991293870984
Drosophila,ME_L,SOG,-0.7842800478598432
Drosophila,ME_L,SPS_L,-0.9603455096146956
Drosophila,ME_L,SPS_R,-0.9746360812907433
Drosophila,ME_L,VES_L,-0.8661649880116553
Drosophila,ME_L,VES_R,-0.9936300535585321
Drosophila,ME_L,WED_L,0.9792522157552289
Drosophila,ME_L,WED_R,0.9979301530866393
Drosophila,ME_R,NO,0.978703123451402
Drosophila,ME_R,OTU_L,-0.03590477265154723
Drosophila,ME_R,OTU_R,0.911807752775394
Drosophila,ME_R,PB,0.41900057417408887
Drosophila,ME_R,PLP_L,-0.9948791687670109
Drosophila,ME_R,PLP_R,-0.9985384445583363
Drosophila,ME_R,PRW,0.8654795892441586
Drosophila,ME_R,PVLP_L,-0.9330974031195145
Drosophila,ME_R,PVLP_R,-0.7062453175264849
Drosophila,ME_R,SAD,-0.9869920921512501
Drosophila,ME_R,SCL_L,-0.9973474635037034
Drosophila,ME_R,SCL_R,-0.948260491715873
Drosophila,ME_R,SIP_L,-0.9894256173948405
Drosophila,ME_R,SIP_R,-0.805438815273173
Drosophila,ME_R,SLP_L,-0.9170138797885745
Drosophila,ME_R,SLP_R,-0.8604745466501792
Drosophila,ME_R,SMP_L,-0.9774897879223856
Drosophila,ME_R,SMP_R,-0.9704828339760795
Drosophila,ME_R,SOG,-0.6828842070075409
Drosophila,ME_R,SPS_L,-0.958363191263893
Drosophila,ME_R,SPS_R,-0.9758275844448148
Drosophila,ME_R,VES_L,-0.9533221253646175
Drosophila,ME_R,VES_R,-0.977090044514104
Drosophila,ME_R,WED_L,0.986235369844356
Drosophila,ME_R,WED_R,0.9663378926806139
Drosophila,NO,OTU_L,-0.01288186243746332
Drosophila,NO,OTU_R,0.8684354857993009
Drosophila,NO,PB,0.5933071630478965
Drosophila,NO,PLP_L,-0.9944066245749342
Drosophila,NO,PLP_R,-0.988281888504048
Drosophila,NO,PRW,0.898951951459209
Drosophila,NO,PVLP_L,-0.8962802558791548
Drosophila,NO,PVLP_R,-0.8062269317442398
Drosophila,NO,SAD,-0.9828469299800137
Drosophila,NO,SCL_L,-0.9904921187029593
Drosophila,NO,SCL_R,-0.9756808706780632
Drosophila,NO,SIP_L,-0.9592168376188723
Drosophila,NO,SIP_R,-0.8204441926993566
Drosophila,NO,SLP_L,-0.8845744493058486
Drosophila,NO,SLP_R,-0.8337238594043794
Drosophila,NO,SMP_L,-0.9816396328779164
Drosophila,NO,SMP_R,-0.9752597828602385
Drosophila,NO,SOG,-0.5395434939516535
Drosophila,NO,SPS_L,-0.9833812411363079
Drosophila,NO,SPS_R,-0.9871150738525114
Drosophila,NO,VES_L,-0.9138057650911557
Drosophila,NO,VES_R,-0.9674815850473658
Drosophila,NO,WED_L,0.9888584154149929
Drosophila,NO,WED_R,0.9460582349833853
Drosophila,OTU_L,OTU_R,-0.43650264840240816
Drosophila,OTU_L,PB,0.2471863696606433
Drosophila,OTU_L,PLP_L,0.030418871808666505
Drosophila,OTU_L,PLP_R,0.03668715080492023
Drosophila,OTU_L,PRW,0.42596195533292464
Drosophila,OTU_L,PVLP_L,0.39018431436882905
Drosophila,OTU_L,PVLP_R,-0.4653022167235951
Drosophila,OTU_L,SAD,0.1637843802784226
Drosophila,OTU_L,SCL_L,0.008654277919661073
Drosophila,OTU_L,SCL_R,-0.20647948371620414
Drosophila,OTU_L,SIP_L,-0.09678800894192933
Drosophila,OTU_L,SIP_R,-0.5559264773835281
Drosophila,OTU_L,SLP_L,-0.3515444030925853
Drosophila,OTU_L,SLP_R,-0.4691688352917465
Drosophila,OTU_L,SMP_L,-0.14936068041328657
Drosophila,OTU_L,SMP_R,-0.18411960766333071
Drosophila,OTU_L,SOG,-0.2791845386960104
Drosophila,OTU_L,SPS_L,-0.16886813264399178
Drosophila,OTU_L,SPS_R,-0.1337251449369965
Drosophila,OTU_L,VES_L,0.32958149221997524
Drosophila,OTU_L,VES_R,-0.17520110180187873
Drosophila,OTU_L,WED_L,0.0950058227405684
Drosophila,OTU_L,WED_R,0.22105091597351545
Drosophila,OTU_R,PB,0.21233058311388167
Drosophila,OTU_R,PLP_L,-0.897598325635134
Drosophila,OTU_R,PLP_R,-0.9068523958208051
Drosophila,OTU_R,PRW,0.5893960148973912
Drosophila,OTU_R,PVLP_L,-0.9982371786381179
Drosophila,OTU_R,PVLP_R,-0.40821430936420194
Drosophila,OTU_R,SAD,-0.9447486088369378
Drosophila,OTU_R,SCL_L,-0.8934621630441767
Drosophila,OTU_R,SCL_R,-0.752215642911593
Drosophila,OTU_R,SIP_L,-0.85301388444812
Drosophila,OTU_R,SIP_R,-0.4910929614157732
Drosophila,OTU_R,SLP_L,-0.6884180750793302
Drosophila,OTU_R,SLP_R,-0.5894465997063235
Drosophila,OTU_R,SMP_L,-0.8092196030199879
Drosophila,OTU_R,SMP_R,-0.788984355091735
Drosophila,OTU_R,SOG,-0.5485596708901027
Drosophila,OTU_R,SPS_L,-0.7769737615831019
Drosophila,OTU_R,SPS_R,-0.8113732219085743
Drosophila,OTU_R,VES_L,-0.993189303183991
Drosophila,OTU_R,VES_R,-0.8035645404833056
Drosophila,OTU_R,WED_L,0.8390907178128652
Drosophila,OTU_R,WED_R,0.7796585637877059
Drosophila,PB,PLP_L,-0.50598171646379
Drosophila,PB,PLP_R,-0.46514255410646327
Drosophila,PB,PRW,0.6603421830916385
Drosophila,PB,PVLP_L,-0.25899695616539503
Drosophila,PB,PVLP_R,-0.868114538119679
Drosophila,PB,SAD,-0.4639134464839624
Drosophila,PB,SCL_L,-0.48371531321034555
Drosophila,PB,SCL_R,-0.6404631755748357
Drosophila,PB,SIP_L,-0.3978303271248366
Drosophila,PB,SIP_R,-0.5725025940096434
Drosophila,PB,SLP_L,-0.393689883903779
Drosophila,PB,SLP_R,-0.40848024164783864
Drosophila,PB,SMP_L,-0.5468403198572921
Drosophila,PB,SMP_R,-0.5517246323629829
Drosophila,PB,SOG,0.21157977272255107
Drosophila,PB,SPS_L,-0.6291355988707755
Drosophila,PB,SPS_R,-0.5737652075682441
Drosophila,PB,VES_L,-0.2680893188908465
Drosophila,PB,VES_R,-0.4923616231911075
Drosophila,PB,WED_L,0.5357353833203004
Drosophila,PB,WED_R,0.44904784286264404
Drosophila,PLP_L,PLP_R,0.9988749952177632
Drosophila,PLP_L,PRW,-0.8841078141326126
Drosophila,PLP_L,PVLP_L,0.9219763167048397
Drosophila,PLP_L,PVLP_R,0.7567149006769395
Drosophila,PLP_L,SAD,0.9910174617167901
Drosophila,PLP_L,SCL_L,0.9991998591166701
Drosophila,PLP_L,SCL_R,0.9655806604863275
Drosophila,PLP_L,SIP_L,0.9790836748611664
Drosophila,PLP_L,SIP_R,0.8138780019169584
Drosophila,PLP_L,SLP_L,0.9037358514114622
Drosophila,PLP_L,SLP_R,0.8490436058178468
Drosophila,PLP_L,SMP_L,0.9837789913964449
Drosophila,PLP_L,SMP_R,0.9768470938304354
Drosophila,PLP_L,SOG,0.6139488831154188
Drosophila,PLP_L,SPS_L,0.9747627007165264
Drosophila,PLP_L,SPS_R,0.9857277427724941
Drosophila,PLP_L,VES_L,0.9406250336145671
Drosophila,PLP_L,VES_R,0.976424676634689
Drosophila,PLP_L,WED_L,-0.9921255583645626
Drosophila,PLP_L,WED_R,-0.9600765833412588
Drosophila,PLP_R,PRW,-0.8748800603253886
Drosophila,PLP_R,PVLP_L,0.9296496281982188
Drosophila,PLP_R,PVLP_R,0.732366296948425
Drosophila,PLP_R,SAD,0.9908829107300894
Drosophila,PLP_R,SCL_L,0.9995161286321005
Drosophila,PLP_R,SCL_R,0.9578629933201684
Drosophila,PLP_R,SIP_L,0.9846684223667389
Drosophila,PLP_R,SIP_R,0.8088370358412601
Drosophila,PLP_R,SLP_L,0.9096644736894062
Drosophila,PLP_R,SLP_R,0.8536165062286264
Drosophila,PLP_R,SMP_L,0.9814299127197348
Drosophila,PLP_R,SMP_R,0.9743272446839246
Drosophila,PLP_R,SOG,0.6457329523176911
Drosophila,PLP_R,SPS_L,0.9676227130702055
Drosophila,PLP_R,SPS_R,0.9817566378990913
Drosophila,PLP_R,VES_L,0.9488308512146646
Drosophila,PLP_R,VES_R,0.9772111464395625
Drosophila,PLP_R,WED_L,-0.99017183613496
Drosophila,PLP_R,WED_R,-0.9632819025202319
Drosophila,PRW,PVLP_L,-0.635337911026683
Drosophila,PRW,PVLP_R,-0.9400527130596151
Drosophila,PRW,SAD,-0.8152569936670517
Drosophila,PRW,SCL_L,-0.8894152546502216
Drosophila,PRW,SCL_R,-0.9731016100725378
Drosophila,PRW,SIP_L,-0.9047701753965707
Drosophila,PRW,SIP_R,-0.9838902126091877
Drosophila,PRW,SLP_L,-0.9480834862557306
Drosophila,PRW,SLP_R,-0.9539607231186218
Drosophila,PRW,SMP_L,-0.9513035516962666
Drosophila,PRW,SMP_R,-0.9607389537472187
Drosophila,PRW,SOG,-0.5941972788506783
Drosophila,PRW,SPS_L,-0.9634398928500475
Drosophila,PRW,SPS_R,-0.9501477326718771
Drosophila,PRW,VES_L,-0.6772659686240867
Drosophila,PRW,VES_R,-0.9484082980463422
Drosophila,PRW,WED_L,0.9340057546076791
Drosophila,PRW,WED_R,0.9479732790449195
Drosophila,PVLP_L,PVLP_R,0.46127610538141717
Drosophila,PVLP_L,SAD,0.96253467340702
Drosophila,PVLP_L,SCL_L,0.9179474021446598
Drosophila,PVLP_L,SCL_R,0.7897896136913449
Drosophila,PVLP_L,SIP_L,0.8785866370594078
Drosophila,PVLP_L,SIP_R,0.5385487888693878
Drosophila,PVLP_L,SLP_L,0.7229926855380759
Drosophila,PVLP_L,SLP_R,0.6285401187966162
Drosophila,PVLP_L,SMP_L,0.8417104786575849
Drosophila,PVLP_L,SMP_R,0.8229111841751409
Drosophila,PVLP_L,SOG,0.5580164502126674
Drosophila,PVLP_L,SPS_L,0.8128125988734672
Drosophila,PVLP_L,SPS_R,0.8441551546871378
Drosophila,PVLP_L,VES_L,0.9977537573730606
Drosophila,PVLP_L,VES_R,0.8352120682538949
Drosophila,PVLP_L,WED_L,-0.8692006274143573
Drosophila,PVLP_L,WED_R,-0.8115157145840223
Drosophila,PVLP_R,SAD,0.6833295785055554
Drosophila,PVLP_R,SCL_L,0.7521550679782224
Drosophila,PVLP_R,SCL_R,0.8934869190539114
Drosophila,PVLP_R,SIP_L,0.7335735585641204
Drosophila,PVLP_R,SIP_R,0.9039680198092404
Drosophila,PVLP_R,SLP_L,0.7828395838718019
Drosophila,PVLP_R,SLP_R,0.8044695718728406
Drosophila,PVLP_R,SMP_L,0.8330993574318946
Drosophila,PVLP_R,SMP_R,0.8443761458259272
Drosophila,PVLP_R,SOG,0.2926515909459841
Drosophila,PVLP_R,SPS_L,0.8789301351225256
Drosophila,PVLP_R,SPS_R,0.8428404377167684
Drosophila,PVLP_R,VES_L,0.49660393836121686
Drosophila,PVLP_R,VES_R,0.809657197497124
Drosophila,PVLP_R,WED_L,-0.8123857146849529
Drosophila,PVLP_R,WED_R,-0.7946226256329991
Drosophila,SAD,SCL_L,0.9874145351737785
Drosophila,SAD,SCL_R,0.9250395013238024
Drosophila,SAD,SIP_L,0.9538238576302852
Drosophila,SAD,SIP_R,0.7288648633305597
Drosophila,SAD,SLP_L,0.8454976787787175
Drosophila,SAD,SLP_R,0.7757428807042641
Drosophila,SAD,SMP_L,0.9509534750284199
Drosophila,SAD,SMP_R,0.9394650544289893
Drosophila,SAD,SOG,0.5707269598860905
Drosophila,SAD,SPS_L,0.939154603438205
Drosophila,SAD,SPS_R,0.9548614446295121
Drosophila,SAD,VES_L,0.9728920024089552
Drosophila,SAD,VES_R,0.9404431005249325
Drosophila,SAD,WED_L,-0.9664656945270725
Drosophila,SAD,WED_R,-0.9183423826092466
Drosophila,SCL_L,SCL_R,0.9662670734299228
Drosophila,SCL_L,SIP_L,0.9863995792292609
Drosophila,SCL_L,SIP_R,0.8255326143926723
Drosophila,SCL_L,SLP_L,0.917928163994709
Drosophila,SCL_L,SLP_R,0.8653133248217764
Drosophila,SCL_L,SMP_L,0.9868136641049055
Drosophila,SCL_L,SMP_R,0.9806672094222052
Drosophila,SCL_L,SOG,0.644472496839855
Drosophila,SCL_L,SPS_L,0.9748811447580394
Drosophila,SCL_L,SPS_R,0.9871949557184918
Drosophila,SCL_L,VES_L,0.93858311998531
Drosophila,SCL_L,VES_R,0.9823713707874027
Drosophila,SCL_L,WED_L,-0.9940216131821058
Drosophila,SCL_L,WED_R,-0.9689418171723575
Drosophila,SCL_R,SIP_L,0.9578359391194291
Drosophila,SCL_R,SIP_R,0.9240229668659403
Drosophila,SCL_R,SLP_L,0.9403690407369018
Drosophila,SCL_R,SLP_R,0.9165308020367422
Drosophila,SCL_R,SMP_L,0.9925012249516718
Drosophila,SCL_R,SMP_R,0.9938719973383554
Drosophila,SCL_R,SOG,0.5831412793905076
Drosophila,SCL_R,SPS_L,0.999232232756783
Drosophila,SCL_R,SPS_R,0.9947063466091228
Drosophila,SCL_R,VES_L,0.8200495776431349
Drosophila,SCL_R,VES_R,0.9837893325402455
Drosophila,SCL_R,WED_L,-0.9876411421356034
Drosophila,SCL_R,WED_R,-0.972454727026354
Drosophila,SIP_L,SIP_R,0.8688541742547341
Drosophila,SIP_L,SLP_L,0.9644865667550353
Drosophila,SIP_L,SLP_R,0.9233056486323283
Drosophila,SIP_L,SMP_L,0.985538123619583
Drosophila,SIP_L,SMP_R,0.9832614398072229
Drosophila,SIP_L,SOG,0.7552429284953454
Drosophila,SIP_L,SPS_L,0.9632907996155955
Drosophila,SIP_L,SPS_R,0.9796514001849053
Drosophila,SIP_L,VES_L,0.9077776441044113
Drosophila,SIP_L,VES_R,0.9927265998278381
Drosophila,SIP_L,WED_L,-0.9870711938512614
Drosophila,SIP_L,WED_R,-0.9915688807552331
Drosophila,SIP_R,SLP_L,0.9538805324781903
Drosophila,SIP_R,SLP_R,0.9769100856414806
Drosophila,SIP_R,SMP_L,0.9049043316603526
Drosophila,SIP_R,SMP_R,0.9193344551115118
Drosophila,SIP_R,SOG,0.6656141737543567
Drosophila,SIP_R,SPS_L,0.9097240823936696
Drosophila,SIP_R,SPS_R,0.8977966097508517
Drosophila,SIP_R,VES_L,0.5890833959778744
Drosophila,SIP_R,VES_R,0.9131196485331377
Drosophila,SIP_R,WED_L,-0.8802394951769543
Drosophila,SIP_R,WED_R,-0.9256120327078371
Drosophila,SLP_L,SLP_R,0.9916682685216824
Drosophila,SLP_L,SMP_L,0.9566244822953368
Drosophila,SLP_L,SMP_R,0.9636333414857248
Drosophila,SLP_L,SOG,0.8130498767520746
Drosophila,SLP_L,SPS_L,0.9359938107710996
Drosophila,SLP_L,SPS_R,0.9452145959421733
Drosophila,SLP_L,VES_L,0.767023575563005
Drosophila,SLP_L,VES_R,0.9735973701165036
Drosophila,SLP_L,WED_L,-0.9439106356538887
Drosophila,SLP_L,WED_R,-0.9873840213108411
Drosophila,SLP_R,SMP_L,0.923663368513532
Drosophila,SLP_R,SMP_R,0.9350490569285056
Drosophila,SLP_R,SOG,0.8033793377223448
Drosophila,SLP_R,SPS_L,0.9072108963907314
Drosophila,SLP_R,SPS_R,0.9108723379840041
Drosophila,SLP_R,VES_L,0.6783593625190095
Drosophila,SLP_R,VES_R,0.9429908057725
Drosophila,SLP_R,WED_L,-0.9041939307385409
Drosophila,SLP_R,WED_R,-0.9621015717947552
Drosophila,SMP_L,SMP_R,0.9993782863450541
Drosophila,SMP_L,SOG,0.6557103583134988
Drosophila,SMP_L,SPS_L,0.9948172416531292
Drosophila,SMP_L,SPS_R,0.9992085334878897
Drosophila,SMP_L,VES_L,0.8709864603697235
Drosophila,SMP_L,VES_R,0.9971962064394913
Drosophila,SMP_L,WED_L,-0.9984994433052896
Drosophila,SMP_L,WED_R,-0.9891165116304682
Drosophila,SMP_R,SOG,0.6623668575869409
Drosophila,SMP_R,SPS_L,0.9948397035310219
Drosophila,SMP_R,SPS_R,0.9980040607905102
Drosophila,SMP_R,VES_L,0.8541899035622464
Drosophila,SMP_R,VES_R,0.9975699190839183
Drosophila,SMP_R,WED_L,-0.995950188359379
Drosophila,SMP_R,WED_R,-0.9912197247429629
Drosophila,SOG,SPS_L,0.5831306717020834
Drosophila,SOG,SPS_R,0.6255434422469902
Drosophila,SOG,VES_L,0.6023117035330554
Drosophila,SOG,VES_R,0.7099804518359126
Drosophila,SOG,WED_L,-0.6456921836374729
Drosophila,SOG,WED_R,-0.7552456510597844
Drosophila,SPS_L,SPS_R,0.9973481182954902
Drosophila,SPS_L,VES_L,0.8411079791427499
Drosophila,SPS_L,VES_R,0.985605444678114
Drosophila,SPS_L,WED_L,-0.9920654942183476
Drosophila,SPS_L,WED_R,-0.9728547760462006
Drosophila,SPS_R,VES_L,0.871783177778832
Drosophila,SPS_R,VES_R,0.9934330219382019
Drosophila,SPS_R,WED_L,-0.9985183561439418
Drosophila,SPS_R,WED_R,-0.9825248548973513
Drosophila,VES_L,VES_R,0.867317917671275
Drosophila,VES_L,WED_L,-0.895346821670011
Drosophila,VES_L,WED_R,-0.8472359345532324
Drosophila,VES_R,WED_L,-0.9943415761124514
Drosophila,VES_R,WED_R,-0.9972033036486649
Drosophila,WED_L,WED_R,0.9837467219071222
Zebrafish,Cb,HR,0.7553478579621854
Zebrafish,Cb,Hb,-0.6961063998057084
Zebrafish,Cb,Hc,0.2428179079701241
Zebrafish,Cb,Hi,0.8435125700411534
Zebrafish,Cb,IO,-0.3673611530805912
Zebrafish,Cb,IPN,-0.71684120338013
Zebrafish,Cb,MON,-0.8165034988066192
Zebrafish,Cb,MOS1,0.30245909744847543
Zebrafish,Cb,MOS2,0.4574362486476102
Zebrafish,Cb,MOS3,0.019418259935288514
Zebrafish,Cb,MOS4,0.6135884103566565
Zebrafish,Cb,MOS5,0.24587893598379792
Zebrafish,Cb,NX,0.6905128109383393
Zebrafish,Cb,OB,-0.9116516361643486
Zebrafish,Cb,OE,-0.8549434709899802
Zebrafish,Cb,OG,0.1835297401269591
Zebrafish,Cb,P,-0.9916071702350201
Zebrafish,Cb,PO,-0.5986126027419785
Zebrafish,Cb,PT,0.5871442933148393
Zebrafish,Cb,PrT,0.7684728053474204
Zebrafish,Cb,Ra,0.40507272063075167
Zebrafish,Cb,SP,-0.9167618827528053
Zebrafish,Cb,T,0.5787533305459701
Zebrafish,Cb,TG,0.05427603175555522
Zebrafish,Cb,TL,-0.3228423867962844
Zebrafish,Cb,TS,-0.41287755603346554
Zebrafish,Cb,TeO,-0.5411740381000799
Zebrafish,Cb,Th,0.0699047867513828
Zebrafish,Cb,VR,0.808699571318474
Zebrafish,Cb,aRF,0.7644758640613798
Zebrafish,Cb,imRF,0.645369542020667
Zebrafish,Cb,pRF,0.14384606183427984
Zebrafish,Cb,rCb,0.8779581232563528
Zebrafish,Cb,rHR,0.5818501028029337
Zebrafish,Cb,rHb,-0.9030298958070886
Zebrafish,Cb,rHc,0.4245607995079742
Zebrafish,Cb,rHi,0.9588782578022524
Zebrafish,Cb,rIO,-0.5506906670680405
Zebrafish,Cb,rIPN,-0.5833558588993626
Zebrafish,Cb,rMON,-0.6040972058522694
Zebrafish,Cb,rMOS1,0.44414170080926196
Zebrafish,Cb,rMOS2,0.5388141110986531
Zebrafish,Cb,rMOS3,0.42794310979708156
Zebrafish,Cb,rMOS4,0.6944037354518053
Zebrafish,Cb,rMOS5,0.5482143009333856
Zebrafish,Cb,rNX,0.641518061387546
Zebrafish,Cb,rOB,-0.8624431279251413
Zebrafish,Cb,rOE,-0.867343394648176
Zebrafish,Cb,rOG,0.1440506169789584
Zebrafish,Cb,rP,-0.9783183165427202
Zebrafish,Cb,rPO,-0.6378327071002292
Zebrafish,Cb,rPT,0.1970257226569327
Zebrafish,Cb,rPrT,0.4844375518709626
Zebrafish,Cb,rRa,0.6202032387119055
Zebrafish,Cb,rSP,-0.8525331210551594
Zebrafish,Cb,rT,0.5328980114357639
Zebrafish,Cb,rTG,0.1830627573957082
Zebrafish,Cb,rTL,-0.2407283894452886
Zebrafish,Cb,rTS,-0.038853186343732526
Zebrafish,Cb,rTeO,-0.9837063113281065
Zebrafish,Cb,rTh,-0.26280655840887845
Zebrafish,Cb,rVR,0.694275203192963
Zebrafish,Cb,raRF,0.8918970830628054
Zebrafish,Cb,rimRF,0.7009130401338091
Zebrafish,Cb,rpRF,0.36586537014242787
Zebrafish,HR,Hb,-0.3376077252049431
Zebrafish,HR,Hc,0.4518693974361277
Zebrafish,HR,Hi,0.9884233110200831
Zebrafish,HR,IO,-0.0899529223392649
Zebrafish,HR,IPN,-0.3078692840928779
Zebrafish,HR,MON,-0.40878542463843404
Zebrafish,HR,MOS1,-0.08552000070032138
Zebrafish,HR,MOS2,0.01895353963741131
Zebrafish,HR,MOS3,-0.3339699081033675
Zebrafish,HR,MOS4,0.19779391779515174
Zebrafish,HR,MOS5,-0.009192459242240698
Zebrafish,HR,NX,0.12439832080178713
Zebrafish,HR,OB,-0.4245763697199264
Zebrafish,HR,OE,-0.4285644682998638
Zebrafish,HR,OG,0.4326915696122275
Zebrafish,HR,P,-0.8335648921117844
Zebrafish,HR,PO,-0.9153250193038913
Zebrafish,HR,PT,0.30235218032116934
Zebrafish,HR,PrT,0.4347001342139458
Zebrafish,HR,Ra,0.3228715500460014
Zebrafish,HR,SP,-0.8342384606318272
Zebrafish,HR,T,0.2851343920109754
Zebrafish,HR,TG,0.40823617915267363
Zebrafish,HR,TL,0.05578214014662176
Zebrafish,HR,TS,-0.04335201157088448
Zebrafish,HR,TeO,-0.0868503901682019
Zebrafish,HR,Th,0.42791475242449545
Zebrafish,HR,VR,0.2973398318803659
Zebrafish,HR,aRF,0.26848212583017056
Zebrafish,HR,imRF,0.12359112818357237
Zebrafish,HR,pRF,-0.3605521310947355
Zebrafish,HR,rCb,0.49701698292265645
Zebrafish,HR,rHR,0.06542216490253949
Zebrafish,HR,rHb,-0.44594186818783793
Zebrafish,HR,rHc,0.77858738656156
Zebrafish,HR,rHi,0.7236106856435075
Zebrafish,HR,rIO,-0.12662014959353587
Zebrafish,HR,rIPN,0.08425560193892814
Zebrafish,HR,rMON,-0.5340804582143469
Zebrafish,HR,rMOS1,0.03613934642572362
Zebrafish,HR,rMOS2,0.09905873365920331
Zebrafish,HR,rMOS3,-0.1095621025441895
Zebrafish,HR,rMOS4,0.22878798189005986
Zebrafish,HR,rMOS5,0.15661542958917182
Zebrafish,HR,rNX,0.14874064690739755
Zebrafish,HR,rOB,-0.4766140484951037
Zebrafish,HR,rOE,-0.4545003864503122
Zebrafish,HR,rOG,0.5481202998558233
Zebrafish,HR,rP,-0.7799780101796299
Zebrafish,HR,rPO,-0.6140930459290337
Zebrafish,HR,rPT,0.04379155205993327
Zebrafish,HR,rPrT,0.12086511429246574
Zebrafish,HR,rRa,-0.0455686693648196
Zebrafish,HR,rSP,-0.746716658853693
Zebrafish,HR,rT,0.29462659433393407
Zebrafish,HR,rTG,0.3637768301965778
Zebrafish,HR,rTL,-0.07398899747985005
Zebrafish,HR,rTS,0.3355345783417473
Zebrafish,HR,rTeO,-0.6744892428528129
Zebrafish,HR,rTh,-0.3382360655890804
Zebrafish,HR,rVR,0.8810664742046803
Zebrafish,HR,raRF,0.5568208854126141
Zebrafish,HR,rimRF,0.20960719617193319
Zebrafish,HR,rpRF,-0.15764451023870757
Zebrafish,Hb,Hc,0.527216753620362
Zebrafish,Hb,Hi,-0.45555945355980854
Zebrafish,Hb,IO,0.9202074944251191
Zebrafish,Hb,IPN,0.995658243144989
Zebrafish,Hb,MON,0.9768632172369369
Zebrafish,Hb,MOS1,-0.8903230639315645
Zebrafish,Hb,MOS2,-0.946144770952436
Zebrafish,Hb,MOS3,-0.7233066134724084
Zebrafish,Hb,MOS4,-0.9894131612698758
Zebrafish,Hb,MOS5,-0.8636050431875739
Zebrafish,Hb,NX,-0.914494999726755
Zebrafish,Hb,OB,0.8035813051662789
Zebrafish,Hb,OE,0.9528653260298552
Zebrafish,Hb,OG,0.576608914669227
Zebrafish,Hb,P,0.6478457146345447
Zebrafish,Hb,PO,-0.03434455237106905
Zebrafish,Hb,PT,-0.9840075361563531
Zebrafish,Hb,PrT,-0.9936021564202052
Zebrafish,Hb,Ra,-0.8759276206136528
Zebrafish,Hb,SP,0.3550940162518963
Zebrafish,Hb,T,-0.9839265793461425
Zebrafish,Hb,TG,0.6669529214315544
Zebrafish,Hb,TL,0.9013113440819315
Zebrafish,Hb,TS,0.9403029286992418
Zebrafish,Hb,TeO,0.9668762944473908
Zebrafish,Hb,Th,-0.4218542157272006
Zebrafish,Hb,VR,-0.9255283403074673
Zebrafish,Hb,aRF,-0.9568443776016139
Zebrafish,Hb,imRF,-0.953870897058545
Zebrafish,Hb,pRF,-0.7552484195230844
Zebrafish,Hb,rCb,-0.9511698942911301
Zebrafish,Hb,rHR,-0.1877690309683587
Zebrafish,Hb,rHb,0.8859463086470603
Zebrafish,Hb,rHc,0.28398374632200724
Zebrafish,Hb,rHi,-0.8545284496035156
Zebrafish,Hb,rIO,0.9762466773750509
Zebrafish,Hb,rIPN,0.7247438026209225
Zebrafish,Hb,rMON,0.904951877923871
Zebrafish,Hb,rMOS1,-0.9475152349220789
Zebrafish,Hb,rMOS2,-0.9700882544760697
Zebrafish,Hb,rMOS3,-0.8935376383403889
Zebrafish,Hb,rMOS4,-0.9817820789054352
Zebrafish,Hb,rMOS5,-0.9802511707601026
Zebrafish,Hb,rNX,-0.9693335869446087
Zebrafish,Hb,rOB,0.9599971913670814
Zebrafish,Hb,rOE,0.9498842579743566
Zebrafish,Hb,rOG,0.5712052385631211
Zebrafish,Hb,rP,0.5331359909556568
Zebrafish,Hb,rPO,-0.10303374408185093
Zebrafish,Hb,rPT,-0.8196019634928225
Zebrafish,Hb,rPrT,-0.9650059554691559
Zebrafish,Hb,rRa,-0.6621122859580268
Zebrafish,Hb,rSP,0.2203454726045971
Zebrafish,Hb,rT,-0.9643814115369653
Zebrafish,Hb,rTG,0.5773491283743367
Zebrafish,Hb,rTL,0.8442359348885162
Zebrafish,Hb,rTS,0.7329148569867966
Zebrafish,Hb,rTeO,0.8110157106791985
Zebrafish,Hb,rTh,-0.49746482679965304
Zebrafish,Hb,rVR,-0.6368846907661883
Zebrafish,Hb,raRF,-0.945528550501512
Zebrafish,Hb,rimRF,-0.9703111146257748
Zebrafish,Hb,rpRF,-0.8751157068578743
Zebrafish,Hc,Hi,0.3945788952568971
Zebrafish,Hc,IO,0.806200226126636
Zebrafish,Hc,IPN,0.4988841520595991
Zebrafish,Hc,MON,0.35584364073085617
Zebrafish,Hc,MOS1,-0.8473922436341195
Zebrafish,Hc,MOS2,-0.740688383897257
Zebrafish,Hc,MOS3,-0.9575927657901533
Zebrafish,Hc,MOS4,-0.6129284147851309
Zebrafish,Hc,MOS5,-0.8733575260779458
Zebrafish,Hc,NX,-0.42776573262764517
Zebrafish,Hc,OB,0.014874542724671093
Zebrafish,Hc,OE,0.2790463763231405
Zebrafish,Hc,OG,0.9974680188489887
Zebrafish,Hc,P,-0.3008058773883174
Zebrafish,Hc,PO,-0.7664039784177047
Zebrafish,Hc,PT,-0.631807216188467
Zebrafish,Hc,PrT,-0.4321002129454552
Zebrafish,Hc,Ra,-0.6947140629599191
Zebrafish,Hc,SP,-0.6064900150664768
Zebrafish,Hc,T,-0.6419718969173637
Zebrafish,Hc,TG,0.9694668487848649
Zebrafish,Hc,TL,0.8375991813177086
Zebrafish,Hc,TS,0.7828592912305408
Zebrafish,Hc,TeO,0.6699794181362856
Zebrafish,Hc,Th,-0.4669345401003589
Zebrafish,Hc,VR,-0.3005644635602306
Zebrafish,Hc,aRF,-0.39411220048413115
Zebrafish,Hc,imRF,-0.5320278895324201
Zebrafish,Hc,pRF,-0.8590776078233172
Zebrafish,Hc,rCb,-0.24776598993911822
Zebrafish,Hc,rHR,0.4168501333262076
Zebrafish,Hc,rHb,0.1339573624766641
Zebrafish,Hc,rHc,0.8956303035301633
Zebrafish,Hc,rHi,-0.017157540726173152
Zebrafish,Hc,rIO,0.6700512735772413
Zebrafish,Hc,rIPN,0.30493500153828834
Zebrafish,Hc,rMON,0.49762699222390894
Zebrafish,Hc,rMOS1,-0.7570399816183961
Zebrafish,Hc,rMOS2,-0.6764875995099111
Zebrafish,Hc,rMOS3,-0.7091791406687843
Zebrafish,Hc,rMOS4,-0.5091150700084311
Zebrafish,Hc,rMOS5,-0.677049233417988
Zebrafish,Hc,rNX,-0.55610166503164
Zebrafish,Hc,rOB,0.2781056424855694
Zebrafish,Hc,rOE,0.259862195914333
Zebrafish,Hc,rOG,0.949671177265341
Zebrafish,Hc,rP,-0.4367915193839525
Zebrafish,Hc,rPO,-0.8911394965857944
Zebrafish,Hc,rPT,-0.868311763029247
Zebrafish,Hc,rPrT,-0.7310000899121883
Zebrafish,Hc,rRa,-0.1775830252381612
Zebrafish,Hc,rSP,-0.7096781113166204
Zebrafish,Hc,rT,-0.6679011773566389
Zebrafish,Hc,rTG,0.9952017100508735
Zebrafish,Hc,rTL,0.8500765388134974
Zebrafish,Hc,rTS,0.948275898088662
Zebrafish,Hc,rTeO,-0.06743595292309762
Zebrafish,Hc,rTh,-0.9786046538291167
Zebrafish,Hc,rVR,-0.022592240007431295
Zebrafish,Hc,raRF,-0.2219296760807552
Zebrafish,Hc,rimRF,-0.4871014505233047
Zebrafish,Hc,rpRF,-0.7574293896357988
Zebrafish,Hi,IO,-0.18650010988790472
Zebrafish,Hi,IPN,-0.4339194070330361
Zebrafish,Hi,MON,-0.5349889845816835
Zebrafish,Hi,MOS1,0.026253922490611502
Zebrafish,Hi,MOS2,0.143713862844408
Zebrafish,Hi,MOS3,-0.2400776539935202
Zebrafish,Hi,MOS4,0.32323977109781415
Zebrafish,Hi,MOS5,0.07926323542255395
Zebrafish,Hi,NX,0.2709682261726239
Zebrafish,Hi,OB,-0.555760439621865
Zebrafish,Hi,OE,-0.5570159551552171
Zebrafish,Hi,OG,0.3656728682428311
Zebrafish,Hi,P,-0.9053214746396944
Zebrafish,Hi,PO,-0.8710024939062201
Zebrafish,Hi,PT,0.40628228069228006
Zebrafish,Hi,PrT,0.5493400522682376
Zebrafish,Hi,Ra,0.38651356680456594
Zebrafish,Hi,SP,-0.877867837196515
Zebrafish,Hi,T,0.3903562730174862
Zebrafish,Hi,TG,0.3181360768880397
Zebrafish,Hi,TL,-0.05533735093681609
Zebrafish,Hi,TS,-0.15622582026978385
Zebrafish,Hi,TeO,-0.21631626853210023
Zebrafish,Hi,Th,0.39351373438717674
Zebrafish,Hi,VR,0.43731704218604806
Zebrafish,Hi,aRF,0.40703730194314686
Zebrafish,Hi,imRF,0.2645235527656067
Zebrafish,Hi,pRF,-0.23928595194440164
Zebrafish,Hi,rCb,0.6184421124035192
Zebrafish,Hi,rHR,0.1651595739519035
Zebrafish,Hi,rHb,-0.5764771940305253
Zebrafish,Hi,rHc,0.7131352430869425
Zebrafish,Hi,rHi,0.8179015730032513
Zebrafish,Hi,rIO,-0.25187206260681294
Zebrafish,Hi,rIPN,-0.0672911800771773
Zebrafish,Hi,rMON,-0.5999171131297304
Zebrafish,Hi,rMOS1,0.15593433811893972
Zebrafish,Hi,rMOS2,0.22633623276793635
Zebrafish,Hi,rMOS3,0.027882038859492964
Zebrafish,Hi,rMOS4,0.36285587807455144
Zebrafish,Hi,rMOS5,0.27686388245013693
Zebrafish,Hi,rNX,0.28579547147935924
Zebrafish,Hi,rOB,-0.5990677388634914
Zebrafish,Hi,rOE,-0.5808046132569965
Zebrafish,Hi,rOG,0.45615886744654194
Zebrafish,Hi,rP,-0.8520688482982293
Zebrafish,Hi,rPO,-0.6210288661446902
Zebrafish,Hi,rPT,0.11309402600260929
Zebrafish,Hi,rPrT,0.23501295908682773
Zebrafish,Hi,rRa,0.10294454827504072
Zebrafish,Hi,rSP,-0.7862600469407438
Zebrafish,Hi,rT,0.3894080648449786
Zebrafish,Hi,rTG,0.30762663354805103
Zebrafish,Hi,rTL,-0.14729462640734797
Zebrafish,Hi,rTS,0.23754102144840053
Zebrafish,Hi,rTeO,-0.7786561361986019
Zebrafish,Hi,rTh,-0.3040485748231067
Zebrafish,Hi,rVR,0.8933346984802858
Zebrafish,Hi,raRF,0.670827698360239
Zebrafish,Hi,rimRF,0.3472658962346942
Zebrafish,Hi,rpRF,-0.024205192712585557
Zebrafish,IO,IPN,0.8956407843205653
Zebrafish,IO,MON,0.8175847658039737
Zebrafish,IO,MOS1,-0.9774189712727905
Zebrafish,IO,MOS2,-0.9624142364811914
Zebrafish,IO,MOS3,-0.9085102696143245
Zebrafish,IO,MOS4,-0.9410777900813568
Zebrafish,IO,MOS5,-0.9918515069147162
Zebrafish,IO,NX,-0.7764808807809199
Zebrafish,IO,OB,0.5218461291273475
Zebrafish,IO,OE,0.7620295207896197
Zebrafish,IO,OG,0.8349930862787266
Zebrafish,IO,P,0.3201398775920476
Zebrafish,IO,PO,-0.31598754380479505
Zebrafish,IO,PT,-0.9678658819823349
Zebrafish,IO,PrT,-0.8769163347219515
Zebrafish,IO,Ra,-0.9502108016121078
Zebrafish,IO,SP,-0.022277597130244065
Zebrafish,IO,T,-0.9708689091661064
Zebrafish,IO,TG,0.871799419809356
Zebrafish,IO,TL,0.9827922223276279
Zebrafish,IO,TS,0.9887693801776902
Zebrafish,IO,TeO,0.9433718170891673
Zebrafish,IO,Th,-0.5848739807232922
Zebrafish,IO,VR,-0.736865455360837
Zebrafish,IO,aRF,-0.804833925804997
Zebrafish,IO,imRF,-0.8602015699225443
Zebrafish,IO,pRF,-0.8622787730725593
Zebrafish,IO,rCb,-0.7544553566043843
Zebrafish,IO,rHR,0.13556930194359873
Zebrafish,IO,rHb,0.6417819850677289
Zebrafish,IO,rHc,0.5535283257941729
Zebrafish,IO,rHi,-0.6037153969824989
Zebrafish,IO,rIO,0.9555357626120526
Zebrafish,IO,rIPN,0.5627350291819512
Zebrafish,IO,rMON,0.8853269622001557
Zebrafish,IO,rMOS1,-0.9759775402748454
Zebrafish,IO,rMOS2,-0.9511704398429005
Zebrafish,IO,rMOS3,-0.8922167852002894
Zebrafish,IO,rMOS4,-0.8802544878741398
Zebrafish,IO,rMOS5,-0.9671959267520046
Zebrafish,IO,rNX,-0.887473033955922
Zebrafish,IO,rOB,0.7738271059185153
Zebrafish,IO,rOE,0.7534966470997864
Zebrafish,IO,rOG,0.7830890796444444
Zebrafish,IO,rP,0.16677374605492046
Zebrafish,IO,rPO,-0.4811997232220274
Zebrafish,IO,rPT,-0.9741858571810031
Zebrafish,IO,rPrT,-0.9848685594956097
Zebrafish,IO,rRa,-0.45919731286891474
Zebrafish,IO,rSP,-0.17292371143150642
Zebrafish,IO,rT,-0.9774051564172663
Zebrafish,IO,rTG,0.8461920607369193
Zebrafish,IO,rTL,0.9820268901282062
Zebrafish,IO,rTS,0.9078965897315998
Zebrafish,IO,rTeO,0.5207065038962206
Zebrafish,IO,rTh,-0.7972133995922287
Zebrafish,IO,rVR,-0.5160818330136483
Zebrafish,IO,raRF,-0.7464631074752966
Zebrafish,IO,rimRF,-0.8574445368174983
Zebrafish,IO,rpRF,-0.9025714902593516
Zebrafish,IPN,MON,0.9874328944905838
Zebrafish,IPN,MOS1,-0.8813618165363869
Zebrafish,IPN,MOS2,-0.9468701574961811
Zebrafish,IPN,MOS3,-0.7108163257512762
Zebrafish,IPN,MOS4,-0.990399733932023
Zebrafish,IPN,MOS5,-0.8350915857136867
Zebrafish,IPN,NX,-0.9475996066536252
Zebrafish,IPN,OB,0.8456400349573089
Zebrafish,IPN,OE,0.9701062994012333
Zebrafish,IPN,OG,0.5524894252748114
Zebrafish,IPN,P,0.6599464423430074
Zebrafish,IPN,PO,-0.048740050628226526
Zebrafish,IPN,PT,-0.965244870859238
Zebrafish,IPN,PrT,-0.9896852081695628
Zebrafish,IPN,Ra,-0.8288285954677279
Zebrafish,IPN,SP,0.3788499731419506
Zebrafish,IPN,T,-0.9660514752957517
Zebrafish,IPN,TG,0.6560806322888327
Zebrafish,IPN,TL,0.8909811431667808
Zebrafish,IPN,TS,0.92944592653025
Zebrafish,IPN,TeO,0.9720196312224599
Zebrafish,IPN,Th,-0.3356332306713688
Zebrafish,IPN,VR,-0.9553259838868804
Zebrafish,IPN,aRF,-0.9795198444137122
Zebrafish,IPN,imRF,-0.9748932422700739
Zebrafish,IPN,pRF,-0.7676866846281133
Zebrafish,IPN,rCb,-0.9630727231396011
Zebrafish,IPN,rHR,-0.27342670667135077
Zebrafish,IPN,rHb,0.915895316819477
Zebrafish,IPN,rHc,0.2897496182801601
Zebrafish,IPN,rHi,-0.8578021116415958
Zebrafish,IPN,rIO,0.9766224093951901
Zebrafish,IPN,rIPN,0.7844124052361916
Zebrafish,IPN,rMON,0.8629429324163866
Zebrafish,IPN,rMOS1,-0.9430718088442822
Zebrafish,IPN,rMOS2,-0.972722352516468
Zebrafish,IPN,rMOS3,-0.9119059413213773
Zebrafish,IPN,rMOS4,-0.9945034577415235
Zebrafish,IPN,rMOS5,-0.9754478980661573
Zebrafish,IPN,rNX,-0.9845909978272435
Zebrafish,IPN,rOB,0.9710831777295273
Zebrafish,IPN,rOE,0.966019297749837
Zebrafish,IPN,rOG,0.5718820980483986
Zebrafish,IPN,rP,0.5606888943490462
Zebrafish,IPN,rPO,-0.06011512517721337
Zebrafish,IPN,rPT,-0.7779477427266908
Zebrafish,IPN,rPrT,-0.9544770698123569
Zebrafish,IPN,rRa,-0.728857543945432
Zebrafish,IPN,rSP,0.25646203688708064
Zebrafish,IPN,rT,-0.9380577730250382
Zebrafish,IPN,rTG,0.5432704676122972
Zebrafish,IPN,rTL,0.8044123463828762
Zebrafish,IPN,rTS,0.723530911175646
Zebrafish,IPN,rTeO,0.8300665346864258
Zebrafish,IPN,rTh,-0.4514844767289494
Zebrafish,IPN,rVR,-0.5858984474713451
Zebrafish,IPN,raRF,-0.951952992307821
Zebrafish,IPN,rimRF,-0.9880874515497033
Zebrafish,IPN,rpRF,-0.8901553014906454
Zebrafish,MON,MOS1,-0.796417924035865
Zebrafish,MON,MOS2,-0.8868510848300836
Zebrafish,MON,MOS3,-0.5929611072009288
Zebrafish,MON,MOS4,-0.9564631547676041
Zebrafish,MON,MOS5,-0.7400938170067843
Zebrafish,MON,NX,-0.9465472964669793
Zebrafish,MON,OB,0.9112699294192445
Zebrafish,MON,OE,0.9956918308741765
Zebrafish,MON,OG,0.4143799523721397
Zebrafish,MON,P,0.7647730967954024
Zebrafish,MON,PO,0.0826497809590373
Zebrafish,MON,PT,-0.9240990336249431
Zebrafish,MON,PrT,-0.9874194909448427
Zebrafish,MON,Ra,-0.7633486331426886
Zebrafish,MON,SP,0.5179404631524502
Zebrafish,MON,T,-0.9232435707884937
Zebrafish,MON,TG,0.532117130162903
Zebrafish,MON,TL,0.8083767929872869
Zebrafish,MON,TS,0.8594572660474072
Zebrafish,MON,TeO,0.9269356926461052
Zebrafish,MON,Th,-0.2694676866013547
Zebrafish,MON,VR,-0.9771903628320869
Zebrafish,MON,aRF,-0.985859150588712
Zebrafish,MON,imRF,-0.95615583499251
Zebrafish,MON,pRF,-0.674138707817286
Zebrafish,MON,rCb,-0.9931718820937755
Zebrafish,MON,rHR,-0.3768202313828033
Zebrafish,MON,rHb,0.964456874810247
Zebrafish,MON,rHc,0.15277994448042356
Zebrafish,MON,rHi,-0.9201408594798421
Zebrafish,MON,rIO,0.9314068522803707
Zebrafish,MON,rIPN,0.7954649324882198
Zebrafish,MON,rMON,0.8356527247496827
Zebrafish,MON,rMOS1,-0.8793449191311346
Zebrafish,MON,rMOS2,-0.926286275763133
Zebrafish,MON,rMOS3,-0.8565782538357879
Zebrafish,MON,rMOS4,-0.9805197512213778
Zebrafish,MON,rMOS5,-0.9283884980805149
Zebrafish,MON,rNX,-0.9617357203810124
Zebrafish,MON,rOB,0.9963061896012688
Zebrafish,MON,rOE,0.9946030261292178
Zebrafish,MON,rOG,0.446190632844936
Zebrafish,MON,rP,0.683722333104749
Zebrafish,MON,rPO,0.09825377200346398
Zebrafish,MON,rPT,-0.6782237909403828
Zebrafish,MON,rPrT,-0.8956558712208886
Zebrafish,MON,rRa,-0.7590723184591854
Zebrafish,MON,rSP,0.40585975531982804
Zebrafish,MON,rT,-0.8876788101072092
Zebrafish,MON,rTG,0.4038876860658162
Zebrafish,MON,rTL,0.7101234901696899
Zebrafish,MON,rTS,0.6086045263720608
Zebrafish,MON,rTeO,0.906916460046366
Zebrafish,MON,rTh,-0.3069265137927685
Zebrafish,MON,rVR,-0.6213163478254422
Zebrafish,MON,raRF,-0.9852724187575075
Zebrafish,MON,rimRF,-0.9780339546963547
Zebrafish,MON,rpRF,-0.8242572458254093
Zebrafish,MOS1,MOS2,0.9839783908361318
Zebrafish,MOS1,MOS3,0.9582918797988046
Zebrafish,MOS1,MOS4,0.9381684865195168
Zebrafish,MOS1,MOS5,0.9770379756529785
Zebrafish,MOS1,NX,0.8245420146563968
Zebrafish,MOS1,OB,-0.5354868835278136
Zebrafish,MOS1,OE,-0.7461723406154803
Zebrafish,MOS1,OG,-0.880163759009813
Zebrafish,MOS1,P,-0.23138229050483206
Zebrafish,MOS1,PO,0.46822855054631357
Zebrafish,MOS1,PT,0.9237432327182414
Zebrafish,MOS1,PrT,0.833379334302086
Zebrafish,MOS1,Ra,0.8632220961413786
Zebrafish,MOS1,SP,0.10304622677241007
Zebrafish,MOS1,T,0.9304023735838103
Zebrafish,MOS1,TG,-0.9330647371395202
Zebrafish,MOS1,TL,-0.9995418127091921
Zebrafish,MOS1,TS,-0.9914410419383045
Zebrafish,MOS1,TeO,-0.9614248975952038
Zebrafish,MOS1,Th,0.4200750302644484
Zebrafish,MOS1,VR,0.7558233878927189
Zebrafish,MOS1,aRF,0.8193844771529797
Zebrafish,MOS1,imRF,0.8934777862543644
Zebrafish,MOS1,pRF,0.9494473967986373
Zebrafish,MOS1,rCb,0.7216355260106423
Zebrafish,MOS1,rHR,-0.027866225140446503
Zebrafish,MOS1,rHb,-0.63845369198621
Zebrafish,MOS1,rHc,-0.6808028984470738
Zebrafish,MOS1,rHi,0.5243768290659228
Zebrafish,MOS1,rIO,-0.9618003400065532
Zebrafish,MOS1,rIPN,-0.6712119285030085
Zebrafish,MOS1,rMON,-0.7751725174808742
Zebrafish,MOS1,rMOS1,0.9882973257526705
Zebrafish,MOS1,rMOS2,0.9642391761642002
Zebrafish,MOS1,rMOS3,0.9542625187811598
Zebrafish,MOS1,rMOS4,0.8880880700107424
Zebrafish,MOS1,rMOS5,0.9624137714284862
Zebrafish,MOS1,rNX,0.9099169094927274
Zebrafish,MOS1,rOB,-0.7431050352566825
Zebrafish,MOS1,rOE,-0.7323590463652102
Zebrafish,MOS1,rOG,-0.8774105326636231
Zebrafish,MOS1,rP,-0.10324173057335773
Zebrafish,MOS1,rPO,0.5162377772650893
Zebrafish,MOS1,rPT,0.9333531213252876
Zebrafish,MOS1,rPrT,0.9773621325100875
Zebrafish,MOS1,rRa,0.5698261615446012
Zebrafish,MOS1,rSP,0.22811150672181138
Zebrafish,MOS1,rT,0.9239826138073156
Zebrafish,MOS1,rTG,-0.8683221919455191
Zebrafish,MOS1,rTL,-0.9398366444758608
Zebrafish,MOS1,rTS,-0.9622229476680308
Zebrafish,MOS1,rTeO,-0.4681315738884855
Zebrafish,MOS1,rTh,0.7980385644439089
Zebrafish,MOS1,rVR,0.33729475132429876
Zebrafish,MOS1,raRF,0.6976507407750371
Zebrafish,MOS1,rimRF,0.8744123325408226
Zebrafish,MOS1,rpRF,0.9667484925062665
Zebrafish,MOS2,MOS3,0.8974500641955915
Zebrafish,MOS2,MOS4,0.981757697231268
Zebrafish,MOS2,MOS5,0.9401346406090129
Zebrafish,MOS2,NX,0.9086537050159743
Zebrafish,MOS2,OB,-0.6774281417640999
Zebrafish,MOS2,OE,-0.8501230855208983
Zebrafish,MOS2,OG,-0.7838109393858739
Zebrafish,MOS2,P,-0.3832934728225725
Zebrafish,MOS2,PO,0.3560450530769825
Zebrafish,MOS2,PT,0.9505977511879034
Zebrafish,MOS2,PrT,0.9042493911699568
Zebrafish,MOS2,Ra,0.8455353155921785
Zebrafish,MOS2,SP,-0.064256632462373
Zebrafish,MOS2,T,0.9561434354088838
Zebrafish,MOS2,TG,-0.8631033906376729
Zebrafish,MOS2,TL,-0.9858486528043675
Zebrafish,MOS2,TS,-0.9921243019450771
Zebrafish,MOS2,TeO,-0.9950116006031007
Zebrafish,MOS2,Th,0.3484268836461707
Zebrafish,MOS2,VR,0.86039606175607
Zebrafish,MOS2,aRF,0.9084471996327474
Zebrafish,MOS2,imRF,0.958262407950074
Zebrafish,MOS2,pRF,0.9257196494094405
Zebrafish,MOS2,rCb,0.8270359655991429
Zebrafish,MOS2,rHR,0.12396258390691141
Zebrafish,MOS2,rHb,-0.7648661143597063
Zebrafish,MOS2,rHc,-0.5780467984880565
Zebrafish,MOS2,rHi,0.6481668728339557
Zebrafish,MOS2,rIO,-0.9936430699943463
Zebrafish,MOS2,rIPN,-0.7652164153181106
Zebrafish,MOS2,rMON,-0.797561646385468
Zebrafish,MOS2,rMOS1,0.9984608987104412
Zebrafish,MOS2,rMOS2,0.9955891489602134
Zebrafish,MOS2,rMOS3,0.9792839578155458
Zebrafish,MOS2,rMOS4,0.9553294205290975
Zebrafish,MOS2,rMOS5,0.9903199530086916
Zebrafish,MOS2,rNX,0.9692343276088996
Zebrafish,MOS2,rOB,-0.8442515498282085
Zebrafish,MOS2,rOE,-0.8383244649442659
Zebrafish,MOS2,rOG,-0.8042710512372095
Zebrafish,MOS2,rP,-0.27093166504258825
Zebrafish,MOS2,rPO,0.35623263256856863
Zebrafish,MOS2,rPT,0.8823351674177395
Zebrafish,MOS2,rPrT,0.9904198883942193
Zebrafish,MOS2,rRa,0.6803300185906973
Zebrafish,MOS2,rSP,0.055372916464106144
Zebrafish,MOS2,rT,0.9371064198113433
Zebrafish,MOS2,rTG,-0.765981413557867
Zebrafish,MOS2,rTL,-0.8966076589665812
Zebrafish,MOS2,rTS,-0.9063372806186888
Zebrafish,MOS2,rTeO,-0.6097989381164792
Zebrafish,MOS2,rTh,0.6790678093626706
Zebrafish,MOS2,rVR,0.39322899030191377
Zebrafish,MOS2,raRF,0.8029360285870377
Zebrafish,MOS2,rimRF,0.9469010562775346
Zebrafish,MOS2,rpRF,0.9789570560924448
Zebrafish,MOS3,MOS4,0.801202405546474
Zebrafish,MOS3,MOS5,0.9439561185688111
Zebrafish,MOS3,NX,0.6700438167364796
Zebrafish,MOS3,OB,-0.30058317925920297
Zebrafish,MOS3,OE,-0.5307058285903672
Zebrafish,MOS3,OG,-0.9755434850268863
Zebrafish,MOS3,P,0.056290191989596505
Zebrafish,MOS3,PO,0.6835298410171871
Zebrafish,MOS3,PT,0.7865259494035207
Zebrafish,MOS3,PrT,0.6411490837527937
Zebrafish,MOS3,Ra,0.7677945951622571
Zebrafish,MOS3,SP,0.38153173891058634
Zebrafish,MOS3,T,0.7964720154334527
Zebrafish,MOS3,TG,-0.9966803117541855
Zebrafish,MOS3,TL,-0.9510126593634703
Zebrafish,MOS3,TS,-0.9145726277568673
Zebrafish,MOS3,TeO,-0.8496042753678115
Zebrafish,MOS3,Th,0.38842312332135664
Zebrafish,MOS3,VR,0.5599379760618335
Zebrafish,MOS3,aRF,0.6378435975406413
Zebrafish,MOS3,imRF,0.7519938550372827
Zebrafish,MOS3,pRF,0.9619862384204574
Zebrafish,MOS3,rCb,0.4956934738330907
Zebrafish,MOS3,rHR,-0.17541699474383535
Zebrafish,MOS3,rHb,-0.40718423180318014
Zebrafish,MOS3,rHc,-0.8508930712235657
Zebrafish,MOS3,rHi,0.2594233715658835
Zebrafish,MOS3,rIO,-0.845239710588787
Zebrafish,MOS3,rIPN,-0.5514909512768045
Zebrafish,MOS3,rMON,-0.6156642150738069
Zebrafish,MOS3,rMOS1,0.9041069397405631
Zebrafish,MOS3,rMOS2,0.8523335922492851
Zebrafish,MOS3,rMOS3,0.8819630168380028
Zebrafish,MOS3,rMOS4,0.7280347742466804
Zebrafish,MOS3,rMOS5,0.8446567637133608
Zebrafish,MOS3,rNX,0.7683009779676214
Zebrafish,MOS3,rOB,-0.522796805987662
Zebrafish,MOS3,rOE,-0.5118967340937017
Zebrafish,MOS3,rOG,-0.9700322517479398
Zebrafish,MOS3,rP,0.18141907845277666
Zebrafish,MOS3,rPO,0.724190862011272
Zebrafish,MOS3,rPT,0.9078515251599742
Zebrafish,MOS3,rPrT,0.8778384061242617
Zebrafish,MOS3,rRa,0.43594035984395096
Zebrafish,MOS3,rSP,0.4889377304580459
Zebrafish,MOS3,rT,0.8005558326408375
Zebrafish,MOS3,rTG,-0.9590798078655269
Zebrafish,MOS3,rTL,-0.9019520735277
Zebrafish,MOS3,rTS,-0.9993631590150025
Zebrafish,MOS3,rTeO,-0.19852836332679025
Zebrafish,MOS3,rTh,0.9048974951855564
Zebrafish,MOS3,rVR,0.12261531648867188
Zebrafish,MOS3,raRF,0.4640009504405506
Zebrafish,MOS3,rimRF,0.7135518592170644
Zebrafish,MOS3,rpRF,0.9129465914595595
Zebrafish,MOS4,MOS5,0.8965687447383162
Zebrafish,MOS4,NX,0.9369161215161443
Zebrafish,MOS4,OB,-0.7775799834305762
Zebrafish,MOS4,OE,-0.9293303776728624
Zebrafish,MOS4,OG,-0.6619557726483688
Zebrafish,MOS4,P,-0.5506042573090835
Zebrafish,MOS4,PO,0.17469866103748038
Zebrafish,MOS4,PT,0.9763207514682215
Zebrafish,MOS4,PrT,0.9682507504538184
Zebrafish,MOS4,Ra,0.8573686229967646
Zebrafish,MOS4,SP,-0.24728409552703234
Zebrafish,MOS4,T,0.9789247467754829
Zebrafish,MOS4,TG,-0.7538925607910517
Zebrafish,MOS4,TL,-0.9449790974206348
Zebrafish,MOS4,TS,-0.9706259758023867
Zebrafish,MOS4,TeO,-0.9936828155219315
Zebrafish,MOS4,Th,0.3644214946223485
Zebrafish,MOS4,VR,0.922070792741378
Zebrafish,MOS4,aRF,0.9581252567839184
Zebrafish,MOS4,imRF,0.9765544392696329
Zebrafish,MOS4,pRF,0.841427428852306
Zebrafish,MOS4,rCb,0.9166606624171378
Zebrafish,MOS4,rHR,0.19589262310935282
Zebrafish,MOS4,rHb,-0.858623174275309
Zebrafish,MOS4,rHc,-0.41292152729894477
Zebrafish,MOS4,rHi,0.7810895127323441
Zebrafish,MOS4,rIO,-0.9968965457695114
Zebrafish,MOS4,rIPN,-0.7739518330136829
Zebrafish,MOS4,rMON,-0.8565180690159472
Zebrafish,MOS4,rMOS1,0.9799846112354084
Zebrafish,MOS4,rMOS2,0.9948924815939175
Zebrafish,MOS4,rMOS3,0.9484097441179903
Zebrafish,MOS4,rMOS4,0.9888262503504369
Zebrafish,MOS4,rMOS5,0.9959426509972718
Zebrafish,MOS4,rNX,0.988179292746195
Zebrafish,MOS4,rOB,-0.928806375817692
Zebrafish,MOS4,rOE,-0.9222068457976229
Zebrafish,MOS4,rOG,-0.676625047723306
Zebrafish,MOS4,rP,-0.4411380368979793
Zebrafish,MOS4,rPO,0.19410836500691542
Zebrafish,MOS4,rPT,0.8412549973898312
Zebrafish,MOS4,rPrT,0.984749330275111
Zebrafish,MOS4,rRa,0.7038329145880716
Zebrafish,MOS4,rSP,-0.1216816711878263
Zebrafish,MOS4,rT,0.9561462731342093
Zebrafish,MOS4,rTG,-0.6511945631018037
Zebrafish,MOS4,rTL,-0.8625811389691965
Zebrafish,MOS4,rTS,-0.8118090151869116
Zebrafish,MOS4,rTeO,-0.745077062376597
Zebrafish,MOS4,rTh,0.5628081721987447
Zebrafish,MOS4,rVR,0.5244782928343561
Zebrafish,MOS4,raRF,0.9011647500784202
Zebrafish,MOS4,rimRF,0.9803746282160802
Zebrafish,MOS4,rpRF,0.9360484522093877
Zebrafish,MOS5,NX,0.714260367208938
Zebrafish,MOS5,OB,-0.4186786400248081
Zebrafish,MOS5,OE,-0.6768976557292841
Zebrafish,MOS5,OG,-0.8952111782488427
Zebrafish,MOS5,P,-0.19791703747419062
Zebrafish,MOS5,PO,0.410839330865217
Zebrafish,MOS5,PT,0.9282872584560081
Zebrafish,MOS5,PrT,0.8086127503033949
Zebrafish,MOS5,Ra,0.9350542401608609
Zebrafish,MOS5,SP,0.14870339136340457
Zebrafish,MOS5,T,0.9325533763315617
Zebrafish,MOS5,TG,-0.9157634567674272
Zebrafish,MOS5,TL,-0.9798645591901299
Zebrafish,MOS5,TS,-0.9737953506884827
Zebrafish,MOS5,TeO,-0.9088109996103558
Zebrafish,MOS5,Th,0.6006325314354364
Zebrafish,MOS5,VR,0.6568743820199776
Zebrafish,MOS5,aRF,0.7337973598331193
Zebrafish,MOS5,imRF,0.8077692632800386
Zebrafish,MOS5,pRF,0.8785421856745855
Zebrafish,MOS5,rCb,0.6659158555258884
Zebrafish,MOS5,rHR,-0.22159120191646334
Zebrafish,MOS5,rHb,-0.5449267769144678
Zebrafish,MOS5,rHc,-0.6346145925156991
Zebrafish,MOS5,rHi,0.4979055488650289
Zebrafish,MOS5,rIO,-0.9202308423294677
Zebrafish,MOS5,rIPN,-0.5059552814712429
Zebrafish,MOS5,rMON,-0.840214790693727
Zebrafish,MOS5,rMOS1,0.956133030840263
Zebrafish,MOS5,rMOS2,0.917283141889656
Zebrafish,MOS5,rMOS3,0.8708561126211378
Zebrafish,MOS5,rMOS4,0.8220439188515231
Zebrafish,MOS5,rMOS5,0.9327685631654024
Zebrafish,MOS5,rNX,0.8367645518574002
Zebrafish,MOS5,rOB,-0.6882252902378271
Zebrafish,MOS5,rOE,-0.6663249976163458
Zebrafish,MOS5,rOG,-0.8354954663083749
Zebrafish,MOS5,rP,-0.03980148537852614
Zebrafish,MOS5,rPO,0.5888893741969587
Zebrafish,MOS5,rPT,0.9884022919303169
Zebrafish,MOS5,rPrT,0.9599509825589495
Zebrafish,MOS5,rRa,0.39298461414571184
Zebrafish,MOS5,rSP,0.2969943881368578
Zebrafish,MOS5,rT,0.9457125881584499
Zebrafish,MOS5,rTG,-0.9069141315082702
Zebrafish,MOS5,rTL,-0.9905816609915306
Zebrafish,MOS5,rTS,-0.9406303077825295
Zebrafish,MOS5,rTeO,-0.40787687657583993
Zebrafish,MOS5,rTh,0.8669027572085465
Zebrafish,MOS5,rVR,0.4433048158966439
Zebrafish,MOS5,raRF,0.6557399076271152
Zebrafish,MOS5,rimRF,0.7973405947292752
Zebrafish,MOS5,rpRF,0.8901586022641175
Zebrafish,NX,OB,-0.9056635321030968
Zebrafish,NX,OE,-0.9487648650537334
Zebrafish,NX,OG,-0.4905265523848935
Zebrafish,NX,P,-0.6032966692733834
Zebrafish,NX,PO,0.16385046016155316
Zebrafish,NX,PT,0.8440253794375603
Zebrafish,NX,PrT,0.9023162739024488
Zebrafish,NX,Ra,0.6248832944769206
Zebrafish,NX,SP,-0.36936066255573885
Zebrafish,NX,T,0.8488888325267571
Zebrafish,NX,TG,-0.6284371174520504
Zebrafish,NX,TL,-0.8272036100086303
Zebrafish,NX,TS,-0.8545615577048874
Zebrafish,NX,TeO,-0.9408658929444808
Zebrafish,NX,Th,0.02388191231031442
Zebrafish,NX,VR,0.983485090587419
Zebrafish,NX,aRF,0.9871977766629556
Zebrafish,NX,imRF,0.9892703279958818
Zebrafish,NX,pRF,0.8029676376802555
Zebrafish,NX,rCb,0.9202237183588662
Zebrafish,NX,rHR,0.5190348313590556
Zebrafish,NX,rHb,-0.9342754254514644
Zebrafish,NX,rHc,-0.3576346714709547
Zebrafish,NX,rHi,0.7747903442527916
Zebrafish,NX,rIO,-0.9275180970036253
Zebrafish,NX,rIPN,-0.9414506162015386
Zebrafish,NX,rMON,-0.6563075530406683
Zebrafish,NX,rMOS1,0.8878255121982622
Zebrafish,NX,rMOS2,0.932888090588683
Zebrafish,NX,rMOS3,0.9393648821043209
Zebrafish,NX,rMOS4,0.9742796366013889
Zebrafish,NX,rMOS5,0.9081521156708492
Zebrafish,NX,rNX,0.9789238724648451
Zebrafish,NX,rOB,-0.9270345271997656
Zebrafish,NX,rOE,-0.9393917767427737
Zebrafish,NX,rOG,-0.5942014468288507
Zebrafish,NX,rP,-0.559673214221723
Zebrafish,NX,rPO,-0.02464262181934631
Zebrafish,NX,rPT,0.6150314924536696
Zebrafish,NX,rPrT,0.8733797246206716
Zebrafish,NX,rRa,0.9067421322007231
Zebrafish,NX,rSP,-0.2968079897958234
Zebrafish,NX,rT,0.7954397208416153
Zebrafish,NX,rTG,-0.445714882871615
Zebrafish,NX,rTL,-0.6435983853412722
Zebrafish,NX,rTS,-0.6918645384254483
Zebrafish,NX,rTeO,-0.8003866485316973
Zebrafish,NX,rTh,0.31924964949427415
Zebrafish,NX,rVR,0.3354852831148022
Zebrafish,NX,raRF,0.8880257345235187
Zebrafish,NX,rimRF,0.9851242740184124
Zebrafish,NX,rpRF,0.9121625636725815
Zebrafish,OB,OE,0.9452613977133553
Zebrafish,OB,OG,0.08428625913320013
Zebrafish,OB,P,0.8513526537729456
Zebrafish,OB,PO,0.23043941192725237
Zebrafish,OB,PT,-0.6852196570029845
Zebrafish,OB,PrT,-0.838769654817842
Zebrafish,OB,Ra,-0.43287907153309024
Zebrafish,OB,SP,0.7214240038189716
Zebrafish,OB,T,-0.6843812476371609
Zebrafish,OB,TG,0.243211601127703
Zebrafish,OB,TL,0.5456312842601954
Zebrafish,OB,TS,0.6073391918446375
Zebrafish,OB,TeO,0.7465411589034043
Zebrafish,OB,Th,0.10076324523252347
Zebrafish,OB,VR,-0.9577130915427954
Zebrafish,OB,aRF,-0.9224864112173148
Zebrafish,OB,imRF,-0.8545453546114844
Zebrafish,OB,pRF,-0.47492013670441763
Zebrafish,OB,rCb,-0.935418143153117
Zebrafish,OB,rHR,-0.7135402293818681
Zebrafish,OB,rHb,0.9873745527704267
Zebrafish,OB,rHc,-0.05891280352255194
Zebrafish,OB,rHi,-0.8975543612411251
Zebrafish,OB,rIO,0.7372794644456708
Zebrafish,OB,rIPN,0.8654419324782954
Zebrafish,OB,rMON,0.5666998496143224
Zebrafish,OB,rMOS1,-0.6513428562445609
Zebrafish,OB,rMOS2,-0.7371393042602323
Zebrafish,OB,rMOS3,-0.7061847021736414
Zebrafish,OB,rMOS4,-0.860250666947229
Zebrafish,OB,rMOS5,-0.7178526605028377
Zebrafish,OB,rNX,-0.8375278252727444
Zebrafish,OB,rOB,0.928559432646719
Zebrafish,OB,rOE,0.9458429474059146
Zebrafish,OB,rOG,0.19770390789315678
Zebrafish,OB,rP,0.8506906098904214
Zebrafish,OB,rPO,0.43996702412094546
Zebrafish,OB,rPT,-0.3224938705021234
Zebrafish,OB,rPrT,-0.6563283986862805
Zebrafish,OB,rRa,-0.8820843798550151
Zebrafish,OB,rSP,0.6736718038280519
Zebrafish,OB,rT,-0.6193471338115369
Zebrafish,OB,rTG,0.04630567507658876
Zebrafish,OB,rTL,0.3632014198959122
Zebrafish,OB,rTS,0.326930656298196
Zebrafish,OB,rTeO,0.9507814243851846
Zebrafish,OB,rTh,0.07750405828528908
Zebrafish,OB,rVR,-0.45178546240972484
Zebrafish,OB,raRF,-0.9185987026864376
Zebrafish,OB,rimRF,-0.8777328201112804
Zebrafish,OB,rpRF,-0.6533100978940922
Zebrafish,OE,OG,0.34080603150397293
Zebrafish,OE,P,0.8017469298661162
Zebrafish,OE,PO,0.12708290983900167
Zebrafish,OE,PT,-0.8847105818249532
Zebrafish,OE,PrT,-0.9701221337436736
Zebrafish,OE,Ra,-0.7024241027401921
Zebrafish,OE,SP,0.5780964554273497
Zebrafish,OE,T,-0.8836414500622667
Zebrafish,OE,TG,0.469101871645386
Zebrafish,OE,TL,0.7582151851967925
Zebrafish,OE,TS,0.8133570294498783
Zebrafish,OE,TeO,0.897823596093774
Zebrafish,OE,Th,-0.19601327691113235
Zebrafish,OE,VR,-0.9865242656367036
Zebrafish,OE,aRF,-0.985281044542759
Zebrafish,OE,imRF,-0.9451103317605867
Zebrafish,OE,pRF,-0.632875682670173
Zebrafish,OE,rCb,-0.9966736209645982
Zebrafish,OE,rHR,-0.4555075299994071
Zebrafish,OE,rHb,0.9847823377309907
Zebrafish,OE,rHc,0.09836611679558842
Zebrafish,OE,rHi,-0.9333723154614905
Zebrafish,OE,rIO,0.8998031288541153
Zebrafish,OE,rIPN,0.8179803654115911
Zebrafish,OE,rMON,0.7915540303127524
Zebrafish,OE,rMOS1,-0.8386633528298397
Zebrafish,OE,rMOS2,-0.8953911065626123
Zebrafish,OE,rMOS3,-0.8309612100452226
Zebrafish,OE,rMOS4,-0.9668963255643368
Zebrafish,OE,rMOS5,-0.8935096805998227
Zebrafish,OE,rNX,-0.9460837602533978
Zebrafish,OE,rOB,0.9973956672891142
Zebrafish,OE,rOE,0.999581595719921
Zebrafish,OE,rOG,0.3894864567128492
Zebrafish,OE,rP,0.7368910259773402
Zebrafish,OE,rPO,0.18183355883648478
Zebrafish,OE,rPT,-0.6074910994273547
Zebrafish,OE,rPrT,-0.853678109179081
Zebrafish,OE,rRa,-0.7933442834198962
Zebrafish,OE,rSP,0.47795031777745217
Zebrafish,OE,rT,-0.8413479861580552
Zebrafish,OE,rTG,0.32499764380078955
Zebrafish,OE,rTL,0.6420201595879401
Zebrafish,OE,rTS,0.5488440396074563
Zebrafish,OE,rTeO,0.9340275576774978
Zebrafish,OE,rTh,-0.22144936306524776
Zebrafish,OE,rVR,-0.6010858612237361
Zebrafish,OE,raRF,-0.9874567434001031
Zebrafish,OE,rimRF,-0.9685428917238925
Zebrafish,OE,rpRF,-0.7932072949119627
Zebrafish,OG,P,-0.24701847757725798
Zebrafish,OG,PO,-0.756752942609221
Zebrafish,OG,PT,-0.6713578803102795
Zebrafish,OG,PrT,-0.483526295571349
Zebrafish,OG,Ra,-0.7134172874723214
Zebrafish,OG,SP,-0.5590076547583848
Zebrafish,OG,T,-0.6816666595214294
Zebrafish,OG,TG,0.9842519976285183
Zebrafish,OG,TL,0.8707020197324404
Zebrafish,OG,TS,0.8195161785877382
Zebrafish,OG,TeO,0.718043948456697
Zebrafish,OG,Th,-0.44486501073566603
Zebrafish,OG,VR,-0.3655911780737877
Zebrafish,OG,aRF,-0.4557870509227179
Zebrafish,OG,imRF,-0.5895159751202668
Zebrafish,OG,pRF,-0.8923638126811324
Zebrafish,OG,rCb,-0.3078118690820648
Zebrafish,OG,rHR,0.3573205381593037
Zebrafish,OG,rHb,0.20047565618895186
Zebrafish,OG,rHc,0.8950480703465468
Zebrafish,OG,rHi,-0.07271103693110614
Zebrafish,OG,rIO,0.7166155330159812
Zebrafish,OG,rIPN,0.37018248797413367
Zebrafish,OG,rMON,0.5250934040878186
Zebrafish,OG,rMOS1,-0.7975894227092083
Zebrafish,OG,rMOS2,-0.7234993774152866
Zebrafish,OG,rMOS3,-0.7574503336988799
Zebrafish,OG,rMOS4,-0.5652771265231387
Zebrafish,OG,rMOS5,-0.7214257390642491
Zebrafish,OG,rNX,-0.6114705225518943
Zebrafish,OG,rOB,0.3376361521638132
Zebrafish,OG,rOE,0.32140022811424673
Zebrafish,OG,rOG,0.9638951973931191
Zebrafish,OG,rP,-0.38030382813374386
Zebrafish,OG,rPO,-0.8577111130964267
Zebrafish,OG,rPT,-0.8816992848156904
Zebrafish,OG,rPrT,-0.7706070057040703
Zebrafish,OG,rRa,-0.2449658983310079
Zebrafish,OG,rSP,-0.6629110770239434
Zebrafish,OG,rT,-0.7020190996138848
Zebrafish,OG,rTG,0.9934553931961572
Zebrafish,OG,rTL,0.8662731091316755
Zebrafish,OG,rTS,0.9684264835737546
Zebrafish,OG,rTeO,-0.005715301346379254
Zebrafish,OG,rTh,-0.9669216463278087
Zebrafish,OG,rVR,-0.04027146764216521
Zebrafish,OG,raRF,-0.2798192684221458
Zebrafish,OG,rimRF,-0.5452763756372535
Zebrafish,OG,rpRF,-0.8019174496417601
Zebrafish,P,PO,0.6878565802923237
Zebrafish,P,PT,-0.548064824404637
Zebrafish,P,PrT,-0.7284321114832364
Zebrafish,P,Ra,-0.397550779050936
Zebrafish,P,SP,0.9397175309274698
Zebrafish,P,T,-0.5375898338085573
Zebrafish,P,TG,-0.1328649100455791
Zebrafish,P,TL,0.25438004887003945
Zebrafish,P,TS,0.3499125885986213
Zebrafish,P,TeO,0.46768325380582676
Zebrafish,P,Th,-0.13651615786736124
Zebrafish,P,VR,-0.737393889972482
Zebrafish,P,aRF,-0.6936425337218901
Zebrafish,P,imRF,-0.5640294067555486
Zebrafish,P,pRF,-0.044685826707035504
Zebrafish,P,rCb,-0.8345657818594078
Zebrafish,P,rHR,-0.5080351220136263
Zebrafish,P,rHb,0.8470462291006
Zebrafish,P,rHc,-0.5158485977321104
Zebrafish,P,rHi,-0.9483839132593564
Zebrafish,P,rIO,0.4833242322446995
Zebrafish,P,rIPN,0.47401294458544435
Zebrafish,P,rMON,0.6079173762815151
Zebrafish,P,rMOS1,-0.3751920856036529
Zebrafish,P,rMOS2,-0.4679617777072297
Zebrafish,P,rMOS3,-0.3341042432122854
Zebrafish,P,rMOS4,-0.6257792870596841
Zebrafish,P,rMOS5,-0.4868989095924754
Zebrafish,P,rNX,-0.5653577774611165
Zebrafish,P,rOB,0.817275210336612
Zebrafish,P,rOE,0.8173591775660981
Zebrafish,P,rOG,-0.23527361664015886
Zebrafish,P,rP,0.9797909553298311
Zebrafish,P,rPO,0.6645887826828919
Zebrafish,P,rPT,-0.16680765385028654
Zebrafish,P,rPrT,-0.4256749483919503
Zebrafish,P,rRa,-0.5137229764569784
Zebrafish,P,rSP,0.8696747911327096
Zebrafish,P,rT,-0.5004152618773355
Zebrafish,P,rTG,-0.23343324783151914
Zebrafish,P,rTL,0.20967658624615196
Zebrafish,P,rTS,-0.04008014118917654
Zebrafish,P,rTeO,0.9607609316746378
Zebrafish,P,rTh,0.2957827846150455
Zebrafish,P,rVR,-0.754831361171865
Zebrafish,P,raRF,-0.8580123722555827
Zebrafish,P,rimRF,-0.6278183294577802
Zebrafish,P,rpRF,-0.2720121418911168
Zebrafish,PO,PT,0.09493734202942768
Zebrafish,PO,PrT,-0.07661149336954269
Zebrafish,PO,Ra,0.08384882802101583
Zebrafish,PO,SP,0.8282728526045345
Zebrafish,PO,T,0.11226265924963733
Zebrafish,PO,TG,-0.7401392683574782
Zebrafish,PO,TL,-0.44232663764713914
Zebrafish,PO,TS,-0.34910671701723234
Zebrafish,PO,TeO,-0.2805547100874111
Zebrafish,PO,Th,-0.13839511857446773
Zebrafish,PO,VR,-0.01694378250816256
Zebrafish,PO,aRF,0.041348502562218434
Zebrafish,PO,imRF,0.20389369777677127
Zebrafish,PO,pRF,0.6774808325807394
Zebrafish,PO,rCb,-0.1932655279130451
Zebrafish,PO,rHR,-0.1632663867286894
Zebrafish,PO,rHb,0.19771413101199128
Zebrafish,PO,rHc,-0.9650663950812934
Zebrafish,PO,rHi,-0.4662659393194461
Zebrafish,PO,rIO,-0.24947267002804702
Zebrafish,PO,rIPN,-0.2676866652477237
Zebrafish,PO,rMON,0.14840983670638444
Zebrafish,PO,rMOS1,0.3475621683870942
Zebrafish,PO,rMOS2,0.2731726106800922
Zebrafish,PO,rMOS3,0.44322470822329124
Zebrafish,PO,rMOS4,0.11458019133163981
Zebrafish,PO,rMOS5,0.2278707597850538
Zebrafish,PO,rNX,0.19337859281320743
Zebrafish,PO,rOB,0.16554717872965583
Zebrafish,PO,rOE,0.15486942095358924
Zebrafish,PO,rOG,-0.8344602583325734
Zebrafish,PO,rP,0.7042926419175976
Zebrafish,PO,rPO,0.8047191674020393
Zebrafish,PO,rPT,0.35998326943579256
Zebrafish,PO,rPrT,0.2724710425872424
Zebrafish,PO,rRa,0.18606625669986607
Zebrafish,PO,rSP,0.8091385864076849
Zebrafish,PO,rT,0.11028950619459028
Zebrafish,PO,rTG,-0.6999816625967714
Zebrafish,PO,rTL,-0.3328338933104487
Zebrafish,PO,rTS,-0.6830908019918397
Zebrafish,PO,rTeO,0.45980072968651164
Zebrafish,PO,rTh,0.662779750664628
Zebrafish,PO,rVR,-0.62269440561881
Zebrafish,PO,raRF,-0.251172582917715
Zebrafish,PO,rimRF,0.1214538110846288
Zebrafish,PO,rpRF,0.49557584600258786
Zebrafish,PT,PrT,0.9672768299116592
Zebrafish,PT,Ra,0.9454157152289911
Zebrafish,PT,SP,-0.22966598049620757
Zebrafish,PT,T,0.9998258454598461
Zebrafish,PT,TG,-0.7337096221733624
Zebrafish,PT,TL,-0.9346549228113914
Zebrafish,PT,TS,-0.9653796191862004
Zebrafish,PT,TeO,-0.9561113673339373
Zebrafish,PT,Th,0.5552516115161953
Zebrafish,PT,VR,0.8449215832150812
Zebrafish,PT,aRF,0.8934672954092977
Zebrafish,PT,imRF,0.9078387449250991
Zebrafish,PT,pRF,0.7717182627649624
Zebrafish,PT,rCb,0.8869690370457143
Zebrafish,PT,rHR,0.012535777088020101
Zebrafish,PT,rHb,-0.7902736086624723
Zebrafish,PT,rHc,-0.3504982479189954
Zebrafish,PT,rHi,0.7846841721488779
Zebrafish,PT,rIO,-0.9711784607904672
Zebrafish,PT,rIPN,-0.620151623604698
Zebrafish,PT,rMON,-0.9440257089182431
Zebrafish,PT,rMOS1,0.9605923799522857
Zebrafish,PT,rMOS2,0.9631551855795635
Zebrafish,PT,rMOS3,0.874949870349442
Zebrafish,PT,rMOS4,0.9422695186292778
Zebrafish,PT,rMOS5,0.9826041178957444
Zebrafish,PT,rNX,0.9324528926803894
Zebrafish,PT,rOB,-0.8994763404229159
Zebrafish,PT,rOE,-0.8813848839208621
Zebrafish,PT,rOG,-0.6277963671871093
Zebrafish,PT,rP,-0.4068832577035703
Zebrafish,PT,rPO,0.24893795881710729
Zebrafish,PT,rPT,0.9049181571171069
Zebrafish,PT,rPrT,0.9820992135459913
Zebrafish,PT,rRa,0.5391696816965309
Zebrafish,PT,rSP,-0.07772999479287673
Zebrafish,PT,rT,0.9960062720469078
Zebrafish,PT,rTG,-0.685220259395648
Zebrafish,PT,rTL,-0.9231770776865723
Zebrafish,PT,rTS,-0.7901849319980238
Zebrafish,PT,rTeO,-0.7142013789610016
Zebrafish,PT,rTh,0.6258783390497517
Zebrafish,PT,rVR,0.6579060113257955
Zebrafish,PT,raRF,0.8863687825055473
Zebrafish,PT,rimRF,0.9225121617776291
Zebrafish,PT,rpRF,0.8676721882268686
Zebrafish,PrT,Ra,0.8538836186365413
Zebrafish,PrT,SP,-0.45492621560397434
Zebrafish,PrT,T,0.965426209461974
Zebrafish,PrT,TG,-0.5787890489849906
Zebrafish,PrT,TL,-0.8469876905763981
Zebrafish,PrT,TS,-0.8964556592171216
Zebrafish,PrT,TeO,-0.9346321171236556
Zebrafish,PrT,Th,0.4165718832596015
Zebrafish,PrT,VR,0.9332175683670213
Zebrafish,PrT,aRF,0.9561308470455685
Zebrafish,PrT,imRF,0.9341850181682401
Zebrafish,PrT,pRF,0.6796629109920497
Zebrafish,PrT,rCb,0.9747266625200566
Zebrafish,PrT,rHR,0.22652879300831838
Zebrafish,PrT,rHb,-0.914395766737517
Zebrafish,PrT,rHc,-0.17461080147986457
Zebrafish,PrT,rHi,0.9073846794676474
Zebrafish,PrT,rIO,-0.946409161643344
Zebrafish,PrT,rIPN,-0.707281873613812
Zebrafish,PrT,rMON,-0.9106300910378347
Zebrafish,PrT,rMOS1,0.905358910071642
Zebrafish,PrT,rMOS2,0.9380869065108098
Zebrafish,PrT,rMOS3,0.8459451600031033
Zebrafish,PrT,rMOS4,0.9702937154759174
Zebrafish,PrT,rMOS5,0.9516463807514027
Zebrafish,PrT,rNX,0.9494571053008141
Zebrafish,PrT,rOB,-0.9801780540004684
Zebrafish,PrT,rOE,-0.9700592381620624
Zebrafish,PrT,rOG,-0.47514118161693636
Zebrafish,PrT,rP,-0.6194401177814001
Zebrafish,PrT,rPO,0.0006794801796299254
Zebrafish,PrT,rPT,0.767363283610465
Zebrafish,PrT,rPrT,0.9299628175284205
Zebrafish,PrT,rRa,0.6557544386505009
Zebrafish,PrT,rSP,-0.32112254450252237
Zebrafish,PrT,rT,0.94412623748366
Zebrafish,PrT,rTG,-0.4883883925180592
Zebrafish,PrT,rTL,-0.7955009714016859
Zebrafish,PrT,rTS,-0.6515321840314003
Zebrafish,PrT,rTeO,-0.8669461953225432
Zebrafish,PrT,rTh,0.4100428475252531
Zebrafish,PrT,rVR,0.6950389028121043
Zebrafish,PrT,raRF,0.9744114806186915
Zebrafish,PrT,rimRF,0.9592551499094506
Zebrafish,PrT,rpRF,0.8207731352259962
Zebrafish,Ra,SP,-0.07005522987313315
Zebrafish,Ra,T,0.9429668608976731
Zebrafish,Ra,TG,-0.7188684186121334
Zebrafish,Ra,TL,-0.8763267830531922
Zebrafish,Ra,TS,-0.9000745310089856
Zebrafish,Ra,TeO,-0.8302988029056577
Zebrafish,Ra,Th,0.7897375496923051
Zebrafish,Ra,VR,0.6280328784468533
Zebrafish,Ra,aRF,0.699318881417831
Zebrafish,Ra,imRF,0.7265078706061174
Zebrafish,Ra,pRF,0.6641287348355362
Zebrafish,Ra,rCb,0.7202334998696112
Zebrafish,Ra,rHR,-0.30847826273835344
Zebrafish,Ra,rHb,-0.5701876839853708
Zebrafish,Ra,rHc,-0.3362175987382082
Zebrafish,Ra,rHi,0.6477739693611142
Zebrafish,Ra,rIO,-0.859080808771877
Zebrafish,Ra,rIPN,-0.3387685747467858
Zebrafish,Ra,rMON,-0.9679548168889942
Zebrafish,Ra,rMOS1,0.8725514679657101
Zebrafish,Ra,rMOS2,0.8451521243731869
Zebrafish,Ra,rMOS3,0.7201916427421023
Zebrafish,Ra,rMOS4,0.7818968273074124
Zebrafish,Ra,rMOS5,0.8866835776676033
Zebrafish,Ra,rNX,0.7683307959268699
Zebrafish,Ra,rOB,-0.7355827764673608
Zebrafish,Ra,rOE,-0.7020550721833075
Zebrafish,Ra,rOG,-0.5896093999915215
Zebrafish,Ra,rP,-0.21747096295598248
Zebrafish,Ra,rPO,0.41568788577171895
Zebrafish,Ra,rPT,0.9596285175924307
Zebrafish,Ra,rPrT,0.9093876454835416
Zebrafish,Ra,rRa,0.23811128108570798
Zebrafish,Ra,rSP,0.10629690029247166
Zebrafish,Ra,rT,0.9701765778328831
Zebrafish,Ra,rTG,-0.7586124984245186
Zebrafish,Ra,rTL,-0.9674694304628483
Zebrafish,Ra,rTS,-0.7596948537694916
Zebrafish,Ra,rTeO,-0.5294053610528281
Zebrafish,Ra,rTh,0.7480401715076931
Zebrafish,Ra,rVR,0.7256799300346047
Zebrafish,Ra,raRF,0.7364986749038683
Zebrafish,Ra,rimRF,0.7466919549624561
Zebrafish,Ra,rpRF,0.7287059412190077
Zebrafish,SP,T,-0.2178756171115023
Zebrafish,SP,TG,-0.44849308819054917
Zebrafish,SP,TL,-0.0811992374184118
Zebrafish,SP,TS,0.016741203541196722
Zebrafish,SP,TeO,0.1606855196059633
Zebrafish,SP,Th,0.0864161621463946
Zebrafish,SP,VR,-0.5229716818564367
Zebrafish,SP,aRF,-0.4512228175159586
Zebrafish,SP,imRF,-0.2953898373184769
Zebrafish,SP,pRF,0.25239881077135284
Zebrafish,SP,rCb,-0.6136737463198447
Zebrafish,SP,rHR,-0.604456799537522
Zebrafish,SP,rHb,0.6713940810735431
Zebrafish,SP,rHc,-0.7337125854349018
Zebrafish,SP,rHi,-0.7835393611377638
Zebrafish,SP,rIO,0.17147800683175865
Zebrafish,SP,rIPN,0.316290949531904
Zebrafish,SP,rMON,0.31488319194236813
Zebrafish,SP,rMOS1,-0.04954590005893929
Zebrafish,SP,rMOS2,-0.15753435118100906
Zebrafish,SP,rMOS3,-0.042275452097591516
Zebrafish,SP,rMOS4,-0.35077501312037307
Zebrafish,SP,rMOS5,-0.16967757798522556
Zebrafish,SP,rNX,-0.2855876937974187
Zebrafish,SP,rOB,0.5885095481798046
Zebrafish,SP,rOE,0.5971546137794683
Zebrafish,SP,rOG,-0.5214989056202212
Zebrafish,SP,rP,0.9767145109775505
Zebrafish,SP,rPO,0.8779840946569673
Zebrafish,SP,rPT,0.17881828186672913
Zebrafish,SP,rPrT,-0.09765671687111518
Zebrafish,SP,rRa,-0.39627760211371443
Zebrafish,SP,rSP,0.9829115350429523
Zebrafish,SP,rT,-0.17422090387723888
Zebrafish,SP,rTG,-0.5514910376283773
Zebrafish,SP,rTL,-0.1360993660966605
Zebrafish,SP,rTS,-0.36344357545357503
Zebrafish,SP,rTeO,0.8300980893222072
Zebrafish,SP,rTh,0.6030256226761385
Zebrafish,SP,rVR,-0.5960792480634353
Zebrafish,SP,raRF,-0.6395295240927785
Zebrafish,SP,rimRF,-0.36234264985928294
Zebrafish,SP,rpRF,0.027412927083271064
Zebrafish,T,TG,-0.7447150366237959
Zebrafish,T,TL,-0.9407867714207381
Zebrafish,T,TS,-0.9699444159188222
Zebrafish,T,TeO,-0.9607553013947001
Zebrafish,T,Th,0.546394005813507
Zebrafish,T,VR,0.8465944178028091
Zebrafish,T,aRF,0.8955429210025172
Zebrafish,T,imRF,0.9124332856122103
Zebrafish,T,pRF,0.7834283460584944
Zebrafish,T,rCb,0.8844237080901838
Zebrafish,T,rHR,0.016256726579573045
Zebrafish,T,rHb,-0.789031811414656
Zebrafish,T,rHc,-0.36652940002785234
Zebrafish,T,rHi,0.7770834001765993
Zebrafish,T,rIO,-0.9749561396370819
Zebrafish,T,rIPN,-0.6287575133875231
Zebrafish,T,rMON,-0.9381747451808322
Zebrafish,T,rMOS1,0.965611525628341
Zebrafish,T,rMOS2,0.9674896540158222
Zebrafish,T,rMOS3,0.8832542507687681
Zebrafish,T,rMOS4,0.9447800697262552
Zebrafish,T,rMOS5,0.9856404201546553
Zebrafish,T,rNX,0.9364386750690176
Zebrafish,T,rOB,-0.8973174532541802
Zebrafish,T,rOE,-0.8797819551379686
Zebrafish,T,rOG,-0.6412323739417286
Zebrafish,T,rP,-0.39733760803348295
Zebrafish,T,rPO,0.2587627342456948
Zebrafish,T,rPT,0.9073844135217036
Zebrafish,T,rPrT,0.9854352183648619
Zebrafish,T,rRa,0.5469999718299016
Zebrafish,T,rSP,-0.06722123429452304
Zebrafish,T,rT,0.9955199170621037
Zebrafish,T,rTG,-0.69385798053995
Zebrafish,T,rTL,-0.9253318076549776
Zebrafish,T,rTS,-0.8003541654636976
Zebrafish,T,rTeO,-0.7079043206253542
Zebrafish,T,rTh,0.6330424448711921
Zebrafish,T,rVR,0.6437552904277829
Zebrafish,T,raRF,0.8824724765223779
Zebrafish,T,rimRF,0.9255177042928775
Zebrafish,T,rpRF,0.8765832826208622
Zebrafish,TG,TL,0.9235681232358696
Zebrafish,TG,TS,0.8794510966199693
Zebrafish,TG,TeO,0.8099688957256809
Zebrafish,TG,Th,-0.3506266486020602
Zebrafish,TG,VR,-0.5070519686193622
Zebrafish,TG,aRF,-0.5860647428776576
Zebrafish,TG,imRF,-0.7096674025048918
Zebrafish,TG,pRF,-0.9579985325013729
Zebrafish,TG,rCb,-0.4300392191726978
Zebrafish,TG,rHR,0.19046603950196633
Zebrafish,TG,rHb,0.3461725290085998
Zebrafish,TG,rHc,0.8904583862286919
Zebrafish,TG,rHi,-0.18309255271056468
Zebrafish,TG,rIO,0.8029725047529913
Zebrafish,TG,rIPN,0.5285325902688299
Zebrafish,TG,rMON,0.5519610304199397
Zebrafish,TG,rMOS1,-0.8688726144059346
Zebrafish,TG,rMOS2,-0.8119310261443687
Zebrafish,TG,rMOS3,-0.8567899221274865
Zebrafish,TG,rMOS4,-0.6784212246315863
Zebrafish,TG,rMOS5,-0.8005911358176283
Zebrafish,TG,rNX,-0.7241145379448106
Zebrafish,TG,rOB,0.4581794505905548
Zebrafish,TG,rOE,0.4487939944023123
Zebrafish,TG,rOG,0.9850673431787487
Zebrafish,TG,rP,-0.2513293639484048
Zebrafish,TG,rPO,-0.7620093336891833
Zebrafish,TG,rPT,-0.8784691621339042
Zebrafish,TG,rPrT,-0.8368794581287419
Zebrafish,TG,rRa,-0.41234405750560355
Zebrafish,TG,rSP,-0.5462084989697948
Zebrafish,TG,rT,-0.7492993876803994
Zebrafish,TG,rTG,0.963855065762318
Zebrafish,TG,rTL,0.869685069459411
Zebrafish,TG,rTS,0.9956515861266911
Zebrafish,TG,rTeO,0.12606949083883107
Zebrafish,TG,rTh,-0.9114310355288061
Zebrafish,TG,rVR,-0.0465510640162897
Zebrafish,TG,raRF,-0.3949945293867476
Zebrafish,TG,rimRF,-0.665312585129374
Zebrafish,TG,rpRF,-0.8916596787121867
Zebrafish,TL,TS,0.9947023660415637
Zebrafish,TL,TeO,0.9649041173597579
Zebrafish,TL,Th,-0.4378559540953938
Zebrafish,TL,VR,-0.7634418846408769
Zebrafish,TL,aRF,-0.8267099240040293
Zebrafish,TL,imRF,-0.8969392249051731
Zebrafish,TL,pRF,-0.9399122599240286
Zebrafish,TL,rCb,-0.7358861231050688
Zebrafish,TL,rHR,0.03121370696794415
Zebrafish,TL,rHb,0.6500698008121018
Zebrafish,TL,rHc,0.6595562869891862
Zebrafish,TL,rHi,-0.545229602657207
Zebrafish,TL,rIO,0.9666828517096667
Zebrafish,TL,rIPN,0.6662054058273918
Zebrafish,TL,rMON,0.7937768410113499
Zebrafish,TL,rMOS1,-0.9909665436422084
Zebrafish,TL,rMOS2,-0.9682157704279135
Zebrafish,TL,rMOS3,-0.9514237016393519
Zebrafish,TL,rMOS4,-0.8949935838161751
Zebrafish,TL,rMOS5,-0.9684502322866436
Zebrafish,TL,rNX,-0.9144536845001489
Zebrafish,TL,rOB,0.7568620969460289
Zebrafish,TL,rOE,0.7451769863008806
Zebrafish,TL,rOG,0.8632152925286787
Zebrafish,TL,rP,0.12362716063652657
Zebrafish,TL,rPO,-0.502301861077911
Zebrafish,TL,rPT,-0.9383949896020786
Zebrafish,TL,rPrT,-0.9827599083597698
Zebrafish,TL,rRa,-0.565338230647127
Zebrafish,TL,rSP,-0.20963945123386454
Zebrafish,TL,rT,-0.9351319047203265
Zebrafish,TL,rTG,0.8613765614360658
Zebrafish,TL,rTL,0.9456253596698538
Zebrafish,TL,rTS,0.9547187479043303
Zebrafish,TL,rTeO,0.48657881270817616
Zebrafish,TL,rTh,-0.7924260636517583
Zebrafish,TL,rVR,-0.36556389239114195
Zebrafish,TL,raRF,-0.713875507126768
Zebrafish,TL,rimRF,-0.8804565868122488
Zebrafish,TL,rpRF,-0.9627773832924891
Zebrafish,TS,TeO,0.9798797540997157
Zebrafish,TS,Th,-0.4588692029208741
Zebrafish,TS,VR,-0.8083069614851004
Zebrafish,TS,aRF,-0.8664362701453739
Zebrafish,TS,imRF,-0.9206651203067939
Zebrafish,TS,pRF,-0.9084299409098487
Zebrafish,TS,rCb,-0.7966933484103261
Zebrafish,TS,rHR,-0.0029017068016221176
Zebrafish,TS,rHb,0.7106890848870611
Zebrafish,TS,rHc,0.5793554349466741
Zebrafish,TS,rHi,-0.6271818590719339
Zebrafish,TS,rIO,0.9844819523235244
Zebrafish,TS,rIPN,0.6786279754816344
Zebrafish,TS,rMON,0.8417774780559043
Zebrafish,TS,rMOS1,-0.9974954904762394
Zebrafish,TS,rMOS2,-0.9837381774262854
Zebrafish,TS,rMOS3,-0.9491676673373796
Zebrafish,TS,rMOS4,-0.9275259370788425
Zebrafish,TS,rMOS5,-0.9878792362309129
Zebrafish,TS,rNX,-0.9391604714643951
Zebrafish,TS,rOB,0.8152760595767363
Zebrafish,TS,rOE,0.8027371497319314
Zebrafish,TS,rOG,0.8072954612617116
Zebrafish,TS,rP,0.21769548819458223
Zebrafish,TS,rPO,-0.42394177359790847
Zebrafish,TS,rPT,-0.9337603434551133
Zebrafish,TS,rPrT,-0.9965448124069288
Zebrafish,TS,rRa,-0.5838023538040038
Zebrafish,TS,rSP,-0.11782421362130156
Zebrafish,TS,rT,-0.9626238368192744
Zebrafish,TS,rTG,0.8144955970582545
Zebrafish,TS,rTL,0.9448844219933169
Zebrafish,TS,rTS,0.9191071770288307
Zebrafish,TS,rTeO,0.5679469018176961
Zebrafish,TS,rTh,-0.7442757863751063
Zebrafish,TS,rVR,-0.44673514645806756
Zebrafish,TS,raRF,-0.7793642212908192
Zebrafish,TS,rimRF,-0.9124445140282126
Zebrafish,TS,rpRF,-0.9542828824356094
Zebrafish,TeO,Th,-0.31423244980668996
Zebrafish,TeO,VR,-0.9062465082312008
Zebrafish,TeO,aRF,-0.9453850679978298
Zebrafish,TeO,imRF,-0.9800486601158016
Zebrafish,TeO,pRF,-0.8958095834254947
Zebrafish,TeO,rCb,-0.8768335143512426
Zebrafish,TeO,rHR,-0.19991386146606366
Zebrafish,TeO,rHb,0.8253062715773282
Zebrafish,TeO,rHc,0.506457420534912
Zebrafish,TeO,rHi,-0.7131317273496268
Zebrafish,TeO,rIO,0.9983841002442381
Zebrafish,TeO,rIPN,0.8011141103418155
Zebrafish,TeO,rMON,0.8064462946283028
Zebrafish,TeO,rMOS1,-0.9908030959106044
Zebrafish,TeO,rMOS2,-0.9996299372798457
Zebrafish,TeO,rMOS3,-0.9771281153956624
Zebrafish,TeO,rMOS4,-0.9800188725736938
Zebrafish,TeO,rMOS5,-0.9935826316582655
Zebrafish,TeO,rNX,-0.9885041398488386
Zebrafish,TeO,rOB,0.8913578375761866
Zebrafish,TeO,rOE,0.8875995901270619
Zebrafish,TeO,rOG,0.7481591539525124
Zebrafish,TeO,rP,0.3639558668809937
Zebrafish,TeO,rPO,-0.26126578869919037
Zebrafish,TeO,rPT,-0.8454813853514047
Zebrafish,TeO,rPrT,-0.985638103796615
Zebrafish,TeO,rRa,-0.7262835151098509
Zebrafish,TeO,rSP,0.044045400599751545
Zebrafish,TeO,rT,-0.9357538861152481
Zebrafish,TeO,rTG,0.6984960430416804
Zebrafish,TeO,rTL,0.8639590187759336
Zebrafish,TeO,rTS,0.8608489345838576
Zebrafish,TeO,rTeO,0.683537047341894
Zebrafish,TeO,rTh,-0.6047485681189512
Zebrafish,TeO,rVR,-0.4297992392136839
Zebrafish,TeO,raRF,-0.8539211233683418
Zebrafish,TeO,rimRF,-0.9740542286556637
Zebrafish,TeO,rpRF,-0.9695989410872945
Zebrafish,Th,VR,0.06230226428218651
Zebrafish,Th,aRF,0.1427608687519407
Zebrafish,Th,imRF,0.15582666826180158
Zebrafish,Th,pRF,0.15832293818088555
Zebrafish,Th,rCb,0.24801900680379554
Zebrafish,Th,rHR,-0.7593633069248699
Zebrafish,Th,rHb,-0.04787063442246647
Zebrafish,Th,rHc,-0.040763346122951544
Zebrafish,Th,rHi,0.29831278790716426
Zebrafish,Th,rIO,-0.36449357807986726
Zebrafish,Th,rIPN,0.30763488536332595
Zebrafish,Th,rMON,-0.7539677191290665
Zebrafish,Th,rMOS1,0.3992870934047823
Zebrafish,Th,rMOS2,0.33992837529156417
Zebrafish,Th,rMOS3,0.15593746302456127
Zebrafish,Th,rMOS4,0.248149884653763
Zebrafish,Th,rMOS5,0.4166050603329752
Zebrafish,Th,rNX,0.21786039783575686
Zebrafish,Th,rOB,-0.25899427895517
Zebrafish,Th,rOE,-0.20595030636213527
Zebrafish,Th,rOG,-0.20089183586771445
Zebrafish,Th,rP,0.057087075937770175
Zebrafish,Th,rPO,0.4470617380629297
Zebrafish,Th,rPT,0.7122253953532284
Zebrafish,Th,rPrT,0.46595112210836537
Zebrafish,Th,rRa,-0.39928361129385537
Zebrafish,Th,rSP,0.257994404280025
Zebrafish,Th,rT,0.6211096729488123
Zebrafish,Th,rTG,-0.5426050456146871
Zebrafish,Th,rTL,-0.7041062464687933
Zebrafish,Th,rTS,-0.3618856595238894
Zebrafish,Th,rTeO,-0.1283450143837169
Zebrafish,Th,rTh,0.6283600468150689
Zebrafish,Th,rVR,0.7448145306155415
Zebrafish,Th,raRF,0.2997929365046504
Zebrafish,Th,rimRF,0.19457623015880332
Zebrafish,Th,rpRF,0.18068864962671158
Zebrafish,VR,aRF,0.9942541495461173
Zebrafish,VR,imRF,0.9670880898469247
Zebrafish,VR,pRF,0.6926616178124065
Zebrafish,VR,rCb,0.9702804241828334
Zebrafish,VR,rHR,0.5453578541454925
Zebrafish,VR,rHb,-0.9827060620738243
Zebrafish,VR,rHc,-0.18799415058549623
Zebrafish,VR,rHi,0.8730736749494893
Zebrafish,VR,rIO,-0.8990119543741325
Zebrafish,VR,rIPN,-0.9010529240745216
Zebrafish,VR,rMON,-0.701454322051186
Zebrafish,VR,rMOS1,0.8415002965517902
Zebrafish,VR,rMOS2,0.899838434735514
Zebrafish,VR,rMOS3,0.8732019135637211
Zebrafish,VR,rMOS4,0.9692837955019491
Zebrafish,VR,rMOS5,0.8839892747791234
Zebrafish,VR,rNX,0.959322553922965
Zebrafish,VR,rOB,-0.9723023697436228
Zebrafish,VR,rOE,-0.9821924014665848
Zebrafish,VR,rOG,-0.45334145148840027
Zebrafish,VR,rP,-0.6936597614465404
Zebrafish,VR,rPO,-0.16485328615428774
Zebrafish,VR,rPT,0.567036947180194
Zebrafish,VR,rPrT,0.8413374516396979
Zebrafish,VR,rRa,0.8794833286001443
Zebrafish,VR,rSP,-0.4437826483933544
Zebrafish,VR,rT,0.7937911781306614
Zebrafish,VR,rTG,-0.3317603735460512
Zebrafish,VR,rTL,-0.6007813878543439
Zebrafish,VR,rTS,-0.5817721570732697
Zebrafish,VR,rTeO,-0.895609687720292
Zebrafish,VR,rTh,0.21152683113740606
Zebrafish,VR,rVR,0.46228096166612687
Zebrafish,VR,raRF,0.9488311016912157
Zebrafish,VR,rimRF,0.9783237736607426
Zebrafish,VR,rpRF,0.8364927877619366
Zebrafish,aRF,imRF,0.9857900784575112
Zebrafish,aRF,pRF,0.7478732779967543
Zebrafish,aRF,rCb,0.9692503903404811
Zebrafish,aRF,rHR,0.4592374383228817
Zebrafish,aRF,rHb,-0.9630454283512914
Zebrafish,aRF,rHc,-0.25800604763021107
Zebrafish,aRF,rHi,0.8583065877124104
Zebrafish,aRF,rIO,-0.9405946567297313
Zebrafish,aRF,rIPN,-0.8828202571163596
Zebrafish,aRF,rMON,-0.7523201123783305
Zebrafish,aRF,rMOS1,0.893766761443767
Zebrafish,aRF,rMOS2,0.9408557458407184
Zebrafish,aRF,rMOS3,0.9097923996097906
Zebrafish,aRF,rMOS4,0.9900394355652675
Zebrafish,aRF,rMOS5,0.9289340055315047
Zebrafish,aRF,rNX,0.9829979953594535
Zebrafish,aRF,rOB,-0.9742087003314092
Zebrafish,aRF,rOE,-0.9799320651383872
Zebrafish,aRF,rOG,-0.5259630544093771
Zebrafish,aRF,rP,-0.6315985360669354
Zebrafish,aRF,rPO,-0.06565093035111684
Zebrafish,aRF,rPT,0.651423235983895
Zebrafish,aRF,rPrT,0.8943552457188766
Zebrafish,aRF,rRa,0.8473716895528772
Zebrafish,aRF,rSP,-0.35860220749952815
Zebrafish,aRF,rT,0.8499293707478617
Zebrafish,aRF,rTG,-0.42717062035127495
Zebrafish,aRF,rTL,-0.6821659249826602
Zebrafish,aRF,rTS,-0.657012122830169
Zebrafish,aRF,rTeO,-0.865623117473677
Zebrafish,aRF,rTh,0.31332791865960985
Zebrafish,aRF,rVR,0.4812266237498851
Zebrafish,aRF,raRF,0.9486313900832984
Zebrafish,aRF,rimRF,0.9946043498571592
Zebrafish,aRF,rpRF,0.8794084690516959
Zebrafish,imRF,pRF,0.8487508968449992
Zebrafish,imRF,rCb,0.9204088416442449
Zebrafish,imRF,rHR,0.3885905815849507
Zebrafish,imRF,rHb,-0.9055447384192268
Zebrafish,imRF,rHc,-0.41602336195281
Zebrafish,imRF,rHi,0.7682822040767877
Zebrafish,imRF,rIO,-0.9721544488088188
Zebrafish,imRF,rIPN,-0.8919083328139533
Zebrafish,imRF,rMON,-0.7373288548189321
Zebrafish,imRF,rMOS1,0.9445937794486353
Zebrafish,imRF,rMOS2,0.9754286317203565
Zebrafish,imRF,rMOS3,0.9665612338946621
Zebrafish,imRF,rMOS4,0.9927432277542907
Zebrafish,imRF,rMOS5,0.9592543472983701
Zebrafish,imRF,rNX,0.9980059169773768
Zebrafish,imRF,rOB,-0.9303672939834587
Zebrafish,imRF,rOE,-0.935603768314595
Zebrafish,imRF,rOG,-0.6611096022091378
Zebrafish,imRF,rP,-0.49306727974222253
Zebrafish,imRF,rPO,0.09034592012088818
Zebrafish,imRF,rPT,0.7235108888565989
Zebrafish,imRF,rPrT,0.9351468520542301
Zebrafish,imRF,rRa,0.8399051032185092
Zebrafish,imRF,rSP,-0.20158410787217404
Zebrafish,imRF,rT,0.8707297092190206
Zebrafish,imRF,rTG,-0.5560057323753943
Zebrafish,imRF,rTL,-0.7485022079087211
Zebrafish,imRF,rTS,-0.7695007006894327
Zebrafish,imRF,rTeO,-0.7696394722286617
Zebrafish,imRF,rTh,0.44239599890044795
Zebrafish,imRF,rVR,0.39290735180015807
Zebrafish,imRF,raRF,0.8926339663640234
Zebrafish,imRF,rimRF,0.9961873017378757
Zebrafish,imRF,rpRF,0.9468551175864944
Zebrafish,pRF,rCb,0.585231523426958
Zebrafish,pRF,rHR,0.09665684511912992
Zebrafish,pRF,rHb,-0.5476458655259047
Zebrafish,pRF,rHc,-0.8325458026259327
Zebrafish,pRF,rHi,0.3325522849404071
Zebrafish,pRF,rIO,-0.879254740773196
Zebrafish,pRF,rIPN,-0.7494291015461217
Zebrafish,pRF,rMON,-0.5402415544195698
Zebrafish,pRF,rMOS1,0.9174770253023147
Zebrafish,pRF,rMOS2,0.8915894050191181
Zebrafish,pRF,rMOS3,0.9559145335097072
Zebrafish,pRF,rMOS4,0.8058855475814137
Zebrafish,pRF,rMOS5,0.8645274410851225
Zebrafish,pRF,rNX,0.8491428067014664
Zebrafish,pRF,rOB,-0.6089135795930444
Zebrafish,pRF,rOE,-0.6120380543910275
Zebrafish,pRF,rOG,-0.9565147693487152
Zebrafish,pRF,rP,0.03894477767162518
Zebrafish,pRF,rPO,0.5605358741782854
Zebrafish,pRF,rPT,0.8038247904252821
Zebrafish,pRF,rPrT,0.8776955214148611
Zebrafish,pRF,rRa,0.656155901978808
Zebrafish,pRF,rSP,0.3302435581130033
Zebrafish,pRF,rT,0.7615425289406045
Zebrafish,pRF,rTG,-0.8491457285465396
Zebrafish,pRF,rTL,-0.8058962678427316
Zebrafish,pRF,rTS,-0.971069569475986
Zebrafish,pRF,rTeO,-0.31628460537868663
Zebrafish,pRF,rTh,0.7576783353154145
Zebrafish,pRF,rVR,0.031925703544885345
Zebrafish,pRF,raRF,0.5398876149519269
Zebrafish,pRF,rimRF,0.8055736445278787
Zebrafish,pRF,rpRF,0.9734825422594161
Zebrafish,rCb,rHR,0.420309196556302
Zebrafish,rCb,rHb,-0.9791391328615843
Zebrafish,rCb,rHc,-0.03822436734450863
Zebrafish,rCb,rHi,0.9573716064204487
Zebrafish,rCb,rIO,-0.8830898752410015
Zebrafish,rCb,rIPN,-0.7699427708652599
Zebrafish,rCb,rMON,-0.8202908175471084
Zebrafish,rCb,rMOS1,0.8187510374170183
Zebrafish,rCb,rMOS2,0.8761287799109735
Zebrafish,rCb,rMOS3,0.7937149831115473
Zebrafish,rCb,rMOS4,0.9516832291330989
Zebrafish,rCb,rMOS5,0.880740890549936
Zebrafish,rCb,rNX,0.9249581167015871
Zebrafish,rCb,rOB,-0.9995027534955028
Zebrafish,rCb,rOE,-0.998464126598021
Zebrafish,rCb,rOG,-0.33908867105803514
Zebrafish,rCb,rP,-0.7628839337189688
Zebrafish,rCb,rPO,-0.20697913528962278
Zebrafish,rCb,rPT,0.6063903376061275
Zebrafish,rCb,rPrT,0.8412914536150825
Zebrafish,rCb,rRa,0.7465458626101843
Zebrafish,rCb,rSP,-0.5062569992354687
Zebrafish,rCb,rT,0.8466641082910719
Zebrafish,rCb,rTG,-0.3004954302458002
Zebrafish,rCb,rTL,-0.6415150405634447
Zebrafish,rCb,rTS,-0.5122283047063869
Zebrafish,rCb,rTeO,-0.9495516267240198
Zebrafish,rCb,rTh,0.20545423377162628
Zebrafish,rCb,rVR,0.6628131007749704
Zebrafish,rCb,raRF,0.9970308343697819
Zebrafish,rCb,rimRF,0.9503279247365124
Zebrafish,rCb,rpRF,0.7546519934748794
Zebrafish,rHR,rHb,-0.595684867534659
Zebrafish,rHR,rHc,0.1817321833101303
Zebrafish,rHR,rHi,0.39409333984023476
Zebrafish,rHR,rIO,-0.16208272686880335
Zebrafish,rHR,rIPN,-0.7185934416484687
Zebrafish,rHR,rMON,0.1727684038607618
Zebrafish,rHR,rMOS1,0.07265068662419621
Zebrafish,rHR,rMOS2,0.17668164593237998
Zebrafish,rHR,rMOS3,0.2685715710562345
Zebrafish,rHR,rMOS4,0.33693121307487633
Zebrafish,rHR,rMOS5,0.1155470301000401
Zebrafish,rHR,rNX,0.33510905025462967
Zebrafish,rHR,rOB,-0.4049158925037669
Zebrafish,rHR,rOE,-0.45212039084999806
Zebrafish,rHR,rOG,0.12283578646060495
Zebrafish,rHR,rP,-0.647887361102647
Zebrafish,rHR,rPO,-0.6864460574764417
Zebrafish,rHR,rPT,-0.3541907353888746
Zebrafish,rHR,rPrT,0.0371595449003661
Zebrafish,rHR,rRa,0.8041148350914697
Zebrafish,rHR,rSP,-0.6953836257764789
Zebrafish,rHR,rT,-0.07678418236748075
Zebrafish,rHR,rTG,0.44358861103798625
Zebrafish,rHR,rTL,0.3201307628403274
Zebrafish,rHR,rTS,0.14023929124814727
Zebrafish,rHR,rTeO,-0.5473763023115268
Zebrafish,rHR,rTh,-0.5763371955573433
Zebrafish,rHR,rVR,-0.17952703299690476
Zebrafish,rHR,raRF,0.3799960260739332
Zebrafish,rHR,rimRF,0.38509500292495813
Zebrafish,rHR,rpRF,0.21212373827362202
Zebrafish,rHb,rHc,0.0030378739747297704
Zebrafish,rHb,rHi,-0.9326279944274676
Zebrafish,rHb,rIO,0.8220323973592689
Zebrafish,rHb,rIPN,0.8469324539930891
Zebrafish,rHb,rMON,0.6869993613117202
Zebrafish,rHb,rMOS1,-0.7459031860339902
Zebrafish,rHb,rMOS2,-0.8193851502781446
Zebrafish,rHb,rMOS3,-0.7687130395980483
Zebrafish,rHb,rMOS4,-0.9207453735720745
Zebrafish,rHb,rMOS5,-0.8092703863611054
Zebrafish,rHb,rNX,-0.8974534079549314
Zebrafish,rHb,rOB,0.9755261363654816
Zebrafish,rHb,rOE,0.9853216886738139
Zebrafish,rHb,rOG,0.28169721056203034
Zebrafish,rHb,rP,0.8147386373220418
Zebrafish,rHb,rPO,0.3294431221939988
Zebrafish,rHb,rPT,-0.4618266931901911
Zebrafish,rHb,rPrT,-0.7571391861337322
Zebrafish,rHb,rRa,-0.8445579609379924
Zebrafish,rHb,rSP,0.5967752901378064
Zebrafish,rHb,rT,-0.7346251235549864
Zebrafish,rHb,rTG,0.17401817897358274
Zebrafish,rHb,rTL,0.5003438525144142
Zebrafish,rHb,rTS,0.4297450135600328
Zebrafish,rHb,rTeO,0.9602011551718103
Zebrafish,rHb,rTh,-0.059534003504659434
Zebrafish,rHb,rVR,-0.5409422018009609
Zebrafish,rHb,raRF,-0.9668499948462838
Zebrafish,rHb,rimRF,-0.9304363391550732
Zebrafish,rHb,rpRF,-0.7219341287012014
Zebrafish,rHc,rHi,0.2429663510906501
Zebrafish,rHc,rIO,0.48257393063823123
Zebrafish,rHc,rIPN,0.38956012435328663
Zebrafish,rHc,rMON,0.11432191874596005
Zebrafish,rHc,rMOS1,-0.574397872489243
Zebrafish,rHc,rMOS2,-0.5021547844397372
Zebrafish,rHc,rMOS3,-0.6350366782686215
Zebrafish,rHc,rMOS4,-0.3432236842628711
Zebrafish,rHc,rMOS5,-0.4668806127168178
Zebrafish,rHc,rNX,-0.41437726497002897
Zebrafish,rHc,rOB,0.0679152574186237
Zebrafish,rHc,rOE,0.07162659072633636
Zebrafish,rHc,rOG,0.9486833585993663
Zebrafish,rHc,rP,-0.5727537025938219
Zebrafish,rHc,rPO,-0.8398124935648121
Zebrafish,rHc,rPT,-0.5852373479118183
Zebrafish,rHc,rPrT,-0.5109830378614096
Zebrafish,rHc,rRa,-0.28925525815278197
Zebrafish,rHc,rSP,-0.7585982274139269
Zebrafish,rHc,rT,-0.3666962719372976
Zebrafish,rHc,rTG,0.8484005901895191
Zebrafish,rHc,rTL,0.5635392272202272
Zebrafish,rHc,rTS,0.8503026880572262
Zebrafish,rHc,rTeO,-0.26036261297354985
Zebrafish,rHc,rTh,-0.8023631217339875
Zebrafish,rHc,rVR,0.4038697249037381
Zebrafish,rHc,raRF,0.014764402013280295
Zebrafish,rHc,rimRF,-0.3429107836024546
Zebrafish,rHc,rpRF,-0.6838993945910865
Zebrafish,rHi,rIO,-0.7295485855601618
Zebrafish,rHi,rIPN,-0.5984292405278753
Zebrafish,rHi,rMON,-0.8027867012450884
Zebrafish,rHi,rMOS1,0.6451055799187365
Zebrafish,rHi,rMOS2,0.7155853623837911
Zebrafish,rHi,rMOS3,0.5861370403292657
Zebrafish,rHi,rMOS4,0.8253924255639808
Zebrafish,rHi,rMOS5,0.7356179352456235
Zebrafish,rHi,rNX,0.7776745229155829
Zebrafish,rHi,rOB,-0.9493327891274095
Zebrafish,rHi,rOE,-0.9433593055168806
Zebrafish,rHi,rOG,-0.06915599570079713
Zebrafish,rHi,rP,-0.881990615493091
Zebrafish,rHi,rPO,-0.40045207627546736
Zebrafish,rHi,rPT,0.4635982010663709
Zebrafish,rHi,rPrT,0.6893658593782999
Zebrafish,rHi,rRa,0.5977175834686078
Zebrafish,rHi,rSP,-0.6758038044054445
Zebrafish,rHi,rT,0.7467232057117686
Zebrafish,rHi,rTG,-0.08618949368177811
Zebrafish,rHi,rTL,-0.5024799763626873
Zebrafish,rHi,rTS,-0.2733230450228221
Zebrafish,rHi,rTeO,-0.9848611375894709
Zebrafish,rHi,rTh,0.015289702773529167
Zebrafish,rHi,rVR,0.7988275360702702
Zebrafish,rHi,raRF,0.973355268993906
Zebrafish,rHi,rimRF,0.8202148716302672
Zebrafish,rHi,rpRF,0.5370816142852858
Zebrafish,rIO,rIPN,0.7703287536564777
Zebrafish,rIO,rMON,0.8384836783463356
Zebrafish,rIO,rMOS1,-0.992260667866364
Zebrafish,rIO,rMOS2,-0.9994849909738239
Zebrafish,rIO,rMOS3,-0.9643271044691902
Zebrafish,rIO,rMOS4,-0.9786921486292928
Zebrafish,rIO,rMOS5,-0.9983668464995162
Zebrafish,rIO,rNX,-0.9838988868989417
Zebrafish,rIO,rOB,0.8974298374226324
Zebrafish,rIO,rOE,0.8907831346303572
Zebrafish,rIO,rOG,0.7322909797456006
Zebrafish,rIO,rP,0.3712694787447493
Zebrafish,rIO,rPO,-0.2643869494670456
Zebrafish,rIO,rPT,-0.8644114309296423
Zebrafish,rIO,rPrT,-0.9921181232131514
Zebrafish,rIO,rRa,-0.6933882163789207
Zebrafish,rIO,rSP,0.0470549663372164
Zebrafish,rIO,rT,-0.9541132349873874
Zebrafish,rIO,rTG,0.7034713987729606
Zebrafish,rIO,rTL,0.8828154881154104
Zebrafish,rIO,rTS,0.8550028107069179
Zebrafish,rIO,rTeO,0.6914806917803827
Zebrafish,rIO,rTh,-0.615992177170996
Zebrafish,rIO,rVR,-0.4756488412512413
Zebrafish,rIO,raRF,-0.8642942427594019
Zebrafish,rIO,rimRF,-0.9699168215886567
Zebrafish,rIO,rpRF,-0.9570709227223317
Zebrafish,rIPN,rMON,0.3635041445219284
Zebrafish,rIPN,rMOS1,-0.7288002488910583
Zebrafish,rIPN,rMOS2,-0.7848863986099376
Zebrafish,rIPN,rMOS3,-0.8617608044877497
Zebrafish,rIPN,rMOS4,-0.8420473557860185
Zebrafish,rIPN,rMOS5,-0.7339682870407028
Zebrafish,rIPN,rNX,-0.8615992359838008
Zebrafish,rIPN,rOB,0.7747450549331432
Zebrafish,rIPN,rOE,0.8040708224827593
Zebrafish,rIPN,rOG,0.5509776406254296
Zebrafish,rIPN,rP,0.4939892060172183
Zebrafish,rIPN,rPO,0.11024161222908324
Zebrafish,rIPN,rPT,-0.37361298946913274
Zebrafish,rIPN,rPrT,-0.6886623547705263
Zebrafish,rIPN,rRa,-0.9911274650592761
Zebrafish,rIPN,rSP,0.3045640031607119
Zebrafish,rIPN,rT,-0.5545642972648821
Zebrafish,rIPN,rTG,0.2928919804847899
Zebrafish,rIPN,rTL,0.40110829043813734
Zebrafish,rIPN,rTS,0.5804233108042007
Zebrafish,rIPN,rTeO,0.6773355486339053
Zebrafish,rIPN,rTh,-0.1442404648303861
Zebrafish,rIPN,rVR,-0.03254646498534736
Zebrafish,rIPN,raRF,-0.7191273709313905
Zebrafish,rIPN,rimRF,-0.8698592976344145
Zebrafish,rIPN,rpRF,-0.831973213262014
Zebrafish,rMON,rMOS1,-0.8214756500297551
Zebrafish,rMON,rMOS2,-0.8207112373228065
Zebrafish,rMON,rMOS3,-0.6663335233667663
Zebrafish,rMON,rMOS4,-0.8076141595757862
Zebrafish,rMON,rMOS5,-0.8663428330907441
Zebrafish,rMON,rNX,-0.7765385419862977
Zebrafish,rMON,rOB,0.8282940050868122
Zebrafish,rMON,rOE,0.7968342959504412
Zebrafish,rMON,rOG,0.4070239160018193
Zebrafish,rMON,rP,0.4428488257589745
Zebrafish,rMON,rPO,-0.1764162575289651
Zebrafish,rMON,rPT,-0.8621836624534508
Zebrafish,rMON,rPrT,-0.8714957601885365
Zebrafish,rMON,rRa,-0.28770007544252363
Zebrafish,rMON,rSP,0.14071656775713454
Zebrafish,rMON,rT,-0.956445760536852
Zebrafish,rMON,rTG,0.5742723611282886
Zebrafish,rMON,rTL,0.8796669545961182
Zebrafish,rMON,rTS,0.6112419375782991
Zebrafish,rMON,rTeO,0.6970612668932604
Zebrafish,rMON,rTh,-0.5574596490337255
Zebrafish,rMON,rVR,-0.855122232920296
Zebrafish,rMON,raRF,-0.8451194598673675
Zebrafish,rMON,rimRF,-0.7753711175739979
Zebrafish,rMON,rpRF,-0.6576804938570928
Zebrafish,rMOS1,rMOS2,0.9928714104298175
Zebrafish,rMOS1,rMOS3,0.9673046491614916
Zebrafish,rMOS1,rMOS4,0.9465622667507348
Zebrafish,rMOS1,rMOS5,0.9920167712578604
Zebrafish,rMOS1,rNX,0.9589817313377548
Zebrafish,rMOS1,rOB,-0.8364466236336622
Zebrafish,rMOS1,rOE,-0.8275237175583432
Zebrafish,rMOS1,rOG,-0.8032862242973791
Zebrafish,rMOS1,rP,-0.2537573450113626
Zebrafish,rMOS1,rPO,0.3818026722116842
Zebrafish,rMOS1,rPT,0.9062132724490746
Zebrafish,rMOS1,rPrT,0.9955545582340563
Zebrafish,rMOS1,rRa,0.6397606726258261
Zebrafish,rMOS1,rSP,0.0772842571119564
Zebrafish,rMOS1,rT,0.9516341942468068
Zebrafish,rMOS1,rTG,-0.7856875800709868
Zebrafish,rMOS1,rTL,-0.9193606304317522
Zebrafish,rMOS1,rTS,-0.9111306968910474
Zebrafish,rMOS1,rTeO,-0.597387167746386
Zebrafish,rMOS1,rTh,0.7059608682135178
Zebrafish,rMOS1,rVR,0.42275550350913493
Zebrafish,rMOS1,raRF,0.7979154845480003
Zebrafish,rMOS1,rimRF,0.9351356887992573
Zebrafish,rMOS1,rpRF,0.9689918024376765
Zebrafish,rMOS2,rMOS3,0.9723189735812331
Zebrafish,rMOS2,rMOS4,0.9781036670899519
Zebrafish,rMOS2,rMOS5,0.9962271852900617
Zebrafish,rMOS2,rNX,0.9855796818482843
Zebrafish,rMOS2,rOB,-0.8908082734490473
Zebrafish,rMOS2,rOE,-0.8855672419537547
Zebrafish,rMOS2,rOG,-0.7463398985616756
Zebrafish,rMOS2,rP,-0.3596868613983804
Zebrafish,rMOS2,rPO,0.27086964542878894
Zebrafish,rMOS2,rPT,0.8577429836558984
Zebrafish,rMOS2,rPrT,0.9897156843135677
Zebrafish,rMOS2,rRa,0.708203149008471
Zebrafish,rMOS2,rSP,-0.037056692573096045
Zebrafish,rMOS2,rT,0.9448387972163922
Zebrafish,rMOS2,rTG,-0.7069569252078279
Zebrafish,rMOS2,rTL,-0.875847692197063
Zebrafish,rMOS2,rTS,-0.8627230434461631
Zebrafish,rMOS2,rTeO,-0.6814234732666158
Zebrafish,rMOS2,rTh,0.6165273789457411
Zebrafish,rMOS2,rVR,0.4476428259822828
Zebrafish,rMOS2,raRF,0.8549473774888011
Zebrafish,rMOS2,rimRF,0.970664614825848
Zebrafish,rMOS2,rpRF,0.9655132357408454
Zebrafish,rMOS3,rMOS4,0.9410261308943763
Zebrafish,rMOS3,rMOS5,0.9496175285719172
Zebrafish,rMOS3,rNX,0.965177224428676
Zebrafish,rMOS3,rOB,-0.8106628429202746
Zebrafish,rMOS3,rOE,-0.8154881432095038
Zebrafish,rMOS3,rOG,-0.8302106301964342
Zebrafish,rMOS3,rP,-0.2555265814009144
Zebrafish,rMOS3,rPO,0.31895557275878267
Zebrafish,rMOS3,rPT,0.7869231742564848
Zebrafish,rMOS3,rPrT,0.9422422895285987
Zebrafish,rMOS3,rRa,0.7882717904567235
Zebrafish,rMOS3,rSP,0.0463534501901813
Zebrafish,rMOS3,rT,0.8488933492047083
Zebrafish,rMOS3,rTG,-0.7171139420922886
Zebrafish,rMOS3,rTL,-0.8018777289378554
Zebrafish,rMOS3,rTS,-0.8963006199595894
Zebrafish,rMOS3,rTeO,-0.5802713959012243
Zebrafish,rMOS3,rTh,0.6089330858376917
Zebrafish,rMOS3,rVR,0.22824465456346876
Zebrafish,rMOS3,raRF,0.7558792247380297
Zebrafish,rMOS3,rimRF,0.9431911862176178
Zebrafish,rMOS3,rpRF,0.9973913819116726
Zebrafish,rMOS4,rMOS5,0.9718036607027383
Zebrafish,rMOS4,rNX,0.9966760688124827
Zebrafish,rMOS4,rOB,-0.960366843798479
Zebrafish,rMOS4,rOE,-0.9603899282912681
Zebrafish,rMOS4,rOG,-0.6104812232693951
Zebrafish,rMOS4,rP,-0.5404516270193537
Zebrafish,rMOS4,rPO,0.06478182893128227
Zebrafish,rMOS4,rPT,0.7512613416997553
Zebrafish,rMOS4,rPrT,0.9484300815912671
Zebrafish,rMOS4,rRa,0.7890118064192112
Zebrafish,rMOS4,rSP,-0.24177784162709656
Zebrafish,rMOS4,rT,0.9095638923414386
Zebrafish,rMOS4,rTG,-0.5443350737569029
Zebrafish,rMOS4,rTL,-0.7775656456923319
Zebrafish,rMOS4,rTS,-0.7433134122817979
Zebrafish,rMOS4,rTeO,-0.8122494825336571
Zebrafish,rMOS4,rTh,0.44115046463606816
Zebrafish,rMOS4,rVR,0.5004798134529759
Zebrafish,rMOS4,raRF,0.9327537226551333
Zebrafish,rMOS4,rimRF,0.9984879315736158
Zebrafish,rMOS4,rpRF,0.9194123315100992
Zebrafish,rMOS5,rNX,0.9744748192806183
Zebrafish,rMOS5,rOB,-0.8951945640216992
Zebrafish,rMOS5,rOE,-0.8854905516259822
Zebrafish,rMOS5,rOG,-0.7218349026181415
Zebrafish,rMOS5,rP,-0.36598100642865466
Zebrafish,rMOS5,rPO,0.27839276556248
Zebrafish,rMOS5,rPT,0.885076665860967
Zebrafish,rMOS5,rPrT,0.9964045042519103
Zebrafish,rMOS5,rRa,0.6539429405868711
Zebrafish,rMOS5,rSP,-0.03764651468181143
Zebrafish,rMOS5,rT,0.96962792649732
Zebrafish,rMOS5,rTG,-0.714753297947536
Zebrafish,rMOS5,rTL,-0.9028444318453156
Zebrafish,rMOS5,rTS,-0.8526642406655885
Zebrafish,rMOS5,rTeO,-0.6883340498601669
Zebrafish,rMOS5,rTh,0.6344372267791099
Zebrafish,rMOS5,rVR,0.514487949214393
Zebrafish,rMOS5,raRF,0.865851260691543
Zebrafish,rMOS5,rimRF,0.9600160010568779
Zebrafish,rMOS5,rpRF,0.943530421156297
Zebrafish,rNX,rOB,-0.9355213306060026
Zebrafish,rNX,rOE,-0.9373061068176448
Zebrafish,rNX,rOG,-0.6666349670581895
Zebrafish,rNX,rP,-0.48284541037727047
Zebrafish,rNX,rPO,0.11854104068332033
Zebrafish,rNX,rPT,0.7606336508923923
Zebrafish,rNX,rPrT,0.9538568229970367
Zebrafish,rNX,rRa,0.8042910511729624
Zebrafish,rNX,rSP,-0.18194881697268006
Zebrafish,rNX,rT,0.9000245533375942
Zebrafish,rNX,rTG,-0.5845796235431908
Zebrafish,rNX,rTL,-0.7847792570450304
Zebrafish,rNX,rTS,-0.783895465152554
Zebrafish,rNX,rTeO,-0.7681359771094709
Zebrafish,rNX,rTh,0.4778103121411241
Zebrafish,rNX,rVR,0.43532209292993246
Zebrafish,rNX,raRF,0.9007883693256828
Zebrafish,rNX,rimRF,0.9966531543163917
Zebrafish,rNX,rpRF,0.9473385055853285
Zebrafish,rOB,rOE,0.9984997208167149
Zebrafish,rOB,rOG,0.3677096747540674
Zebrafish,rOB,rP,0.7421288894066166
Zebrafish,rOB,rPO,0.17653619370293275
Zebrafish,rOB,rPT,-0.628714345305213
Zebrafish,rOB,rPrT,-0.8577476110189002
Zebrafish,rOB,rRa,-0.747504709862015
Zebrafish,rOB,rSP,0.47896308026624573
Zebrafish,rOB,rT,-0.8605358980231727
Zebrafish,rOB,rTG,0.3300392378673173
Zebrafish,rOB,rTL,0.6629613321508303
Zebrafish,rOB,rTS,0.5389551671723118
Zebrafish,rOB,rTeO,0.9391914353532552
Zebrafish,rOB,rTh,-0.2349837470328312
Zebrafish,rOB,rVR,-0.6561541014319612
Zebrafish,rOB,raRF,-0.9955493189552538
Zebrafish,rOB,rimRF,-0.9584271405739886
Zebrafish,rOB,rpRF,-0.7734739420259397
Zebrafish,rOE,rOG,0.3659362185564622
Zebrafish,rOE,rP,0.7519099428366227
Zebrafish,rOE,rPO,0.1997627623884102
Zebrafish,rOE,rPT,-0.5994853261106574
Zebrafish,rOE,rPrT,-0.8449997962943644
Zebrafish,rOE,rRa,-0.7811499102324566
Zebrafish,rOE,rSP,0.49578376352038295
Zebrafish,rOE,rT,-0.8383038003987656
Zebrafish,rOE,rTG,0.3079368467204983
Zebrafish,rOE,rTL,0.6345183107523843
Zebrafish,rOE,rTS,0.5297601073795266
Zebrafish,rOE,rTeO,0.9426135271269436
Zebrafish,rOE,rTh,-0.20657643747843135
Zebrafish,rOE,rVR,-0.6203409890106931
Zebrafish,rOE,raRF,-0.9912584902031232
Zebrafish,rOE,rimRF,-0.9614544056795972
Zebrafish,rOE,rpRF,-0.776674562680943
Zebrafish,rOG,rP,-0.3265851994349564
Zebrafish,rOG,rPO,-0.7682365264122901
Zebrafish,rOG,rPT,-0.7830999314616561
Zebrafish,rOG,rPrT,-0.7565830729777595
Zebrafish,rOG,rRa,-0.44216782284977607
Zebrafish,rOG,rSP,-0.5908581373507292
Zebrafish,rOG,rT,-0.6377780938657281
Zebrafish,rOG,rTG,0.9273881500471076
Zebrafish,rOG,rTL,0.7719159659280554
Zebrafish,rOG,rTS,0.9716382888052929
Zebrafish,rOG,rTeO,0.034854235582660945
Zebrafish,rOG,rTh,-0.8657487940168097
Zebrafish,rOG,rVR,0.1220394819111736
Zebrafish,rOG,raRF,-0.2935870860141436
Zebrafish,rOG,rimRF,-0.6048102883515946
Zebrafish,rOG,rpRF,-0.8672191225335512
Zebrafish,rP,rPO,0.7833733314674781
Zebrafish,rP,rPT,0.008228866075319363
Zebrafish,rP,rPrT,-0.2943935828267316
Zebrafish,rP,rRa,-0.5561349637768532
Zebrafish,rP,rSP,0.9422977270627696
Zebrafish,rP,rT,-0.3471749910820899
Zebrafish,rP,rTG,-0.3824395480575079
Zebrafish,rP,rTL,0.03636408189185317
Zebrafish,rP,rTS,-0.1606444500557568
Zebrafish,rP,rTeO,0.9269648766430787
Zebrafish,rP,rTh,0.45622875606400826
Zebrafish,rP,rVR,-0.6202990339768986
Zebrafish,rP,raRF,-0.7793508600228327
Zebrafish,rP,rimRF,-0.5524885375866109
Zebrafish,rP,rpRF,-0.1873994452977971
Zebrafish,rPO,rPT,0.625558701311752
Zebrafish,rPO,rPrT,0.3543201100743276
Zebrafish,rPO,rRa,-0.23143292990423925
Zebrafish,rPO,rSP,0.946010033653474
Zebrafish,rPO,rT,0.3102368765090545
Zebrafish,rPO,rTG,-0.8706968705342972
Zebrafish,rPO,rTL,-0.5906203856562041
Zebrafish,rPO,rTS,-0.7043299515558439
Zebrafish,rPO,rTeO,0.49764603868701046
Zebrafish,rPO,rTh,0.9100603236340733
Zebrafish,rPO,rVR,-0.20267894709597717
Zebrafish,rPO,raRF,-0.2239921372004414
Zebrafish,rPO,rimRF,0.038050856995927036
Zebrafish,rPO,rpRF,0.38633027201518094
Zebrafish,rPT,rPrT,0.9203236164397758
Zebrafish,rPT,rRa,0.25544362110832824
Zebrafish,rPT,rSP,0.3394088746893136
Zebrafish,rPT,rT,0.9341731291108518
Zebrafish,rPT,rTG,-0.9097976248604324
Zebrafish,rPT,rTL,-0.9989789040203931
Zebrafish,rPT,rTS,-0.8994267097102066
Zebrafish,rPT,rTeO,-0.3520033652481727
Zebrafish,rPT,rTh,0.8925321137411069
Zebrafish,rPT,rVR,0.5050726478733938
Zebrafish,rPT,raRF,0.6062711234648247
Zebrafish,rPT,rimRF,0.7193930214694999
Zebrafish,rPT,rpRF,0.8106564119946437
Zebrafish,rPrT,rRa,0.5999272901927595
Zebrafish,rPrT,rSP,0.03996643262556375
Zebrafish,rPrT,rT,0.9761577410333249
Zebrafish,rPrT,rTG,-0.7683220123432296
Zebrafish,rPrT,rTL,-0.934661832779292
Zebrafish,rPrT,rTS,-0.8832543903386422
Zebrafish,rPrT,rTeO,-0.6313007267612191
Zebrafish,rPrT,rTh,0.6966289353057052
Zebrafish,rPrT,rVR,0.5052868635723234
Zebrafish,rPrT,raRF,0.8274376113842999
Zebrafish,rPrT,rimRF,0.9334078195866106
Zebrafish,rPrT,rpRF,0.942018882884292
Zebrafish,rRa,rSP,-0.4018653053535293
Zebrafish,rRa,rT,0.4661145465475008
Zebrafish,rRa,rTG,-0.16354925101547904
Zebrafish,rRa,rTL,-0.28583250703584673
Zebrafish,rRa,rTS,-0.4673079003229108
Zebrafish,rRa,rTeO,-0.6932895960841362
Zebrafish,rRa,rTh,0.011578101384007514
Zebrafish,rRa,rVR,0.007361781901931372
Zebrafish,rRa,raRF,0.6962839604021326
Zebrafish,rRa,rimRF,0.8215787411683458
Zebrafish,rRa,rpRF,0.7514849779244763
Zebrafish,rSP,rT,-0.014656437632184128
Zebrafish,rSP,rTG,-0.6691890424603886
Zebrafish,rSP,rTL,-0.29750423766660405
Zebrafish,rSP,rTS,-0.46789077050480604
Zebrafish,rSP,rTeO,0.7493360848232016
Zebrafish,rSP,rTh,0.7266624738761922
Zebrafish,rSP,rVR,-0.442414847239385
Zebrafish,rSP,raRF,-0.5251955688160027
Zebrafish,rSP,rimRF,-0.2616886925507016
Zebrafish,rSP,rpRF,0.11795130355508099
Zebrafish,rT,rTG,-0.7234653728530721
Zebrafish,rT,rTL,-0.9493132049785252
Zebrafish,rT,rTS,-0.8010689215772382
Zebrafish,rT,rTeO,-0.6627991825606636
Zebrafish,rT,rTh,0.6760884177923652
Zebrafish,rT,rVR,0.6712652672959625
Zebrafish,rT,raRF,0.8495947947461496
Zebrafish,rT,rimRF,0.8855812450144321
Zebrafish,rT,rpRF,0.8467240603052772
Zebrafish,rTG,rTL,0.8934487940757956
Zebrafish,rTG,rTS,0.9486017259559806
Zebrafish,rTG,rTeO,-0.009431421174436376
Zebrafish,rTG,rTh,-0.9880527658537744
Zebrafish,rTG,rVR,-0.1193363225933475
Zebrafish,rTG,raRF,-0.28081580857042987
Zebrafish,rTG,rimRF,-0.5186214150464566
Zebrafish,rTG,rpRF,-0.7630691117481786
Zebrafish,rTL,rTS,0.8946620387597084
Zebrafish,rTL,rTeO,0.39388295584113325
Zebrafish,rTL,rTh,-0.8719220898871551
Zebrafish,rTL,rVR,-0.5280531295524211
Zebrafish,rTL,raRF,-0.641580869957088
Zebrafish,rTL,rimRF,-0.7465703697723015
Zebrafish,rTL,rpRF,-0.8225122987552317
Zebrafish,rTS,rTeO,0.21778660822000226
Zebrafish,rTS,rTh,-0.8892880503489993
Zebrafish,rTS,rVR,-0.11471637227495894
Zebrafish,rTS,raRF,-0.4787834160820713
Zebrafish,rTS,rimRF,-0.7305458073023533
Zebrafish,rTS,rpRF,-0.9255040374971014
Zebrafish,rTeO,rTh,0.09863136857148748
Zebrafish,rTeO,rVR,-0.6948938594579047
Zebrafish,rTeO,raRF,-0.9567865393828954
Zebrafish,rTeO,rimRF,-0.8165968207259802
Zebrafish,rTeO,rpRF,-0.5247881915049747
Zebrafish,rTh,rVR,0.14466426170941746
Zebrafish,rTh,raRF,0.1946956468648942
Zebrafish,rTh,rimRF,0.40929395370161337
Zebrafish,rTh,rpRF,0.6603411587602694
Zebrafish,rVR,raRF,0.7178850697550506
Zebrafish,rVR,rimRF,0.4659751944590223
Zebrafish,rVR,rpRF,0.2015252233203574
Zebrafish,raRF,rimRF,0.9283408061038542
Zebrafish,raRF,rpRF,0.716164427561026
Zebrafish,rimRF,rpRF,0.9197513400097342
