species,recording_id,node,EdgeStdFCV,ProfileCorrDistFCV,FCS,FCSAC1,FCSHalfLifeWindows,ParticipationFlex,PartnerSwitchEntropy,level,window_config,n_rois,measure_method,participation_method,root_area_id,n_clusters
C. elegans,2023-01-05-01,AVER,0.351195029672425,0.22928278231810523,-0.06627606270917608,0.2648703258189055,3.070187518939945,0.0279413721381446,0.755637918577048,neuron,w20_step8_highpass,,,,,
C. elegans,2023-01-05-01,RIH,0.35474086290957324,0.49566885884633227,0.0755570615613387,0.4067489562588432,3.852543144217684,0.02822041516631429,0.9467391248199954,neuron,w20_step8_highpass,,,,,
C. elegans,2023-01-05-01,URYVL,0.3662788956584727,0.35096387121421135,-0.05859464334168241,0.3953241994026543,6.341630365422296,0.035689416379444984,0.9161665123841125,neuron,w20_step8_highpass,,,,,
C. elegans,2023-01-05-01,RMDDR,0.35008060576181294,0.5876092002138057,0.06635756411981568,0.47494224943343016,4.674929705049163,0.028543564048016515,0.9606596235288193,neuron,w20_step8_highpass,,,,,
C. elegans,2023-01-05-01,RMDL,0.40241170899826323,0.5663623403674076,0.08479302221042756,0.4761185367029622,6.507297919870716,0.0339872148359326,0.9371895221064864,neuron,w20_step8_highpass,,,,,
C. elegans,2023-01-05-01,RIBL,0.3673298023062266,0.26970857226367284,0.09598725302013733,0.33734692032875613,5.617411956941989,0.031227619945829406,0.8382080316537116,neuron,w20_step8_highpass,,,,,
C. elegans,2023-01-05-01,SMDVL,0.3788243879928833,0.39608543771177196,0.09620504771407937,0.3623902554208681,6.213555306941441,0.04003381910267277,0.9225347750775723,neuron,w20_step8_highpass,,,,,
C. elegans,2023-01-05-01,IL2VR,0.34517365683689916,0.4598488959219478,0.03210993520199401,0.48887201334451386,4.7325234757177,0.04217343087491942,0.9348895067083645,neuron,w20_step8_highpass,,,,,
C. elegans,2023-01-05-01,RMED,0.35635238508388245,0.2608120459946636,0.08533937455254062,0.40630487671069804,4.242922128507814,0.03266583526341167,0.8591689041154238,neuron,w20_step8_highpass,,,,,
C. elegans,2023-01-05-01,URXL,0.3672791396079268,0.3458414193813714,0.05665787030878961,0.4655698905268424,9.112152603264922,0.03878775541705799,0.8927422270459395,neuron,w20_step8_highpass,,,,,
C. elegans,2023-01-05-01,ADEL,0.35564241190379037,0.7082565568873104,0.00046924416950569454,0.48843148178846374,4.196276013744214,0.03539964237943801,0.9785752546349057,neuron,w20_step8_highpass,,,,,
C. elegans,2023-01-05-01,RMDDL,0.34637545104272677,0.49925805383391125,0.08747134753399646,0.4638477420156812,5.0565413511487565,0.025963600132325196,0.9301639996659029,neuron,w20_step8_highpass,,,,,
C. elegans,2023-01-05-01,ASKR,0.3508111334794458,0.6546694779497718,-0.003770164403606669,0.3413041724520965,5.837733829446298,0.03130969649998404,0.9778780014434705,neuron,w20_step8_highpass,,,,,
C. elegans,2023-01-05-01,AUAL,0.3594367177778511,0.29191340468154764,0.04732262625142997,0.17267891403628935,5.3801828173283495,0.03307559082896022,0.8593791502737396,neuron,w20_step8_highpass,,,,,
C. elegans,2023-01-05-01,AVAR,0.35115670762487744,0.23299312165810634,-0.06290039654390392,0.21936612411920764,5.036256772939466,0.02548449222805656,0.7469769306270228,neuron,w20_step8_highpass,,,,,
C. elegans,2023-01-05-01,AIZL,0.350368538300155,0.44475442011294725,0.05305663209478093,0.36983218950405466,5.51772506814025,0.037237131367988556,0.9460299800589239,neuron,w20_step8_highpass,,,,,
C. elegans,2023-01-05-01,RIVR,0.3905074812715761,0.6032204331257183,0.038049199089951184,0.5127840981512518,6.413026571084416,0.029587233605495825,0.9300110147544496,neuron,w20_step8_highpass,,,,,
C. elegans,2023-01-05-01,RID,0.3676608282056276,0.29628824772871026,0.09048260247802402,0.2629499556257997,5.557362107232999,0.033942096223137916,0.8465702039300572,neuron,w20_step8_highpass,,,,,
C. elegans,2023-01-05-01,RMDVL,0.37873420719861706,0.6487160324709288,-0.01382836605587552,0.49909927151194466,7.384799970899723,0.036087934709878734,0.963022932194848,neuron,w20_step8_highpass,,,,,
C. elegans,2023-01-05-01,IL2DR,0.36249242133465004,0.7623351872776373,0.0025787772251679047,0.4740925238596824,4.785192161307886,0.03449244335008358,0.9808407247373802,neuron,w20_step8_highpass,,,,,
C. elegans,2023-01-05-01,SMDVR,0.4067007650319734,0.5787644956577354,0.05834630346227636,0.35389184184564787,6.081780690849568,0.03345649440450564,0.9362231465469599,neuron,w20_step8_highpass,,,,,
C. elegans,2023-01-05-01,AIBR,0.3458409231015229,0.2263895932335708,-0.08397330157411774,0.23588897009944804,5.985828413811049,0.029534161485492764,0.783370315046363,neuron,w20_step8_highpass,,,,,
C. elegans,2023-01-05-01,IL1DL,0.3538376667262263,0.5500045766810209,0.04327442462037011,0.6355450589452658,6.257697006925757,0.03573815470511631,0.9618091103074854,neuron,w20_step8_highpass,,,,,
C. elegans,2023-01-05-01,RICL,0.30977852050685684,0.7022282097933779,0.015619184913604553,0.6507639067294556,4.846913803735908,0.03857834189771664,0.9859336990235219,neuron,w20_step8_highpass,,,,,
C. elegans,2023-01-05-01,RICR,0.32224474208686743,0.7779402546354115,-0.008785689174778564,0.5429950173032257,6.109914727413015,0.031232350259072676,0.9797921765203907,neuron,w20_step8_highpass,,,,,
C. elegans,2023-01-05-01,IL1VL,0.3519282743555721,0.6690882877464356,0.04565449438798538,0.4824233384171299,4.735184111854125,0.03202853338041702,0.9565741561653143,neuron,w20_step8_highpass,,,,,
C. elegans,2023-01-05-01,ALA,0.34204176049561374,0.5365703129276259,0.06291421506473477,0.3753301974271549,5.204625680863226,0.034368440241587056,0.9664560624056852,neuron,w20_step8_highpass,,,,,
C. elegans,2023-01-05-01,AVJL,0.3289033531140109,0.5228268744459873,0.044091058991761786,0.3626286381326036,7.231456737079422,0.03356794861320534,0.9706842501944352,neuron,w20_step8_highpass,,,,,
C. elegans,2023-01-05-01,URXR,0.36442544409013233,0.46407756421786506,0.08529901041354958,0.4243563979768553,8.731625924255335,0.034760944223135706,0.9236535705840099,neuron,w20_step8_highpass,,,,,
C. elegans,2023-01-05-01,URYDR,0.34224971495653117,0.6410435801141933,0.030272074360709743,0.33617920127848006,4.66100009913273,0.03277574921749117,0.97721862251719,neuron,w20_step8_highpass,,,,,
C. elegans,2023-01-05-01,CEPDL,0.33811748848984496,0.30711319559692185,0.0743877562569173,0.37112898765789687,5.352972031658603,0.03417293206838618,0.9025443482295645,neuron,w20_step8_highpass,,,,,
C. elegans,2023-01-05-01,RIMR,0.35430231414733815,0.2416880402023962,-0.06017971126415411,0.20808074391493298,7.395644780656027,0.025697938143303525,0.7477253438319993,neuron,w20_step8_highpass,,,,,
C. elegans,2023-01-05-01,AVJR,0.3116843071798429,0.6277369822211051,0.0010906893863355197,0.5167722392133264,7.2931634340304905,0.03030816956793362,0.9545987666841489,neuron,w20_step8_highpass,,,,,
C. elegans,2023-01-05-01,RIML,0.3537129522030315,0.2290053592528212,-0.05899901840266759,0.14113248685196092,3.865864594194162,0.02716512359111788,0.7275205060492526,neuron,w20_step8_highpass,,,,,
C. elegans,2023-01-05-01,OLLR,0.3526446836527876,0.23203997500014165,0.1027850613347518,0.38058839230772756,4.73218695496084,0.03235506150706204,0.8368985631200005,neuron,w20_step8_highpass,,,,,
C. elegans,2023-01-05-01,OLQDR,0.39252441609835964,0.6097969303586662,0.08164396458158216,0.5432278808548606,6.152105194277889,0.03591722513727506,0.9329261967705271,neuron,w20_step8_highpass,,,,,
C. elegans,2023-01-05-01,AWCL,0.4046733547870626,0.6549516616560217,0.03487435899884741,0.4641669949399447,5.669557182631433,0.03285460421433075,0.9552409234584613,neuron,w20_step8_highpass,,,,,
C. elegans,2023-01-05-01,AVEL,0.35141875291584324,0.2194407123499119,-0.06490555518795892,0.2060717628209279,5.020055940325682,0.028073448650706267,0.7200793485826402,neuron,w20_step8_highpass,,,,,
C. elegans,2023-01-05-01,AVHL,0.3184772533567237,0.5789503590139206,0.04532173546236505,0.4131697359149376,3.763583249934148,0.030451262423361058,0.9821547130570257,neuron,w20_step8_highpass,,,,,
C. elegans,2023-01-05-01,URYDL,0.34922398558975637,0.4434622698522144,0.05465093871398711,0.45861069833767515,6.102944476337943,0.03916798747713497,0.9449805772678945,neuron,w20_step8_highpass,,,,,
C. elegans,2023-01-05-01,RIVL,0.39114584440972605,0.5940764695287256,0.06026552576399246,0.5566162677179123,4.835297394564501,0.03269491957407167,0.9338047577369061,neuron,w20_step8_highpass,,,,,
C. elegans,2023-01-05-01,RIR,0.40554504912523515,0.6689514087583811,-0.02731389894899155,0.3250977270146278,4.0411860641632,0.03748320039274883,0.9600539036950544,neuron,w20_step8_highpass,,,,,
C. elegans,2023-01-05-01,OLQVL,0.38770762315054064,0.5686953975399922,0.08799412740842569,0.5006733793379254,3.627364843464933,0.03346064483882731,0.9393897520022421,neuron,w20_step8_highpass,,,,,
C. elegans,2023-01-05-01,OLQDL,0.3814016999408419,0.3423351123758929,0.0948916896633516,0.5300279452119635,4.9677392118536075,0.03762453149940057,0.8791915325040537,neuron,w20_step8_highpass,,,,,
C. elegans,2023-01-05-01,IL2VR,0.34517365683689916,0.45984889592194783,0.03210993520199401,0.4888720133445139,4.732523475717703,0.042173430874919426,0.9348895067083645,neuron,w20_step8_highpass,,,,,
C. elegans,2023-01-05-01,RMEL,0.3637287873164699,0.2695293984513952,0.10256575077766458,0.5082770283957556,5.300510486276172,0.038759253278247946,0.8422343844750968,neuron,w20_step8_highpass,,,,,
C. elegans,2023-01-05-01,RIAR,0.3597996489749382,0.5602738116164651,-0.0028076484589924246,0.5968116321965251,6.000778461545066,0.03693993194549501,0.9585218706819277,neuron,w20_step8_highpass,,,,,
C. elegans,2023-01-05-01,AIZR,0.3341771193570746,0.6982135896175674,-0.03042341913680676,0.4782869825674657,5.422483354903457,0.031057802553289913,0.9833417515307045,neuron,w20_step8_highpass,,,,,
C. elegans,2023-01-05-01,AWAL,0.34443617249081376,0.5440071153695561,-0.0005384638481737954,0.44894640839898026,6.364477391823574,0.03634709108702907,0.956069290694481,neuron,w20_step8_highpass,,,,,
C. elegans,2023-01-05-01,AIBL,0.3536286987549241,0.27013099686910713,-0.06304844998421323,0.3087269384611487,6.295963323296227,0.03218660897625759,0.7936665935064675,neuron,w20_step8_highpass,,,,,
C. elegans,2023-01-05-01,ADER,0.38034555983329943,0.7408430940245556,0.01152358135549178,0.508888156193992,4.146220557763896,0.03752850073570906,0.9681682761551279,neuron,w20_step8_highpass,,,,,
C. elegans,2023-01-05-01,OLLL,0.4147877821004158,0.5464152242082317,0.06768249033649518,0.5632556836224336,5.9302110440983435,0.03573167680759133,0.9217995899956158,neuron,w20_step8_highpass,,,,,
C. elegans,2023-01-05-01,AVDL,0.31598233537009496,0.4575057640564597,0.07962946673052448,0.44954611955237245,7.946800950933628,0.031112969955363588,0.9529320786033862,neuron,w20_step8_highpass,,,,,
C. elegans,2023-01-05-01,FLPL,0.35875553687195794,0.4920179771723863,0.06441391460812135,0.41356738807961413,6.657757975520539,0.03551400381458026,0.9576391910021471,neuron,w20_step8_highpass,,,,,
C. elegans,2023-01-05-01,ASGL,0.4143847925088883,0.6104401243470157,0.018881757552627526,0.45127280366470074,4.82231560835855,0.04054177482005064,0.951418724404171,neuron,w20_step8_highpass,,,,,
C. elegans,2023-01-05-01,IL1DR,0.3673449064685172,0.5931933913678826,0.067582969272984,0.6223871474483325,7.462004091747177,0.03211501195960058,0.9424618984686202,neuron,w20_step8_highpass,,,,,
C. elegans,2023-01-05-01,IL1L,0.3176291406731261,0.49590789348775477,0.042083742683222375,0.39105056502206376,6.374462679189187,0.03614965492257895,0.9731224588648382,neuron,w20_step8_highpass,,,,,
C. elegans,2023-01-05-01,RIAL,0.37393677794946384,0.658509425924575,0.009756899881582435,0.5484262322956502,6.007046290041075,0.03594027617615017,0.9731138152658773,neuron,w20_step8_highpass,,,,,
C. elegans,2023-01-05-01,ADAL,0.3528368481949536,0.65120380139324,-0.030070749380557767,0.6849544772084789,3.2429709592807807,0.029719099982537835,0.974473919025792,neuron,w20_step8_highpass,,,,,
C. elegans,2023-01-05-01,AVDR,0.3218968300293156,0.6188355155648808,-0.017492624354192386,0.4127883204783857,5.155333465790915,0.03505473103202153,0.9684041970562677,neuron,w20_step8_highpass,,,,,
C. elegans,2023-01-05-01,IL1VR,0.37355720184112495,0.4082605750743172,0.0759895812390603,0.35650721662181484,5.658499328125811,0.03374526362307781,0.9156703289227369,neuron,w20_step8_highpass,,,,,
C. elegans,2023-01-05-01,ASKL,0.3582576546239074,0.807072108330259,0.033563758300285726,0.4731330806052224,4.77213736939318,0.03383621157704395,0.982939511282887,neuron,w20_step8_highpass,,,,,
C. elegans,2023-01-05-01,CEPVL,0.3414552092741347,0.47902369009839724,0.008952568221401768,0.24292660267303073,5.578785831420077,0.03454114385739874,0.9498832260221768,neuron,w20_step8_highpass,,,,,
C. elegans,2023-01-05-01,AVAL,0.3565691379371174,0.2690757643011402,-0.05104780031986864,0.20810657034263724,3.8913409487206874,0.028404904605341962,0.7964661602847548,neuron,w20_step8_highpass,,,,,
C. elegans,2023-01-05-01,AWBL,0.3793208634989475,0.43519373952181745,-0.041845542849041475,0.08283627392905958,4.891764502316942,0.03302503980532832,0.9106752824306513,neuron,w20_step8_highpass,,,,,
C. elegans,2023-01-05-01,IL1R,0.3495835595813324,0.3051558443222779,0.06780612950596955,0.401201050705584,6.544757576665843,0.03338550719404337,0.903988209020416,neuron,w20_step8_highpass,,,,,
C. elegans,2023-01-05-01,OLQVR,0.3858514244974003,0.5849436987929807,0.0820410230116243,0.47296968026894454,7.409871543039806,0.03385866696714838,0.9287848113142658,neuron,w20_step8_highpass,,,,,
C. elegans,2023-01-05-01,CEPDR,0.3494777633935181,0.449771210357314,0.05789592051409175,0.5343784327538881,4.129256234810151,0.03684818065109108,0.9439817300796509,neuron,w20_step8_highpass,,,,,
C. elegans,2023-01-05-18,AVAL,0.42597666368291304,0.6682614663570458,-0.03093920598897467,0.44022296355062374,5.410165613928255,0.023113628076968238,0.949747337148147,neuron,w20_step8_highpass,,,,,
C. elegans,2023-01-05-18,URAVL,0.3576017989130581,0.7665754907968894,0.02391185141899888,0.3872749620916959,6.068509093335797,0.023565638546467923,0.9794982041294409,neuron,w20_step8_highpass,,,,,
C. elegans,2023-01-05-18,AVDR,0.35394547038100566,0.6295572674988308,0.008905379632655868,0.4092475279768385,3.6604747990347413,0.02391154369668751,0.9642708744018346,neuron,w20_step8_highpass,,,,,
C. elegans,2023-01-05-18,IL2DR,0.3682442771986132,0.7861282856386094,0.0037314926201169754,0.42549461101474606,4.4579696701294855,0.025190368330672397,0.9849478882931948,neuron,w20_step8_highpass,,,,,
C. elegans,2023-01-05-18,RMDL,0.4291948175424955,0.6476353617772246,0.036505296653892585,0.5402745528927365,5.2954323594908255,0.02120660650761831,0.9421258853396116,neuron,w20_step8_highpass,,,,,
C. elegans,2023-01-05-18,OLQVL,0.4342836609384577,0.5628000745262246,0.08609700064792224,0.31160522006171876,4.93047847909257,0.021239278355380982,0.9108982395444983,neuron,w20_step8_highpass,,,,,
C. elegans,2023-01-05-18,CEPVL,0.38868596247374876,0.6215684144742122,0.08624249111013182,0.4681256061334779,8.24400323217656,0.02255416051615315,0.9456465843668357,neuron,w20_step8_highpass,,,,,
C. elegans,2023-01-05-18,AWAL,0.4096023963919762,0.773153751654137,-0.011185890259791349,0.49846629843352364,5.649271471822174,0.029442787674661172,0.9764846880692247,neuron,w20_step8_highpass,,,,,
C. elegans,2023-01-05-18,URBL,0.384552707758468,0.5941951950751008,0.08697529959421822,0.38212682933542014,6.857390065429377,0.024521280656310235,0.9518722802629339,neuron,w20_step8_highpass,,,,,
C. elegans,2023-01-05-18,URBR,0.370707861184806,0.6009966284343309,0.027869294396588154,0.4817158565754957,7.84236442580027,0.023410725098205975,0.9439898822264071,neuron,w20_step8_highpass,,,,,
C. elegans,2023-01-05-18,FLPL,0.3590662114454406,0.7811519297565943,0.04084415486492933,0.32160840624294207,4.992508280691498,0.02230443790682498,0.9857953631532035,neuron,w20_step8_highpass,,,,,
C. elegans,2023-01-05-18,ADLL,0.3530074215494106,0.8412901678380383,0.002398718112679389,0.32171353398394736,5.269094069523577,0.024037340698992438,0.9824210077046707,neuron,w20_step8_highpass,,,,,
C. elegans,2023-01-05-18,RIAL,0.380993582280646,0.7759605664278025,-0.00027073767171490484,0.3850347734378739,4.27812673469243,0.024365002001693305,0.978852823992038,neuron,w20_step8_highpass,,,,,
C. elegans,2023-01-05-18,RIVL,0.40686256781660946,0.7358893648891999,-0.0021186501816267186,0.4021372901393174,5.3530062995299295,0.022955649083504795,0.9655392868973569,neuron,w20_step8_highpass,,,,,
C. elegans,2023-01-05-18,IL2VR,0.33909423785734216,0.8294053224376089,-0.024569909361466278,0.339307793523599,4.261825662874218,0.02092373801001062,0.9820244759375915,neuron,w20_step8_highpass,,,,,
C. elegans,2023-01-05-18,AVAR,0.42367710471632086,0.6749703761885689,-0.033368832680739355,0.4419503831678967,5.634046699384229,0.02364097650329989,0.9539943271911752,neuron,w20_step8_highpass,,,,,
C. elegans,2023-01-05-18,AIZR,0.3442039973372849,0.7803276043353459,0.03495277395287518,0.5390714432891889,5.859932169203822,0.021448521869626282,0.9835185383449309,neuron,w20_step8_highpass,,,,,
C. elegans,2023-01-05-18,URADR,0.34585075602634513,0.7653059797444515,0.009997871222719074,0.48630074897924164,4.098954749431378,0.025621425536361528,0.9822531270073476,neuron,w20_step8_highpass,,,,,
C. elegans,2023-01-05-18,CEPDL,0.353540327007766,0.7961551956485536,0.030504339149923877,0.4078043519840682,4.543186365207157,0.02821472868654697,0.9846332454240101,neuron,w20_step8_highpass,,,,,
C. elegans,2023-01-05-18,AINR,0.38220251405405625,0.8047724442669388,0.012460223467057307,0.41354175631627543,5.299882745949767,0.02227204869346678,0.9836062521308052,neuron,w20_step8_highpass,,,,,
C. elegans,2023-01-05-18,RMER,0.43557094182930917,0.6683328667671697,0.08357707519046151,0.5660697336326487,6.144222300098773,0.02591941400229557,0.9369208198677791,neuron,w20_step8_highpass,,,,,
C. elegans,2023-01-05-18,OLLL,0.41004316918641104,0.5736048402128429,0.09445730148074241,0.38381179112762903,4.095717642387644,0.020946763353318545,0.8993859224983795,neuron,w20_step8_highpass,,,,,
C. elegans,2023-01-05-18,AVJR,0.3466003842776234,0.779240471929306,0.019172662926121933,0.5151837215601294,4.9480068253983145,0.021554639781781383,0.980488017044721,neuron,w20_step8_highpass,,,,,
C. elegans,2023-01-05-18,OLLR,0.40342209862757705,0.585300935537278,0.08786946196876175,0.40640243980332236,4.245488132009283,0.021504372280054907,0.9014726221260037,neuron,w20_step8_highpass,,,,,
C. elegans,2023-01-05-18,URYDL,0.4140362637551985,0.6794217546949193,0.05736966045937205,0.42730338945818797,4.421667449871236,0.01942223611164827,0.9534308450209467,neuron,w20_step8_highpass,,,,,
C. elegans,2023-01-05-18,IL2VL,0.35516322389484367,0.6039578654818335,0.043684816361492816,0.5190004668193543,6.092356179525502,0.02571600790798158,0.965754471818593,neuron,w20_step8_highpass,,,,,
C. elegans,2023-01-05-18,ASEL,0.4022203411582879,0.7964215822007517,0.056839410031662846,0.4568917690757057,6.312032341539477,0.022949739908290172,0.9766768131453418,neuron,w20_step8_highpass,,,,,
C. elegans,2023-01-05-18,ADER,0.3596833775563957,0.8139408296758939,0.007563365573015234,0.5191769647535579,3.8748343716012554,0.023554879091164188,0.9844382894634598,neuron,w20_step8_highpass,,,,,
C. elegans,2023-01-05-18,CEPDR,0.36778457500331774,0.7643409788393978,0.032741984384577955,0.5315652181134988,5.538625203216798,0.026658155939018206,0.9815815383192361,neuron,w20_step8_highpass,,,,,
C. elegans,2023-01-05-18,IL1L,0.4113861758427476,0.55453705990611,0.10442012907288467,0.3397433906026911,4.304708482457741,0.02365710704458704,0.9074466727159805,neuron,w20_step8_highpass,,,,,
C. elegans,2023-01-05-18,URXL,0.40269158583284725,0.6041804244830196,0.04377034112153988,0.38590735933264125,5.156511992409159,0.028034905151838437,0.9545517965941012,neuron,w20_step8_highpass,,,,,
C. elegans,2023-01-05-18,OLQDL,0.4286702594249938,0.579287186374432,0.11922136258061079,0.3975626520020797,6.608793525793286,0.020750660435437347,0.9052596109079297,neuron,w20_step8_highpass,,,,,
C. elegans,2023-01-05-18,IL2R,0.4161529644026128,0.6959261437401507,0.014140595652342158,0.47654048550174,5.269924380498293,0.026066227446798266,0.9594345108802662,neuron,w20_step8_highpass,,,,,
C. elegans,2023-01-05-18,AVER,0.41051073199566057,0.5676938120059173,-0.048345327847617185,0.4739301514999222,3.176402740888414,0.025730284560618162,0.9413977362066486,neuron,w20_step8_highpass,,,,,
C. elegans,2023-01-05-18,IL1DR,0.4165332458575094,0.6255796184859019,0.08626226159866565,0.5215581492189023,6.7399671478686685,0.027108581926248015,0.9410617414230209,neuron,w20_step8_highpass,,,,,
C. elegans,2023-01-05-18,OLQDR,0.4160580147797404,0.6232403077201765,0.10042917228432358,0.549931076029437,4.360632013274065,0.021137814050651575,0.9251500540311551,neuron,w20_step8_highpass,,,,,
C. elegans,2023-01-05-18,AVJL,0.3575726690505168,0.7581035431437722,0.027188035180350532,0.3771800437870097,5.901414630650302,0.021273150594201193,0.9790970423335326,neuron,w20_step8_highpass,,,,,
C. elegans,2023-01-05-18,AVEL,0.40505443413537934,0.6472033237727602,-0.018232215887208834,0.41661478356772863,4.4508261160837215,0.02320475319767025,0.9525239951369144,neuron,w20_step8_highpass,,,,,
C. elegans,2023-01-05-18,URYDR,0.41324305616127116,0.7096959347581774,0.04037248230620344,0.5286745307550933,4.351935407645084,0.023190144559261678,0.9643664082524164,neuron,w20_step8_highpass,,,,,
C. elegans,2023-01-05-18,URADL,0.35098546742970455,0.8277344440981289,0.01600177899827328,0.5882528951427268,7.680250663666361,0.024416130188789655,0.9837627901823114,neuron,w20_step8_highpass,,,,,
C. elegans,2023-01-05-18,AVBL,0.4467175003748265,0.650877338083162,0.028239088795137517,0.5410752660904143,4.7411933497675935,0.022523909845721005,0.9393275892697249,neuron,w20_step8_highpass,,,,,
C. elegans,2023-01-05-18,IL1DL,0.4100282137775049,0.6326565054726587,0.07780414997168782,0.5241004556073627,6.399597089229357,0.024243208746984837,0.9383001697452037,neuron,w20_step8_highpass,,,,,
C. elegans,2023-01-05-18,AWCL,0.37606792303143316,0.7545017960518994,0.020313630264250183,0.5675338562512597,3.2712503028400017,0.02112022497751265,0.975441432901724,neuron,w20_step8_highpass,,,,,
C. elegans,2023-01-05-18,AIBR,0.41139703095503777,0.6302873133629376,-0.008139085940612347,0.5807699068835339,3.4630407624065214,0.02842246601427072,0.9516449946219295,neuron,w20_step8_highpass,,,,,
C. elegans,2023-01-05-18,IL2DL,0.3674427058568238,0.7676570741901823,0.012578536556731978,0.4404187038144299,3.922837153830963,0.02314162439647277,0.9826856037576126,neuron,w20_step8_highpass,,,,,
C. elegans,2023-01-05-18,IL2L,0.41720820694236804,0.698725832186717,0.05096645003053467,0.36799199282576894,5.079805235136203,0.02512042408355497,0.9590610845740489,neuron,w20_step8_highpass,,,,,
C. elegans,2023-01-05-18,RICL,0.3892395214516708,0.7757839049835483,-0.006754841755358935,0.3017109200843463,4.448802075142083,0.02366877223929169,0.9840353130382191,neuron,w20_step8_highpass,,,,,
C. elegans,2023-01-05-18,RIAR,0.38448159878737487,0.6842861121845789,0.05365908207939499,0.4052895924300853,4.948667658616202,0.027534106801614895,0.973498015484085,neuron,w20_step8_highpass,,,,,
C. elegans,2023-01-05-18,ASGL,0.4074540885110707,0.7119814825135848,-0.00814784232878609,0.5537185592125401,6.418878075054217,0.026310259600134875,0.9682644324487016,neuron,w20_step8_highpass,,,,,
C. elegans,2023-01-05-18,ADLR,0.3829245782809937,0.8093422338090361,0.011334151319294465,0.4436773965387048,2.8276949409622194,0.02488293240725914,0.9787257021758141,neuron,w20_step8_highpass,,,,,
C. elegans,2023-01-05-18,URXR,0.3995811399750509,0.7344781709185674,0.05160872580262582,0.40567948850105295,5.158403614280216,0.02559632294038435,0.9667818993364586,neuron,w20_step8_highpass,,,,,
C. elegans,2023-01-05-18,SMDVL,0.4191198464925736,0.6921848173547294,0.023967900423434076,0.5196637069684048,4.087590425801444,0.028060448102026504,0.9674077226920464,neuron,w20_step8_highpass,,,,,
C. elegans,2023-01-05-18,RMDVL,0.4011542278641149,0.6349140573802641,0.06457543697157478,0.5030860545789874,6.636917923019305,0.024490433913246776,0.9546979222591755,neuron,w20_step8_highpass,,,,,
C. elegans,2023-01-05-18,RID,0.43076516872396414,0.7057999749816658,0.039532362985102584,0.5398818660346268,5.005436613689271,0.024516303795590312,0.951913945789862,neuron,w20_step8_highpass,,,,,
C. elegans,2023-01-05-18,AWBL,0.4049048777361243,0.6916271247695848,0.0529006518370872,0.4359846598889188,7.811314067633483,0.023897875642139473,0.9604384642443667,neuron,w20_step8_highpass,,,,,
C. elegans,2023-01-05-18,AUAL,0.3809009172797288,0.7515053297786363,0.048369754480069145,0.3953421185993907,6.819291092653187,0.023512652860363838,0.97464596522712,neuron,w20_step8_highpass,,,,,
C. elegans,2023-01-05-18,URYVL,0.40626596436156964,0.6461199959448088,0.055317426011270654,0.5922475969126595,3.261924962438612,0.022958549318533108,0.9501696936814608,neuron,w20_step8_highpass,,,,,
C. elegans,2023-01-05-18,SAAVL,0.4136203420986668,0.7721568605598562,-0.022487879462260687,0.503851610519231,5.10393377451698,0.023081172663191526,0.9580026941125692,neuron,w20_step8_highpass,,,,,
C. elegans,2023-01-05-18,AWBR,0.3969159274209022,0.7738422115009954,0.05179861185249077,0.5920307737087477,5.5650452584333125,0.02623461007546121,0.9646539463067317,neuron,w20_step8_highpass,,,,,
C. elegans,2023-01-05-18,ASER,0.4067430735435103,0.8042783068537441,0.002360241435566005,0.4173796141263954,4.517896180258567,0.020761621108518095,0.9752007879670131,neuron,w20_step8_highpass,,,,,
C. elegans,2023-01-05-18,ASIL,0.4093361630529254,0.8260873898549888,0.02494448241729496,0.44544591094418245,4.87700409534993,0.02258036559959677,0.9690291234501985,neuron,w20_step8_highpass,,,,,
C. elegans,2023-01-05-18,AVHL,0.35006283267538363,0.7645340544808988,-0.007331634997018683,0.3062219705339909,3.722508505546561,0.021641599950338326,0.9827226256543833,neuron,w20_step8_highpass,,,,,
C. elegans,2023-01-05-18,AIZL,0.35110234885520036,0.7961367107666828,0.005891338851073842,0.341979129218976,4.557361374392407,0.02340042611584214,0.9842252075604255,neuron,w20_step8_highpass,,,,,
C. elegans,2023-01-05-18,RMDDL,0.378519486716456,0.6738981666549118,0.07409014036934157,0.48643476052839896,4.8836005836546486,0.025243923634094726,0.9687933280984329,neuron,w20_step8_highpass,,,,,
C. elegans,2023-01-05-18,RIVR,0.383153493163365,0.7269137213557945,-0.006193334167095096,0.3674460857695497,4.142096037408053,0.023969077181642033,0.9703204798233678,neuron,w20_step8_highpass,,,,,
C. elegans,2023-01-05-18,OLQVR,0.4115313889056035,0.6785876517594136,0.05834458762749133,0.6013335335802824,3.5719866071058974,0.028488122737724938,0.9547664126502446,neuron,w20_step8_highpass,,,,,
C. elegans,2023-01-05-18,RMEV,0.375192800320213,0.6908238407978261,0.028770303522310414,0.4127225351118743,4.316870945874764,0.02087481176986664,0.9782215326311153,neuron,w20_step8_highpass,,,,,
C. elegans,2023-01-05-18,FLPR,0.34974560617587924,0.8176553677416926,0.0020191664795205424,0.5741030807651402,5.035332137881931,0.02555968518365271,0.9855192767586278,neuron,w20_step8_highpass,,,,,
C. elegans,2023-01-05-18,RMDVR,0.3618450160218054,0.746752582240578,0.032257239015607016,0.4768925211024237,3.0586860464918066,0.021212896178216274,0.9788599787391377,neuron,w20_step8_highpass,,,,,
C. elegans,2023-01-06-01,URADL,0.2598371014358024,0.721714271328151,0.028811080104600352,0.43989213204679356,3.1286931489153913,0.025414903954385056,0.9774272563986269,neuron,w20_step8_highpass,,,,,
C. elegans,2023-01-06-01,IL2L,0.314552417809396,0.7448111665421916,0.009222738514204873,0.3689605652560798,6.053280202805959,0.027995429180134385,0.9797644395119247,neuron,w20_step8_highpass,,,,,
C. elegans,2023-01-06-01,RMED,0.3426692568096157,0.4678739790595706,0.05027592595425485,0.5203176648080062,4.641075058477191,0.027750877060355398,0.915962631131123,neuron,w20_step8_highpass,,,,,
C. elegans,2023-01-06-01,ADEL,0.28569620930362044,0.7615291158543949,0.03444193228261484,0.37175865234703953,5.7632172163261215,0.021932035992012745,0.9857553963634456,neuron,w20_step8_highpass,,,,,
C. elegans,2023-01-06-01,URYDR,0.35032420242224527,0.5405869042508974,0.10584418954715195,0.47344169954911686,7.0116507596521505,0.02406971970353423,0.9386040063489429,neuron,w20_step8_highpass,,,,,
C. elegans,2023-01-06-01,OLLR,0.34390965786983524,0.4698542014849208,0.10893171568045325,0.4873408196614218,6.8301398891972624,0.022547665223083418,0.8759261262198951,neuron,w20_step8_highpass,,,,,
C. elegans,2023-01-06-01,AIZL,0.29860268660384426,0.6225959985425583,0.01726732561315227,0.5863241718993154,4.066481897683805,0.023270131129250093,0.9714700508023589,neuron,w20_step8_highpass,,,,,
C. elegans,2023-01-06-01,ASKL,0.3494471667724046,0.8087807019103964,0.04090951415533372,0.4990146263236818,4.853935193824335,0.027147619138487,0.9696207075119041,neuron,w20_step8_highpass,,,,,
C. elegans,2023-01-06-01,URADR,0.29244945108279263,0.7290263340360998,0.03503439192190313,0.344874848094664,6.070956649822096,0.02634085147036821,0.9824769685260194,neuron,w20_step8_highpass,,,,,
C. elegans,2023-01-06-01,IL2DL,0.30312659157234045,0.7582361613161448,0.006375481419217069,0.4660772061917132,5.428776787257255,0.02986355055832904,0.9753718584583119,neuron,w20_step8_highpass,,,,,
C. elegans,2023-01-06-01,URBL,0.3127650657406122,0.6359943755924786,0.04046772243564755,0.4643824056863946,5.410836024312136,0.02431608284240762,0.9667007751490755,neuron,w20_step8_highpass,,,,,
C. elegans,2023-01-06-01,FLPL,0.3139428609815111,0.626787155536813,0.028947055835723955,0.36087416390925936,3.4265634827132496,0.027235440444858476,0.9740442620716414,neuron,w20_step8_highpass,,,,,
C. elegans,2023-01-06-01,CEPDR,0.31322708106465696,0.4854625088358919,-0.014224851981170832,0.4270886569678014,4.978383096269617,0.029470921406129433,0.9421878088918724,neuron,w20_step8_highpass,,,,,
C. elegans,2023-01-06-01,ASKR,0.33707087392840973,0.7445182316276149,0.04209316648689363,0.5033902579205349,5.751877659151163,0.02760283715892874,0.9725888951764873,neuron,w20_step8_highpass,,,,,
C. elegans,2023-01-06-01,IL1VR,0.333703834596606,0.5350774055703017,0.05835893162115389,0.39614381286654526,7.413286219759511,0.021160436678942306,0.9217497858776328,neuron,w20_step8_highpass,,,,,
C. elegans,2023-01-06-01,RIVL,0.37426693532996924,0.6159299715092214,0.035301894699278594,0.4152655281579552,4.325724051449567,0.022359966580945134,0.9150914713112767,neuron,w20_step8_highpass,,,,,
C. elegans,2023-01-06-01,AVAR,0.338081891598362,0.42750327510446673,0.008306470391366144,0.463454503380124,6.945382914237849,0.02557923362412303,0.8534426892279121,neuron,w20_step8_highpass,,,,,
C. elegans,2023-01-06-01,RMDL,0.34973665500238266,0.477517833897728,0.07702780681497665,0.37730163675671324,6.249099872512831,0.02538241884060813,0.9215516532360283,neuron,w20_step8_highpass,,,,,
C. elegans,2023-01-06-01,SMDVL,0.39441456139009673,0.6479746748825442,0.06151200461503598,0.48598651493125733,4.360413635796791,0.02403727243436642,0.900698461205187,neuron,w20_step8_highpass,,,,,
C. elegans,2023-01-06-01,SAAVL,0.3064712780111405,0.7023406004312325,0.03413625677991662,0.3990792314212895,7.481594955450601,0.021968740512290436,0.9771422491070177,neuron,w20_step8_highpass,,,,,
C. elegans,2023-01-06-01,CEPDL,0.3445659268428169,0.5682568624947415,0.035427059022909525,0.5398484327133339,4.262470887160911,0.02503508991422024,0.9533585084235562,neuron,w20_step8_highpass,,,,,
C. elegans,2023-01-06-01,RID,0.35328785431949355,0.4161987419709607,-0.01583361856090687,0.5124650784976985,5.558748823595614,0.028509176131167838,0.8657243884890036,neuron,w20_step8_highpass,,,,,
C. elegans,2023-01-06-01,RIH,0.35737466578546884,0.6247352899590367,0.09037455544469081,0.36650765425624604,3.7784286847920576,0.02249645455585063,0.949986096771142,neuron,w20_step8_highpass,,,,,
C. elegans,2023-01-06-01,AINL,0.3458315054538414,0.6472076294927251,-0.0002614458051144809,0.5572423594795431,6.123870857924046,0.024470223199413305,0.9634900052281242,neuron,w20_step8_highpass,,,,,
C. elegans,2023-01-06-01,OLQDL,0.3466987682801458,0.5084723512813203,0.08475938333060379,0.3582694190339298,4.707014528805464,0.024109114228466216,0.9038301738923862,neuron,w20_step8_highpass,,,,,
C. elegans,2023-01-06-01,IL1L,0.3516253561479841,0.6073441079056723,0.08321584886925776,0.4384228836315548,5.897912077324352,0.0267212460425827,0.9287259700947006,neuron,w20_step8_highpass,,,,,
C. elegans,2023-01-06-01,RICL,0.29298782723654426,0.6142457430154857,0.0014424090292328477,0.443548683582785,4.257838876109259,0.027479951273926443,0.9705503553951107,neuron,w20_step8_highpass,,,,,
C. elegans,2023-01-06-01,AUAL,0.325595790509991,0.6012005907788824,-0.018417826543410478,0.45604318819082773,6.599444540779665,0.02332263761804265,0.9734249406169523,neuron,w20_step8_highpass,,,,,
C. elegans,2023-01-06-01,AVDL,0.31798926506215064,0.5306099372565865,0.008935017669886412,0.31700173808250237,4.171312358195065,0.023890619319070713,0.95136367267582,neuron,w20_step8_highpass,,,,,
C. elegans,2023-01-06-01,AIBL,0.36007851400466123,0.3689141490348171,0.04025302738462107,0.4019797860941805,7.628228142399102,0.0259269332861569,0.8508865832332572,neuron,w20_step8_highpass,,,,,
C. elegans,2023-01-06-01,SMDVR,0.3564178764086747,0.5588612247388339,0.007476190613259069,0.4096525676979524,4.379327996287872,0.023546426817307647,0.9357756725084178,neuron,w20_step8_highpass,,,,,
C. elegans,2023-01-06-01,IL1R,0.35109893984671664,0.567390015584269,0.06614145830077883,0.37176802314333585,4.9609207635057,0.02636355345709722,0.9288348963684739,neuron,w20_step8_highpass,,,,,
C. elegans,2023-01-06-01,URXR,0.35630007791867735,0.6071504290654868,-0.01544666213002684,0.627892785016352,9.048262357079208,0.03007631107017679,0.9492495577594793,neuron,w20_step8_highpass,,,,,
C. elegans,2023-01-06-01,URAVL,0.3575608982787992,0.37007016409301174,0.03465084216150195,0.5635574673082892,9.629571930416166,0.02699741350209299,0.8608023689871207,neuron,w20_step8_highpass,,,,,
C. elegans,2023-01-06-01,ASEL,0.33576049569178357,0.5714629345393257,-0.01973063550892092,0.49586671475839955,4.689319658516782,0.029373399410112657,0.952756454469153,neuron,w20_step8_highpass,,,,,
C. elegans,2023-01-06-01,AVAL,0.3598055092340837,0.3925601111605715,-0.014726220675909323,0.5029827222256569,6.378167553771956,0.02822230144918045,0.8344298043350428,neuron,w20_step8_highpass,,,,,
C. elegans,2023-01-06-01,AVER,0.34693156909059747,0.34104148407388124,-0.008264067484104765,0.5760984027778917,6.519322867182909,0.02582880000628088,0.8687157644847948,neuron,w20_step8_highpass,,,,,
C. elegans,2023-01-06-01,CEPVL,0.317587948829668,0.5681536125683417,0.042085727755865894,0.4108840217013243,4.175575159732812,0.021601637292661964,0.9553141378392673,neuron,w20_step8_highpass,,,,,
C. elegans,2023-01-06-01,RMGL,0.29701461219185676,0.5479983813003788,-0.018318618544600842,0.5251167291070075,7.167213871475561,0.02322602853799231,0.9666372352244147,neuron,w20_step8_highpass,,,,,
C. elegans,2023-01-06-01,RMDVR,0.3173986393686629,0.5810175140065295,0.016244068005239715,0.5213142746799603,3.2987399189564153,0.02964653938068477,0.9609567809741905,neuron,w20_step8_highpass,,,,,
C. elegans,2023-01-06-01,RMDVL,0.34130089438025124,0.6038689573373877,0.07489260646799703,0.523666253688068,3.6467503831578383,0.023230336027014367,0.9611730387385644,neuron,w20_step8_highpass,,,,,
C. elegans,2023-01-06-01,RMEL,0.3668602133391928,0.39839570649003536,-0.024089098034410665,0.6667991982763467,6.091071734949795,0.025657503357833678,0.8631623234363173,neuron,w20_step8_highpass,,,,,
C. elegans,2023-01-06-01,RMER,0.3573510239924008,0.4222291153743522,0.007633473272920854,0.39706056018345703,6.8985006062227585,0.024610746032928163,0.8942280509935897,neuron,w20_step8_highpass,,,,,
C. elegans,2023-01-06-01,AVEL,0.36703830428212186,0.3431808731914584,0.007105886410837954,0.5332986147553355,10.377877537190484,0.026758658239478775,0.7974161514560156,neuron,w20_step8_highpass,,,,,
C. elegans,2023-01-06-01,RMDDR,0.32487334027739684,0.6475786213258332,0.059509560737488865,0.37882160634582124,7.328199218049304,0.02795100887002957,0.97333009438056,neuron,w20_step8_highpass,,,,,
C. elegans,2023-01-06-01,SMBVR,0.34181552299102136,0.46784827299430726,-0.01767548195631602,0.4774857523009825,4.2612477416812,0.026993087745941478,0.9370893316773861,neuron,w20_step8_highpass,,,,,
C. elegans,2023-01-06-01,RMDDL,0.33515519651532755,0.4919037257192694,0.05845564646647734,0.4350030052874877,6.807447220082725,0.020821319306021133,0.9487900361672067,neuron,w20_step8_highpass,,,,,
C. elegans,2023-01-06-01,IL1VL,0.3103371608960759,0.6164365953956857,0.04631014192338912,0.4986428368478602,4.3804837637905605,0.02592685229641198,0.9558595934254202,neuron,w20_step8_highpass,,,,,
C. elegans,2023-01-06-01,ADAL,0.3206680169661868,0.6600962448434998,0.029840492028118948,0.4332229258418861,7.270141936439949,0.024670887513733575,0.973780872936541,neuron,w20_step8_highpass,,,,,
C. elegans,2023-01-06-01,IL2DR,0.2939110206103691,0.6965664307559575,0.010025251202465795,0.5275146581210081,5.7829358181132235,0.025346770148377235,0.984797532002968,neuron,w20_step8_highpass,,,,,
C. elegans,2023-01-06-01,URYVR,0.3315902008608987,0.42453386573742236,0.02493916355394428,0.5545812790961792,6.549800219667399,0.027459438613284762,0.9092272157522743,neuron,w20_step8_highpass,,,,,
C. elegans,2023-01-06-01,AWBL,0.3456638922948256,0.73516079591494,0.019199287910416616,0.5187141492554548,6.2330862324684615,0.025126918514878843,0.9596908055493919,neuron,w20_step8_highpass,,,,,
C. elegans,2023-01-06-01,OLQDR,0.35435860286898113,0.4832951776232437,0.11778887212385739,0.5752229488346016,7.761779289533149,0.019191175396483465,0.8834351121948996,neuron,w20_step8_highpass,,,,,
C. elegans,2023-01-06-01,IL1DL,0.3415495115022288,0.5392653600996469,0.11630902050517802,0.47602774060523645,4.740496662317017,0.023203533549331908,0.8981215418575897,neuron,w20_step8_highpass,,,,,
C. elegans,2023-01-06-01,OLQVL,0.3776122033737684,0.5438142891567828,0.09111603549798446,0.5855685961035731,1.4967442847412182,0.026580985382290694,0.9044725843690378,neuron,w20_step8_highpass,,,,,
C. elegans,2023-01-06-01,RMDR,0.3071989699096381,0.6470456839132014,0.010301393530125151,0.3366056054342661,4.857615759239114,0.027788674844610523,0.968647993920209,neuron,w20_step8_highpass,,,,,
C. elegans,2023-01-06-01,ASHL,0.3634116826323332,0.5698622034226415,0.05826953857058372,0.5403877480502388,5.557183612497962,0.024796732472639905,0.9523880256067914,neuron,w20_step8_highpass,,,,,
C. elegans,2023-01-06-01,RIAR,0.3260754542168843,0.6523367985405653,0.05084267091406307,0.25275837384800265,4.822668072878181,0.021328573662383218,0.9683106264602248,neuron,w20_step8_highpass,,,,,
C. elegans,2023-01-06-01,OLLL,0.34135410169316766,0.43091577942893583,0.11408996956853538,0.48409240162777206,5.293610657861586,0.02187615039937852,0.8611382710316938,neuron,w20_step8_highpass,,,,,
C. elegans,2023-01-06-01,IL1DR,0.33417562530183254,0.5770809411869562,0.05718979442892674,0.3396663104381456,4.472883314819601,0.02324153333322287,0.9469940710575904,neuron,w20_step8_highpass,,,,,
C. elegans,2023-01-06-01,AWCL,0.3492829062627274,0.4340109180545361,0.06878600329159325,0.5196865870222855,8.204655427613574,0.023356120466333615,0.9216312948046501,neuron,w20_step8_highpass,,,,,
C. elegans,2023-01-06-01,URXL,0.3211552635470956,0.4286992132688234,-0.017514340787729107,0.29384843427296553,4.27874580107186,0.023065526889700108,0.9292606921528221,neuron,w20_step8_highpass,,,,,
C. elegans,2023-01-06-01,AVJL,0.32406950003813667,0.46332235869451205,-0.02332839698015348,0.5487833392916988,5.642548089090967,0.028298318462233765,0.9489783201150123,neuron,w20_step8_highpass,,,,,
C. elegans,2023-01-06-01,AWAR,0.3455727861543954,0.4566230880126656,0.03818302681288787,0.4545295749377947,7.47301720071927,0.02808023304018944,0.9065116072195578,neuron,w20_step8_highpass,,,,,
C. elegans,2023-01-06-01,CEPVR,0.32223498151140556,0.5388241457826309,0.00745786953281595,0.2859538751633636,3.1886624762692977,0.02591761389108448,0.9616348419687358,neuron,w20_step8_highpass,,,,,
C. elegans,2023-01-06-08,ASIL,0.3768671275485202,0.7702802578326661,0.006508735451714566,0.4481024264838592,1.8537642828793741,0.030828852026083015,0.9655655122382215,neuron,w20_step8_highpass,,,,,
C. elegans,2023-01-06-08,RMER,0.33652193861642454,0.39107570485640764,0.037441086716886764,0.5113653418537613,5.3992875978488835,0.03704711378763071,0.8901771564359315,neuron,w20_step8_highpass,,,,,
C. elegans,2023-01-06-08,URAVL,0.2820197026066266,0.5398158389653371,-0.014731353325344261,0.5639365889321538,5.846133793390542,0.04058863039901499,0.9693187170022383,neuron,w20_step8_highpass,,,,,
C. elegans,2023-01-06-08,IL2R,0.3130967348262959,0.560849466766393,0.04681320254189515,0.46796622820543327,8.002118444176574,0.04133755749204818,0.9650607481385625,neuron,w20_step8_highpass,,,,,
C. elegans,2023-01-06-08,RMDDL,0.30689350243661256,0.5668583732029392,-0.014232386165287863,0.43055791872532695,3.0868706162368116,0.03364833306628377,0.9553325318969899,neuron,w20_step8_highpass,,,,,
C. elegans,2023-01-06-08,RIVL,0.306716809845424,0.7013006752599782,0.04485054684261203,0.49408639596256054,6.8946553899044005,0.03303158635381881,0.9710500310106394,neuron,w20_step8_highpass,,,,,
C. elegans,2023-01-06-08,URYDR,0.3179262397972048,0.5133910980322357,0.05316585006067499,0.45087198464535433,6.4472666502142175,0.026066045360113404,0.9456529737022249,neuron,w20_step8_highpass,,,,,
C. elegans,2023-01-06-08,IL2VL,0.30197352480680306,0.6331588808786078,0.012289144880268076,0.5344629103498677,5.4907081030456,0.03845225365347737,0.9647112034040075,neuron,w20_step8_highpass,,,,,
C. elegans,2023-01-06-08,IL2DL,0.305884104971585,0.6879035105311635,0.0303459006430197,0.483328670244037,5.1490720619601955,0.033977982023529134,0.9768899530460537,neuron,w20_step8_highpass,,,,,
C. elegans,2023-01-06-08,IL2VR,0.32892190180961395,0.7181653222166161,0.022040900321973745,0.51541586978261,5.5987166141818605,0.043990003432786175,0.977208779800293,neuron,w20_step8_highpass,,,,,
C. elegans,2023-01-06-08,ADEL,0.3193546833656089,0.5701343216437569,0.05435634474182655,0.4498719620128532,3.9440418994127784,0.028029196071175037,0.9382519738688914,neuron,w20_step8_highpass,,,,,
C. elegans,2023-01-06-08,URXL,0.30453050787606273,0.45510240658747003,0.032628303731287715,0.6180932129061054,3.9021887410091187,0.03343958715774794,0.9434204547878225,neuron,w20_step8_highpass,,,,,
C. elegans,2023-01-06-08,SMDVR,0.322961628616803,0.43199344663218664,0.0462015883669547,0.5052521386182457,4.740448108474067,0.04225725279523813,0.8827383804918479,neuron,w20_step8_highpass,,,,,
C. elegans,2023-01-06-08,IL2DR,0.3070525204624863,0.6919869281592984,0.031225225658954026,0.5738621098976476,5.416538984651752,0.032539404745400444,0.9820590365330998,neuron,w20_step8_highpass,,,,,
C. elegans,2023-01-06-08,URBL,0.3270317491932754,0.5129140077577511,0.08167077237375625,0.3681647577489192,4.817526706056697,0.029579139510108737,0.9384216961195064,neuron,w20_step8_highpass,,,,,
C. elegans,2023-01-06-08,AWCR,0.2818860007453073,0.5072988514424043,0.007137336772831422,0.4983636540664728,6.723662978270457,0.0316300246390289,0.940483529050866,neuron,w20_step8_highpass,,,,,
C. elegans,2023-01-06-08,SAAVR,0.31203520580593874,0.7789393720319312,0.01973324513692714,0.5836106922847842,5.864428504549211,0.02879515511304688,0.9815856027163051,neuron,w20_step8_highpass,,,,,
C. elegans,2023-01-06-08,AIZL,0.30286287611136636,0.5665268985254855,0.05086037346626749,0.5842297921522048,8.706827654233878,0.038593222606139115,0.9668351704599635,neuron,w20_step8_highpass,,,,,
C. elegans,2023-01-06-08,AUAL,0.2845491152216857,0.5534784964884938,0.020287842572998243,0.4569580314996131,6.96955991329293,0.04273543253761224,0.9609632538125766,neuron,w20_step8_highpass,,,,,
C. elegans,2023-01-06-08,ASGR,0.2806740174429483,0.4584662880894357,-0.019936746393745645,0.355290764115456,4.2704547981823175,0.02672425670582313,0.9227318730800055,neuron,w20_step8_highpass,,,,,
C. elegans,2023-01-06-08,URYDL,0.3276055793450837,0.4136879300169413,-0.006617597923180247,0.4751444012307448,1.9288909778241672,0.03840769394450717,0.9087792444117062,neuron,w20_step8_highpass,,,,,
C. elegans,2023-01-06-08,RIBL,0.36097592669601114,0.4146120435015273,0.0005321274455084296,0.4582139171932228,3.762538703446857,0.04139376107058997,0.9057271451859111,neuron,w20_step8_highpass,,,,,
C. elegans,2023-01-06-08,CEPDR,0.30403948281572174,0.6378228204766366,0.029445421254763487,0.37262859017731076,5.230102750217336,0.033518617953790755,0.967959279768242,neuron,w20_step8_highpass,,,,,
C. elegans,2023-01-06-08,IL2L,0.29732740149954623,0.7327283091298098,0.025248524728399464,0.626900133636509,3.3290655737298978,0.02884655921940226,0.9756460634565701,neuron,w20_step8_highpass,,,,,
C. elegans,2023-01-06-08,AIZR,0.27988551442348497,0.5441720198460427,-0.015619257673198682,0.48528568813603556,5.920331576579453,0.02741193056507234,0.9364663501619278,neuron,w20_step8_highpass,,,,,
C. elegans,2023-01-06-08,IL1DL,0.33051716132653536,0.4458577843496916,0.07881107929413822,0.4220858891717713,6.312383348930693,0.028491020010570644,0.9032800103428608,neuron,w20_step8_highpass,,,,,
C. elegans,2023-01-06-08,FLPL,0.2911749967521869,0.5362894965859878,0.02359453727762541,0.5005316249536891,4.49349058608463,0.03224323408766359,0.9396948260219404,neuron,w20_step8_highpass,,,,,
C. elegans,2023-01-06-08,AIBR,0.3313961528325715,0.38382317904077246,-0.014934559963061365,0.6046606845836561,5.690549927069281,0.033661285004377685,0.9043466493360807,neuron,w20_step8_highpass,,,,,
C. elegans,2023-01-06-08,AVKL,0.34380052348356654,0.6321202039193218,-0.0006326298911239102,0.4066272017573163,6.0259776669707295,0.03171846207937279,0.9633754502695216,neuron,w20_step8_highpass,,,,,
C. elegans,2023-01-06-08,AVER,0.3341353961645467,0.4204995775511179,-0.019167497879019432,0.42204429252715,5.924088528430115,0.028007183241652175,0.928398932849966,neuron,w20_step8_highpass,,,,,
C. elegans,2023-01-06-08,AVDL,0.3054704691711149,0.6086715489362495,-0.015038450138270999,0.3787200632009325,4.879570933736162,0.030079100702769132,0.9607716824225084,neuron,w20_step8_highpass,,,,,
C. elegans,2023-01-06-08,RICL,0.3447120899968875,0.5229322351655601,0.013256322811499775,0.5552789112896612,5.844171166624663,0.03852712425372182,0.9596443075742133,neuron,w20_step8_highpass,,,,,
C. elegans,2023-01-06-08,AVKR,0.3285942150317925,0.6541043906128143,-0.00030567085105714703,0.47018528831778256,4.385903660882799,0.031089893995383637,0.9600654091179831,neuron,w20_step8_highpass,,,,,
C. elegans,2023-01-06-08,CEPDL,0.30801041554458564,0.5812913726033068,0.031687864493316883,0.4168317197802263,5.222333366362031,0.0286036582869514,0.9635332544611974,neuron,w20_step8_highpass,,,,,
C. elegans,2023-01-06-08,RIVR,0.3167234013725325,0.5341785855810843,0.08021870064546334,0.4804614123667543,6.082985890118528,0.03596544701309702,0.9325160301043778,neuron,w20_step8_highpass,,,,,
C. elegans,2023-01-06-08,AWBL,0.31748493978707415,0.6493669681195834,-0.023623976013082457,0.4416305047923268,4.807121522466148,0.03227894235845565,0.9701777790261829,neuron,w20_step8_highpass,,,,,
C. elegans,2023-01-06-08,AINL,0.3487990213545584,0.7414615229150668,0.005213012138833601,0.5428565499325487,4.852736951482117,0.030667834006343618,0.9707189080466513,neuron,w20_step8_highpass,,,,,
C. elegans,2023-01-06-08,IL1R,0.3564957445190113,0.4173783408166494,0.043746939403749546,0.5086215518445847,6.361029065537809,0.03609856375078676,0.9054299379831191,neuron,w20_step8_highpass,,,,,
C. elegans,2023-01-06-08,AIML,0.32286996645233124,0.4244337261521279,-0.0547314158748877,0.5650634694045906,5.383433237255343,0.0390440814634177,0.9463993378764456,neuron,w20_step8_highpass,,,,,
C. elegans,2023-01-06-08,AWCL,0.3304703772157893,0.6353861576866692,0.014446144960241512,0.5679798862631419,5.348708554804021,0.03448893675604424,0.970850973328559,neuron,w20_step8_highpass,,,,,
C. elegans,2023-01-06-08,IL1VL,0.35669025964897444,0.494087250866377,0.07206938393202081,0.5946282880089476,6.842523164494685,0.025894775532859855,0.8799639839067792,neuron,w20_step8_highpass,,,,,
C. elegans,2023-01-06-08,OLQDL,0.35157611358089874,0.5696469380612182,0.04870143228856744,0.40798269481431465,4.706438408334565,0.030356615677108335,0.9290191180977349,neuron,w20_step8_highpass,,,,,
C. elegans,2023-01-06-08,IL1VR,0.38310098325713704,0.49892415897077974,0.06799267466655229,0.5115453043310537,4.427620336162179,0.03050913084712756,0.8683263982204728,neuron,w20_step8_highpass,,,,,
C. elegans,2023-01-06-08,OLLL,0.34926212311547455,0.4880660296136072,0.07931742842234858,0.607826953404129,3.322184547480032,0.023380144595193116,0.9078689236476519,neuron,w20_step8_highpass,,,,,
C. elegans,2023-01-06-08,OLLR,0.34549075808094926,0.545438590755017,0.06063576659956972,0.35526303312159296,2.489042167775001,0.029463565697530877,0.9382354167416053,neuron,w20_step8_highpass,,,,,
C. elegans,2023-01-06-08,ASHL,0.3358583604510299,0.7686500141243683,0.03428708515552205,0.575901019987172,5.521969814402136,0.03143955819558344,0.9661582466602621,neuron,w20_step8_highpass,,,,,
C. elegans,2023-01-06-08,AIBL,0.34029567369446195,0.3895478122801436,-0.007576814114066733,0.602257416260627,3.7409855041300255,0.03211501317017834,0.8983904006060072,neuron,w20_step8_highpass,,,,,
C. elegans,2023-01-06-08,ASEL,0.3446787160199212,0.49455793412630394,-0.03327307236472187,0.4079007446841495,5.165998007798908,0.03928464160781613,0.9385296956284216,neuron,w20_step8_highpass,,,,,
C. elegans,2023-01-06-08,RIAL,0.3196409415072395,0.7758572177094138,0.0520465422460949,0.403587786332547,6.7552406736785295,0.034594914620988244,0.9832565777793689,neuron,w20_step8_highpass,,,,,
C. elegans,2023-01-06-08,AVAL,0.33694345687729893,0.46698077189239273,-0.03307724811103763,0.5166298360510023,6.2816602432383,0.033974644525744446,0.9617244263745529,neuron,w20_step8_highpass,,,,,
C. elegans,2023-01-06-08,IL1DR,0.363494440176899,0.394823851894198,0.04892152013270197,0.5558526146690347,4.820047057394288,0.03796135931270883,0.8673147487893681,neuron,w20_step8_highpass,,,,,
C. elegans,2023-01-06-08,RIML,0.33056642257796287,0.49554096613493437,-0.00047965987590852134,0.4671514464167189,6.016954145739944,0.030892678541113047,0.9232273304428011,neuron,w20_step8_highpass,,,,,
C. elegans,2023-01-06-08,AVAR,0.3117381907870821,0.495078593638797,-0.010561766536725626,0.40711985612819623,6.189047906706763,0.029650926923758685,0.9378882983262045,neuron,w20_step8_highpass,,,,,
C. elegans,2023-01-06-08,RMDL,0.3467981098908351,0.5697025947633365,0.033015076375853776,0.5923142827220884,6.029015957696207,0.037403505246596205,0.9452652922971844,neuron,w20_step8_highpass,,,,,
C. elegans,2023-01-06-08,SMDVL,0.3512552558009953,0.4258331268014555,0.05858902113716036,0.5183958639233526,4.376818512745958,0.043064427890236415,0.88111831955785,neuron,w20_step8_highpass,,,,,
C. elegans,2023-01-06-08,RMGL,0.30637485212790927,0.8055224427332759,0.019845435125320943,0.5374100301871129,4.979087809532052,0.029669646791265058,0.9825197457608792,neuron,w20_step8_highpass,,,,,
C. elegans,2023-01-06-08,URYVL,0.3364355721716062,0.3821104514563042,-0.0343472291097095,0.5332246791445522,4.556299134722142,0.037162019117059984,0.8995951137130012,neuron,w20_step8_highpass,,,,,
C. elegans,2023-01-06-08,OLQDR,0.3307684201839396,0.4162868677906254,0.07778522458737945,0.39335259245807563,3.425601694918076,0.03182146817804797,0.924291715561485,neuron,w20_step8_highpass,,,,,
C. elegans,2023-01-06-08,AIMR,0.33108224095893135,0.4317727040321709,0.05016332653424965,0.5428241837759888,4.825439486270314,0.03712458830466227,0.9233525958245649,neuron,w20_step8_highpass,,,,,
C. elegans,2023-01-06-08,OLQVL,0.3537438018578183,0.5385988251729663,0.07550300040666606,0.5724048006561843,5.901956181942941,0.02933958729759381,0.9302014152562627,neuron,w20_step8_highpass,,,,,
C. elegans,2023-01-06-08,ADAL,0.29611857247330686,0.6948315360013385,0.02447048383956697,0.5075128048030685,3.7838226886437174,0.03462922846923115,0.9741647120548914,neuron,w20_step8_highpass,,,,,
C. elegans,2023-01-06-08,ADLL,0.30551646259263854,0.7529693147504386,0.0065150681621350005,0.45190880648221154,3.732086428280841,0.028440972176905156,0.9815050634878008,neuron,w20_step8_highpass,,,,,
C. elegans,2023-01-06-08,AVJL,0.2980376892107453,0.607492436436185,0.03293948666491104,0.45450716982511835,5.267833581815106,0.03068375113136388,0.972891483000416,neuron,w20_step8_highpass,,,,,
C. elegans,2023-01-06-08,RMEV,0.3404401086267763,0.37469937190759245,0.05428232679362301,0.4956175588243713,3.433513071689461,0.03472413368123131,0.8572174083244519,neuron,w20_step8_highpass,,,,,
C. elegans,2023-01-06-08,AVL,0.28069891059646473,0.515477216121452,0.024535890865861245,0.5061034394287843,4.832351561057458,0.02951215915794493,0.9603336554632537,neuron,w20_step8_highpass,,,,,
C. elegans,2023-01-06-08,RIMR,0.3556346203198028,0.4372762143549056,-0.020523158927522576,0.36140047359902555,5.595611818854146,0.035912429132098474,0.9212743305684765,neuron,w20_step8_highpass,,,,,
C. elegans,2023-01-06-08,URXR,0.27675393120616265,0.40828846221801474,0.025512986989181228,0.5555931648228774,5.5679092324013055,0.024027463299799205,0.9179410330185951,neuron,w20_step8_highpass,,,,,
C. elegans,2023-01-06-08,URYVR,0.31951253474373176,0.5566395829218371,0.006561313856365415,0.30888953103714795,3.9152107321910883,0.0336557478344164,0.9495108822666342,neuron,w20_step8_highpass,,,,,
C. elegans,2023-01-06-08,RIAR,0.2677364444685817,0.7141024553523088,0.005454036825890459,0.47266142838362957,5.593387925085529,0.03162447658986031,0.9791255824392802,neuron,w20_step8_highpass,,,,,
C. elegans,2023-01-06-08,AWAR,0.26852029817156536,0.5568961606698409,0.01942389289792253,0.554702706565984,6.0031235046505556,0.02447135462279251,0.947183544052385,neuron,w20_step8_highpass,,,,,
C. elegans,2023-01-06-08,ASGL,0.3474802995817504,0.7461567365569958,0.00400840068685045,0.3591808689958447,5.2195283372104635,0.029703667804078304,0.9627446245561722,neuron,w20_step8_highpass,,,,,
C. elegans,2023-01-06-15,OLQVR,0.34830188310526417,0.41277029490386047,0.060806808028356134,0.7217367086769662,5.937295733146115,0.03522798447180441,0.9491898653419728,neuron,w20_step8_highpass,,,,,
C. elegans,2023-01-06-15,BAGL,0.3930955828477457,0.37045363280867155,0.07880266560623746,0.6800039714357592,6.335886272663562,0.03444240581890913,0.8543943072548685,neuron,w20_step8_highpass,,,,,
C. elegans,2023-01-06-15,RMER,0.36302182872369887,0.5180633913732087,0.020066354898996625,0.4701724310354775,4.615483110716716,0.04263596991295198,0.9508572139655681,neuron,w20_step8_highpass,,,,,
C. elegans,2023-01-06-15,CEPVL,0.3429708960555937,0.36403937240165224,0.07781259644338197,0.5822929977844052,7.152105408252315,0.03615666238983024,0.9029689726113258,neuron,w20_step8_highpass,,,,,
C. elegans,2023-01-06-15,CEPDR,0.32389730118648064,0.6027133481463791,0.027346834019838548,0.5829059428654688,6.151256200038425,0.033711656120079286,0.9662313725691171,neuron,w20_step8_highpass,,,,,
C. elegans,2023-01-06-15,IL1VR,0.38018277659021577,0.6314840600398234,0.04598931850410595,0.7010168970085766,7.613392284322227,0.03916865698850626,0.9663129450277422,neuron,w20_step8_highpass,,,,,
C. elegans,2023-01-06-15,RMDVL,0.3421920390323831,0.5154924424873509,-0.02369635761019204,0.7251643993224695,7.5236362434655,0.03657866050428727,0.9575384203525672,neuron,w20_step8_highpass,,,,,
C. elegans,2023-01-06-15,IL1VL,0.3597026976903782,0.6443216176903015,0.09554850462965667,0.524476145119293,5.999263317868382,0.035569473674397396,0.9508183245426793,neuron,w20_step8_highpass,,,,,
C. elegans,2023-01-06-15,AIBR,0.37640945837564305,0.3197972132115662,0.09914617096959327,0.6608517084250503,5.830116447809875,0.03313158945448778,0.8476176553070667,neuron,w20_step8_highpass,,,,,
C. elegans,2023-01-06-15,RMDVR,0.3725289410794593,0.6557927878574409,0.01332145120863468,0.6908687399242927,5.28583660639077,0.037384239446741976,0.9661725873676482,neuron,w20_step8_highpass,,,,,
C. elegans,2023-01-06-15,IL1L,0.4035928580069951,0.4637961356248734,0.046591378551538665,0.6939013752296228,6.179104425232956,0.029383822127154676,0.8879646311048321,neuron,w20_step8_highpass,,,,,
C. elegans,2023-01-06-15,RMDDL,0.32550147934002477,0.6901757944987462,0.07818870080018642,0.6461452957992713,6.452558143873228,0.033467113137825105,0.980026917444244,neuron,w20_step8_highpass,,,,,
C. elegans,2023-01-06-15,IL2L,0.391210635121334,0.4330848502468948,-0.0034092987166455826,0.671530090550027,6.626521527835614,0.034742001762124296,0.9232012394396076,neuron,w20_step8_highpass,,,,,
C. elegans,2023-01-06-15,RIBL,0.38532979569822284,0.3095467722368878,-0.09529151838446559,0.6221686467824067,5.053984609997576,0.03366273012980303,0.865584755540392,neuron,w20_step8_highpass,,,,,
C. elegans,2023-01-06-15,RIH,0.3964107928689812,0.6056293009727088,0.13088765289227497,0.5912033792706093,4.806075478596993,0.03391202551567511,0.9277024429922339,neuron,w20_step8_highpass,,,,,
C. elegans,2023-01-06-15,SAAVL,0.39229969010383514,0.6018412330233847,0.09513355060065869,0.5237914066351345,6.639496447257987,0.03570923236975478,0.9526499606152465,neuron,w20_step8_highpass,,,,,
C. elegans,2023-01-06-15,IL2DL,0.32769402333391845,0.6743718373218702,0.02041071087725467,0.6921818569617303,2.833553936107091,0.040523716836770717,0.9835702389676333,neuron,w20_step8_highpass,,,,,
C. elegans,2023-01-06-15,RIVL,0.3893554480739602,0.5950984506810996,0.04965263444556473,0.7173758443035977,5.389797931337959,0.03937892207756663,0.958127747454408,neuron,w20_step8_highpass,,,,,
C. elegans,2023-01-06-15,RIR,0.3491103192922587,0.5452877461433342,-0.02861594946522068,0.6207204742286533,4.44898365589761,0.03464086206313287,0.9633502787548354,neuron,w20_step8_highpass,,,,,
C. elegans,2023-01-06-15,ASGL,0.37874715210852933,0.42892966926845066,0.10687979964544728,0.6309381352667878,7.390531361430922,0.033853659721222326,0.910374230609208,neuron,w20_step8_highpass,,,,,
C. elegans,2023-01-06-15,URXR,0.3294701786138778,0.44376426702462735,-0.034926018120503104,0.718693272665846,5.034763249619975,0.036398683004292116,0.9480356235015304,neuron,w20_step8_highpass,,,,,
C. elegans,2023-01-06-15,URYDR,0.367722288721802,0.45779989588424375,0.13182422683445108,0.6631218220917817,7.543297708988095,0.02845363045218827,0.9362375103487007,neuron,w20_step8_highpass,,,,,
C. elegans,2023-01-06-15,AVAR,0.37038494028671376,0.32563670867064665,0.048471079878333496,0.6846079622203928,4.496324450972212,0.03288557363075992,0.8634353180028661,neuron,w20_step8_highpass,,,,,
C. elegans,2023-01-06-15,URYVL,0.3588594003195028,0.3930982852104594,0.05504673901774957,0.5243378658115421,7.053750543513516,0.03553616125242069,0.9221866186631174,neuron,w20_step8_highpass,,,,,
C. elegans,2023-01-06-15,URAVL,0.34514500597845127,0.8378803336762809,-0.015237031284106677,0.5891512685680617,6.123604524873522,0.033600113084789565,0.981983863719772,neuron,w20_step8_highpass,,,,,
C. elegans,2023-01-06-15,RID,0.4036256926903935,0.38888249552576465,-0.05066982973468704,0.7068671806635135,6.809942875812403,0.03834546144965577,0.8713070114532893,neuron,w20_step8_highpass,,,,,
C. elegans,2023-01-06-15,OLQVL,0.4182446038349334,0.5631375138086365,0.09134909565440018,0.6386420240066701,6.547721430764478,0.033635113692304534,0.9075677076512407,neuron,w20_step8_highpass,,,,,
C. elegans,2023-01-06-15,RIAL,0.36705758351127427,0.6283049372056155,0.09718368525520363,0.6454082491282291,5.860117493416139,0.03815227297570756,0.9680403711404237,neuron,w20_step8_highpass,,,,,
C. elegans,2023-01-06-15,AVDL,0.3017404209394779,0.5715367096303076,-0.0020696768446392066,0.505875855894372,4.4531262240620135,0.03571857832635476,0.9607410559320334,neuron,w20_step8_highpass,,,,,
C. elegans,2023-01-06-15,AWCR,0.4069056717831966,0.6678535766442852,0.10732711661646843,0.5000018375213873,3.9686928863151514,0.03769118422311129,0.9638475976573804,neuron,w20_step8_highpass,,,,,
C. elegans,2023-01-06-15,ASGR,0.3728529522073123,0.46591569003636857,0.10863586182175032,0.5772034170073688,6.549578285674178,0.03731409653248948,0.9223473768480732,neuron,w20_step8_highpass,,,,,
C. elegans,2023-01-06-15,ADLL,0.3452753932634583,0.7627975431432329,0.03140623277689253,0.4925387476884168,6.880620844106368,0.03414793717468674,0.9762520225617998,neuron,w20_step8_highpass,,,,,
C. elegans,2023-01-06-15,OLLL,0.3826320519075883,0.5059742166905031,0.13565773043304666,0.47458802212101886,7.11194117765446,0.036530691880558346,0.9097880293562444,neuron,w20_step8_highpass,,,,,
C. elegans,2023-01-06-15,RICL,0.353541091974872,0.590067106634956,-0.08597829098003369,0.6454809080912175,2.823208839382175,0.035868331103224814,0.961907793128997,neuron,w20_step8_highpass,,,,,
C. elegans,2023-01-06-15,AINR,0.36992113534563925,0.6094281738224242,0.05051612054929632,0.6176837048113397,6.6405191385335,0.03921976094468108,0.950306630532392,neuron,w20_step8_highpass,,,,,
C. elegans,2023-01-06-15,AWCL,0.37402138205511204,0.552010345082865,0.10419975022575004,0.5664565528488074,4.941861679153983,0.04131071582502958,0.954026332431062,neuron,w20_step8_highpass,,,,,
C. elegans,2023-01-06-15,AIZR,0.3279799034170941,0.7594760963713793,0.0313831034650633,0.5499530401637617,6.308652942802008,0.031832803141439645,0.9839606506841025,neuron,w20_step8_highpass,,,,,
C. elegans,2023-01-06-15,AVL,0.4033809856417891,0.5116359706009623,0.012023305559233534,0.708658837356167,5.9668912164699766,0.03318262577802301,0.9370755308092398,neuron,w20_step8_highpass,,,,,
C. elegans,2023-01-06-15,URYDL,0.3674990021708352,0.49680363473925426,0.15159934627227403,0.5434735658179093,5.494141459279171,0.03642511475888977,0.9333233155485418,neuron,w20_step8_highpass,,,,,
C. elegans,2023-01-06-15,RMEL,0.4219118786839628,0.6022410566508737,0.01770195633209305,0.6840626805904949,5.371775434188653,0.033677035335836235,0.939380522861956,neuron,w20_step8_highpass,,,,,
C. elegans,2023-01-06-15,AVER,0.37269351753181135,0.2814988193469146,0.06288707976232363,0.6961117441708652,3.821635791236433,0.029499232542757003,0.8229523230493676,neuron,w20_step8_highpass,,,,,
C. elegans,2023-01-06-15,IL2VL,0.33907698060908964,0.7183452735754913,0.02330717114240137,0.6525404937237352,4.236325615426743,0.039187847473859144,0.973738345531299,neuron,w20_step8_highpass,,,,,
C. elegans,2023-01-06-15,IL2VR,0.33429330908662325,0.7037511163173141,0.008161347555103662,0.587737272725083,5.926837144989353,0.034246314570826344,0.9778610393315554,neuron,w20_step8_highpass,,,,,
C. elegans,2023-01-06-15,AVAL,0.3791311965331813,0.3770467094309199,0.056596946794176144,0.6971321942132573,4.120484463787422,0.03729045087143321,0.8749146155285196,neuron,w20_step8_highpass,,,,,
C. elegans,2023-01-06-15,AWBL,0.3677751819855667,0.6264467779706501,0.07963284541363523,0.5489108823445967,5.245701308303311,0.03423891123861191,0.958288105626354,neuron,w20_step8_highpass,,,,,
C. elegans,2023-01-06-15,IL1DL,0.35458190622820107,0.35992956315621316,0.0744757507880643,0.550696613011775,5.853657573716114,0.03554581072621826,0.8885103249686168,neuron,w20_step8_highpass,,,,,
C. elegans,2023-01-06-15,ASHL,0.37171189044159414,0.6061553918576645,0.09635816415948609,0.5897453028955827,5.990593265241641,0.03802105975061865,0.9502117554743061,neuron,w20_step8_highpass,,,,,
C. elegans,2023-01-06-15,IL1DR,0.3755177733466977,0.467492136906144,0.07789531167903237,0.533964207846648,6.55927564279777,0.03381302808742239,0.9026045746296657,neuron,w20_step8_highpass,,,,,
C. elegans,2023-01-06-15,ADEL,0.3257975395127445,0.7977545547375072,0.01110670863441891,0.5675716448134859,6.52967394586917,0.035755106628415224,0.9814815097979109,neuron,w20_step8_highpass,,,,,
C. elegans,2023-01-06-15,AUAL,0.35543637967382063,0.446936822304406,-0.007442192741007665,0.6537670634405786,5.082967886733193,0.04412259410552202,0.9599621744806457,neuron,w20_step8_highpass,,,,,
C. elegans,2023-01-06-15,AVKL,0.38352176134902954,0.6309525641429637,-0.0501022565286625,0.5305633263571217,4.245816573401668,0.0343502557199924,0.9616553009022287,neuron,w20_step8_highpass,,,,,
C. elegans,2023-01-06-15,AIBL,0.38227566084634074,0.37499622738689925,0.1056031205149069,0.6251376305830912,6.513683183420326,0.036934492881863464,0.8583347446036645,neuron,w20_step8_highpass,,,,,
C. elegans,2023-01-06-15,OLQDL,0.3930352899995926,0.49441121960079293,0.10318104321154752,0.3738932068921594,4.531569673314097,0.0377835176467844,0.9106036494428686,neuron,w20_step8_highpass,,,,,
C. elegans,2023-01-06-15,OLQDR,0.3897349039728404,0.5793691418939305,0.14206419224347822,0.3847894024104656,6.104080026711797,0.03144814054405638,0.9051324710724993,neuron,w20_step8_highpass,,,,,
C. elegans,2023-01-06-15,CEPDL,0.36986579325180674,0.5759724484896156,0.05438407136029052,0.5836231056071962,4.867457115758425,0.03806201054575658,0.9645086970819111,neuron,w20_step8_highpass,,,,,
C. elegans,2023-01-06-15,RMDR,0.37324811830438387,0.3934039686617226,0.05179217939544429,0.6464553489787167,4.43111949733181,0.0334970575965973,0.9225442053970051,neuron,w20_step8_highpass,,,,,
C. elegans,2023-01-06-15,OLLR,0.3794639401007349,0.581014901277187,0.1326923617170615,0.38372616376886143,5.887359837901563,0.03265388329090849,0.9173443090591105,neuron,w20_step8_highpass,,,,,
C. elegans,2023-01-06-15,RMDL,0.3874666633780191,0.39508338590045344,0.09882371171663566,0.5888103520481036,3.915768608994034,0.03522801989942122,0.907330044275669,neuron,w20_step8_highpass,,,,,
C. elegans,2023-01-06-15,AVJL,0.328901685435348,0.7284496688880545,0.02251326372656659,0.4955639310071914,2.20318156949562,0.03314763405949604,0.9691281919853917,neuron,w20_step8_highpass,,,,,
C. elegans,2023-01-06-15,AVEL,0.37749759373068975,0.29177499442649474,0.05537425880777588,0.6604847003489778,3.8129059488202106,0.03133876211296937,0.8447860316802854,neuron,w20_step8_highpass,,,,,
C. elegans,2023-01-06-15,AWAL,0.3614648607385004,0.4296452946763694,0.08312149409364421,0.6908861997063669,7.028903173496877,0.041636068692899146,0.9366722072809516,neuron,w20_step8_highpass,,,,,
C. elegans,2023-01-06-15,URXL,0.3607259225834088,0.35090699609765225,-0.06231527098344867,0.7278937815995186,5.868941603205501,0.03619401322941567,0.9172489005184272,neuron,w20_step8_highpass,,,,,
C. elegans,2023-01-09-08,IL2DR,0.30963399106053846,0.6891381605912725,0.013669200551530267,0.40319299989220014,6.186012101708576,0.01904185806946214,0.9658709647942568,neuron,w20_step8_highpass,,,,,
C. elegans,2023-01-09-08,RMDVR,0.32829170592903867,0.5577501497783417,0.12270312723903042,0.34430320126287817,6.6137213248560025,0.01767672280600579,0.9350709197606262,neuron,w20_step8_highpass,,,,,
C. elegans,2023-01-09-08,IL1DL,0.33424739554326294,0.5640250700498792,0.11797580512075026,0.7070612419858121,6.3640603978851535,0.022626007433313756,0.9295883595512944,neuron,w20_step8_highpass,,,,,
C. elegans,2023-01-09-08,SMDVL,0.3919155385878862,0.4998807225864234,0.0728103763655838,0.49432982341860365,5.534452631040041,0.017176818448496268,0.8991212156703349,neuron,w20_step8_highpass,,,,,
C. elegans,2023-01-09-08,RIAL,0.3492898845193437,0.683073000827099,-0.021080937576778792,0.5226058457699734,5.407930123692726,0.01957930664046625,0.9681020115303526,neuron,w20_step8_highpass,,,,,
C. elegans,2023-01-09-08,OLLR,0.36560428897785535,0.4495887862815886,0.17801653027223172,0.38316466989422515,4.323918701517876,0.020119165624625644,0.8123754944202332,neuron,w20_step8_highpass,,,,,
C. elegans,2023-01-09-08,URYVL,0.3653811494477103,0.6122380747955509,-0.05687126993912223,0.605331279314837,6.377106841124032,0.01789991378788003,0.9547835308476423,neuron,w20_step8_highpass,,,,,
C. elegans,2023-01-09-08,RIVL,0.36971195158169806,0.47876425576664094,0.13996236763695485,0.2820586222543861,5.818015302854594,0.017305746657228945,0.8542564306369975,neuron,w20_step8_highpass,,,,,
C. elegans,2023-01-09-08,RIBR,0.3879005009953718,0.48234206231927845,0.02883858116257255,0.5506435493681349,5.333677328555046,0.01691334271826633,0.8894774130059774,neuron,w20_step8_highpass,,,,,
C. elegans,2023-01-09-08,OLQDL,0.36626476898035476,0.44813153050229815,0.19958514651867873,0.34926666750189617,5.496068577685409,0.0182480652866016,0.8309152119789152,neuron,w20_step8_highpass,,,,,
C. elegans,2023-01-09-08,IL2R,0.33213499956960596,0.6046455612661839,0.08217909312726177,0.568240174410341,4.283292048459064,0.018440456015380583,0.9580164400802238,neuron,w20_step8_highpass,,,,,
C. elegans,2023-01-09-08,OLQDR,0.31253189920810714,0.5928349515447353,0.10346905546294878,0.5546096438335085,6.748103377229022,0.018584356685256466,0.9514679939325585,neuron,w20_step8_highpass,,,,,
C. elegans,2023-01-09-08,AVDR,0.2915986976519871,0.65889454174211,-0.0156788033963448,0.4648061029407137,5.263229348410352,0.018361114417447862,0.9826684703879668,neuron,w20_step8_highpass,,,,,
C. elegans,2023-01-09-08,AVL,0.31700326051034106,0.6621668025555326,-0.0830068164934372,0.4982016821823144,5.402197292903394,0.014852348354356802,0.954124693029267,neuron,w20_step8_highpass,,,,,
C. elegans,2023-01-09-08,URYDR,0.33259601696446356,0.5210592126939743,0.14718217449788834,0.47752215724538044,4.148018752045771,0.021456542452396078,0.9381783091057175,neuron,w20_step8_highpass,,,,,
C. elegans,2023-01-09-08,AWBR,0.32900240105630146,0.6078472445151065,0.07877540250828433,0.45943627256979036,4.448220591619992,0.021799707337496005,0.9371009170336422,neuron,w20_step8_highpass,,,,,
C. elegans,2023-01-09-08,SAAVL,0.3676738324793713,0.6564921745021733,-0.05008508784658098,0.4305951261400193,4.029153970876139,0.019205468219587896,0.9489648148126629,neuron,w20_step8_highpass,,,,,
C. elegans,2023-01-09-08,RMER,0.35289217589678856,0.5375980414225827,0.12465831389022863,0.3813182614243965,5.888733378075108,0.017797394660890642,0.9419213535463231,neuron,w20_step8_highpass,,,,,
C. elegans,2023-01-09-08,AWCL,0.3614344577916411,0.7418194129255955,0.06478080138109825,0.5798335219398314,6.761899889851588,0.021649756358997557,0.9580267480958182,neuron,w20_step8_highpass,,,,,
C. elegans,2023-01-09-08,CEPVR,0.3476917896047291,0.5136024960461404,0.09252179742533861,0.44685904175348534,6.407383370983173,0.018971707458890104,0.9310220362216619,neuron,w20_step8_highpass,,,,,
C. elegans,2023-01-09-08,AVJR,0.2853497448964589,0.5763111960924969,0.0611995549738162,0.293192010055799,5.611189307376357,0.020928549148544175,0.966954042684003,neuron,w20_step8_highpass,,,,,
C. elegans,2023-01-09-08,RIMR,0.38009188535998806,0.5604520113589382,-0.11268300216527467,0.4260708743528029,4.132888627198261,0.016416308475094885,0.9154889673043117,neuron,w20_step8_highpass,,,,,
C. elegans,2023-01-09-08,CEPVL,0.3577039738299431,0.4544620467531864,0.16942688457433955,0.3820413750541108,3.3721882034418442,0.01832500483611359,0.874829578864403,neuron,w20_step8_highpass,,,,,
C. elegans,2023-01-09-08,RMEL,0.35358249685780196,0.5259862605466418,0.13004101720003064,0.4931527341131426,5.098935077635783,0.019816177908288667,0.8899742954353637,neuron,w20_step8_highpass,,,,,
C. elegans,2023-01-09-08,AVAL,0.38657464055058127,0.5212877598884836,-0.05430242710167441,0.4646465860391433,5.78978328992943,0.01648724535013776,0.8742560457024738,neuron,w20_step8_highpass,,,,,
C. elegans,2023-01-09-08,CEPDR,0.292931449772653,0.7240035975987816,0.054219111421946256,0.25198587725479976,6.0192625893365275,0.020012827985615024,0.9745855621305781,neuron,w20_step8_highpass,,,,,
C. elegans,2023-01-09-08,AVJL,0.2913277171631432,0.5684125887818032,0.025874157872997645,0.35964644687402403,5.174800308522956,0.018932183743804818,0.9661762023759292,neuron,w20_step8_highpass,,,,,
C. elegans,2023-01-09-08,IL2DL,0.3048660370103374,0.6918643751674329,0.016381560736647673,0.40121536327431184,5.348726285926457,0.022061005185611934,0.9727356299777445,neuron,w20_step8_highpass,,,,,
C. elegans,2023-01-09-08,URXL,0.33012531677147955,0.5752522711779424,0.03466062920336982,0.6035499415636977,2.9935744446093357,0.017658459720250888,0.9532575735876893,neuron,w20_step8_highpass,,,,,
C. elegans,2023-01-09-08,URBL,0.33507507664061525,0.6319421523473286,0.09313007565929007,0.4586970387126862,5.6908013599642535,0.021370724931493765,0.9656453035076402,neuron,w20_step8_highpass,,,,,
C. elegans,2023-01-09-08,AWBL,0.37824991724064944,0.6171223236179887,0.07244090590656331,0.36296741855350245,4.943009898059705,0.020289143795215465,0.9241282961673031,neuron,w20_step8_highpass,,,,,
C. elegans,2023-01-09-08,RIH,0.3692819355463108,0.5406627759194567,0.09077717227696731,0.35746060265987706,4.27764121789606,0.022143951712475216,0.9160117582305021,neuron,w20_step8_highpass,,,,,
C. elegans,2023-01-09-08,AVDL,0.2858226970895106,0.6623306052488453,0.06632797042549468,0.44951121043588316,5.895532449110226,0.022048505335313277,0.970386734552959,neuron,w20_step8_highpass,,,,,
C. elegans,2023-01-09-08,AWAR,0.297719987377361,0.6336394755843359,0.0381820400058313,0.41060201536056623,4.814246732785209,0.017833669130631093,0.9596447538444971,neuron,w20_step8_highpass,,,,,
C. elegans,2023-01-09-08,AVER,0.38982204899050754,0.5026494157987438,-0.009010445173614328,0.5442274424358886,5.5113456125425575,0.02034299791888644,0.845869140779719,neuron,w20_step8_highpass,,,,,
C. elegans,2023-01-09-08,CEPDL,0.31578818928850627,0.5505239352169652,0.12188871027854577,0.5341792594183445,4.4827559998670425,0.020050399791474,0.9505649633133155,neuron,w20_step8_highpass,,,,,
C. elegans,2023-01-09-08,RIVR,0.37329343231202083,0.5134210203743851,0.12743578617993223,0.3233204693981287,6.619196066535568,0.015916356602735278,0.8587645601847217,neuron,w20_step8_highpass,,,,,
C. elegans,2023-01-09-08,IL1DR,0.35694468422244496,0.494613776698816,0.16423565627771405,0.4487124350572669,6.029999980867659,0.018072525264977775,0.9011087630925303,neuron,w20_step8_highpass,,,,,
C. elegans,2023-01-09-08,AVBR,0.3400546610551182,0.5775736556390874,-0.003536031642084464,0.36602737030845944,5.655225053792185,0.01931119939218039,0.9199160261011423,neuron,w20_step8_highpass,,,,,
C. elegans,2023-01-09-08,IL2L,0.36059123163499535,0.7110767665195485,0.046573894919375705,0.40804269582067954,2.8492958927527483,0.021586182081254,0.9633811509299309,neuron,w20_step8_highpass,,,,,
C. elegans,2023-01-09-08,URXR,0.3164909253204372,0.541243134298885,0.08215144098372702,0.5159147863123402,5.839916500798092,0.015454207504621923,0.9497050668531218,neuron,w20_step8_highpass,,,,,
C. elegans,2023-01-09-08,OLLL,0.36154452145642035,0.4667661692627947,0.16435026534999442,0.3503854253267702,4.244199450718312,0.020664205341072467,0.8332162143428979,neuron,w20_step8_highpass,,,,,
C. elegans,2023-01-09-15,ASEL,0.38362904070464315,0.7390055027416222,0.025975640999657993,0.4896843159060063,3.951897008072378,0.042170940442419216,0.9412711228606673,neuron,w20_step8_highpass,,,,,
C. elegans,2023-01-09-15,AIBL,0.3590788400865958,0.3008887540751479,0.01024593140049721,0.41194091491022317,5.237481605257396,0.03341391368028255,0.8052725574868979,neuron,w20_step8_highpass,,,,,
C. elegans,2023-01-09-15,AINL,0.34280435706980755,0.6443997352563776,0.022159917723611085,0.5117729269105871,6.583555982587506,0.03558845213849991,0.9501546783674711,neuron,w20_step8_highpass,,,,,
C. elegans,2023-01-09-15,AIZR,0.3041864540185759,0.7746664066559821,0.030287401743536807,0.5615774290379614,5.755824621202399,0.030736004357073778,0.9854757961673678,neuron,w20_step8_highpass,,,,,
C. elegans,2023-01-09-15,AWBL,0.34050963543771834,0.5787253382509268,0.05918140897733977,0.5952075403833066,5.793719510310063,0.03864750182814734,0.9473995010353976,neuron,w20_step8_highpass,,,,,
C. elegans,2023-01-09-15,AVJR,0.26266289949231997,0.3554726391184286,0.07045156429326022,0.41299135156353184,5.327892904083377,0.025551953031960367,0.8335962750283081,neuron,w20_step8_highpass,,,,,
C. elegans,2023-01-09-15,RMDVL,0.32592111947034613,0.41687091689086486,0.09532904475311284,0.31180204376884607,5.29037589274826,0.03156681339656747,0.9143862339756791,neuron,w20_step8_highpass,,,,,
C. elegans,2023-01-09-15,URBR,0.3375289554764845,0.6646617568626351,0.04609909145506752,0.42407029065580637,2.888940426314255,0.035148934203969355,0.9733574145696212,neuron,w20_step8_highpass,,,,,
C. elegans,2023-01-09-15,CEPVR,0.30490137305508636,0.4773202361120451,0.02003894649972132,0.4869502741074018,5.033984395892473,0.03723736129029392,0.9614615130309052,neuron,w20_step8_highpass,,,,,
C. elegans,2023-01-09-15,RIBR,0.35298604823976043,0.31943049436687865,0.00439606370181943,0.33422078823077644,4.683677173871791,0.033832119059782936,0.8014612698422005,neuron,w20_step8_highpass,,,,,
C. elegans,2023-01-09-15,OLLR,0.3604462902819724,0.5273462750991652,0.08298892295989822,0.3726528955934454,5.2607225215118785,0.030718498388477903,0.8866837208307977,neuron,w20_step8_highpass,,,,,
C. elegans,2023-01-09-15,AWCL,0.3702116374120565,0.5734498589098251,-0.011191912347662994,0.44036970899915034,6.53583584272261,0.041465071948476775,0.9518158405882481,neuron,w20_step8_highpass,,,,,
C. elegans,2023-01-09-15,SAAVL,0.3624970559925452,0.3806194102532944,-0.006257656254242899,0.2202101613368744,5.377150374915459,0.0392373516344969,0.8642766848261789,neuron,w20_step8_highpass,,,,,
C. elegans,2023-01-09-15,ADEL,0.34890545939452183,0.7599697245687529,0.015375745049309485,0.5503866294415066,3.8232753433099673,0.039800902837388685,0.964710064192255,neuron,w20_step8_highpass,,,,,
C. elegans,2023-01-09-15,RMDVR,0.298842891868864,0.5821533539654046,0.04858056156562482,0.6023041927214692,7.562093263888214,0.03809767334209892,0.969704823498896,neuron,w20_step8_highpass,,,,,
C. elegans,2023-01-09-15,URYVR,0.33397943236078953,0.5870208002375356,0.0046248975159079156,0.29451364274919944,5.997875982778058,0.04015392227343094,0.9594437927865971,neuron,w20_step8_highpass,,,,,
C. elegans,2023-01-09-15,IL1L,0.3383535230025821,0.5507764461579525,0.06501263172417872,0.510137507488617,4.035977739526355,0.03996393090495074,0.9572629708368254,neuron,w20_step8_highpass,,,,,
C. elegans,2023-01-09-15,ADAL,0.3081073035359847,0.7244162586374955,0.01625117937210155,0.41568483745865376,5.826655728167542,0.033470671286348376,0.9790646295731679,neuron,w20_step8_highpass,,,,,
C. elegans,2023-01-09-15,AWAR,0.3323657824756356,0.8122460845819808,0.02580616164098561,0.3673290455148364,6.165892269460848,0.04374029130094108,0.9793113771950228,neuron,w20_step8_highpass,,,,,
C. elegans,2023-01-09-15,OLLL,0.374570922172292,0.5012109596684531,0.07427374195180496,0.37702036070173567,5.671388514506463,0.036538975964428524,0.8863051414264861,neuron,w20_step8_highpass,,,,,
C. elegans,2023-01-09-15,OLQVR,0.3596165780297624,0.5577932546956784,0.05575903314316155,0.5026835358157079,4.347811488789073,0.03801374835122013,0.9455057621934442,neuron,w20_step8_highpass,,,,,
C. elegans,2023-01-09-15,RIVR,0.34692923781066504,0.47362422073856836,0.1266109386950058,0.4015578733327226,5.376959840819377,0.026468017582751212,0.8949076805152417,neuron,w20_step8_highpass,,,,,
C. elegans,2023-01-09-15,URYVL,0.335913486508817,0.3667272853557899,0.015030250428489753,0.398562866489216,5.345458489031669,0.04189206014690298,0.8881462451773301,neuron,w20_step8_highpass,,,,,
C. elegans,2023-01-09-15,IL2DR,0.3084074920994988,0.7633562956106112,0.016181697533611084,0.5342769310449492,4.522323162342148,0.03369791535705359,0.9758612566276493,neuron,w20_step8_highpass,,,,,
C. elegans,2023-01-09-15,URYDR,0.30874103679704196,0.5497805334322206,0.0794443753168344,0.40915561451579746,6.251297467666006,0.0362462854325101,0.9535426281744491,neuron,w20_step8_highpass,,,,,
C. elegans,2023-01-09-15,ASGR,0.327785115285887,0.36289778268893447,0.047759191062558055,0.429813184715196,6.148501660361922,0.03550458185705893,0.8874028700269119,neuron,w20_step8_highpass,,,,,
C. elegans,2023-01-09-15,ASER,0.39272141401311494,0.6936299514943461,0.039223785481332964,0.5213480605263365,3.691704240490613,0.03395233858307283,0.9383566897112122,neuron,w20_step8_highpass,,,,,
C. elegans,2023-01-09-15,FLPR,0.28865714563667194,0.5090535541779341,-0.016493568145706662,0.6338495697358728,6.401095248977899,0.025025182437112502,0.9547776483059206,neuron,w20_step8_highpass,,,,,
C. elegans,2023-01-09-15,CEPDR,0.3229681964550717,0.3584743539926,0.04496529927548299,0.32076287200557385,4.773018945177867,0.03872115481634815,0.8748048501860515,neuron,w20_step8_highpass,,,,,
C. elegans,2023-01-09-15,AWBR,0.3230262731577123,0.47090062060059656,0.05843431840543124,0.4940090877513507,6.119155213255871,0.03608933862712377,0.9358051857415821,neuron,w20_step8_highpass,,,,,
C. elegans,2023-01-09-15,AQR,0.3121543277235087,0.6342520012266809,0.02467632829890343,0.4330857973288463,7.930911696666867,0.038923366166924066,0.9798007330927726,neuron,w20_step8_highpass,,,,,
C. elegans,2023-01-09-15,AVER,0.34529729396651465,0.4194800280823546,0.01823136260760322,0.3441599490490958,6.82793391455649,0.02877055244865052,0.8540250203795859,neuron,w20_step8_highpass,,,,,
C. elegans,2023-01-09-15,IL2VR,0.31818995705561337,0.6794352982875642,0.016171570943659206,0.5897358373232596,6.1890065159199885,0.03996219741927683,0.9777753326503567,neuron,w20_step8_highpass,,,,,
C. elegans,2023-01-09-15,RICL,0.3490245804195163,0.4356842547288747,-0.0030063587746569165,0.41338092418135247,6.408553994572186,0.03891706847674964,0.8613230165485498,neuron,w20_step8_highpass,,,,,
C. elegans,2023-01-09-15,CEPDL,0.32224770059977803,0.48446782229182483,0.08805076350654605,0.4318390536980983,7.39193799554482,0.022354575972225618,0.9240857205954182,neuron,w20_step8_highpass,,,,,
C. elegans,2023-01-09-15,RMDDL,0.3068449092612798,0.4054239309423503,-0.0345941080803654,0.40677513823304773,4.870494210328371,0.03744745844931089,0.9249465951220552,neuron,w20_step8_highpass,,,,,
C. elegans,2023-01-09-15,RMER,0.36321963424481746,0.3399217183313477,0.029130199839544953,0.4078468389872305,6.8924164992016035,0.03823181061252605,0.8309032021597873,neuron,w20_step8_highpass,,,,,
C. elegans,2023-01-09-15,AINR,0.2920408783153368,0.4201470371988205,0.07369889367649744,0.41573438822065245,5.799699445047692,0.03727238519442147,0.9270606565961557,neuron,w20_step8_highpass,,,,,
C. elegans,2023-01-09-15,AVAR,0.3598859662211182,0.2938955022958638,0.014860011217723009,0.3766841467119118,7.157535396495163,0.027937060827535453,0.7496299576842073,neuron,w20_step8_highpass,,,,,
C. elegans,2023-01-09-15,RIBL,0.352886205756677,0.2953317308258482,-0.008308594540313668,0.30277239026389974,4.737954836774423,0.03443168964559073,0.7794009668215068,neuron,w20_step8_highpass,,,,,
C. elegans,2023-01-09-15,OLQDR,0.31589240379486805,0.5675359394031869,0.08639022660901818,0.5670810822899395,5.686003373400128,0.03284323438644545,0.9456770695595225,neuron,w20_step8_highpass,,,,,
C. elegans,2023-01-09-15,AVDL,0.33895245830136195,0.4488349118233323,0.01791856482758409,0.4295037512889443,4.203023132049504,0.0395080836708295,0.9214680834049302,neuron,w20_step8_highpass,,,,,
C. elegans,2023-01-09-15,ASIL,0.3900646004352192,0.758235102739398,-0.014582172111518235,0.392328753755109,4.972379602634182,0.04197305338073806,0.9427842613264636,neuron,w20_step8_highpass,,,,,
C. elegans,2023-01-09-15,AWCR,0.3171713711187508,0.6123860888294329,-0.032860057757006504,0.5443030625395103,3.8177450904020356,0.03314095233166993,0.961142435486832,neuron,w20_step8_highpass,,,,,
C. elegans,2023-01-09-15,AUAR,0.315520218128152,0.42311767473553497,0.003844149468125731,0.29788498183221956,5.633045110551019,0.04287524814525413,0.9137644435380694,neuron,w20_step8_highpass,,,,,
C. elegans,2023-01-09-15,CEPVL,0.2972930955129892,0.4808373209012202,0.002934706437707332,0.3859737782924947,4.540364805852779,0.03837241936217223,0.9444215369769987,neuron,w20_step8_highpass,,,,,
C. elegans,2023-01-09-15,SMDVL,0.3567040180648252,0.4866130623273925,0.07284198403939049,0.2645773635517016,3.919009789017666,0.036344271975367305,0.9271283819459826,neuron,w20_step8_highpass,,,,,
C. elegans,2023-01-09-15,AUAL,0.3253792614162636,0.7093386880204788,0.0034016561305940944,0.4887821830365308,6.408799675860165,0.03767683208069522,0.9721873056047919,neuron,w20_step8_highpass,,,,,
C. elegans,2023-01-09-15,ASIR,0.3762770321498477,0.6780090352837748,0.005309275300030078,0.33827854530419915,5.0919552047357435,0.03745921447909859,0.9466258258448946,neuron,w20_step8_highpass,,,,,
C. elegans,2023-01-09-15,AIBR,0.359235854995127,0.3283443625242545,0.012786273442029386,0.4129307509320786,5.333802030341498,0.028370880137154875,0.8295862596165452,neuron,w20_step8_highpass,,,,,
C. elegans,2023-01-09-15,OLQVL,0.3450944128280482,0.5285323430101766,0.09383186884153095,0.39692285156730606,5.023907006368937,0.03331914512702428,0.9364180374149008,neuron,w20_step8_highpass,,,,,
C. elegans,2023-01-09-15,RIVL,0.38171216944131503,0.6246214047676806,0.11781073314391814,0.3516234414369011,7.136125434871488,0.03692299966811608,0.9192470739285459,neuron,w20_step8_highpass,,,,,
C. elegans,2023-01-09-15,IL2DL,0.3091710841487586,0.7031601755529369,0.037913936030814444,0.6013169352904593,5.56500849765081,0.032349169157784644,0.9741077906667612,neuron,w20_step8_highpass,,,,,
C. elegans,2023-01-09-15,OLQDL,0.37582329709786483,0.5698100458796416,0.08968231948639521,0.5001224605731759,3.8880387025196708,0.033147275398604105,0.9257504139933747,neuron,w20_step8_highpass,,,,,
C. elegans,2023-01-09-15,URBL,0.3087264344278775,0.6193471383295862,0.06104141788734001,0.513075394496049,6.010978427505551,0.033600874937314916,0.9549191383143207,neuron,w20_step8_highpass,,,,,
C. elegans,2023-01-09-15,SAAVR,0.3384384962319081,0.447528893359209,-0.008505479622486775,0.1745061402208326,6.288927742562032,0.03950899490654026,0.9135790537076957,neuron,w20_step8_highpass,,,,,
C. elegans,2023-01-09-15,AVAL,0.3666988870712692,0.31228731970194984,0.007500141254939873,0.3702090324270336,6.0562693880292375,0.02914711312175561,0.7534500538103462,neuron,w20_step8_highpass,,,,,
C. elegans,2023-01-09-15,IL1R,0.3648519964418542,0.3515468249708296,0.03212769537567364,0.44320385340896284,5.584727338915066,0.034200883394786497,0.8626853798540675,neuron,w20_step8_highpass,,,,,
C. elegans,2023-01-09-15,AVDR,0.2742978259881446,0.5039443439762505,-0.022013980571688678,0.45708234574034906,2.918074292474322,0.027371161567056438,0.9249631570746171,neuron,w20_step8_highpass,,,,,
C. elegans,2023-01-09-15,ASGL,0.3442167385455574,0.3690045030565815,0.023350095914407395,0.44285929956492975,6.279780537697222,0.034948992208675554,0.8788549610691105,neuron,w20_step8_highpass,,,,,
C. elegans,2023-01-09-15,SMDVR,0.3077907039724315,0.49981301102112924,0.030008947847945857,0.4301822374553538,6.250782921924318,0.03641481431625871,0.953409345462556,neuron,w20_step8_highpass,,,,,
C. elegans,2023-01-09-15,ADLL,0.3435674116212221,0.7518488796515499,0.02653033189602774,0.245052513367812,4.400849979761946,0.03768114300287323,0.9533451661451517,neuron,w20_step8_highpass,,,,,
C. elegans,2023-01-09-15,RMEL,0.3746766910518591,0.3482272797743032,-0.003935998559666857,0.39782841125935753,7.258594225919906,0.03455839690841573,0.794478959855185,neuron,w20_step8_highpass,,,,,
C. elegans,2023-01-09-15,AVHL,0.29507864944223106,0.4971075013522165,0.019517591182765092,0.42155922587771477,5.218748969227196,0.040508669568977126,0.9697796495235793,neuron,w20_step8_highpass,,,,,
C. elegans,2023-01-09-15,RID,0.3665962286252623,0.33949315540510716,0.004987948359975032,0.3042365032436171,5.727769496312528,0.03560858836108358,0.8057263807468288,neuron,w20_step8_highpass,,,,,
C. elegans,2023-01-09-15,RIH,0.32325791468961385,0.45607486333364355,-0.023307894886042197,0.39807281118467236,8.345241138093195,0.029810338457306292,0.946665549496876,neuron,w20_step8_highpass,,,,,
C. elegans,2023-01-09-15,RIML,0.36879038226441924,0.33173375028918084,-0.0007121531780908566,0.3152435576999092,4.537166996494952,0.031282153808286486,0.7918652583207842,neuron,w20_step8_highpass,,,,,
C. elegans,2023-01-09-15,RMDDR,0.32080005926627214,0.5445437799277293,0.06902068285605786,0.4350961161512985,2.430617191449238,0.03985726775644695,0.9590295938428226,neuron,w20_step8_highpass,,,,,
C. elegans,2023-01-09-15,URXL,0.2900224747734826,0.38988354947081677,0.09436833458611615,0.39369601607975474,4.230243558894903,0.0238115832329048,0.8428983912089527,neuron,w20_step8_highpass,,,,,
C. elegans,2023-01-09-15,ADER,0.2732910261290851,0.6988213349913748,0.013234713805722489,0.5274514116854049,5.063964091885515,0.032712689132474645,0.9771302716501086,neuron,w20_step8_highpass,,,,,
C. elegans,2023-01-09-15,URYDL,0.3465817134848327,0.4256453261409941,0.06126672317956041,0.24320096300532246,5.745201598808235,0.03738647962546867,0.9125603694364666,neuron,w20_step8_highpass,,,,,
C. elegans,2023-01-09-15,RIAL,0.3062632487130827,0.5387384100530254,0.06747691344982433,0.4549285946815543,4.649294616263988,0.032767050774879514,0.9469626862112359,neuron,w20_step8_highpass,,,,,
C. elegans,2023-01-09-15,RIMR,0.36441417907688844,0.3042303987146552,0.004177367882527665,0.34096943582274775,6.1787198024906775,0.030005946174002655,0.7523764756353125,neuron,w20_step8_highpass,,,,,
C. elegans,2023-01-09-15,URADR,0.27013228927027894,0.7592055863101546,0.03414629614283286,0.5054602713101626,6.431844831437461,0.038057790391275235,0.9838311531703214,neuron,w20_step8_highpass,,,,,
C. elegans,2023-01-09-15,AVL,0.3047415545987846,0.5790586424320806,-0.01406644523754217,0.44621192555799355,4.626370718646849,0.03767800080796241,0.9597123272149175,neuron,w20_step8_highpass,,,,,
C. elegans,2023-01-09-15,RICR,0.34678722674554835,0.4339976292945132,0.0012901840994480193,0.43739953101797735,7.066822987200849,0.037225543530416697,0.8921059934884554,neuron,w20_step8_highpass,,,,,
C. elegans,2023-01-09-15,ADLR,0.33607524247198667,0.7277765175728389,0.03203637436418681,0.2605393966893318,5.24741769418884,0.037294286974782966,0.9607804436169539,neuron,w20_step8_highpass,,,,,
C. elegans,2023-01-09-15,IL1DL,0.26227538794363325,0.6597097332968395,0.0008859830348798479,0.43218903959650923,7.357139478060442,0.03593464966690939,0.9784670600948059,neuron,w20_step8_highpass,,,,,
C. elegans,2023-01-09-15,URXR,0.2874708946442463,0.4844484211562394,0.04105140654845992,0.4491913644776411,5.534935989966967,0.028940086958453296,0.9175143233917185,neuron,w20_step8_highpass,,,,,
C. elegans,2023-01-09-15,RMEV,0.36058271127198327,0.570260534327971,0.05418403823133691,0.565095107412168,4.583092441385242,0.031745612363966565,0.9202525184077469,neuron,w20_step8_highpass,,,,,
C. elegans,2023-01-09-15,IL1DR,0.3347772588517419,0.538569736948278,0.087609665412158,0.45051205999793953,6.385950073765885,0.03530563284839311,0.936803419711475,neuron,w20_step8_highpass,,,,,
C. elegans,2023-01-09-15,FLPL,0.30994359124994536,0.7230280815455542,0.04128497544924218,0.5288480406839875,2.5712179191172106,0.03874401540760418,0.9693146161503717,neuron,w20_step8_highpass,,,,,
C. elegans,2023-01-09-15,SMBVR,0.368517973222783,0.5726883710060963,0.045877144766046,0.4074659853765993,4.65082544607662,0.033453571404104404,0.9309421012927991,neuron,w20_step8_highpass,,,,,
C. elegans,2023-01-09-22,AVDR,0.29367020134436794,0.6624691996537413,0.013049742924479633,0.477650221816084,3.6944736434972403,0.02067089655314607,0.9615581580075231,neuron,w20_step8_highpass,,,,,
C. elegans,2023-01-09-22,URYVL,0.3213108100707928,0.41008614376400043,0.01600404878892256,0.5378887496573012,8.637037802494703,0.021206593004733026,0.9182955805548619,neuron,w20_step8_highpass,,,,,
C. elegans,2023-01-09-22,AIYR,0.33198252898718084,0.42213580925404254,-0.046637495016197725,0.44094595487784527,5.149161879442405,0.017820235558963424,0.9087449728434825,neuron,w20_step8_highpass,,,,,
C. elegans,2023-01-09-22,OLQDL,0.3480867159448118,0.415128126176469,0.01950509797440025,0.43808199474333237,3.6799081831078655,0.021561628845499118,0.8794789635499032,neuron,w20_step8_highpass,,,,,
C. elegans,2023-01-09-22,AIZL,0.3076173824838129,0.6596331375356335,0.05263126629022981,0.5497615701884461,2.978256561681772,0.02084095371006132,0.982728653427243,neuron,w20_step8_highpass,,,,,
C. elegans,2023-01-09-22,RMDL,0.36182233857361,0.5192832359713484,0.036534482874652704,0.5956893244670616,4.336088749267962,0.018896579049044203,0.9104750344395451,neuron,w20_step8_highpass,,,,,
C. elegans,2023-01-09-22,URYDL,0.33498114858171374,0.3489757521729397,0.03271546754421329,0.5608495679892289,5.886604494974533,0.02174841393366927,0.8722503976850585,neuron,w20_step8_highpass,,,,,
C. elegans,2023-01-09-22,CEPVL,0.3090496989877548,0.5803350533991923,0.03187112334487522,0.43560587621278024,6.113466794272283,0.022674440768928477,0.9665795174729311,neuron,w20_step8_highpass,,,,,
C. elegans,2023-01-09-22,OLLR,0.34767909670207475,0.43982262185857934,0.07992865652471891,0.5182927701766659,4.834824398063182,0.01449888731700475,0.9016925468169423,neuron,w20_step8_highpass,,,,,
C. elegans,2023-01-09-22,IL2DR,0.29030458677343574,0.7567498324158455,0.01208303936393556,0.41478147750454547,5.382402732640549,0.02079052948250951,0.9766147755532567,neuron,w20_step8_highpass,,,,,
C. elegans,2023-01-09-22,BAGL,0.3620088284334427,0.3578087361652099,0.04176750771056334,0.5085028125688826,6.655358955887805,0.019141210995241645,0.8942997301283113,neuron,w20_step8_highpass,,,,,
C. elegans,2023-01-09-22,URBL,0.3135663973484767,0.5379894809450343,0.021258750887846956,0.5786319487055533,4.473237455299223,0.01912746391909085,0.9547400925572136,neuron,w20_step8_highpass,,,,,
C. elegans,2023-01-09-22,RMDVL,0.30752402523730515,0.5862459749647954,0.05118373717416894,0.3670305692923285,5.00592215790646,0.019224894311569797,0.9620051900061417,neuron,w20_step8_highpass,,,,,
C. elegans,2023-01-09-22,SMDVR,0.3495089886804982,0.40713128994521175,0.06999260236516036,0.5485506198227654,3.2509555661775256,0.01799782860235854,0.8575079777637061,neuron,w20_step8_highpass,,,,,
C. elegans,2023-01-09-22,AUAR,0.307748613589761,0.38114654956317845,-0.015931246588575282,0.4314189093743981,3.0131651281187755,0.017704645846045326,0.9003900780169639,neuron,w20_step8_highpass,,,,,
C. elegans,2023-01-09-22,AWCL,0.3477950272656472,0.6652329193114331,0.006039179287422265,0.4888686697301331,6.74135645946304,0.019912956052668424,0.966325774443119,neuron,w20_step8_highpass,,,,,
C. elegans,2023-01-09-22,CEPVR,0.30875936681954785,0.4537063948605682,0.07000328129560311,0.42265328526223805,4.738191767870743,0.01938202978005512,0.9183098948831059,neuron,w20_step8_highpass,,,,,
C. elegans,2023-01-09-22,AVAL,0.35295235857526447,0.3459737847861719,-0.0019143575073377918,0.46724351732907077,6.025295232131781,0.01968499224018098,0.8019460907437718,neuron,w20_step8_highpass,,,,,
C. elegans,2023-01-09-22,IL1DR,0.3371934450717582,0.4368930585930888,0.06462115094813074,0.48726739686464837,6.307541187965292,0.017280638736900576,0.9032093767845183,neuron,w20_step8_highpass,,,,,
C. elegans,2023-01-09-22,RIVL,0.3499620675535434,0.4595293405249325,0.06613667335848,0.5088579849180115,6.232443366789133,0.018653235569266912,0.9275764864120876,neuron,w20_step8_highpass,,,,,
C. elegans,2023-01-09-22,RIAR,0.30294922132110486,0.5209447051055959,0.06586092896976407,0.5518742725531908,5.315244821937695,0.018551248142220682,0.9522227363225878,neuron,w20_step8_highpass,,,,,
C. elegans,2023-01-09-22,RMDDR,0.29297394961450507,0.31457493883381255,-0.028661893291431536,0.40294585628146184,5.932991352928269,0.01567834715043534,0.871535411970723,neuron,w20_step8_highpass,,,,,
C. elegans,2023-01-09-22,RMER,0.35496932600348474,0.44004879209923736,0.05049823366719168,0.5046899618967343,5.321091019405802,0.019810090488563217,0.907428509033766,neuron,w20_step8_highpass,,,,,
C. elegans,2023-01-09-22,IL1VR,0.37026686109298335,0.5463711909417834,0.061341084560338884,0.42236407477258886,7.602137102497306,0.018235755838689967,0.908263279150917,neuron,w20_step8_highpass,,,,,
C. elegans,2023-01-09-22,ASEL,0.32828858799766997,0.7516638642401777,0.024308119350070014,0.4856298639384473,5.86110595620405,0.020431590165630217,0.9750259953012399,neuron,w20_step8_highpass,,,,,
C. elegans,2023-01-09-22,OLQVL,0.35913785053303854,0.5076634238417611,0.03548165760954859,0.6842073960993977,5.252357692077543,0.01566202752106191,0.9235351007716959,neuron,w20_step8_highpass,,,,,
C. elegans,2023-01-09-22,FLPL,0.3221916500103582,0.7234417682706248,0.0148508630948351,0.4133091901742232,5.126023270673686,0.020914460624091375,0.9775929602324083,neuron,w20_step8_highpass,,,,,
C. elegans,2023-01-09-22,IL1VL,0.3141876711603965,0.4633528258262987,0.0216397309035193,0.637396158888315,3.6055896154750045,0.017957579938476693,0.9504436373765154,neuron,w20_step8_highpass,,,,,
C. elegans,2023-01-09-22,ASGR,0.338790459846952,0.4924194096849153,0.019479540447770158,0.36116042760839145,6.078620379984785,0.02398153467136207,0.924924880537262,neuron,w20_step8_highpass,,,,,
C. elegans,2023-01-09-22,URYDR,0.32637476462061227,0.3996277654247325,0.07718284494805673,0.5157895891361428,4.945392792181623,0.020371476696286955,0.9217425034435094,neuron,w20_step8_highpass,,,,,
C. elegans,2023-01-09-22,AVDL,0.3007800587790336,0.44830770915042606,-0.02174351031943393,0.4724988385879055,5.770363482181145,0.01928797899907057,0.9448339195133473,neuron,w20_step8_highpass,,,,,
C. elegans,2023-01-09-22,SMDDL,0.34293941040572035,0.3654663557285031,-0.04533904435586422,0.4475790279669403,5.187007674900018,0.01851147421973063,0.8994346244279439,neuron,w20_step8_highpass,,,,,
C. elegans,2023-01-09-22,IL2DL,0.29704317954535947,0.7483013094843826,-0.0072986266070134585,0.5749694681525659,5.468520663635625,0.02167827582087976,0.9831141735775675,neuron,w20_step8_highpass,,,,,
C. elegans,2023-01-09-22,RIH,0.33449506612104163,0.4868176284992507,0.029093588258178614,0.47346459962670406,3.1503482405019065,0.01969382730296058,0.9356930909597969,neuron,w20_step8_highpass,,,,,
C. elegans,2023-01-09-22,RMEV,0.3542182672603841,0.4611149341521938,0.05440082000518537,0.44466664303159004,5.044980724050781,0.019271690306928334,0.919121469992451,neuron,w20_step8_highpass,,,,,
C. elegans,2023-01-09-22,AVER,0.353326013181745,0.32227219771643767,0.010992452537352388,0.49613413074063484,5.175441441017808,0.022781790935235045,0.7750258011787535,neuron,w20_step8_highpass,,,,,
C. elegans,2023-01-09-22,CEPDR,0.29092880099269747,0.7584103174093694,0.05064353063045243,0.411273828638714,3.490154432543415,0.018401413682166863,0.974831311626323,neuron,w20_step8_highpass,,,,,
C. elegans,2023-01-09-22,ADLL,0.3370756862067338,0.7899589161280701,-0.0034568691407069183,0.5155686662845278,6.227514251579261,0.020984395768659334,0.9686585843155555,neuron,w20_step8_highpass,,,,,
C. elegans,2023-01-09-22,RIBL,0.3567825045647043,0.33505077277254225,-0.024920372070138825,0.35048011611483876,5.244467553917157,0.017766291176454643,0.8647570537423707,neuron,w20_step8_highpass,,,,,
C. elegans,2023-01-09-22,CEPDL,0.3222413166957304,0.4508983561473179,0.056880106878970126,0.4073590527039981,6.272417490728133,0.018866910841077823,0.9142003740416917,neuron,w20_step8_highpass,,,,,
C. elegans,2023-01-09-22,ADEL,0.294929743087713,0.7398065128623877,0.014278391097208808,0.43589142380768686,4.378793222619145,0.020265229494406067,0.9770261426728944,neuron,w20_step8_highpass,,,,,
C. elegans,2023-01-09-22,SMDVL,0.36567090756551546,0.47885019194736617,0.06564135665702088,0.4477559441252486,4.3616871888951385,0.01770166652942193,0.8723725792709777,neuron,w20_step8_highpass,,,,,
C. elegans,2023-01-09-22,AVJL,0.31026707594348657,0.4307281601157253,-0.011924125699584412,0.344232018539297,4.752372715074137,0.02024610886735955,0.9390851146996737,neuron,w20_step8_highpass,,,,,
C. elegans,2023-01-09-22,IL2VL,0.28393469708492775,0.6654111825892394,0.027908707668380852,0.39351313000681004,4.061599407994776,0.02072245857561371,0.9787290144802028,neuron,w20_step8_highpass,,,,,
C. elegans,2023-01-09-22,AVJR,0.29753125847863526,0.5703562399305194,0.029546300077645388,0.5329233021070948,4.770535292869205,0.01943361109974051,0.9575765416101912,neuron,w20_step8_highpass,,,,,
C. elegans,2023-01-09-22,RID,0.34353736598070683,0.5975807872430631,0.04492881610796247,0.5139605071012601,6.723148512637392,0.01801131103648764,0.9421064493075076,neuron,w20_step8_highpass,,,,,
C. elegans,2023-01-09-22,AVKR,0.32865030529038297,0.5519741670811302,-0.036279995767115554,0.5612321605720152,5.655191920662287,0.01835744857016185,0.9585912471628443,neuron,w20_step8_highpass,,,,,
C. elegans,2023-01-09-22,RMDR,0.31228808584916623,0.4107375796728278,0.05825922425496203,0.4557389213808845,4.212082302147656,0.01734411980552304,0.9132498880750453,neuron,w20_step8_highpass,,,,,
C. elegans,2023-01-09-22,IL2R,0.2919311379471147,0.7307339810329887,0.04960640136239525,0.4360056820627219,4.528974776288179,0.02147173853540384,0.9814238148688172,neuron,w20_step8_highpass,,,,,
C. elegans,2023-01-09-22,URXL,0.31640733816679084,0.4444294360182646,0.049772394691581505,0.42107503667402973,7.371438040358485,0.021115379179119816,0.9131792763928431,neuron,w20_step8_highpass,,,,,
C. elegans,2023-01-09-22,AINR,0.3384355140663744,0.5301739053894925,-0.00628286747837351,0.46685394451430934,5.475917964193808,0.01773334899928262,0.9288772316425535,neuron,w20_step8_highpass,,,,,
C. elegans,2023-01-09-22,ASHL,0.3605776149650402,0.5766397077424604,0.02493903886190991,0.4457662338809809,4.444094101654709,0.02101248540914826,0.9585193294579455,neuron,w20_step8_highpass,,,,,
C. elegans,2023-01-09-22,AIZR,0.29976896438029865,0.659807456563616,0.0546916325344072,0.4973848347857889,3.0458684136213385,0.019594611149093076,0.9801845966856935,neuron,w20_step8_highpass,,,,,
C. elegans,2023-01-09-22,ADLR,0.3345967000813818,0.703031609898812,0.006650351966245315,0.5073363738262169,3.151367684911331,0.023750127483079312,0.9643796656343128,neuron,w20_step8_highpass,,,,,
C. elegans,2023-01-09-22,OLQVR,0.3516750112348917,0.47322633274606074,0.06577429379178042,0.46696969318687204,6.3699323785449815,0.01583511017530227,0.8956875707542947,neuron,w20_step8_highpass,,,,,
C. elegans,2023-01-09-22,OLLL,0.3396752686966303,0.4600877996527925,0.04613258728920672,0.6205009403452134,4.419830627970345,0.018784368042377368,0.9259006134365615,neuron,w20_step8_highpass,,,,,
C. elegans,2023-01-09-22,AINL,0.34660343254952025,0.5268074177334563,-0.017058686002158735,0.3154503692899899,3.9565805278877204,0.01591543884909655,0.9289214798129927,neuron,w20_step8_highpass,,,,,
C. elegans,2023-01-09-22,RMEL,0.36476609617881023,0.3860432390257894,0.0012201194466388626,0.4292447061886497,5.876140311185055,0.019326505588910334,0.8620936334037389,neuron,w20_step8_highpass,,,,,
C. elegans,2023-01-09-22,RMDVR,0.31761724395983293,0.586870906887837,0.06280807975685128,0.4443612076532919,5.62601589192,0.019443613123498744,0.9750240782470401,neuron,w20_step8_highpass,,,,,
C. elegans,2023-01-09-22,URXR,0.29616028561905716,0.4006928703504371,0.058000169145903016,0.24618921683405856,5.58264151138479,0.019208252738770984,0.8901174724097446,neuron,w20_step8_highpass,,,,,
C. elegans,2023-01-09-22,RIVR,0.35606157942898264,0.6301882781214485,0.04924800902057774,0.6037142508869233,6.687424791846571,0.016597799620113603,0.9517110985252272,neuron,w20_step8_highpass,,,,,
C. elegans,2023-01-09-22,FLPR,0.2863234761166214,0.8169392691905866,0.02558636088479006,0.4457619031815769,5.776410180204466,0.01988057994402969,0.9818474325171718,neuron,w20_step8_highpass,,,,,
C. elegans,2023-01-09-22,URYVR,0.3108522320850994,0.3666794392240912,0.048650163347994484,0.3146103986973963,4.954721287400647,0.01857259186281745,0.9199606531579422,neuron,w20_step8_highpass,,,,,
C. elegans,2023-01-09-22,ADAL,0.3035750235149996,0.667755457281003,-0.005682813742431688,0.5714936453550201,5.258949561304902,0.018691073256091418,0.9715435876017944,neuron,w20_step8_highpass,,,,,
C. elegans,2023-01-09-22,ASGL,0.3281479452216266,0.4708355433495023,0.024630112029858806,0.4497598184438557,5.068100670970614,0.02005579308052848,0.926778614514032,neuron,w20_step8_highpass,,,,,
C. elegans,2023-01-09-22,RIMR,0.34988900814838575,0.3905220885600634,0.0024316389320999327,0.4519021509115687,1.548639878635366,0.021301164773288236,0.8287299637778291,neuron,w20_step8_highpass,,,,,
C. elegans,2023-01-09-22,AIBR,0.3606332284185711,0.3281767942779259,0.03926325209757045,0.5601267108419699,6.685769199291289,0.0173915850525948,0.834027885589366,neuron,w20_step8_highpass,,,,,
C. elegans,2023-01-09-22,IL1R,0.35124082272153256,0.4718505345788675,0.0550282965716792,0.3922751450845138,7.618669502104615,0.015646613160597816,0.884737311275398,neuron,w20_step8_highpass,,,,,
C. elegans,2023-01-09-22,RIAL,0.31801710575692976,0.45815753000430115,0.04814904214157878,0.5235325478543034,6.1212898259820205,0.019205154773567924,0.9350166931107642,neuron,w20_step8_highpass,,,,,
C. elegans,2023-01-09-22,IL1L,0.3470868505597849,0.5258772294670738,0.03900077806079911,0.5765082476703439,2.465592733465337,0.0166312814524296,0.9147720930564993,neuron,w20_step8_highpass,,,,,
C. elegans,2023-01-09-22,AVEL,0.3576171964274183,0.33017767017693933,0.00986311602635205,0.47685814191361436,5.142034762458648,0.020456767281891584,0.7937161655717906,neuron,w20_step8_highpass,,,,,
C. elegans,2023-01-09-22,AVAR,0.35884167815090084,0.3475955618557199,0.01613342542267123,0.5021079387871132,4.429448781647886,0.020512615542482706,0.8089132395238586,neuron,w20_step8_highpass,,,,,
C. elegans,2023-01-09-22,AIBL,0.34919115765954095,0.3148740521989303,0.04038647375320093,0.5073738764941988,6.041206457129689,0.01739304243048472,0.834959527646165,neuron,w20_step8_highpass,,,,,
C. elegans,2023-01-09-22,RMDDL,0.30150219949480483,0.3249902867308052,-0.039364265550037705,0.3356529458691187,5.168366616874825,0.018608065299306316,0.8710530866437874,neuron,w20_step8_highpass,,,,,
C. elegans,2023-01-09-22,AIMR,0.3641544884318744,0.5177022211271978,-0.0429798849609207,0.4874430817694111,6.974570647760178,0.02040422662127963,0.9438016499534512,neuron,w20_step8_highpass,,,,,
C. elegans,2023-01-09-22,ADER,0.2760837202926535,0.6236490023076192,0.004529530964380665,0.5421027908873358,4.94002768329329,0.019784107401435012,0.9761182356145818,neuron,w20_step8_highpass,,,,,
C. elegans,2023-01-09-22,AWBL,0.31763667765051307,0.6312670760859144,0.009592748577102083,0.49669265202381174,5.407716370349407,0.01942644982094839,0.9758080883259739,neuron,w20_step8_highpass,,,,,
C. elegans,2023-01-09-22,AUAL,0.319105182794935,0.33279049043788683,-0.027239264127789372,0.47529532062909824,5.795070980224228,0.01541542287529863,0.9024609129484559,neuron,w20_step8_highpass,,,,,
C. elegans,2023-01-09-22,AIYL,0.30621979649320513,0.6181779360533891,0.011958952980146358,0.5306261627880373,4.965633414049079,0.023973393189890654,0.9647957872139978,neuron,w20_step8_highpass,,,,,
C. elegans,2023-01-09-22,AWCR,0.33780827692365667,0.4412105238575898,0.037881024862147825,0.4319541844612237,4.156621387584525,0.019887952851673368,0.9272813340141081,neuron,w20_step8_highpass,,,,,
C. elegans,2023-01-09-22,IL2L,0.31451784740322825,0.5653511842023786,-0.010623673026728665,0.3880920929877624,4.780828621878579,0.018348438003487656,0.95022312676765,neuron,w20_step8_highpass,,,,,
C. elegans,2023-01-10-07,ASGR,0.3292586163513227,0.4064278803050333,0.0009073344484982476,0.5043890215086031,7.987655183807078,0.032520766722138134,0.8826496882695133,neuron,w20_step8_highpass,,,,,
C. elegans,2023-01-10-07,IL2L,0.25588495089377866,0.7252015579198412,0.01086959340997906,0.540145036734583,5.281132309341424,0.023544723760240735,0.9825863737215107,neuron,w20_step8_highpass,,,,,
C. elegans,2023-01-10-07,RID,0.3396595212125662,0.338678185012914,0.0030874748114815996,0.3675621069809456,4.102606025216431,0.02442721935819831,0.8510237314284821,neuron,w20_step8_highpass,,,,,
C. elegans,2023-01-10-07,FLPL,0.2753425071573043,0.7153352697132869,0.03981910204406183,0.6058380610749157,2.9767092910898447,0.02488731290281038,0.9672620198039037,neuron,w20_step8_highpass,,,,,
C. elegans,2023-01-10-07,AVER,0.31147244713666294,0.25329583428435365,0.003636881730453269,0.3985679608199736,5.646203915239019,0.024412614001251796,0.7723457673635974,neuron,w20_step8_highpass,,,,,
C. elegans,2023-01-10-07,OLQDR,0.3588089067977592,0.6227345459699326,0.03417227529385824,0.49367419811749963,6.368493193924488,0.02364833419153142,0.9400767297063224,neuron,w20_step8_highpass,,,,,
C. elegans,2023-01-10-07,AIBL,0.32783505621841574,0.2875219551530738,0.027856936896214282,0.35784599398326306,4.378997108095908,0.027157294779358406,0.7717317017000859,neuron,w20_step8_highpass,,,,,
C. elegans,2023-01-10-07,AUAR,0.3162892739718031,0.3521193626263904,0.002994900532749415,0.47105995794324557,4.5777799076118635,0.027980958491727888,0.8651868454137212,neuron,w20_step8_highpass,,,,,
C. elegans,2023-01-10-07,OLQVR,0.31110583712364237,0.45187539082216777,0.031188055985820615,0.5010100470448425,5.431956986802725,0.029165314956925426,0.9379294003399027,neuron,w20_step8_highpass,,,,,
C. elegans,2023-01-10-07,IL2VL,0.28449623534311985,0.7660011160923682,0.03220472842889691,0.4677988491635133,5.031175497010021,0.024154859877890695,0.9849990005509935,neuron,w20_step8_highpass,,,,,
C. elegans,2023-01-10-07,ASEL,0.3219646827172955,0.4774118080153158,-0.005561845547123019,0.4499590510907331,4.342269628569777,0.02866285356458089,0.948332835651905,neuron,w20_step8_highpass,,,,,
C. elegans,2023-01-10-07,OLQDL,0.3408678766123948,0.5637231869302229,0.038392510204386346,0.44550735709151024,5.143327462363231,0.028114530154959544,0.9351951497105471,neuron,w20_step8_highpass,,,,,
C. elegans,2023-01-10-07,AIBR,0.3323121687018152,0.3126820103641781,0.01979320176798985,0.4300798439063201,2.8034848828614094,0.02718006377098028,0.805942648042447,neuron,w20_step8_highpass,,,,,
C. elegans,2023-01-10-07,RIVL,0.34809831965025967,0.4593886513327627,0.028542826547874874,0.4390886504343449,2.7255964939444284,0.024066253588158688,0.8873666901424887,neuron,w20_step8_highpass,,,,,
C. elegans,2023-01-10-07,RIVR,0.34257504449959997,0.5214640055726096,0.01810904476005591,0.3830161533991745,4.389703239831797,0.025279151597113223,0.9086888854300658,neuron,w20_step8_highpass,,,,,
C. elegans,2023-01-10-07,AVDR,0.2848815927696948,0.4884262542283188,0.009399961795891474,0.4883735349304407,5.632679621603728,0.02847601405714255,0.9509493170293554,neuron,w20_step8_highpass,,,,,
C. elegans,2023-01-10-07,CEPDL,0.2959917888253533,0.4064222608789201,0.02190586936943476,0.5092167762147409,5.997027921053331,0.027911068832928414,0.9308060942015758,neuron,w20_step8_highpass,,,,,
C. elegans,2023-01-10-07,RIML,0.33602490686083425,0.3124713489697062,-0.0026163361664130825,0.31983072090343057,5.187355160520237,0.02302349427864518,0.7831596591702028,neuron,w20_step8_highpass,,,,,
C. elegans,2023-01-10-07,RMDVL,0.30131952828554825,0.5163163469546989,0.02420459726415043,0.521509764806967,5.094236912473383,0.025082730181606866,0.9486173061405696,neuron,w20_step8_highpass,,,,,
C. elegans,2023-01-10-07,URXL,0.32275446239985883,0.37411863706354725,0.020420015661645335,0.4155406619486978,4.841917860977716,0.02723975678205953,0.9243322381082631,neuron,w20_step8_highpass,,,,,
C. elegans,2023-01-10-07,AWAR,0.3276154789351854,0.7637206109005624,0.015016437099617776,0.5000638016764448,4.695094172246901,0.03130354009838516,0.9630468817992731,neuron,w20_step8_highpass,,,,,
C. elegans,2023-01-10-07,ADLR,0.3371774539327643,0.6025790650909837,0.02249962431292065,0.521047946280864,5.08143810262646,0.025854360237626998,0.9529097540884526,neuron,w20_step8_highpass,,,,,
C. elegans,2023-01-10-07,URYVL,0.31415622505376833,0.309130799210243,0.01776161686359287,0.3302401205516862,4.117012520944877,0.02391121090251753,0.8695418699514734,neuron,w20_step8_highpass,,,,,
C. elegans,2023-01-10-07,ADAL,0.28777712782826725,0.6781715629643198,0.053350042720107495,0.42064412902907367,8.570070276256356,0.031348280824053346,0.967465087113314,neuron,w20_step8_highpass,,,,,
C. elegans,2023-01-10-07,CEPDR,0.28481131110492963,0.30861954688210713,0.006733634241472034,0.5304362093006025,4.306391221014408,0.024299145677439418,0.9174775099512008,neuron,w20_step8_highpass,,,,,
C. elegans,2023-01-10-07,IL2DR,0.2899169799705796,0.7216889817393394,0.012312113157333538,0.5435834788629988,4.6627222877250905,0.02805518868217321,0.9731172162619235,neuron,w20_step8_highpass,,,,,
C. elegans,2023-01-10-07,AVAL,0.32468577021570016,0.24696242080691252,-0.012813037298566428,0.3423744522021588,6.024145316186727,0.021813311255710992,0.7315436237914953,neuron,w20_step8_highpass,,,,,
C. elegans,2023-01-10-07,AWAL,0.34574233381697006,0.7612212787511666,0.022258358953552403,0.5134340091698917,5.111607285835129,0.03160317544270999,0.956194620285119,neuron,w20_step8_highpass,,,,,
C. elegans,2023-01-10-07,IL1R,0.33811488978812526,0.34097027251140066,0.015548201567693504,0.3632675795054586,6.664541111010344,0.028416640644637073,0.8541137487702537,neuron,w20_step8_highpass,,,,,
C. elegans,2023-01-10-07,AVDL,0.2698846493626483,0.4582361482607714,0.0026233567516590972,0.5801952066757039,6.930355207683069,0.02561384869698173,0.9390680649543467,neuron,w20_step8_highpass,,,,,
C. elegans,2023-01-10-07,IL1L,0.29538051830756534,0.5784063234631692,0.03715677874842798,0.5869272358678148,5.21888281545575,0.024798504920749247,0.9555291487426634,neuron,w20_step8_highpass,,,,,
C. elegans,2023-01-10-07,ASGL,0.3335278281902419,0.3618246816660147,0.0035794606451854745,0.3822665222107724,6.310270277221136,0.030546700869037997,0.8499465735836735,neuron,w20_step8_highpass,,,,,
C. elegans,2023-01-10-07,IL2R,0.32027052025170644,0.5151956839196419,0.02000866744939018,0.4590239077105652,5.20655407718646,0.02643795316804108,0.9570680863973516,neuron,w20_step8_highpass,,,,,
C. elegans,2023-01-10-07,AVEL,0.32579960873431757,0.2643280557141487,0.003214676302735423,0.33183628824332473,5.711804835978504,0.024644358352212885,0.7374451513574585,neuron,w20_step8_highpass,,,,,
C. elegans,2023-01-10-07,SAADR,0.29969893408923387,0.5382913780401904,0.021216170805075825,0.45170891390519735,6.300834427496851,0.026605735037173582,0.9585173503072209,neuron,w20_step8_highpass,,,,,
C. elegans,2023-01-10-07,AINL,0.3050281877236781,0.6546074488691143,0.01365738133185194,0.6679423103456147,4.894787144815051,0.024469831196246915,0.9758604367659148,neuron,w20_step8_highpass,,,,,
C. elegans,2023-01-10-07,CEPVL,0.2696501209449984,0.4757676838159352,0.013579224726400378,0.570731668056642,7.381046496232957,0.028928665748944864,0.9298575954185936,neuron,w20_step8_highpass,,,,,
C. elegans,2023-01-10-07,RMDL,0.339239720817357,0.6223288387280522,0.014724074732415672,0.3920058937713307,6.310092070214911,0.02924044074242047,0.9454981330362846,neuron,w20_step8_highpass,,,,,
C. elegans,2023-01-10-07,RICL,0.3117826444708994,0.42235547401606044,0.005370589856951684,0.4316189896019725,6.120413869608793,0.026157855630946057,0.933142301530379,neuron,w20_step8_highpass,,,,,
C. elegans,2023-01-10-07,AVL,0.33865712441943535,0.5545592950918594,0.00999374088460227,0.43882716988401416,5.339494845519658,0.024690318474201094,0.9474861370389879,neuron,w20_step8_highpass,,,,,
C. elegans,2023-01-10-07,AVJL,0.28099631017372856,0.6674650603404222,0.02147765592660757,0.5845603030591568,4.703595344321616,0.02583951172759915,0.9762762936800387,neuron,w20_step8_highpass,,,,,
C. elegans,2023-01-10-07,RMEL,0.3484093653813967,0.5743363077323425,0.0245432715126633,0.3866488641427955,5.156872174139783,0.02996003478769842,0.9446539725008573,neuron,w20_step8_highpass,,,,,
C. elegans,2023-01-10-07,CEPVR,0.29106841617240836,0.5836961194891532,0.0313493417416418,0.6275119477188096,7.049973530120803,0.025320976144998147,0.9715604563927328,neuron,w20_step8_highpass,,,,,
C. elegans,2023-01-10-07,SMDVL,0.3350889558708837,0.4871337471936705,0.016298483544688696,0.45953457524585856,4.831755013091347,0.02667052796615822,0.9013687861530985,neuron,w20_step8_highpass,,,,,
C. elegans,2023-01-10-07,ADER,0.27117107377082506,0.7173103482638447,0.0010582526030261117,0.6330095559008092,5.171605607553773,0.02784611568317062,0.9760355780705324,neuron,w20_step8_highpass,,,,,
C. elegans,2023-01-10-07,ASER,0.36977469786276035,0.7942038960285902,0.01321704923983805,0.3220826166201151,4.255956149603904,0.03031411742853793,0.9454454522964668,neuron,w20_step8_highpass,,,,,
C. elegans,2023-01-10-07,AUAL,0.30981379611418486,0.39082978351140346,0.0257051989333655,0.5781900898725284,4.068379462881808,0.029561285490846145,0.9185111097133088,neuron,w20_step8_highpass,,,,,
C. elegans,2023-01-10-07,IL1DR,0.32762432993038504,0.4008644273626378,0.026971593188902465,0.47560464768730265,6.049099763795714,0.02575733515117256,0.8767524621385853,neuron,w20_step8_highpass,,,,,
C. elegans,2023-01-10-07,RMDDL,0.28941088429338585,0.6120067558821652,0.027286469602050757,0.45746371947754355,6.812622230948861,0.027294495519750314,0.9686991416050603,neuron,w20_step8_highpass,,,,,
C. elegans,2023-01-10-07,RICR,0.285458619957342,0.6188676873042507,0.007376886972218366,0.5144460633742989,5.1917453818727,0.027293876602639162,0.9782016274954402,neuron,w20_step8_highpass,,,,,
C. elegans,2023-01-10-07,RMER,0.3255247524377514,0.27440860925268656,0.009525693402281418,0.43650797401998753,4.974763540189871,0.029679720986247757,0.8227293192263087,neuron,w20_step8_highpass,,,,,
C. elegans,2023-01-10-07,RMDDR,0.2805827881465101,0.494130883241228,0.013218784973410775,0.5282895017199711,5.712320101254212,0.030537764818302584,0.9636284906163046,neuron,w20_step8_highpass,,,,,
C. elegans,2023-01-10-07,RMDVR,0.28667861625610674,0.45207164100097047,0.0009781539420841477,0.5315845487880928,7.722971043770383,0.03140036709106929,0.9541594093928939,neuron,w20_step8_highpass,,,,,
C. elegans,2023-01-10-07,AQR,0.2808182483863003,0.6152683978193517,0.021580854714006205,0.5124513518487065,5.699595977924758,0.0269301881361137,0.9687782697142685,neuron,w20_step8_highpass,,,,,
C. elegans,2023-01-10-07,OLQVL,0.3138551347695876,0.48014430936118824,0.0203486259431373,0.5817984237434927,4.866703638124696,0.02966603860734598,0.9377474038074022,neuron,w20_step8_highpass,,,,,
C. elegans,2023-01-10-07,AWBL,0.3057395933964175,0.5643452206406032,0.014102501371528492,0.39806060646123703,6.1514195753367735,0.029542648621375955,0.9621932385883596,neuron,w20_step8_highpass,,,,,
C. elegans,2023-01-10-07,URBL,0.26672890594895243,0.5209983389676006,0.020989172236093263,0.45865628200131486,5.526960278336465,0.027786110983072137,0.9451691642752795,neuron,w20_step8_highpass,,,,,
C. elegans,2023-01-10-07,URYVR,0.29621788360712087,0.47898524518300867,0.026655676882159012,0.3631506169410722,4.3876502351796285,0.0317568740274794,0.9347488784587193,neuron,w20_step8_highpass,,,,,
C. elegans,2023-01-10-07,RIH,0.2844655394742085,0.5081440311174845,0.006956429664330532,0.6437879473711586,5.141603959700329,0.027596767381055404,0.9425293967001112,neuron,w20_step8_highpass,,,,,
C. elegans,2023-01-10-07,RIBL,0.3333068896756032,0.28472693491754014,-0.00561859303116486,0.44655340401432947,5.558239464910798,0.027563927851633706,0.7873203305733683,neuron,w20_step8_highpass,,,,,
C. elegans,2023-01-10-07,AVBR,0.3164382305594405,0.2976728966284,0.004466917282429716,0.4605288168294491,5.532963120149282,0.027353978585624522,0.8083917861509152,neuron,w20_step8_highpass,,,,,
C. elegans,2023-01-10-07,AWBR,0.27652682801165185,0.6844315540004564,0.006684394980923625,0.49609751318407797,5.039923020193825,0.028393348652791455,0.9791436713219478,neuron,w20_step8_highpass,,,,,
C. elegans,2023-01-10-07,AVJR,0.2713382018140338,0.6963291789800641,0.010040503217058327,0.5172461881573235,6.507044756414595,0.024776542813683657,0.9670573168401098,neuron,w20_step8_highpass,,,,,
C. elegans,2023-01-10-07,OLLR,0.3269117326563444,0.5583471122557955,0.05915891310234732,0.49737906789523323,2.3495928608411925,0.026859133109682746,0.9373669149627281,neuron,w20_step8_highpass,,,,,
C. elegans,2023-01-10-07,RIR,0.30165963628867454,0.45765950401915223,0.03499118396455424,0.4808098008505356,5.0857363083361955,0.027050351957814637,0.9481228482907021,neuron,w20_step8_highpass,,,,,
C. elegans,2023-01-10-07,URYDL,0.3082903864554456,0.341149901734357,0.010941854866270749,0.3496111944217674,7.121975228530732,0.026138668193926788,0.9287635968214991,neuron,w20_step8_highpass,,,,,
C. elegans,2023-01-10-07,OLLL,0.32671129213873557,0.5942521142325181,0.06540372769389079,0.44942829206690615,5.200195313386511,0.02471611507951773,0.917066068248221,neuron,w20_step8_highpass,,,,,
C. elegans,2023-01-10-07,AIZL,0.2965084454028183,0.7890466193895939,0.057785788912732484,0.5473777663786712,3.392273086209147,0.025812357965064526,0.9792128937117865,neuron,w20_step8_highpass,,,,,
C. elegans,2023-01-10-07,RMGL,0.26461275427566044,0.5437741628100364,0.01653230456689174,0.4342919351952101,5.289094107548276,0.028075655178947875,0.9708623430077138,neuron,w20_step8_highpass,,,,,
C. elegans,2023-01-10-07,IL2VR,0.28410806391527166,0.7365394130163526,0.031898593254280766,0.5011514731739876,5.252422141471581,0.02602228089685377,0.9778971323943284,neuron,w20_step8_highpass,,,,,
C. elegans,2023-01-10-07,AWCR,0.2846575293587101,0.4281053328402362,0.018838720674456612,0.47267475703773626,3.6790630474974364,0.03196345031870668,0.9439724119794118,neuron,w20_step8_highpass,,,,,
C. elegans,2023-01-10-07,SMDVR,0.33042741014661686,0.5066411142559063,0.024517420373099032,0.48341433572642384,5.859584106998069,0.025553547623374123,0.8897734048749266,neuron,w20_step8_highpass,,,,,
C. elegans,2023-01-10-07,URXR,0.27979662837403046,0.43385848471898947,0.0014955297110226641,0.3989637595506473,3.2961237551515707,0.02511761906186916,0.9382458980806623,neuron,w20_step8_highpass,,,,,
C. elegans,2023-01-10-07,AIZR,0.2557772518295647,0.7794093245494195,0.046114600067493156,0.411394561208345,4.513625401189407,0.02530217888508094,0.9774648195383707,neuron,w20_step8_highpass,,,,,
C. elegans,2023-01-10-07,IL2DL,0.2805417933448792,0.666244395048615,0.0014314620156913435,0.6062452017914892,3.681756762900596,0.02900705824051203,0.9784930652638931,neuron,w20_step8_highpass,,,,,
C. elegans,2023-01-10-07,ADEL,0.2708430129306998,0.6688632864633055,0.029709438014583003,0.5677392107244049,8.046831628232356,0.02728029801909908,0.9687547436245412,neuron,w20_step8_highpass,,,,,
C. elegans,2023-01-10-07,IL1DL,0.302377763609496,0.4179003382846047,0.04890893517946458,0.4607491042801233,5.945223404340373,0.02504918564218601,0.9164635745677859,neuron,w20_step8_highpass,,,,,
C. elegans,2023-01-10-07,SAAVR,0.3329291459063585,0.44530943364614217,-0.03833839712198695,0.573541877356582,6.159545824715817,0.02481587105310609,0.9091201770011623,neuron,w20_step8_highpass,,,,,
C. elegans,2023-01-10-07,AVAR,0.334550863845058,0.26522684871436963,-0.004907748495395969,0.33839692658164083,5.975860474471536,0.023483665077351897,0.7418954039368844,neuron,w20_step8_highpass,,,,,
C. elegans,2023-01-10-07,RIBR,0.3343291182359778,0.29834907714833864,-0.004257916281953023,0.44805695042500754,4.563280519427065,0.026975451462889963,0.8050926149411811,neuron,w20_step8_highpass,,,,,
C. elegans,2023-01-10-07,AWCL,0.3180877260980099,0.7661538308657082,0.02392105666749395,0.4839776310951248,5.098578091102955,0.028592860079357234,0.9715253657590178,neuron,w20_step8_highpass,,,,,
C. elegans,2023-01-10-07,AINR,0.3202566745710598,0.6206461461471268,0.008844523999947408,0.5941346063531417,4.345418003582897,0.022830130234415737,0.963118630815986,neuron,w20_step8_highpass,,,,,
C. elegans,2023-01-10-14,AWAR,0.3605741421410979,0.5627317467953538,-0.01431850254137589,0.4350219784747659,6.340114360640681,0.038530869082402955,0.927910627308444,neuron,w20_step8_highpass,,,,,
C. elegans,2023-01-10-14,AINR,0.33538147714943023,0.5655972542785538,-0.004872798605737406,0.3749904856929829,4.2826550423838805,0.02305639358598501,0.9544726573771735,neuron,w20_step8_highpass,,,,,
C. elegans,2023-01-10-14,IL1DR,0.38142046398243556,0.4636503511327409,0.09307447955651121,0.45062555630720597,3.5686604065807117,0.03325935773476207,0.9274270110068844,neuron,w20_step8_highpass,,,,,
C. elegans,2023-01-10-14,RIAR,0.3222407755903191,0.6165732686667496,-0.01586540431249745,0.48098496715343436,6.243631696086972,0.028097073217669806,0.9761324443149182,neuron,w20_step8_highpass,,,,,
C. elegans,2023-01-10-14,AIZL,0.3186667657451958,0.7140271982030744,0.037174327347581866,0.5194013247814376,4.529276328868444,0.030692592659383584,0.9780641324283192,neuron,w20_step8_highpass,,,,,
C. elegans,2023-01-10-14,IL2L,0.37925470836686975,0.7496592907326185,0.04599418045200858,0.5581271179577876,5.833634511553497,0.03542197285840841,0.9707748648265695,neuron,w20_step8_highpass,,,,,
C. elegans,2023-01-10-14,IL2DL,0.3052421248455547,0.685323442312266,0.04248792205117289,0.44774139870629887,1.4548556885076886,0.03278103255387636,0.9752612547654602,neuron,w20_step8_highpass,,,,,
C. elegans,2023-01-10-14,CEPDR,0.320860197150518,0.5117320540826311,0.03750309586101598,0.512435531781642,4.958558053902337,0.030690572449935075,0.9625118097428585,neuron,w20_step8_highpass,,,,,
C. elegans,2023-01-10-14,AVEL,0.402887670246779,0.41505629678895495,-0.051228917651932084,0.5949626628935383,7.558859908981171,0.031477929089539516,0.8343589909615539,neuron,w20_step8_highpass,,,,,
C. elegans,2023-01-10-14,RIH,0.3925484303794822,0.5364375675173412,-0.04088847550780964,0.490183738628792,5.797219783891821,0.032387375524339415,0.9302157234940427,neuron,w20_step8_highpass,,,,,
C. elegans,2023-01-10-14,ADLL,0.3770488649168972,0.7929020488014998,-0.004973592090677866,0.5436663075774376,6.191683472492872,0.029972365270315163,0.9695118600040981,neuron,w20_step8_highpass,,,,,
C. elegans,2023-01-10-14,URYDR,0.32986820909710823,0.6627466351798412,0.07416151935149842,0.43728511373536,5.328824600886429,0.03123545916406752,0.9652574330401541,neuron,w20_step8_highpass,,,,,
C. elegans,2023-01-10-14,OLQVL,0.3776541261939696,0.5928065943443527,0.08093865827001959,0.40758530440631935,5.158898556310764,0.027468342177091598,0.9010104624804497,neuron,w20_step8_highpass,,,,,
C. elegans,2023-01-10-14,IL1L,0.37759825554161447,0.5082423898775411,0.09300774285581025,0.46374201476527965,3.485300626671559,0.030246242337235274,0.9003273993882739,neuron,w20_step8_highpass,,,,,
C. elegans,2023-01-10-14,IL2VR,0.3275090237476754,0.8102337650969792,0.02387039067066962,0.3734762297097184,4.081115455737856,0.030834820318154627,0.9840743458951635,neuron,w20_step8_highpass,,,,,
C. elegans,2023-01-10-14,RMDL,0.3992015324325707,0.6050335049689911,0.07665240763470715,0.39079453280830545,3.6486381717638956,0.0278334780114938,0.9352520307394715,neuron,w20_step8_highpass,,,,,
C. elegans,2023-01-10-14,AIBL,0.3867523203060389,0.4569573375305722,-0.024575051480541513,0.32586457553673126,5.261013094723138,0.03413168728817515,0.8756957899851635,neuron,w20_step8_highpass,,,,,
C. elegans,2023-01-10-14,ADAR,0.32705503771941874,0.8033149688498069,0.03642352022482913,0.5090410864088472,4.619773745741863,0.031139825377658022,0.9753722631512299,neuron,w20_step8_highpass,,,,,
C. elegans,2023-01-10-14,AVAL,0.413718483035625,0.39020355217151204,-0.0497570838952561,0.5238593318648103,6.1409515973069375,0.028819552332541656,0.814612169094709,neuron,w20_step8_highpass,,,,,
C. elegans,2023-01-10-14,RMDVL,0.3477854520871086,0.7020402477846814,-0.0010287402240243878,0.31330103983351915,5.148435448233522,0.027567368977243854,0.9759795080618716,neuron,w20_step8_highpass,,,,,
C. elegans,2023-01-10-14,IL2VL,0.3159414049827552,0.7785571975339328,0.0205858996842916,0.43430597724004555,5.116214816499798,0.03148724360221003,0.9820380302688655,neuron,w20_step8_highpass,,,,,
C. elegans,2023-01-10-14,OLQDL,0.4079819195273858,0.5262255689111114,0.09351640624633682,0.459962380184867,5.820561206684165,0.03058613112355721,0.8943081987431047,neuron,w20_step8_highpass,,,,,
C. elegans,2023-01-10-14,ASGL,0.3860717223871837,0.5626702686793048,-0.007609584398679867,0.5565255059066174,7.246442181350755,0.039216597281206064,0.9311188748391414,neuron,w20_step8_highpass,,,,,
C. elegans,2023-01-10-14,RMDVR,0.2849561138877781,0.7139605649841761,0.01574058087145616,0.6328598177482385,5.564514713832621,0.027965585829146832,0.9763233932668098,neuron,w20_step8_highpass,,,,,
C. elegans,2023-01-10-14,IL1R,0.4075906080454986,0.49774364536944615,0.03884403952041325,0.3751216189964227,4.714166001093313,0.03291569159492911,0.896249330954367,neuron,w20_step8_highpass,,,,,
C. elegans,2023-01-10-14,OLQDR,0.3631650919478956,0.48834484991812577,0.09204913128943445,0.5226189390104035,2.942834867342578,0.02839632489210302,0.9296916024163844,neuron,w20_step8_highpass,,,,,
C. elegans,2023-01-10-14,AIYR,0.35490972917848485,0.5731455357823158,0.02801083260326302,0.512328185718683,7.119084017630632,0.03612173942527538,0.9431388822268689,neuron,w20_step8_highpass,,,,,
C. elegans,2023-01-10-14,IL2DR,0.3296269374355377,0.6871243878121973,0.034254291031408715,0.3363169388082805,6.408918224634322,0.029354500113567834,0.9803564001545356,neuron,w20_step8_highpass,,,,,
C. elegans,2023-01-10-14,URYVL,0.3740397260606056,0.5364534691645858,0.009501344064647445,0.4871561649635822,6.651227741215704,0.03424751205738955,0.9441487686249509,neuron,w20_step8_highpass,,,,,
C. elegans,2023-01-10-14,AWBL,0.3697693143473162,0.6227870806424954,0.03192673852193819,0.5820313449826954,4.1946935561142356,0.02968537876989395,0.9484255948669562,neuron,w20_step8_highpass,,,,,
C. elegans,2023-01-10-14,ADEL,0.32925457038039385,0.5982043612578127,0.038886242719550504,0.35002396657483476,5.95150968891518,0.02833547057094965,0.9725930234759534,neuron,w20_step8_highpass,,,,,
C. elegans,2023-01-10-14,CEPVR,0.35809520702815945,0.697028169570037,0.04213771863825425,0.5184486474114871,5.953296945753382,0.0307730605838979,0.9768006069069347,neuron,w20_step8_highpass,,,,,
C. elegans,2023-01-10-14,OLLL,0.37158324644080076,0.5372334446615087,0.08035496073672627,0.4786178676998292,6.550663135958787,0.027188847796695555,0.886545815793191,neuron,w20_step8_highpass,,,,,
C. elegans,2023-01-10-14,ASIR,0.38296394183885085,0.7584080985170425,0.0017078542038264097,0.5136038091156301,5.004571283514422,0.03857108775051746,0.9657508975617795,neuron,w20_step8_highpass,,,,,
C. elegans,2023-01-10-14,AVER,0.37552119881424445,0.37630149533091667,-0.05571272282326531,0.568961591432095,5.582448370319908,0.03645672914516217,0.9026928162785448,neuron,w20_step8_highpass,,,,,
C. elegans,2023-01-10-14,CEPVL,0.3177601405311091,0.5559064964966168,0.06203628966735133,0.3503449087758128,5.198994358103695,0.02823824146462614,0.9670034028535156,neuron,w20_step8_highpass,,,,,
C. elegans,2023-01-10-14,URADL,0.3405239494976452,0.6677354388483703,0.021391755755141132,0.5538066702022436,5.290070804805987,0.03147772513221241,0.9639463176498753,neuron,w20_step8_highpass,,,,,
C. elegans,2023-01-10-14,AWAL,0.37156605326181474,0.4722157738383949,-0.04188347749250295,0.4197730272518704,5.072895095266127,0.03099701053538619,0.9110687647190427,neuron,w20_step8_highpass,,,,,
C. elegans,2023-01-10-14,BAGL,0.42997190590242523,0.550345809034361,0.00052463752330804,0.46337208497655,5.971042468424106,0.03727046735464755,0.8927995881793964,neuron,w20_step8_highpass,,,,,
C. elegans,2023-01-10-14,IL2R,0.40549545457810793,0.6675211400671827,0.0394276076721948,0.2829433415059006,7.555285715657174,0.03930384272747277,0.9370238916174767,neuron,w20_step8_highpass,,,,,
C. elegans,2023-01-10-14,ADER,0.30268608873560215,0.7405581151451179,0.0014897439589356208,0.4661593660048465,6.567994825984071,0.030725112494540175,0.9760061879846205,neuron,w20_step8_highpass,,,,,
C. elegans,2023-01-10-14,RIBL,0.412771759413165,0.4363735869392759,0.05191749520096209,0.6063884776310329,6.9322767398891365,0.030668948716947357,0.8626729916992393,neuron,w20_step8_highpass,,,,,
C. elegans,2023-01-10-14,RMDDL,0.3857816016902151,0.507064733987333,0.05073587120717361,0.5228186150494311,7.101706941438433,0.03218892614501983,0.9260267801397256,neuron,w20_step8_highpass,,,,,
C. elegans,2023-01-10-14,AVJL,0.3307495202186359,0.6700244581966935,0.014686728755158352,0.48229320592934927,7.939253190826446,0.026594640822906482,0.9757418181732306,neuron,w20_step8_highpass,,,,,
C. elegans,2023-01-10-14,RMER,0.4067587137322615,0.5024243529472197,0.05433666730261301,0.43483450756722336,4.780712425812919,0.035149890853466946,0.8912033435664471,neuron,w20_step8_highpass,,,,,
C. elegans,2023-01-10-14,AVJR,0.32310875763120855,0.6460383072656435,0.010248337871102766,0.3760517686470162,4.648770839217498,0.029397346776534026,0.9583133164940509,neuron,w20_step8_highpass,,,,,
C. elegans,2023-01-10-14,AVAR,0.4077482934816351,0.3829042348458571,-0.05682228819251329,0.5942145430417234,7.863610887321411,0.02843683101617035,0.8248937173609566,neuron,w20_step8_highpass,,,,,
C. elegans,2023-01-10-14,RID,0.41853908384631444,0.4921484791570312,0.04996170662766505,0.4241912915148976,6.046447911762573,0.032012066793114684,0.8692776134279424,neuron,w20_step8_highpass,,,,,
C. elegans,2023-01-10-14,URYDL,0.3627686516182495,0.6471668544084193,0.033718577091497566,0.4602454068693702,6.745095277449061,0.032024532428945096,0.9708524375593068,neuron,w20_step8_highpass,,,,,
C. elegans,2023-01-10-14,RMEL,0.3959420867311434,0.5207434497356768,0.08766155931821257,0.5961749590624931,2.5638772288500156,0.03312159949775842,0.9230564877170577,neuron,w20_step8_highpass,,,,,
C. elegans,2023-01-10-14,FLPL,0.32040362608380407,0.6777514409986943,0.05989819632659016,0.6053586487404484,4.461710232062986,0.02508891470220832,0.9738836397239448,neuron,w20_step8_highpass,,,,,
C. elegans,2023-01-10-14,AQR,0.32980990974565094,0.6825034295377487,-0.0009365607924720631,0.49768508817162366,4.48453730761557,0.03602705534712409,0.9817688273482207,neuron,w20_step8_highpass,,,,,
C. elegans,2023-01-10-14,AIZR,0.3122896839332834,0.7167738321618993,0.028732417588556405,0.5858786045118352,5.683744861198999,0.02555236351444349,0.9742273374908951,neuron,w20_step8_highpass,,,,,
C. elegans,2023-01-10-14,OLLR,0.35751301533969754,0.5867124512718532,0.08036363959725311,0.5046036908371931,4.454380129465703,0.02946466933946499,0.9141811757537928,neuron,w20_step8_highpass,,,,,
C. elegans,2023-01-10-14,IL1DL,0.37396424585779076,0.4778154565459286,0.09870676441948423,0.48355069756283503,3.1394610189861405,0.028735569507962452,0.9169986768891014,neuron,w20_step8_highpass,,,,,
C. elegans,2023-01-10-14,CEPDL,0.34697666826244117,0.5752039713196172,0.053652470553099456,0.4847812597119328,4.9158497806639705,0.03423078618285758,0.9706191786890062,neuron,w20_step8_highpass,,,,,
C. elegans,2023-01-10-14,AVBL,0.3902401176120633,0.45168295315227003,0.05175251022823629,0.5892722865945633,6.674444690823286,0.03267871069551479,0.8841622798705661,neuron,w20_step8_highpass,,,,,
C. elegans,2023-01-10-14,AIML,0.40459424490708906,0.7110723591423753,0.006412508797976103,0.4276625612507372,3.7543599635155043,0.03073971621237444,0.9397411911124414,neuron,w20_step8_highpass,,,,,
C. elegans,2023-01-10-14,SMDVL,0.38177918732421545,0.4967732577850962,0.07604678446546559,0.40760265919711364,5.243798056500479,0.03245078387321096,0.9235509297804518,neuron,w20_step8_highpass,,,,,
C. elegans,2023-01-10-14,AINL,0.374089446706977,0.7481765380133405,0.01426918699418809,0.508236716036313,6.484386874103644,0.03468778273921602,0.9618706337923925,neuron,w20_step8_highpass,,,,,
C. elegans,2023-01-10-14,AIMR,0.38246234913959687,0.674368071060154,0.011055381353062256,0.4834042534111779,6.8210705017486015,0.03216577731177447,0.9405374689365888,neuron,w20_step8_highpass,,,,,
C. elegans,2023-01-10-14,URXL,0.3877136298826661,0.4682444105280239,0.04535471329017862,0.2865545044450915,5.708181644255376,0.030495924441139334,0.9169269788375936,neuron,w20_step8_highpass,,,,,
C. elegans,2023-01-10-14,RICR,0.3395080581701498,0.6416960581429607,0.007192568842348931,0.48048348464680546,7.552620454731087,0.03402460102358623,0.9565554922019988,neuron,w20_step8_highpass,,,,,
C. elegans,2023-01-10-14,ASER,0.36555076002575,0.6959954539857075,0.01864350495100627,0.4063977236260486,2.8207759497805105,0.026726581554453507,0.9767464021160711,neuron,w20_step8_highpass,,,,,
C. elegans,2023-01-10-14,AIBR,0.3994327786073193,0.4982736012663229,-0.0045017184109261,0.4183555700127337,5.811066652836789,0.03739454631082008,0.8895740993582307,neuron,w20_step8_highpass,,,,,
C. elegans,2023-01-10-14,RIVR,0.39873418909205044,0.5945525283169936,0.07945283827139335,0.4905429558463512,2.3838835044127276,0.03135173805148139,0.9219936588915358,neuron,w20_step8_highpass,,,,,
C. elegans,2023-01-10-14,RICL,0.3835645470706118,0.6185304601950965,-0.0007580719019893049,0.44225075090296634,5.891166783100967,0.033291658945537,0.9530675511160864,neuron,w20_step8_highpass,,,,,
C. elegans,2023-01-10-14,AWCL,0.3870329947955062,0.7408777422483895,-0.009984686998079275,0.3868832619762989,4.707575846824199,0.03130004650316062,0.9720999021449529,neuron,w20_step8_highpass,,,,,
C. elegans,2023-01-10-14,URYVR,0.3382881550440167,0.6787388337509573,0.0215136088023637,0.4521863082145763,9.255228131455379,0.030541232082513546,0.9794993424825017,neuron,w20_step8_highpass,,,,,
C. elegans,2023-01-10-14,RIVL,0.3871890608039802,0.6317424998868251,0.07221957587695894,0.5291448713892515,5.426320217321973,0.029541378081582498,0.9335294123916417,neuron,w20_step8_highpass,,,,,
C. elegans,2023-01-10-14,RMDDR,0.34939682414448664,0.5350669058615922,-0.02251335036544644,0.5603535613599839,5.500955625164489,0.027695725945913772,0.9600459979567947,neuron,w20_step8_highpass,,,,,
C. elegans,2023-01-10-14,SMDVR,0.3772668362552499,0.5296742200541568,0.07861640875714446,0.45140425624191155,2.103068646407209,0.03325476570944274,0.9030561448780962,neuron,w20_step8_highpass,,,,,
C. elegans,2023-01-10-14,AWBR,0.3345052454923485,0.6583349092572953,0.030787734339120028,0.5337661032192913,5.271480498387174,0.031432099897548145,0.9763865523072075,neuron,w20_step8_highpass,,,,,
C. elegans,2023-01-10-14,URXR,0.3773308827549755,0.5229553843237775,0.018124497785983802,0.5335397773334083,4.629279806082374,0.034422291005673615,0.9294070069185116,neuron,w20_step8_highpass,,,,,
C. elegans,2023-01-10-14,FLPR,0.30692290877152684,0.6218122885984684,0.014770878807753754,0.514203650427669,6.431429227733591,0.02952473743376585,0.9655275569849919,neuron,w20_step8_highpass,,,,,
C. elegans,2023-01-13-07,CEPDL,0.353151944018267,0.4555112025870265,0.05677501253282947,0.4199851712427077,6.935135273985323,0.03541019468175305,0.9421037163840925,neuron,w20_step8_highpass,,,,,
C. elegans,2023-01-13-07,FLPL,0.32811135616078935,0.6129985424141309,0.006370233533371469,0.4655451903822224,5.300077677416684,0.041874503956684704,0.9811466664373697,neuron,w20_step8_highpass,,,,,
C. elegans,2023-01-13-07,URAVL,0.3091443706487886,0.8260650148896873,0.018408804851132134,0.4735279796618811,5.978264173473125,0.037680671668636284,0.9806925855035313,neuron,w20_step8_highpass,,,,,
C. elegans,2023-01-13-07,AIBR,0.37462726106344524,0.3305477780902734,-0.004345696298251651,0.46237475447893184,6.586416539494884,0.03705693895930658,0.8426229171612983,neuron,w20_step8_highpass,,,,,
C. elegans,2023-01-13-07,RMDVL,0.36368637810388016,0.4643370239815027,0.06845108027337767,0.4552540486772662,3.5153870013367543,0.029227701408069136,0.9136360864970672,neuron,w20_step8_highpass,,,,,
C. elegans,2023-01-13-07,RIVL,0.37471230309999826,0.4552385708986566,0.08595010939469752,0.42695000188670956,4.061682071277028,0.029177804167677134,0.8457198182421742,neuron,w20_step8_highpass,,,,,
C. elegans,2023-01-13-07,URYDR,0.35226041419075854,0.5086520182120732,0.08289419334332652,0.4630693597507754,5.399636594937153,0.030149797641859277,0.9138946193436931,neuron,w20_step8_highpass,,,,,
C. elegans,2023-01-13-07,RICR,0.3332516193850511,0.6839983011689759,-0.019025899957153775,0.5240240059527926,4.569978348144786,0.034291339288588935,0.9692412909516623,neuron,w20_step8_highpass,,,,,
C. elegans,2023-01-13-07,AWAL,0.3554416265617182,0.4814307295573019,-0.005626984935037096,0.5961298548816618,9.180062786142592,0.04058346771729087,0.9465954910933589,neuron,w20_step8_highpass,,,,,
C. elegans,2023-01-13-07,AIBL,0.37636306305253797,0.32445418166954787,0.008085913495763458,0.2970831379611686,5.125194165659293,0.03744750744221669,0.8195994072710727,neuron,w20_step8_highpass,,,,,
C. elegans,2023-01-13-07,ASGR,0.3582710249965794,0.4201824177310593,0.024660129485947695,0.41278796991362054,6.765687340925562,0.04139465067903705,0.8935703929202929,neuron,w20_step8_highpass,,,,,
C. elegans,2023-01-13-07,AVJR,0.3426467610191708,0.7517007183552454,0.024266008768009755,0.6055544428816824,6.155916065053414,0.03728464682939411,0.9802978528556349,neuron,w20_step8_highpass,,,,,
C. elegans,2023-01-13-07,AINR,0.34307943497301846,0.5477015628735841,0.014014845478840894,0.41367680531101175,7.387840663108423,0.040216479533482195,0.9604313328896256,neuron,w20_step8_highpass,,,,,
C. elegans,2023-01-13-07,URADL,0.3095713916993378,0.6493435305696933,-0.018277860184926026,0.5335080801471116,10.9030545859006,0.04195615736637215,0.9810615546616127,neuron,w20_step8_highpass,,,,,
C. elegans,2023-01-13-07,SAADR,0.352441319348116,0.5711138626385869,0.01521319285115935,0.4944914545991922,4.498588473953408,0.03771230869946049,0.9571889956805041,neuron,w20_step8_highpass,,,,,
C. elegans,2023-01-13-07,SAAVR,0.3303571804527998,0.5786657479310616,0.06101634555748631,0.4197777458217207,3.525420727581162,0.03334644159231074,0.9476590609441213,neuron,w20_step8_highpass,,,,,
C. elegans,2023-01-13-07,AWBR,0.3519129245421838,0.6470682879498657,0.024143474746864547,0.547660074821681,7.7478814945375865,0.04734773100250998,0.9739996147840534,neuron,w20_step8_highpass,,,,,
C. elegans,2023-01-13-07,IL2L,0.3186077375889084,0.5924786370996479,0.01588191735393024,0.5669644727960929,6.096218077941449,0.03750551287692106,0.9870100706189044,neuron,w20_step8_highpass,,,,,
C. elegans,2023-01-13-07,IL2R,0.3581578706305928,0.7266413219699728,0.015420352104365133,0.49149539378845847,4.441387902658688,0.03576936713700645,0.9774782848150791,neuron,w20_step8_highpass,,,,,
C. elegans,2023-01-13-07,AIZR,0.32182339066301985,0.8341484361303044,0.02701573683774974,0.47872800277392746,5.184516390881567,0.036282016021726836,0.9813210589829127,neuron,w20_step8_highpass,,,,,
C. elegans,2023-01-13-07,SAAVL,0.3581258458924046,0.45537918207426153,0.02626097748539595,0.2821818089052484,3.9300139624749493,0.04921501587950229,0.912689550560682,neuron,w20_step8_highpass,,,,,
C. elegans,2023-01-13-07,RMDDR,0.38178083749560465,0.7405680355045485,-0.001622765591378994,0.47534831886311246,6.944313201935003,0.036662860183627355,0.9786091096473607,neuron,w20_step8_highpass,,,,,
C. elegans,2023-01-13-07,RMDVR,0.3410880914918646,0.5252459857316197,0.04673339226719066,0.2008558532227121,6.455993851145769,0.040056793718973756,0.9583376701533293,neuron,w20_step8_highpass,,,,,
C. elegans,2023-01-13-07,AVEL,0.33410283325023293,0.31862641045217216,-0.010715707330800949,0.3748348303742855,7.706221067973542,0.03948670468828745,0.8713285766570713,neuron,w20_step8_highpass,,,,,
C. elegans,2023-01-13-07,AUAL,0.3396301983048378,0.4948338126468622,-0.0035219895310505175,0.42147043777059073,7.540369686895029,0.04297588480474786,0.9524981309017448,neuron,w20_step8_highpass,,,,,
C. elegans,2023-01-13-07,RIVR,0.39472748530977975,0.5804467210567054,0.06157859281811084,0.49299787828951536,4.304917217030693,0.04227340603377462,0.9385803804176378,neuron,w20_step8_highpass,,,,,
C. elegans,2023-01-13-07,SMDDR,0.38054795762445776,0.3264732507668782,0.008852709445329074,0.19784322733582033,4.876591478519635,0.04116930371482518,0.8004293995898789,neuron,w20_step8_highpass,,,,,
C. elegans,2023-01-13-07,ASER,0.36120993951511887,0.8170340841049908,0.008488970546503053,0.4200164765227713,3.631355479816709,0.04652932904560598,0.978517936860453,neuron,w20_step8_highpass,,,,,
C. elegans,2023-01-13-07,CEPVL,0.36094675720456765,0.577907448913041,0.05929191808994186,0.2949168416492624,5.494405312487744,0.036974666781412875,0.9405991590145895,neuron,w20_step8_highpass,,,,,
C. elegans,2023-01-13-07,RMEL,0.3834382048430594,0.40307444201501536,-0.01535695205312745,0.2235241303899365,5.546483807616333,0.04436724781106167,0.863766256688927,neuron,w20_step8_highpass,,,,,
C. elegans,2023-01-13-07,URBR,0.36637305755000626,0.6544172829057879,0.031166282786341346,0.35684346113023513,5.883192675980101,0.043838267826131753,0.9707713372527959,neuron,w20_step8_highpass,,,,,
C. elegans,2023-01-13-07,ASIR,0.3782889231089238,0.7818517415535958,-0.0013026520060547102,0.4591117991082205,6.644066432462084,0.042085053561410124,0.9635808539451227,neuron,w20_step8_highpass,,,,,
C. elegans,2023-01-13-07,ADER,0.3315390048193983,0.7252768827210497,0.0035623197770057887,0.5426627399152723,2.6740073001120983,0.040003832702017246,0.9801314238362521,neuron,w20_step8_highpass,,,,,
C. elegans,2023-01-13-07,IL1VR,0.37293576660128513,0.40830969058932504,0.06589774357533187,0.4880589983594214,7.0974229136701235,0.030633684427834054,0.8258939893457895,neuron,w20_step8_highpass,,,,,
C. elegans,2023-01-13-07,OLLR,0.36472334158532277,0.4224900557262894,0.08017871673584981,0.5696641602016914,7.074770092303145,0.03598060206908873,0.8745356627144922,neuron,w20_step8_highpass,,,,,
C. elegans,2023-01-13-07,ADAL,0.3424718660458879,0.6803204244161444,0.06385902703799509,0.351192584082238,3.69131981079844,0.03647947734050424,0.9790538103535888,neuron,w20_step8_highpass,,,,,
C. elegans,2023-01-13-07,ADLR,0.36138210284703765,0.6524509683492071,0.008042573963068556,0.5654866231877969,3.705663944562976,0.042042799774541305,0.9735030833556619,neuron,w20_step8_highpass,,,,,
C. elegans,2023-01-13-07,RMDL,0.38549144847288835,0.47903761762796104,0.09067637913960191,0.4059215990166525,4.473659796196944,0.03233184987480545,0.8434361921097255,neuron,w20_step8_highpass,,,,,
C. elegans,2023-01-13-07,ADEL,0.339875341750272,0.704237973414968,0.0347126021189753,0.4373152901687924,5.329776348144801,0.0360859998164609,0.9789116115761332,neuron,w20_step8_highpass,,,,,
C. elegans,2023-01-13-07,RMER,0.3751160829015144,0.323398568024984,0.030686911009627327,0.4243180703648077,3.3532956952662865,0.03448822594614829,0.8545038872984688,neuron,w20_step8_highpass,,,,,
C. elegans,2023-01-13-07,SMDDL,0.36648286620412696,0.4455054299188229,0.029705367320763662,0.4050849457329446,5.1149638784076705,0.036426730017564066,0.9203518371794932,neuron,w20_step8_highpass,,,,,
C. elegans,2023-01-13-07,AVAL,0.3776898387275055,0.3578388751718902,0.02640773891985915,0.07019166761328803,5.225603032048568,0.03740045367279809,0.8213631663516883,neuron,w20_step8_highpass,,,,,
C. elegans,2023-01-13-07,IL1DR,0.37219244799110235,0.39736930541985266,0.07076749755409227,0.5859201354341411,2.8355014182540352,0.032283943089656146,0.8135647953729004,neuron,w20_step8_highpass,,,,,
C. elegans,2023-01-13-07,IL1R,0.36849121463759277,0.4321528203231578,0.07918736843578385,0.46059527294493857,5.370397636477849,0.032607328339519036,0.8286902795616884,neuron,w20_step8_highpass,,,,,
C. elegans,2023-01-13-07,AIZL,0.34890729379342544,0.5628232286356124,0.013779980075810562,0.4269443951886974,5.42792246328273,0.039018741497348956,0.9679503191795378,neuron,w20_step8_highpass,,,,,
C. elegans,2023-01-13-07,URYVR,0.33707392711570155,0.5160822458352062,0.050693903610466114,0.4348602910817218,4.713771103757509,0.044852053369771425,0.9559238971427886,neuron,w20_step8_highpass,,,,,
C. elegans,2023-01-13-07,ASEL,0.3577463226266972,0.4365854977732714,0.010343084891292476,0.34673446649895046,5.374598576812725,0.04267718632719366,0.9172066705114454,neuron,w20_step8_highpass,,,,,
C. elegans,2023-01-13-07,URBL,0.3645579161516533,0.43107173593912973,0.03005981040533555,0.30709256691718945,4.281343540399917,0.04312532737080518,0.9077014060069125,neuron,w20_step8_highpass,,,,,
C. elegans,2023-01-13-07,AWBL,0.34638968786458435,0.6798331139893097,-0.0006196422296913362,0.6052306639131462,9.399807153798657,0.03675065588865583,0.9646581423479995,neuron,w20_step8_highpass,,,,,
C. elegans,2023-01-13-07,RICL,0.34047561646447166,0.5651649596630586,-0.04579998740633017,0.47825927256307454,6.21072841988113,0.03661104036657229,0.9636021100941476,neuron,w20_step8_highpass,,,,,
C. elegans,2023-01-13-07,RMGL,0.349856671540063,0.7383098457282766,0.004849233768305131,0.5556522622386527,4.132565531352898,0.04217417022761623,0.9775278839027703,neuron,w20_step8_highpass,,,,,
C. elegans,2023-01-13-07,AWAR,0.34212404214359277,0.5538102346736059,-0.04385705712372456,0.3900191119526108,5.325995143263869,0.03613881352477442,0.9616214320296714,neuron,w20_step8_highpass,,,,,
C. elegans,2023-01-13-07,RIAL,0.3595489408727121,0.69165950964955,0.055419964510745295,0.611486303050341,6.037952506699143,0.03360352845590972,0.9573006321700592,neuron,w20_step8_highpass,,,,,
C. elegans,2023-01-13-07,SAADL,0.3434039528015366,0.4459305808510446,0.003857205261555563,0.40129656178611806,4.920830042761456,0.04334856800282678,0.9233130164263299,neuron,w20_step8_highpass,,,,,
C. elegans,2023-01-13-07,AVAR,0.37272587827643183,0.33719794142605575,-0.0015279955135877512,0.29708666543878876,4.857803816363777,0.03852604452424497,0.8152276142794307,neuron,w20_step8_highpass,,,,,
C. elegans,2023-01-13-07,AUAR,0.3263308654785234,0.6685902180989161,-0.016017711680608535,0.5055277287836125,5.964176269243203,0.04228933725678876,0.9785803192195898,neuron,w20_step8_highpass,,,,,
C. elegans,2023-01-13-07,AWCL,0.38706167906068284,0.6768887299036311,0.018476502887045887,0.48665832156719036,4.242457601393605,0.03650652012385861,0.9530776513390462,neuron,w20_step8_highpass,,,,,
C. elegans,2023-01-13-07,AVDL,0.3276092807535422,0.649480617855772,-0.0006451660107781953,0.6026755782883193,4.975896284291155,0.03488765479907258,0.9770184133741234,neuron,w20_step8_highpass,,,,,
C. elegans,2023-01-13-07,URYVL,0.35567126417261635,0.40103245474109434,0.02952972311114541,0.3000194506319136,6.485430267607592,0.042275550413994264,0.9018224837512534,neuron,w20_step8_highpass,,,,,
C. elegans,2023-01-13-07,IL2VR,0.36567955886472125,0.7474325895441675,-0.018873091026665432,0.4681823086716485,5.381188576299688,0.03969595971281683,0.9730903331038917,neuron,w20_step8_highpass,,,,,
C. elegans,2023-01-13-07,ASGL,0.36992602040307515,0.4144352221954291,0.03418404970478661,0.3616338007751816,5.93128691039741,0.044392859606752016,0.8782924270744876,neuron,w20_step8_highpass,,,,,
C. elegans,2023-01-13-07,AVJL,0.3053026002269186,0.6533862592922333,0.03632999055326629,0.5064901959079008,5.294632732179183,0.0380135100351159,0.9735345748041959,neuron,w20_step8_highpass,,,,,
C. elegans,2023-01-13-07,RMEV,0.39966847973897607,0.4639837738162334,0.07023486728542759,0.27257112380953036,7.618057693200825,0.03533231336940599,0.8722226573280836,neuron,w20_step8_highpass,,,,,
C. elegans,2023-01-13-07,SMDVR,0.3540916503562788,0.6174975111790594,-0.04593942151421156,0.33730232546252353,4.583521468571107,0.036243758432194885,0.9680595455736848,neuron,w20_step8_highpass,,,,,
C. elegans,2023-01-13-07,RMDDL,0.32378909314394216,0.4871516475523259,0.020797926869568356,0.499866171501547,4.60831807476109,0.038504807825292094,0.9718605812142779,neuron,w20_step8_highpass,,,,,
C. elegans,2023-01-13-07,FLPR,0.31816168915084003,0.7827750366391716,0.03540348828476783,0.4938043117806935,7.251641311991738,0.034509138056192705,0.9777132658417276,neuron,w20_step8_highpass,,,,,
C. elegans,2023-01-16-01,OLLR,0.32475748300327445,0.4907367378222905,0.06807829742144335,0.5577517843420522,6.762341161485396,0.01033523765275031,0.9077365505917924,neuron,w20_step8_highpass,,,,,
C. elegans,2023-01-16-01,AVAR,0.34124236268852715,0.3653952085680408,0.006370496488089224,0.460299224767665,7.788172866142035,0.013910633924387553,0.8509787637508744,neuron,w20_step8_highpass,,,,,
C. elegans,2023-01-16-01,IL1VR,0.3616514679843804,0.4886109611844893,0.011257058272208426,0.6025197244527871,3.730454719400706,0.011064107375034904,0.9068818343002724,neuron,w20_step8_highpass,,,,,
C. elegans,2023-01-16-01,AWBR,0.29275106500160514,0.7985676769331248,0.03279991654443698,0.5717104869159666,6.203075593045282,0.012694460643122532,0.9829346781825115,neuron,w20_step8_highpass,,,,,
C. elegans,2023-01-16-01,AVDL,0.2806652519733447,0.688638914604092,0.04276738731145062,0.4501317485980964,5.276674443740442,0.010406201679053612,0.9619879702577365,neuron,w20_step8_highpass,,,,,
C. elegans,2023-01-16-01,OLQDL,0.35031659795618153,0.5708961466223315,0.02915568106891933,0.6171986695240709,5.01811807823919,0.01297182308416152,0.9452618048653976,neuron,w20_step8_highpass,,,,,
C. elegans,2023-01-16-01,RIVL,0.35829795080397175,0.5975025927435662,0.06668030360263272,0.5130718445658526,4.091295479661364,0.013192986739421564,0.9201065222301946,neuron,w20_step8_highpass,,,,,
C. elegans,2023-01-16-01,URYDR,0.32884928002535774,0.6509581766894095,0.08496410264610876,0.5343928588067454,5.6933188484775705,0.010772852057651383,0.950927700348278,neuron,w20_step8_highpass,,,,,
C. elegans,2023-01-16-01,URBL,0.2969854863653455,0.6540855338868642,0.06082139487402343,0.40318951231281885,6.5555130921354925,0.008333505108957891,0.9618198147704112,neuron,w20_step8_highpass,,,,,
C. elegans,2023-01-16-01,OLQDR,0.314251646767665,0.631906691055666,0.08894659132899056,0.5110734341633284,3.6289829467402983,0.00922910782058977,0.961968222397031,neuron,w20_step8_highpass,,,,,
C. elegans,2023-01-16-01,URBR,0.3363663501025163,0.5218667390615632,0.04138618737327662,0.5670964279644507,2.8137402405447443,0.010582217364056378,0.9410072970358052,neuron,w20_step8_highpass,,,,,
C. elegans,2023-01-16-01,IL1R,0.3630149145498772,0.4263154706787515,0.008880255529718373,0.6113526210662673,3.085644556488692,0.010321046425467993,0.8741419981001108,neuron,w20_step8_highpass,,,,,
C. elegans,2023-01-16-01,RMEL,0.3647027745219862,0.5842342380074224,0.010396637455119992,0.48520845602169616,5.271409853426357,0.013230891337005748,0.9329484990710799,neuron,w20_step8_highpass,,,,,
C. elegans,2023-01-16-01,AWCL,0.346229555987659,0.47857786842224287,0.04690925253834083,0.5745157156992183,4.412384022402509,0.011540438203229147,0.9385889743612305,neuron,w20_step8_highpass,,,,,
C. elegans,2023-01-16-01,AIBR,0.35024173291638167,0.4218622244400611,0.022755816782673757,0.3953159606870431,5.0872889652225615,0.014162342518774325,0.858306703832154,neuron,w20_step8_highpass,,,,,
C. elegans,2023-01-16-01,OLLL,0.32276689784232976,0.4816775340420322,0.033879312464211185,0.5964885623118996,4.117263735068325,0.011918353366889158,0.9147765033311875,neuron,w20_step8_highpass,,,,,
C. elegans,2023-01-16-01,IL2R,0.33811924458294934,0.5729541884605668,0.021804184790416785,0.5475457379017196,3.502737409555659,0.010691344807792278,0.9374799155424797,neuron,w20_step8_highpass,,,,,
C. elegans,2023-01-16-01,SMDDR,0.3115204503275766,0.7238014391657818,0.033188069115684525,0.41809027827249556,3.8375429543544,0.011329295181674042,0.9749663050772829,neuron,w20_step8_highpass,,,,,
C. elegans,2023-01-16-01,AWBL,0.33346648028675746,0.49784905177362065,0.028552903252380267,0.6364555808291181,4.575988777042457,0.011246669269904091,0.9419060563645636,neuron,w20_step8_highpass,,,,,
C. elegans,2023-01-16-01,IL2DL,0.31803292266472766,0.6575274930936047,0.03283355220053627,0.661785430585411,4.53263309359139,0.013715187580051707,0.9717552525735105,neuron,w20_step8_highpass,,,,,
C. elegans,2023-01-16-01,URXL,0.3375801529225051,0.4292203105760635,0.0015660138576934599,0.5625288675029472,5.061026770540576,0.013217131338172297,0.9480324705223049,neuron,w20_step8_highpass,,,,,
C. elegans,2023-01-16-01,AIZL,0.2874887698391773,0.5760503120407457,0.039186039196379384,0.45509322657359563,4.426754791400696,0.010778465900588206,0.9792068725547651,neuron,w20_step8_highpass,,,,,
C. elegans,2023-01-16-01,SMDVR,0.33085388667071725,0.7355215671764019,0.015993708638510244,0.3977348423972955,5.827303175258651,0.011611226639478401,0.9677749255511724,neuron,w20_step8_highpass,,,,,
C. elegans,2023-01-16-01,SMDDL,0.29993428018539303,0.6491396552080858,0.04603796202659129,0.5835329944465107,5.249806650118973,0.01022742368361524,0.975280556779561,neuron,w20_step8_highpass,,,,,
C. elegans,2023-01-16-01,AUAL,0.3170750194665865,0.46192710786780583,-0.021326929029833255,0.47204930479525314,4.378453616437133,0.013639174586902416,0.9287201973505177,neuron,w20_step8_highpass,,,,,
C. elegans,2023-01-16-01,URYVL,0.3357524748427378,0.525493325664133,0.06736103321855749,0.5524988109402716,4.437853276986969,0.014120761338261905,0.9341874540917648,neuron,w20_step8_highpass,,,,,
C. elegans,2023-01-16-01,ADEL,0.2942073186367562,0.6454830790933228,0.03416454148710569,0.6014836798952892,7.044895023867995,0.008719751137356308,0.9782313485469415,neuron,w20_step8_highpass,,,,,
C. elegans,2023-01-16-01,OLQVL,0.3629725455660655,0.621114790983721,0.08401796386499875,0.48489805950492654,4.40572727638648,0.010671397566516043,0.9453332313418124,neuron,w20_step8_highpass,,,,,
C. elegans,2023-01-16-01,CEPDR,0.3012917140997945,0.5126843278385798,-0.005550815964848875,0.590152579674513,6.114499959637818,0.011441746239647648,0.9619933668371196,neuron,w20_step8_highpass,,,,,
C. elegans,2023-01-16-01,RMDVR,0.3034225591207189,0.5209031690418998,0.05418894676089456,0.47338707922758255,6.3689160396939135,0.009670009644958162,0.9620346108908625,neuron,w20_step8_highpass,,,,,
C. elegans,2023-01-16-01,CEPDL,0.2928682324526487,0.6183562389019358,0.02248626146401781,0.45121388006906793,4.0443503458990175,0.010684185072141805,0.9604410815820723,neuron,w20_step8_highpass,,,,,
C. elegans,2023-01-16-01,OLQVR,0.3517398670304196,0.529465110717114,0.07842192903379078,0.5621575059426304,4.619445635040581,0.00855603461377826,0.9272068118751031,neuron,w20_step8_highpass,,,,,
C. elegans,2023-01-16-01,RIAL,0.32750560274812235,0.5463621937271382,0.010963018911920145,0.6033976314044236,4.955734365575397,0.01162196917043394,0.9509940582490758,neuron,w20_step8_highpass,,,,,
C. elegans,2023-01-16-01,CEPVR,0.31894771160246377,0.6005767182510492,0.04637987154794293,0.6358156788414131,4.549531088993766,0.012896831269176866,0.9553147367451502,neuron,w20_step8_highpass,,,,,
C. elegans,2023-01-16-01,AVDR,0.2888980303419968,0.7029921590623482,-0.003094175895636538,0.49105560422390077,6.22544762202117,0.010101148368672163,0.9794203750226947,neuron,w20_step8_highpass,,,,,
C. elegans,2023-01-16-01,AWCR,0.2716022474021048,0.7185276960340786,0.00182995024512908,0.48975863443880396,3.971308265445528,0.011469467022900722,0.981429031645797,neuron,w20_step8_highpass,,,,,
C. elegans,2023-01-16-01,URYVR,0.3370970279005341,0.37734575640406576,-0.0018796015237580064,0.47270685402968426,4.961597596876193,0.015010996568470162,0.8811540012370955,neuron,w20_step8_highpass,,,,,
C. elegans,2023-01-16-01,FLPL,0.3039014133235891,0.6673238801498046,0.029991000769467317,0.419710657734177,3.596633833277634,0.011074947293270933,0.9758697017937097,neuron,w20_step8_highpass,,,,,
C. elegans,2023-01-16-01,AVAL,0.34053055218211625,0.3699440971116049,0.0019327065881128973,0.40185578185659715,5.881457063638443,0.014056879840176785,0.8404136871946437,neuron,w20_step8_highpass,,,,,
C. elegans,2023-01-16-01,IL1DR,0.29625465175862065,0.6095150612143353,0.05515013932249972,0.48320236867919863,5.6299881687537905,0.011286738858446924,0.9669277960305941,neuron,w20_step8_highpass,,,,,
C. elegans,2023-01-16-01,RMER,0.3510784200340145,0.3724842911912338,0.028312811690378147,0.3832647574684027,4.646581486901555,0.012324464010161943,0.8883014095902825,neuron,w20_step8_highpass,,,,,
C. elegans,2023-01-16-01,IL2L,0.27812797277637313,0.5061174592968062,0.053719360147554185,0.6040759379916061,7.969291279481352,0.009817824550514158,0.9278270110083442,neuron,w20_step8_highpass,,,,,
C. elegans,2023-01-16-01,RICR,0.2864467155667319,0.5266093735426496,-0.00896785631122969,0.41833710668579477,4.503651046078806,0.010297959521087282,0.9731402836750798,neuron,w20_step8_highpass,,,,,
C. elegans,2023-01-16-01,AWAL,0.34187606265212034,0.6584876749036791,0.002705273757514099,0.36277019312551073,3.2801490273272975,0.010833783392633026,0.9614678621021777,neuron,w20_step8_highpass,,,,,
C. elegans,2023-01-16-01,AINL,0.32969123629857694,0.558678556270576,-0.00811974271823616,0.5947060721514701,6.538248848511321,0.010183092325186912,0.9558125153837835,neuron,w20_step8_highpass,,,,,
C. elegans,2023-01-16-01,IL2DR,0.31079100435399903,0.7050992640094739,0.028609800376628074,0.6288905431279359,8.214970988862202,0.011635774515971522,0.9698771859289658,neuron,w20_step8_highpass,,,,,
C. elegans,2023-01-16-01,ADAL,0.3095804951005853,0.6591588494277856,0.020526401874041037,0.47871125009400584,5.302135853447036,0.013322303746407567,0.9732381799895435,neuron,w20_step8_highpass,,,,,
C. elegans,2023-01-16-01,URADL,0.29654014975486753,0.6998299837196021,0.05464077771109178,0.48673572738513826,4.2717401572835305,0.010418479141543544,0.9732059032822536,neuron,w20_step8_highpass,,,,,
C. elegans,2023-01-16-01,ALA,0.3196674019013063,0.8078871631181045,-0.010884726689578555,0.3829218227375864,5.769790956102144,0.012752566649284668,0.9683412615253263,neuron,w20_step8_highpass,,,,,
C. elegans,2023-01-16-01,ASER,0.34665598101604245,0.7502433050674951,0.029999652543396024,0.4697819582319942,4.439911980066272,0.013124731537814963,0.9680497129891362,neuron,w20_step8_highpass,,,,,
C. elegans,2023-01-16-01,AIZR,0.30148532154350266,0.5639467558248935,0.01411774552626251,0.4320648125388346,5.347970580785238,0.012744964925381257,0.9737319069541797,neuron,w20_step8_highpass,,,,,
C. elegans,2023-01-16-01,IL1L,0.33456878152919206,0.5895992825611627,0.08410879386132518,0.6156478273571447,6.5788505701908075,0.009220096380313679,0.9582506218464775,neuron,w20_step8_highpass,,,,,
C. elegans,2023-01-16-01,SAAVL,0.28425202944710587,0.5688334793612192,0.04049012696168647,0.5759863933182303,4.354291370987458,0.014686198086927248,0.9621493798388618,neuron,w20_step8_highpass,,,,,
C. elegans,2023-01-16-01,RICL,0.25774018361283585,0.6530350377431002,0.015674046614288287,0.5098171695298339,4.662615226942079,0.010473796599016346,0.9839927298672693,neuron,w20_step8_highpass,,,,,
C. elegans,2023-01-16-01,AINR,0.3074956146298421,0.625074453833751,0.018455634918403307,0.47103945834769867,6.631340214914149,0.011442336372617943,0.9671290188569168,neuron,w20_step8_highpass,,,,,
C. elegans,2023-01-16-01,RID,0.3510211015622112,0.36628677578287594,-0.007665922162510537,0.42363180016421137,4.943439550695165,0.013777056215831201,0.8664397321221422,neuron,w20_step8_highpass,,,,,
C. elegans,2023-01-16-01,ASGR,0.32860895754471936,0.41913288465984466,0.012893475177396451,0.5887820298187283,6.16540276713528,0.011606630067700092,0.9283133332768942,neuron,w20_step8_highpass,,,,,
C. elegans,2023-01-16-01,AVJL,0.2883152916275158,0.5195685290347531,0.010399765514715989,0.5463934903716204,7.668309153397319,0.008326486881015263,0.9591464559669297,neuron,w20_step8_highpass,,,,,
C. elegans,2023-01-16-01,RIAR,0.28802061828292924,0.7113877305095836,-0.01668903330770225,0.5110419886402121,3.833973649902279,0.010256659666516059,0.9825532017070182,neuron,w20_step8_highpass,,,,,
C. elegans,2023-01-16-01,AIBL,0.36120797872918525,0.347118838352984,0.027626369962740933,0.40751050977986597,5.347358515799717,0.013919852562468995,0.838763663494707,neuron,w20_step8_highpass,,,,,
C. elegans,2023-01-16-01,RMDDL,0.31751817191562864,0.4288114617890365,0.028864539302450726,0.5716402407630125,9.253947645303814,0.011287063667113023,0.9360776153921997,neuron,w20_step8_highpass,,,,,
C. elegans,2023-01-16-01,AVJR,0.2896923263751035,0.5647323826040975,0.034433198371946826,0.4953332674726789,3.3594093973120542,0.012094237305918036,0.9704711506308076,neuron,w20_step8_highpass,,,,,
C. elegans,2023-01-16-01,SMDVL,0.35074489483487975,0.43688077565115935,0.02189043618079858,0.5248975158915029,4.734365446311383,0.013203422881496852,0.9294098657349805,neuron,w20_step8_highpass,,,,,
C. elegans,2023-01-16-01,ASEL,0.3296980342108755,0.5352165796664798,-0.009952650446055547,0.5692870242763428,2.733547133557094,0.011018532961317478,0.952470815213248,neuron,w20_step8_highpass,,,,,
C. elegans,2023-01-16-01,RIVR,0.3539606161673884,0.6572794181185175,0.056230909295799984,0.5127866071078625,6.732725633838866,0.012226565500383207,0.9258052414110965,neuron,w20_step8_highpass,,,,,
C. elegans,2023-01-16-01,RMDVL,0.2904853768481229,0.4161743133260332,0.03825002299339112,0.5757318655497999,6.097583127048073,0.010095857426281645,0.9274383952354018,neuron,w20_step8_highpass,,,,,
C. elegans,2023-01-16-01,CEPVL,0.3166713719363337,0.42285334347572956,0.012839043681552005,0.5981762116128972,5.701175889470469,0.011559753362724053,0.9638466188310447,neuron,w20_step8_highpass,,,,,
C. elegans,2023-01-16-08,SAADR,0.36780597522715514,0.6620627826700324,0.0031774435608897225,0.5268196821796581,5.225860884747974,0.023143790276516422,0.9804207447692743,neuron,w20_step8_highpass,,,,,
C. elegans,2023-01-16-08,RIAR,0.33243678050737957,0.7726484714156383,0.024554899288925666,0.5072419988149227,5.547038933501819,0.01950999080069981,0.9809825474074576,neuron,w20_step8_highpass,,,,,
C. elegans,2023-01-16-08,RMER,0.361982743918667,0.3832423459476726,0.025476751146631484,0.4289735695062897,5.971473362749629,0.026987822707056807,0.8923257863268166,neuron,w20_step8_highpass,,,,,
C. elegans,2023-01-16-08,CEPDR,0.33135079491087743,0.4936052610173677,-0.013873959704364175,0.5718588440693012,3.6613215394283927,0.023463880805425046,0.9579249513450026,neuron,w20_step8_highpass,,,,,
C. elegans,2023-01-16-08,AWCR,0.36486968062185327,0.690763555114414,0.021313830073468588,0.542432209988019,4.878798855089732,0.02588582838133121,0.9779588062475573,neuron,w20_step8_highpass,,,,,
C. elegans,2023-01-16-08,RMGL,0.332534384102436,0.6473260361521811,0.0109167712252648,0.5533854623416214,4.713820551816672,0.02204339081087212,0.9858710099152166,neuron,w20_step8_highpass,,,,,
C. elegans,2023-01-16-08,AWCL,0.36905344669012496,0.6541575272497274,0.016840044716188447,0.4218923535827132,4.9893086033707705,0.023426199155482687,0.9620898685006399,neuron,w20_step8_highpass,,,,,
C. elegans,2023-01-16-08,RIS,0.3843128494404511,0.5769699811186048,0.04574066231020298,0.643426361045111,5.295904011199961,0.019832820524008993,0.941903433256875,neuron,w20_step8_highpass,,,,,
C. elegans,2023-01-16-08,ASGR,0.37006541104865065,0.5016991883087918,0.02204854377848357,0.46305081532970144,5.4497485579479275,0.025273007669978573,0.9208717976294845,neuron,w20_step8_highpass,,,,,
C. elegans,2023-01-16-08,AIBL,0.39567036174500253,0.4759748020336638,0.003513401803668883,0.48790445415094874,6.308771376105507,0.02912602109082842,0.9141138296159637,neuron,w20_step8_highpass,,,,,
C. elegans,2023-01-16-08,URYDL,0.3391360701347264,0.6813843507055461,-0.013084457152145281,0.608931112978278,5.794639444360097,0.020760549274662313,0.9769015614481725,neuron,w20_step8_highpass,,,,,
C. elegans,2023-01-16-08,OLQVR,0.38429406836363045,0.6150727415709856,0.08137042537636034,0.5733987052967875,3.9959203309724063,0.0225653700228739,0.9568297319438381,neuron,w20_step8_highpass,,,,,
C. elegans,2023-01-16-08,RIH,0.39418411799813646,0.6423686757374293,0.061592015641363414,0.38906070192322356,3.167005537313891,0.020044084623911825,0.9436646468101708,neuron,w20_step8_highpass,,,,,
C. elegans,2023-01-16-08,AVHL,0.30073217611079395,0.7682493579974933,0.01622903001743459,0.6030120542893206,6.1864762868309295,0.016911068756342008,0.9796148030015919,neuron,w20_step8_highpass,,,,,
C. elegans,2023-01-16-08,IL1VL,0.3964697117621158,0.6101358114242864,0.03602170764686633,0.5203686228697161,4.800160090945743,0.021317810968632816,0.9288252734056633,neuron,w20_step8_highpass,,,,,
C. elegans,2023-01-16-08,AVJR,0.33369922078698916,0.5261241599792691,0.014572742322993503,0.5033994791613444,4.3050629661488085,0.02328257393686863,0.9613824994341201,neuron,w20_step8_highpass,,,,,
C. elegans,2023-01-16-08,IL2R,0.362595667621352,0.5891083621635792,0.008742751001530902,0.48385530438313074,4.84386134902151,0.027516273529584023,0.9564478554025538,neuron,w20_step8_highpass,,,,,
C. elegans,2023-01-16-08,SMDDL,0.3620993404069707,0.45466312638948947,0.08645559571497484,0.5853256127714915,3.7315577271331315,0.020031829093788065,0.9024973181381316,neuron,w20_step8_highpass,,,,,
C. elegans,2023-01-16-08,SMDDR,0.3434735290209528,0.5411988494485169,0.03702398007498695,0.6406746718445208,6.8962372790744695,0.018680255167613125,0.9531086491961197,neuron,w20_step8_highpass,,,,,
C. elegans,2023-01-16-08,AWAL,0.3909615451588389,0.6168700580034747,-0.0038509632792196142,0.5910851441016772,3.0289013213261824,0.022745905714747158,0.9475793628969303,neuron,w20_step8_highpass,,,,,
C. elegans,2023-01-16-08,BAGL,0.3852516160650915,0.4329953824495436,-0.0022342188650976823,0.6003901282111923,5.933965579269102,0.031904108700931216,0.8847994714669968,neuron,w20_step8_highpass,,,,,
C. elegans,2023-01-16-08,ADLL,0.35577464629271666,0.8081488955431819,0.011477870618229183,0.6527324174729952,3.14395328328836,0.022825801985889793,0.9701206033555659,neuron,w20_step8_highpass,,,,,
C. elegans,2023-01-16-08,ASGL,0.3810411633497536,0.4935125452600305,0.011085519491165017,0.5510851618547405,5.782393895964135,0.023668392898634906,0.9186464947989615,neuron,w20_step8_highpass,,,,,
C. elegans,2023-01-16-08,AVEL,0.3649205857009781,0.38474564476582335,0.010560830842819807,0.4419112395289757,8.230132107863097,0.026587379414257165,0.8453451242886052,neuron,w20_step8_highpass,,,,,
C. elegans,2023-01-16-08,SAADL,0.3745568059280979,0.5211782274822476,-0.029345275392215812,0.5406816354901592,11.678328978142384,0.02620050854030542,0.9400109502786983,neuron,w20_step8_highpass,,,,,
C. elegans,2023-01-16-08,SMDVR,0.3987926182261814,0.5753581101060726,0.0032214778048808737,0.5781385704932993,5.246895804260835,0.029404572917169115,0.9417337681626821,neuron,w20_step8_highpass,,,,,
C. elegans,2023-01-16-08,RICL,0.30433683869280365,0.5647731926549017,-0.02072971904888288,0.4855147072684764,5.878977117183881,0.02302530886223403,0.9804534544803576,neuron,w20_step8_highpass,,,,,
C. elegans,2023-01-16-08,AQR,0.37744032277896267,0.3467240909164621,-0.01723810370835492,0.5245666113693906,7.611540122462696,0.02622114790665326,0.8139598545843365,neuron,w20_step8_highpass,,,,,
C. elegans,2023-01-16-08,SAAVL,0.3503109343474943,0.5527343026191444,-0.01177800236534526,0.6228284330939743,4.945262408484483,0.024016699626392326,0.966713250441307,neuron,w20_step8_highpass,,,,,
C. elegans,2023-01-16-08,AWBL,0.33881899623809303,0.690778149918768,0.019068677621812143,0.5945020739435546,3.43202376806575,0.020934589269930887,0.9811117731829188,neuron,w20_step8_highpass,,,,,
C. elegans,2023-01-16-08,URYVL,0.3606073484999361,0.5433516688242247,0.057096376786933606,0.5649611780085649,2.7989426242102566,0.026888547188452374,0.9354925125891329,neuron,w20_step8_highpass,,,,,
C. elegans,2023-01-16-08,ASEL,0.4005442843612941,0.7975213858732971,0.010533873733470395,0.4239680765351388,4.909101918858638,0.023563676392658623,0.9576113787108524,neuron,w20_step8_highpass,,,,,
C. elegans,2023-01-16-08,AIZR,0.3259081596629379,0.7059539704739607,0.03616594405803903,0.6994480973088628,2.69548744008671,0.027674786972408147,0.9834149022126045,neuron,w20_step8_highpass,,,,,
C. elegans,2023-01-16-08,CEPDL,0.3453437411785749,0.49863991287446613,0.057826475712309755,0.6063027212375582,4.369540199143193,0.025918329570959835,0.9583941823935115,neuron,w20_step8_highpass,,,,,
C. elegans,2023-01-16-08,RMDL,0.3699795612020668,0.4523536989320248,0.0678744584250002,0.5451111565637895,5.23313501457596,0.02105086690138888,0.9170458138536426,neuron,w20_step8_highpass,,,,,
C. elegans,2023-01-16-08,URBL,0.35657021574731984,0.4778007825478083,0.06753309549328415,0.49495473551507596,4.504051004801572,0.026709940353114105,0.9340029689968531,neuron,w20_step8_highpass,,,,,
C. elegans,2023-01-16-08,AUAL,0.37544346905669274,0.4722217079708825,0.009356970048427735,0.6113823546202983,4.711650620708032,0.026004202877410797,0.923487471004902,neuron,w20_step8_highpass,,,,,
C. elegans,2023-01-16-08,AVAL,0.37460771371022544,0.34910163966448216,-0.00814538031734958,0.6442955575283419,10.332054802247363,0.0268127990707961,0.8225631961024159,neuron,w20_step8_highpass,,,,,
C. elegans,2023-01-16-08,OLQVL,0.3909761575688075,0.449937505242108,0.06528821771182843,0.5967586232893148,3.5380361543530867,0.024330950758535932,0.8815933556067231,neuron,w20_step8_highpass,,,,,
C. elegans,2023-01-16-08,IL2DR,0.34028793275739877,0.7042801800310102,-0.010163520721944699,0.6218596269752026,5.090691332506169,0.022076873723135174,0.9673160655257086,neuron,w20_step8_highpass,,,,,
C. elegans,2023-01-16-08,AVDL,0.3297308964249723,0.6017596347285276,0.014568299694733174,0.6351668339107589,4.966011887622785,0.020196791608280834,0.957114750417904,neuron,w20_step8_highpass,,,,,
C. elegans,2023-01-16-08,OLQDR,0.33929157223215245,0.562086617221093,0.045214919744928285,0.45919621955870776,3.6807018437981616,0.01982525330945543,0.9570022410870264,neuron,w20_step8_highpass,,,,,
C. elegans,2023-01-16-08,FLPL,0.3159057075884263,0.677190569198177,0.05197603958615924,0.5198290390082095,4.911153511518783,0.014880454845131582,0.9716128367869664,neuron,w20_step8_highpass,,,,,
C. elegans,2023-01-16-08,AVER,0.37828395169595586,0.3597455895132529,0.000683837523110862,0.4281508187754386,5.441701771208722,0.029319081587243338,0.8428572950132562,neuron,w20_step8_highpass,,,,,
C. elegans,2023-01-16-08,ADEL,0.3195241314673098,0.6291233291728598,0.042372896068623336,0.5045730351148033,5.245055315341318,0.01572388341866556,0.966810587168468,neuron,w20_step8_highpass,,,,,
C. elegans,2023-01-16-08,RMDR,0.3625473239078376,0.5569602206076784,0.06405498444496778,0.6165651303532842,5.421159642512114,0.016627549535971037,0.9487737047734864,neuron,w20_step8_highpass,,,,,
C. elegans,2023-01-16-08,IL2DL,0.3371309092392083,0.6790802583883141,0.01826872614266103,0.42590213079319456,5.790678601458833,0.02034827112259714,0.9634631827776006,neuron,w20_step8_highpass,,,,,
C. elegans,2023-01-16-08,RID,0.3838299721835647,0.3947907712931622,0.009145277382471322,0.4440965443452198,4.326427243512318,0.02871369281420049,0.8586275089298431,neuron,w20_step8_highpass,,,,,
C. elegans,2023-01-16-08,AIBR,0.3704881290554919,0.4154456781047216,0.007350971823262363,0.5174132596132279,8.474451704276778,0.02553442934735108,0.8867966788791075,neuron,w20_step8_highpass,,,,,
C. elegans,2023-01-16-08,AINL,0.37422293790610595,0.6167617713279315,0.04659109198924239,0.42247828498050055,4.483364883594457,0.022706000013421018,0.9672563579673412,neuron,w20_step8_highpass,,,,,
C. elegans,2023-01-16-08,CEPVR,0.34043788220100063,0.5928346803694958,0.05549759330672799,0.3594102919460843,4.905571116964176,0.017087267497241012,0.9535730934625796,neuron,w20_step8_highpass,,,,,
C. elegans,2023-01-16-08,IL1L,0.3891627444844901,0.46427154801153164,0.059171700585204726,0.5852744343184123,3.793901021059566,0.023172227059234825,0.890928293831442,neuron,w20_step8_highpass,,,,,
C. elegans,2023-01-16-08,RIVR,0.36635892488266436,0.6585886393175016,0.06543693900801215,0.48244541229632804,5.122835558229694,0.01817417853544699,0.9656153350175619,neuron,w20_step8_highpass,,,,,
C. elegans,2023-01-16-08,AIZL,0.3285444250019154,0.6622102245837455,0.021566572736909914,0.6842579115454956,6.16160339360437,0.02163495339201609,0.9809447404299999,neuron,w20_step8_highpass,,,,,
C. elegans,2023-01-16-08,URXL,0.3742880613964095,0.4043018969484881,0.01685771398054086,0.4477103851645563,5.89834144090307,0.02819914897538389,0.9180631070147259,neuron,w20_step8_highpass,,,,,
C. elegans,2023-01-16-08,IL2L,0.3369179558301396,0.5749106339814605,0.03883723325979359,0.6038367926778133,4.174962909457838,0.01937103684222613,0.9550314672296912,neuron,w20_step8_highpass,,,,,
C. elegans,2023-01-16-08,IL1DL,0.3458218357477274,0.6211685948416195,0.06155404932004752,0.5498125701038261,5.869820882311492,0.02281672130865808,0.9609913071484859,neuron,w20_step8_highpass,,,,,
C. elegans,2023-01-16-08,RMDDR,0.3234214460070352,0.5270671134936572,0.029628311824952333,0.3606736416218329,5.8885753089210295,0.017701309333642796,0.9726706835670309,neuron,w20_step8_highpass,,,,,
C. elegans,2023-01-16-08,AWBR,0.31509379533399845,0.7123509016010375,0.013834801155415556,0.5453088849571184,3.263879226976878,0.019695221098056482,0.9851852451579682,neuron,w20_step8_highpass,,,,,
C. elegans,2023-01-16-08,IL1DR,0.34658749798678457,0.5154546927634972,0.03914883244102158,0.5266144682752067,6.31693733688925,0.025427311754517335,0.9572087776077886,neuron,w20_step8_highpass,,,,,
C. elegans,2023-01-16-08,RIVL,0.39603681326471324,0.6135495168318008,0.029099748633999105,0.4319254881740118,3.8729189442728185,0.019898882151364983,0.9548128667172139,neuron,w20_step8_highpass,,,,,
C. elegans,2023-01-16-08,URYDR,0.333139162101431,0.6607373095760346,0.009282788007881368,0.5530424492778615,3.647945166874081,0.020676061049244708,0.9715113872875173,neuron,w20_step8_highpass,,,,,
C. elegans,2023-01-16-08,AVJL,0.33634417790559634,0.5723614280842323,0.013676323803706165,0.6023371937445792,5.75311951666893,0.018265644722946645,0.9597284208284551,neuron,w20_step8_highpass,,,,,
C. elegans,2023-01-16-08,OLQDL,0.39370896933541416,0.5154561719537184,0.08391063226531562,0.4746594308193445,4.635346919969152,0.024272446919938403,0.919924461980041,neuron,w20_step8_highpass,,,,,
C. elegans,2023-01-16-08,AVBL,0.35741990900954396,0.7298980609210289,0.011949550099127283,0.47690671154048,5.158910547105402,0.021062928400223592,0.9799227534627443,neuron,w20_step8_highpass,,,,,
C. elegans,2023-01-16-08,AWAR,0.3055264930294107,0.6136974349396459,0.0009316046208470748,0.569951280058004,4.5763553011958376,0.021962417208700107,0.9682392406522652,neuron,w20_step8_highpass,,,,,
C. elegans,2023-01-16-08,SMDVL,0.38756828254244297,0.4395285688268259,0.028081840872816538,0.4435892635486337,5.2913709803084945,0.026759470221399705,0.8942845050068924,neuron,w20_step8_highpass,,,,,
C. elegans,2023-01-16-08,ADAL,0.3699942521810496,0.7816720366059859,0.030805333620541935,0.6105342364939943,4.325097078180058,0.0185169155344293,0.9831313271884358,neuron,w20_step8_highpass,,,,,
C. elegans,2023-01-16-08,AVAR,0.3754223093997425,0.3546417154763493,-0.031123106999208183,0.5529525285670429,7.158646917145365,0.026374540482354047,0.8349797195148506,neuron,w20_step8_highpass,,,,,
C. elegans,2023-01-16-08,RMDDL,0.3605364454963143,0.6786967611577817,0.020327362505097406,0.5162860561272961,4.871234497221485,0.02568526305835259,0.9797243919289523,neuron,w20_step8_highpass,,,,,
C. elegans,2023-01-16-08,RIBL,0.37809420947102196,0.35466276116577045,0.02126670280944129,0.512986459420262,4.810431796988749,0.02865473264332899,0.8448695131563055,neuron,w20_step8_highpass,,,,,
C. elegans,2023-01-16-15,URYDL,0.3087960940657104,0.6032494762287064,-0.01727995820815792,0.45226229949930374,5.630702203914701,0.021349201534108346,0.9726119724549638,neuron,w20_step8_highpass,,,,,
C. elegans,2023-01-16-15,OLQDR,0.3093242449606877,0.5777941930895292,0.06470031531502905,0.5510617935881428,9.504284696130895,0.021241098586069592,0.9659615872642591,neuron,w20_step8_highpass,,,,,
C. elegans,2023-01-16-15,AWAL,0.34897649108072865,0.6556666381129991,-0.020505008156941736,0.5564934636983168,5.755326171872068,0.02386200205784654,0.9416567024426487,neuron,w20_step8_highpass,,,,,
C. elegans,2023-01-16-15,CEPDL,0.3302272454930859,0.5428399044667336,0.07141445995290939,0.4967923818991805,7.241403591799589,0.026929063042727464,0.9239551069485803,neuron,w20_step8_highpass,,,,,
C. elegans,2023-01-16-15,CEPVR,0.25232715067545897,0.7319915120740423,0.014966448494926718,0.4048916619487019,5.072385634708601,0.01988974185619596,0.9767285721637698,neuron,w20_step8_highpass,,,,,
C. elegans,2023-01-16-15,IL2DL,0.2667359893095871,0.7355752041908262,0.03100805170876376,0.5028850379320435,5.844056698396714,0.020193781866953767,0.9793631714014471,neuron,w20_step8_highpass,,,,,
C. elegans,2023-01-16-15,OLLL,0.2923041433270465,0.5445831375146037,0.060435232494473884,0.5122667273499948,5.01800301977614,0.020777754145837827,0.9369037139257134,neuron,w20_step8_highpass,,,,,
C. elegans,2023-01-16-15,AWCL,0.2801758444881688,0.7080490084685456,0.024152765429019566,0.4297214628438741,6.752853995419218,0.01707263070894884,0.9739138854773117,neuron,w20_step8_highpass,,,,,
C. elegans,2023-01-16-15,IL1R,0.32963708347175674,0.5788124485545609,0.046892770197126205,0.5437364829889434,9.19990682260409,0.026169661630524563,0.9380992606267636,neuron,w20_step8_highpass,,,,,
C. elegans,2023-01-16-15,AUAR,0.3460568976711397,0.6013664042703062,0.052230784036906085,0.6332466988210552,8.070720888130465,0.026995392194726194,0.9286053238756189,neuron,w20_step8_highpass,,,,,
C. elegans,2023-01-16-15,AWBL,0.32325951584496976,0.7598903580992876,0.029167821456728922,0.537311441432631,6.733471169597841,0.02439655415450106,0.976075211315678,neuron,w20_step8_highpass,,,,,
C. elegans,2023-01-16-15,AVDL,0.2810792344351234,0.659073816215537,0.03582306499710802,0.43737693736136424,3.9681202501349775,0.018139449989361095,0.9748230090101311,neuron,w20_step8_highpass,,,,,
C. elegans,2023-01-16-15,CEPVL,0.3075380097131705,0.6072326754644726,0.06616113006874504,0.4389414319548973,5.800385759385147,0.025078959475800893,0.9617312131647068,neuron,w20_step8_highpass,,,,,
C. elegans,2023-01-16-15,RIVL,0.35647382657220866,0.5959657209402949,0.008621065924539813,0.4255487012334509,7.056969766907765,0.02123586344650857,0.9179261390545616,neuron,w20_step8_highpass,,,,,
C. elegans,2023-01-16-15,AVJR,0.277403061808006,0.6926698627760838,0.023573443503134995,0.600333466237531,6.219411848514261,0.01985840761647355,0.9685838611741309,neuron,w20_step8_highpass,,,,,
C. elegans,2023-01-16-15,RIR,0.3427920941863833,0.7707216698987277,0.019122529333355735,0.5885002333241603,3.5309010036891384,0.021998671214465106,0.9545751883198598,neuron,w20_step8_highpass,,,,,
C. elegans,2023-01-16-15,RIVR,0.3481170573851184,0.635641860384135,0.021163807610041673,0.3426148132771616,6.342447840705575,0.02232590312903546,0.9277586928302207,neuron,w20_step8_highpass,,,,,
C. elegans,2023-01-16-15,IL2DR,0.29295297710336776,0.7457085234109513,0.0195458893221874,0.41116663654723623,4.269491701587757,0.019344620932990164,0.9730903911189184,neuron,w20_step8_highpass,,,,,
C. elegans,2023-01-16-15,CEPDR,0.28532785200163646,0.6946235447308059,0.04379938157568125,0.5997420269825162,2.8967277967074767,0.02218942770637638,0.9819677519134746,neuron,w20_step8_highpass,,,,,
C. elegans,2023-01-16-15,URYVL,0.3164287009610359,0.6542620706955136,0.06963585265667425,0.4520459150597092,3.482200894929571,0.021186300073881212,0.9534887257584878,neuron,w20_step8_highpass,,,,,
C. elegans,2023-01-16-15,RICL,0.29437688784756216,0.6657117437192142,-0.0008389987107088683,0.4652890432425072,7.178019696864893,0.024452935652024173,0.97982664366875,neuron,w20_step8_highpass,,,,,
C. elegans,2023-01-16-15,RICR,0.30660088270660873,0.7520176871659164,0.007270771843031653,0.4093508936880243,7.484936508545306,0.02185011987127335,0.9740668147068959,neuron,w20_step8_highpass,,,,,
C. elegans,2023-01-16-15,OLQVL,0.3373214539653344,0.5380671808363219,0.07833858350445133,0.3607911335779703,5.296930045144692,0.019003587815142577,0.932548502553951,neuron,w20_step8_highpass,,,,,
C. elegans,2023-01-16-15,URBR,0.28855783457639583,0.7826183891344156,-0.002984895300291456,0.5970500475358673,6.579219503362152,0.0174174369793509,0.9815486464359301,neuron,w20_step8_highpass,,,,,
C. elegans,2023-01-16-15,URXR,0.3427332424046359,0.5584368783014002,0.028828292157447352,0.6016057680831162,7.985151214159359,0.023515605078345304,0.9258739288658605,neuron,w20_step8_highpass,,,,,
C. elegans,2023-01-16-15,RIBL,0.3642808529662997,0.4637292441676901,0.043582514472589144,0.6212006457123093,10.828259904928261,0.02563878374448967,0.8750229029517476,neuron,w20_step8_highpass,,,,,
C. elegans,2023-01-16-15,SMDDR,0.3337089099222104,0.4920343326130639,0.08396999058873938,0.5566432689294758,4.592883190906115,0.021454234763184296,0.9271247881211631,neuron,w20_step8_highpass,,,,,
C. elegans,2023-01-16-15,IL1VL,0.2794927219866505,0.7926730206450208,0.02516750573258107,0.6513247653368113,7.06478742631419,0.020481021613626325,0.9882630379843353,neuron,w20_step8_highpass,,,,,
C. elegans,2023-01-16-15,AIBL,0.3548679899316217,0.4550209947425458,-0.03579064708461299,0.7070486355165914,13.606128091428015,0.021938475699523965,0.8845632819407576,neuron,w20_step8_highpass,,,,,
C. elegans,2023-01-16-15,AVDR,0.277456862564147,0.6208631499473894,0.0558088212872496,0.35244445739375435,4.773881445127661,0.01993400169416103,0.9572077704396604,neuron,w20_step8_highpass,,,,,
C. elegans,2023-01-16-15,AVAL,0.3663160455810829,0.47565647350423634,-0.05885321539661357,0.5861915926820177,14.365878327258036,0.022457294882689646,0.8903010149016222,neuron,w20_step8_highpass,,,,,
C. elegans,2023-01-16-15,FLPL,0.293323660550565,0.7561034833635887,0.022688472787639496,0.5814879059031614,5.765541682818513,0.02101794843976327,0.9834390370709722,neuron,w20_step8_highpass,,,,,
C. elegans,2023-01-16-15,URXL,0.35968887890637263,0.5307433676428012,0.06279538126129984,0.607305758813362,7.77672683962664,0.021486627882892795,0.8857600576945321,neuron,w20_step8_highpass,,,,,
C. elegans,2023-01-16-15,OLQVR,0.29902399165390353,0.6273661627955135,0.07006144457393863,0.5026438548976089,5.368540844420131,0.018624061936456663,0.9681503692353615,neuron,w20_step8_highpass,,,,,
C. elegans,2023-01-16-15,AUAL,0.3424782556264532,0.5320118640898079,0.08654277617122587,0.5473601381265136,6.925874367769194,0.023958244068892055,0.9117610340113534,neuron,w20_step8_highpass,,,,,
C. elegans,2023-01-16-15,AWAR,0.3210258138950655,0.7588442507864868,0.01500062513570213,0.31640874999053314,5.155870117049316,0.023237054724858215,0.9601586455873485,neuron,w20_step8_highpass,,,,,
C. elegans,2023-01-16-15,RMDDL,0.3003634477145154,0.6521899845423651,0.033990606266176296,0.6912098504318543,9.15203171837923,0.019903003151410786,0.9698032924412803,neuron,w20_step8_highpass,,,,,
C. elegans,2023-01-16-15,AIZL,0.310004018494959,0.6462483920174423,0.046509743705428874,0.37133363409625725,7.268210836197713,0.020012674492095713,0.9610848418271852,neuron,w20_step8_highpass,,,,,
C. elegans,2023-01-16-15,ASGL,0.3599683535607821,0.5179498015965303,-0.039752955778759785,0.6179753933267498,11.773226996002931,0.02427223267995835,0.9028362540324417,neuron,w20_step8_highpass,,,,,
C. elegans,2023-01-16-15,ASIR,0.34218436443701195,0.7051160264616135,0.01249835814944532,0.571322767718392,6.898751391066792,0.025914762662846046,0.960361300387507,neuron,w20_step8_highpass,,,,,
C. elegans,2023-01-16-15,ASGR,0.33690587551606616,0.5346071955799474,-0.04827916166714015,0.5307213494633841,7.458785855387514,0.02205594923502194,0.9070384496026006,neuron,w20_step8_highpass,,,,,
C. elegans,2023-01-16-15,RIH,0.33019808463196915,0.7134794869873045,-0.00570890757750824,0.4951506070567603,4.733449125171697,0.023386897972393544,0.9701957994245108,neuron,w20_step8_highpass,,,,,
C. elegans,2023-01-16-15,IL1DR,0.30210141914061184,0.7666696763119883,0.03859442831634511,0.4375790562206477,4.965323505184082,0.020915361000066225,0.9825120085048314,neuron,w20_step8_highpass,,,,,
C. elegans,2023-01-16-15,AIBR,0.3693903507270427,0.47717502172791504,-0.01872663968509511,0.7171068759607218,12.864564920271505,0.02507650375335408,0.8726670202533342,neuron,w20_step8_highpass,,,,,
C. elegans,2023-01-16-15,SAAVL,0.29237068344312916,0.7477464087196863,0.002181998848634126,0.6255929622812483,5.451332326943249,0.020744830580557816,0.980229950909171,neuron,w20_step8_highpass,,,,,
C. elegans,2023-01-16-15,RMER,0.3605379090636505,0.5040334826567567,0.06820880099409023,0.5994000646306477,11.300967996374855,0.02579613922199938,0.8909985311122068,neuron,w20_step8_highpass,,,,,
C. elegans,2023-01-16-15,FLPR,0.2833615796967568,0.7734374779764628,0.02903125444191602,0.4996598609827722,5.473397380857716,0.019281706932717576,0.9825699552963084,neuron,w20_step8_highpass,,,,,
C. elegans,2023-01-16-15,AVER,0.35438407041471504,0.533774685186333,-0.04085549794092167,0.6971816832849002,8.49324552791861,0.02299344564211079,0.9192455728372906,neuron,w20_step8_highpass,,,,,
C. elegans,2023-01-16-15,URBL,0.32013610809165005,0.5861838839891813,0.07588356220066242,0.5987407470315982,7.678413425465866,0.02396009290981333,0.9615296777505853,neuron,w20_step8_highpass,,,,,
C. elegans,2023-01-16-15,RID,0.3680694250070316,0.5175800931539436,0.04299470435840304,0.6224882582534126,12.025058666611038,0.025044765115272365,0.8654392685171398,neuron,w20_step8_highpass,,,,,
C. elegans,2023-01-16-15,AINL,0.3290692082364469,0.8051926992182155,0.006127211516396735,0.5646091685220176,3.9387836673509824,0.022782336370453654,0.9767018033142625,neuron,w20_step8_highpass,,,,,
C. elegans,2023-01-16-15,AWBR,0.28767853753899447,0.7019898333885639,0.03913909586242528,0.6171360314342774,7.515453294333649,0.01922224578679138,0.9785561642120552,neuron,w20_step8_highpass,,,,,
C. elegans,2023-01-16-15,SMDVL,0.32662155593879755,0.5529734078190771,-0.012218844591696242,0.43070520639764237,6.946684207569932,0.019911968758250406,0.9267207149105723,neuron,w20_step8_highpass,,,,,
C. elegans,2023-01-16-15,IL1L,0.3283596485462105,0.5997519725305933,0.05099603472722317,0.7359956774463489,7.4215852031068605,0.023948074718679987,0.9487291632462391,neuron,w20_step8_highpass,,,,,
C. elegans,2023-01-16-15,AIZR,0.3039199157009235,0.5792464107770133,0.07031511628567619,0.49076173687939917,6.22302887132279,0.020290739190504715,0.9557932028851982,neuron,w20_step8_highpass,,,,,
C. elegans,2023-01-16-15,RMEL,0.3586837225101233,0.4809676285990059,0.10411376088769878,0.3423410136133969,6.8095906317992005,0.023082432699366846,0.8959724462454721,neuron,w20_step8_highpass,,,,,
C. elegans,2023-01-16-15,IL1VR,0.29926269720752796,0.6162996603333498,0.012467047915415374,0.44815749594181736,5.392739200537348,0.018676081606646126,0.9715363038796228,neuron,w20_step8_highpass,,,,,
C. elegans,2023-01-16-15,AVJL,0.280535689251112,0.6856758864289919,-0.00013728802443238526,0.5044634293451837,7.810605794488879,0.018114702314843113,0.9785214756765038,neuron,w20_step8_highpass,,,,,
C. elegans,2023-01-16-15,IL2L,0.3204076026328701,0.6403127582550888,0.06709942269923214,0.5844842316194219,5.947335201712848,0.02609794246597944,0.9651514088327269,neuron,w20_step8_highpass,,,,,
C. elegans,2023-01-16-15,ADEL,0.255019074321071,0.7424018751830069,2.0174792982153086e-05,0.4127315666064209,6.231732092936486,0.018429000358291054,0.9849842503134968,neuron,w20_step8_highpass,,,,,
C. elegans,2023-01-16-15,OLQDL,0.34178822081480986,0.5833016056087629,0.0616320634308982,0.5321505840745914,3.309860740918687,0.01962765437226914,0.9311052429834974,neuron,w20_step8_highpass,,,,,
C. elegans,2023-01-16-15,RMDVL,0.3058707092590207,0.6341163633688653,-0.020288951278320023,0.5977325090428157,6.736946556710728,0.022379652281586993,0.9648931116036582,neuron,w20_step8_highpass,,,,,
C. elegans,2023-01-16-15,IL1DL,0.25591634657704987,0.7525441615569785,-0.00016143599036242383,0.5887983270438899,5.4159453067865275,0.01641894585051981,0.9734222460392788,neuron,w20_step8_highpass,,,,,
C. elegans,2023-01-16-15,IL2VR,0.2750858298649685,0.7759975542776475,0.026529833513669356,0.4826328839944881,4.491182766154595,0.01865561169778457,0.9777174573737788,neuron,w20_step8_highpass,,,,,
C. elegans,2023-01-16-15,BAGL,0.37341788987913943,0.598017235513391,-0.023063537649875124,0.575244194508615,3.3901446119521887,0.024135401794997687,0.9278692812969374,neuron,w20_step8_highpass,,,,,
C. elegans,2023-01-16-15,URYVR,0.3106581173590962,0.75173317675978,0.013643911370264552,0.5426984456681513,6.679067331091215,0.021139099259333202,0.9793426106477503,neuron,w20_step8_highpass,,,,,
C. elegans,2023-01-16-15,AINR,0.28467614881792785,0.7164136432756516,-0.014058555135148407,0.3576947138330337,6.551507903075642,0.022398266740697864,0.9696948597139555,neuron,w20_step8_highpass,,,,,
C. elegans,2023-01-16-15,IL2VL,0.28066848135572103,0.7800984301890612,0.0045547167211575906,0.37523747599449214,6.303552225233906,0.01915268769931688,0.9796798587731838,neuron,w20_step8_highpass,,,,,
C. elegans,2023-01-16-15,ASEL,0.32449236776492574,0.6988825961543293,0.029143737331590487,0.5757981428338218,5.90917430599415,0.02143064283410984,0.9654132323256949,neuron,w20_step8_highpass,,,,,
C. elegans,2023-01-16-15,OLLR,0.32231415955072257,0.5636371821323161,0.06593892102393709,0.48172458206135255,4.930312583198017,0.01796159302979368,0.937796877164425,neuron,w20_step8_highpass,,,,,
C. elegans,2023-01-16-22,URAVR,0.305083939691769,0.7232080276753546,0.00650011408743225,0.35858034138340933,5.579217295880259,0.027468736091513714,0.9757880874741457,neuron,w20_step8_highpass,,,,,
C. elegans,2023-01-16-22,AIYL,0.33769958503537434,0.6191621474147048,0.04775823926150716,0.4532604589374878,6.872945867829133,0.028794302962270004,0.9575577493627097,neuron,w20_step8_highpass,,,,,
C. elegans,2023-01-16-22,AVDL,0.3209329786783321,0.6637017594617849,0.016787347904376533,0.5031581835387575,3.3148096835228924,0.02522123760622226,0.9658120984098031,neuron,w20_step8_highpass,,,,,
C. elegans,2023-01-16-22,RICR,0.28384868972418925,0.6609678725090731,0.04154321710020147,0.504851063615437,6.236619171579086,0.024517025490892047,0.9758276047906402,neuron,w20_step8_highpass,,,,,
C. elegans,2023-01-16-22,SMDVL,0.37530464027112265,0.5434829225387012,0.05688517033832304,0.4716425774273792,6.19105888412685,0.028838874335862606,0.9243546726842685,neuron,w20_step8_highpass,,,,,
C. elegans,2023-01-16-22,AVJL,0.32777266249349,0.6418995488962697,0.054506358322719356,0.503467445302907,6.068121335143769,0.025541640201043738,0.9725571583302371,neuron,w20_step8_highpass,,,,,
C. elegans,2023-01-16-22,RMEV,0.3571238943493129,0.4637604656024339,0.05011433099782491,0.3085791548124767,6.508740165911716,0.029597130485020513,0.8914434217765971,neuron,w20_step8_highpass,,,,,
C. elegans,2023-01-16-22,IL1R,0.36579335615861486,0.54229524047593,0.04281885177493109,0.4506989137617095,6.1345366407590385,0.028062830207611807,0.928756549942656,neuron,w20_step8_highpass,,,,,
C. elegans,2023-01-16-22,CEPDL,0.29460730561017334,0.7653996018379267,0.02542221900658942,0.6440715900491979,2.452795965689845,0.027159317950952642,0.9803168190003915,neuron,w20_step8_highpass,,,,,
C. elegans,2023-01-16-22,IL1VR,0.33614702211335085,0.5720354769998639,0.039542844848283965,0.362442266779941,4.178067705033184,0.03160242398008495,0.952358802956069,neuron,w20_step8_highpass,,,,,
C. elegans,2023-01-16-22,IL1DR,0.3341415425050475,0.5275371899288431,0.0552560942677402,0.4487626212969357,6.629175548440294,0.03006989638840098,0.9377946017307952,neuron,w20_step8_highpass,,,,,
C. elegans,2023-01-16-22,RMDVL,0.30100575897803916,0.6645961811936268,0.038424477543214784,0.5858645994712748,6.7192843785086,0.026083639702793007,0.9780792318139113,neuron,w20_step8_highpass,,,,,
C. elegans,2023-01-16-22,AVBL,0.3549624000145497,0.40380531098830375,0.01754476148647715,0.23453859799126245,6.072775752247279,0.028880657976373583,0.8656909590076677,neuron,w20_step8_highpass,,,,,
C. elegans,2023-01-16-22,IL2DR,0.31347698548463543,0.660814427125447,0.033496509301288974,0.49018253980607196,6.3731517331347245,0.028943972657232007,0.975312092085612,neuron,w20_step8_highpass,,,,,
C. elegans,2023-01-16-22,RIVR,0.3571343158281181,0.6506825327984047,0.039108238705027866,0.40624234712781315,5.779015798356668,0.028617173766859485,0.9479087347624635,neuron,w20_step8_highpass,,,,,
C. elegans,2023-01-16-22,RMDL,0.3334668943893344,0.6157816637048508,0.01744330369288889,0.5399035943192799,5.326867284120301,0.024845456810834724,0.9695185579355377,neuron,w20_step8_highpass,,,,,
C. elegans,2023-01-16-22,URBL,0.29339763162672017,0.6000868992842291,0.030708934776024245,0.4787390157221596,5.649670678605724,0.018657760151437483,0.9620527990203406,neuron,w20_step8_highpass,,,,,
C. elegans,2023-01-16-22,ASEL,0.35786351063026683,0.6775735339594646,0.0038260383207187405,0.49047635072537094,4.239464191356516,0.029881425807956597,0.9595323696927368,neuron,w20_step8_highpass,,,,,
C. elegans,2023-01-16-22,IL2VR,0.34457560672977094,0.7530705187275368,0.02150978892998831,0.4918877971186736,6.617310992327434,0.026346678562982534,0.9745840175015714,neuron,w20_step8_highpass,,,,,
C. elegans,2023-01-16-22,AWCL,0.33026806638746653,0.7070361132276561,0.026817968766544596,0.5607257388370773,8.564388312926733,0.026420114234763502,0.9797954431073786,neuron,w20_step8_highpass,,,,,
C. elegans,2023-01-16-22,FLPL,0.3083330136873919,0.699158816583966,0.03628611678382635,0.48369598261163876,5.2162733018617695,0.02888138394517113,0.9776299267605677,neuron,w20_step8_highpass,,,,,
C. elegans,2023-01-16-22,RMER,0.3399391760505755,0.4511920548386413,0.06404338014731091,0.2664577014100582,7.294622411758028,0.0329745903743359,0.9265272626111258,neuron,w20_step8_highpass,,,,,
C. elegans,2023-01-16-22,AVDR,0.2803956512331945,0.5596789674385619,0.012157174034525419,0.5864889730979296,6.24031651486591,0.024596201777174535,0.9589644033098141,neuron,w20_step8_highpass,,,,,
C. elegans,2023-01-16-22,AIYR,0.306940061511153,0.7118699507284684,0.045226294301581454,0.48065409565411804,5.990928108358105,0.028808785002692825,0.9771640705840616,neuron,w20_step8_highpass,,,,,
C. elegans,2023-01-16-22,IL2L,0.3015016996542135,0.7009581405484754,0.040049656787524174,0.5727357145096076,4.227410339788841,0.023774036452271517,0.9743164432199161,neuron,w20_step8_highpass,,,,,
C. elegans,2023-01-16-22,CEPDR,0.30577273267356125,0.5171843720739966,0.02580282379802261,0.43358206238242963,3.9464522389139187,0.02713743125072286,0.9493221598007714,neuron,w20_step8_highpass,,,,,
C. elegans,2023-01-16-22,IL1L,0.31772161317588804,0.6711059910478521,0.061228805749740246,0.5762405177483124,2.9873454208520958,0.024268929330560494,0.9731621102324601,neuron,w20_step8_highpass,,,,,
C. elegans,2023-01-16-22,RICL,0.33098240085518243,0.5521667716954908,0.019497635679328676,0.39844256965056796,7.706579191773082,0.03175795280074182,0.9429810916313931,neuron,w20_step8_highpass,,,,,
C. elegans,2023-01-16-22,AIZL,0.30538620233149305,0.7028093173766725,0.016750559608777634,0.5492183801353897,4.667506455605235,0.02497375115013891,0.9790221728769438,neuron,w20_step8_highpass,,,,,
C. elegans,2023-01-16-22,RIVL,0.36723275644494763,0.6425836428214949,0.0419570168968305,0.47198754171673785,4.215828458757596,0.02677939251676643,0.9434214797658328,neuron,w20_step8_highpass,,,,,
C. elegans,2023-01-16-22,BAGL,0.3696921825108197,0.6735225058032944,0.06720714826056606,0.23100865427951406,5.306853304331097,0.025488251928908967,0.941707543903713,neuron,w20_step8_highpass,,,,,
C. elegans,2023-01-16-22,SAADR,0.35556227175882776,0.6460400121383552,-0.02739616274207422,0.22563049613708325,4.506418273007552,0.032028187134847806,0.9425611212135282,neuron,w20_step8_highpass,,,,,
C. elegans,2023-01-16-22,RMDVR,0.3066385581896574,0.6144067931460082,0.0068338143345286284,0.44652026602258427,5.497509456720147,0.02754522091853847,0.9678729993275882,neuron,w20_step8_highpass,,,,,
C. elegans,2023-01-16-22,AINR,0.3283096595879237,0.7524890038957656,0.010304600500695088,0.4118157507325907,4.602134176345653,0.023692564289215224,0.9720361344294652,neuron,w20_step8_highpass,,,,,
C. elegans,2023-01-16-22,IL2VL,0.295923168896725,0.7106532444742565,0.008256498762907063,0.5197780347133717,3.1066246832083193,0.021262454931826224,0.9775039419012516,neuron,w20_step8_highpass,,,,,
C. elegans,2023-01-16-22,ASIR,0.30212925447913064,0.7874968742937676,-0.0021267453324735606,0.3645353601932071,5.604394100929727,0.02661552507533647,0.9836000095776313,neuron,w20_step8_highpass,,,,,
C. elegans,2023-01-16-22,OLLR,0.3352064807397417,0.6043907388658992,0.08937436960165285,0.5538130853569476,4.443454021084458,0.028290161839441202,0.9348672147545447,neuron,w20_step8_highpass,,,,,
C. elegans,2023-01-16-22,RIBL,0.37061515340587825,0.4256206736128684,0.021090515091442795,0.24748189354510977,4.211706345428403,0.028063112571093802,0.8492322897218754,neuron,w20_step8_highpass,,,,,
C. elegans,2023-01-16-22,URYVR,0.3131859371625944,0.6465182852026298,0.013953781774184803,0.5113678271470354,7.6372756586390125,0.025418554534057745,0.978432798019317,neuron,w20_step8_highpass,,,,,
C. elegans,2023-01-16-22,AUAL,0.326621918886197,0.5986763253020088,-0.01952089114901365,0.2886073774006582,5.387300547749352,0.02716375283755266,0.9525500294821926,neuron,w20_step8_highpass,,,,,
C. elegans,2023-01-16-22,IL1DL,0.3534099947606273,0.4879974683977011,-0.016970544934220403,0.3050022859548988,4.655213728176896,0.03115679314037523,0.9332621276254873,neuron,w20_step8_highpass,,,,,
C. elegans,2023-01-16-22,SAADL,0.3599277467832003,0.6497835215109372,0.019256459999926204,0.4862313661756194,4.068363876043876,0.02724083459330512,0.9428945732368009,neuron,w20_step8_highpass,,,,,
C. elegans,2023-01-16-22,OLQVL,0.3500748767979783,0.5315508208976153,0.08710289040886389,0.4871915139928472,5.233075640258653,0.02331602809195992,0.9393952246954047,neuron,w20_step8_highpass,,,,,
C. elegans,2023-01-16-22,URAVL,0.2887571051050397,0.7192738573388348,-0.005617702051675698,0.5040410510454493,6.024531174847242,0.025917457210650627,0.9788380086886808,neuron,w20_step8_highpass,,,,,
C. elegans,2023-01-16-22,RIML,0.37627476344759275,0.48506692713876354,-0.06681635616755828,0.264791858905581,4.980881960273763,0.028861539791325188,0.8802170055490527,neuron,w20_step8_highpass,,,,,
C. elegans,2023-01-16-22,OLLL,0.3358454045357979,0.5329622717794005,0.08294698381369432,0.5797428823731499,2.7314055759510993,0.023095614236242564,0.9167314723465387,neuron,w20_step8_highpass,,,,,
C. elegans,2023-01-16-22,RIS,0.3475375697848901,0.583986771157315,0.04320965735382216,0.3743931342723546,4.484160345002216,0.03198567673402718,0.9578936049465904,neuron,w20_step8_highpass,,,,,
C. elegans,2023-01-16-22,OLQDL,0.3586083659019388,0.5629498332035594,0.08279281927897678,0.655481186317202,3.314571164636385,0.024020054555399264,0.9251413304713906,neuron,w20_step8_highpass,,,,,
C. elegans,2023-01-16-22,CEPVL,0.3031646834477938,0.5573816735590568,0.08112629548763566,0.634872905535074,2.9601934812458346,0.026174388051923066,0.9521150173664298,neuron,w20_step8_highpass,,,,,
C. elegans,2023-01-16-22,AVJR,0.3127044076130555,0.6801714996230525,0.0615842365264176,0.6587445442822066,4.790276501049718,0.02272118903014466,0.9771930144617991,neuron,w20_step8_highpass,,,,,
C. elegans,2023-01-16-22,RMDDR,0.290886613259587,0.6924547049351961,0.005390397527043634,0.3401121624167376,5.619994432632269,0.023831962912165872,0.9804988205846797,neuron,w20_step8_highpass,,,,,
C. elegans,2023-01-16-22,OLQVR,0.3081908779409255,0.45959912580651663,0.04592105671017456,0.6544303011023919,5.714029022352197,0.01960147173250009,0.9533501870308834,neuron,w20_step8_highpass,,,,,
C. elegans,2023-01-16-22,AIBL,0.37093595888111797,0.4348072664003995,-0.0340084098664622,0.15537491731863282,5.619073056833433,0.030019457588047554,0.8466457817276455,neuron,w20_step8_highpass,,,,,
C. elegans,2023-01-16-22,RIH,0.3433743784604246,0.5712711604514469,0.08605139853565065,0.5480425340518467,3.070864604808033,0.02863881968580266,0.9492072106034045,neuron,w20_step8_highpass,,,,,
C. elegans,2023-01-16-22,ASIL,0.34716997204144934,0.8428919626175982,-0.016100862743215833,0.39772328136751006,6.5386162541548245,0.03087904144391196,0.9644348535455768,neuron,w20_step8_highpass,,,,,
C. elegans,2023-01-16-22,IL1VL,0.3182890966778801,0.7216241692148805,0.044219570471241566,0.4588047973660001,5.02425849714885,0.02517908191796762,0.9765677185286633,neuron,w20_step8_highpass,,,,,
C. elegans,2023-01-16-22,URBR,0.3126103765684125,0.5245811997389339,0.02089691381128332,0.46441920405240184,6.003768211820181,0.0247747548742085,0.956123429755151,neuron,w20_step8_highpass,,,,,
C. elegans,2023-01-16-22,RMEL,0.37428936485266173,0.4603618439832142,0.06360719455078755,0.3779277596720875,4.812247418953647,0.02848331574984998,0.8799126374726536,neuron,w20_step8_highpass,,,,,
C. elegans,2023-01-16-22,AIZR,0.2936087833844125,0.6125672497326198,0.038680951521940454,0.45855239725214414,4.497763666858321,0.022967262277663027,0.9727969115405813,neuron,w20_step8_highpass,,,,,
C. elegans,2023-01-16-22,IL2DL,0.30464730894862063,0.7532027593284786,0.04035546683698696,0.4901764457013904,3.2826416199796276,0.027691842299703368,0.9835262286422705,neuron,w20_step8_highpass,,,,,
C. elegans,2023-01-16-22,AWBL,0.3341424162574144,0.592415668300513,0.0410608678061653,0.4396650234808503,3.9763049479324555,0.02483124496669477,0.9671351808713999,neuron,w20_step8_highpass,,,,,
C. elegans,2023-01-16-22,URXR,0.2942103146162855,0.548936129947625,0.02134466075316344,0.5356816907184807,4.379349659777166,0.02298259600698198,0.9540896191888989,neuron,w20_step8_highpass,,,,,
C. elegans,2023-01-16-22,URYDL,0.33569048233484344,0.5858855507540808,0.030032938420346877,0.5971241493912458,3.802317803956188,0.032657354751143106,0.9449761467492571,neuron,w20_step8_highpass,,,,,
C. elegans,2023-01-16-22,AVHL,0.3084013185520972,0.5188769687102351,0.028531265732618976,0.6144531842723316,4.954633339251195,0.026083957586223915,0.9518874540024788,neuron,w20_step8_highpass,,,,,
C. elegans,2023-01-16-22,FLPR,0.28246366461742745,0.6275422773851835,0.016828566256058063,0.5857430890559681,3.425595327448837,0.028116546453331333,0.958783321252377,neuron,w20_step8_highpass,,,,,
C. elegans,2023-01-16-22,AIBR,0.3602188107546039,0.41431035062128474,-0.020572769874769616,0.17688399461411108,4.573325761224371,0.029896480786404167,0.8766477011798667,neuron,w20_step8_highpass,,,,,
C. elegans,2023-01-16-22,RIMR,0.37420992659999075,0.4230389758114398,-0.0754096551840491,0.2697682058101066,4.327893738208419,0.031526473893555916,0.8561831953754377,neuron,w20_step8_highpass,,,,,
C. elegans,2023-01-16-22,ASHL,0.3341207777607234,0.6953992738090486,0.029530836841162936,0.5143988211794789,4.093700931447532,0.029438803708350794,0.9631966255282426,neuron,w20_step8_highpass,,,,,
C. elegans,2023-01-16-22,OLQDR,0.3211962859942474,0.547319091457385,0.06349845138170723,0.48798077670836026,3.6997009620534906,0.025866676994645923,0.9549449292131953,neuron,w20_step8_highpass,,,,,
C. elegans,2023-01-16-22,URYDR,0.3203298567853386,0.6391489820382507,0.06524434585404133,0.6442554890773208,5.5625543679416305,0.02852596458524876,0.9587438910467334,neuron,w20_step8_highpass,,,,,
C. elegans,2023-01-16-22,URYVL,0.34626607220640276,0.5099048896425746,0.004162855351604814,0.37053128973713173,6.608416922524041,0.034285738239386576,0.9240896804424378,neuron,w20_step8_highpass,,,,,
C. elegans,2023-01-16-22,AUAR,0.3604014118102654,0.4273948414438644,0.014456013052665487,0.23379832330529324,4.585420001547216,0.026976532977315046,0.8677165710674322,neuron,w20_step8_highpass,,,,,
C. elegans,2023-01-16-22,ASGL,0.35961179836078766,0.6573671836215239,-0.01609871016863597,0.39452704452437853,5.512886472753722,0.032835971141303794,0.9511887288867729,neuron,w20_step8_highpass,,,,,
C. elegans,2023-01-17-07,ADAL,0.3207530010729252,0.6134882178324759,0.0676195806688481,0.41136466553659423,8.146426758806452,0.023151666532111814,0.9539580920779022,neuron,w20_step8_highpass,,,,,
C. elegans,2023-01-17-07,OLQDR,0.3662125135087808,0.5045345513350986,0.12893958488538193,0.44253194024682707,6.289167641494661,0.01993891358150016,0.90153485238934,neuron,w20_step8_highpass,,,,,
C. elegans,2023-01-17-07,CEPVR,0.3389270454288325,0.5021493492621285,0.09072107530054829,0.4946594238886809,4.755161106627029,0.01957337789175932,0.9263182521586676,neuron,w20_step8_highpass,,,,,
C. elegans,2023-01-17-07,AVAR,0.381959486936736,0.37039884423703523,-0.006243233579524562,0.5218446064068932,6.201992741882705,0.019774637394969374,0.819840744359226,neuron,w20_step8_highpass,,,,,
C. elegans,2023-01-17-07,AVDR,0.31088045906677103,0.5915736103358487,0.011220685294541522,0.5813290791514548,8.402133969020309,0.01901899260942128,0.9698545363079457,neuron,w20_step8_highpass,,,,,
C. elegans,2023-01-17-07,AUAL,0.326740495395075,0.6180364548059867,-0.024645808606865157,0.5568700957545777,6.110647567224956,0.018940483451362643,0.9674863029483347,neuron,w20_step8_highpass,,,,,
C. elegans,2023-01-17-07,ASGL,0.3608902576094153,0.5484111807081229,0.004128080134211355,0.4971676687252379,3.9660998568208345,0.024247440446062512,0.9141101432881663,neuron,w20_step8_highpass,,,,,
C. elegans,2023-01-17-07,RMDVR,0.324090559533847,0.6607566781146461,0.05521307711356108,0.5419055168384741,6.825999317547624,0.020947875189520574,0.9759074502218151,neuron,w20_step8_highpass,,,,,
C. elegans,2023-01-17-07,AIZL,0.3143755960258273,0.7136719024604418,0.03959647586573936,0.6295944442894255,3.2337614579340324,0.019045276332102845,0.9876011555935817,neuron,w20_step8_highpass,,,,,
C. elegans,2023-01-17-07,RIH,0.3497023461264651,0.587107776257249,0.007295154813204833,0.5644453781931715,5.169517540904332,0.022147663160303747,0.9571169632466647,neuron,w20_step8_highpass,,,,,
C. elegans,2023-01-17-07,IL1DL,0.3325656846104124,0.4907488863745751,0.10089540115836994,0.44961247280271244,4.924605698846386,0.02131958674412235,0.9229215171980636,neuron,w20_step8_highpass,,,,,
C. elegans,2023-01-17-07,URXL,0.324266121163717,0.39202911045909944,0.03379081301970273,0.6683244476157648,13.569172659045963,0.01801194622116427,0.8873923083783546,neuron,w20_step8_highpass,,,,,
C. elegans,2023-01-17-07,AIBR,0.3670264902970446,0.406693988081498,0.03774883389156253,0.5154912543447335,6.472204363109478,0.02168266716847105,0.8307545901958081,neuron,w20_step8_highpass,,,,,
C. elegans,2023-01-17-07,RMEL,0.3612905975652373,0.49083469562929116,0.07344488710024305,0.3704235739222452,5.563691822141223,0.01794261234316371,0.9203078317004487,neuron,w20_step8_highpass,,,,,
C. elegans,2023-01-17-07,AVJL,0.3065587530309006,0.3750558128543096,0.00016571113336283613,0.5825477152227104,6.660757891618633,0.01876757036513093,0.893951489038619,neuron,w20_step8_highpass,,,,,
C. elegans,2023-01-17-07,AIZR,0.3145215901360815,0.7920192975845803,0.0334837623994408,0.5299586234912804,7.062020059449455,0.016776807730596366,0.9857024887993638,neuron,w20_step8_highpass,,,,,
C. elegans,2023-01-17-07,AVER,0.37494158189033105,0.3517285964954608,-0.004258298380784236,0.49155306295650386,6.745623874144355,0.02213248618313958,0.8123787290157239,neuron,w20_step8_highpass,,,,,
C. elegans,2023-01-17-07,RIAL,0.33450767653643876,0.5610400104718392,0.07086470397564375,0.4746664432492634,6.551047327205499,0.01893614266935451,0.9626618346238497,neuron,w20_step8_highpass,,,,,
C. elegans,2023-01-17-07,AWAL,0.3539871831175111,0.6347462355971066,0.009769804659236376,0.6057186407843034,4.810623785453625,0.021785354248871326,0.9593931998174285,neuron,w20_step8_highpass,,,,,
C. elegans,2023-01-17-07,FLPL,0.3364838252394278,0.6250353015541213,0.0017433748763322357,0.49401248893132066,5.755454924045341,0.020512890769074973,0.9741931553462277,neuron,w20_step8_highpass,,,,,
C. elegans,2023-01-17-07,RMER,0.3489053267676319,0.467552384483977,0.0702680473576528,0.3834278664119293,4.466349870925309,0.023670356623398628,0.9461853224284859,neuron,w20_step8_highpass,,,,,
C. elegans,2023-01-17-07,IL1L,0.3548050158856594,0.5255625329705972,0.0988825859609637,0.5560642388872525,9.251673020403755,0.023928029570428232,0.8994378625148279,neuron,w20_step8_highpass,,,,,
C. elegans,2023-01-17-07,CEPVL,0.33174831172695307,0.5908656039705266,0.09950272226955476,0.48985087308757047,6.865783953884787,0.02249294437318554,0.9497571142388395,neuron,w20_step8_highpass,,,,,
C. elegans,2023-01-17-07,ASEL,0.3298986473886177,0.7314435424193269,0.00025292184008763317,0.47328928736545156,5.611912115007146,0.020629924627394682,0.9837566359281429,neuron,w20_step8_highpass,,,,,
C. elegans,2023-01-17-07,CEPDR,0.33399797400809145,0.4688101400215511,0.0788738829418786,0.4607235148857352,5.977983575560288,0.019154005187206433,0.9490243076187389,neuron,w20_step8_highpass,,,,,
C. elegans,2023-01-17-07,ADEL,0.32581191660764397,0.6689396951184974,-0.01584122985932105,0.6682906254281807,8.260021737373092,0.021999749011686828,0.9761550977051479,neuron,w20_step8_highpass,,,,,
C. elegans,2023-01-17-07,AIBL,0.37626927258187504,0.41076466299246267,0.04957290857394782,0.5112914200615739,7.42939258320541,0.023284441866929587,0.8239732299573663,neuron,w20_step8_highpass,,,,,
C. elegans,2023-01-17-07,RMED,0.3611013093200957,0.6061499030393827,0.020565734262299934,0.4669690890622116,4.689138060420952,0.02377167340945743,0.9446847837556887,neuron,w20_step8_highpass,,,,,
C. elegans,2023-01-17-07,RIVL,0.37139691449766216,0.44122970313144944,0.06432067934932588,0.4743746895298789,4.225414476962599,0.01509255265314547,0.9078070219896285,neuron,w20_step8_highpass,,,,,
C. elegans,2023-01-17-07,RICL,0.31282246058443647,0.6409430203356752,-0.03156318276072383,0.5340088480406112,6.21920412977958,0.021909461065228158,0.9818599712844911,neuron,w20_step8_highpass,,,,,
C. elegans,2023-01-17-07,IL1R,0.35573593910049006,0.4511706560071837,0.043027743946965166,0.47373609707371817,4.165711284647569,0.01681392936749389,0.937354023288149,neuron,w20_step8_highpass,,,,,
C. elegans,2023-01-17-07,URBR,0.3146145666080593,0.46161943673601136,0.0853844563137595,0.5589722902740126,5.74996923861568,0.017507112449212596,0.9449900323750344,neuron,w20_step8_highpass,,,,,
C. elegans,2023-01-17-07,IL2DR,0.31672116749416146,0.6438491971910911,0.010517646274312566,0.46121105421416225,6.298689628242638,0.02235254665254313,0.9773239257649105,neuron,w20_step8_highpass,,,,,
C. elegans,2023-01-17-07,OLLL,0.3515158628206741,0.45191435156687537,0.13333418036154146,0.5136534957941341,6.771358906732729,0.018623265607182835,0.8648553970751899,neuron,w20_step8_highpass,,,,,
C. elegans,2023-01-17-07,RIVR,0.3578047564439678,0.5604037687967108,0.0724946150498602,0.5531113528916004,5.197572854556787,0.019023526260509096,0.937129968088025,neuron,w20_step8_highpass,,,,,
C. elegans,2023-01-17-07,RMDL,0.36194859900778137,0.6625183477926561,0.08732813978428813,0.5512964809122425,5.086001907147353,0.020157391421943966,0.9497585510645135,neuron,w20_step8_highpass,,,,,
C. elegans,2023-01-17-07,IL2VR,0.3171865711832572,0.7443444811869454,0.0145465618445567,0.6086307163897943,1.6649194807419574,0.018194081337716533,0.9741444622259015,neuron,w20_step8_highpass,,,,,
C. elegans,2023-01-17-07,OLQVL,0.37358851778777974,0.5034901207532978,0.10065034115632836,0.5926455034260583,7.112795408811722,0.019485002142732827,0.890796668159633,neuron,w20_step8_highpass,,,,,
C. elegans,2023-01-17-07,AINL,0.3203144555173631,0.6486608247692155,0.011235447778602638,0.5685259506378494,4.177544511170932,0.022208496924728288,0.978184516134293,neuron,w20_step8_highpass,,,,,
C. elegans,2023-01-17-07,AVJR,0.3363348712734166,0.7818996185545107,0.04129888658146698,0.5534059150594242,9.078798582538054,0.023393251020134218,0.9806226469385085,neuron,w20_step8_highpass,,,,,
C. elegans,2023-01-17-07,URADL,0.27871367785904694,0.6686191518362936,0.05519922374639136,0.25019300651605225,5.767087666368336,0.019742445099707066,0.9793191566463478,neuron,w20_step8_highpass,,,,,
C. elegans,2023-01-17-07,SMDDL,0.3657343703779497,0.4931642494784938,-0.04217286220307124,0.5580484589804745,6.080555685115306,0.019777015307769093,0.9383535242222825,neuron,w20_step8_highpass,,,,,
C. elegans,2023-01-17-07,IL1VR,0.3679244806221668,0.543251764188934,0.06711419043832806,0.48865662308761965,5.558985729996147,0.021635496674327133,0.9382956748334185,neuron,w20_step8_highpass,,,,,
C. elegans,2023-01-17-07,IL2VL,0.2965644600441969,0.6769373454424581,0.05076827202158298,0.5017448482216654,5.971982323049162,0.01976493749698193,0.9799120678212704,neuron,w20_step8_highpass,,,,,
C. elegans,2023-01-17-07,SAAVL,0.3355360913155652,0.5416920757878898,-0.0015694995751918406,0.4779890440437967,4.818974077083422,0.024466279776590875,0.9413082319824857,neuron,w20_step8_highpass,,,,,
C. elegans,2023-01-17-07,RMDDL,0.32550673346618675,0.41988364647708015,-0.014671808151656276,0.43024362457529297,7.495895038808821,0.015672176454666176,0.8912664239273679,neuron,w20_step8_highpass,,,,,
C. elegans,2023-01-17-07,ASGR,0.3456985001418105,0.567775880746632,0.01658098466991636,0.5345102830023103,4.585381257940552,0.021811938068519172,0.9393223473770188,neuron,w20_step8_highpass,,,,,
C. elegans,2023-01-17-07,SMDVR,0.3346494289420945,0.70727559368028,0.01583708644203511,0.5541148027461167,4.755009799325013,0.02293608989003001,0.9711855227950319,neuron,w20_step8_highpass,,,,,
C. elegans,2023-01-17-07,AVDL,0.3282841158228983,0.6490088839352582,0.023260112378329516,0.5079055662840745,5.545305652569864,0.01871432479431678,0.9732836959288004,neuron,w20_step8_highpass,,,,,
C. elegans,2023-01-17-07,OLQDL,0.36476472041957403,0.4643971752461245,0.1040665658041807,0.622907645564533,6.4694278834140135,0.017714969846992706,0.8632009952963797,neuron,w20_step8_highpass,,,,,
C. elegans,2023-01-17-07,OLLR,0.35846160097196034,0.4534640111323215,0.13707289545728854,0.43974088197228645,6.40046095044521,0.021573711130846534,0.8811116068062246,neuron,w20_step8_highpass,,,,,
C. elegans,2023-01-17-07,URXR,0.3147635490362206,0.6656372617640591,-0.029446461107580275,0.5553246059873077,5.9803245088548165,0.018283027461077125,0.9716801798593984,neuron,w20_step8_highpass,,,,,
C. elegans,2023-01-17-07,CEPDL,0.30607896764597026,0.4676078939170625,0.06974808010158978,0.44181397623603963,5.001327573875401,0.019114429138962465,0.9385091331830953,neuron,w20_step8_highpass,,,,,
C. elegans,2023-01-17-07,AWCR,0.3033589871434987,0.7615660184256013,0.028662405420893662,0.4597434125615942,8.292465715048337,0.0197291166378411,0.9797292141282221,neuron,w20_step8_highpass,,,,,
C. elegans,2023-01-17-07,AWAR,0.3466320854047286,0.62021694997551,-0.006114543307751834,0.5348342691163254,5.384296412748871,0.021335708469302005,0.9544011255105108,neuron,w20_step8_highpass,,,,,
C. elegans,2023-01-17-07,AVEL,0.36857289375792407,0.34461395322507005,-0.0082042137441495,0.5611453894021632,6.435125928642562,0.021097506352169573,0.8380137127957571,neuron,w20_step8_highpass,,,,,
C. elegans,2023-01-17-07,URYVL,0.35637717730804563,0.4380082767730622,0.03794525530729752,0.4071296407046044,5.844860371525096,0.021310275749438827,0.8674006296188718,neuron,w20_step8_highpass,,,,,
C. elegans,2023-01-17-07,URYVR,0.3466256237838113,0.6793722450353197,0.0757015793375134,0.5451109193937446,4.356703185875279,0.02072797394750886,0.9593567042277016,neuron,w20_step8_highpass,,,,,
C. elegans,2023-01-17-07,URBL,0.3299114526532941,0.5697567643443594,0.09993430893232666,0.43462472416226694,4.3493278767843595,0.018340167444263623,0.9585115549784995,neuron,w20_step8_highpass,,,,,
C. elegans,2023-01-17-07,RMDDR,0.3080943523777285,0.6464267391125583,0.021033884310516185,0.40774057193439567,4.9228056723382885,0.019913749639728247,0.9795525044247618,neuron,w20_step8_highpass,,,,,
C. elegans,2023-01-17-07,AWBL,0.3433103802237986,0.5930360575742452,0.011059451523283416,0.5332632275947398,5.97394400306954,0.01661762151861587,0.9622467807569,neuron,w20_step8_highpass,,,,,
C. elegans,2023-01-17-07,RIML,0.38168346298514955,0.39857476807883263,-0.006442261583980363,0.6115606200789725,7.518335713863804,0.019959036415623854,0.8341068711444428,neuron,w20_step8_highpass,,,,,
C. elegans,2023-01-17-07,AWCL,0.3212673862706826,0.6885794628003286,0.03185454313588776,0.5756976982330692,6.2695536767671145,0.020793384087370383,0.9722701302501743,neuron,w20_step8_highpass,,,,,
C. elegans,2023-01-17-07,RID,0.38514562748776393,0.4480384883922592,-0.02086335059518959,0.5154932575150712,4.863919126511016,0.02227736153437348,0.8763124361072236,neuron,w20_step8_highpass,,,,,
C. elegans,2023-01-17-07,IL2DL,0.3148384172277083,0.7459865920012361,-0.005396257952928125,0.5043072756629488,4.491609688057579,0.018175524934169792,0.9771030289931036,neuron,w20_step8_highpass,,,,,
C. elegans,2023-01-17-07,AUAR,0.32008428482661316,0.6324115622719952,-0.007158856847832595,0.6032599297386946,5.479625206526098,0.019112234366277906,0.9788262874631359,neuron,w20_step8_highpass,,,,,
C. elegans,2023-01-17-07,SMDVL,0.36849456932172875,0.44703168557941075,0.08045575788850017,0.5706193060875887,6.8302598186289,0.01702356537315319,0.9147377217854287,neuron,w20_step8_highpass,,,,,
C. elegans,2023-01-17-07,IL1VL,0.34309823105666015,0.49791843639246874,0.0912537706563766,0.4581968896374483,4.51199378688808,0.018949099764736632,0.9020368483145242,neuron,w20_step8_highpass,,,,,
C. elegans,2023-01-17-14,SMDDL,0.38723624986368377,0.5738303316548832,-0.04681918794986657,0.4776736967073466,11.562887452898003,0.012221134218557807,0.9555423397625615,neuron,w20_step8_highpass,,,,,
C. elegans,2023-01-17-14,AVEL,0.3852681059017466,0.3738862344203791,0.05786107630565495,0.16905894709916233,6.135628759717263,0.019835548419398726,0.8006648452602256,neuron,w20_step8_highpass,,,,,
C. elegans,2023-01-17-14,RIVL,0.368452377979018,0.6570182450115871,0.031310680475553035,0.5081373882734265,5.268182045805653,0.014980200810632005,0.9603496984747875,neuron,w20_step8_highpass,,,,,
C. elegans,2023-01-17-14,AUAL,0.3526374705573856,0.5557879070478834,-0.03173467431062248,0.5118243850737498,6.110117469417876,0.017064545043188727,0.9565440324673468,neuron,w20_step8_highpass,,,,,
C. elegans,2023-01-17-14,ADER,0.3298532866721825,0.7724155674225134,0.0036031907318725413,0.6132309447066097,6.653563937432611,0.013462345195773278,0.9809198463804629,neuron,w20_step8_highpass,,,,,
C. elegans,2023-01-17-14,URXR,0.3293587724152149,0.7481872224657045,0.017434536158360447,0.21800165694424628,5.318228085311549,0.012330475680824163,0.981985921626305,neuron,w20_step8_highpass,,,,,
C. elegans,2023-01-17-14,AWCR,0.34800305015862915,0.7819760250907648,-0.006482758300833181,0.5353815910151837,5.642603074402432,0.014486748573271452,0.9742750289766545,neuron,w20_step8_highpass,,,,,
C. elegans,2023-01-17-14,ASGL,0.39045162306295667,0.5612326303329517,0.05145828918823261,0.34030802339018934,6.137818588482559,0.020930877062693313,0.9117525627752192,neuron,w20_step8_highpass,,,,,
C. elegans,2023-01-17-14,IL1VL,0.33632054750165,0.7039963332956215,0.029156565358605533,0.53419199163354,6.954200882116753,0.015131442441176512,0.9755280276431729,neuron,w20_step8_highpass,,,,,
C. elegans,2023-01-17-14,OLQDR,0.3371375215887305,0.5897272767533986,0.015232395741016681,0.5579674770355604,5.0286860256957295,0.01667031108557591,0.9797373328765262,neuron,w20_step8_highpass,,,,,
C. elegans,2023-01-17-14,AIBL,0.38084211274915214,0.4251974630756642,0.046940083052281915,0.36110251633554813,5.115854692641216,0.021285109250011095,0.8406332514556251,neuron,w20_step8_highpass,,,,,
C. elegans,2023-01-17-14,AVJR,0.32835480177714227,0.7310196663872673,0.022115494698159717,0.42161181008613363,6.212976929211365,0.011939621104554156,0.9826193795355989,neuron,w20_step8_highpass,,,,,
C. elegans,2023-01-17-14,ASIL,0.37758233646655404,0.7086288204752917,0.02488172809689953,0.32517929864430206,4.105230547763123,0.017463161947122025,0.9659738070539136,neuron,w20_step8_highpass,,,,,
C. elegans,2023-01-17-14,SMDVL,0.3859686185662883,0.590052287359967,0.03378128368326208,0.574926762182834,10.220404913721662,0.01305326777836152,0.9414415304389175,neuron,w20_step8_highpass,,,,,
C. elegans,2023-01-17-14,ASHL,0.3868694923776383,0.7221125609887084,0.041889895634684975,0.5334186351571278,4.733446018661246,0.01807634830294113,0.9778362401158438,neuron,w20_step8_highpass,,,,,
C. elegans,2023-01-17-14,RIML,0.39640595775938287,0.42950596828856696,0.03522260479702109,0.3959561355361712,7.113179440028196,0.019496952922050993,0.8144300664971442,neuron,w20_step8_highpass,,,,,
C. elegans,2023-01-17-14,CEPVR,0.33871166939321684,0.7397947874668527,0.00397553040113813,0.2688317305936352,5.304079997923745,0.015848656771937315,0.9781065791616973,neuron,w20_step8_highpass,,,,,
C. elegans,2023-01-17-14,CEPDL,0.3325414355307708,0.7030807781721972,0.004447382884077134,0.3225014189869779,5.079845517973038,0.011220627837353652,0.9768630175016778,neuron,w20_step8_highpass,,,,,
C. elegans,2023-01-17-14,URYVL,0.36654877958977433,0.4708457184343558,0.08612767308754937,0.3884619871906563,4.2240210333876975,0.016286830738481087,0.9336274050748433,neuron,w20_step8_highpass,,,,,
C. elegans,2023-01-17-14,AINL,0.38491530228316573,0.687435247981179,-0.011391401819892738,0.4371508928729847,4.046241088090005,0.01533921833323947,0.9542232548536689,neuron,w20_step8_highpass,,,,,
C. elegans,2023-01-17-14,AIBR,0.38622831785900846,0.41338874563229105,0.058379963128910826,0.3754848377164731,7.6201846076416055,0.01802059948180993,0.8389662929407491,neuron,w20_step8_highpass,,,,,
C. elegans,2023-01-17-14,RICL,0.35507262863393496,0.6921710743235667,-0.01294805541045708,0.46416966048400043,5.84252582338448,0.012200934485079376,0.9749847212057918,neuron,w20_step8_highpass,,,,,
C. elegans,2023-01-17-14,RIVR,0.3775925456452946,0.6478290590514015,0.0015125079846779643,0.39712506138503173,5.80797144368529,0.014844131393254354,0.9541599071863742,neuron,w20_step8_highpass,,,,,
C. elegans,2023-01-17-14,OLQVL,0.3988618240626062,0.5820897729550848,0.021776006375896412,0.28134975620234215,5.712115994521768,0.01712827409754669,0.9326658867591923,neuron,w20_step8_highpass,,,,,
C. elegans,2023-01-17-14,IL2DL,0.3276885375288849,0.7702247474485907,0.01334167197247955,0.2102251552638218,4.360850075132726,0.015004391881084688,0.981925428955339,neuron,w20_step8_highpass,,,,,
C. elegans,2023-01-17-14,IL2R,0.3194364841876792,0.7020384572196692,-0.009554606099787323,0.638322978882808,8.977563712369786,0.015162775501142754,0.9840889474987011,neuron,w20_step8_highpass,,,,,
C. elegans,2023-01-17-14,AIML,0.40221111671649185,0.6816061463049509,-0.02627676286297951,0.27898688843491803,4.512028213937865,0.017387135373046283,0.9364142867674169,neuron,w20_step8_highpass,,,,,
C. elegans,2023-01-17-14,SAAVL,0.3659953634487962,0.6901558174643883,0.013802586331455024,0.5480601688734127,3.8717788389232908,0.013600083066572155,0.970992326615682,neuron,w20_step8_highpass,,,,,
C. elegans,2023-01-17-14,IL1L,0.37194249025481146,0.5792570449967457,0.07694329516472767,0.3996292952758474,6.077149196735159,0.015887657743044962,0.9400021734222974,neuron,w20_step8_highpass,,,,,
C. elegans,2023-01-17-14,URXL,0.31844991309850845,0.6367892178325109,0.030745209699266283,0.37834744696651146,3.642399881906217,0.010435995411338873,0.9673830381352195,neuron,w20_step8_highpass,,,,,
C. elegans,2023-01-17-14,IL1VR,0.4045641220310626,0.5628731078551626,-0.016047716652027668,0.44631365817250696,4.5064295758898725,0.014240229135372616,0.9278483022174459,neuron,w20_step8_highpass,,,,,
C. elegans,2023-01-17-14,URBL,0.34360290437636853,0.6063668795734043,0.03902495150072079,0.5668689981424335,5.766361815815982,0.015045572595340347,0.9638593733192374,neuron,w20_step8_highpass,,,,,
C. elegans,2023-01-17-14,RMDDR,0.3389641344263472,0.6357206095193318,-0.002826519507831091,0.3376757425533492,5.89213209534135,0.015405164397854046,0.975837855042145,neuron,w20_step8_highpass,,,,,
C. elegans,2023-01-17-14,AWBR,0.3601539053658174,0.7642508951476662,0.03098998658282367,0.5462629327295071,6.903750996123523,0.012446451239454025,0.9731975372079371,neuron,w20_step8_highpass,,,,,
C. elegans,2023-01-17-14,OLQDL,0.3725564505596326,0.5563515836112094,0.0682591593497788,0.37037219833295615,6.667236220405027,0.012832466907201237,0.9390806976312491,neuron,w20_step8_highpass,,,,,
C. elegans,2023-01-17-14,AVJL,0.3579465235101333,0.6945385263925787,0.0653756636472585,0.44610566455572936,5.554926115318854,0.013413558247976035,0.9704470988156738,neuron,w20_step8_highpass,,,,,
C. elegans,2023-01-17-14,FLPL,0.3428935122506051,0.6945207102348511,0.04453857491571762,0.4789474364800462,5.9076276051690435,0.012746327871380551,0.9732659132704649,neuron,w20_step8_highpass,,,,,
C. elegans,2023-01-17-14,URBR,0.3395819000795526,0.6564155394010343,0.029618614894400607,0.5229885545136548,4.49293562222399,0.013031970378095325,0.9767469364201695,neuron,w20_step8_highpass,,,,,
C. elegans,2023-01-17-14,URAVL,0.33556841448416164,0.7349568288029505,0.0067281525246207785,0.5367415246449356,5.560386669101339,0.017199432299109675,0.9865424958229112,neuron,w20_step8_highpass,,,,,
C. elegans,2023-01-17-14,IL1DL,0.3398353931256404,0.657054891325877,0.045468853755868635,0.31890394825508206,5.147753517638104,0.01639888165998241,0.9764988263312054,neuron,w20_step8_highpass,,,,,
C. elegans,2023-01-17-14,URYVR,0.33060042264510076,0.6892506799438182,0.05421952920276037,0.5511761389601335,5.431998770184904,0.014635225795653592,0.9726141244888903,neuron,w20_step8_highpass,,,,,
C. elegans,2023-01-17-14,AVER,0.37699827448867684,0.4007069410529712,0.04671789796778619,0.4315131178171644,7.076246071689306,0.019486242285933382,0.8393020205880611,neuron,w20_step8_highpass,,,,,
C. elegans,2023-01-17-14,RMER,0.39104124354629055,0.45549438135025494,-0.035267889991481005,0.3187270791113933,5.6850120361470795,0.01826281772691647,0.8895045324514539,neuron,w20_step8_highpass,,,,,
C. elegans,2023-01-17-14,URADR,0.3302620384459931,0.7817012840967541,0.022836862003148835,0.47966992036577927,5.199646098877307,0.011414090101895178,0.9841705634720586,neuron,w20_step8_highpass,,,,,
C. elegans,2023-01-17-14,ADLL,0.34503058659156105,0.8466675964551774,0.005280980393663734,0.5944540577822847,5.7280219053343675,0.015089239594415898,0.981300067695937,neuron,w20_step8_highpass,,,,,
C. elegans,2023-01-17-14,RID,0.3990152940327001,0.49100089220664345,-0.06076171983097766,0.33362181518731937,9.853302209817734,0.018113780021626443,0.8942179069814642,neuron,w20_step8_highpass,,,,,
C. elegans,2023-01-17-14,OLLL,0.3781901888794943,0.5342785707656754,0.0690957863210576,0.4206476052761015,6.097755415014539,0.013827684956805008,0.9286263688760691,neuron,w20_step8_highpass,,,,,
C. elegans,2023-01-17-14,AIZR,0.3246844407437138,0.6858408960322553,0.05675218772091092,0.455001338344735,5.472244446786495,0.014579641634416397,0.9832045578756891,neuron,w20_step8_highpass,,,,,
C. elegans,2023-01-17-14,RMDVL,0.35966004593811407,0.4614939063141258,-0.017953490183366675,0.4588790255965943,6.661950857288305,0.019351109185180182,0.9410168420378495,neuron,w20_step8_highpass,,,,,
C. elegans,2023-01-17-14,AVAL,0.3952154316475162,0.39630629842406173,0.049619734640478357,0.2671844313215122,6.2922187052716385,0.01869555359457165,0.7990607046264276,neuron,w20_step8_highpass,,,,,
C. elegans,2023-01-17-14,ASKR,0.3574562348254643,0.7385800232546245,0.004624902872432289,0.4447148630366767,4.466411424577659,0.016533267535585157,0.9756512021213222,neuron,w20_step8_highpass,,,,,
C. elegans,2023-01-17-14,RMDDL,0.3803077467853773,0.4698885255088605,-0.03720873538025506,0.38098326023525503,7.426738413088635,0.02430621464353779,0.9151155865591527,neuron,w20_step8_highpass,,,,,
C. elegans,2023-01-17-14,BAGL,0.39646624030133093,0.5149207158520521,0.06992308405786318,0.3184991570822649,7.5686470828052315,0.01810419756439122,0.914291081868912,neuron,w20_step8_highpass,,,,,
C. elegans,2023-01-17-14,OLLR,0.3752535971908938,0.5848530467873049,0.05815205182240962,0.45446578227201084,5.501814016029832,0.013710256607219761,0.9445151949547609,neuron,w20_step8_highpass,,,,,
C. elegans,2023-01-17-14,AIZL,0.350105887110499,0.727025353263372,0.031663212943175374,0.49259410557701816,8.272784730457804,0.015555939454436524,0.9749186627825626,neuron,w20_step8_highpass,,,,,
C. elegans,2023-01-17-14,URADL,0.3121561238588294,0.7643774585154698,0.03512845251348676,0.22937618112819744,5.322593891464977,0.011030853354637327,0.988727083804476,neuron,w20_step8_highpass,,,,,
C. elegans,2023-01-17-14,ASKL,0.3899014815789517,0.7382364614263917,0.010492535882998115,0.5165119318280705,4.753039392092126,0.017346647105278265,0.9619897083690161,neuron,w20_step8_highpass,,,,,
C. elegans,2023-01-17-14,URYDL,0.34549981461247564,0.6084973136685718,0.05895963743419597,0.5658700547563387,6.386961604167579,0.014339803607511246,0.9676682421723705,neuron,w20_step8_highpass,,,,,
C. elegans,2023-01-17-14,IL2VR,0.3430041033522626,0.7682192572336505,0.014516253097322141,0.5501087111606547,4.058235331696039,0.012175443268967495,0.9815089878743374,neuron,w20_step8_highpass,,,,,
C. elegans,2023-01-17-14,ADEL,0.34009471406215647,0.7395907630916805,0.041763917415587264,0.5470458178584829,4.485178923823463,0.017081456980755017,0.9751381620228483,neuron,w20_step8_highpass,,,,,
C. elegans,2023-01-17-14,RMEL,0.4055091892398723,0.5439784168989827,-0.004257678422704781,0.365209949474343,3.958517550572131,0.022273438925548956,0.9201621040026972,neuron,w20_step8_highpass,,,,,
C. elegans,2023-01-17-14,IL2L,0.3461189977741266,0.7130344735781368,0.03340750755496221,0.49186984935901995,5.66450025857487,0.013532605313144095,0.9815481968504662,neuron,w20_step8_highpass,,,,,
C. elegans,2023-01-17-14,CEPDR,0.31212612294171743,0.5732400496157966,0.006985928925829791,0.31869597545352213,4.2952756689654095,0.012589124435227575,0.9580617188778969,neuron,w20_step8_highpass,,,,,
C. elegans,2023-01-17-14,AVHL,0.3139668582277084,0.7798168394587894,0.0017312263766356124,0.5544780050651681,1.4639679284693299,0.014641545933113793,0.9871296476035519,neuron,w20_step8_highpass,,,,,
C. elegans,2023-01-17-14,IL2VL,0.3461363312290405,0.761173780919016,0.010980032813253889,0.5533964352909362,6.177858434808557,0.01190481673733026,0.9841824919051484,neuron,w20_step8_highpass,,,,,
C. elegans,2023-01-17-14,RMDVR,0.349545431130292,0.5697467556470739,0.01418819091604017,0.48550541337806546,3.1800297738614853,0.017999169308157117,0.961988554163026,neuron,w20_step8_highpass,,,,,
C. elegans,2023-01-17-14,RMDL,0.39346676414778026,0.47855072277935173,0.04497433951054883,0.2245644136806815,5.811540615919871,0.018954404093830632,0.894319368129441,neuron,w20_step8_highpass,,,,,
C. elegans,2023-01-17-14,RIAL,0.34298506597076417,0.5057760381653907,0.0619756089042367,0.3817879340039396,5.33086957119768,0.01654901812252886,0.9574025050474484,neuron,w20_step8_highpass,,,,,
C. elegans,2023-01-17-14,AVDL,0.3270063158097818,0.6847206485471724,0.04009690761678203,0.5573628627901986,5.121934760455291,0.013225220256911726,0.9829067988740443,neuron,w20_step8_highpass,,,,,
C. elegans,2023-01-17-14,FLPR,0.34250903377447234,0.718473872082385,0.04292076223332382,0.5724977720027261,4.580062473240746,0.014144281262106045,0.977436804275496,neuron,w20_step8_highpass,,,,,
C. elegans,2023-01-17-14,AIYL,0.3198541746446922,0.7501378150429299,-0.01975969925168636,0.3923865413196311,6.076690491660391,0.009859824027793116,0.9844295389677772,neuron,w20_step8_highpass,,,,,
C. elegans,2023-01-17-14,OLQVR,0.3601893046783257,0.6284612893378223,0.05405444496383447,0.6224746283164981,5.825824929648386,0.012823611920969643,0.9615963025985733,neuron,w20_step8_highpass,,,,,
C. elegans,2023-01-17-14,RIMR,0.38493962711192103,0.413096352802904,0.05179870136928836,0.3510571295555802,5.932118882472766,0.019558121610266786,0.8128829831341061,neuron,w20_step8_highpass,,,,,
C. elegans,2023-01-17-14,AIMR,0.3797305755109418,0.6856754343589097,-0.012781397087225132,0.3997406315220155,5.415940940858079,0.021360879125283925,0.9530877699610488,neuron,w20_step8_highpass,,,,,
C. elegans,2023-01-17-14,SMDVR,0.3596800333208518,0.6282515888239806,0.051097659620172035,0.42103046149395357,6.747402394630828,0.013215899444858844,0.9535158477564477,neuron,w20_step8_highpass,,,,,
C. elegans,2023-01-17-14,AIYR,0.3712321165108489,0.6306358883692723,-0.02009749487584703,0.41432658315798937,5.013175942397622,0.015427217486431524,0.96386781509289,neuron,w20_step8_highpass,,,,,
C. elegans,2023-01-17-14,IL1R,0.385566532096897,0.5168636216592197,-0.02262824894021449,0.4294343770454943,4.392051616921271,0.01716014726059338,0.9229904920868616,neuron,w20_step8_highpass,,,,,
C. elegans,2023-01-17-14,AWAL,0.38693182057644027,0.6116936675649415,0.037386669875088346,0.561362374691361,10.624876577795217,0.016836752797552777,0.9474815916203186,neuron,w20_step8_highpass,,,,,
C. elegans,2023-01-17-14,ASEL,0.3977758325837567,0.6352332833256047,0.03829420553358616,0.5364340908503803,7.267399223492345,0.01996744959103952,0.9390022500454889,neuron,w20_step8_highpass,,,,,
C. elegans,2023-01-17-14,AVDR,0.3380688442366561,0.504677903509059,0.016233043486430364,0.4052067631922338,4.871093984474579,0.016137162862862927,0.9405499817113864,neuron,w20_step8_highpass,,,,,
C. elegans,2023-01-17-14,ADAL,0.35783784936150553,0.5553073333887882,0.04884571455687893,0.41564151893159623,6.325881717892934,0.017230198878101,0.9458237141290177,neuron,w20_step8_highpass,,,,,
C. elegans,2023-01-17-14,RIH,0.36315697546299064,0.6424323522194506,0.07606061251722696,0.33221219696710297,7.946192517722153,0.013441729752735061,0.9699853675613209,neuron,w20_step8_highpass,,,,,
C. elegans,2023-01-17-14,ASGR,0.38107924842285995,0.5606216498692164,0.035394707474085074,0.407951105565493,5.888932688930658,0.0181872102592161,0.9202313326677283,neuron,w20_step8_highpass,,,,,
C. elegans,2023-01-17-14,AWBL,0.3719545895259786,0.6805861307258956,0.04196408753288613,0.4928575107956192,6.215614129986326,0.01731876974718388,0.9694044114654201,neuron,w20_step8_highpass,,,,,
C. elegans,2023-01-17-14,RICR,0.3433629967367096,0.7375654997437147,-0.006289420870490792,0.5024090461880673,5.055616530286164,0.01341541342365262,0.9754773822275333,neuron,w20_step8_highpass,,,,,
C. elegans,2023-01-17-14,IL2DR,0.35047752315891995,0.7319501893147163,-0.020945996080340843,0.5027763032617942,7.092950161923878,0.014491325647470375,0.9837641180020203,neuron,w20_step8_highpass,,,,,
C. elegans,2023-01-17-14,URAVR,0.3333248276635141,0.8287749841028074,-0.003037198201338,0.4801155556301884,5.746511528613209,0.0140344216701343,0.9854432027635641,neuron,w20_step8_highpass,,,,,
C. elegans,2023-01-18-01,RMDVR,0.33165829816011455,0.6940536192103003,0.035601630940978096,0.30867122698272037,3.86525718403509,0.01750321587205202,0.9724074303536543,neuron,w20_step8_highpass,,,,,
C. elegans,2023-01-18-01,RIVR,0.3952473449074064,0.6820351079582555,0.01930306912854673,0.3130516692992785,4.32283693537623,0.01762411925043006,0.9618881702156229,neuron,w20_step8_highpass,,,,,
C. elegans,2023-01-18-01,IL2DL,0.3418423202471078,0.731006807034563,0.023631958212679473,0.5021517682076607,4.536073728853476,0.016902793653763994,0.9749144651575943,neuron,w20_step8_highpass,,,,,
C. elegans,2023-01-18-01,ASER,0.33246998438354586,0.7496318806214798,0.013776603926936321,0.5558628157609744,4.12584167310811,0.016205916917620068,0.9783410755367479,neuron,w20_step8_highpass,,,,,
C. elegans,2023-01-18-01,OLLL,0.37567667168399377,0.49031176409703725,0.07956547861068183,0.43144489194731356,4.461752383874999,0.01834897137031393,0.9019288754877698,neuron,w20_step8_highpass,,,,,
C. elegans,2023-01-18-01,RIH,0.3819722650636483,0.6259012296868113,0.01482851940588684,0.5613441450590173,2.283011942055779,0.019615691855016878,0.9623890693849299,neuron,w20_step8_highpass,,,,,
C. elegans,2023-01-18-01,URYVL,0.39312256895077186,0.4815406576457307,0.028041342456203676,0.4116224989884165,1.821057073445002,0.021910255782951464,0.9218030140252979,neuron,w20_step8_highpass,,,,,
C. elegans,2023-01-18-01,ASIR,0.3568126497988728,0.6484199985873448,-0.0058152501188336375,0.6386033300406844,7.082849142501007,0.0178437941473301,0.974729305179812,neuron,w20_step8_highpass,,,,,
C. elegans,2023-01-18-01,RMER,0.40721819797468034,0.4682355535429849,0.013927920220078821,0.33620342788257734,3.2910246600371984,0.022189655806441125,0.9155775143471971,neuron,w20_step8_highpass,,,,,
C. elegans,2023-01-18-01,AUAL,0.3465758317680934,0.5171775648273482,-0.03194081536352561,0.40234971691584304,4.414679402553268,0.022452029420284743,0.9655603829978248,neuron,w20_step8_highpass,,,,,
C. elegans,2023-01-18-01,CEPDL,0.3614029854930066,0.7164086282680979,0.0003650873327343322,0.5211946165692888,5.659845343626824,0.02055275376573885,0.9729717836915527,neuron,w20_step8_highpass,,,,,
C. elegans,2023-01-18-01,AVAR,0.36497468176762615,0.5322381965464434,0.0029532071484107674,0.29329413552958283,3.625706903945092,0.020140606360326992,0.9377444716442577,neuron,w20_step8_highpass,,,,,
C. elegans,2023-01-18-01,FLPL,0.3179273799951263,0.5350929102677678,-0.01667214849684679,0.4863415309920918,3.9538434007178305,0.014429729628044629,0.964735635098541,neuron,w20_step8_highpass,,,,,
C. elegans,2023-01-18-01,RIS,0.3927411165380196,0.5929215670026001,0.034356796665740735,0.5304750708700848,6.220409430499454,0.019913068434542283,0.9535442058716708,neuron,w20_step8_highpass,,,,,
C. elegans,2023-01-18-01,CEPVL,0.3204781578785632,0.5054165015998041,0.04667856827651653,0.5749369110252024,10.400010635615372,0.013119972127017451,0.9583689147870759,neuron,w20_step8_highpass,,,,,
C. elegans,2023-01-18-01,IL1VL,0.39801283909735685,0.5978270844420385,0.036564535646761834,0.5062770548828388,4.330622200076908,0.020546208646653515,0.9161756175661351,neuron,w20_step8_highpass,,,,,
C. elegans,2023-01-18-01,AVJL,0.342209359696456,0.6855097724932439,-0.003988236210808897,0.3576715850060629,3.5570503370193864,0.01850778289419117,0.9698798924436999,neuron,w20_step8_highpass,,,,,
C. elegans,2023-01-18-01,RICL,0.35850101522792616,0.514788406090961,-0.009569383310727504,0.6022700787839194,3.5575127190107296,0.01648325583482795,0.9534005373215046,neuron,w20_step8_highpass,,,,,
C. elegans,2023-01-18-01,OLQVL,0.3917356624018791,0.5533033022760211,0.09216601470743403,0.5197803718782569,1.825282381211257,0.017979299698672617,0.9136311551786034,neuron,w20_step8_highpass,,,,,
C. elegans,2023-01-18-01,IL2VR,0.3176698272908367,0.7529263626456048,0.013276229596437573,0.5203304565424466,4.740822472538829,0.016500038575346657,0.9756966044040611,neuron,w20_step8_highpass,,,,,
C. elegans,2023-01-18-01,ASGR,0.3736709975327087,0.669744141064108,0.0254901898866722,0.41425726452141953,3.0499771007900103,0.021031792630719106,0.9580592910869933,neuron,w20_step8_highpass,,,,,
C. elegans,2023-01-18-01,AIZR,0.3029476942747061,0.5705669508826753,-0.009254732152222816,0.5225199237624306,6.4660742708881065,0.017663944185848348,0.9624279610568834,neuron,w20_step8_highpass,,,,,
C. elegans,2023-01-18-01,RID,0.3901334187070293,0.5286873897176902,-0.02165646067376849,0.5163401654674586,5.101885272926569,0.023278545257448928,0.9070401056476184,neuron,w20_step8_highpass,,,,,
C. elegans,2023-01-18-01,AVEL,0.38306334706410655,0.4286181217894103,0.031840467477198334,0.4981518200720585,5.2069234396244095,0.021366433305488534,0.9045108111576178,neuron,w20_step8_highpass,,,,,
C. elegans,2023-01-18-01,URADL,0.31699668413000115,0.5379372814029484,0.018243031446273365,0.29785965753007343,6.2048069886324475,0.022327201255483858,0.9751214938442464,neuron,w20_step8_highpass,,,,,
C. elegans,2023-01-18-01,URBL,0.3513448341184216,0.4871981250063813,-0.014225326927894697,0.5143129965605414,6.9366514640265,0.01593375630936175,0.951689884959917,neuron,w20_step8_highpass,,,,,
C. elegans,2023-01-18-01,ASHL,0.36595349749478845,0.7636185364671383,0.009539755582889017,0.27894531324165006,5.149250325829325,0.01766922097759818,0.9760271348790998,neuron,w20_step8_highpass,,,,,
C. elegans,2023-01-18-01,RIAL,0.3457996661037498,0.7161274063048183,0.017722226376224032,0.5767466780518989,5.38055552804812,0.018221680917957422,0.9745110572691724,neuron,w20_step8_highpass,,,,,
C. elegans,2023-01-18-01,RMEL,0.35597602978850734,0.47520743669676874,-0.0029336928312547602,0.38881483066152694,6.183055855915612,0.01626363419210781,0.9358596475762798,neuron,w20_step8_highpass,,,,,
C. elegans,2023-01-18-01,IL1DL,0.3630918523917809,0.4893046747176417,0.034771599646816254,0.5044124074861261,5.6769035762521,0.018277366086213203,0.9286404370935594,neuron,w20_step8_highpass,,,,,
C. elegans,2023-01-18-01,CEPDR,0.30926547092976137,0.6989147968350207,-0.01047008607044774,0.43019605219850615,5.381458706023317,0.01752882158407151,0.9804604318485907,neuron,w20_step8_highpass,,,,,
C. elegans,2023-01-18-01,ADAL,0.3278952574454738,0.673794043417708,0.023683551208661974,0.4229338992024527,3.7740775656397783,0.017932337521516264,0.9781766901911111,neuron,w20_step8_highpass,,,,,
C. elegans,2023-01-18-01,AWCR,0.38780033377217793,0.5109394345319866,0.010332325649391357,0.39687487646377745,4.5918766667959465,0.021393731867752362,0.891792473889357,neuron,w20_step8_highpass,,,,,
C. elegans,2023-01-18-01,AIZL,0.3130252199680204,0.7268462862467046,0.03336920049979125,0.3544455872414375,4.103037940380659,0.01642221929953616,0.980647177275082,neuron,w20_step8_highpass,,,,,
C. elegans,2023-01-18-01,ASGL,0.376204542396402,0.6233062350054035,0.018905425208389292,0.33119480065384477,6.2018769693363796,0.021105199894310537,0.9476351868128433,neuron,w20_step8_highpass,,,,,
C. elegans,2023-01-18-01,AINL,0.3601992903108984,0.6951193069487234,-0.02118018074095524,0.5199363189202224,4.497683031994388,0.023085761755565683,0.9629769854066512,neuron,w20_step8_highpass,,,,,
C. elegans,2023-01-18-01,ADEL,0.3368545332866828,0.6381675285910287,-0.0036369297062126857,0.48503864699539173,5.151608476134954,0.020965259668055913,0.9744652634036182,neuron,w20_step8_highpass,,,,,
C. elegans,2023-01-18-01,AINR,0.3255408972545306,0.7053613892249286,-0.005426867118150518,0.5672190028139783,8.638321486729483,0.017717382314509384,0.9745313139373237,neuron,w20_step8_highpass,,,,,
C. elegans,2023-01-18-01,RMDL,0.366894196728284,0.5521528279449048,0.07663267737140061,0.414835653898243,5.625751822624419,0.018973613904164556,0.9296550204146261,neuron,w20_step8_highpass,,,,,
C. elegans,2023-01-18-01,RICR,0.31316571284074673,0.5923388856153672,0.009408044839453553,0.6291457021719171,2.9881306172385567,0.015658784988498382,0.9532731429807381,neuron,w20_step8_highpass,,,,,
C. elegans,2023-01-18-01,IL2DR,0.34606900159310894,0.7530839880558109,0.024785421024372915,0.569295828661462,4.218598278262085,0.014637027703491092,0.9775100249126208,neuron,w20_step8_highpass,,,,,
C. elegans,2023-01-18-01,IL1DR,0.38335989320397373,0.4995569756071786,-0.0003609110394211542,0.44326188286068285,5.965595251718737,0.022477048488292198,0.9186337189213443,neuron,w20_step8_highpass,,,,,
C. elegans,2023-01-18-01,IL1L,0.3784413452233016,0.5962677069491162,0.05132524811848992,0.49612947196158136,7.773829656769531,0.01921749398208511,0.933063758954091,neuron,w20_step8_highpass,,,,,
C. elegans,2023-01-18-01,IL1VR,0.40132884342231046,0.5394508605536202,0.0236775895370945,0.5268371853823942,5.5002408308887905,0.022407439835115707,0.9084207965822225,neuron,w20_step8_highpass,,,,,
C. elegans,2023-01-18-01,AVDL,0.32058680665559086,0.6272410865041491,-0.005596211317510884,0.4888888487148643,7.776895414365016,0.016662463495559738,0.9655878418691544,neuron,w20_step8_highpass,,,,,
C. elegans,2023-01-18-01,AIBR,0.4009710051128626,0.6115186577118281,0.02923754985968434,0.509247745395642,5.5220416448881195,0.019801473489972646,0.9282327458346001,neuron,w20_step8_highpass,,,,,
C. elegans,2023-01-18-01,RIVL,0.3681521938642975,0.680525534636257,0.03316142173310211,0.37047029613126303,5.3867410980816075,0.018489878902918658,0.9554534034197276,neuron,w20_step8_highpass,,,,,
C. elegans,2023-01-18-01,ASEL,0.3671002938354031,0.5525712711321129,0.02148818904532199,0.444594780046439,3.8639305985926975,0.019095725771837886,0.9670073170004475,neuron,w20_step8_highpass,,,,,
C. elegans,2023-01-18-01,AVDR,0.31208530749656654,0.651782229244011,0.010011935028679567,0.5567533587884811,5.997450591705221,0.017983847459107114,0.9600989372455629,neuron,w20_step8_highpass,,,,,
C. elegans,2023-01-18-01,URBR,0.3146304025575387,0.6478147120547486,0.023528475709392312,0.5548153996611417,2.266205492729993,0.016953898076822096,0.9731715282342422,neuron,w20_step8_highpass,,,,,
C. elegans,2023-01-18-01,IL2R,0.37865773103456113,0.5608447210690513,-0.031530311894939614,0.3281486352534517,3.4992316957837777,0.021003677467485438,0.9346831489293089,neuron,w20_step8_highpass,,,,,
C. elegans,2023-01-18-01,AVAL,0.3835037050419401,0.49867822248121996,0.012955940826870084,0.4443426681933228,5.25961106188909,0.022927534463093577,0.9053900903307558,neuron,w20_step8_highpass,,,,,
C. elegans,2023-01-18-01,RMGL,0.29399135324115994,0.7790946635782112,-0.010662402835120736,0.42114878374714915,6.050043798247207,0.014259698252904211,0.978380665139772,neuron,w20_step8_highpass,,,,,
C. elegans,2023-01-18-01,RMDDL,0.36122496116229114,0.6651855412243564,-0.026722396834100028,0.5561258070968325,4.7444695985605385,0.020099647739058375,0.9689207379087129,neuron,w20_step8_highpass,,,,,
C. elegans,2023-01-18-01,RMDR,0.3782407429172831,0.6077375410344728,0.006337503746634069,0.4165192891247999,6.416605055718625,0.01765273778920417,0.9596886885397494,neuron,w20_step8_highpass,,,,,
C. elegans,2023-01-18-01,AWCL,0.33446820430568075,0.6137700870561432,0.02663411483519657,0.3678459720526465,2.3105659143469666,0.02058137749669757,0.9707617031416624,neuron,w20_step8_highpass,,,,,
C. elegans,2023-01-18-01,AIBL,0.3959085526889759,0.5231562255093248,0.02719365018511501,0.4897733196521978,6.821094619744532,0.02222794333296149,0.8964222174934421,neuron,w20_step8_highpass,,,,,
C. elegans,2023-01-18-01,OLQVR,0.3836015790016602,0.5384152414065438,0.08552848489705114,0.33564508452630093,2.6313254153464425,0.014191704716965856,0.9303130129567897,neuron,w20_step8_highpass,,,,,
C. elegans,2023-01-18-01,RMDVL,0.35677784716755134,0.6276279543318435,0.010601942360261993,0.5153548963262421,5.990587324782562,0.01925594330090833,0.9564416363185337,neuron,w20_step8_highpass,,,,,
C. elegans,2023-01-18-01,OLQDR,0.36406779768477177,0.6442210752785545,0.04636808744585101,0.5041912695803549,3.989953227026289,0.01686632575011974,0.9580883338897319,neuron,w20_step8_highpass,,,,,
C. elegans,2023-01-18-01,AWBL,0.37586524656792675,0.6673611378580886,0.03262279162007901,0.568270829261941,5.921788942011227,0.01845235416991463,0.9566425438689719,neuron,w20_step8_highpass,,,,,
C. elegans,2023-01-18-01,SMDVL,0.3872637857957365,0.6098816995395354,0.007928257350697491,0.3500151226839771,4.781797445920354,0.020698847773573847,0.9564564859065767,neuron,w20_step8_highpass,,,,,
C. elegans,2023-01-18-01,OLQDL,0.3972299001455157,0.5777248594486116,0.05637748540358691,0.4354218975975541,6.019764719138534,0.020220565921874087,0.9315006885778743,neuron,w20_step8_highpass,,,,,
C. elegans,2023-01-18-01,IL2L,0.3218592930203826,0.5285675252356219,0.00783874428662008,0.398573716529606,5.7401710636868515,0.016015916832297746,0.9485636679052107,neuron,w20_step8_highpass,,,,,
C. elegans,2023-01-18-01,RMDDR,0.3018550382323155,0.6925123815663511,0.014914087728206921,0.49904600252627046,5.7502084254106505,0.01708302523892356,0.974338273599172,neuron,w20_step8_highpass,,,,,
C. elegans,2023-01-18-01,IL2VL,0.32371487916426056,0.6943925017929315,0.03749999756129312,0.5326546435223938,6.342644395824131,0.01616724653506787,0.9881051133363304,neuron,w20_step8_highpass,,,,,
C. elegans,2023-01-18-01,FLPR,0.3242254914866636,0.5070284552188443,0.02543255855644088,0.42122161632926264,6.558917478365126,0.016813476271994175,0.949216934099971,neuron,w20_step8_highpass,,,,,
C. elegans,2023-01-18-01,ADLL,0.3669221982005338,0.7152807655561209,0.02164590584152157,0.5541366009184788,5.5950166010216895,0.019194202394471203,0.9712959117566383,neuron,w20_step8_highpass,,,,,
C. elegans,2023-01-18-01,URYDL,0.374056748210028,0.5167635786213729,0.002685451073337508,0.46175473328743,5.284708784039912,0.020866999169383383,0.9437797638764853,neuron,w20_step8_highpass,,,,,
C. elegans,2023-01-18-01,OLLR,0.3750428728812538,0.5466724568941359,0.08218098472016935,0.47195469268734686,6.55719633811135,0.01604243615161557,0.8989768234782233,neuron,w20_step8_highpass,,,,,
Drosophila,2017-10-26_1,AL_R,0.3092294912370727,0.5536110415264538,0.1369063917526306,0.6115192233976056,5.634977997320094,0.0467128838501068,0.8714385768093958,side key,w15_step5_highpass_atlas_mean_trace,23.0,atlas_region_mean_trace,atlas_region_mean_trace_meanfc_modules,,
Drosophila,2017-10-26_1,AME_R,0.2676182779951919,0.8924727239395023,0.0358478840943398,0.6143768836675754,4.0370288267628895,0.0358422122728529,0.9955742379437468,side key,w15_step5_highpass_atlas_mean_trace,1.0,atlas_region_mean_trace,atlas_region_mean_trace_meanfc_modules,,
Drosophila,2017-10-26_1,AMMC_R,0.2786435660112721,0.8403716865809729,0.0826624250581287,0.6723411138758132,4.739387044543091,0.0386415654661371,0.9938618471327192,side key,w15_step5_highpass_atlas_mean_trace,4.0,atlas_region_mean_trace,atlas_region_mean_trace_meanfc_modules,,
Drosophila,2017-10-26_1,ATL_R,0.2947505625980829,0.7486617999134887,0.1158876236630469,0.6067106908294629,5.824424022689904,0.0414839734288312,0.979964636390336,side key,w15_step5_highpass_atlas_mean_trace,1.0,atlas_region_mean_trace,atlas_region_mean_trace_meanfc_modules,,
Drosophila,2017-10-26_1,AVLP_R,0.2831755039679877,0.7406843477778164,0.1559532225203325,0.6099909318139944,4.635056423333374,0.038304705740268,0.9878022481069948,side key,w15_step5_highpass_atlas_mean_trace,28.0,atlas_region_mean_trace,atlas_region_mean_trace_meanfc_modules,,
Drosophila,2017-10-26_1,CRE_R,0.3130920484243858,0.55921624920424,0.1608294768281614,0.5879622169773426,4.904622524135447,0.0487661951157111,0.8787184172261365,side key,w15_step5_highpass_atlas_mean_trace,8.0,atlas_region_mean_trace,atlas_region_mean_trace_meanfc_modules,,
Drosophila,2017-10-26_1,EPA_R,0.2888737322191999,0.769305277053011,0.1079743822164114,0.6426836595114048,4.417255043822415,0.0421306437954709,0.9905805865073344,side key,w15_step5_highpass_atlas_mean_trace,1.0,atlas_region_mean_trace,atlas_region_mean_trace_meanfc_modules,,
Drosophila,2017-10-26_1,GA_R,0.2933122871114856,0.7765377555392642,0.0294619333964088,0.5876568321099552,4.635364776238128,0.0416744526299253,0.9905349160334892,side key,w15_step5_highpass_atlas_mean_trace,1.0,atlas_region_mean_trace,atlas_region_mean_trace_meanfc_modules,,
Drosophila,2017-10-26_1,GOR_R,0.2944452059015235,0.7379256637046818,0.1408666471694757,0.6161510920019986,4.964721707522776,0.0468875589441176,0.9801454799003492,side key,w15_step5_highpass_atlas_mean_trace,1.0,atlas_region_mean_trace,atlas_region_mean_trace_meanfc_modules,,
Drosophila,2017-10-26_1,IB_R,0.2756841608859025,0.7922602199130839,0.1150286316352764,0.6663179883693124,5.278243443030518,0.0375399864950152,0.9918908401929994,side key,w15_step5_highpass_atlas_mean_trace,4.0,atlas_region_mean_trace,atlas_region_mean_trace_meanfc_modules,,
Drosophila,2017-10-26_1,ICL_R,0.3038356746498624,0.6719997135815188,0.1797733204118041,0.6642794484043836,5.330588325490867,0.046898520475518,0.9560679737916402,side key,w15_step5_highpass_atlas_mean_trace,8.0,atlas_region_mean_trace,atlas_region_mean_trace_meanfc_modules,,
Drosophila,2017-10-26_1,IPS_R,0.2759611991118309,0.7636184368795247,0.1106334708915316,0.6562727338872271,4.254663208647513,0.0361828586185517,0.9871712514853485,side key,w15_step5_highpass_atlas_mean_trace,11.0,atlas_region_mean_trace,atlas_region_mean_trace_meanfc_modules,,
Drosophila,2017-10-26_1,IVLP_R,0.2699814907809382,0.775300148996352,0.1122616266512556,0.6617796496372004,4.027960113764312,0.037195446398093,0.9888829341250912,side key,w15_step5_highpass_atlas_mean_trace,5.0,atlas_region_mean_trace,atlas_region_mean_trace_meanfc_modules,,
Drosophila,2017-10-26_1,LAL_R,0.2984370891655685,0.6724969749225337,0.1650033661656116,0.5727416637694421,4.215316534231433,0.0443634273841925,0.9505771201969044,side key,w15_step5_highpass_atlas_mean_trace,9.0,atlas_region_mean_trace,atlas_region_mean_trace_meanfc_modules,,
Drosophila,2017-10-26_1,LB_R,0.2665942081868954,0.901421472166668,0.0336740904064904,0.6302699004529823,3.727171164781711,0.0354807748491644,0.993848665815155,side key,w15_step5_highpass_atlas_mean_trace,1.0,atlas_region_mean_trace,atlas_region_mean_trace_meanfc_modules,,
Drosophila,2017-10-26_1,LH_R,0.3123138178647127,0.6914780051331356,0.1056247026258723,0.6480190870029853,6.48583776263009,0.0521369691335589,0.9547571590643265,side key,w15_step5_highpass_atlas_mean_trace,14.0,atlas_region_mean_trace,atlas_region_mean_trace_meanfc_modules,,
Drosophila,2017-10-26_1,LO_R,0.2723329465769137,0.8570124814635611,0.0525475445610479,0.6487735727929074,3.7777015525653344,0.0333914420080119,0.993134108944387,side key,w15_step5_highpass_atlas_mean_trace,29.0,atlas_region_mean_trace,atlas_region_mean_trace_meanfc_modules,,
Drosophila,2017-10-26_1,MB_R,0.3121846185162569,0.5405456802080519,0.1588534557271309,0.5689048238364607,5.289838443430485,0.0475050399217128,0.8769732132192163,side key,w15_step5_highpass_atlas_mean_trace,16.0,atlas_region_mean_trace,atlas_region_mean_trace_meanfc_modules,,
Drosophila,2017-10-26_1,ME_R,0.2720269571835426,0.8562966738138386,0.0536564382417389,0.6582059011185557,5.752302249575371,0.0324365042479643,0.9939588111211431,side key,w15_step5_highpass_atlas_mean_trace,23.0,atlas_region_mean_trace,atlas_region_mean_trace_meanfc_modules,,
Drosophila,2017-10-26_1,OTU_R,0.2940256897501492,0.7590395807841063,0.0977978149206157,0.6734662687775469,5.707665546193097,0.045718392224255,0.978415193405749,side key,w15_step5_highpass_atlas_mean_trace,3.0,atlas_region_mean_trace,atlas_region_mean_trace_meanfc_modules,,
Drosophila,2017-10-26_1,PLP_R,0.2865211320748434,0.7111361760480737,0.1534139625540969,0.5997937790233113,3.945946256110638,0.0368850052909107,0.9765141409267164,side key,w15_step5_highpass_atlas_mean_trace,15.0,atlas_region_mean_trace,atlas_region_mean_trace_meanfc_modules,,
Drosophila,2017-10-26_1,PVLP_R,0.2755391980068659,0.7317848009101393,0.138061255419489,0.6451194157331588,5.675368486863018,0.0369903707662695,0.9857759574891748,side key,w15_step5_highpass_atlas_mean_trace,17.0,atlas_region_mean_trace,atlas_region_mean_trace_meanfc_modules,,
Drosophila,2017-10-26_1,SCL_R,0.301122530524479,0.665686350157821,0.1697210749902528,0.6232500710828534,5.732913043930083,0.0508965854287419,0.9478670903871482,side key,w15_step5_highpass_atlas_mean_trace,6.0,atlas_region_mean_trace,atlas_region_mean_trace_meanfc_modules,,
Drosophila,2017-10-26_1,SIP_R,0.3022193753427245,0.6611637060093034,0.1485487588972885,0.6154199827313785,6.420728912135925,0.048259850447769,0.9468814192799968,side key,w15_step5_highpass_atlas_mean_trace,6.0,atlas_region_mean_trace,atlas_region_mean_trace_meanfc_modules,,
Drosophila,2017-10-26_1,SLP_R,0.311053847297803,0.6779359333569597,0.1461571147712448,0.6797027971321373,5.951741146304105,0.0506895800812126,0.9480980310631356,side key,w15_step5_highpass_atlas_mean_trace,22.0,atlas_region_mean_trace,atlas_region_mean_trace_meanfc_modules,,
Drosophila,2017-10-26_1,SMP_R,0.311551789056686,0.6246868327696269,0.193015859670758,0.6442285997293189,5.04598968494158,0.044686117129239,0.918316998123819,side key,w15_step5_highpass_atlas_mean_trace,21.0,atlas_region_mean_trace,atlas_region_mean_trace_meanfc_modules,,
Drosophila,2017-10-26_1,SPS_R,0.279442750669315,0.7552057306173642,0.1476950023157091,0.6334481286906277,3.264571938009325,0.0370769371642452,0.9878200660684064,side key,w15_step5_highpass_atlas_mean_trace,12.0,atlas_region_mean_trace,atlas_region_mean_trace_meanfc_modules,,
Drosophila,2017-10-26_1,VES_R,0.2742611377608736,0.7498925335889333,0.140921954200165,0.6224263951426197,3.1007093881503955,0.0389129360573222,0.9901831359854404,side key,w15_step5_highpass_atlas_mean_trace,6.0,atlas_region_mean_trace,atlas_region_mean_trace_meanfc_modules,,
Drosophila,2017-10-26_1,WED_R,0.2642321967022943,0.8964559295010962,0.0339751086973959,0.6064125324039081,4.153733256779885,0.0338806099872393,0.994014361533018,side key,w15_step5_highpass_atlas_mean_trace,1.0,atlas_region_mean_trace,atlas_region_mean_trace_meanfc_modules,,
Drosophila,2017-10-26_1,AL_L,0.2972136260135088,0.5818367516255789,0.1494284246610478,0.6261674272788391,4.1846483643614265,0.0453454654224919,0.8847666175316322,side key,w15_step5_highpass_atlas_mean_trace,22.0,atlas_region_mean_trace,atlas_region_mean_trace_meanfc_modules,,
Drosophila,2017-10-26_1,AME_L,0.2643934985296309,0.8931724947031876,0.0325859021663791,0.610098401518332,5.543510379042692,0.0370058283004553,0.9923401564015488,side key,w15_step5_highpass_atlas_mean_trace,1.0,atlas_region_mean_trace,atlas_region_mean_trace_meanfc_modules,,
Drosophila,2017-10-26_1,AMMC_L,0.2925676867012843,0.6004134095510054,0.1078628002873375,0.6516686472371479,4.418255921772003,0.0493983313110142,0.919164753197772,side key,w15_step5_highpass_atlas_mean_trace,4.0,atlas_region_mean_trace,atlas_region_mean_trace_meanfc_modules,,
Drosophila,2017-10-26_1,ATL_L,0.2733844945984213,0.8653701627654499,0.0458548602851981,0.6109115847250789,4.562024055843871,0.0356327567228993,0.9930505998910548,side key,w15_step5_highpass_atlas_mean_trace,1.0,atlas_region_mean_trace,atlas_region_mean_trace_meanfc_modules,,
Drosophila,2017-10-26_1,AVLP_L,0.3022000600359572,0.5628995345750484,0.1559951852665247,0.6913246907825369,4.586908052407314,0.043596599967984,0.8860929700621967,side key,w15_step5_highpass_atlas_mean_trace,34.0,atlas_region_mean_trace,atlas_region_mean_trace_meanfc_modules,,
Drosophila,2017-10-26_1,CRE_L,0.2884204857585243,0.6191555285487456,0.1565309547253256,0.5718589028189147,4.748864431548658,0.0462074888154083,0.9289966677985292,side key,w15_step5_highpass_atlas_mean_trace,10.0,atlas_region_mean_trace,atlas_region_mean_trace_meanfc_modules,,
Drosophila,2017-10-26_1,EPA_L,0.2781920130313227,0.7693978340012472,0.1044111364385975,0.6536827387167005,5.32453070046487,0.0418312531918875,0.9894006294356924,side key,w15_step5_highpass_atlas_mean_trace,1.0,atlas_region_mean_trace,atlas_region_mean_trace_meanfc_modules,,
Drosophila,2017-10-26_1,GA_L,0.2761634187980701,0.8396330967496353,0.0639488503012503,0.620694180665268,3.356484679683108,0.0401443930236645,0.9920627788085902,side key,w15_step5_highpass_atlas_mean_trace,1.0,atlas_region_mean_trace,atlas_region_mean_trace_meanfc_modules,,
Drosophila,2017-10-26_1,GOR_L,0.2740357134451877,0.730211172255241,0.1234864072330114,0.6492694783957823,4.521833080974411,0.038098649077075,0.9775667386812896,side key,w15_step5_highpass_atlas_mean_trace,1.0,atlas_region_mean_trace,atlas_region_mean_trace_meanfc_modules,,
Drosophila,2017-10-26_1,IB_L,0.2830364911398179,0.7636894229723987,0.1193794310805711,0.6814959484815843,4.0020653559021255,0.0415106859957444,0.990797928094968,side key,w15_step5_highpass_atlas_mean_trace,3.0,atlas_region_mean_trace,atlas_region_mean_trace_meanfc_modules,,
Drosophila,2017-10-26_1,ICL_L,0.2799782378108382,0.6952646940135747,0.1517972281051327,0.631906885217906,5.112517150770449,0.0422260283164243,0.9671715035642467,side key,w15_step5_highpass_atlas_mean_trace,8.0,atlas_region_mean_trace,atlas_region_mean_trace_meanfc_modules,,
Drosophila,2017-10-26_1,IPS_L,0.2858571436460675,0.7385071319938091,0.1149450025652549,0.7206577832175234,2.8810744466579403,0.038686959467315,0.9841147015634438,side key,w15_step5_highpass_atlas_mean_trace,8.0,atlas_region_mean_trace,atlas_region_mean_trace_meanfc_modules,,
Drosophila,2017-10-26_1,IVLP_L,0.2839562925453744,0.6911347232608861,0.1320661369222851,0.6773326037992196,3.637167850762985,0.0459389775363684,0.9714349380910836,side key,w15_step5_highpass_atlas_mean_trace,7.0,atlas_region_mean_trace,atlas_region_mean_trace_meanfc_modules,,
Drosophila,2017-10-26_1,LAL_L,0.2892635608838118,0.5513126390872282,0.1415085765709093,0.6455943372444523,3.9893510905641976,0.0463643356678702,0.8944302475560049,side key,w15_step5_highpass_atlas_mean_trace,5.0,atlas_region_mean_trace,atlas_region_mean_trace_meanfc_modules,,
Drosophila,2017-10-26_1,LB_L,0.2709772212809971,0.8303058045709372,0.0595019162207076,0.6343178941736312,2.7774569792502044,0.0411345549450673,0.9941379360838164,side key,w15_step5_highpass_atlas_mean_trace,1.0,atlas_region_mean_trace,atlas_region_mean_trace_meanfc_modules,,
Drosophila,2017-10-26_1,LH_L,0.2979468559535748,0.6927954213277022,0.1360974109011267,0.6644787651908168,5.450518504113241,0.048088511619696,0.9728049185286148,side key,w15_step5_highpass_atlas_mean_trace,11.0,atlas_region_mean_trace,atlas_region_mean_trace_meanfc_modules,,
Drosophila,2017-10-26_1,LO_L,0.2651375232869656,0.8697115484660846,0.0298953373166923,0.5933165499039578,5.2802009571411,0.0335639866957256,0.992184679170748,side key,w15_step5_highpass_atlas_mean_trace,22.0,atlas_region_mean_trace,atlas_region_mean_trace_meanfc_modules,,
Drosophila,2017-10-26_1,MB_L,0.3007567338419921,0.6200120643590112,0.1713851604148764,0.5812354598343724,5.340713832236756,0.0457167050574541,0.9243080794813128,side key,w15_step5_highpass_atlas_mean_trace,16.0,atlas_region_mean_trace,atlas_region_mean_trace_meanfc_modules,,
Drosophila,2017-10-26_1,ME_L,0.2678020820090779,0.9045417553226096,0.0206879179861771,0.6103559317497587,5.789143902005776,0.0362341008821092,0.9953123812165572,side key,w15_step5_highpass_atlas_mean_trace,16.0,atlas_region_mean_trace,atlas_region_mean_trace_meanfc_modules,,
Drosophila,2017-10-26_1,OTU_L,0.2905831948133938,0.6969426132025903,0.1175413082242522,0.6279876646793742,4.602124902568392,0.0470050082190278,0.9601953133743032,side key,w15_step5_highpass_atlas_mean_trace,4.0,atlas_region_mean_trace,atlas_region_mean_trace_meanfc_modules,,
Drosophila,2017-10-26_1,PLP_L,0.283617813046637,0.7110702443368154,0.1338045106461878,0.6370193158397199,3.005175200367619,0.0421587691489986,0.978623410900452,side key,w15_step5_highpass_atlas_mean_trace,13.0,atlas_region_mean_trace,atlas_region_mean_trace_meanfc_modules,,
Drosophila,2017-10-26_1,PVLP_L,0.2875102314344399,0.7068264069699424,0.1521745972149914,0.6577626209017915,3.597529243307376,0.0454352538598641,0.977730306433472,side key,w15_step5_highpass_atlas_mean_trace,11.0,atlas_region_mean_trace,atlas_region_mean_trace_meanfc_modules,,
Drosophila,2017-10-26_1,SCL_L,0.282123541779649,0.7623360788760125,0.1228348282528196,0.6363816224413307,3.368704511722835,0.0469905727303005,0.9882371017873732,side key,w15_step5_highpass_atlas_mean_trace,8.0,atlas_region_mean_trace,atlas_region_mean_trace_meanfc_modules,,
Drosophila,2017-10-26_1,SIP_L,0.2793463403065848,0.8084914642097513,0.0928612095693115,0.6096100068359366,3.843793206349156,0.0393732612158427,0.991396154616905,side key,w15_step5_highpass_atlas_mean_trace,7.0,atlas_region_mean_trace,atlas_region_mean_trace_meanfc_modules,,
Drosophila,2017-10-26_1,SLP_L,0.29314391309218,0.678068720074423,0.2046828112444634,0.6260763581296801,4.09725316410754,0.0472450705321873,0.9606527303634068,side key,w15_step5_highpass_atlas_mean_trace,23.0,atlas_region_mean_trace,atlas_region_mean_trace_meanfc_modules,,
Drosophila,2017-10-26_1,SMP_L,0.2808297862716967,0.7696865850784125,0.119180443135635,0.6436684102633089,3.6293458792820217,0.0403602174428953,0.985704420007058,side key,w15_step5_highpass_atlas_mean_trace,22.0,atlas_region_mean_trace,atlas_region_mean_trace_meanfc_modules,,
Drosophila,2017-10-26_1,SPS_L,0.2861270002818411,0.7178006338302869,0.1559566597140329,0.7076726260789951,4.89491074043347,0.0428986395960254,0.9718312931537212,side key,w15_step5_highpass_atlas_mean_trace,15.0,atlas_region_mean_trace,atlas_region_mean_trace_meanfc_modules,,
Drosophila,2017-10-26_1,VES_L,0.2901748313554184,0.62196405927397,0.1895546124077742,0.6814557612721034,3.0340721671185182,0.0460488513345045,0.9393939178832198,side key,w15_step5_highpass_atlas_mean_trace,6.0,atlas_region_mean_trace,atlas_region_mean_trace_meanfc_modules,,
Drosophila,2017-10-26_1,WED_L,0.2713892027086093,0.8458750782870249,0.0611073230022161,0.6493278789957608,5.179884678280879,0.0366727635376088,0.995178077066361,side key,w15_step5_highpass_atlas_mean_trace,1.0,atlas_region_mean_trace,atlas_region_mean_trace_meanfc_modules,,
Drosophila,2017-10-26_1,EB,0.3180646504633951,0.5839128320247636,0.1507226522019892,0.6549202190890258,6.387498116948849,0.0450118766655282,0.8861593427438985,side key,w15_step5_highpass_atlas_mean_trace,3.0,atlas_region_mean_trace,atlas_region_mean_trace_meanfc_modules,,
Drosophila,2017-10-26_1,FB,0.2834046204771144,0.6064187582292699,0.1850858512791148,0.6183253830054837,3.6659865617807994,0.038211128190518,0.9172769504432664,side key,w15_step5_highpass_atlas_mean_trace,13.0,atlas_region_mean_trace,atlas_region_mean_trace_meanfc_modules,,
Drosophila,2017-10-26_1,FLA,0.3023599016561069,0.6219896611296508,0.1871078564397523,0.6550497537650865,6.369670579143157,0.0449054452114009,0.90730280733252,side key,w15_step5_highpass_atlas_mean_trace,6.0,atlas_region_mean_trace,atlas_region_mean_trace_meanfc_modules,,
Drosophila,2017-10-26_1,NO,0.2874740097430849,0.6652427230854435,0.1471479776435188,0.6570171971353704,3.0829556407797094,0.0423221509265647,0.9533291460035288,side key,w15_step5_highpass_atlas_mean_trace,1.0,atlas_region_mean_trace,atlas_region_mean_trace_meanfc_modules,,
Drosophila,2017-10-26_1,PB,0.2935402217972424,0.7803113274266622,0.1185624238290159,0.6537042735846365,5.755299595635951,0.0443013952886484,0.9833837337090782,side key,w15_step5_highpass_atlas_mean_trace,1.0,atlas_region_mean_trace,atlas_region_mean_trace_meanfc_modules,,
Drosophila,2017-10-26_1,PRW,0.2787183387192481,0.7748745239018827,0.0957895659092815,0.6687792768430265,4.358964109518614,0.0344838817647268,0.990545262548574,side key,w15_step5_highpass_atlas_mean_trace,7.0,atlas_region_mean_trace,atlas_region_mean_trace_meanfc_modules,,
Drosophila,2017-10-26_1,SAD,0.2860020093434471,0.6506281608184485,0.1620692184890712,0.6385820331912897,2.8295374975561924,0.0459431639557261,0.967074751303125,side key,w15_step5_highpass_atlas_mean_trace,20.0,atlas_region_mean_trace,atlas_region_mean_trace_meanfc_modules,,
Drosophila,2017-10-26_1,SOG,0.2943862733780865,0.6733008623400732,0.1470910794106136,0.6224648466462169,3.2700660604996203,0.0400260032405298,0.9713314560764608,side key,w15_step5_highpass_atlas_mean_trace,71.0,atlas_region_mean_trace,atlas_region_mean_trace_meanfc_modules,,
Drosophila,2017-10-30_1,AL_R,0.2939242557448601,0.5586733402944475,0.0929504729308504,0.6303741506499032,4.68653935844481,0.0231683484717423,0.8800234402744084,side key,w15_step5_highpass_atlas_mean_trace,23.0,atlas_region_mean_trace,atlas_region_mean_trace_meanfc_modules,,
Drosophila,2017-10-30_1,AME_R,0.2671404634753133,0.8808954914787553,0.0315099141078565,0.6008868179855176,3.619839529919469,0.0187971978693964,0.9931225538837666,side key,w15_step5_highpass_atlas_mean_trace,1.0,atlas_region_mean_trace,atlas_region_mean_trace_meanfc_modules,,
Drosophila,2017-10-30_1,AMMC_R,0.2674778049699596,0.8458993470960054,0.0646478655086249,0.6608148052710885,4.9020680050873,0.0200188826997772,0.9945475768711785,side key,w15_step5_highpass_atlas_mean_trace,4.0,atlas_region_mean_trace,atlas_region_mean_trace_meanfc_modules,,
Drosophila,2017-10-30_1,ATL_R,0.2708777736028757,0.8438227152557977,0.0804742228339571,0.63626682775366,3.5407638995016977,0.0192772821445681,0.993513339019324,side key,w15_step5_highpass_atlas_mean_trace,1.0,atlas_region_mean_trace,atlas_region_mean_trace_meanfc_modules,,
Drosophila,2017-10-30_1,AVLP_R,0.2846825734463182,0.731772136623948,0.1234890449521798,0.7380240714006172,7.248391190174537,0.0228073389539979,0.9806615168922216,side key,w15_step5_highpass_atlas_mean_trace,28.0,atlas_region_mean_trace,atlas_region_mean_trace_meanfc_modules,,
Drosophila,2017-10-30_1,CRE_R,0.2850744906773942,0.6768951028797255,0.1150846115987735,0.6517448407869973,4.521696224543827,0.0225801159042498,0.9450704775829089,side key,w15_step5_highpass_atlas_mean_trace,8.0,atlas_region_mean_trace,atlas_region_mean_trace_meanfc_modules,,
Drosophila,2017-10-30_1,EPA_R,0.26954035381463,0.8764673799464413,0.053155522024238,0.6627789468232305,3.352279966260384,0.0204172254159664,0.9947983391487292,side key,w15_step5_highpass_atlas_mean_trace,1.0,atlas_region_mean_trace,atlas_region_mean_trace_meanfc_modules,,
Drosophila,2017-10-30_1,GA_R,0.2772017065819921,0.8886828079473015,0.0347277943179266,0.6292510675825956,4.365493257264116,0.0179548937749421,0.9940656007884224,side key,w15_step5_highpass_atlas_mean_trace,1.0,atlas_region_mean_trace,atlas_region_mean_trace_meanfc_modules,,
Drosophila,2017-10-30_1,GOR_R,0.2768502271985508,0.7999066640470974,0.0871434542688403,0.7271651532654088,4.473800732774387,0.0199977649544413,0.9900843898934178,side key,w15_step5_highpass_atlas_mean_trace,1.0,atlas_region_mean_trace,atlas_region_mean_trace_meanfc_modules,,
Drosophila,2017-10-30_1,IB_R,0.276572705000102,0.7977455589206939,0.1114598367776692,0.7347994897604283,3.749703771905498,0.0201110664416914,0.992686966131252,side key,w15_step5_highpass_atlas_mean_trace,4.0,atlas_region_mean_trace,atlas_region_mean_trace_meanfc_modules,,
Drosophila,2017-10-30_1,ICL_R,0.273675453124396,0.7485087741162596,0.1307765449615765,0.7149756919439615,5.22184498447019,0.020495901867373,0.9853323203974922,side key,w15_step5_highpass_atlas_mean_trace,8.0,atlas_region_mean_trace,atlas_region_mean_trace_meanfc_modules,,
Drosophila,2017-10-30_1,IPS_R,0.2796013938693969,0.7857331088102815,0.0718176918576835,0.722788891829602,6.657110400175236,0.0193264914715494,0.9887339191905248,side key,w15_step5_highpass_atlas_mean_trace,11.0,atlas_region_mean_trace,atlas_region_mean_trace_meanfc_modules,,
Drosophila,2017-10-30_1,IVLP_R,0.2751467977737918,0.7768810830371953,0.1169350057944531,0.6846403102498785,3.403712294486985,0.0206133880755966,0.9893880114609036,side key,w15_step5_highpass_atlas_mean_trace,5.0,atlas_region_mean_trace,atlas_region_mean_trace_meanfc_modules,,
Drosophila,2017-10-30_1,LAL_R,0.2811192324909302,0.6029597933036956,0.1375719844178674,0.6970681527781586,5.123827117108602,0.020680982728288,0.9077332047723848,side key,w15_step5_highpass_atlas_mean_trace,9.0,atlas_region_mean_trace,atlas_region_mean_trace_meanfc_modules,,
Drosophila,2017-10-30_1,LB_R,0.2720620810580083,0.8713109929806154,0.0498025524209032,0.63021362709182,3.2673000668236725,0.019367515563084,0.9946609967941138,side key,w15_step5_highpass_atlas_mean_trace,1.0,atlas_region_mean_trace,atlas_region_mean_trace_meanfc_modules,,
Drosophila,2017-10-30_1,LH_R,0.2773988297733747,0.8082160637410853,0.0594871763332643,0.7260866150077101,7.179476839304272,0.020282706385898,0.9913352907543794,side key,w15_step5_highpass_atlas_mean_trace,14.0,atlas_region_mean_trace,atlas_region_mean_trace_meanfc_modules,,
Drosophila,2017-10-30_1,LO_R,0.2666564279800122,0.8859870110561343,-0.0133981273255343,0.700392582030178,4.448519371754622,0.0186189311066876,0.9960962182197868,side key,w15_step5_highpass_atlas_mean_trace,29.0,atlas_region_mean_trace,atlas_region_mean_trace_meanfc_modules,,
Drosophila,2017-10-30_1,MB_R,0.2918116262968696,0.5957508576291922,0.1015974010358519,0.6408293168048035,5.46524196313974,0.0223634807978948,0.904682767856982,side key,w15_step5_highpass_atlas_mean_trace,16.0,atlas_region_mean_trace,atlas_region_mean_trace_meanfc_modules,,
Drosophila,2017-10-30_1,ME_R,0.2658652406250477,0.9016282568909938,0.0316877863747737,0.6125509748226042,5.56297214599537,0.0193728165544915,0.9948955424356624,side key,w15_step5_highpass_atlas_mean_trace,24.0,atlas_region_mean_trace,atlas_region_mean_trace_meanfc_modules,,
Drosophila,2017-10-30_1,OTU_R,0.2687559244098157,0.8543733385754837,0.048264856422849,0.6384839676167758,5.846453006479192,0.0185398468221811,0.9935557309979216,side key,w15_step5_highpass_atlas_mean_trace,3.0,atlas_region_mean_trace,atlas_region_mean_trace_meanfc_modules,,
Drosophila,2017-10-30_1,PLP_R,0.2827236041150392,0.725999983616224,0.1054066395841487,0.7199178915607076,4.861757096489604,0.0216918680914571,0.9794002928781496,side key,w15_step5_highpass_atlas_mean_trace,15.0,atlas_region_mean_trace,atlas_region_mean_trace_meanfc_modules,,
Drosophila,2017-10-30_1,PVLP_R,0.2802173319050064,0.7325134215263044,0.1133463927200817,0.7087937846344449,6.871923525219911,0.0208132886256948,0.9736702742914664,side key,w15_step5_highpass_atlas_mean_trace,17.0,atlas_region_mean_trace,atlas_region_mean_trace_meanfc_modules,,
Drosophila,2017-10-30_1,SCL_R,0.2777083540622651,0.693047841362934,0.1142704517583163,0.681785710530642,6.103530164736061,0.0223358108375489,0.9682586007274048,side key,w15_step5_highpass_atlas_mean_trace,6.0,atlas_region_mean_trace,atlas_region_mean_trace_meanfc_modules,,
Drosophila,2017-10-30_1,SIP_R,0.2764396583366844,0.7580055119843213,0.0975082562757018,0.6801457126651003,4.829743446940263,0.0193797076082124,0.9839062365870704,side key,w15_step5_highpass_atlas_mean_trace,6.0,atlas_region_mean_trace,atlas_region_mean_trace_meanfc_modules,,
Drosophila,2017-10-30_1,SLP_R,0.2866682760662472,0.7465526294549553,0.1082344327224878,0.7606380292931522,8.67478059844075,0.022640628531206,0.9796530105785938,side key,w15_step5_highpass_atlas_mean_trace,22.0,atlas_region_mean_trace,atlas_region_mean_trace_meanfc_modules,,
Drosophila,2017-10-30_1,SMP_R,0.2815365272409756,0.7568753347671752,0.1105873825625487,0.7308197794317568,6.640081020032704,0.0196789813808954,0.9818606490702656,side key,w15_step5_highpass_atlas_mean_trace,21.0,atlas_region_mean_trace,atlas_region_mean_trace_meanfc_modules,,
Drosophila,2017-10-30_1,SPS_R,0.2798845763796764,0.7367601813410786,0.1224928711541541,0.7102043599522677,6.041416285553413,0.0221786331869582,0.983643821200947,side key,w15_step5_highpass_atlas_mean_trace,12.0,atlas_region_mean_trace,atlas_region_mean_trace_meanfc_modules,,
Drosophila,2017-10-30_1,VES_R,0.2806704292227202,0.6646014500037651,0.1344183121416771,0.6759538636540178,4.6229757692487095,0.0203324974371403,0.9453524695281394,side key,w15_step5_highpass_atlas_mean_trace,6.0,atlas_region_mean_trace,atlas_region_mean_trace_meanfc_modules,,
Drosophila,2017-10-30_1,WED_R,0.2656251126246886,0.9060508815946436,0.041780524090215,0.5773421350666558,4.908351082384825,0.0185331032695728,0.9943053792396226,side key,w15_step5_highpass_atlas_mean_trace,1.0,atlas_region_mean_trace,atlas_region_mean_trace_meanfc_modules,,
Drosophila,2017-10-30_1,AL_L,0.2855009792326766,0.4972893528535712,0.1064864259335942,0.5763262802662851,4.301141130731118,0.0252817238272779,0.8273616049860886,side key,w15_step5_highpass_atlas_mean_trace,22.0,atlas_region_mean_trace,atlas_region_mean_trace_meanfc_modules,,
Drosophila,2017-10-30_1,AMMC_L,0.2705619103067477,0.8485142207737376,0.0651806239877587,0.6548186284649357,5.672555515775327,0.0203365559881709,0.9941786709943004,side key,w15_step5_highpass_atlas_mean_trace,4.0,atlas_region_mean_trace,atlas_region_mean_trace_meanfc_modules,,
Drosophila,2017-10-30_1,ATL_L,0.2670452352697129,0.8340038842747384,0.0685356741059674,0.6589638005536449,3.3101732746198094,0.0183034343939477,0.994525753335811,side key,w15_step5_highpass_atlas_mean_trace,1.0,atlas_region_mean_trace,atlas_region_mean_trace_meanfc_modules,,
Drosophila,2017-10-30_1,AVLP_L,0.2862924824101523,0.7412694204495787,0.1377502600886945,0.6584932227478698,4.33324274845212,0.0214930667285803,0.9787989597914416,side key,w15_step5_highpass_atlas_mean_trace,34.0,atlas_region_mean_trace,atlas_region_mean_trace_meanfc_modules,,
Drosophila,2017-10-30_1,CRE_L,0.2805464848141796,0.6197146914874437,0.1366815727661557,0.6965656324966792,3.8512822233603448,0.0248004998201936,0.9286291756211305,side key,w15_step5_highpass_atlas_mean_trace,10.0,atlas_region_mean_trace,atlas_region_mean_trace_meanfc_modules,,
Drosophila,2017-10-30_1,EPA_L,0.2691771786255401,0.8869583039138249,0.0463571298911953,0.6178798843673967,4.516471028690368,0.0184275215996529,0.9963692828729817,side key,w15_step5_highpass_atlas_mean_trace,1.0,atlas_region_mean_trace,atlas_region_mean_trace_meanfc_modules,,
Drosophila,2017-10-30_1,GA_L,0.2675679491035274,0.9133210735898428,0.0164919627978376,0.6807531277357923,2.917235848921921,0.019116682790793,0.9940183035912354,side key,w15_step5_highpass_atlas_mean_trace,1.0,atlas_region_mean_trace,atlas_region_mean_trace_meanfc_modules,,
Drosophila,2017-10-30_1,GOR_L,0.2729735794267704,0.8185148263884094,0.0782260546359244,0.665834588509706,4.35565314748498,0.0206864054925006,0.9947302890594018,side key,w15_step5_highpass_atlas_mean_trace,1.0,atlas_region_mean_trace,atlas_region_mean_trace_meanfc_modules,,
Drosophila,2017-10-30_1,IB_L,0.2705803016765296,0.7484882320323875,0.1262303539383389,0.717649652292366,3.9340327984557097,0.020704413277109,0.9885391138602724,side key,w15_step5_highpass_atlas_mean_trace,3.0,atlas_region_mean_trace,atlas_region_mean_trace_meanfc_modules,,
Drosophila,2017-10-30_1,ICL_L,0.2797863255024532,0.7729106228466691,0.1138081748250865,0.7020403110197999,4.098398679970942,0.0220675136344415,0.9852673381684884,side key,w15_step5_highpass_atlas_mean_trace,8.0,atlas_region_mean_trace,atlas_region_mean_trace_meanfc_modules,,
Drosophila,2017-10-30_1,IPS_L,0.2777787299331644,0.7854933333361936,0.0998055249125226,0.6602485784141291,2.738745194529616,0.0212215596572916,0.9881792255795948,side key,w15_step5_highpass_atlas_mean_trace,8.0,atlas_region_mean_trace,atlas_region_mean_trace_meanfc_modules,,
Drosophila,2017-10-30_1,IVLP_L,0.2740498251436437,0.7927665032374357,0.0886058289141506,0.6845400923872835,5.318044334887066,0.020741869113207,0.9920476377608552,side key,w15_step5_highpass_atlas_mean_trace,7.0,atlas_region_mean_trace,atlas_region_mean_trace_meanfc_modules,,
Drosophila,2017-10-30_1,LAL_L,0.2808951495062867,0.5415631078314173,0.1292323282637972,0.6324649850202836,3.5008371553403728,0.0234322784779452,0.8635590953476966,side key,w15_step5_highpass_atlas_mean_trace,5.0,atlas_region_mean_trace,atlas_region_mean_trace_meanfc_modules,,
Drosophila,2017-10-30_1,LB_L,0.2691320382042985,0.8191938814165944,0.058074912780155,0.5744403660202346,3.27509840780049,0.0196281885191642,0.9934835941472746,side key,w15_step5_highpass_atlas_mean_trace,1.0,atlas_region_mean_trace,atlas_region_mean_trace_meanfc_modules,,
Drosophila,2017-10-30_1,LH_L,0.2826445302155619,0.6070104416424698,0.1273383446600714,0.610896411261403,2.4858360294490702,0.0253481486092405,0.9278874211196616,side key,w15_step5_highpass_atlas_mean_trace,11.0,atlas_region_mean_trace,atlas_region_mean_trace_meanfc_modules,,
Drosophila,2017-10-30_1,LO_L,0.2687480525446649,0.8621831915961374,0.0289438963361087,0.6161857414293213,4.459739665600206,0.0203510450663392,0.9956293877850022,side key,w15_step5_highpass_atlas_mean_trace,22.0,atlas_region_mean_trace,atlas_region_mean_trace_meanfc_modules,,
Drosophila,2017-10-30_1,MB_L,0.2849438796436229,0.5226714169920759,0.1319617158150052,0.6673723521552222,3.7670063128607953,0.0240895626649524,0.8463587022238855,side key,w15_step5_highpass_atlas_mean_trace,16.0,atlas_region_mean_trace,atlas_region_mean_trace_meanfc_modules,,
Drosophila,2017-10-30_1,OTU_L,0.2803668695382313,0.8050118679539175,0.0908718275447656,0.713365567985245,4.089733475690543,0.0204456044710047,0.99273857049688,side key,w15_step5_highpass_atlas_mean_trace,4.0,atlas_region_mean_trace,atlas_region_mean_trace_meanfc_modules,,
Drosophila,2017-10-30_1,PLP_L,0.2754709598165418,0.7089180870530496,0.1397964737319266,0.6913253442435345,5.279224587824508,0.0214125192844609,0.9777303031036658,side key,w15_step5_highpass_atlas_mean_trace,13.0,atlas_region_mean_trace,atlas_region_mean_trace_meanfc_modules,,
Drosophila,2017-10-30_1,PVLP_L,0.2843968310475594,0.7419537565391526,0.1300359156674395,0.7164552797156918,5.7062529285284365,0.0209164743018348,0.9775806743714718,side key,w15_step5_highpass_atlas_mean_trace,11.0,atlas_region_mean_trace,atlas_region_mean_trace_meanfc_modules,,
Drosophila,2017-10-30_1,SCL_L,0.2776100988868533,0.6944281188159056,0.1442581705581302,0.6848088890067892,2.7623314934793424,0.0242585681391257,0.9693369000532464,side key,w15_step5_highpass_atlas_mean_trace,8.0,atlas_region_mean_trace,atlas_region_mean_trace_meanfc_modules,,
Drosophila,2017-10-30_1,SIP_L,0.2806061790282317,0.7030579001285714,0.1183789994840214,0.6944524266746513,3.543551918792192,0.0236571535340504,0.9715589366653626,side key,w15_step5_highpass_atlas_mean_trace,7.0,atlas_region_mean_trace,atlas_region_mean_trace_meanfc_modules,,
Drosophila,2017-10-30_1,SLP_L,0.2938116380653852,0.6776132074054559,0.122177398161926,0.7630999566516802,5.391258402487577,0.02536272422782,0.967081531166765,side key,w15_step5_highpass_atlas_mean_trace,23.0,atlas_region_mean_trace,atlas_region_mean_trace_meanfc_modules,,
Drosophila,2017-10-30_1,SMP_L,0.2817671276503104,0.7167394682515131,0.1225905360680501,0.7077855272575377,5.52416051305272,0.0201100162161012,0.9735347092392116,side key,w15_step5_highpass_atlas_mean_trace,22.0,atlas_region_mean_trace,atlas_region_mean_trace_meanfc_modules,,
Drosophila,2017-10-30_1,SPS_L,0.2792433723390992,0.7194127597385881,0.1350088289350957,0.696384861236314,5.411311585527272,0.0213733395946499,0.9766842915746826,side key,w15_step5_highpass_atlas_mean_trace,15.0,atlas_region_mean_trace,atlas_region_mean_trace_meanfc_modules,,
Drosophila,2017-10-30_1,VES_L,0.279313791020214,0.5751900480422752,0.1344317844322342,0.6055401544983933,3.855928521521143,0.0250776944939682,0.8979339191368767,side key,w15_step5_highpass_atlas_mean_trace,6.0,atlas_region_mean_trace,atlas_region_mean_trace_meanfc_modules,,
Drosophila,2017-10-30_1,WED_L,0.2691046698935266,0.8546520604546526,0.0543935141579559,0.6111179061235535,3.9782254309799647,0.0198556706802698,0.9948946337535788,side key,w15_step5_highpass_atlas_mean_trace,1.0,atlas_region_mean_trace,atlas_region_mean_trace_meanfc_modules,,
Drosophila,2017-10-30_1,EB,0.2845648151612402,0.6663210598730115,0.0926142250607036,0.64710573094387,4.439829120063981,0.020147693546296,0.9407001887994628,side key,w15_step5_highpass_atlas_mean_trace,3.0,atlas_region_mean_trace,atlas_region_mean_trace_meanfc_modules,,
Drosophila,2017-10-30_1,FB,0.2795448512197626,0.6749053966788445,0.1565034538690453,0.7143097937794051,4.347358091388904,0.0192161163603101,0.9476693129662452,side key,w15_step5_highpass_atlas_mean_trace,13.0,atlas_region_mean_trace,atlas_region_mean_trace_meanfc_modules,,
Drosophila,2017-10-30_1,FLA,0.2769077920342088,0.7407200360761514,0.1320739347977953,0.648031836534533,4.154270338116603,0.023364451016041,0.9830100063004632,side key,w15_step5_highpass_atlas_mean_trace,6.0,atlas_region_mean_trace,atlas_region_mean_trace_meanfc_modules,,
Drosophila,2017-10-30_1,NO,0.2712485356986758,0.7566421453729922,0.0619563867783818,0.6678325098978523,3.8215044752032448,0.018714245519953,0.9801223047468668,side key,w15_step5_highpass_atlas_mean_trace,1.0,atlas_region_mean_trace,atlas_region_mean_trace_meanfc_modules,,
Drosophila,2017-10-30_1,PB,0.2769628743927586,0.7836107276221389,0.0899675593927986,0.6473490421224275,4.664951166580027,0.0212470800988209,0.9865634020018412,side key,w15_step5_highpass_atlas_mean_trace,1.0,atlas_region_mean_trace,atlas_region_mean_trace_meanfc_modules,,
Drosophila,2017-10-30_1,PRW,0.2788542446944986,0.8843173034903461,0.0518841583745066,0.6191959239110653,3.232835250722325,0.0196043191674863,0.9921368165247936,side key,w15_step5_highpass_atlas_mean_trace,7.0,atlas_region_mean_trace,atlas_region_mean_trace_meanfc_modules,,
Drosophila,2017-10-30_1,SAD,0.2792838608996195,0.7219039857394486,0.1528004486062864,0.6941461494866328,2.730932898584997,0.0216910545670349,0.9844450381980244,side key,w15_step5_highpass_atlas_mean_trace,20.0,atlas_region_mean_trace,atlas_region_mean_trace_meanfc_modules,,
Drosophila,2017-10-30_1,SOG,0.2765816682755833,0.7893134009650291,0.0997800879193542,0.6068273147419411,3.692163698419759,0.0203227724696283,0.9869646991013478,side key,w15_step5_highpass_atlas_mean_trace,71.0,atlas_region_mean_trace,atlas_region_mean_trace_meanfc_modules,,
Drosophila,2017-10-30_2,AL_R,0.2830018351789833,0.572015462984065,0.1044875414110557,0.6698478849243094,3.256582024696136,0.0375254586284292,0.9118616323467424,side key,w15_step5_highpass_atlas_mean_trace,23.0,atlas_region_mean_trace,atlas_region_mean_trace_meanfc_modules,,
Drosophila,2017-10-30_2,AME_R,0.2631872169607275,0.9132463612476392,0.0236664394873238,0.6451796909682695,4.229512390989933,0.0321138296788276,0.9951826878843874,side key,w15_step5_highpass_atlas_mean_trace,1.0,atlas_region_mean_trace,atlas_region_mean_trace_meanfc_modules,,
Drosophila,2017-10-30_2,AMMC_R,0.2690757015105984,0.905781008494825,0.0268123881176234,0.5903390675666506,4.81430848510195,0.0314765709925267,0.9956144099769338,side key,w15_step5_highpass_atlas_mean_trace,4.0,atlas_region_mean_trace,atlas_region_mean_trace_meanfc_modules,,
Drosophila,2017-10-30_2,ATL_R,0.2838762614212752,0.762785475650482,0.0482039012803388,0.6826407212039385,2.773031022159483,0.0402110115856947,0.9831999993754468,side key,w15_step5_highpass_atlas_mean_trace,1.0,atlas_region_mean_trace,atlas_region_mean_trace_meanfc_modules,,
Drosophila,2017-10-30_2,AVLP_R,0.2897575770372896,0.8199024511342874,0.0841153820669941,0.7379741605279257,5.723134437652854,0.0396626357188874,0.989861470513316,side key,w15_step5_highpass_atlas_mean_trace,28.0,atlas_region_mean_trace,atlas_region_mean_trace_meanfc_modules,,
Drosophila,2017-10-30_2,CRE_R,0.2844716239035356,0.6542243937761216,0.0987420487656521,0.7095903123257966,2.5023596669134585,0.040348742647493,0.9469052744398828,side key,w15_step5_highpass_atlas_mean_trace,8.0,atlas_region_mean_trace,atlas_region_mean_trace_meanfc_modules,,
Drosophila,2017-10-30_2,EPA_R,0.2651530495011694,0.8758198114003769,0.0490274839072365,0.5746290468893214,3.246960189263594,0.0336360910227801,0.9945075423465768,side key,w15_step5_highpass_atlas_mean_trace,1.0,atlas_region_mean_trace,atlas_region_mean_trace_meanfc_modules,,
Drosophila,2017-10-30_2,GA_R,0.2740341786130014,0.8220352703022853,0.0463021170444575,0.6733104414386905,4.891068112173109,0.0327846555978864,0.9936093240664284,side key,w15_step5_highpass_atlas_mean_trace,1.0,atlas_region_mean_trace,atlas_region_mean_trace_meanfc_modules,,
Drosophila,2017-10-30_2,GOR_R,0.2703827047352316,0.8491951529835009,0.0697223197547558,0.6987434806812142,4.122905589496479,0.0374057233058824,0.9918600862234196,side key,w15_step5_highpass_atlas_mean_trace,1.0,atlas_region_mean_trace,atlas_region_mean_trace_meanfc_modules,,
Drosophila,2017-10-30_2,IB_R,0.2672304749437885,0.8430063387701363,0.0717805006728668,0.5542031390694869,4.648941516155561,0.0324943054313876,0.991753774772571,side key,w15_step5_highpass_atlas_mean_trace,4.0,atlas_region_mean_trace,atlas_region_mean_trace_meanfc_modules,,
Drosophila,2017-10-30_2,ICL_R,0.2816874334914663,0.6723130207873678,0.1100011331971255,0.7059155759635716,1.6049877893014546,0.0413118881650357,0.9640766117535272,side key,w15_step5_highpass_atlas_mean_trace,8.0,atlas_region_mean_trace,atlas_region_mean_trace_meanfc_modules,,
Drosophila,2017-10-30_2,IPS_R,0.2690378603853255,0.8598401948424378,0.0485421996003077,0.5435358420687592,4.487203221418392,0.0305441026041677,0.9909431203797534,side key,w15_step5_highpass_atlas_mean_trace,11.0,atlas_region_mean_trace,atlas_region_mean_trace_meanfc_modules,,
Drosophila,2017-10-30_2,IVLP_R,0.2678687351448203,0.8405394814248223,0.0563493245151469,0.6752924703479132,3.642033510536976,0.0338014432310622,0.995381227580218,side key,w15_step5_highpass_atlas_mean_trace,5.0,atlas_region_mean_trace,atlas_region_mean_trace_meanfc_modules,,
Drosophila,2017-10-30_2,LAL_R,0.2724174617324096,0.8000135298682616,0.0943351833488344,0.6908910605814382,5.378731475544049,0.0354888208419943,0.9929292389053672,side key,w15_step5_highpass_atlas_mean_trace,9.0,atlas_region_mean_trace,atlas_region_mean_trace_meanfc_modules,,
Drosophila,2017-10-30_2,LB_R,0.2661479034076182,0.9022175922179428,0.0237056830014155,0.6039853440296145,4.134334315241135,0.0285042767776408,0.9943353153243198,side key,w15_step5_highpass_atlas_mean_trace,1.0,atlas_region_mean_trace,atlas_region_mean_trace_meanfc_modules,,
Drosophila,2017-10-30_2,LH_R,0.2814403178199461,0.7330585741723573,0.0957478338812658,0.7027268888796973,2.590222903888067,0.0393761076414246,0.9767119934889704,side key,w15_step5_highpass_atlas_mean_trace,14.0,atlas_region_mean_trace,atlas_region_mean_trace_meanfc_modules,,
Drosophila,2017-10-30_2,LO_R,0.2670960650754495,0.906789530791293,0.0150403447505874,0.6335318598000376,5.111479612053381,0.0313141432549293,0.9940809328412148,side key,w15_step5_highpass_atlas_mean_trace,30.0,atlas_region_mean_trace,atlas_region_mean_trace_meanfc_modules,,
Drosophila,2017-10-30_2,MB_R,0.2905441447784071,0.5175129436807542,0.1124957789208735,0.7048659750564223,2.973613395964067,0.0370671871720018,0.8691486412097074,side key,w15_step5_highpass_atlas_mean_trace,16.0,atlas_region_mean_trace,atlas_region_mean_trace_meanfc_modules,,
Drosophila,2017-10-30_2,ME_R,0.2681867121515164,0.8984633192685145,0.0173459756540013,0.6054490568505835,5.091968871898961,0.0303698954478553,0.9927725408296072,side key,w15_step5_highpass_atlas_mean_trace,24.0,atlas_region_mean_trace,atlas_region_mean_trace_meanfc_modules,,
Drosophila,2017-10-30_2,OTU_R,0.2817241427883118,0.6290868441606949,0.0888476008677819,0.6632766286022008,2.257171188023224,0.0373555527807367,0.9371696611120603,side key,w15_step5_highpass_atlas_mean_trace,3.0,atlas_region_mean_trace,atlas_region_mean_trace_meanfc_modules,,
Drosophila,2017-10-30_2,PLP_R,0.2818075832036697,0.7330436436447894,0.1074424320115827,0.6926307853080055,1.0589472569224585,0.0399823510904348,0.97629118310507,side key,w15_step5_highpass_atlas_mean_trace,15.0,atlas_region_mean_trace,atlas_region_mean_trace_meanfc_modules,,
Drosophila,2017-10-30_2,PVLP_R,0.2839901391986127,0.7619347320923332,0.0999708928757034,0.7031841892403854,4.252639839272844,0.0386884041209652,0.9846892725885088,side key,w15_step5_highpass_atlas_mean_trace,17.0,atlas_region_mean_trace,atlas_region_mean_trace_meanfc_modules,,
Drosophila,2017-10-30_2,SCL_R,0.2854789879814726,0.6264325019049528,0.1163843774385335,0.6707851167593665,4.454633508520992,0.0402775668363146,0.9414264912095596,side key,w15_step5_highpass_atlas_mean_trace,6.0,atlas_region_mean_trace,atlas_region_mean_trace_meanfc_modules,,
Drosophila,2017-10-30_2,SIP_R,0.2819070119278467,0.6777697114627033,0.1159571965312253,0.6334752920055778,4.321016679918857,0.0416129936106488,0.962111451085276,side key,w15_step5_highpass_atlas_mean_trace,6.0,atlas_region_mean_trace,atlas_region_mean_trace_meanfc_modules,,
Drosophila,2017-10-30_2,SLP_R,0.285350176927178,0.620919950754817,0.1421815558371143,0.6746066449143155,3.475642474942996,0.0419488050797038,0.933068653588356,side key,w15_step5_highpass_atlas_mean_trace,22.0,atlas_region_mean_trace,atlas_region_mean_trace_meanfc_modules,,
Drosophila,2017-10-30_2,SMP_R,0.2826538709744325,0.74240292507163,0.100974969537382,0.7233104123131826,4.370333746145079,0.0374913379546796,0.9829280452160156,side key,w15_step5_highpass_atlas_mean_trace,21.0,atlas_region_mean_trace,atlas_region_mean_trace_meanfc_modules,,
Drosophila,2017-10-30_2,SPS_R,0.2762952529137591,0.8170070427886243,0.0777217666204823,0.6764269823126804,5.241692383975209,0.0333799258582247,0.9919975633824488,side key,w15_step5_highpass_atlas_mean_trace,12.0,atlas_region_mean_trace,atlas_region_mean_trace_meanfc_modules,,
Drosophila,2017-10-30_2,VES_R,0.2703895102124909,0.8211075640856969,0.0765076751998561,0.6283771718708079,5.34376041263326,0.0327197973335716,0.9931580187054392,side key,w15_step5_highpass_atlas_mean_trace,6.0,atlas_region_mean_trace,atlas_region_mean_trace_meanfc_modules,,
Drosophila,2017-10-30_2,WED_R,0.2628328572555696,0.911161490425269,0.0257283072100243,0.5368349590868394,5.760232191637759,0.0306549811732702,0.9948062801551332,side key,w15_step5_highpass_atlas_mean_trace,1.0,atlas_region_mean_trace,atlas_region_mean_trace_meanfc_modules,,
Drosophila,2017-10-30_2,AL_L,0.2954836813281705,0.5388936708134021,0.1299846218128238,0.5857448386814524,4.188360097912922,0.0532571773283843,0.8542773170664901,side key,w15_step5_highpass_atlas_mean_trace,22.0,atlas_region_mean_trace,atlas_region_mean_trace_meanfc_modules,,
Drosophila,2017-10-30_2,AME_L,0.2676422934410175,0.9213183307131062,0.0141908498231229,0.5753890833131886,5.227345402902699,0.0311372634135555,0.99444004703325,side key,w15_step5_highpass_atlas_mean_trace,1.0,atlas_region_mean_trace,atlas_region_mean_trace_meanfc_modules,,
Drosophila,2017-10-30_2,AMMC_L,0.2714980076987388,0.8686693668744138,0.0357284721175895,0.6622945383589621,4.32120018105942,0.0332104092561321,0.9940357502578734,side key,w15_step5_highpass_atlas_mean_trace,4.0,atlas_region_mean_trace,atlas_region_mean_trace_meanfc_modules,,
Drosophila,2017-10-30_2,ATL_L,0.2799621594495544,0.6591131926018458,0.0791549690078254,0.6360932544993064,3.7071802541952064,0.0400701778172325,0.9577843648325636,side key,w15_step5_highpass_atlas_mean_trace,1.0,atlas_region_mean_trace,atlas_region_mean_trace_meanfc_modules,,
Drosophila,2017-10-30_2,AVLP_L,0.2816028029890482,0.7567298797123887,0.1155191404572221,0.6263982614759194,3.768296270797856,0.03917863885644,0.9866355481075004,side key,w15_step5_highpass_atlas_mean_trace,34.0,atlas_region_mean_trace,atlas_region_mean_trace_meanfc_modules,,
Drosophila,2017-10-30_2,CRE_L,0.2895422052002365,0.58884924875361,0.1204918408985504,0.5831273257188572,5.190703046223323,0.0572828335386056,0.9088983807477676,side key,w15_step5_highpass_atlas_mean_trace,10.0,atlas_region_mean_trace,atlas_region_mean_trace_meanfc_modules,,
Drosophila,2017-10-30_2,EPA_L,0.2650871540160426,0.874794601551365,0.0441115338820057,0.6258604705290234,3.7855721063475296,0.0322891896386511,0.9954296802503168,side key,w15_step5_highpass_atlas_mean_trace,1.0,atlas_region_mean_trace,atlas_region_mean_trace_meanfc_modules,,
Drosophila,2017-10-30_2,GA_L,0.2661407496164197,0.8645163271003289,0.0183247459119719,0.6633425524469703,3.355216629909208,0.0311630644350311,0.994820888235916,side key,w15_step5_highpass_atlas_mean_trace,1.0,atlas_region_mean_trace,atlas_region_mean_trace_meanfc_modules,,
Drosophila,2017-10-30_2,GOR_L,0.2752442456949653,0.832726704138178,0.0478979337404708,0.6833828992856975,6.222415397184119,0.036454134852799,0.9931058624410092,side key,w15_step5_highpass_atlas_mean_trace,1.0,atlas_region_mean_trace,atlas_region_mean_trace_meanfc_modules,,
Drosophila,2017-10-30_2,IB_L,0.2644066389496813,0.8242515529522226,0.0703813753602315,0.6015615517359801,4.627433941986521,0.0373576683904182,0.99439165612047,side key,w15_step5_highpass_atlas_mean_trace,3.0,atlas_region_mean_trace,atlas_region_mean_trace_meanfc_modules,,
Drosophila,2017-10-30_2,ICL_L,0.2761281975859496,0.7075866483621174,0.1180873888105284,0.6224008760885984,5.177849596917343,0.0476049630167133,0.9728161267598696,side key,w15_step5_highpass_atlas_mean_trace,8.0,atlas_region_mean_trace,atlas_region_mean_trace_meanfc_modules,,
Drosophila,2017-10-30_2,IPS_L,0.2721703218558903,0.8599829397374315,0.0534000611462022,0.6767886823501973,3.2832624497127254,0.0319116983515334,0.9929245692486662,side key,w15_step5_highpass_atlas_mean_trace,8.0,atlas_region_mean_trace,atlas_region_mean_trace_meanfc_modules,,
Drosophila,2017-10-30_2,IVLP_L,0.2738028448005238,0.8386768695169241,0.0665346847889748,0.5925272949628132,6.758053312305987,0.0327394224689383,0.9937263848690936,side key,w15_step5_highpass_atlas_mean_trace,7.0,atlas_region_mean_trace,atlas_region_mean_trace_meanfc_modules,,
Drosophila,2017-10-30_2,LAL_L,0.2870352688426947,0.7509845587136286,0.1076206745840462,0.7172381899477914,5.5186716996670615,0.0487681890429514,0.974091240032426,side key,w15_step5_highpass_atlas_mean_trace,5.0,atlas_region_mean_trace,atlas_region_mean_trace_meanfc_modules,,
Drosophila,2017-10-30_2,LB_L,0.2721799983863094,0.8946859677025246,0.014835613912887,0.6468690323151925,2.7243396883529254,0.0340000137716162,0.9947258716728536,side key,w15_step5_highpass_atlas_mean_trace,1.0,atlas_region_mean_trace,atlas_region_mean_trace_meanfc_modules,,
Drosophila,2017-10-30_2,LH_L,0.2949061371452577,0.6219550480110901,0.1246524515443835,0.6356358544835837,5.377780077847255,0.0568880424437833,0.90274046063816,side key,w15_step5_highpass_atlas_mean_trace,11.0,atlas_region_mean_trace,atlas_region_mean_trace_meanfc_modules,,
Drosophila,2017-10-30_2,LO_L,0.2628293413238194,0.9126561952873508,0.0274787374692279,0.5381870619793319,4.965487615863097,0.0305709408493583,0.9938043688656758,side key,w15_step5_highpass_atlas_mean_trace,22.0,atlas_region_mean_trace,atlas_region_mean_trace_meanfc_modules,,
Drosophila,2017-10-30_2,MB_L,0.2962247886786947,0.5059035877477972,0.1322393728496464,0.5742172850109953,5.271785102177082,0.052995792924296,0.8207333136870371,side key,w15_step5_highpass_atlas_mean_trace,16.0,atlas_region_mean_trace,atlas_region_mean_trace_meanfc_modules,,
Drosophila,2017-10-30_2,ME_L,0.2617515795919886,0.9305343684743728,-0.0021120007395556,0.563502868984649,3.605155074899542,0.0299895154811188,0.9935860381512296,side key,w15_step5_highpass_atlas_mean_trace,16.0,atlas_region_mean_trace,atlas_region_mean_trace_meanfc_modules,,
Drosophila,2017-10-30_2,OTU_L,0.2850636322794417,0.812632269510651,0.054990403825301,0.6914923165587996,5.629986237135449,0.0404988258856812,0.9888017526300094,side key,w15_step5_highpass_atlas_mean_trace,4.0,atlas_region_mean_trace,atlas_region_mean_trace_meanfc_modules,,
Drosophila,2017-10-30_2,PLP_L,0.2841868245786231,0.7412793630413296,0.1037458361080111,0.6436835108792908,5.628584588697843,0.048779112177213,0.9705802777743828,side key,w15_step5_highpass_atlas_mean_trace,13.0,atlas_region_mean_trace,atlas_region_mean_trace_meanfc_modules,,
Drosophila,2017-10-30_2,PVLP_L,0.2708296239923091,0.7873391296790069,0.0940219327361761,0.6004409224639891,3.782729038721449,0.0379994560290399,0.9912488231605904,side key,w15_step5_highpass_atlas_mean_trace,11.0,atlas_region_mean_trace,atlas_region_mean_trace_meanfc_modules,,
Drosophila,2017-10-30_2,SCL_L,0.2939729695508499,0.5801475628793702,0.1262708293831633,0.6050246722411707,5.5394120121344494,0.0576264018074827,0.8793338142675111,side key,w15_step5_highpass_atlas_mean_trace,8.0,atlas_region_mean_trace,atlas_region_mean_trace_meanfc_modules,,
Drosophila,2017-10-30_2,SIP_L,0.2962288880774529,0.6521354110141392,0.1278155869894474,0.6300358286845336,5.066214402062549,0.0570706022867049,0.9246650988786328,side key,w15_step5_highpass_atlas_mean_trace,7.0,atlas_region_mean_trace,atlas_region_mean_trace_meanfc_modules,,
Drosophila,2017-10-30_2,SLP_L,0.2959546481107002,0.584363255175591,0.1522825689700045,0.5952719737838543,5.453209985444271,0.0581415289788472,0.8943863955082868,side key,w15_step5_highpass_atlas_mean_trace,23.0,atlas_region_mean_trace,atlas_region_mean_trace_meanfc_modules,,
Drosophila,2017-10-30_2,SMP_L,0.2899540188910638,0.5968966239058275,0.1475874485394136,0.6344134616134844,5.110646676617338,0.0586050057593457,0.9033744772209154,side key,w15_step5_highpass_atlas_mean_trace,22.0,atlas_region_mean_trace,atlas_region_mean_trace_meanfc_modules,,
Drosophila,2017-10-30_2,SPS_L,0.2755295271295423,0.8061795271491636,0.0808608928559361,0.6602945865624659,4.870907983807651,0.0354371273415028,0.991307010533102,side key,w15_step5_highpass_atlas_mean_trace,15.0,atlas_region_mean_trace,atlas_region_mean_trace_meanfc_modules,,
Drosophila,2017-10-30_2,VES_L,0.2808544417017975,0.7606132203601867,0.1066900176733819,0.6408743602210734,5.295898389809084,0.0458339471474611,0.9823097987152644,side key,w15_step5_highpass_atlas_mean_trace,6.0,atlas_region_mean_trace,atlas_region_mean_trace_meanfc_modules,,
Drosophila,2017-10-30_2,WED_L,0.2645658419981295,0.8974423247850508,0.0174495115088822,0.6474249463851176,3.8063878504944224,0.032024544386085,0.9949767557078444,side key,w15_step5_highpass_atlas_mean_trace,1.0,atlas_region_mean_trace,atlas_region_mean_trace_meanfc_modules,,
Drosophila,2017-10-30_2,EB,0.2844312763447368,0.646282920227174,0.1179461803029872,0.634025342128564,3.746772292399731,0.043242361492533,0.9534330692728424,side key,w15_step5_highpass_atlas_mean_trace,3.0,atlas_region_mean_trace,atlas_region_mean_trace_meanfc_modules,,
Drosophila,2017-10-30_2,FB,0.2835894428041058,0.724616598036629,0.1319384474522598,0.6631587482596188,3.872931460275976,0.0441046924587886,0.9787756124456728,side key,w15_step5_highpass_atlas_mean_trace,13.0,atlas_region_mean_trace,atlas_region_mean_trace_meanfc_modules,,
Drosophila,2017-10-30_2,FLA,0.2724054482081419,0.8172818004568024,0.0831891155995886,0.6974188273610652,5.785240725827905,0.0329639736932777,0.9925909561122211,side key,w15_step5_highpass_atlas_mean_trace,6.0,atlas_region_mean_trace,atlas_region_mean_trace_meanfc_modules,,
Drosophila,2017-10-30_2,NO,0.2709398127511018,0.7227915416029168,0.0509356233331539,0.6623621259781953,2.405468141261247,0.033246343524102,0.9703503268004162,side key,w15_step5_highpass_atlas_mean_trace,1.0,atlas_region_mean_trace,atlas_region_mean_trace_meanfc_modules,,
Drosophila,2017-10-30_2,PB,0.2755616896436677,0.6721631736086702,0.0470188137802288,0.6466355236425266,2.9582636591686464,0.0309173694701239,0.9569882473096576,side key,w15_step5_highpass_atlas_mean_trace,1.0,atlas_region_mean_trace,atlas_region_mean_trace_meanfc_modules,,
Drosophila,2017-10-30_2,PRW,0.2693315374245253,0.8590857858252051,0.0414002322709206,0.6479207293949019,3.833352262953271,0.0316078483195935,0.9941490957973732,side key,w15_step5_highpass_atlas_mean_trace,7.0,atlas_region_mean_trace,atlas_region_mean_trace_meanfc_modules,,
Drosophila,2017-10-30_2,SAD,0.2710625617852113,0.8142994457014969,0.0786882235957533,0.6487081262448737,6.880051909342127,0.0317142493347733,0.990683468058762,side key,w15_step5_highpass_atlas_mean_trace,20.0,atlas_region_mean_trace,atlas_region_mean_trace_meanfc_modules,,
Drosophila,2017-10-30_2,SOG,0.2804271201567123,0.8846300833944405,0.0339707413192533,0.6830146569134093,4.938858199469268,0.0330529083376626,0.9937596694998734,side key,w15_step5_highpass_atlas_mean_trace,71.0,atlas_region_mean_trace,atlas_region_mean_trace_meanfc_modules,,
Drosophila,2017-11-08_1,AL_R,0.2995286405852524,0.6028606440510967,0.1832143680675663,0.6174893544796145,3.967872341957924,0.0310761821805222,0.9370227293645608,side key,w15_step5_highpass_atlas_mean_trace,23.0,atlas_region_mean_trace,atlas_region_mean_trace_meanfc_modules,,
Drosophila,2017-11-08_1,AME_R,0.2695389547282693,0.905114103647022,0.0080303598124721,0.6369465280571857,3.0522063447434555,0.0313855301393013,0.9969295884669,side key,w15_step5_highpass_atlas_mean_trace,1.0,atlas_region_mean_trace,atlas_region_mean_trace_meanfc_modules,,
Drosophila,2017-11-08_1,AMMC_R,0.2705842478035061,0.7675371864340332,0.1065258772303891,0.6436017685942366,5.022229622891068,0.0331030472874903,0.9944488026970588,side key,w15_step5_highpass_atlas_mean_trace,4.0,atlas_region_mean_trace,atlas_region_mean_trace_meanfc_modules,,
Drosophila,2017-11-08_1,ATL_R,0.2770057643833147,0.7569003836775489,0.1181670497489459,0.6906137991996274,5.262378251935748,0.035117122946191,0.9944231569846316,side key,w15_step5_highpass_atlas_mean_trace,1.0,atlas_region_mean_trace,atlas_region_mean_trace_meanfc_modules,,
Drosophila,2017-11-08_1,AVLP_R,0.2799951812975634,0.5853460395536878,0.0769453430804487,0.7241748536654289,6.219997822429523,0.0307678663464138,0.9566320964303866,side key,w15_step5_highpass_atlas_mean_trace,28.0,atlas_region_mean_trace,atlas_region_mean_trace_meanfc_modules,,
Drosophila,2017-11-08_1,CRE_R,0.2820027716647543,0.5782031397996519,0.1836221131474368,0.6491874698199835,4.832958720933609,0.0327839411146787,0.943737718857677,side key,w15_step5_highpass_atlas_mean_trace,8.0,atlas_region_mean_trace,atlas_region_mean_trace_meanfc_modules,,
Drosophila,2017-11-08_1,EPA_R,0.2782081293029171,0.7926168564987424,0.1047518230865622,0.6860123744301355,5.462915157493185,0.0355222646998666,0.9960251906483936,side key,w15_step5_highpass_atlas_mean_trace,1.0,atlas_region_mean_trace,atlas_region_mean_trace_meanfc_modules,,
Drosophila,2017-11-08_1,GA_R,0.2680359857385419,0.8628697208703997,0.0385471634663022,0.6341224572268119,3.724396367799458,0.0324631443167733,0.9971719152846488,side key,w15_step5_highpass_atlas_mean_trace,1.0,atlas_region_mean_trace,atlas_region_mean_trace_meanfc_modules,,
Drosophila,2017-11-08_1,GOR_R,0.2768852848261877,0.6678645430010051,0.1560661922959538,0.6879421956433172,4.004010443460184,0.0337163710502911,0.9861098609997536,side key,w15_step5_highpass_atlas_mean_trace,1.0,atlas_region_mean_trace,atlas_region_mean_trace_meanfc_modules,,
Drosophila,2017-11-08_1,IB_R,0.2809311091729484,0.6057553904657924,0.1927589383211753,0.6607554912874418,5.002704775285693,0.0333031207271696,0.9652331558748176,side key,w15_step5_highpass_atlas_mean_trace,4.0,atlas_region_mean_trace,atlas_region_mean_trace_meanfc_modules,,
Drosophila,2017-11-08_1,ICL_R,0.2809641955495894,0.6669799018706588,0.1583627148233061,0.6496746180018425,4.45699468340488,0.0329166602221478,0.9835647548453986,side key,w15_step5_highpass_atlas_mean_trace,8.0,atlas_region_mean_trace,atlas_region_mean_trace_meanfc_modules,,
Drosophila,2017-11-08_1,IPS_R,0.291512403323906,0.5834216206197066,0.0262269807228901,0.6950228892290627,7.028001418479565,0.0335343529604352,0.97154795912084,side key,w15_step5_highpass_atlas_mean_trace,11.0,atlas_region_mean_trace,atlas_region_mean_trace_meanfc_modules,,
Drosophila,2017-11-08_1,IVLP_R,0.2724831510594454,0.7016998337287674,0.135042093914262,0.682781464591972,7.275241206891437,0.0345378936187231,0.9903442373849,side key,w15_step5_highpass_atlas_mean_trace,5.0,atlas_region_mean_trace,atlas_region_mean_trace_meanfc_modules,,
Drosophila,2017-11-08_1,LAL_R,0.2839951225836073,0.6498169901458998,0.1517639808032402,0.6815574936972253,5.654657869225586,0.0319466230948706,0.9531170025650604,side key,w15_step5_highpass_atlas_mean_trace,9.0,atlas_region_mean_trace,atlas_region_mean_trace_meanfc_modules,,
Drosophila,2017-11-08_1,LB_R,0.2686195992884306,0.8597971101571283,0.0357818811548292,0.6613763715270259,4.762062726235106,0.0320649839192436,0.9958713810574894,side key,w15_step5_highpass_atlas_mean_trace,1.0,atlas_region_mean_trace,atlas_region_mean_trace_meanfc_modules,,
Drosophila,2017-11-08_1,LH_R,0.2763289321457829,0.7627993945585454,0.0911446126793128,0.6325079238161033,4.537630115096609,0.0310446248673534,0.9903877578949276,side key,w15_step5_highpass_atlas_mean_trace,14.0,atlas_region_mean_trace,atlas_region_mean_trace_meanfc_modules,,
Drosophila,2017-11-08_1,LO_R,0.2684653914763084,0.8739822954309597,-0.000119575367628,0.671735186964524,6.004924591189714,0.0305533165693968,0.9961752764562892,side key,w15_step5_highpass_atlas_mean_trace,30.0,atlas_region_mean_trace,atlas_region_mean_trace_meanfc_modules,,
Drosophila,2017-11-08_1,MB_R,0.2878698926907723,0.6071108978497289,0.1912518177738644,0.6476522875329589,3.732916473971412,0.0319538226396446,0.9311975279142264,side key,w15_step5_highpass_atlas_mean_trace,16.0,atlas_region_mean_trace,atlas_region_mean_trace_meanfc_modules,,
Drosophila,2017-11-08_1,ME_R,0.27174013257462,0.8824327290846831,0.0105152098927762,0.6591231545655043,6.664484172999515,0.0311684726669721,0.9963705816171876,side key,w15_step5_highpass_atlas_mean_trace,24.0,atlas_region_mean_trace,atlas_region_mean_trace_meanfc_modules,,
Drosophila,2017-11-08_1,OTU_R,0.2739667177481406,0.8678017762940371,0.0441273880581853,0.6801096544173211,3.0830975547180577,0.0327159700099216,0.9958578208166928,side key,w15_step5_highpass_atlas_mean_trace,3.0,atlas_region_mean_trace,atlas_region_mean_trace_meanfc_modules,,
Drosophila,2017-11-08_1,PLP_R,0.2760352461664742,0.7385611130149754,0.1465399833100993,0.7135557146529937,4.940124073471992,0.0329327777970925,0.9914763602463496,side key,w15_step5_highpass_atlas_mean_trace,15.0,atlas_region_mean_trace,atlas_region_mean_trace_meanfc_modules,,
Drosophila,2017-11-08_1,PVLP_R,0.2750702047150986,0.7219656893578428,0.1327609086506165,0.6853000358059229,5.156763119365739,0.0326550275481524,0.9901639979271294,side key,w15_step5_highpass_atlas_mean_trace,17.0,atlas_region_mean_trace,atlas_region_mean_trace_meanfc_modules,,
Drosophila,2017-11-08_1,SCL_R,0.2825490271632841,0.735697426696231,0.068076282401527,0.6780362891395321,4.787823023957473,0.0320438527900764,0.9848393045384976,side key,w15_step5_highpass_atlas_mean_trace,6.0,atlas_region_mean_trace,atlas_region_mean_trace_meanfc_modules,,
Drosophila,2017-11-08_1,SIP_R,0.2844191888609612,0.6695535201360233,0.1286111472006908,0.6627090709504175,6.352280989743703,0.033341329672967,0.982107479273396,side key,w15_step5_highpass_atlas_mean_trace,6.0,atlas_region_mean_trace,atlas_region_mean_trace_meanfc_modules,,
Drosophila,2017-11-08_1,SLP_R,0.288135457264133,0.7814769006628575,0.0528438931657353,0.6775995732874056,4.7877232026011445,0.0326390246747642,0.988979636428596,side key,w15_step5_highpass_atlas_mean_trace,22.0,atlas_region_mean_trace,atlas_region_mean_trace_meanfc_modules,,
Drosophila,2017-11-08_1,SMP_R,0.2963089799289601,0.4960851147534306,0.1980579445701875,0.6664018608315377,5.049566509781196,0.0327284618895326,0.91967036057714,side key,w15_step5_highpass_atlas_mean_trace,21.0,atlas_region_mean_trace,atlas_region_mean_trace_meanfc_modules,,
Drosophila,2017-11-08_1,SPS_R,0.2791314066909465,0.6497729993543973,0.1625721887514515,0.6944460352915437,5.121832360362394,0.0320709373138161,0.9713238642061216,side key,w15_step5_highpass_atlas_mean_trace,12.0,atlas_region_mean_trace,atlas_region_mean_trace_meanfc_modules,,
Drosophila,2017-11-08_1,VES_R,0.2838402553050041,0.5711621593368186,0.1436665982660691,0.6987465691833948,4.197589947368455,0.0298943667560716,0.948786226873348,side key,w15_step5_highpass_atlas_mean_trace,6.0,atlas_region_mean_trace,atlas_region_mean_trace_meanfc_modules,,
Drosophila,2017-11-08_1,WED_R,0.2742182052584536,0.6965561512555406,0.0258066210778944,0.6703359675660222,4.23804347868863,0.0318081843352736,0.9902848338105866,side key,w15_step5_highpass_atlas_mean_trace,1.0,atlas_region_mean_trace,atlas_region_mean_trace_meanfc_modules,,
Drosophila,2017-11-08_1,AL_L,0.2908304986661567,0.5318622103121319,0.2040747455997248,0.6309857764888361,5.071026540709591,0.0320819387275384,0.925056250549155,side key,w15_step5_highpass_atlas_mean_trace,22.0,atlas_region_mean_trace,atlas_region_mean_trace_meanfc_modules,,
Drosophila,2017-11-08_1,AME_L,0.2670545423615748,0.8628214551027222,0.049147685062094,0.6485626647142041,4.925558921466407,0.03241664601359,0.997297449271262,side key,w15_step5_highpass_atlas_mean_trace,1.0,atlas_region_mean_trace,atlas_region_mean_trace_meanfc_modules,,
Drosophila,2017-11-08_1,AMMC_L,0.2786213438959071,0.6768858416581387,0.146000279841193,0.6360755578378857,4.738384585276749,0.0347612220618809,0.9879559694097542,side key,w15_step5_highpass_atlas_mean_trace,4.0,atlas_region_mean_trace,atlas_region_mean_trace_meanfc_modules,,
Drosophila,2017-11-08_1,ATL_L,0.2793803974669683,0.7211509905139599,0.1266126062399187,0.6951637279298214,4.808292131182737,0.0352971164395792,0.9906469549369088,side key,w15_step5_highpass_atlas_mean_trace,1.0,atlas_region_mean_trace,atlas_region_mean_trace_meanfc_modules,,
Drosophila,2017-11-08_1,AVLP_L,0.2894809734162308,0.4337548373148124,0.1781998629066399,0.6594492118181303,4.643968622768096,0.0308223965122863,0.8982875198709904,side key,w15_step5_highpass_atlas_mean_trace,34.0,atlas_region_mean_trace,atlas_region_mean_trace_meanfc_modules,,
Drosophila,2017-11-08_1,CRE_L,0.2814534974220345,0.5080068235983515,0.1904673207521018,0.6573736995209566,4.97497488956394,0.0344282950121732,0.9289173609828404,side key,w15_step5_highpass_atlas_mean_trace,10.0,atlas_region_mean_trace,atlas_region_mean_trace_meanfc_modules,,
Drosophila,2017-11-08_1,EPA_L,0.2703183216947652,0.7998993036725772,0.0874650961347145,0.6526665800301167,6.914336695512835,0.033329416984243,0.9943582684450604,side key,w15_step5_highpass_atlas_mean_trace,1.0,atlas_region_mean_trace,atlas_region_mean_trace_meanfc_modules,,
Drosophila,2017-11-08_1,GA_L,0.2747388768410089,0.7412640005961949,0.0858601889596839,0.6631004298250829,3.7135700553296394,0.0345386309263553,0.99405332430106,side key,w15_step5_highpass_atlas_mean_trace,1.0,atlas_region_mean_trace,atlas_region_mean_trace_meanfc_modules,,
Drosophila,2017-11-08_1,GOR_L,0.2719450846390557,0.7015130700267465,0.1241092012190568,0.664733893579201,5.758932909955983,0.0329376593816774,0.9928892258035116,side key,w15_step5_highpass_atlas_mean_trace,1.0,atlas_region_mean_trace,atlas_region_mean_trace_meanfc_modules,,
Drosophila,2017-11-08_1,IB_L,0.2818647630352473,0.6241368781502957,0.1824287221154535,0.6738794628694645,4.857003018317659,0.0334828720180729,0.9665538029076868,side key,w15_step5_highpass_atlas_mean_trace,3.0,atlas_region_mean_trace,atlas_region_mean_trace_meanfc_modules,,
Drosophila,2017-11-08_1,ICL_L,0.2861149158720576,0.5496013880819157,0.2053940459885249,0.6732774963522188,4.772988261547059,0.0325044331921284,0.9519230259656988,side key,w15_step5_highpass_atlas_mean_trace,8.0,atlas_region_mean_trace,atlas_region_mean_trace_meanfc_modules,,
Drosophila,2017-11-08_1,IPS_L,0.2820880035879707,0.6171359610302232,0.1803148169291086,0.6966768692787697,4.221001680119476,0.0333000457437247,0.9626111859475852,side key,w15_step5_highpass_atlas_mean_trace,8.0,atlas_region_mean_trace,atlas_region_mean_trace_meanfc_modules,,
Drosophila,2017-11-08_1,IVLP_L,0.2851092745449527,0.6063664994751549,0.1730199880492293,0.6756273951632905,4.596791288615129,0.0355013766654577,0.9742062995212692,side key,w15_step5_highpass_atlas_mean_trace,7.0,atlas_region_mean_trace,atlas_region_mean_trace_meanfc_modules,,
Drosophila,2017-11-08_1,LAL_L,0.2806625560341882,0.6087262115142318,0.1755028289697066,0.6756892543738972,3.801148921104534,0.0334261312180988,0.9577857888703172,side key,w15_step5_highpass_atlas_mean_trace,5.0,atlas_region_mean_trace,atlas_region_mean_trace_meanfc_modules,,
Drosophila,2017-11-08_1,LB_L,0.2800362210716085,0.7376530622498512,0.0804306736727928,0.6474795164366934,5.008913948185575,0.0341958301939826,0.9924006974946477,side key,w15_step5_highpass_atlas_mean_trace,1.0,atlas_region_mean_trace,atlas_region_mean_trace_meanfc_modules,,
Drosophila,2017-11-08_1,LH_L,0.2854381291607649,0.5572772747834758,0.2120088896450184,0.6784754506579538,5.768234650268498,0.0334959768942316,0.9446293067299106,side key,w15_step5_highpass_atlas_mean_trace,11.0,atlas_region_mean_trace,atlas_region_mean_trace_meanfc_modules,,
Drosophila,2017-11-08_1,LO_L,0.270701811780173,0.8964213577623735,-0.0225676386863521,0.6419660444883518,3.673916247705354,0.0308526065363853,0.9978448708510016,side key,w15_step5_highpass_atlas_mean_trace,22.0,atlas_region_mean_trace,atlas_region_mean_trace_meanfc_modules,,
Drosophila,2017-11-08_1,MB_L,0.2854147742157638,0.5533277423489625,0.1987423708014898,0.6306755060436642,3.801173601847209,0.0325301244944571,0.9355059550670228,side key,w15_step5_highpass_atlas_mean_trace,16.0,atlas_region_mean_trace,atlas_region_mean_trace_meanfc_modules,,
Drosophila,2017-11-08_1,ME_L,0.2645679723496229,0.9285866316065772,0.0093878660857391,0.6566560044185944,3.799603960588799,0.0319714680288858,0.9965828142194446,side key,w15_step5_highpass_atlas_mean_trace,16.0,atlas_region_mean_trace,atlas_region_mean_trace_meanfc_modules,,
Drosophila,2017-11-08_1,OTU_L,0.2791406826193565,0.5978219216277141,0.1365450985994416,0.6274551732008119,4.048778015774517,0.0343072491759982,0.972164481963192,side key,w15_step5_highpass_atlas_mean_trace,4.0,atlas_region_mean_trace,atlas_region_mean_trace_meanfc_modules,,
Drosophila,2017-11-08_1,PLP_L,0.2799212295509385,0.5292039226684907,0.2191467012567246,0.6675445173036867,5.1058909703814495,0.0328809278378556,0.9386831609691751,side key,w15_step5_highpass_atlas_mean_trace,13.0,atlas_region_mean_trace,atlas_region_mean_trace_meanfc_modules,,
Drosophila,2017-11-08_1,PVLP_L,0.2883649450430262,0.4758780204330749,0.2137196194700272,0.6684532641300628,3.888547730875202,0.0312418892395088,0.9133075426375782,side key,w15_step5_highpass_atlas_mean_trace,11.0,atlas_region_mean_trace,atlas_region_mean_trace_meanfc_modules,,
Drosophila,2017-11-08_1,SCL_L,0.2819556903137982,0.5637100098010495,0.2015203284712348,0.6841279054798696,4.976656438274988,0.036075386144539,0.9501879398983007,side key,w15_step5_highpass_atlas_mean_trace,8.0,atlas_region_mean_trace,atlas_region_mean_trace_meanfc_modules,,
Drosophila,2017-11-08_1,SIP_L,0.2785892156199711,0.594374029127424,0.172527357903724,0.6441557127740424,4.448880889867868,0.0339230871478426,0.9660589724122292,side key,w15_step5_highpass_atlas_mean_trace,7.0,atlas_region_mean_trace,atlas_region_mean_trace_meanfc_modules,,
Drosophila,2017-11-08_1,SLP_L,0.2822743510466257,0.5273181932634762,0.2388050781246346,0.6615085435151948,5.409677968526127,0.0332090259452166,0.9351569339549384,side key,w15_step5_highpass_atlas_mean_trace,23.0,atlas_region_mean_trace,atlas_region_mean_trace_meanfc_modules,,
Drosophila,2017-11-08_1,SMP_L,0.2928882549591517,0.4652847577350565,0.1999053527613909,0.6718985661940299,5.578047050400811,0.0338890294374569,0.908864248812954,side key,w15_step5_highpass_atlas_mean_trace,22.0,atlas_region_mean_trace,atlas_region_mean_trace_meanfc_modules,,
Drosophila,2017-11-08_1,SPS_L,0.2762738544606415,0.6059573354746587,0.1982479037736645,0.6840300156025653,4.601329254020172,0.0327863723745402,0.961297609998182,side key,w15_step5_highpass_atlas_mean_trace,15.0,atlas_region_mean_trace,atlas_region_mean_trace_meanfc_modules,,
Drosophila,2017-11-08_1,VES_L,0.2806590713380865,0.5452594207961767,0.2112936917965227,0.654509050084072,4.693680957662762,0.0310882888508161,0.9384019889311418,side key,w15_step5_highpass_atlas_mean_trace,6.0,atlas_region_mean_trace,atlas_region_mean_trace_meanfc_modules,,
Drosophila,2017-11-08_1,WED_L,0.2667237904020683,0.6564340284596923,0.0468142131753574,0.6030851312872033,3.748253201149106,0.0320173822090369,0.9846412449427104,side key,w15_step5_highpass_atlas_mean_trace,1.0,atlas_region_mean_trace,atlas_region_mean_trace_meanfc_modules,,
Drosophila,2017-11-08_1,EB,0.2797406552768163,0.5087796949153287,0.2215114892937298,0.65318486982897,4.949715829849645,0.0340584787506582,0.9325297248498772,side key,w15_step5_highpass_atlas_mean_trace,3.0,atlas_region_mean_trace,atlas_region_mean_trace_meanfc_modules,,
Drosophila,2017-11-08_1,FB,0.2781663543712309,0.5007711518329846,0.2445635820393773,0.6669513714715278,5.180756328575425,0.032388496133261,0.9233773741138044,side key,w15_step5_highpass_atlas_mean_trace,13.0,atlas_region_mean_trace,atlas_region_mean_trace_meanfc_modules,,
Drosophila,2017-11-08_1,FLA,0.2854871588230117,0.5963505862472567,0.1910441277610302,0.6990383887805683,6.94714629315402,0.0336720320643478,0.9586631338095362,side key,w15_step5_highpass_atlas_mean_trace,6.0,atlas_region_mean_trace,atlas_region_mean_trace_meanfc_modules,,
Drosophila,2017-11-08_1,NO,0.2760245770766413,0.7638971756293799,0.0713983853316352,0.6274993598306697,3.358499412574388,0.0321819449569502,0.9931817870660842,side key,w15_step5_highpass_atlas_mean_trace,1.0,atlas_region_mean_trace,atlas_region_mean_trace_meanfc_modules,,
Drosophila,2017-11-08_1,PB,0.2854380576794562,0.6956204562823828,0.1486002795179168,0.6638696061921663,4.65261600703417,0.0335094391134364,0.98290339935435,side key,w15_step5_highpass_atlas_mean_trace,1.0,atlas_region_mean_trace,atlas_region_mean_trace_meanfc_modules,,
Drosophila,2017-11-08_1,PRW,0.2726439251284719,0.5571175167581427,0.1496802534500928,0.6506340121069216,5.239897169571507,0.0322839114851376,0.9412122073059778,side key,w15_step5_highpass_atlas_mean_trace,7.0,atlas_region_mean_trace,atlas_region_mean_trace_meanfc_modules,,
Drosophila,2017-11-08_1,SAD,0.283259825878595,0.5817984608509454,0.1781214767784763,0.6702348507279926,4.606711681960673,0.0326946595590603,0.9545812355419768,side key,w15_step5_highpass_atlas_mean_trace,20.0,atlas_region_mean_trace,atlas_region_mean_trace_meanfc_modules,,
Drosophila,2017-11-08_1,SOG,0.2990953862783373,0.5850693613651834,0.0327166856773591,0.710119753211058,9.85665663155245,0.0322666844467261,0.969480314180882,side key,w15_step5_highpass_atlas_mean_trace,71.0,atlas_region_mean_trace,atlas_region_mean_trace_meanfc_modules,,
Drosophila,2017-11-08_2,AL_R,0.2786876480136988,0.5390721227587987,0.1415472028574086,0.6689431377598751,4.212798858617714,0.0344593094734105,0.8797273166121246,side key,w15_step5_highpass_atlas_mean_trace,23.0,atlas_region_mean_trace,atlas_region_mean_trace_meanfc_modules,,
Drosophila,2017-11-08_2,AME_R,0.2701532244885362,0.9124264433763308,0.0236357611927028,0.6631119914816787,4.411742474712187,0.0333231288742721,0.9983231215045558,side key,w15_step5_highpass_atlas_mean_trace,1.0,atlas_region_mean_trace,atlas_region_mean_trace_meanfc_modules,,
Drosophila,2017-11-08_2,AMMC_R,0.2687419493442967,0.8679802321472225,0.0610282863470953,0.6796355594024359,3.294548293378192,0.0316649404819313,0.9971582758087308,side key,w15_step5_highpass_atlas_mean_trace,4.0,atlas_region_mean_trace,atlas_region_mean_trace_meanfc_modules,,
Drosophila,2017-11-08_2,ATL_R,0.2817281351911732,0.8021301177511303,0.0829334717682521,0.7200979388627365,4.394024014325392,0.0370665205401655,0.9928887187906472,side key,w15_step5_highpass_atlas_mean_trace,1.0,atlas_region_mean_trace,atlas_region_mean_trace_meanfc_modules,,
Drosophila,2017-11-08_2,AVLP_R,0.2790502957196183,0.7546806056598742,0.1115236688215032,0.7436598693646609,5.768578850750226,0.0351835613936574,0.9887626700231568,side key,w15_step5_highpass_atlas_mean_trace,28.0,atlas_region_mean_trace,atlas_region_mean_trace_meanfc_modules,,
Drosophila,2017-11-08_2,CRE_R,0.2767628920275212,0.5773280308597329,0.1488363745600758,0.6943985252145446,4.9924131730955015,0.034652726027068,0.913966987642448,side key,w15_step5_highpass_atlas_mean_trace,8.0,atlas_region_mean_trace,atlas_region_mean_trace_meanfc_modules,,
Drosophila,2017-11-08_2,EPA_R,0.2768916329564181,0.857532352423561,0.0680268215043627,0.7185946805366573,6.988626243038587,0.0350933225346029,0.9967380033827282,side key,w15_step5_highpass_atlas_mean_trace,1.0,atlas_region_mean_trace,atlas_region_mean_trace_meanfc_modules,,
Drosophila,2017-11-08_2,GA_R,0.2720849312198551,0.8581837699666097,0.0461625412682782,0.6871676932505124,4.785836462039792,0.0326125180123664,0.9965398951865608,side key,w15_step5_highpass_atlas_mean_trace,1.0,atlas_region_mean_trace,atlas_region_mean_trace_meanfc_modules,,
Drosophila,2017-11-08_2,GOR_R,0.2756464853713692,0.8231248952504723,0.0869980512763407,0.6826656636941071,3.390512390515449,0.0329492115678137,0.9962361625754526,side key,w15_step5_highpass_atlas_mean_trace,1.0,atlas_region_mean_trace,atlas_region_mean_trace_meanfc_modules,,
Drosophila,2017-11-08_2,IB_R,0.283000679597869,0.7601851654202436,0.1220817554748133,0.7144461792164988,5.448846271041231,0.0376713680510982,0.9869126314722956,side key,w15_step5_highpass_atlas_mean_trace,4.0,atlas_region_mean_trace,atlas_region_mean_trace_meanfc_modules,,
Drosophila,2017-11-08_2,ICL_R,0.2788829148965565,0.657348650210931,0.1667306119784976,0.715740072970668,4.574394553293398,0.0370736452928859,0.964741858802399,side key,w15_step5_highpass_atlas_mean_trace,8.0,atlas_region_mean_trace,atlas_region_mean_trace_meanfc_modules,,
Drosophila,2017-11-08_2,IPS_R,0.2870848802016105,0.706299729492628,0.1266328265759008,0.7305830017115554,4.482870764754089,0.0399802072509602,0.9692097302134404,side key,w15_step5_highpass_atlas_mean_trace,11.0,atlas_region_mean_trace,atlas_region_mean_trace_meanfc_modules,,
Drosophila,2017-11-08_2,IVLP_R,0.279455299607358,0.8057701611527459,0.097826387334423,0.7220224449403685,5.1697886297005065,0.0351245740861683,0.995188080761752,side key,w15_step5_highpass_atlas_mean_trace,5.0,atlas_region_mean_trace,atlas_region_mean_trace_meanfc_modules,,
Drosophila,2017-11-08_2,LAL_R,0.2821614363197677,0.6765918165413085,0.1668807534611288,0.7296055359515577,5.005580657152637,0.037910319397216,0.9657129806148328,side key,w15_step5_highpass_atlas_mean_trace,9.0,atlas_region_mean_trace,atlas_region_mean_trace_meanfc_modules,,
Drosophila,2017-11-08_2,LB_R,0.2712379304538828,0.9039103964455506,0.0072786914965484,0.6438542213642536,3.9673174127281303,0.0304043656749655,0.9977893345924412,side key,w15_step5_highpass_atlas_mean_trace,1.0,atlas_region_mean_trace,atlas_region_mean_trace_meanfc_modules,,
Drosophila,2017-11-08_2,LH_R,0.2770632643103486,0.6156831701054876,0.1381612441956236,0.6723617638551213,4.441925207189247,0.0375467043440666,0.9320175667366218,side key,w15_step5_highpass_atlas_mean_trace,14.0,atlas_region_mean_trace,atlas_region_mean_trace_meanfc_modules,,
Drosophila,2017-11-08_2,LO_R,0.2710665235364007,0.907215692632459,0.0445052615152128,0.6965486239769264,2.8804565669618074,0.0311065837039427,0.9975510304657588,side key,w15_step5_highpass_atlas_mean_trace,30.0,atlas_region_mean_trace,atlas_region_mean_trace_meanfc_modules,,
Drosophila,2017-11-08_2,MB_R,0.2793806073512583,0.5175224879332404,0.1717802349703326,0.7059760257709665,4.909660165093722,0.0342813653025115,0.860670387001128,side key,w15_step5_highpass_atlas_mean_trace,16.0,atlas_region_mean_trace,atlas_region_mean_trace_meanfc_modules,,
Drosophila,2017-11-08_2,ME_R,0.2720884607978249,0.9276942044735156,0.0188873777966458,0.6711956881379767,4.457537523995656,0.0320876514396887,0.9969196870831948,side key,w15_step5_highpass_atlas_mean_trace,24.0,atlas_region_mean_trace,atlas_region_mean_trace_meanfc_modules,,
Drosophila,2017-11-08_2,OTU_R,0.2746079803041116,0.8205676553763138,0.0794198342427578,0.6846069952770476,3.2108019709755973,0.0356618867391623,0.9956773300487364,side key,w15_step5_highpass_atlas_mean_trace,3.0,atlas_region_mean_trace,atlas_region_mean_trace_meanfc_modules,,
Drosophila,2017-11-08_2,PLP_R,0.2781476660410016,0.6212077757118991,0.1716755993088708,0.7414679984021981,5.059169802043471,0.0365990918936409,0.9490590197824575,side key,w15_step5_highpass_atlas_mean_trace,15.0,atlas_region_mean_trace,atlas_region_mean_trace_meanfc_modules,,
Drosophila,2017-11-08_2,PVLP_R,0.2807717339351648,0.7523543720817734,0.1248931608347273,0.7345273825404286,4.712215578652687,0.0348229123425693,0.9882271033549752,side key,w15_step5_highpass_atlas_mean_trace,17.0,atlas_region_mean_trace,atlas_region_mean_trace_meanfc_modules,,
Drosophila,2017-11-08_2,SCL_R,0.2782903700926551,0.5886337315740822,0.172496746417784,0.7244223311657151,4.608820764828448,0.0372123971345875,0.9204095804678424,side key,w15_step5_highpass_atlas_mean_trace,6.0,atlas_region_mean_trace,atlas_region_mean_trace_meanfc_modules,,
Drosophila,2017-11-08_2,SIP_R,0.2774534058144401,0.7184477928168265,0.1211707949228219,0.7361603292592365,4.727027491215447,0.0351718848733389,0.9812107200516208,side key,w15_step5_highpass_atlas_mean_trace,6.0,atlas_region_mean_trace,atlas_region_mean_trace_meanfc_modules,,
Drosophila,2017-11-08_2,SLP_R,0.2775836331870104,0.6351742870206348,0.1620638192930293,0.7146579272193511,3.2987628374940745,0.0368891902982552,0.9509963607346164,side key,w15_step5_highpass_atlas_mean_trace,22.0,atlas_region_mean_trace,atlas_region_mean_trace_meanfc_modules,,
Drosophila,2017-11-08_2,SMP_R,0.2777318882896007,0.699688793957367,0.140159329512254,0.7249158207941687,4.303792221122634,0.0370502326166549,0.9791940152347302,side key,w15_step5_highpass_atlas_mean_trace,21.0,atlas_region_mean_trace,atlas_region_mean_trace_meanfc_modules,,
Drosophila,2017-11-08_2,SPS_R,0.2839914391984653,0.7156234960667454,0.1323161262655141,0.7168712434919291,3.5709488047388898,0.0372364271449421,0.9717346375722844,side key,w15_step5_highpass_atlas_mean_trace,12.0,atlas_region_mean_trace,atlas_region_mean_trace_meanfc_modules,,
Drosophila,2017-11-08_2,VES_R,0.2859945672961345,0.6646683005864757,0.1596793744502028,0.7419001040218912,4.467416472021367,0.0392673905637374,0.9656054537334996,side key,w15_step5_highpass_atlas_mean_trace,6.0,atlas_region_mean_trace,atlas_region_mean_trace_meanfc_modules,,
Drosophila,2017-11-08_2,WED_R,0.2660534361216536,0.8573369174756553,0.045750902584657,0.6473784525600254,3.775176500021731,0.0337340957382767,0.9968113446696852,side key,w15_step5_highpass_atlas_mean_trace,1.0,atlas_region_mean_trace,atlas_region_mean_trace_meanfc_modules,,
Drosophila,2017-11-08_2,AL_L,0.2797730734820659,0.653957739918374,0.1178918336444667,0.6803121194186929,4.1174878155297,0.0347359730379095,0.9379586106850776,side key,w15_step5_highpass_atlas_mean_trace,22.0,atlas_region_mean_trace,atlas_region_mean_trace_meanfc_modules,,
Drosophila,2017-11-08_2,AME_L,0.2696693145853376,0.8782935988975316,0.0457201196043186,0.6699491960958102,4.592041867706854,0.0335923961220862,0.9967199276821718,side key,w15_step5_highpass_atlas_mean_trace,1.0,atlas_region_mean_trace,atlas_region_mean_trace_meanfc_modules,,
Drosophila,2017-11-08_2,AMMC_L,0.2759209890271403,0.860889365589917,0.0663092093180121,0.7125465925418867,4.283370177701419,0.0343576274634194,0.9969413384556064,side key,w15_step5_highpass_atlas_mean_trace,4.0,atlas_region_mean_trace,atlas_region_mean_trace_meanfc_modules,,
Drosophila,2017-11-08_2,ATL_L,0.273092857902033,0.8637794691923975,0.0494741812412597,0.7023513153786551,2.9724601144542957,0.0333613187955436,0.9964809507024154,side key,w15_step5_highpass_atlas_mean_trace,1.0,atlas_region_mean_trace,atlas_region_mean_trace_meanfc_modules,,
Drosophila,2017-11-08_2,AVLP_L,0.2791850315843736,0.7670290680133828,0.1292412429646683,0.724246953529814,3.659392592654705,0.0347312554550565,0.9898201133152515,side key,w15_step5_highpass_atlas_mean_trace,34.0,atlas_region_mean_trace,atlas_region_mean_trace_meanfc_modules,,
Drosophila,2017-11-08_2,CRE_L,0.2746078923051632,0.7418182061772302,0.1206854164938972,0.7084541311336162,4.719311234489197,0.0334031018879779,0.97954277365088,side key,w15_step5_highpass_atlas_mean_trace,10.0,atlas_region_mean_trace,atlas_region_mean_trace_meanfc_modules,,
Drosophila,2017-11-08_2,EPA_L,0.2710857481887557,0.9050160049155046,0.0431036993129699,0.6792841027911337,3.3212591988185385,0.0306497755025842,0.9972183889499028,side key,w15_step5_highpass_atlas_mean_trace,1.0,atlas_region_mean_trace,atlas_region_mean_trace_meanfc_modules,,
Drosophila,2017-11-08_2,GA_L,0.2669810033627952,0.9107965732713376,0.0344066723686077,0.651632850087842,4.175886448377744,0.0317212798076556,0.9975239519584594,side key,w15_step5_highpass_atlas_mean_trace,1.0,atlas_region_mean_trace,atlas_region_mean_trace_meanfc_modules,,
Drosophila,2017-11-08_2,GOR_L,0.2705239998490644,0.8871811679496804,0.0582209959728745,0.7049259273071932,4.285083534300427,0.0321298707205971,0.9971172058983808,side key,w15_step5_highpass_atlas_mean_trace,1.0,atlas_region_mean_trace,atlas_region_mean_trace_meanfc_modules,,
Drosophila,2017-11-08_2,IB_L,0.2761644921405583,0.8128047440106809,0.1015692141235427,0.7367753956513692,4.589997249739045,0.0346775901586921,0.9951225736058632,side key,w15_step5_highpass_atlas_mean_trace,3.0,atlas_region_mean_trace,atlas_region_mean_trace_meanfc_modules,,
Drosophila,2017-11-08_2,ICL_L,0.2777599238691083,0.8272543150064265,0.1005734868180344,0.7340568184820668,4.012091112637551,0.0337810711538072,0.9957633154682048,side key,w15_step5_highpass_atlas_mean_trace,8.0,atlas_region_mean_trace,atlas_region_mean_trace_meanfc_modules,,
Drosophila,2017-11-08_2,IPS_L,0.2812287890164733,0.7597540344528181,0.1076052030357515,0.7164956180848784,3.9181221578269234,0.0367113433407557,0.9851714503560988,side key,w15_step5_highpass_atlas_mean_trace,8.0,atlas_region_mean_trace,atlas_region_mean_trace_meanfc_modules,,
Drosophila,2017-11-08_2,IVLP_L,0.2767413206259504,0.7905828659907044,0.1139968088250344,0.7173937310972911,3.767643137927725,0.0354204952496617,0.991445152790112,side key,w15_step5_highpass_atlas_mean_trace,7.0,atlas_region_mean_trace,atlas_region_mean_trace_meanfc_modules,,
Drosophila,2017-11-08_2,LAL_L,0.2831311873631151,0.7669229346643697,0.122563113396593,0.7567707433863534,6.411615607717642,0.0387802337279424,0.9894302182032596,side key,w15_step5_highpass_atlas_mean_trace,5.0,atlas_region_mean_trace,atlas_region_mean_trace_meanfc_modules,,
Drosophila,2017-11-08_2,LB_L,0.2711414260673651,0.9152773186071188,0.0364635819903902,0.6630674778867816,4.237019519038209,0.0324632677256897,0.997018697131794,side key,w15_step5_highpass_atlas_mean_trace,1.0,atlas_region_mean_trace,atlas_region_mean_trace_meanfc_modules,,
Drosophila,2017-11-08_2,LH_L,0.2788685805921133,0.7967732978632298,0.0888067371871424,0.7253237338785101,4.274212562033751,0.0335458246053956,0.9919979294031458,side key,w15_step5_highpass_atlas_mean_trace,11.0,atlas_region_mean_trace,atlas_region_mean_trace_meanfc_modules,,
Drosophila,2017-11-08_2,LO_L,0.2693655744464806,0.9049333453752364,0.0311983270754854,0.6400998107402607,4.206204781572926,0.0317451865502618,0.9975709292893896,side key,w15_step5_highpass_atlas_mean_trace,22.0,atlas_region_mean_trace,atlas_region_mean_trace_meanfc_modules,,
Drosophila,2017-11-08_2,MB_L,0.2771566831504728,0.6544335826349471,0.1357236038175957,0.6764654145614216,5.542653141356724,0.0350094547113068,0.9398545266397056,side key,w15_step5_highpass_atlas_mean_trace,16.0,atlas_region_mean_trace,atlas_region_mean_trace_meanfc_modules,,
Drosophila,2017-11-08_2,ME_L,0.2684431632325304,0.9233820822993154,0.024025814330582,0.6276313747734932,3.822499426796576,0.0325687126003811,0.9977075053197356,side key,w15_step5_highpass_atlas_mean_trace,16.0,atlas_region_mean_trace,atlas_region_mean_trace_meanfc_modules,,
Drosophila,2017-11-08_2,OTU_L,0.2716802872362269,0.8826983990366031,0.0499479526248125,0.659187555890956,3.443256396812631,0.0323475488040976,0.997078173687125,side key,w15_step5_highpass_atlas_mean_trace,4.0,atlas_region_mean_trace,atlas_region_mean_trace_meanfc_modules,,
Drosophila,2017-11-08_2,PLP_L,0.2839804407557359,0.7374776879244763,0.1243778427163079,0.747311607292727,4.511504190608347,0.0368795787757644,0.9854556919352612,side key,w15_step5_highpass_atlas_mean_trace,13.0,atlas_region_mean_trace,atlas_region_mean_trace_meanfc_modules,,
Drosophila,2017-11-08_2,PVLP_L,0.2855368566513188,0.746209582894824,0.1266409301082253,0.7095869835392616,4.566282816650904,0.036814810855651,0.9866926299553234,side key,w15_step5_highpass_atlas_mean_trace,11.0,atlas_region_mean_trace,atlas_region_mean_trace_meanfc_modules,,
Drosophila,2017-11-08_2,SCL_L,0.2767130019343854,0.8310696377431253,0.0876052665804122,0.7672440209882975,4.393757589528788,0.0326858387109667,0.9951547662868314,side key,w15_step5_highpass_atlas_mean_trace,8.0,atlas_region_mean_trace,atlas_region_mean_trace_meanfc_modules,,
Drosophila,2017-11-08_2,SIP_L,0.2733897582448815,0.8640499167249316,0.0694216979361735,0.7304189816558464,3.8613855825965,0.0329062021149143,0.9973987008541184,side key,w15_step5_highpass_atlas_mean_trace,7.0,atlas_region_mean_trace,atlas_region_mean_trace_meanfc_modules,,
Drosophila,2017-11-08_2,SLP_L,0.2786753638053049,0.8137576694065733,0.0992777316752571,0.72633758198439,5.12080142508084,0.0319841882935242,0.9947591896481668,side key,w15_step5_highpass_atlas_mean_trace,23.0,atlas_region_mean_trace,atlas_region_mean_trace_meanfc_modules,,
Drosophila,2017-11-08_2,SMP_L,0.2781885131312025,0.8465337361162851,0.0778718917701136,0.7256514946395292,4.479342449507962,0.0343425833305564,0.996619052618264,side key,w15_step5_highpass_atlas_mean_trace,22.0,atlas_region_mean_trace,atlas_region_mean_trace_meanfc_modules,,
Drosophila,2017-11-08_2,SPS_L,0.2789351712345928,0.7803442099722415,0.1118576187710259,0.7317449057356494,6.144234939732543,0.0375780767245875,0.9923032955900752,side key,w15_step5_highpass_atlas_mean_trace,15.0,atlas_region_mean_trace,atlas_region_mean_trace_meanfc_modules,,
Drosophila,2017-11-08_2,VES_L,0.2799146587567431,0.7128208512444684,0.1314659915486731,0.6983283190141731,3.9383797312601145,0.0358192601498379,0.976616555112496,side key,w15_step5_highpass_atlas_mean_trace,6.0,atlas_region_mean_trace,atlas_region_mean_trace_meanfc_modules,,
Drosophila,2017-11-08_2,WED_L,0.2661609298236529,0.891696669669686,0.0390722904835995,0.5970269283130923,4.585513442867614,0.029912704057813,0.997001417947876,side key,w15_step5_highpass_atlas_mean_trace,1.0,atlas_region_mean_trace,atlas_region_mean_trace_meanfc_modules,,
Drosophila,2017-11-08_2,EB,0.2762537898972589,0.7127971418782898,0.1109785008094271,0.6997211974959715,3.7940328850295817,0.0333162609312941,0.9850874511755022,side key,w15_step5_highpass_atlas_mean_trace,3.0,atlas_region_mean_trace,atlas_region_mean_trace_meanfc_modules,,
Drosophila,2017-11-08_2,FB,0.27956501515851,0.724681151919221,0.1374689149012262,0.7461734650882677,4.150772846712366,0.0328239482919995,0.9872352817586968,side key,w15_step5_highpass_atlas_mean_trace,13.0,atlas_region_mean_trace,atlas_region_mean_trace_meanfc_modules,,
Drosophila,2017-11-08_2,FLA,0.27615152716096,0.7178067758687466,0.1137175724324374,0.7152648081807936,4.21704712162884,0.0337704314339527,0.9747380262569232,side key,w15_step5_highpass_atlas_mean_trace,6.0,atlas_region_mean_trace,atlas_region_mean_trace_meanfc_modules,,
Drosophila,2017-11-08_2,NO,0.2796838828966005,0.823633371110426,0.0729509662085284,0.6952111874464885,4.161318382053017,0.0336629396722066,0.9913386291002694,side key,w15_step5_highpass_atlas_mean_trace,1.0,atlas_region_mean_trace,atlas_region_mean_trace_meanfc_modules,,
Drosophila,2017-11-08_2,PB,0.2787389916824561,0.8292744279021712,0.0605141639822807,0.6633807575108005,2.675279163070445,0.0332619415182828,0.9918630494613386,side key,w15_step5_highpass_atlas_mean_trace,1.0,atlas_region_mean_trace,atlas_region_mean_trace_meanfc_modules,,
Drosophila,2017-11-08_2,PRW,0.2717906410086766,0.7296797514949177,0.0791505217182197,0.7303134040972288,5.012754599996707,0.0334929381103173,0.97567645953494,side key,w15_step5_highpass_atlas_mean_trace,7.0,atlas_region_mean_trace,atlas_region_mean_trace_meanfc_modules,,
Drosophila,2017-11-08_2,SAD,0.2775345180661021,0.7467456572696746,0.1226739480480015,0.735181708213099,4.279998570738719,0.0365119332826602,0.9858434847119936,side key,w15_step5_highpass_atlas_mean_trace,20.0,atlas_region_mean_trace,atlas_region_mean_trace_meanfc_modules,,
Drosophila,2017-11-08_2,SOG,0.2869223313604467,0.7656789890428853,0.086870009379219,0.7282258795088308,4.807211966738543,0.0348754052454221,0.9880179663727646,side key,w15_step5_highpass_atlas_mean_trace,71.0,atlas_region_mean_trace,atlas_region_mean_trace_meanfc_modules,,
Drosophila,2017-11-16_1,AL_R,0.2794603670429815,0.5634244617123885,0.1280910773127423,0.5739126792306448,5.264843584852112,0.02661570884914,0.8732781597760573,side key,w15_step5_highpass_atlas_mean_trace,23.0,atlas_region_mean_trace,atlas_region_mean_trace_meanfc_modules,,
Drosophila,2017-11-16_1,AME_R,0.2648834974951516,0.90376905935849,0.0149979799433531,0.6879456894688178,7.215120380564984,0.0276977752962745,0.9965338798415372,side key,w15_step5_highpass_atlas_mean_trace,1.0,atlas_region_mean_trace,atlas_region_mean_trace_meanfc_modules,,
Drosophila,2017-11-16_1,AMMC_R,0.2715340281969301,0.7826273740616481,0.0598286822793366,0.6330029957517231,3.938900858263392,0.0315208091782273,0.9937207513939176,side key,w15_step5_highpass_atlas_mean_trace,4.0,atlas_region_mean_trace,atlas_region_mean_trace_meanfc_modules,,
Drosophila,2017-11-16_1,ATL_R,0.2645571747075683,0.7442316559101169,0.101037623486854,0.5949166622741091,4.317604613152122,0.029316517974951,0.9868370741398964,side key,w15_step5_highpass_atlas_mean_trace,1.0,atlas_region_mean_trace,atlas_region_mean_trace_meanfc_modules,,
Drosophila,2017-11-16_1,AVLP_R,0.2838346035446855,0.7275872341501997,0.0701531312625528,0.6564271043137888,5.121694460936012,0.0304626845160732,0.9789141089532136,side key,w15_step5_highpass_atlas_mean_trace,28.0,atlas_region_mean_trace,atlas_region_mean_trace_meanfc_modules,,
Drosophila,2017-11-16_1,CRE_R,0.2742461744996424,0.5860126782723993,0.1600409825874476,0.5787166140440831,5.030519932016721,0.0267418045474785,0.90317800801117,side key,w15_step5_highpass_atlas_mean_trace,8.0,atlas_region_mean_trace,atlas_region_mean_trace_meanfc_modules,,
Drosophila,2017-11-16_1,EPA_R,0.272743685821914,0.7929730566493761,0.0685791336194862,0.688709087924225,4.314035669181692,0.0268396899907581,0.9926078561359188,side key,w15_step5_highpass_atlas_mean_trace,1.0,atlas_region_mean_trace,atlas_region_mean_trace_meanfc_modules,,
Drosophila,2017-11-16_1,GA_R,0.2711098717642529,0.7904138803789106,0.0385698905349963,0.6468475718109495,5.981333758516773,0.029901808989162,0.9947143431937856,side key,w15_step5_highpass_atlas_mean_trace,1.0,atlas_region_mean_trace,atlas_region_mean_trace_meanfc_modules,,
Drosophila,2017-11-16_1,GOR_R,0.2734381750269432,0.7622360574619156,0.0978805726838732,0.6831531168847842,3.856156274543955,0.0325663620612013,0.9894277892736622,side key,w15_step5_highpass_atlas_mean_trace,1.0,atlas_region_mean_trace,atlas_region_mean_trace_meanfc_modules,,
Drosophila,2017-11-16_1,IB_R,0.2725653945812925,0.627230031199451,0.151085902665968,0.6279435358998635,5.8786379736876055,0.0336675647365364,0.963438921549488,side key,w15_step5_highpass_atlas_mean_trace,4.0,atlas_region_mean_trace,atlas_region_mean_trace_meanfc_modules,,
Drosophila,2017-11-16_1,ICL_R,0.2753404594011908,0.7266578602478098,0.1268578521151631,0.6788695084821412,4.50836448019739,0.0305258077144864,0.9828478510399892,side key,w15_step5_highpass_atlas_mean_trace,8.0,atlas_region_mean_trace,atlas_region_mean_trace_meanfc_modules,,
Drosophila,2017-11-16_1,IPS_R,0.2751959979683259,0.643070848311659,0.1535011147182905,0.6119911528300251,5.142210594290542,0.0315902608577328,0.959821755710874,side key,w15_step5_highpass_atlas_mean_trace,11.0,atlas_region_mean_trace,atlas_region_mean_trace_meanfc_modules,,
Drosophila,2017-11-16_1,IVLP_R,0.2733288860230642,0.724567358805424,0.0911655559503172,0.5419376460394785,5.428560155619423,0.0339977703468887,0.9805328280470608,side key,w15_step5_highpass_atlas_mean_trace,5.0,atlas_region_mean_trace,atlas_region_mean_trace_meanfc_modules,,
Drosophila,2017-11-16_1,LAL_R,0.2785783224981901,0.5877118549352905,0.163042426116206,0.5878743355694419,4.474552814664147,0.024970851153303,0.8981670519060457,side key,w15_step5_highpass_atlas_mean_trace,9.0,atlas_region_mean_trace,atlas_region_mean_trace_meanfc_modules,,
Drosophila,2017-11-16_1,LB_R,0.2656009880748768,0.895682745474361,0.0113337480101658,0.6349407550558507,3.80092228988727,0.0278163673015296,0.9956699374365414,side key,w15_step5_highpass_atlas_mean_trace,1.0,atlas_region_mean_trace,atlas_region_mean_trace_meanfc_modules,,
Drosophila,2017-11-16_1,LH_R,0.2784342111806314,0.7500596889592404,0.0090601622754602,0.6732496671933275,5.339926959091263,0.0300901713299493,0.987943684491308,side key,w15_step5_highpass_atlas_mean_trace,14.0,atlas_region_mean_trace,atlas_region_mean_trace_meanfc_modules,,
Drosophila,2017-11-16_1,LO_R,0.2676225533195289,0.8588777054103436,0.0258143216672828,0.6223977320026235,3.636028044032416,0.0309045695294292,0.9933711633765256,side key,w15_step5_highpass_atlas_mean_trace,30.0,atlas_region_mean_trace,atlas_region_mean_trace_meanfc_modules,,
Drosophila,2017-11-16_1,MB_R,0.2822024766778636,0.5509337206847538,0.1634568889418096,0.5596029442321193,5.880924284535048,0.0268635640136395,0.8724064792065103,side key,w15_step5_highpass_atlas_mean_trace,16.0,atlas_region_mean_trace,atlas_region_mean_trace_meanfc_modules,,
Drosophila,2017-11-16_1,ME_R,0.2757455086840725,0.7795586638203303,0.0615919383088096,0.6540862366017358,6.441936849196159,0.0304053688739124,0.9903450047096628,side key,w15_step5_highpass_atlas_mean_trace,24.0,atlas_region_mean_trace,atlas_region_mean_trace_meanfc_modules,,
Drosophila,2017-11-16_1,OTU_R,0.2709615138080546,0.8002704303221054,0.0677534294600584,0.6777809341558336,3.528006865567708,0.0267025339175953,0.9918512786921628,side key,w15_step5_highpass_atlas_mean_trace,3.0,atlas_region_mean_trace,atlas_region_mean_trace_meanfc_modules,,
Drosophila,2017-11-16_1,PLP_R,0.2692002230207282,0.6960658141765578,0.1243942310564995,0.646209173503249,3.8558717298831375,0.0319236753622833,0.9815040398137458,side key,w15_step5_highpass_atlas_mean_trace,15.0,atlas_region_mean_trace,atlas_region_mean_trace_meanfc_modules,,
Drosophila,2017-11-16_1,PVLP_R,0.2775474219386379,0.7234475437750594,0.0521621309711323,0.6660990944006702,5.555013460844029,0.0287177698043081,0.9840509315907228,side key,w15_step5_highpass_atlas_mean_trace,17.0,atlas_region_mean_trace,atlas_region_mean_trace_meanfc_modules,,
Drosophila,2017-11-16_1,SCL_R,0.2812806332401605,0.6910874313489914,0.0769299665275055,0.6581908111621787,7.109808165765807,0.0258976867829739,0.969702726922833,side key,w15_step5_highpass_atlas_mean_trace,6.0,atlas_region_mean_trace,atlas_region_mean_trace_meanfc_modules,,
Drosophila,2017-11-16_1,SIP_R,0.2822634524865496,0.6517289761417814,0.0970018561935073,0.6608616048878022,4.818897455615167,0.0238304288778081,0.9671511966512456,side key,w15_step5_highpass_atlas_mean_trace,6.0,atlas_region_mean_trace,atlas_region_mean_trace_meanfc_modules,,
Drosophila,2017-11-16_1,SLP_R,0.2895910866718997,0.6496631003666992,0.0257526586290147,0.692995069905442,8.085321798177562,0.0292245053121856,0.9797323837441888,side key,w15_step5_highpass_atlas_mean_trace,22.0,atlas_region_mean_trace,atlas_region_mean_trace_meanfc_modules,,
Drosophila,2017-11-16_1,SMP_R,0.2764264107674171,0.7547890270969413,0.124235002102752,0.6860396931308503,4.971316308203852,0.031904047152206,0.9848152591636482,side key,w15_step5_highpass_atlas_mean_trace,21.0,atlas_region_mean_trace,atlas_region_mean_trace_meanfc_modules,,
Drosophila,2017-11-16_1,SPS_R,0.2729738267183163,0.6088974061619098,0.1533595593866379,0.5669885610800603,3.562164132995491,0.0326572956788073,0.959455607449955,side key,w15_step5_highpass_atlas_mean_trace,12.0,atlas_region_mean_trace,atlas_region_mean_trace_meanfc_modules,,
Drosophila,2017-11-16_1,VES_R,0.2766989722140154,0.5665539549324609,0.1792699819529543,0.6099555003088961,4.833181250562335,0.030399665156204,0.9089512376991516,side key,w15_step5_highpass_atlas_mean_trace,6.0,atlas_region_mean_trace,atlas_region_mean_trace_meanfc_modules,,
Drosophila,2017-11-16_1,WED_R,0.2672877965626073,0.8454140745957769,0.0587672443649531,0.5912471843810208,3.362304482928881,0.029574430966272,0.995084929605278,side key,w15_step5_highpass_atlas_mean_trace,1.0,atlas_region_mean_trace,atlas_region_mean_trace_meanfc_modules,,
Drosophila,2017-11-16_1,AL_L,0.2844531317158173,0.5709743894039943,0.1047303605382174,0.621987031905297,3.986076651322493,0.027942069337397,0.8823402650680942,side key,w15_step5_highpass_atlas_mean_trace,22.0,atlas_region_mean_trace,atlas_region_mean_trace_meanfc_modules,,
Drosophila,2017-11-16_1,AME_L,0.2676378293844394,0.851136007076748,0.055204008130647,0.6886320905154301,2.71796205500295,0.0324413724761459,0.99393230871493,side key,w15_step5_highpass_atlas_mean_trace,1.0,atlas_region_mean_trace,atlas_region_mean_trace_meanfc_modules,,
Drosophila,2017-11-16_1,AMMC_L,0.2716125979529091,0.8315566948313845,0.0157237573716462,0.6394827205547402,4.718783120604937,0.0308418757066283,0.9927319664782744,side key,w15_step5_highpass_atlas_mean_trace,4.0,atlas_region_mean_trace,atlas_region_mean_trace_meanfc_modules,,
Drosophila,2017-11-16_1,ATL_L,0.2741323716438071,0.7256547363582742,0.0905963461807063,0.6464484484067516,5.374303525356521,0.035507914066244,0.9848108028480176,side key,w15_step5_highpass_atlas_mean_trace,1.0,atlas_region_mean_trace,atlas_region_mean_trace_meanfc_modules,,
Drosophila,2017-11-16_1,AVLP_L,0.2918714965004774,0.6826365794574755,0.1106876838145583,0.6820747883370778,4.381766383875727,0.0332459242249155,0.9630659449588332,side key,w15_step5_highpass_atlas_mean_trace,34.0,atlas_region_mean_trace,atlas_region_mean_trace_meanfc_modules,,
Drosophila,2017-11-16_1,CRE_L,0.2783327553888584,0.6260837741635459,0.1360291010064509,0.6332212129154112,4.686477294635618,0.0241315763701377,0.9499203307205384,side key,w15_step5_highpass_atlas_mean_trace,10.0,atlas_region_mean_trace,atlas_region_mean_trace_meanfc_modules,,
Drosophila,2017-11-16_1,EPA_L,0.2702828003688824,0.7855181261828579,0.074664568456559,0.6675075917479236,4.278484677176225,0.0311990734495743,0.9899296528977598,side key,w15_step5_highpass_atlas_mean_trace,1.0,atlas_region_mean_trace,atlas_region_mean_trace_meanfc_modules,,
Drosophila,2017-11-16_1,GA_L,0.277449077332179,0.7801851841124215,0.055976603379813,0.6487415240799406,3.136563461037395,0.0280732316083426,0.9920685963065622,side key,w15_step5_highpass_atlas_mean_trace,1.0,atlas_region_mean_trace,atlas_region_mean_trace_meanfc_modules,,
Drosophila,2017-11-16_1,GOR_L,0.2703960316265039,0.7918976001696203,0.0833845273213823,0.6135484394736458,3.500144160767828,0.032147908206051,0.9926093639414844,side key,w15_step5_highpass_atlas_mean_trace,1.0,atlas_region_mean_trace,atlas_region_mean_trace_meanfc_modules,,
Drosophila,2017-11-16_1,IB_L,0.2693933502979119,0.5657261461840908,0.1592344436952456,0.6535201809342762,6.161980429383335,0.0335084649708249,0.946272461365578,side key,w15_step5_highpass_atlas_mean_trace,3.0,atlas_region_mean_trace,atlas_region_mean_trace_meanfc_modules,,
Drosophila,2017-11-16_1,ICL_L,0.2706103800946948,0.6015269848618358,0.1741716632558809,0.5637171523663973,5.00586647217833,0.0320196620428624,0.9524641478503548,side key,w15_step5_highpass_atlas_mean_trace,8.0,atlas_region_mean_trace,atlas_region_mean_trace_meanfc_modules,,
Drosophila,2017-11-16_1,IPS_L,0.2743414598417311,0.60241196439611,0.1501186528858455,0.6334250056250822,4.97890079413725,0.0335916277733545,0.954124915298348,side key,w15_step5_highpass_atlas_mean_trace,8.0,atlas_region_mean_trace,atlas_region_mean_trace_meanfc_modules,,
Drosophila,2017-11-16_1,IVLP_L,0.2845192424509417,0.673841733835302,0.0927603141311612,0.6820107806763143,3.6706032741678576,0.0345814603865107,0.9681627156348344,side key,w15_step5_highpass_atlas_mean_trace,7.0,atlas_region_mean_trace,atlas_region_mean_trace_meanfc_modules,,
Drosophila,2017-11-16_1,LAL_L,0.2753321520081856,0.5501369102352506,0.1392746611719865,0.6067258743120524,4.495857205235612,0.025981244437948,0.8901043801712009,side key,w15_step5_highpass_atlas_mean_trace,5.0,atlas_region_mean_trace,atlas_region_mean_trace_meanfc_modules,,
Drosophila,2017-11-16_1,LB_L,0.266634297318819,0.8385075506454529,0.0492866440923685,0.6176369205268525,4.3486430355758845,0.0299197666943444,0.9948879341257012,side key,w15_step5_highpass_atlas_mean_trace,1.0,atlas_region_mean_trace,atlas_region_mean_trace_meanfc_modules,,
Drosophila,2017-11-16_1,LH_L,0.2815492710164237,0.6534332736538266,0.0969407431748459,0.6517080724506368,3.511172376563756,0.0286233348620948,0.9661916429714242,side key,w15_step5_highpass_atlas_mean_trace,11.0,atlas_region_mean_trace,atlas_region_mean_trace_meanfc_modules,,
Drosophila,2017-11-16_1,LO_L,0.2714978555595312,0.8505368315544092,0.0358293970261516,0.6691518968065402,2.8674857953661164,0.029707455446357,0.996277509504796,side key,w15_step5_highpass_atlas_mean_trace,22.0,atlas_region_mean_trace,atlas_region_mean_trace_meanfc_modules,,
Drosophila,2017-11-16_1,MB_L,0.2788068740629916,0.5856880041354573,0.1262543406817185,0.6022013068016757,5.136820176647396,0.0247025711557782,0.927068903055951,side key,w15_step5_highpass_atlas_mean_trace,16.0,atlas_region_mean_trace,atlas_region_mean_trace_meanfc_modules,,
Drosophila,2017-11-16_1,ME_L,0.2713391534839083,0.901894349318618,0.0259786665741975,0.6574251715234105,3.394493848751476,0.0291140811932792,0.9933731506116084,side key,w15_step5_highpass_atlas_mean_trace,16.0,atlas_region_mean_trace,atlas_region_mean_trace_meanfc_modules,,
Drosophila,2017-11-16_1,OTU_L,0.2710682310653717,0.7710975801097083,0.1162510691428407,0.6623854158303207,3.278909801357705,0.0298523852287531,0.9909378692339944,side key,w15_step5_highpass_atlas_mean_trace,4.0,atlas_region_mean_trace,atlas_region_mean_trace_meanfc_modules,,
Drosophila,2017-11-16_1,PLP_L,0.2801043967819304,0.5528066773016287,0.1888312882944912,0.6252987710311887,3.4260306404306786,0.0336097344226022,0.9326542877713908,side key,w15_step5_highpass_atlas_mean_trace,13.0,atlas_region_mean_trace,atlas_region_mean_trace_meanfc_modules,,
Drosophila,2017-11-16_1,PVLP_L,0.2818906177064445,0.562527623195636,0.1695323905372633,0.6504019487378219,4.046370782344633,0.0359963637455773,0.9340713826949164,side key,w15_step5_highpass_atlas_mean_trace,11.0,atlas_region_mean_trace,atlas_region_mean_trace_meanfc_modules,,
Drosophila,2017-11-16_1,SCL_L,0.2737744234468657,0.6658283182454978,0.1354322115750429,0.6103820611085713,4.77867062346298,0.0271697904374058,0.9633121934464844,side key,w15_step5_highpass_atlas_mean_trace,8.0,atlas_region_mean_trace,atlas_region_mean_trace_meanfc_modules,,
Drosophila,2017-11-16_1,SIP_L,0.2775282129680401,0.7093204331961733,0.0865317284402106,0.6758468681959321,4.814416147252072,0.0259216466664507,0.9779928872882824,side key,w15_step5_highpass_atlas_mean_trace,7.0,atlas_region_mean_trace,atlas_region_mean_trace_meanfc_modules,,
Drosophila,2017-11-16_1,SLP_L,0.2825402433554319,0.6994656530209984,0.0787083696318771,0.584598251514931,3.307672735079,0.0273008203972254,0.979367828361445,side key,w15_step5_highpass_atlas_mean_trace,23.0,atlas_region_mean_trace,atlas_region_mean_trace_meanfc_modules,,
Drosophila,2017-11-16_1,SMP_L,0.2776673541717836,0.71565187817511,0.11065624589013,0.7232324090685176,3.512522221584436,0.0267247142904142,0.9837038921076056,side key,w15_step5_highpass_atlas_mean_trace,22.0,atlas_region_mean_trace,atlas_region_mean_trace_meanfc_modules,,
Drosophila,2017-11-16_1,SPS_L,0.279079380255158,0.5924084845441633,0.1630230299869395,0.6997246168699868,4.748376118909072,0.0342530805331518,0.9455849144461824,side key,w15_step5_highpass_atlas_mean_trace,15.0,atlas_region_mean_trace,atlas_region_mean_trace_meanfc_modules,,
Drosophila,2017-11-16_1,VES_L,0.2799225865577703,0.5651181327188017,0.1471474691149594,0.6548981250603466,3.1543696599589777,0.0276579775127218,0.8972074248352351,side key,w15_step5_highpass_atlas_mean_trace,6.0,atlas_region_mean_trace,atlas_region_mean_trace_meanfc_modules,,
Drosophila,2017-11-16_1,WED_L,0.2711686852816527,0.8143146885310404,0.0513531055765318,0.7159382245209014,4.992271648251172,0.0285269210641317,0.9933245738323996,side key,w15_step5_highpass_atlas_mean_trace,1.0,atlas_region_mean_trace,atlas_region_mean_trace_meanfc_modules,,
Drosophila,2017-11-16_1,EB,0.276435481060506,0.6585584088915455,0.1440573635050024,0.6739953977951341,4.655923208269877,0.0300371320912072,0.9621024130299144,side key,w15_step5_highpass_atlas_mean_trace,3.0,atlas_region_mean_trace,atlas_region_mean_trace_meanfc_modules,,
Drosophila,2017-11-16_1,FB,0.2771597048910159,0.5520089841415577,0.2016089302014846,0.6469117750866206,4.63939872073736,0.0328692362212164,0.935062315724264,side key,w15_step5_highpass_atlas_mean_trace,13.0,atlas_region_mean_trace,atlas_region_mean_trace_meanfc_modules,,
Drosophila,2017-11-16_1,FLA,0.2719842748992755,0.6635290335516936,0.1539870565647471,0.6258785306363419,3.1006960154660588,0.0298054526083466,0.9615175342078092,side key,w15_step5_highpass_atlas_mean_trace,6.0,atlas_region_mean_trace,atlas_region_mean_trace_meanfc_modules,,
Drosophila,2017-11-16_1,NO,0.2732367653598537,0.7719970084598882,0.0798374022334156,0.6811180668935589,4.742515767600293,0.0295653248793198,0.9869213655022728,side key,w15_step5_highpass_atlas_mean_trace,1.0,atlas_region_mean_trace,atlas_region_mean_trace_meanfc_modules,,
Drosophila,2017-11-16_1,PB,0.2830803499769214,0.7785407103487212,0.0635445142607019,0.6686162414097194,4.395600194505249,0.0285439860099382,0.9890549281640304,side key,w15_step5_highpass_atlas_mean_trace,1.0,atlas_region_mean_trace,atlas_region_mean_trace_meanfc_modules,,
Drosophila,2017-11-16_1,PRW,0.2929441400459655,0.8016866812397644,0.0794047266634502,0.6104930182698891,4.9827347088496605,0.0271562732562159,0.9844007260928698,side key,w15_step5_highpass_atlas_mean_trace,7.0,atlas_region_mean_trace,atlas_region_mean_trace_meanfc_modules,,
Drosophila,2017-11-16_1,SAD,0.2719007341196066,0.6256784323392721,0.1464214661297458,0.6384252323001864,4.674731012124861,0.0360664156826558,0.965566476828054,side key,w15_step5_highpass_atlas_mean_trace,20.0,atlas_region_mean_trace,atlas_region_mean_trace_meanfc_modules,,
Drosophila,2017-11-16_1,SOG,0.2775719626608521,0.6543071954884648,0.129069064140272,0.6581807562159965,4.994376242902217,0.0325126399222689,0.9706266398826392,side key,w15_step5_highpass_atlas_mean_trace,71.0,atlas_region_mean_trace,atlas_region_mean_trace_meanfc_modules,,
Drosophila,2018-10-19_1,AL_R,0.3017146920551199,0.3951553626610909,0.1613394917331644,0.6891587960212278,3.3322976083260283,0.0189993132775753,0.7570963165887443,side key,w15_step5_highpass_atlas_mean_trace,23.0,atlas_region_mean_trace,atlas_region_mean_trace_meanfc_modules,,
Drosophila,2018-10-19_1,AME_R,0.2814654394783805,0.8855607519502884,0.0433671122459957,0.6557947052699877,3.220574991405068,0.0318470665791984,0.9950621303809584,side key,w15_step5_highpass_atlas_mean_trace,1.0,atlas_region_mean_trace,atlas_region_mean_trace_meanfc_modules,,
Drosophila,2018-10-19_1,AMMC_R,0.2999216124552994,0.4841526529811712,0.177906349248878,0.6836029019367112,2.827033096290376,0.0206267572336707,0.8596249780017441,side key,w15_step5_highpass_atlas_mean_trace,4.0,atlas_region_mean_trace,atlas_region_mean_trace_meanfc_modules,,
Drosophila,2018-10-19_1,ATL_R,0.3008113271699674,0.6692188217869527,0.1223551052837303,0.6780422813233917,2.513248163250734,0.0376203599191377,0.9714565407641798,side key,w15_step5_highpass_atlas_mean_trace,1.0,atlas_region_mean_trace,atlas_region_mean_trace_meanfc_modules,,
Drosophila,2018-10-19_1,AVLP_R,0.3018244265924695,0.4590486992027034,0.2216421743560905,0.674854296018887,4.143795967208767,0.0259928143066686,0.838679279054977,side key,w15_step5_highpass_atlas_mean_trace,28.0,atlas_region_mean_trace,atlas_region_mean_trace_meanfc_modules,,
Drosophila,2018-10-19_1,CRE_R,0.2936974962729632,0.4341499244464162,0.1898276463469528,0.6975325351199498,3.999384676821084,0.0189853509466921,0.8098278051868114,side key,w15_step5_highpass_atlas_mean_trace,8.0,atlas_region_mean_trace,atlas_region_mean_trace_meanfc_modules,,
Drosophila,2018-10-19_1,EPA_R,0.2920546418831291,0.7251105245164087,0.1336941373518282,0.6852397969926958,3.2060327382219507,0.0264804616224558,0.98251887661041,side key,w15_step5_highpass_atlas_mean_trace,1.0,atlas_region_mean_trace,atlas_region_mean_trace_meanfc_modules,,
Drosophila,2018-10-19_1,GA_R,0.2959304763706625,0.5877942573752943,0.1141588115544139,0.6349182485135965,2.8305297807205863,0.0256496385689054,0.9336077365160472,side key,w15_step5_highpass_atlas_mean_trace,1.0,atlas_region_mean_trace,atlas_region_mean_trace_meanfc_modules,,
Drosophila,2018-10-19_1,GOR_R,0.2900482531780782,0.7235851668954122,0.1459205171123724,0.6211590288219031,3.018062039153948,0.029815786883203,0.9867059383696476,side key,w15_step5_highpass_atlas_mean_trace,1.0,atlas_region_mean_trace,atlas_region_mean_trace_meanfc_modules,,
Drosophila,2018-10-19_1,IB_R,0.3000093480071947,0.7056784814533119,0.1610575129497671,0.6811011124573436,3.284186064812194,0.0361974922448177,0.9754652904744008,side key,w15_step5_highpass_atlas_mean_trace,4.0,atlas_region_mean_trace,atlas_region_mean_trace_meanfc_modules,,
Drosophila,2018-10-19_1,ICL_R,0.299390878385249,0.677976954412279,0.1930466092197188,0.7022862287122038,4.102428097373863,0.0353294835815946,0.9773166879239682,side key,w15_step5_highpass_atlas_mean_trace,8.0,atlas_region_mean_trace,atlas_region_mean_trace_meanfc_modules,,
Drosophila,2018-10-19_1,IPS_R,0.3060391375578484,0.5373275421942908,0.2035017492455634,0.705974551275059,3.4978153934285428,0.0297767927851443,0.8991896649034992,side key,w15_step5_highpass_atlas_mean_trace,11.0,atlas_region_mean_trace,atlas_region_mean_trace_meanfc_modules,,
Drosophila,2018-10-19_1,IVLP_R,0.3019025461422522,0.418172930237811,0.1585576123332375,0.6812045275554999,3.080440540570359,0.0212374061841457,0.7904151796636456,side key,w15_step5_highpass_atlas_mean_trace,5.0,atlas_region_mean_trace,atlas_region_mean_trace_meanfc_modules,,
Drosophila,2018-10-19_1,LAL_R,0.2877430295829942,0.4233029977264689,0.2144966718653997,0.6631140936614183,3.2040342928996908,0.0194567261364302,0.8156486132364545,side key,w15_step5_highpass_atlas_mean_trace,9.0,atlas_region_mean_trace,atlas_region_mean_trace_meanfc_modules,,
Drosophila,2018-10-19_1,LB_R,0.3001607089845267,0.6804549554010685,0.1207321655521128,0.6491497644115442,4.874538600144461,0.0319205941924567,0.9832881088558748,side key,w15_step5_highpass_atlas_mean_trace,1.0,atlas_region_mean_trace,atlas_region_mean_trace_meanfc_modules,,
Drosophila,2018-10-19_1,LH_R,0.3051007937158346,0.7772495432059932,0.0893822226150334,0.6660717378137297,3.881330198478058,0.0351655669287143,0.9924081681630934,side key,w15_step5_highpass_atlas_mean_trace,14.0,atlas_region_mean_trace,atlas_region_mean_trace_meanfc_modules,,
Drosophila,2018-10-19_1,LO_R,0.2989165187743475,0.8147235288320342,0.0776710534360088,0.6325676630312563,2.5578267240386734,0.0302496286291567,0.993389683018154,side key,w15_step5_highpass_atlas_mean_trace,28.0,atlas_region_mean_trace,atlas_region_mean_trace_meanfc_modules,,
Drosophila,2018-10-19_1,LOP_R,0.2684692559254698,0.9062918415023656,-0.0014401168738556,0.6803591724939352,4.661084588683998,0.0289493921576643,0.9947115499148156,side key,w15_step5_highpass_atlas_mean_trace,1.0,atlas_region_mean_trace,atlas_region_mean_trace_meanfc_modules,,
Drosophila,2018-10-19_1,MB_R,0.2911746819161478,0.4308029654061417,0.2029804029266068,0.6850009152510171,4.154828468552138,0.0210932149779399,0.8043224622173599,side key,w15_step5_highpass_atlas_mean_trace,16.0,atlas_region_mean_trace,atlas_region_mean_trace_meanfc_modules,,
Drosophila,2018-10-19_1,ME_R,0.3029304064787729,0.6074825725956677,0.1096420535973766,0.6429179790665404,3.167585472398969,0.0262927889133711,0.9438933273739064,side key,w15_step5_highpass_atlas_mean_trace,24.0,atlas_region_mean_trace,atlas_region_mean_trace_meanfc_modules,,
Drosophila,2018-10-19_1,OTU_R,0.308970271166078,0.6014505788420849,0.1584937350769575,0.6965321832826193,5.756411130318501,0.0371888624003693,0.9333311228942004,side key,w15_step5_highpass_atlas_mean_trace,3.0,atlas_region_mean_trace,atlas_region_mean_trace_meanfc_modules,,
Drosophila,2018-10-19_1,PLP_R,0.3036023896421418,0.6599743024437663,0.1732667455213422,0.6945253678266422,4.340194204986129,0.0382934857799777,0.964664154758485,side key,w15_step5_highpass_atlas_mean_trace,15.0,atlas_region_mean_trace,atlas_region_mean_trace_meanfc_modules,,
Drosophila,2018-10-19_1,PVLP_R,0.3049572501659313,0.6838125496771609,0.1741460225391289,0.6943382369509495,4.435564968499103,0.0337420644729745,0.9675241860754916,side key,w15_step5_highpass_atlas_mean_trace,17.0,atlas_region_mean_trace,atlas_region_mean_trace_meanfc_modules,,
Drosophila,2018-10-19_1,SCL_R,0.2980589066253591,0.6496640920530814,0.1644699915078776,0.6421081539053206,2.594213111166287,0.0362841271211014,0.9698663209131833,side key,w15_step5_highpass_atlas_mean_trace,6.0,atlas_region_mean_trace,atlas_region_mean_trace_meanfc_modules,,
Drosophila,2018-10-19_1,SIP_R,0.3122205847475608,0.57167283616332,0.2001943537954194,0.715645381225398,5.190425378363859,0.0321238072771521,0.922511305291026,side key,w15_step5_highpass_atlas_mean_trace,6.0,atlas_region_mean_trace,atlas_region_mean_trace_meanfc_modules,,
Drosophila,2018-10-19_1,SLP_R,0.3261593373961399,0.7260905689671667,0.125815974915182,0.7084850386511595,4.923743100533283,0.0342148384655995,0.9735598969449882,side key,w15_step5_highpass_atlas_mean_trace,22.0,atlas_region_mean_trace,atlas_region_mean_trace_meanfc_modules,,
Drosophila,2018-10-19_1,SMP_R,0.3014653800681854,0.5826286249943111,0.180662135844573,0.7070194154665728,2.836503374895766,0.0363189672248404,0.9238041641748732,side key,w15_step5_highpass_atlas_mean_trace,21.0,atlas_region_mean_trace,atlas_region_mean_trace_meanfc_modules,,
Drosophila,2018-10-19_1,SPS_R,0.3018722843614561,0.6677918872603243,0.2091313714674639,0.7145789173750965,2.7159835288833296,0.0358127574068448,0.9717599649674692,side key,w15_step5_highpass_atlas_mean_trace,12.0,atlas_region_mean_trace,atlas_region_mean_trace_meanfc_modules,,
Drosophila,2018-10-19_1,VES_R,0.2960097393798171,0.5360740182163077,0.1812021552495709,0.7122366486050941,4.135556441286156,0.0218849854223415,0.9183345792972836,side key,w15_step5_highpass_atlas_mean_trace,6.0,atlas_region_mean_trace,atlas_region_mean_trace_meanfc_modules,,
Drosophila,2018-10-19_1,WED_R,0.2985806250087687,0.825991044435995,0.0747018920522711,0.6558558711940355,2.0883033014486934,0.0287563513459915,0.9953598436872348,side key,w15_step5_highpass_atlas_mean_trace,1.0,atlas_region_mean_trace,atlas_region_mean_trace_meanfc_modules,,
Drosophila,2018-10-19_1,AL_L,0.3031778027132691,0.3974912656726889,0.1545491166447872,0.6402403902671787,2.4825230254071022,0.0216945686098953,0.7618727581815571,side key,w15_step5_highpass_atlas_mean_trace,22.0,atlas_region_mean_trace,atlas_region_mean_trace_meanfc_modules,,
Drosophila,2018-10-19_1,AME_L,0.2979295599928783,0.8144479650452412,0.0795758447405272,0.6961869904468543,4.532115809653597,0.0338083163822893,0.9936781648699594,side key,w15_step5_highpass_atlas_mean_trace,1.0,atlas_region_mean_trace,atlas_region_mean_trace_meanfc_modules,,
Drosophila,2018-10-19_1,AMMC_L,0.3113285134995436,0.4506886837202428,0.1912159767501744,0.6711074219990958,2.482422285143333,0.0241482172074772,0.8078167357033355,side key,w15_step5_highpass_atlas_mean_trace,4.0,atlas_region_mean_trace,atlas_region_mean_trace_meanfc_modules,,
Drosophila,2018-10-19_1,ATL_L,0.3038317318906475,0.6967077910815677,0.1158546621968954,0.6325613189841135,3.751484450899086,0.0352199025998202,0.9728221364315088,side key,w15_step5_highpass_atlas_mean_trace,1.0,atlas_region_mean_trace,atlas_region_mean_trace_meanfc_modules,,
Drosophila,2018-10-19_1,AVLP_L,0.3206402395573002,0.6449021054020374,0.1882324629896072,0.6517584155925924,3.871384056429527,0.0268785614074939,0.941748236940386,side key,w15_step5_highpass_atlas_mean_trace,34.0,atlas_region_mean_trace,atlas_region_mean_trace_meanfc_modules,,
Drosophila,2018-10-19_1,CRE_L,0.2993141292820987,0.434974062997854,0.1881831826997454,0.6675039393042655,3.097146445696449,0.0213605358598791,0.8293958124011418,side key,w15_step5_highpass_atlas_mean_trace,10.0,atlas_region_mean_trace,atlas_region_mean_trace_meanfc_modules,,
Drosophila,2018-10-19_1,EPA_L,0.2957268952647726,0.7328806407139519,0.1242845582657977,0.6838843567489291,3.876660614885757,0.0324151482796371,0.985888701371538,side key,w15_step5_highpass_atlas_mean_trace,1.0,atlas_region_mean_trace,atlas_region_mean_trace_meanfc_modules,,
Drosophila,2018-10-19_1,GA_L,0.3010813971769316,0.6255558299983673,0.0931959779634894,0.6457301101498452,2.9697262659513406,0.0261276520200105,0.9547217330802164,side key,w15_step5_highpass_atlas_mean_trace,1.0,atlas_region_mean_trace,atlas_region_mean_trace_meanfc_modules,,
Drosophila,2018-10-19_1,GOR_L,0.2989660770025935,0.6976720206291189,0.1228141687501388,0.7096347174369693,2.5356324244092785,0.0336355622516231,0.9821711536850024,side key,w15_step5_highpass_atlas_mean_trace,1.0,atlas_region_mean_trace,atlas_region_mean_trace_meanfc_modules,,
Drosophila,2018-10-19_1,IB_L,0.3072792892811132,0.658517647526873,0.1399489941955635,0.7128742728279108,2.867665435104576,0.0354268346998912,0.96913042236389,side key,w15_step5_highpass_atlas_mean_trace,3.0,atlas_region_mean_trace,atlas_region_mean_trace_meanfc_modules,,
Drosophila,2018-10-19_1,ICL_L,0.2984175478094819,0.6697608514786721,0.2018792247448479,0.7176427148742331,5.362216805640335,0.0339526590206575,0.9707190065239288,side key,w15_step5_highpass_atlas_mean_trace,8.0,atlas_region_mean_trace,atlas_region_mean_trace_meanfc_modules,,
Drosophila,2018-10-19_1,IPS_L,0.3084643338505772,0.6972076040010309,0.1767090751262255,0.7229258524506504,4.41983830591476,0.0311110069900281,0.9736074481065816,side key,w15_step5_highpass_atlas_mean_trace,8.0,atlas_region_mean_trace,atlas_region_mean_trace_meanfc_modules,,
Drosophila,2018-10-19_1,IVLP_L,0.3071279397484289,0.4511894981015841,0.1908521894530048,0.6694034049426588,2.5751999858950114,0.024917496408089,0.7983132037557625,side key,w15_step5_highpass_atlas_mean_trace,7.0,atlas_region_mean_trace,atlas_region_mean_trace_meanfc_modules,,
Drosophila,2018-10-19_1,LAL_L,0.2907505479421192,0.4113158592443624,0.2172207649512148,0.6371755451842183,2.798660170044036,0.0216232157188416,0.8031672533742311,side key,w15_step5_highpass_atlas_mean_trace,5.0,atlas_region_mean_trace,atlas_region_mean_trace_meanfc_modules,,
Drosophila,2018-10-19_1,LB_L,0.2981283249961537,0.6625745397094862,0.1301202684971362,0.6680454896986365,5.348815872202228,0.0289048872555748,0.974089944742096,side key,w15_step5_highpass_atlas_mean_trace,1.0,atlas_region_mean_trace,atlas_region_mean_trace_meanfc_modules,,
Drosophila,2018-10-19_1,LH_L,0.3055092330284076,0.7025507902752067,0.1520250747709005,0.7160325157290712,3.865590756536113,0.0311588699406047,0.977613257978841,side key,w15_step5_highpass_atlas_mean_trace,11.0,atlas_region_mean_trace,atlas_region_mean_trace_meanfc_modules,,
Drosophila,2018-10-19_1,LO_L,0.3039714390838521,0.8334553025657541,0.0823469838059938,0.6792930433576774,5.229691569187127,0.034548110955142,0.991286386330814,side key,w15_step5_highpass_atlas_mean_trace,23.0,atlas_region_mean_trace,atlas_region_mean_trace_meanfc_modules,,
Drosophila,2018-10-19_1,MB_L,0.3012888383467751,0.4313154380340722,0.1968782457446432,0.6901684167313722,2.3182833423023768,0.0227341550395748,0.7875134393308216,side key,w15_step5_highpass_atlas_mean_trace,16.0,atlas_region_mean_trace,atlas_region_mean_trace_meanfc_modules,,
Drosophila,2018-10-19_1,ME_L,0.2991027570740348,0.6194128927229374,0.1357719562662953,0.6444644805431617,4.083294661616248,0.02796998783847,0.924366116929325,side key,w15_step5_highpass_atlas_mean_trace,17.0,atlas_region_mean_trace,atlas_region_mean_trace_meanfc_modules,,
Drosophila,2018-10-19_1,OTU_L,0.3133715193555633,0.6310243179780423,0.1485432296424799,0.68051235444051,5.145622805133636,0.0331357297689632,0.937184362417608,side key,w15_step5_highpass_atlas_mean_trace,4.0,atlas_region_mean_trace,atlas_region_mean_trace_meanfc_modules,,
Drosophila,2018-10-19_1,PLP_L,0.30292674563707,0.5992717815072838,0.1603160711096949,0.6880387356325103,2.808679009264429,0.0370307442388373,0.9514072139067872,side key,w15_step5_highpass_atlas_mean_trace,13.0,atlas_region_mean_trace,atlas_region_mean_trace_meanfc_modules,,
Drosophila,2018-10-19_1,PVLP_L,0.3135606418164597,0.6250074440307098,0.1554310498279909,0.6802662019750785,2.2528257543335504,0.0345407938502076,0.9471363441206816,side key,w15_step5_highpass_atlas_mean_trace,11.0,atlas_region_mean_trace,atlas_region_mean_trace_meanfc_modules,,
Drosophila,2018-10-19_1,SCL_L,0.2969806041960993,0.6050071253465593,0.1637113521492168,0.6965228819237308,3.9327578697020686,0.0401308966419452,0.9462476848859144,side key,w15_step5_highpass_atlas_mean_trace,8.0,atlas_region_mean_trace,atlas_region_mean_trace_meanfc_modules,,
Drosophila,2018-10-19_1,SIP_L,0.295436820244332,0.5957704746031144,0.2101605457349082,0.6854828054355341,3.429220237897586,0.0327161092307326,0.9324025800121404,side key,w15_step5_highpass_atlas_mean_trace,7.0,atlas_region_mean_trace,atlas_region_mean_trace_meanfc_modules,,
Drosophila,2018-10-19_1,SLP_L,0.3264052481409928,0.5858179307903074,0.1619503458613385,0.7006898968262686,5.577432389431413,0.0310557168320558,0.9372879786997044,side key,w15_step5_highpass_atlas_mean_trace,23.0,atlas_region_mean_trace,atlas_region_mean_trace_meanfc_modules,,
Drosophila,2018-10-19_1,SMP_L,0.2940728821555926,0.5425379207746257,0.2376739639148777,0.7028713457468033,2.857117116776938,0.0387505221956148,0.9098013039168366,side key,w15_step5_highpass_atlas_mean_trace,22.0,atlas_region_mean_trace,atlas_region_mean_trace_meanfc_modules,,
Drosophila,2018-10-19_1,SPS_L,0.2969625802256415,0.6390258099971807,0.2094809034704866,0.714718907032443,4.089822321536154,0.0341004916998991,0.9617919112265036,side key,w15_step5_highpass_atlas_mean_trace,15.0,atlas_region_mean_trace,atlas_region_mean_trace_meanfc_modules,,
Drosophila,2018-10-19_1,VES_L,0.2901872349837621,0.5251454582239342,0.2304627248260806,0.7159505255135019,3.368874345514617,0.0248396295465099,0.9102492355647316,side key,w15_step5_highpass_atlas_mean_trace,6.0,atlas_region_mean_trace,atlas_region_mean_trace_meanfc_modules,,
Drosophila,2018-10-19_1,WED_L,0.293236722494057,0.8192816390285945,0.1184853640559493,0.6603070386885252,3.1214966488031357,0.0302299301925113,0.9915998731298992,side key,w15_step5_highpass_atlas_mean_trace,1.0,atlas_region_mean_trace,atlas_region_mean_trace_meanfc_modules,,
Drosophila,2018-10-19_1,EB,0.2957000368852391,0.5151099862519931,0.1835031798260963,0.6465560496881371,3.5002932156114226,0.0217430500333087,0.9114575071248704,side key,w15_step5_highpass_atlas_mean_trace,3.0,atlas_region_mean_trace,atlas_region_mean_trace_meanfc_modules,,
Drosophila,2018-10-19_1,FB,0.2938433346691162,0.5728245325551845,0.2277280923803307,0.687753092469658,3.195615040359231,0.0284015726200729,0.9368993885789856,side key,w15_step5_highpass_atlas_mean_trace,13.0,atlas_region_mean_trace,atlas_region_mean_trace_meanfc_modules,,
Drosophila,2018-10-19_1,FLA,0.3035851213157726,0.5471969365316521,0.1642577845981735,0.7330217348412614,3.986502528774984,0.021939910750684,0.9335734658705088,side key,w15_step5_highpass_atlas_mean_trace,6.0,atlas_region_mean_trace,atlas_region_mean_trace_meanfc_modules,,
Drosophila,2018-10-19_1,NO,0.2975619580329232,0.7121142765328079,0.1268960293475018,0.6676665833785318,3.501828038727403,0.0300473013237219,0.980531050886186,side key,w15_step5_highpass_atlas_mean_trace,1.0,atlas_region_mean_trace,atlas_region_mean_trace_meanfc_modules,,
Drosophila,2018-10-19_1,PB,0.3048498221749893,0.7504357731454142,0.089787141903761,0.686497580248576,3.3230162134698977,0.0364124429487625,0.984161158572588,side key,w15_step5_highpass_atlas_mean_trace,1.0,atlas_region_mean_trace,atlas_region_mean_trace_meanfc_modules,,
Drosophila,2018-10-19_1,PRW,0.2951477837761218,0.6235107585498579,0.1805876359720825,0.7148128320201553,3.0591402025905223,0.0240398005904909,0.9592977346691888,side key,w15_step5_highpass_atlas_mean_trace,7.0,atlas_region_mean_trace,atlas_region_mean_trace_meanfc_modules,,
Drosophila,2018-10-19_1,SAD,0.3012700090229209,0.4425845663705973,0.2227039722931084,0.641752880785113,2.3222728818235105,0.0228709709838242,0.7764139684736849,side key,w15_step5_highpass_atlas_mean_trace,20.0,atlas_region_mean_trace,atlas_region_mean_trace_meanfc_modules,,
Drosophila,2018-10-19_1,SOG,0.2979707590479216,0.5461526232621032,0.2589634090823477,0.7201944861192884,3.961042093560367,0.0272771439169734,0.8982489732129839,side key,w15_step5_highpass_atlas_mean_trace,71.0,atlas_region_mean_trace,atlas_region_mean_trace_meanfc_modules,,
Drosophila,2018-10-19_2,AL_R,0.3040931808315267,0.6606500655714308,0.2058255297545801,0.7797796892216027,10.389481828471007,0.0338558969428022,0.966106303983062,side key,w15_step5_highpass_atlas_mean_trace,23.0,atlas_region_mean_trace,atlas_region_mean_trace_meanfc_modules,,
Drosophila,2018-10-19_2,AME_R,0.261918110732826,0.8970580900362017,0.0283296892907493,0.6036143527576419,3.565969828442343,0.0334960603621946,0.9952324889074292,side key,w15_step5_highpass_atlas_mean_trace,1.0,atlas_region_mean_trace,atlas_region_mean_trace_meanfc_modules,,
Drosophila,2018-10-19_2,AMMC_R,0.2764192995354392,0.7240709631867254,0.1143249491791821,0.712584990281368,6.720187797643051,0.0380736912711968,0.9903302413938544,side key,w15_step5_highpass_atlas_mean_trace,4.0,atlas_region_mean_trace,atlas_region_mean_trace_meanfc_modules,,
Drosophila,2018-10-19_2,ATL_R,0.2780363219165815,0.716153262106922,0.1423067906054727,0.6456939746383001,6.436739521053843,0.0366428540569025,0.9890057109351412,side key,w15_step5_highpass_atlas_mean_trace,1.0,atlas_region_mean_trace,atlas_region_mean_trace_meanfc_modules,,
Drosophila,2018-10-19_2,AVLP_R,0.2922537292523086,0.628345637777639,0.1886427493492459,0.7547023075546209,8.110229539671103,0.037120426118234,0.9629102908771404,side key,w15_step5_highpass_atlas_mean_trace,28.0,atlas_region_mean_trace,atlas_region_mean_trace_meanfc_modules,,
Drosophila,2018-10-19_2,CRE_R,0.2884652509309716,0.6185271336902255,0.1917659466572337,0.7567042612776106,7.139016647787718,0.0334859471177907,0.9406844201231488,side key,w15_step5_highpass_atlas_mean_trace,8.0,atlas_region_mean_trace,atlas_region_mean_trace_meanfc_modules,,
Drosophila,2018-10-19_2,EPA_R,0.2678113496168034,0.8179352092758114,0.084980415434847,0.679528736325484,5.243839663195914,0.0359498808508009,0.9934848429851122,side key,w15_step5_highpass_atlas_mean_trace,1.0,atlas_region_mean_trace,atlas_region_mean_trace_meanfc_modules,,
Drosophila,2018-10-19_2,GA_R,0.2763285258886801,0.8557167456955226,0.0352058730186033,0.6537433280769351,4.143836428372478,0.0328111941237209,0.9960557215227258,side key,w15_step5_highpass_atlas_mean_trace,1.0,atlas_region_mean_trace,atlas_region_mean_trace_meanfc_modules,,
Drosophila,2018-10-19_2,GOR_R,0.2714125459159578,0.7445929716530395,0.1362094013719407,0.6514759541964061,7.2819618098681,0.0363027325938298,0.9924396072152404,side key,w15_step5_highpass_atlas_mean_trace,1.0,atlas_region_mean_trace,atlas_region_mean_trace_meanfc_modules,,
Drosophila,2018-10-19_2,IB_R,0.2801803310368407,0.6786753199333282,0.1696355471564658,0.6879178608167733,6.16801898450988,0.0354980786712465,0.979055645516375,side key,w15_step5_highpass_atlas_mean_trace,4.0,atlas_region_mean_trace,atlas_region_mean_trace_meanfc_modules,,
Drosophila,2018-10-19_2,ICL_R,0.2890927207746231,0.6707688321149087,0.191829454259588,0.7547179269106078,9.054215356259832,0.0391235000131095,0.9769778665226656,side key,w15_step5_highpass_atlas_mean_trace,8.0,atlas_region_mean_trace,atlas_region_mean_trace_meanfc_modules,,
Drosophila,2018-10-19_2,IPS_R,0.2911914354103831,0.609798304671855,0.2225560354226451,0.7984417198916617,8.856158713259557,0.0376306552035125,0.9531312651063224,side key,w15_step5_highpass_atlas_mean_trace,11.0,atlas_region_mean_trace,atlas_region_mean_trace_meanfc_modules,,
Drosophila,2018-10-19_2,IVLP_R,0.2765796308248279,0.7095290816769386,0.1423326802927086,0.6928984874564911,5.716176490055515,0.036071581663652,0.9871252883715445,side key,w15_step5_highpass_atlas_mean_trace,5.0,atlas_region_mean_trace,atlas_region_mean_trace_meanfc_modules,,
Drosophila,2018-10-19_2,LAL_R,0.287233336270547,0.643140089686879,0.2013045588651687,0.7290005601434663,5.659015569613272,0.0333942268143957,0.9622193908797244,side key,w15_step5_highpass_atlas_mean_trace,9.0,atlas_region_mean_trace,atlas_region_mean_trace_meanfc_modules,,
Drosophila,2018-10-19_2,LB_R,0.2722506161777756,0.8508497085420039,0.0244952290751241,0.619439498468281,4.251718410759404,0.033515630978712,0.9955981608055596,side key,w15_step5_highpass_atlas_mean_trace,1.0,atlas_region_mean_trace,atlas_region_mean_trace_meanfc_modules,,
Drosophila,2018-10-19_2,LH_R,0.2912367130402812,0.6608053036576479,0.1367231456683591,0.7575678914544054,9.567963067715947,0.0407773843372506,0.9679994709738836,side key,w15_step5_highpass_atlas_mean_trace,14.0,atlas_region_mean_trace,atlas_region_mean_trace_meanfc_modules,,
Drosophila,2018-10-19_2,LO_R,0.2727169208588731,0.7709291179538535,0.1137598639100535,0.7142744136348658,6.279477819850758,0.0337675314222203,0.9906757607093032,side key,w15_step5_highpass_atlas_mean_trace,28.0,atlas_region_mean_trace,atlas_region_mean_trace_meanfc_modules,,
Drosophila,2018-10-19_2,LOP_R,0.2662346540619169,0.8912674206453216,0.0313329167739806,0.5739528617523969,4.818153923468419,0.0339664420060266,0.994110812697248,side key,w15_step5_highpass_atlas_mean_trace,1.0,atlas_region_mean_trace,atlas_region_mean_trace_meanfc_modules,,
Drosophila,2018-10-19_2,MB_R,0.2941916431308198,0.6122566871532564,0.2394553795450546,0.7339576531531092,9.15956351603064,0.0328466594998972,0.9434005633012268,side key,w15_step5_highpass_atlas_mean_trace,16.0,atlas_region_mean_trace,atlas_region_mean_trace_meanfc_modules,,
Drosophila,2018-10-19_2,ME_R,0.2769465070578903,0.812382490783913,0.0814079454464449,0.7006004569679349,7.265535896187271,0.0342196935827655,0.9947071465627,side key,w15_step5_highpass_atlas_mean_trace,24.0,atlas_region_mean_trace,atlas_region_mean_trace_meanfc_modules,,
Drosophila,2018-10-19_2,OTU_R,0.3031122599719197,0.6032141147894012,0.1780904644354418,0.7650435236607896,10.79912284383926,0.041907642468588,0.941918986187999,side key,w15_step5_highpass_atlas_mean_trace,3.0,atlas_region_mean_trace,atlas_region_mean_trace_meanfc_modules,,
Drosophila,2018-10-19_2,PLP_R,0.2928507963716403,0.6517056087100866,0.1846713561118213,0.793562737609311,7.33545331672511,0.0364789621296684,0.9673776704226658,side key,w15_step5_highpass_atlas_mean_trace,15.0,atlas_region_mean_trace,atlas_region_mean_trace_meanfc_modules,,
Drosophila,2018-10-19_2,PVLP_R,0.2870769786785039,0.6340921608977751,0.1854260758659998,0.7933640406945284,8.752687521666243,0.0378442689290908,0.9705908012724218,side key,w15_step5_highpass_atlas_mean_trace,17.0,atlas_region_mean_trace,atlas_region_mean_trace_meanfc_modules,,
Drosophila,2018-10-19_2,SCL_R,0.3004409913157716,0.5911934284713667,0.2021671124516112,0.8302327205464936,13.077293252274742,0.0411745570474023,0.9389832803655964,side key,w15_step5_highpass_atlas_mean_trace,6.0,atlas_region_mean_trace,atlas_region_mean_trace_meanfc_modules,,
Drosophila,2018-10-19_2,SIP_R,0.2989202555608251,0.5554327547435548,0.2141563698033141,0.7992224763346862,13.468202531662904,0.0402773800864724,0.9176828208588214,side key,w15_step5_highpass_atlas_mean_trace,6.0,atlas_region_mean_trace,atlas_region_mean_trace_meanfc_modules,,
Drosophila,2018-10-19_2,SLP_R,0.3015135266610707,0.5418268706423619,0.2003109980084616,0.7869035379504047,13.26864622656922,0.0373229193709314,0.9137926230409832,side key,w15_step5_highpass_atlas_mean_trace,22.0,atlas_region_mean_trace,atlas_region_mean_trace_meanfc_modules,,
Drosophila,2018-10-19_2,SMP_R,0.3024836538206969,0.5403980088524799,0.2252066628128222,0.7703984414293685,10.243664547780448,0.0371208283304936,0.916851267566847,side key,w15_step5_highpass_atlas_mean_trace,21.0,atlas_region_mean_trace,atlas_region_mean_trace_meanfc_modules,,
Drosophila,2018-10-19_2,SPS_R,0.285790932504779,0.6108797741206209,0.2405844723733569,0.8121381953415076,9.365852161798523,0.0352871532472028,0.9582017711279804,side key,w15_step5_highpass_atlas_mean_trace,12.0,atlas_region_mean_trace,atlas_region_mean_trace_meanfc_modules,,
Drosophila,2018-10-19_2,VES_R,0.2875343220996864,0.651584347497488,0.205067319038722,0.7879019692722435,9.635430856580792,0.0386918288554467,0.9688223710910498,side key,w15_step5_highpass_atlas_mean_trace,6.0,atlas_region_mean_trace,atlas_region_mean_trace_meanfc_modules,,
Drosophila,2018-10-19_2,WED_R,0.2693710726255733,0.814077919691981,0.097969435638293,0.7023369601376189,6.779133412159991,0.0334869069594434,0.9943313622350012,side key,w15_step5_highpass_atlas_mean_trace,1.0,atlas_region_mean_trace,atlas_region_mean_trace_meanfc_modules,,
Drosophila,2018-10-19_2,AL_L,0.3040489346035221,0.6246818865660756,0.1570860795253868,0.5928668167813798,4.447279046415274,0.0325265727732742,0.9384945558081916,side key,w15_step5_highpass_atlas_mean_trace,22.0,atlas_region_mean_trace,atlas_region_mean_trace_meanfc_modules,,
Drosophila,2018-10-19_2,AME_L,0.2677853689444803,0.86678445642357,0.0448832137345073,0.6519565486515664,4.840281736891171,0.0331371890931898,0.994627488686881,side key,w15_step5_highpass_atlas_mean_trace,1.0,atlas_region_mean_trace,atlas_region_mean_trace_meanfc_modules,,
Drosophila,2018-10-19_2,AMMC_L,0.2834179235228586,0.6802803181410603,0.1767415770982693,0.7353006679483733,6.357283747230355,0.0338602663793955,0.973823147916395,side key,w15_step5_highpass_atlas_mean_trace,4.0,atlas_region_mean_trace,atlas_region_mean_trace_meanfc_modules,,
Drosophila,2018-10-19_2,ATL_L,0.2995137532385736,0.6093109909259554,0.1508055721424291,0.7961869866765436,10.134436176183502,0.0295581546230586,0.9452002356187816,side key,w15_step5_highpass_atlas_mean_trace,1.0,atlas_region_mean_trace,atlas_region_mean_trace_meanfc_modules,,
Drosophila,2018-10-19_2,AVLP_L,0.3007797410501167,0.5687193194743668,0.1717855745804394,0.738135507909119,9.38200736542955,0.0416458987769498,0.9429795360065134,side key,w15_step5_highpass_atlas_mean_trace,34.0,atlas_region_mean_trace,atlas_region_mean_trace_meanfc_modules,,
Drosophila,2018-10-19_2,CRE_L,0.2889831279838199,0.5352291627490606,0.1492308021022368,0.6216809421658294,4.389124261067658,0.0303042777709069,0.9138015668329028,side key,w15_step5_highpass_atlas_mean_trace,10.0,atlas_region_mean_trace,atlas_region_mean_trace_meanfc_modules,,
Drosophila,2018-10-19_2,EPA_L,0.26778686034946,0.7097338757987738,0.130730077205895,0.645747505984915,4.059002562104245,0.0333855886973944,0.9834077267169556,side key,w15_step5_highpass_atlas_mean_trace,1.0,atlas_region_mean_trace,atlas_region_mean_trace_meanfc_modules,,
Drosophila,2018-10-19_2,GA_L,0.2884850721499613,0.5641447085025925,0.0665066853832559,0.7131660127608761,8.564597974125888,0.0324614621726213,0.9638327720901556,side key,w15_step5_highpass_atlas_mean_trace,1.0,atlas_region_mean_trace,atlas_region_mean_trace_meanfc_modules,,
Drosophila,2018-10-19_2,GOR_L,0.2745204635113421,0.7121121287447919,0.125895997289953,0.7008211150267022,4.738944438625952,0.035543566002609,0.985218119365664,side key,w15_step5_highpass_atlas_mean_trace,1.0,atlas_region_mean_trace,atlas_region_mean_trace_meanfc_modules,,
Drosophila,2018-10-19_2,IB_L,0.2773269717754771,0.6621042517042878,0.1620499639748034,0.6633716691583462,5.445037078813,0.0349052224417662,0.9765328989535762,side key,w15_step5_highpass_atlas_mean_trace,3.0,atlas_region_mean_trace,atlas_region_mean_trace_meanfc_modules,,
Drosophila,2018-10-19_2,ICL_L,0.3127379093928321,0.5178620999954912,0.1857516853115577,0.826607630945487,9.579884518484308,0.0307634053498149,0.9155849760449036,side key,w15_step5_highpass_atlas_mean_trace,8.0,atlas_region_mean_trace,atlas_region_mean_trace_meanfc_modules,,
Drosophila,2018-10-19_2,IPS_L,0.2846457233894627,0.6368420329260011,0.2194465049184319,0.7957452425303222,10.284282603308556,0.0360261717024747,0.9604341419985089,side key,w15_step5_highpass_atlas_mean_trace,8.0,atlas_region_mean_trace,atlas_region_mean_trace_meanfc_modules,,
Drosophila,2018-10-19_2,IVLP_L,0.2882318130244468,0.6615222514238723,0.172113333640741,0.760659535252338,8.509667301823722,0.043042511767063,0.9720366015263728,side key,w15_step5_highpass_atlas_mean_trace,7.0,atlas_region_mean_trace,atlas_region_mean_trace_meanfc_modules,,
Drosophila,2018-10-19_2,LAL_L,0.2857666144164614,0.6093071852075672,0.1886587152473811,0.6955542748005217,3.5542169296380406,0.0332835124028843,0.9527167394123156,side key,w15_step5_highpass_atlas_mean_trace,5.0,atlas_region_mean_trace,atlas_region_mean_trace_meanfc_modules,,
Drosophila,2018-10-19_2,LB_L,0.275051411774923,0.7855266482057001,0.0705334165687799,0.6785081222670447,3.724139637038408,0.0347584952487332,0.9893543498974424,side key,w15_step5_highpass_atlas_mean_trace,1.0,atlas_region_mean_trace,atlas_region_mean_trace_meanfc_modules,,
Drosophila,2018-10-19_2,LH_L,0.29254857391283,0.5944844107740684,0.1229027376754697,0.7283661102486636,8.39096118016615,0.0404206573401597,0.949800679718806,side key,w15_step5_highpass_atlas_mean_trace,11.0,atlas_region_mean_trace,atlas_region_mean_trace_meanfc_modules,,
Drosophila,2018-10-19_2,LO_L,0.2732821276122515,0.7989178636389812,0.0473188158939163,0.6381501023277929,5.296974874252873,0.0357162591220339,0.9935759694325796,side key,w15_step5_highpass_atlas_mean_trace,23.0,atlas_region_mean_trace,atlas_region_mean_trace_meanfc_modules,,
Drosophila,2018-10-19_2,MB_L,0.2886593390775529,0.5508587103851331,0.2318474637064276,0.7169358924105302,6.998896244136352,0.0316387810250968,0.9155489898375042,side key,w15_step5_highpass_atlas_mean_trace,16.0,atlas_region_mean_trace,atlas_region_mean_trace_meanfc_modules,,
Drosophila,2018-10-19_2,ME_L,0.2704354759015002,0.8425418231470083,0.0659499016486557,0.6749652210381174,4.924923363787984,0.033990581638473,0.99532616348438,side key,w15_step5_highpass_atlas_mean_trace,17.0,atlas_region_mean_trace,atlas_region_mean_trace_meanfc_modules,,
Drosophila,2018-10-19_2,OTU_L,0.3050222835154534,0.5526173065267442,0.1565122167570652,0.7588995708986455,8.523857540774483,0.0403954987215974,0.9205457002407202,side key,w15_step5_highpass_atlas_mean_trace,4.0,atlas_region_mean_trace,atlas_region_mean_trace_meanfc_modules,,
Drosophila,2018-10-19_2,PLP_L,0.2825319440223149,0.6081993973028865,0.2150081581694331,0.7661205897240423,9.222755482685765,0.0389638793213205,0.9544195949182864,side key,w15_step5_highpass_atlas_mean_trace,13.0,atlas_region_mean_trace,atlas_region_mean_trace_meanfc_modules,,
Drosophila,2018-10-19_2,PVLP_L,0.2815836961334016,0.6396459208652338,0.2069056065304388,0.7439906605642357,8.578409076951324,0.0375080192603882,0.9637465379218344,side key,w15_step5_highpass_atlas_mean_trace,11.0,atlas_region_mean_trace,atlas_region_mean_trace_meanfc_modules,,
Drosophila,2018-10-19_2,SCL_L,0.3200613149417575,0.5346907380939293,0.1757992419166719,0.828001211811551,10.957655285202856,0.0297236067712309,0.8888413588215195,side key,w15_step5_highpass_atlas_mean_trace,8.0,atlas_region_mean_trace,atlas_region_mean_trace_meanfc_modules,,
Drosophila,2018-10-19_2,SIP_L,0.3276246399738882,0.5705071272598704,0.1575633705261025,0.8204841575511864,10.087505196701668,0.0332770110463932,0.9093686409911862,side key,w15_step5_highpass_atlas_mean_trace,7.0,atlas_region_mean_trace,atlas_region_mean_trace_meanfc_modules,,
Drosophila,2018-10-19_2,SLP_L,0.3261651714506599,0.5271578566256546,0.1909816999469358,0.8436566096791385,12.839521923506048,0.0343178781982944,0.8983831426616216,side key,w15_step5_highpass_atlas_mean_trace,23.0,atlas_region_mean_trace,atlas_region_mean_trace_meanfc_modules,,
Drosophila,2018-10-19_2,SMP_L,0.3116597811057145,0.6031054546750226,0.234461478091918,0.8181561284622563,13.732487847455548,0.0313612646594063,0.9343770410587332,side key,w15_step5_highpass_atlas_mean_trace,22.0,atlas_region_mean_trace,atlas_region_mean_trace_meanfc_modules,,
Drosophila,2018-10-19_2,SPS_L,0.2804406128166599,0.6272081015827653,0.2438954762091186,0.7969542431970861,9.212854728695111,0.0355065624870698,0.9656338759955706,side key,w15_step5_highpass_atlas_mean_trace,15.0,atlas_region_mean_trace,atlas_region_mean_trace_meanfc_modules,,
Drosophila,2018-10-19_2,VES_L,0.289273088006763,0.6675401504965093,0.2003559070006015,0.7149289143992797,6.053312147519603,0.0345981775525771,0.9622222621971268,side key,w15_step5_highpass_atlas_mean_trace,6.0,atlas_region_mean_trace,atlas_region_mean_trace_meanfc_modules,,
Drosophila,2018-10-19_2,WED_L,0.2661476048911667,0.8218098503192023,0.0750079314566833,0.6179658477173309,4.346969021475697,0.0357082176809646,0.9933640662302958,side key,w15_step5_highpass_atlas_mean_trace,1.0,atlas_region_mean_trace,atlas_region_mean_trace_meanfc_modules,,
Drosophila,2018-10-19_2,EB,0.2894827013123544,0.5468662749084198,0.1306080817940506,0.6908941635279253,8.859033070959908,0.0329148833553995,0.9396694148231152,side key,w15_step5_highpass_atlas_mean_trace,3.0,atlas_region_mean_trace,atlas_region_mean_trace_meanfc_modules,,
Drosophila,2018-10-19_2,FB,0.2905868410510225,0.5373738957419474,0.1677548365819306,0.6956552224443988,5.129891819817898,0.0331487361890628,0.9218533160722018,side key,w15_step5_highpass_atlas_mean_trace,13.0,atlas_region_mean_trace,atlas_region_mean_trace_meanfc_modules,,
Drosophila,2018-10-19_2,FLA,0.2937662888678315,0.6733401581477444,0.1924931839768301,0.8030923572956989,10.663023072737154,0.0363082277503555,0.9734555074443112,side key,w15_step5_highpass_atlas_mean_trace,6.0,atlas_region_mean_trace,atlas_region_mean_trace_meanfc_modules,,
Drosophila,2018-10-19_2,NO,0.2770013764933599,0.7455658578649847,0.0947033339649673,0.6418266753282031,5.607054476295289,0.0361194626857566,0.9918349147893404,side key,w15_step5_highpass_atlas_mean_trace,1.0,atlas_region_mean_trace,atlas_region_mean_trace_meanfc_modules,,
Drosophila,2018-10-19_2,PB,0.2847822379201858,0.6345821764626561,0.151269059344599,0.7344669635702056,8.18787278964636,0.0331886321237575,0.9616932026515228,side key,w15_step5_highpass_atlas_mean_trace,1.0,atlas_region_mean_trace,atlas_region_mean_trace_meanfc_modules,,
Drosophila,2018-10-19_2,PRW,0.2788157637243667,0.6988371408500899,0.1332571041859852,0.6395090651718175,4.359166377025403,0.0343146741839562,0.980517824972848,side key,w15_step5_highpass_atlas_mean_trace,7.0,atlas_region_mean_trace,atlas_region_mean_trace_meanfc_modules,,
Drosophila,2018-10-19_2,SAD,0.2962649416801053,0.5736114579403668,0.244387819023099,0.8203984198922036,8.614504436860603,0.0364284405208533,0.9518403185586476,side key,w15_step5_highpass_atlas_mean_trace,20.0,atlas_region_mean_trace,atlas_region_mean_trace_meanfc_modules,,
Drosophila,2018-10-19_2,SOG,0.297861552184141,0.6021978830217064,0.24948927770561,0.7866092411388517,6.9993024734235885,0.0340511006042011,0.9418957348022624,side key,w15_step5_highpass_atlas_mean_trace,71.0,atlas_region_mean_trace,atlas_region_mean_trace_meanfc_modules,,
Drosophila,2018-10-20_1,AL_R,0.3284961266943943,0.7468294289268151,0.1447039461361935,0.8085236373422566,6.047767347672526,0.0278105561117707,0.9770124033114144,side key,w15_step5_highpass_atlas_mean_trace,23.0,atlas_region_mean_trace,atlas_region_mean_trace_meanfc_modules,,
Drosophila,2018-10-20_1,AME_R,0.290915403297282,0.8859804194360779,0.0480966545898648,0.6984883773610097,1.9013994950774449,0.0246004060329362,0.9947592925048906,side key,w15_step5_highpass_atlas_mean_trace,1.0,atlas_region_mean_trace,atlas_region_mean_trace_meanfc_modules,,
Drosophila,2018-10-20_1,AMMC_R,0.3074817893921072,0.8202816110892993,0.0952078772764807,0.8055873433347958,4.894603626565366,0.0249456920382225,0.9959705720009032,side key,w15_step5_highpass_atlas_mean_trace,4.0,atlas_region_mean_trace,atlas_region_mean_trace_meanfc_modules,,
Drosophila,2018-10-20_1,ATL_R,0.3210036723545614,0.7750033295494781,0.1304127845241494,0.8248558455622439,10.808168177024251,0.0236972628149368,0.9904477189899996,side key,w15_step5_highpass_atlas_mean_trace,1.0,atlas_region_mean_trace,atlas_region_mean_trace_meanfc_modules,,
Drosophila,2018-10-20_1,AVLP_R,0.3163324242183116,0.7674843721302035,0.138511333946603,0.8395402156919787,6.515782611507998,0.024597247290375,0.9849308264855484,side key,w15_step5_highpass_atlas_mean_trace,28.0,atlas_region_mean_trace,atlas_region_mean_trace_meanfc_modules,,
Drosophila,2018-10-20_1,CRE_R,0.3244458929031112,0.7613771061813986,0.1360505414968775,0.8177537315766091,5.8192480603866334,0.025180123903763,0.981696316154776,side key,w15_step5_highpass_atlas_mean_trace,8.0,atlas_region_mean_trace,atlas_region_mean_trace_meanfc_modules,,
Drosophila,2018-10-20_1,EPA_R,0.3084891901002225,0.8076006081307842,0.0851631967924518,0.7606828313525735,4.664950309153824,0.0248856701388491,0.993292694985818,side key,w15_step5_highpass_atlas_mean_trace,1.0,atlas_region_mean_trace,atlas_region_mean_trace_meanfc_modules,,
Drosophila,2018-10-20_1,GA_R,0.3042160137601761,0.8512004903381938,0.044043138523436,0.7074142267816784,2.515985557608701,0.0237731189547689,0.9918680669618044,side key,w15_step5_highpass_atlas_mean_trace,1.0,atlas_region_mean_trace,atlas_region_mean_trace_meanfc_modules,,
Drosophila,2018-10-20_1,GOR_R,0.3073130980769538,0.8105704137559318,0.0971031867350785,0.7838286133066511,4.702208367139131,0.0247612463570005,0.993374196247849,side key,w15_step5_highpass_atlas_mean_trace,1.0,atlas_region_mean_trace,atlas_region_mean_trace_meanfc_modules,,
Drosophila,2018-10-20_1,IB_R,0.3215752622243406,0.7654933124192627,0.1450800953592347,0.8405613088048639,10.727972743546236,0.0263804470182867,0.9902086944783874,side key,w15_step5_highpass_atlas_mean_trace,4.0,atlas_region_mean_trace,atlas_region_mean_trace_meanfc_modules,,
Drosophila,2018-10-20_1,ICL_R,0.3280035152382489,0.7534384287740579,0.1664063456906322,0.8574825221614353,12.225029797915004,0.0270867076532369,0.9844365726601,side key,w15_step5_highpass_atlas_mean_trace,8.0,atlas_region_mean_trace,atlas_region_mean_trace_meanfc_modules,,
Drosophila,2018-10-20_1,IPS_R,0.3307194484122258,0.7468937327831956,0.1603365068273731,0.8656741995771636,11.735319289189915,0.0242591534538873,0.9858958042874664,side key,w15_step5_highpass_atlas_mean_trace,11.0,atlas_region_mean_trace,atlas_region_mean_trace_meanfc_modules,,
Drosophila,2018-10-20_1,IVLP_R,0.310772476549176,0.8255309890093622,0.1011692395527575,0.8094293803602176,3.315484374274232,0.0229522542584797,0.9958144148214088,side key,w15_step5_highpass_atlas_mean_trace,5.0,atlas_region_mean_trace,atlas_region_mean_trace_meanfc_modules,,
Drosophila,2018-10-20_1,LAL_R,0.3267065697202068,0.8041845551991267,0.1244832331173661,0.7791277995197734,6.339278657507967,0.0265741876589789,0.9813172716732113,side key,w15_step5_highpass_atlas_mean_trace,9.0,atlas_region_mean_trace,atlas_region_mean_trace_meanfc_modules,,
Drosophila,2018-10-20_1,LB_R,0.2906299074743935,0.8433424598438993,0.0714268520121905,0.7518572579103183,3.9013563342490345,0.0208461513889152,0.9965565374544334,side key,w15_step5_highpass_atlas_mean_trace,1.0,atlas_region_mean_trace,atlas_region_mean_trace_meanfc_modules,,
Drosophila,2018-10-20_1,LH_R,0.3079373423254375,0.8385946062308154,0.0889177973588386,0.7952119595977711,4.888283497786783,0.0228768645964193,0.9951458777525316,side key,w15_step5_highpass_atlas_mean_trace,14.0,atlas_region_mean_trace,atlas_region_mean_trace_meanfc_modules,,
Drosophila,2018-10-20_1,LO_R,0.2975674138972635,0.8742830692118159,0.0517462662739071,0.7709404676870274,3.4211728100624006,0.0240075776599725,0.995286618135595,side key,w15_step5_highpass_atlas_mean_trace,28.0,atlas_region_mean_trace,atlas_region_mean_trace_meanfc_modules,,
Drosophila,2018-10-20_1,LOP_R,0.2902863609367359,0.893116795866467,0.0412606835092901,0.7562646860160619,2.1920097074122795,0.0247460293595617,0.99680663820989,side key,w15_step5_highpass_atlas_mean_trace,1.0,atlas_region_mean_trace,atlas_region_mean_trace_meanfc_modules,,
Drosophila,2018-10-20_1,MB_R,0.3308934937618668,0.7080257003793047,0.1401016914075097,0.7898439275901508,6.988998884726325,0.0257413930114489,0.9742144851546736,side key,w15_step5_highpass_atlas_mean_trace,16.0,atlas_region_mean_trace,atlas_region_mean_trace_meanfc_modules,,
Drosophila,2018-10-20_1,ME_R,0.298683212553694,0.8627662201362186,0.0638280387506915,0.7932418467753659,3.381673405586316,0.0245572210034768,0.9957161174161584,side key,w15_step5_highpass_atlas_mean_trace,24.0,atlas_region_mean_trace,atlas_region_mean_trace_meanfc_modules,,
Drosophila,2018-10-20_1,OTU_R,0.3169366487361125,0.7344821971408745,0.147712896864356,0.8138877920474317,12.256470912345543,0.0255089766974525,0.9766872337163478,side key,w15_step5_highpass_atlas_mean_trace,3.0,atlas_region_mean_trace,atlas_region_mean_trace_meanfc_modules,,
Drosophila,2018-10-20_1,PLP_R,0.3130757722643036,0.7970405888512794,0.1347322755271383,0.8346229231680148,5.829934537803475,0.0246292215237409,0.9912792208830552,side key,w15_step5_highpass_atlas_mean_trace,15.0,atlas_region_mean_trace,atlas_region_mean_trace_meanfc_modules,,
Drosophila,2018-10-20_1,PVLP_R,0.3092684645373274,0.7965512450718512,0.1284306190345899,0.8065182422759329,4.995276842254573,0.0239311277245876,0.9936492398054708,side key,w15_step5_highpass_atlas_mean_trace,17.0,atlas_region_mean_trace,atlas_region_mean_trace_meanfc_modules,,
Drosophila,2018-10-20_1,SCL_R,0.323328980221272,0.7515031848899151,0.1474715684057998,0.8068825691338517,8.643225421206733,0.0247594088242134,0.9796791543845436,side key,w15_step5_highpass_atlas_mean_trace,6.0,atlas_region_mean_trace,atlas_region_mean_trace_meanfc_modules,,
Drosophila,2018-10-20_1,SIP_R,0.3230906236436164,0.7161988235368707,0.1576077012732511,0.8043237329591377,12.95424714659664,0.0244345112609625,0.9726784042258748,side key,w15_step5_highpass_atlas_mean_trace,6.0,atlas_region_mean_trace,atlas_region_mean_trace_meanfc_modules,,
Drosophila,2018-10-20_1,SLP_R,0.3301584668038718,0.764436936973125,0.1481019228099513,0.8445295610246379,8.97168373378383,0.0238964935156717,0.9781794792853415,side key,w15_step5_highpass_atlas_mean_trace,22.0,atlas_region_mean_trace,atlas_region_mean_trace_meanfc_modules,,
Drosophila,2018-10-20_1,SMP_R,0.3345707690784186,0.6998966098216545,0.18750020796559,0.865391192235512,12.365493562968432,0.026715391888057,0.9721008617599988,side key,w15_step5_highpass_atlas_mean_trace,21.0,atlas_region_mean_trace,atlas_region_mean_trace_meanfc_modules,,
Drosophila,2018-10-20_1,SPS_R,0.3284071612514431,0.7435427756781993,0.1505319453151496,0.837963617646406,10.63341931269978,0.0257734277360656,0.9893729998295748,side key,w15_step5_highpass_atlas_mean_trace,12.0,atlas_region_mean_trace,atlas_region_mean_trace_meanfc_modules,,
Drosophila,2018-10-20_1,VES_R,0.3156755018467703,0.7841452858708451,0.1354068647663452,0.8443821828599214,6.556346182980825,0.0265612421483682,0.98943212028559,side key,w15_step5_highpass_atlas_mean_trace,6.0,atlas_region_mean_trace,atlas_region_mean_trace_meanfc_modules,,
Drosophila,2018-10-20_1,WED_R,0.2982010936629885,0.8522473124010306,0.0373727104442313,0.7644742330921596,3.738703735200336,0.0237836788911096,0.9959714138592972,side key,w15_step5_highpass_atlas_mean_trace,1.0,atlas_region_mean_trace,atlas_region_mean_trace_meanfc_modules,,
Drosophila,2018-10-20_1,AL_L,0.3313716898671438,0.7467113222632487,0.1627692232121481,0.8583796955692857,10.084673402963716,0.025753832651309,0.984518489495731,side key,w15_step5_highpass_atlas_mean_trace,22.0,atlas_region_mean_trace,atlas_region_mean_trace_meanfc_modules,,
Drosophila,2018-10-20_1,AME_L,0.2925698283306528,0.8768731423208581,0.0487648530627626,0.7393244543580627,1.5137271178544558,0.023381525584418,0.9954563901857516,side key,w15_step5_highpass_atlas_mean_trace,1.0,atlas_region_mean_trace,atlas_region_mean_trace_meanfc_modules,,
Drosophila,2018-10-20_1,AMMC_L,0.3112527744403026,0.8334498383060784,0.0979019716496813,0.814718969962187,3.1698843179940948,0.0236698485084473,0.9865424739565593,side key,w15_step5_highpass_atlas_mean_trace,4.0,atlas_region_mean_trace,atlas_region_mean_trace_meanfc_modules,,
Drosophila,2018-10-20_1,ATL_L,0.3195940615997258,0.7512784204166404,0.1138981213404193,0.8408252598515333,9.955345322495749,0.0237789340342038,0.9909384442098496,side key,w15_step5_highpass_atlas_mean_trace,1.0,atlas_region_mean_trace,atlas_region_mean_trace_meanfc_modules,,
Drosophila,2018-10-20_1,AVLP_L,0.3292599663084176,0.7431307938712783,0.1557769567877729,0.8184740200929341,7.015309904076789,0.024621369916502,0.9740711211861596,side key,w15_step5_highpass_atlas_mean_trace,34.0,atlas_region_mean_trace,atlas_region_mean_trace_meanfc_modules,,
Drosophila,2018-10-20_1,CRE_L,0.3256676853350852,0.7224050748048774,0.1563596481275195,0.8523204388001241,10.218041865816993,0.0252396004847901,0.9837403090172828,side key,w15_step5_highpass_atlas_mean_trace,10.0,atlas_region_mean_trace,atlas_region_mean_trace_meanfc_modules,,
Drosophila,2018-10-20_1,EPA_L,0.3071025954290607,0.7987166711374725,0.1132827861738937,0.8218272447169324,7.0821864936676215,0.0248710377255469,0.9941524661185906,side key,w15_step5_highpass_atlas_mean_trace,1.0,atlas_region_mean_trace,atlas_region_mean_trace_meanfc_modules,,
Drosophila,2018-10-20_1,GA_L,0.301270146333987,0.8973193322593022,0.0334833004776612,0.7713312884636374,2.703346459680735,0.023907307258957,0.9964893074256604,side key,w15_step5_highpass_atlas_mean_trace,1.0,atlas_region_mean_trace,atlas_region_mean_trace_meanfc_modules,,
Drosophila,2018-10-20_1,GOR_L,0.3123782802564786,0.7998096997530684,0.1101625416891934,0.8370346274806533,6.897535599039217,0.0253963520239925,0.992140980555842,side key,w15_step5_highpass_atlas_mean_trace,1.0,atlas_region_mean_trace,atlas_region_mean_trace_meanfc_modules,,
Drosophila,2018-10-20_1,IB_L,0.3232951877542951,0.7647962300533122,0.1441650877434977,0.8200870210042925,10.403443423407383,0.0248524890850027,0.9864448392808128,side key,w15_step5_highpass_atlas_mean_trace,3.0,atlas_region_mean_trace,atlas_region_mean_trace_meanfc_modules,,
Drosophila,2018-10-20_1,ICL_L,0.3242551060063888,0.7725902650660808,0.1416803508188331,0.8178651704745135,7.875510866219178,0.0270142547808913,0.9872778257543056,side key,w15_step5_highpass_atlas_mean_trace,8.0,atlas_region_mean_trace,atlas_region_mean_trace_meanfc_modules,,
Drosophila,2018-10-20_1,IPS_L,0.3284687209392047,0.7500049785897211,0.1623123112810998,0.8673652364828544,9.755605032278195,0.0259159827817087,0.985647384681146,side key,w15_step5_highpass_atlas_mean_trace,8.0,atlas_region_mean_trace,atlas_region_mean_trace_meanfc_modules,,
Drosophila,2018-10-20_1,IVLP_L,0.3267484434769244,0.7514744428238801,0.1497792784480137,0.8499790711390353,8.44946621680587,0.0249131190723933,0.9867355292231336,side key,w15_step5_highpass_atlas_mean_trace,7.0,atlas_region_mean_trace,atlas_region_mean_trace_meanfc_modules,,
Drosophila,2018-10-20_1,LAL_L,0.3240619449031524,0.7736720521946487,0.1492393274764291,0.8232570998788526,7.974597891488824,0.0244991073363349,0.9857531521928704,side key,w15_step5_highpass_atlas_mean_trace,5.0,atlas_region_mean_trace,atlas_region_mean_trace_meanfc_modules,,
Drosophila,2018-10-20_1,LB_L,0.3032453908131978,0.8772899561567091,0.0443743613627763,0.7907650854401141,2.8087021868508484,0.022671571801633,0.9955349664251524,side key,w15_step5_highpass_atlas_mean_trace,1.0,atlas_region_mean_trace,atlas_region_mean_trace_meanfc_modules,,
Drosophila,2018-10-20_1,LH_L,0.3204718974712352,0.7514559423405662,0.1358475744645747,0.8156785437639172,11.465087211192234,0.0245453789924138,0.9796193945115244,side key,w15_step5_highpass_atlas_mean_trace,11.0,atlas_region_mean_trace,atlas_region_mean_trace_meanfc_modules,,
Drosophila,2018-10-20_1,LO_L,0.2927913074544742,0.8714049026320915,0.0613318036694145,0.6939496655584244,3.396504418716441,0.0242848301048348,0.9947439228065108,side key,w15_step5_highpass_atlas_mean_trace,23.0,atlas_region_mean_trace,atlas_region_mean_trace_meanfc_modules,,
Drosophila,2018-10-20_1,MB_L,0.3328709085040137,0.7080750202651609,0.1805856045756887,0.8739337323635038,11.389809467199926,0.0253918916388958,0.9800152264650944,side key,w15_step5_highpass_atlas_mean_trace,16.0,atlas_region_mean_trace,atlas_region_mean_trace_meanfc_modules,,
Drosophila,2018-10-20_1,ME_L,0.2881683340334897,0.8802549376036041,0.0620531818902015,0.7238204558867162,3.87100253967728,0.02316049252878,0.9959545875473332,side key,w15_step5_highpass_atlas_mean_trace,17.0,atlas_region_mean_trace,atlas_region_mean_trace_meanfc_modules,,
Drosophila,2018-10-20_1,OTU_L,0.3232464490969127,0.7359005778983777,0.1315402990164043,0.8218290946310213,8.555670056498014,0.025270170633283,0.9830188320646144,side key,w15_step5_highpass_atlas_mean_trace,4.0,atlas_region_mean_trace,atlas_region_mean_trace_meanfc_modules,,
Drosophila,2018-10-20_1,PLP_L,0.3342236323539033,0.6971478665596267,0.1570209293134504,0.8679089630301237,10.75050373746492,0.0251296253466499,0.9794279774262228,side key,w15_step5_highpass_atlas_mean_trace,13.0,atlas_region_mean_trace,atlas_region_mean_trace_meanfc_modules,,
Drosophila,2018-10-20_1,PVLP_L,0.327625961259627,0.7471210961280401,0.1264371505278612,0.8174506998841294,6.330263133785103,0.0247696807401801,0.9792797034355344,side key,w15_step5_highpass_atlas_mean_trace,11.0,atlas_region_mean_trace,atlas_region_mean_trace_meanfc_modules,,
Drosophila,2018-10-20_1,SCL_L,0.3267516332731093,0.7198254320350274,0.1572232728190123,0.8542337207340991,10.101864552399382,0.023750949623677,0.9823950441141394,side key,w15_step5_highpass_atlas_mean_trace,8.0,atlas_region_mean_trace,atlas_region_mean_trace_meanfc_modules,,
Drosophila,2018-10-20_1,SIP_L,0.3233540630445025,0.7535427046530522,0.1440477815395122,0.8425354949334874,7.903506503033048,0.0236412048475171,0.987632806103122,side key,w15_step5_highpass_atlas_mean_trace,7.0,atlas_region_mean_trace,atlas_region_mean_trace_meanfc_modules,,
Drosophila,2018-10-20_1,SLP_L,0.3349854219331545,0.7116770227156248,0.1645049145715025,0.8564820161671122,13.824497780635916,0.0245082824404379,0.9743529344251298,side key,w15_step5_highpass_atlas_mean_trace,23.0,atlas_region_mean_trace,atlas_region_mean_trace_meanfc_modules,,
Drosophila,2018-10-20_1,SMP_L,0.337604600881547,0.7065153394087333,0.194464719650628,0.8823011716261939,12.828833901058305,0.0272219356356286,0.9735797589847984,side key,w15_step5_highpass_atlas_mean_trace,22.0,atlas_region_mean_trace,atlas_region_mean_trace_meanfc_modules,,
Drosophila,2018-10-20_1,SPS_L,0.3312721924606543,0.7354512319401953,0.1740413604963088,0.8637052044467154,12.219788574163504,0.0265197772977889,0.9822144219342812,side key,w15_step5_highpass_atlas_mean_trace,15.0,atlas_region_mean_trace,atlas_region_mean_trace_meanfc_modules,,
Drosophila,2018-10-20_1,VES_L,0.323166097784362,0.8086535161474123,0.11667792277797,0.8118244408418231,5.291325712493375,0.023929959609085,0.9879004620959744,side key,w15_step5_highpass_atlas_mean_trace,6.0,atlas_region_mean_trace,atlas_region_mean_trace_meanfc_modules,,
Drosophila,2018-10-20_1,WED_L,0.3028839503590217,0.8531083650613901,0.05093955962755,0.7748490062792424,3.921173915502862,0.0240409627190797,0.9956845569472168,side key,w15_step5_highpass_atlas_mean_trace,1.0,atlas_region_mean_trace,atlas_region_mean_trace_meanfc_modules,,
Drosophila,2018-10-20_1,EB,0.3249862988769349,0.7843892752672201,0.1266168493627862,0.7867856582681546,6.039274260651652,0.025735728477409,0.9791002318692242,side key,w15_step5_highpass_atlas_mean_trace,3.0,atlas_region_mean_trace,atlas_region_mean_trace_meanfc_modules,,
Drosophila,2018-10-20_1,FB,0.3387404582778593,0.7454210637320301,0.1755900364304917,0.8771874186029548,12.2068077676639,0.0261590272353388,0.9783643104823784,side key,w15_step5_highpass_atlas_mean_trace,13.0,atlas_region_mean_trace,atlas_region_mean_trace_meanfc_modules,,
Drosophila,2018-10-20_1,FLA,0.3154302983064756,0.7923340655365687,0.0918898865638956,0.8012878356798739,2.857371847203724,0.0258768460876978,0.9859620947318986,side key,w15_step5_highpass_atlas_mean_trace,6.0,atlas_region_mean_trace,atlas_region_mean_trace_meanfc_modules,,
Drosophila,2018-10-20_1,NO,0.3094090302124,0.8449871800937063,0.1056611688128959,0.7861818354777456,3.760925702608432,0.0243900263021753,0.9950233161227728,side key,w15_step5_highpass_atlas_mean_trace,1.0,atlas_region_mean_trace,atlas_region_mean_trace_meanfc_modules,,
Drosophila,2018-10-20_1,PB,0.3185435395129339,0.7839147997638923,0.1239670623461769,0.8194711182808345,9.78275976098895,0.0241647644541731,0.9918147556944216,side key,w15_step5_highpass_atlas_mean_trace,1.0,atlas_region_mean_trace,atlas_region_mean_trace_meanfc_modules,,
Drosophila,2018-10-20_1,PRW,0.3118301236236938,0.7850710486272335,0.1329047313957762,0.8048820527334446,7.467656315135088,0.0257776462426169,0.9868161875699856,side key,w15_step5_highpass_atlas_mean_trace,7.0,atlas_region_mean_trace,atlas_region_mean_trace_meanfc_modules,,
Drosophila,2018-10-20_1,SAD,0.3243437530485635,0.7835055505922268,0.151173319524445,0.8687740762251367,8.715475542699947,0.0262571647398526,0.9864567967438436,side key,w15_step5_highpass_atlas_mean_trace,20.0,atlas_region_mean_trace,atlas_region_mean_trace_meanfc_modules,,
Drosophila,2018-10-20_1,SOG,0.3368679368702638,0.7520103449533702,0.1797570167196005,0.8889956197396616,12.149005549323949,0.024409355415555,0.98144117164572,side key,w15_step5_highpass_atlas_mean_trace,71.0,atlas_region_mean_trace,atlas_region_mean_trace_meanfc_modules,,
Drosophila,2018-10-31_1,AL_R,0.2975450127653387,0.5120659713453933,0.2280189332072428,0.5094747247750282,4.470286400755498,0.0374966176819849,0.9162633045936328,side key,w15_step5_highpass_atlas_mean_trace,23.0,atlas_region_mean_trace,atlas_region_mean_trace_meanfc_modules,,
Drosophila,2018-10-31_1,AME_R,0.275027934053436,0.8324029080513389,0.0151144162591588,0.5520875178619219,3.783643513280125,0.0324151095065797,0.9930208248539074,side key,w15_step5_highpass_atlas_mean_trace,1.0,atlas_region_mean_trace,atlas_region_mean_trace_meanfc_modules,,
Drosophila,2018-10-31_1,AMMC_R,0.2745735592468455,0.7044318020899334,0.0645199046052647,0.6094102043205214,5.5375626027409455,0.0323136697893378,0.9904761436176373,side key,w15_step5_highpass_atlas_mean_trace,4.0,atlas_region_mean_trace,atlas_region_mean_trace_meanfc_modules,,
Drosophila,2018-10-31_1,ATL_R,0.2831671416638326,0.6932818202679091,0.1171021315039824,0.5475965867000289,5.512844166931581,0.0345513191206648,0.9860202722903229,side key,w15_step5_highpass_atlas_mean_trace,1.0,atlas_region_mean_trace,atlas_region_mean_trace_meanfc_modules,,
Drosophila,2018-10-31_1,AVLP_R,0.3128832915152711,0.6171701563723405,0.1543351321852843,0.5344201734257822,3.495998479063461,0.0389249639644752,0.9412935884415646,side key,w15_step5_highpass_atlas_mean_trace,28.0,atlas_region_mean_trace,atlas_region_mean_trace_meanfc_modules,,
Drosophila,2018-10-31_1,CRE_R,0.2887646955363556,0.5032723987927414,0.2382275919892017,0.5643991506039935,4.73820305902994,0.034206784173184,0.922072158282748,side key,w15_step5_highpass_atlas_mean_trace,8.0,atlas_region_mean_trace,atlas_region_mean_trace_meanfc_modules,,
Drosophila,2018-10-31_1,EPA_R,0.2756518040008595,0.6085727316206552,0.1418249084897824,0.5470552164469297,3.469300391264652,0.0342171913038086,0.9610889344426996,side key,w15_step5_highpass_atlas_mean_trace,1.0,atlas_region_mean_trace,atlas_region_mean_trace_meanfc_modules,,
Drosophila,2018-10-31_1,GA_R,0.2717768081019632,0.7340602670183326,0.0674464716432781,0.5229681403785884,4.461049748138857,0.0340216114461463,0.994218264299459,side key,w15_step5_highpass_atlas_mean_trace,1.0,atlas_region_mean_trace,atlas_region_mean_trace_meanfc_modules,,
Drosophila,2018-10-31_1,GOR_R,0.2755397727065742,0.6239786732932582,0.1665090647934284,0.6078607718130477,2.3354003106265018,0.0358545987260427,0.9690779710695986,side key,w15_step5_highpass_atlas_mean_trace,1.0,atlas_region_mean_trace,atlas_region_mean_trace_meanfc_modules,,
Drosophila,2018-10-31_1,IB_R,0.2793764808709697,0.607594787125725,0.2151200291413144,0.6022311632722003,4.593768638652937,0.0341814079827732,0.9628631682142648,side key,w15_step5_highpass_atlas_mean_trace,4.0,atlas_region_mean_trace,atlas_region_mean_trace_meanfc_modules,,
Drosophila,2018-10-31_1,ICL_R,0.2762008784142296,0.4843753998876516,0.2118045495894046,0.5560555618763452,3.816529214007496,0.0323621275855124,0.9191396693756269,side key,w15_step5_highpass_atlas_mean_trace,8.0,atlas_region_mean_trace,atlas_region_mean_trace_meanfc_modules,,
Drosophila,2018-10-31_1,IPS_R,0.2906690126907445,0.5005858178307424,0.2042636449131492,0.6080590842696831,6.029972224518009,0.0392251547112081,0.92073236171949,side key,w15_step5_highpass_atlas_mean_trace,11.0,atlas_region_mean_trace,atlas_region_mean_trace_meanfc_modules,,
Drosophila,2018-10-31_1,IVLP_R,0.2795513909131805,0.5155352516628304,0.2011793128864692,0.4611215259800539,3.925417639752348,0.0369585284461662,0.9503833151926332,side key,w15_step5_highpass_atlas_mean_trace,5.0,atlas_region_mean_trace,atlas_region_mean_trace_meanfc_modules,,
Drosophila,2018-10-31_1,LAL_R,0.2868637633423878,0.5212197988173644,0.2453235918960544,0.5952524328007406,4.941895495106715,0.0306866384770533,0.9345666375281492,side key,w15_step5_highpass_atlas_mean_trace,9.0,atlas_region_mean_trace,atlas_region_mean_trace_meanfc_modules,,
Drosophila,2018-10-31_1,LB_R,0.2906981749081017,0.5938158091153233,0.0630659139317759,0.5041295832976694,5.196980932811072,0.034637714094159,0.9776679168161,side key,w15_step5_highpass_atlas_mean_trace,1.0,atlas_region_mean_trace,atlas_region_mean_trace_meanfc_modules,,
Drosophila,2018-10-31_1,LH_R,0.2997845951406932,0.6181310529347296,0.1342571632550702,0.5757593587583456,3.594196926167148,0.0402596636099273,0.963350329209422,side key,w15_step5_highpass_atlas_mean_trace,14.0,atlas_region_mean_trace,atlas_region_mean_trace_meanfc_modules,,
Drosophila,2018-10-31_1,LO_R,0.2780657598524946,0.8186582047943582,0.0537810620550727,0.5939624518619641,4.373369331269448,0.0380931262656341,0.9960820493272128,side key,w15_step5_highpass_atlas_mean_trace,28.0,atlas_region_mean_trace,atlas_region_mean_trace_meanfc_modules,,
Drosophila,2018-10-31_1,LOP_R,0.2637840834246479,0.875564206394694,0.0093974379578498,0.5663417029352272,4.652227680301475,0.0326579734476425,0.9958267101850474,side key,w15_step5_highpass_atlas_mean_trace,1.0,atlas_region_mean_trace,atlas_region_mean_trace_meanfc_modules,,
Drosophila,2018-10-31_1,MB_R,0.2935247093241503,0.4546695923130316,0.250508312217735,0.4808751453461705,4.009541227157036,0.0324900640839649,0.9016195229954492,side key,w15_step5_highpass_atlas_mean_trace,16.0,atlas_region_mean_trace,atlas_region_mean_trace_meanfc_modules,,
Drosophila,2018-10-31_1,ME_R,0.2932883425293523,0.5850540758374903,0.1493037288073677,0.3923483221485973,4.286172778722215,0.0370268855262398,0.9716237985695642,side key,w15_step5_highpass_atlas_mean_trace,24.0,atlas_region_mean_trace,atlas_region_mean_trace_meanfc_modules,,
Drosophila,2018-10-31_1,OTU_R,0.2902508079109065,0.5787850122095287,0.1230080454830212,0.5617844324264681,4.1570242580940056,0.0324630032275809,0.9588114448395624,side key,w15_step5_highpass_atlas_mean_trace,3.0,atlas_region_mean_trace,atlas_region_mean_trace_meanfc_modules,,
Drosophila,2018-10-31_1,PLP_R,0.2837412345950236,0.4943498721982134,0.2389852439661936,0.5994348531067673,5.348097966498017,0.0346396977494343,0.9125642063474656,side key,w15_step5_highpass_atlas_mean_trace,15.0,atlas_region_mean_trace,atlas_region_mean_trace_meanfc_modules,,
Drosophila,2018-10-31_1,PVLP_R,0.2866283926068543,0.5153139458099272,0.2508040241887487,0.5012651786907331,4.633643889966813,0.0321727026710916,0.9328586241869006,side key,w15_step5_highpass_atlas_mean_trace,17.0,atlas_region_mean_trace,atlas_region_mean_trace_meanfc_modules,,
Drosophila,2018-10-31_1,SCL_R,0.2781780914851378,0.5584278947376352,0.2358886675516855,0.553626940599655,4.446378874618985,0.0354501473290707,0.9575066222360732,side key,w15_step5_highpass_atlas_mean_trace,6.0,atlas_region_mean_trace,atlas_region_mean_trace_meanfc_modules,,
Drosophila,2018-10-31_1,SIP_R,0.2929344896649322,0.5475645274509293,0.2143486860592393,0.5902569416686297,3.66904301492144,0.0355350714377521,0.949944720912708,side key,w15_step5_highpass_atlas_mean_trace,6.0,atlas_region_mean_trace,atlas_region_mean_trace_meanfc_modules,,
Drosophila,2018-10-31_1,SLP_R,0.2821046569693973,0.4744418772230346,0.2593603071453564,0.5426708554222955,4.150825612821656,0.0333094133208586,0.9117716876344176,side key,w15_step5_highpass_atlas_mean_trace,22.0,atlas_region_mean_trace,atlas_region_mean_trace_meanfc_modules,,
Drosophila,2018-10-31_1,SMP_R,0.2815015930807648,0.467844166909685,0.2959286404874522,0.557085911650805,4.135105587860959,0.0310486788027148,0.9101896981043712,side key,w15_step5_highpass_atlas_mean_trace,21.0,atlas_region_mean_trace,atlas_region_mean_trace_meanfc_modules,,
Drosophila,2018-10-31_1,SPS_R,0.2810927987374472,0.5607617586190177,0.2272592504427124,0.571782062181319,3.64109870273048,0.0362970703908106,0.9530907886176532,side key,w15_step5_highpass_atlas_mean_trace,12.0,atlas_region_mean_trace,atlas_region_mean_trace_meanfc_modules,,
Drosophila,2018-10-31_1,VES_R,0.2883258339712877,0.5561446585878873,0.2374921565689157,0.5543908465100316,5.976387028186198,0.0355635475789831,0.9433565471485718,side key,w15_step5_highpass_atlas_mean_trace,6.0,atlas_region_mean_trace,atlas_region_mean_trace_meanfc_modules,,
Drosophila,2018-10-31_1,WED_R,0.2707671776647668,0.7544169233205541,0.0755622826121984,0.5609902564557119,4.2195433060168615,0.0355295258348851,0.9908355194323722,side key,w15_step5_highpass_atlas_mean_trace,1.0,atlas_region_mean_trace,atlas_region_mean_trace_meanfc_modules,,
Drosophila,2018-10-31_1,AL_L,0.2901440210119169,0.4813996124230159,0.2212922591122212,0.4562785918427743,3.266978762259878,0.0362561055148094,0.8983744796911864,side key,w15_step5_highpass_atlas_mean_trace,22.0,atlas_region_mean_trace,atlas_region_mean_trace_meanfc_modules,,
Drosophila,2018-10-31_1,AME_L,0.2694292856142075,0.7898190272933105,0.0494513257861412,0.6405878210889565,4.3978777809526814,0.0354834619018059,0.9946269381429232,side key,w15_step5_highpass_atlas_mean_trace,1.0,atlas_region_mean_trace,atlas_region_mean_trace_meanfc_modules,,
Drosophila,2018-10-31_1,AMMC_L,0.2796262554847845,0.7895846972140047,0.0551461617819455,0.6146253929248231,3.923532166217636,0.0375851448498109,0.9919359428454856,side key,w15_step5_highpass_atlas_mean_trace,4.0,atlas_region_mean_trace,atlas_region_mean_trace_meanfc_modules,,
Drosophila,2018-10-31_1,ATL_L,0.2798282994697237,0.6589249681868712,0.1019499666688729,0.5252316981895,5.607187735367734,0.0348796740070661,0.9893633479028352,side key,w15_step5_highpass_atlas_mean_trace,1.0,atlas_region_mean_trace,atlas_region_mean_trace_meanfc_modules,,
Drosophila,2018-10-31_1,AVLP_L,0.3208418516443488,0.6223563507266007,0.1200502647115966,0.5472208368317725,3.919431967076697,0.0363239606494333,0.9432098818290184,side key,w15_step5_highpass_atlas_mean_trace,34.0,atlas_region_mean_trace,atlas_region_mean_trace_meanfc_modules,,
Drosophila,2018-10-31_1,CRE_L,0.2897592218117198,0.4708296725834086,0.2288077284842935,0.5455285949604504,4.294694475737379,0.0345838636727685,0.9001675588780632,side key,w15_step5_highpass_atlas_mean_trace,10.0,atlas_region_mean_trace,atlas_region_mean_trace_meanfc_modules,,
Drosophila,2018-10-31_1,EPA_L,0.2696560538307168,0.5652376589956856,0.1261825923831014,0.5326972238921374,4.173230925557452,0.0358978492759481,0.9443579821187196,side key,w15_step5_highpass_atlas_mean_trace,1.0,atlas_region_mean_trace,atlas_region_mean_trace_meanfc_modules,,
Drosophila,2018-10-31_1,GA_L,0.2783036126519633,0.6061501077236207,0.0617897746182478,0.5220119704748102,3.006781442972676,0.032752547674936,0.9784713828396858,side key,w15_step5_highpass_atlas_mean_trace,1.0,atlas_region_mean_trace,atlas_region_mean_trace_meanfc_modules,,
Drosophila,2018-10-31_1,GOR_L,0.2736258163692976,0.6808350802265684,0.1377792184269896,0.5642840554334594,5.11667317774153,0.0378510728739683,0.9818013600248277,side key,w15_step5_highpass_atlas_mean_trace,1.0,atlas_region_mean_trace,atlas_region_mean_trace_meanfc_modules,,
Drosophila,2018-10-31_1,IB_L,0.2757322279905075,0.5818962634241716,0.2186166668274311,0.5127243325348583,3.418396153672885,0.0344693246308462,0.9572440830310592,side key,w15_step5_highpass_atlas_mean_trace,3.0,atlas_region_mean_trace,atlas_region_mean_trace_meanfc_modules,,
Drosophila,2018-10-31_1,ICL_L,0.2681707303001601,0.4936342928626773,0.234741919250301,0.5399525370357691,3.385021989373986,0.0306579026806239,0.915300244720496,side key,w15_step5_highpass_atlas_mean_trace,8.0,atlas_region_mean_trace,atlas_region_mean_trace_meanfc_modules,,
Drosophila,2018-10-31_1,IPS_L,0.282041819722731,0.4994717939190576,0.2020810338348252,0.5765817180139398,4.563470371600937,0.0361462001641536,0.9141200595042416,side key,w15_step5_highpass_atlas_mean_trace,8.0,atlas_region_mean_trace,atlas_region_mean_trace_meanfc_modules,,
Drosophila,2018-10-31_1,IVLP_L,0.2811824570297793,0.537180400450168,0.1571523001912828,0.4967298061838778,2.339108972232574,0.0361569597247231,0.9554737482334984,side key,w15_step5_highpass_atlas_mean_trace,7.0,atlas_region_mean_trace,atlas_region_mean_trace_meanfc_modules,,
Drosophila,2018-10-31_1,LAL_L,0.2899561054368675,0.5490681553189377,0.2360809996709447,0.54574623988166,4.090661434802742,0.0354706542054042,0.9424882662523894,side key,w15_step5_highpass_atlas_mean_trace,5.0,atlas_region_mean_trace,atlas_region_mean_trace_meanfc_modules,,
Drosophila,2018-10-31_1,LB_L,0.2843769168631485,0.4852091684229552,0.0716083303999138,0.523598313826443,3.936016743154525,0.0339938813110176,0.9245123136053436,side key,w15_step5_highpass_atlas_mean_trace,1.0,atlas_region_mean_trace,atlas_region_mean_trace_meanfc_modules,,
Drosophila,2018-10-31_1,LH_L,0.2882080629058906,0.5188477336350409,0.2289731291415419,0.5339340643965887,4.172935301889894,0.0391660032608835,0.925055136779077,side key,w15_step5_highpass_atlas_mean_trace,11.0,atlas_region_mean_trace,atlas_region_mean_trace_meanfc_modules,,
Drosophila,2018-10-31_1,LO_L,0.2795790229415818,0.7934689610095741,0.0183504857975873,0.5495342207856533,4.119318094672998,0.0334126641682978,0.9916311945153958,side key,w15_step5_highpass_atlas_mean_trace,21.0,atlas_region_mean_trace,atlas_region_mean_trace_meanfc_modules,,
Drosophila,2018-10-31_1,MB_L,0.2826301839766168,0.4507272151676675,0.277727728892478,0.4863106542679867,3.961407717774563,0.0310077586069708,0.8790230152726587,side key,w15_step5_highpass_atlas_mean_trace,16.0,atlas_region_mean_trace,atlas_region_mean_trace_meanfc_modules,,
Drosophila,2018-10-31_1,ME_L,0.2583198931711955,0.8585946251784313,0.0489710480098957,0.4993934073241105,5.980542318252984,0.037279920604237,0.9941058585917656,side key,w15_step5_highpass_atlas_mean_trace,18.0,atlas_region_mean_trace,atlas_region_mean_trace_meanfc_modules,,
Drosophila,2018-10-31_1,OTU_L,0.2768840216343319,0.566337223604158,0.1875713856366496,0.5513397857160274,3.434379196179011,0.0326015129952781,0.9621904988929876,side key,w15_step5_highpass_atlas_mean_trace,4.0,atlas_region_mean_trace,atlas_region_mean_trace_meanfc_modules,,
Drosophila,2018-10-31_1,PLP_L,0.2885287509870087,0.4726047262620295,0.2638321716753652,0.5713425510784267,4.733566808490561,0.0356725302924476,0.8955290106765965,side key,w15_step5_highpass_atlas_mean_trace,13.0,atlas_region_mean_trace,atlas_region_mean_trace_meanfc_modules,,
Drosophila,2018-10-31_1,PVLP_L,0.287316538972828,0.4795185920265677,0.2321925933734924,0.4762931499548743,5.052762223526374,0.0373663200872506,0.9029731339574824,side key,w15_step5_highpass_atlas_mean_trace,11.0,atlas_region_mean_trace,atlas_region_mean_trace_meanfc_modules,,
Drosophila,2018-10-31_1,SCL_L,0.281447067347801,0.5321416860652982,0.2506983284463191,0.5871781532679372,3.3576351156336246,0.0371583612157029,0.9357216607193428,side key,w15_step5_highpass_atlas_mean_trace,8.0,atlas_region_mean_trace,atlas_region_mean_trace_meanfc_modules,,
Drosophila,2018-10-31_1,SIP_L,0.2880139215969637,0.5894025058457877,0.174948879362382,0.6127538066310363,5.305239044405501,0.0368712071960554,0.9599743708839948,side key,w15_step5_highpass_atlas_mean_trace,7.0,atlas_region_mean_trace,atlas_region_mean_trace_meanfc_modules,,
Drosophila,2018-10-31_1,SLP_L,0.2750264972358019,0.4987845071343596,0.2530389878466857,0.4750310022137492,5.286140398985593,0.0326815646627466,0.9265027561305152,side key,w15_step5_highpass_atlas_mean_trace,23.0,atlas_region_mean_trace,atlas_region_mean_trace_meanfc_modules,,
Drosophila,2018-10-31_1,SMP_L,0.2812699041873837,0.4933171706426766,0.2708113375160861,0.5236611352083868,3.4119013860605047,0.0319292428627026,0.9114295494288592,side key,w15_step5_highpass_atlas_mean_trace,22.0,atlas_region_mean_trace,atlas_region_mean_trace_meanfc_modules,,
Drosophila,2018-10-31_1,SPS_L,0.2794089056379731,0.5820728038401094,0.2255357174672725,0.5221451612212822,4.464417110748126,0.0326417041794117,0.9528348336574674,side key,w15_step5_highpass_atlas_mean_trace,15.0,atlas_region_mean_trace,atlas_region_mean_trace_meanfc_modules,,
Drosophila,2018-10-31_1,VES_L,0.2871292295799916,0.515921952157114,0.2296877234955103,0.5452324133389829,4.343989068394215,0.0359806672173672,0.9221663528441264,side key,w15_step5_highpass_atlas_mean_trace,6.0,atlas_region_mean_trace,atlas_region_mean_trace_meanfc_modules,,
Drosophila,2018-10-31_1,WED_L,0.2741310767804689,0.7790982176596648,0.0733593003027586,0.6101318356524177,4.153678568973084,0.0353995966484431,0.9949968447757848,side key,w15_step5_highpass_atlas_mean_trace,1.0,atlas_region_mean_trace,atlas_region_mean_trace_meanfc_modules,,
Drosophila,2018-10-31_1,EB,0.275543274039028,0.4367346683719895,0.1295967797665453,0.3852779341776882,4.220318770331689,0.0322363738110369,0.899430903160337,side key,w15_step5_highpass_atlas_mean_trace,3.0,atlas_region_mean_trace,atlas_region_mean_trace_meanfc_modules,,
Drosophila,2018-10-31_1,FB,0.2860550198089546,0.3936711170539966,0.2238018052038345,0.5777895644910271,3.228460526568579,0.0312627961801208,0.8482572684343772,side key,w15_step5_highpass_atlas_mean_trace,13.0,atlas_region_mean_trace,atlas_region_mean_trace_meanfc_modules,,
Drosophila,2018-10-31_1,FLA,0.2853860844824007,0.5689182266571461,0.1815369306197231,0.5816680613478091,7.693266090342695,0.0358342201744309,0.9645122123047388,side key,w15_step5_highpass_atlas_mean_trace,6.0,atlas_region_mean_trace,atlas_region_mean_trace_meanfc_modules,,
Drosophila,2018-10-31_1,NO,0.2775158890558359,0.5941597662314488,0.0443417676257102,0.5640252656746524,5.5745944489523085,0.0323922856792413,0.9803299734167152,side key,w15_step5_highpass_atlas_mean_trace,1.0,atlas_region_mean_trace,atlas_region_mean_trace_meanfc_modules,,
Drosophila,2018-10-31_1,PB,0.2889396125807975,0.6845734968032886,0.1441376556021952,0.6040173866229636,4.433522100710913,0.0381622274419896,0.9861339043832114,side key,w15_step5_highpass_atlas_mean_trace,1.0,atlas_region_mean_trace,atlas_region_mean_trace_meanfc_modules,,
Drosophila,2018-10-31_1,PRW,0.2821236332146035,0.7406783074074392,0.1134089861565385,0.582633131530458,4.447833021759079,0.0371868681007556,0.9915854570625716,side key,w15_step5_highpass_atlas_mean_trace,7.0,atlas_region_mean_trace,atlas_region_mean_trace_meanfc_modules,,
Drosophila,2018-10-31_1,SAD,0.2831636380931129,0.5763738693241106,0.1509087917707678,0.5830161623282136,3.836848818709477,0.0348523568968073,0.9575134627895012,side key,w15_step5_highpass_atlas_mean_trace,20.0,atlas_region_mean_trace,atlas_region_mean_trace_meanfc_modules,,
Drosophila,2018-10-31_1,SOG,0.3070164905796553,0.5148627849636815,0.18938345818398,0.6566687778395125,5.033165906984652,0.0356369820520389,0.9124829730663656,side key,w15_step5_highpass_atlas_mean_trace,71.0,atlas_region_mean_trace,atlas_region_mean_trace_meanfc_modules,,
Drosophila,2018-11-03_2,AL_R,0.2835497354781543,0.6558586404532296,0.140439434319771,0.7191123763135115,4.701177768528484,0.0213226254792541,0.9540131868703152,side key,w15_step5_highpass_atlas_mean_trace,23.0,atlas_region_mean_trace,atlas_region_mean_trace_meanfc_modules,,
Drosophila,2018-11-03_2,AME_R,0.2662300256164526,0.862644190398175,0.0120859896347185,0.6152393847620621,4.515601933499748,0.0208662579883606,0.9957289956053098,side key,w15_step5_highpass_atlas_mean_trace,1.0,atlas_region_mean_trace,atlas_region_mean_trace_meanfc_modules,,
Drosophila,2018-11-03_2,AMMC_R,0.2722922685669138,0.792075320166339,0.0683411240668905,0.7153091662826577,5.582598899917568,0.0223603599760378,0.9917659529828816,side key,w15_step5_highpass_atlas_mean_trace,4.0,atlas_region_mean_trace,atlas_region_mean_trace_meanfc_modules,,
Drosophila,2018-11-03_2,ATL_R,0.2714926800189732,0.7445169700705347,0.0869778136915568,0.6117326344995839,4.832266974441324,0.0219026268613017,0.992181117093261,side key,w15_step5_highpass_atlas_mean_trace,1.0,atlas_region_mean_trace,atlas_region_mean_trace_meanfc_modules,,
Drosophila,2018-11-03_2,AVLP_R,0.3022547487983023,0.7241835755293116,0.0765441979160797,0.6796816338829406,8.848273434237978,0.0208534402098552,0.9652248770865968,side key,w15_step5_highpass_atlas_mean_trace,28.0,atlas_region_mean_trace,atlas_region_mean_trace_meanfc_modules,,
Drosophila,2018-11-03_2,CRE_R,0.2834370292769082,0.544713923673771,0.1509190379667015,0.7449668886705726,4.215934226395705,0.0209983028134489,0.9011420172072389,side key,w15_step5_highpass_atlas_mean_trace,8.0,atlas_region_mean_trace,atlas_region_mean_trace_meanfc_modules,,
Drosophila,2018-11-03_2,EPA_R,0.2736818613521435,0.8356144959119765,0.052732515982192,0.696897928889506,4.886725548211416,0.0216171552408938,0.9922665827691548,side key,w15_step5_highpass_atlas_mean_trace,1.0,atlas_region_mean_trace,atlas_region_mean_trace_meanfc_modules,,
Drosophila,2018-11-03_2,GA_R,0.2762701890229165,0.7906993812127107,0.0655698407523659,0.6970174958990959,5.705018703970945,0.0203009828125402,0.9914114014064934,side key,w15_step5_highpass_atlas_mean_trace,1.0,atlas_region_mean_trace,atlas_region_mean_trace_meanfc_modules,,
Drosophila,2018-11-03_2,GOR_R,0.2751486638574104,0.7787963947040363,0.0383151227125286,0.6932204171452773,5.300092428781712,0.0199168636155782,0.99496099302079,side key,w15_step5_highpass_atlas_mean_trace,1.0,atlas_region_mean_trace,atlas_region_mean_trace_meanfc_modules,,
Drosophila,2018-11-03_2,IB_R,0.2715335520089454,0.7839666334465483,0.0982018419270549,0.7082090276668929,3.290923221373035,0.0231428018214198,0.992243551375568,side key,w15_step5_highpass_atlas_mean_trace,4.0,atlas_region_mean_trace,atlas_region_mean_trace_meanfc_modules,,
Drosophila,2018-11-03_2,ICL_R,0.2780169397321413,0.6281629755259378,0.1218479908954625,0.7112014420033858,4.134611849025319,0.0255991272957068,0.970079894022112,side key,w15_step5_highpass_atlas_mean_trace,8.0,atlas_region_mean_trace,atlas_region_mean_trace_meanfc_modules,,
Drosophila,2018-11-03_2,IPS_R,0.2920250291294815,0.7044193359368295,0.0831980781509775,0.7383106583950257,6.72724356399966,0.0226630723674865,0.9820473028133084,side key,w15_step5_highpass_atlas_mean_trace,11.0,atlas_region_mean_trace,atlas_region_mean_trace_meanfc_modules,,
Drosophila,2018-11-03_2,IVLP_R,0.2824468476366462,0.757956513198211,0.0617292878155962,0.6928389521967526,6.560169979454329,0.0224669647018313,0.9880187089651704,side key,w15_step5_highpass_atlas_mean_trace,5.0,atlas_region_mean_trace,atlas_region_mean_trace_meanfc_modules,,
Drosophila,2018-11-03_2,LAL_R,0.2897133712472305,0.7469822335044305,0.1174077169315388,0.7281349649001807,7.636351823134314,0.0225276350975834,0.987271698269962,side key,w15_step5_highpass_atlas_mean_trace,9.0,atlas_region_mean_trace,atlas_region_mean_trace_meanfc_modules,,
Drosophila,2018-11-03_2,LB_R,0.2850045494822191,0.5991414848836506,0.0592413988041831,0.7207965618765573,4.1907407585770455,0.0232692091077378,0.9647571315232332,side key,w15_step5_highpass_atlas_mean_trace,1.0,atlas_region_mean_trace,atlas_region_mean_trace_meanfc_modules,,
Drosophila,2018-11-03_2,LH_R,0.2826106132569749,0.7762026673710988,0.0620231041445697,0.7230665161720508,2.915922018349384,0.023608625627464,0.9920305406056024,side key,w15_step5_highpass_atlas_mean_trace,14.0,atlas_region_mean_trace,atlas_region_mean_trace_meanfc_modules,,
Drosophila,2018-11-03_2,LO_R,0.2703510763154635,0.8739801046599492,0.0198603327675108,0.5781261335674864,3.807633218129491,0.0214685173139744,0.9936968237460794,side key,w15_step5_highpass_atlas_mean_trace,30.0,atlas_region_mean_trace,atlas_region_mean_trace_meanfc_modules,,
Drosophila,2018-11-03_2,LOP_R,0.265007179952253,0.9254797032772256,-0.0015962742977758,0.5489249202965516,4.634267931321673,0.0201948027170252,0.9936460390817172,side key,w15_step5_highpass_atlas_mean_trace,1.0,atlas_region_mean_trace,atlas_region_mean_trace_meanfc_modules,,
Drosophila,2018-11-03_2,MB_R,0.291689968359922,0.4776335451208652,0.1707423928555517,0.704106708750109,3.808395498442651,0.0201642356478567,0.8705472306480296,side key,w15_step5_highpass_atlas_mean_trace,16.0,atlas_region_mean_trace,atlas_region_mean_trace_meanfc_modules,,
Drosophila,2018-11-03_2,ME_R,0.2882420778202135,0.8835337937614297,0.0215519637481399,0.6856732720968717,3.932822873939753,0.0231350748338829,0.993460771969572,side key,w15_step5_highpass_atlas_mean_trace,23.0,atlas_region_mean_trace,atlas_region_mean_trace_meanfc_modules,,
Drosophila,2018-11-03_2,OTU_R,0.2773447385103409,0.7917555622562635,0.0570492465879896,0.6397656354876418,4.872489836771482,0.0227420328766325,0.9918218393266324,side key,w15_step5_highpass_atlas_mean_trace,3.0,atlas_region_mean_trace,atlas_region_mean_trace_meanfc_modules,,
Drosophila,2018-11-03_2,PLP_R,0.2861787109642441,0.7113986034120181,0.0611243279799102,0.736058127948734,3.739697693696862,0.0232687022745172,0.9847228296946184,side key,w15_step5_highpass_atlas_mean_trace,15.0,atlas_region_mean_trace,atlas_region_mean_trace_meanfc_modules,,
Drosophila,2018-11-03_2,PVLP_R,0.2952377332948609,0.729936745990145,0.0554297744644217,0.7868572974576846,4.827533770534336,0.020869628812318,0.9821123957424606,side key,w15_step5_highpass_atlas_mean_trace,17.0,atlas_region_mean_trace,atlas_region_mean_trace_meanfc_modules,,
Drosophila,2018-11-03_2,SCL_R,0.2765842812871409,0.6527150990475946,0.1120066843393229,0.6488688348236247,2.6679449197522387,0.0247446123014036,0.980868877909283,side key,w15_step5_highpass_atlas_mean_trace,6.0,atlas_region_mean_trace,atlas_region_mean_trace_meanfc_modules,,
Drosophila,2018-11-03_2,SIP_R,0.2853477501265787,0.5853899238536279,0.1483716490647502,0.694353021606902,3.623962478111882,0.0219413991082778,0.9418101076692404,side key,w15_step5_highpass_atlas_mean_trace,6.0,atlas_region_mean_trace,atlas_region_mean_trace_meanfc_modules,,
Drosophila,2018-11-03_2,SLP_R,0.2930227370744144,0.7054466947755669,0.0549775780673829,0.7022247841640591,7.861719226939149,0.022233215284874,0.9868407882640026,side key,w15_step5_highpass_atlas_mean_trace,22.0,atlas_region_mean_trace,atlas_region_mean_trace_meanfc_modules,,
Drosophila,2018-11-03_2,SMP_R,0.2816701910619456,0.5379047739199248,0.1869128130675958,0.7310904531806327,3.812909236979584,0.0213975239411257,0.9251293711248916,side key,w15_step5_highpass_atlas_mean_trace,21.0,atlas_region_mean_trace,atlas_region_mean_trace_meanfc_modules,,
Drosophila,2018-11-03_2,SPS_R,0.297398868410121,0.7555801693305688,0.0677067873986752,0.709473747079202,5.207346229661055,0.0218627676391094,0.9814270370117736,side key,w15_step5_highpass_atlas_mean_trace,12.0,atlas_region_mean_trace,atlas_region_mean_trace_meanfc_modules,,
Drosophila,2018-11-03_2,VES_R,0.2877635810045174,0.7295273579757343,0.0749849174762094,0.7357370379743199,5.609338463734511,0.0205287426136954,0.9840933135945832,side key,w15_step5_highpass_atlas_mean_trace,6.0,atlas_region_mean_trace,atlas_region_mean_trace_meanfc_modules,,
Drosophila,2018-11-03_2,WED_R,0.2683721352715189,0.8753380597429985,0.0178810803743022,0.6915042362340186,5.419238370938908,0.0210918751833841,0.994032569734897,side key,w15_step5_highpass_atlas_mean_trace,1.0,atlas_region_mean_trace,atlas_region_mean_trace_meanfc_modules,,
Drosophila,2018-11-03_2,AL_L,0.2838750107564285,0.6680546664997439,0.141566978882569,0.6047619824878538,2.022390557874031,0.0229559238811933,0.9605361761393904,side key,w15_step5_highpass_atlas_mean_trace,22.0,atlas_region_mean_trace,atlas_region_mean_trace_meanfc_modules,,
Drosophila,2018-11-03_2,AME_L,0.2647803692735916,0.8862823735519646,0.0172658898167992,0.6571031232772672,3.5394537536709425,0.0217422250172649,0.9945145841593706,side key,w15_step5_highpass_atlas_mean_trace,1.0,atlas_region_mean_trace,atlas_region_mean_trace_meanfc_modules,,
Drosophila,2018-11-03_2,AMMC_L,0.2699178619514745,0.6133660167428953,0.0363489372384614,0.6054090300690841,3.029672001898545,0.0229000427470678,0.9739391600679796,side key,w15_step5_highpass_atlas_mean_trace,4.0,atlas_region_mean_trace,atlas_region_mean_trace_meanfc_modules,,
Drosophila,2018-11-03_2,ATL_L,0.2723301716320537,0.7160609311028132,0.0824616937348241,0.6661847066916207,3.494383798389521,0.0227676816863149,0.9923452974738038,side key,w15_step5_highpass_atlas_mean_trace,1.0,atlas_region_mean_trace,atlas_region_mean_trace_meanfc_modules,,
Drosophila,2018-11-03_2,AVLP_L,0.3037016126606593,0.6165742194622965,0.1092525754313074,0.6637380724207868,7.582442683883138,0.0212196520819196,0.9557779691214652,side key,w15_step5_highpass_atlas_mean_trace,34.0,atlas_region_mean_trace,atlas_region_mean_trace_meanfc_modules,,
Drosophila,2018-11-03_2,CRE_L,0.2805693625604754,0.5420800419863498,0.1512974966557725,0.6568477182102344,3.5160408938029963,0.0210968266049195,0.8974367553127409,side key,w15_step5_highpass_atlas_mean_trace,10.0,atlas_region_mean_trace,atlas_region_mean_trace_meanfc_modules,,
Drosophila,2018-11-03_2,EPA_L,0.2683075376515142,0.780596809509595,0.053215081554969,0.7080914202840832,5.174297868601577,0.022625621180486,0.9947218463426188,side key,w15_step5_highpass_atlas_mean_trace,1.0,atlas_region_mean_trace,atlas_region_mean_trace_meanfc_modules,,
Drosophila,2018-11-03_2,GA_L,0.2764276716873736,0.7465487363727781,0.0700789881853067,0.6897940206330483,6.335444466370917,0.0210191848716847,0.990723876924461,side key,w15_step5_highpass_atlas_mean_trace,1.0,atlas_region_mean_trace,atlas_region_mean_trace_meanfc_modules,,
Drosophila,2018-11-03_2,GOR_L,0.2704469430389118,0.8607834008325738,0.0610580960253727,0.690615678003478,4.001651384363231,0.020751934821336,0.994564304881316,side key,w15_step5_highpass_atlas_mean_trace,1.0,atlas_region_mean_trace,atlas_region_mean_trace_meanfc_modules,,
Drosophila,2018-11-03_2,IB_L,0.2708815812615032,0.7711417523999167,0.0919235523927461,0.6625381678741794,4.908653860883407,0.0212950013184864,0.9909723907932068,side key,w15_step5_highpass_atlas_mean_trace,3.0,atlas_region_mean_trace,atlas_region_mean_trace_meanfc_modules,,
Drosophila,2018-11-03_2,ICL_L,0.2826857112337863,0.6197600260410236,0.1263576334989571,0.7418120903247122,3.522165622541118,0.0233277549909248,0.970502732141742,side key,w15_step5_highpass_atlas_mean_trace,8.0,atlas_region_mean_trace,atlas_region_mean_trace_meanfc_modules,,
Drosophila,2018-11-03_2,IPS_L,0.2860473454296242,0.7537876867655847,0.0840609488684641,0.666880453019873,3.5487158586933365,0.0203308313399678,0.9886450208253292,side key,w15_step5_highpass_atlas_mean_trace,8.0,atlas_region_mean_trace,atlas_region_mean_trace_meanfc_modules,,
Drosophila,2018-11-03_2,IVLP_L,0.2775199021254405,0.7869003704219265,0.0815609510686422,0.6947783869662542,4.354792255133134,0.0207323458671159,0.990281518450418,side key,w15_step5_highpass_atlas_mean_trace,7.0,atlas_region_mean_trace,atlas_region_mean_trace_meanfc_modules,,
Drosophila,2018-11-03_2,LAL_L,0.2807266324812863,0.7230811159646113,0.1388772385135442,0.6930780144740615,3.3059645201449928,0.0217250103725634,0.9825831009146568,side key,w15_step5_highpass_atlas_mean_trace,5.0,atlas_region_mean_trace,atlas_region_mean_trace_meanfc_modules,,
Drosophila,2018-11-03_2,LB_L,0.2686886246036082,0.820720963226359,0.0304831371670926,0.6382096127647633,4.311486040023035,0.024007603794701,0.9935946484843636,side key,w15_step5_highpass_atlas_mean_trace,1.0,atlas_region_mean_trace,atlas_region_mean_trace_meanfc_modules,,
Drosophila,2018-11-03_2,LH_L,0.2832625653559485,0.7407452483142533,0.1065668118935489,0.64718538858986,3.221267603969117,0.0206531068832857,0.9797785509953704,side key,w15_step5_highpass_atlas_mean_trace,11.0,atlas_region_mean_trace,atlas_region_mean_trace_meanfc_modules,,
Drosophila,2018-11-03_2,LO_L,0.2634650811300678,0.8908062439321283,0.0197191223267546,0.5485831457337053,3.787587319675524,0.0210219730191988,0.99531937025962,side key,w15_step5_highpass_atlas_mean_trace,22.0,atlas_region_mean_trace,atlas_region_mean_trace_meanfc_modules,,
Drosophila,2018-11-03_2,MB_L,0.2915893826969588,0.4978254788285564,0.1749302152196454,0.6848850743120232,4.083269959538868,0.0224399693648023,0.8928445306927864,side key,w15_step5_highpass_atlas_mean_trace,16.0,atlas_region_mean_trace,atlas_region_mean_trace_meanfc_modules,,
Drosophila,2018-11-03_2,ME_L,0.2700629461124276,0.886668235802842,0.027758372886862,0.5708680851514837,4.307627682682925,0.0217874446055946,0.9959405222701218,side key,w15_step5_highpass_atlas_mean_trace,17.0,atlas_region_mean_trace,atlas_region_mean_trace_meanfc_modules,,
Drosophila,2018-11-03_2,OTU_L,0.2773820077834997,0.6775580458943242,0.1156162118377706,0.6563943702663483,3.1969397034252105,0.0230978269790566,0.9819308430008123,side key,w15_step5_highpass_atlas_mean_trace,4.0,atlas_region_mean_trace,atlas_region_mean_trace_meanfc_modules,,
Drosophila,2018-11-03_2,PLP_L,0.2778962724814512,0.7298371381854977,0.1119093300863211,0.6083864191655602,3.3677558078394148,0.0219946308918007,0.9890271062410224,side key,w15_step5_highpass_atlas_mean_trace,13.0,atlas_region_mean_trace,atlas_region_mean_trace_meanfc_modules,,
Drosophila,2018-11-03_2,PVLP_L,0.2787423271494595,0.7662555934436314,0.09236346858256,0.6883328494204112,2.792627591816358,0.0203800195246544,0.9924101890621014,side key,w15_step5_highpass_atlas_mean_trace,11.0,atlas_region_mean_trace,atlas_region_mean_trace_meanfc_modules,,
Drosophila,2018-11-03_2,SCL_L,0.2844209754610725,0.585547563558193,0.1519793760241487,0.7213989416721462,3.226392847707316,0.0218443811324973,0.9614607975860374,side key,w15_step5_highpass_atlas_mean_trace,8.0,atlas_region_mean_trace,atlas_region_mean_trace_meanfc_modules,,
Drosophila,2018-11-03_2,SIP_L,0.2813352259541837,0.6541683745340842,0.13912500571799,0.7219224799566543,3.4017476137352927,0.0224872919173697,0.9700478541083832,side key,w15_step5_highpass_atlas_mean_trace,7.0,atlas_region_mean_trace,atlas_region_mean_trace_meanfc_modules,,
Drosophila,2018-11-03_2,SLP_L,0.2767955818799386,0.6666358334258466,0.1384403129549056,0.723560081474173,2.7950899604301678,0.021451106594423,0.9792205326580528,side key,w15_step5_highpass_atlas_mean_trace,23.0,atlas_region_mean_trace,atlas_region_mean_trace_meanfc_modules,,
Drosophila,2018-11-03_2,SMP_L,0.2808213848131519,0.5420607011971887,0.1789047911149949,0.7358250891648981,4.18045686425278,0.0214314971496599,0.9332042927443572,side key,w15_step5_highpass_atlas_mean_trace,22.0,atlas_region_mean_trace,atlas_region_mean_trace_meanfc_modules,,
Drosophila,2018-11-03_2,SPS_L,0.2833967977574588,0.7083458066054974,0.1008234218909926,0.669740127132155,3.41978545927935,0.0217290684859283,0.9786917482744194,side key,w15_step5_highpass_atlas_mean_trace,15.0,atlas_region_mean_trace,atlas_region_mean_trace_meanfc_modules,,
Drosophila,2018-11-03_2,VES_L,0.2820149588916863,0.752609865000926,0.105791982000398,0.6790844644356201,2.4868988394388936,0.0214666855703297,0.984076554962152,side key,w15_step5_highpass_atlas_mean_trace,6.0,atlas_region_mean_trace,atlas_region_mean_trace_meanfc_modules,,
Drosophila,2018-11-03_2,WED_L,0.268204848408101,0.8858949752433589,0.0052420322645665,0.6300666701726515,4.653776861763373,0.0213553815837982,0.9944773444657228,side key,w15_step5_highpass_atlas_mean_trace,1.0,atlas_region_mean_trace,atlas_region_mean_trace_meanfc_modules,,
Drosophila,2018-11-03_2,EB,0.2819771369563441,0.5077580704887014,0.1071954305259603,0.627295380179298,3.8329816925612015,0.0264325650000935,0.9260320114884956,side key,w15_step5_highpass_atlas_mean_trace,3.0,atlas_region_mean_trace,atlas_region_mean_trace_meanfc_modules,,
Drosophila,2018-11-03_2,FB,0.2844811621209905,0.4933043742106024,0.1666058774350932,0.6793508750626748,2.652453293923632,0.0266969452634747,0.9145106863347938,side key,w15_step5_highpass_atlas_mean_trace,13.0,atlas_region_mean_trace,atlas_region_mean_trace_meanfc_modules,,
Drosophila,2018-11-03_2,FLA,0.2763192197123227,0.6551681683231003,0.0945520802650873,0.6054741741055667,4.5300884978167,0.0192441345019484,0.9751129300232614,side key,w15_step5_highpass_atlas_mean_trace,6.0,atlas_region_mean_trace,atlas_region_mean_trace_meanfc_modules,,
Drosophila,2018-11-03_2,NO,0.275278459201058,0.588112404829429,0.0292404973843209,0.5977170562376907,4.479942528625351,0.021294021167401,0.9625678399059534,side key,w15_step5_highpass_atlas_mean_trace,1.0,atlas_region_mean_trace,atlas_region_mean_trace_meanfc_modules,,
Drosophila,2018-11-03_2,PB,0.2865360570796678,0.8345861723755936,0.059898142019653,0.6432189745511285,2.8591041190234336,0.0234510569049119,0.9940541889117916,side key,w15_step5_highpass_atlas_mean_trace,1.0,atlas_region_mean_trace,atlas_region_mean_trace_meanfc_modules,,
Drosophila,2018-11-03_2,PRW,0.2855842149036766,0.6786466041261442,0.1069583013780223,0.7050771860831947,4.223400109798257,0.0230792474059682,0.9833762217301656,side key,w15_step5_highpass_atlas_mean_trace,7.0,atlas_region_mean_trace,atlas_region_mean_trace_meanfc_modules,,
Drosophila,2018-11-03_2,SAD,0.2844184214417528,0.6649896029502717,0.1300680659118137,0.7310239599144627,4.625313328761177,0.0251650624189936,0.962874006303202,side key,w15_step5_highpass_atlas_mean_trace,20.0,atlas_region_mean_trace,atlas_region_mean_trace_meanfc_modules,,
Drosophila,2018-11-03_2,SOG,0.2872525014363836,0.7537669554693692,0.0966988864933361,0.7130826496283592,3.354730896210374,0.020999294641056,0.9864355513482136,side key,w15_step5_highpass_atlas_mean_trace,71.0,atlas_region_mean_trace,atlas_region_mean_trace_meanfc_modules,,
Drosophila,2018-11-03_3,AL_R,0.2826419807992019,0.4647224764707474,0.298171419761416,0.6739362910091574,4.973290756402628,0.0301309618413555,0.905192382964574,side key,w15_step5_highpass_atlas_mean_trace,23.0,atlas_region_mean_trace,atlas_region_mean_trace_meanfc_modules,,
Drosophila,2018-11-03_3,AME_R,0.2682217335921837,0.8985398701797419,0.0042033645225587,0.6905389770760063,5.140301777991529,0.0312083823736171,0.9920195826170104,side key,w15_step5_highpass_atlas_mean_trace,1.0,atlas_region_mean_trace,atlas_region_mean_trace_meanfc_modules,,
Drosophila,2018-11-03_3,AMMC_R,0.2708383398509269,0.8375582640856538,0.0830723853468788,0.6272560929039623,4.583959041842372,0.0335806778954212,0.9944796852089948,side key,w15_step5_highpass_atlas_mean_trace,4.0,atlas_region_mean_trace,atlas_region_mean_trace_meanfc_modules,,
Drosophila,2018-11-03_3,ATL_R,0.2704042559221596,0.6036294110129701,0.1986824369949415,0.7008063214632824,3.464246549909629,0.0360156650067555,0.9845034836511624,side key,w15_step5_highpass_atlas_mean_trace,1.0,atlas_region_mean_trace,atlas_region_mean_trace_meanfc_modules,,
Drosophila,2018-11-03_3,AVLP_R,0.3119888892076023,0.5027927504503776,0.2830065385488959,0.7335911147783941,6.46186242660514,0.0327369250014738,0.9231057427734418,side key,w15_step5_highpass_atlas_mean_trace,28.0,atlas_region_mean_trace,atlas_region_mean_trace_meanfc_modules,,
Drosophila,2018-11-03_3,CRE_R,0.2801084152755077,0.445874143569131,0.291528785412082,0.6208945051746919,4.317997309966237,0.0294764958180759,0.8972422431257218,side key,w15_step5_highpass_atlas_mean_trace,8.0,atlas_region_mean_trace,atlas_region_mean_trace_meanfc_modules,,
Drosophila,2018-11-03_3,EPA_R,0.2678726021586897,0.7058748627795975,0.1532574305395346,0.6801251335459861,5.4716154294293,0.0345270358753675,0.9911033041816192,side key,w15_step5_highpass_atlas_mean_trace,1.0,atlas_region_mean_trace,atlas_region_mean_trace_meanfc_modules,,
Drosophila,2018-11-03_3,GA_R,0.274724129048261,0.719203647562099,0.1246225115325236,0.6946029118814034,5.618688355381958,0.0373376395392774,0.9939964949132832,side key,w15_step5_highpass_atlas_mean_trace,1.0,atlas_region_mean_trace,atlas_region_mean_trace_meanfc_modules,,
Drosophila,2018-11-03_3,GOR_R,0.2762334583182311,0.6075028646806873,0.2225434111596633,0.7454728609076487,6.511905884859403,0.0336615287496228,0.983286044299468,side key,w15_step5_highpass_atlas_mean_trace,1.0,atlas_region_mean_trace,atlas_region_mean_trace_meanfc_modules,,
Drosophila,2018-11-03_3,IB_R,0.2752632357044666,0.5103903671148745,0.2732026123394403,0.7228265326093625,7.075041520055119,0.0316663706349433,0.9610355452626824,side key,w15_step5_highpass_atlas_mean_trace,4.0,atlas_region_mean_trace,atlas_region_mean_trace_meanfc_modules,,
Drosophila,2018-11-03_3,ICL_R,0.2739864570850598,0.4723856282148252,0.3197564386761742,0.7093966950703356,5.634096771179272,0.029320515344815,0.936926786093298,side key,w15_step5_highpass_atlas_mean_trace,8.0,atlas_region_mean_trace,atlas_region_mean_trace_meanfc_modules,,
Drosophila,2018-11-03_3,IPS_R,0.3464900565625874,0.7220708161305801,0.1406329110138028,0.8587882341864728,22.73053593968121,0.0367023741856192,0.9745555687192534,side key,w15_step5_highpass_atlas_mean_trace,11.0,atlas_region_mean_trace,atlas_region_mean_trace_meanfc_modules,,
Drosophila,2018-11-03_3,IVLP_R,0.2829927228209161,0.5017852935740336,0.2872472274818277,0.7426105213172315,7.491701431173486,0.0331545286605928,0.958775262656333,side key,w15_step5_highpass_atlas_mean_trace,5.0,atlas_region_mean_trace,atlas_region_mean_trace_meanfc_modules,,
Drosophila,2018-11-03_3,LAL_R,0.2887305586322764,0.5111525591706468,0.2936208835789755,0.7270033497933209,6.640233299242399,0.0315494226564443,0.940391807257452,side key,w15_step5_highpass_atlas_mean_trace,9.0,atlas_region_mean_trace,atlas_region_mean_trace_meanfc_modules,,
Drosophila,2018-11-03_3,LB_R,0.2728382871323966,0.6534057373906315,0.0895980662297932,0.6145538409714564,3.372627690485244,0.0318381440438423,0.9731674869816458,side key,w15_step5_highpass_atlas_mean_trace,1.0,atlas_region_mean_trace,atlas_region_mean_trace_meanfc_modules,,
Drosophila,2018-11-03_3,LH_R,0.2824151159181693,0.4323776558397783,0.3292080574940046,0.6610942395702456,4.832942865983496,0.026708489297511,0.8997685956847952,side key,w15_step5_highpass_atlas_mean_trace,14.0,atlas_region_mean_trace,atlas_region_mean_trace_meanfc_modules,,
Drosophila,2018-11-03_3,LO_R,0.3543541503164296,0.7870891491296667,-0.0261922329441684,0.8905993969230029,38.56576475756871,0.0383906689464803,0.9813523769665272,side key,w15_step5_highpass_atlas_mean_trace,23.0,atlas_region_mean_trace,atlas_region_mean_trace_meanfc_modules,,
Drosophila,2018-11-03_3,MB_R,0.3638435415607347,0.5725276019477884,0.2624762445856511,0.8660495431869004,29.78339688609817,0.0344861852298253,0.916543355732688,side key,w15_step5_highpass_atlas_mean_trace,16.0,atlas_region_mean_trace,atlas_region_mean_trace_meanfc_modules,,
Drosophila,2018-11-03_3,ME_R,0.2953196729205548,0.7047345698855669,0.1346256723950848,0.7925117453846879,18.664993188172826,0.0364596360473583,0.98920170914814,side key,w15_step5_highpass_atlas_mean_trace,24.0,atlas_region_mean_trace,atlas_region_mean_trace_meanfc_modules,,
Drosophila,2018-11-03_3,OTU_R,0.2859564722412404,0.5802633584534214,0.2407775022773996,0.7225150442703138,4.281110252572901,0.0370626501292156,0.9685219249817032,side key,w15_step5_highpass_atlas_mean_trace,3.0,atlas_region_mean_trace,atlas_region_mean_trace_meanfc_modules,,
Drosophila,2018-11-03_3,PLP_R,0.2846586635221938,0.4496694490785634,0.3378596614863455,0.7992444732440148,9.244163929583102,0.0294681400672898,0.9250602176348712,side key,w15_step5_highpass_atlas_mean_trace,15.0,atlas_region_mean_trace,atlas_region_mean_trace_meanfc_modules,,
Drosophila,2018-11-03_3,PVLP_R,0.2821267344872605,0.4058378497435945,0.356916373440441,0.7674087256888243,5.744823545216407,0.0251907397075996,0.9052578313387724,side key,w15_step5_highpass_atlas_mean_trace,17.0,atlas_region_mean_trace,atlas_region_mean_trace_meanfc_modules,,
Drosophila,2018-11-03_3,SCL_R,0.2749263988861735,0.4285177885987224,0.3446575916049727,0.7420082013578424,7.922053793015463,0.0262327981496617,0.9053425236750644,side key,w15_step5_highpass_atlas_mean_trace,6.0,atlas_region_mean_trace,atlas_region_mean_trace_meanfc_modules,,
Drosophila,2018-11-03_3,SIP_R,0.2727656063758818,0.4454686991346323,0.3019865966434996,0.6276328551254811,3.834603920382585,0.0281248087825778,0.9216474564499744,side key,w15_step5_highpass_atlas_mean_trace,6.0,atlas_region_mean_trace,atlas_region_mean_trace_meanfc_modules,,
Drosophila,2018-11-03_3,SLP_R,0.2660281258802627,0.3959772052298248,0.3667059334042031,0.6914658019871373,6.223397876332854,0.023118835398894,0.8995461654324133,side key,w15_step5_highpass_atlas_mean_trace,22.0,atlas_region_mean_trace,atlas_region_mean_trace_meanfc_modules,,
Drosophila,2018-11-03_3,SMP_R,0.274774968730969,0.4009749760249441,0.3581078205223446,0.6710256474144313,5.478458932513785,0.0248661892352288,0.8702742111023556,side key,w15_step5_highpass_atlas_mean_trace,21.0,atlas_region_mean_trace,atlas_region_mean_trace_meanfc_modules,,
Drosophila,2018-11-03_3,SPS_R,0.2944180474256892,0.5236070817964956,0.2769246268371276,0.8164789018773139,11.132851756364529,0.0334222705770312,0.9560563016184156,side key,w15_step5_highpass_atlas_mean_trace,12.0,atlas_region_mean_trace,atlas_region_mean_trace_meanfc_modules,,
Drosophila,2018-11-03_3,VES_R,0.2980001585501965,0.5544737060532768,0.2708246621219352,0.7159239660923233,4.438106160715012,0.0319813800278809,0.9557459106833366,side key,w15_step5_highpass_atlas_mean_trace,6.0,atlas_region_mean_trace,atlas_region_mean_trace_meanfc_modules,,
Drosophila,2018-11-03_3,WED_R,0.2757752788723198,0.8509118024062589,0.061901197052362,0.667765419203704,2.629064617791941,0.0311608888949408,0.9903476650026756,side key,w15_step5_highpass_atlas_mean_trace,1.0,atlas_region_mean_trace,atlas_region_mean_trace_meanfc_modules,,
Drosophila,2018-11-03_3,AL_L,0.286340756862169,0.4644287438872656,0.291200739406696,0.6322404637705316,3.876414867372238,0.0296555282764847,0.9046019718064692,side key,w15_step5_highpass_atlas_mean_trace,22.0,atlas_region_mean_trace,atlas_region_mean_trace_meanfc_modules,,
Drosophila,2018-11-03_3,AME_L,0.2576067855865801,0.8905118924719335,0.0160395775142552,0.5523027605773336,4.120205547466566,0.03139096208152,0.9899038065918409,side key,w15_step5_highpass_atlas_mean_trace,1.0,atlas_region_mean_trace,atlas_region_mean_trace_meanfc_modules,,
Drosophila,2018-11-03_3,AMMC_L,0.2772282295002132,0.5151970550611418,0.2532916834458824,0.6760468874125931,8.376799957613272,0.0306903823390204,0.956889093120932,side key,w15_step5_highpass_atlas_mean_trace,4.0,atlas_region_mean_trace,atlas_region_mean_trace_meanfc_modules,,
Drosophila,2018-11-03_3,ATL_L,0.2712806911109067,0.5646607852396515,0.222976511098569,0.6448216926500876,4.3996056941563815,0.0343682356671201,0.9793634673732622,side key,w15_step5_highpass_atlas_mean_trace,1.0,atlas_region_mean_trace,atlas_region_mean_trace_meanfc_modules,,
Drosophila,2018-11-03_3,AVLP_L,0.299163402070941,0.4850927787415884,0.2884410800888483,0.7483597969647048,8.383442870588748,0.0316829241128962,0.9234940484409934,side key,w15_step5_highpass_atlas_mean_trace,34.0,atlas_region_mean_trace,atlas_region_mean_trace_meanfc_modules,,
Drosophila,2018-11-03_3,CRE_L,0.2789464367810773,0.4117818997523031,0.3006949668345016,0.662522188783252,5.290573980422443,0.0320686257430922,0.9038472745202704,side key,w15_step5_highpass_atlas_mean_trace,10.0,atlas_region_mean_trace,atlas_region_mean_trace_meanfc_modules,,
Drosophila,2018-11-03_3,EPA_L,0.2789618531522704,0.6928694389412757,0.1513429149607446,0.6702159394225662,6.955078763595124,0.0336567049817784,0.9924426405815936,side key,w15_step5_highpass_atlas_mean_trace,1.0,atlas_region_mean_trace,atlas_region_mean_trace_meanfc_modules,,
Drosophila,2018-11-03_3,GA_L,0.3098208680949241,0.7794087103441119,0.0480942316146996,0.7929022281772916,14.432319528184037,0.0347537976904229,0.9940521110115316,side key,w15_step5_highpass_atlas_mean_trace,1.0,atlas_region_mean_trace,atlas_region_mean_trace_meanfc_modules,,
Drosophila,2018-11-03_3,GOR_L,0.2796893374962737,0.673203251416778,0.1829975015525964,0.7339940811538913,10.3548128805921,0.0354586713635965,0.990563385619716,side key,w15_step5_highpass_atlas_mean_trace,1.0,atlas_region_mean_trace,atlas_region_mean_trace_meanfc_modules,,
Drosophila,2018-11-03_3,IB_L,0.2788737876329727,0.5212167071153837,0.2605774833909911,0.7038094660886877,5.211582797199823,0.0335589876488761,0.96868135155525,side key,w15_step5_highpass_atlas_mean_trace,3.0,atlas_region_mean_trace,atlas_region_mean_trace_meanfc_modules,,
Drosophila,2018-11-03_3,ICL_L,0.2758516003545168,0.4386515627072571,0.3169832016163126,0.7356315551543829,7.163613727280248,0.0269873374822951,0.9210997181750826,side key,w15_step5_highpass_atlas_mean_trace,8.0,atlas_region_mean_trace,atlas_region_mean_trace_meanfc_modules,,
Drosophila,2018-11-03_3,IPS_L,0.2945045328653699,0.5865285036387391,0.2420241542230661,0.7610416786376225,7.0134725911073605,0.0317263700716359,0.9686594606490248,side key,w15_step5_highpass_atlas_mean_trace,8.0,atlas_region_mean_trace,atlas_region_mean_trace_meanfc_modules,,
Drosophila,2018-11-03_3,IVLP_L,0.2866748924596574,0.5482217476053652,0.2581871555312214,0.7758671834002311,6.601636722759145,0.0342519414924258,0.963189304640448,side key,w15_step5_highpass_atlas_mean_trace,7.0,atlas_region_mean_trace,atlas_region_mean_trace_meanfc_modules,,
Drosophila,2018-11-03_3,LAL_L,0.2821818385034914,0.4809530039264212,0.2976204795294221,0.6703623594228201,5.351259628839895,0.0305736576284396,0.9340482349597417,side key,w15_step5_highpass_atlas_mean_trace,5.0,atlas_region_mean_trace,atlas_region_mean_trace_meanfc_modules,,
Drosophila,2018-11-03_3,LB_L,0.2804193595159181,0.7316664113160467,0.0895298924124429,0.609833458823355,3.0375883777412307,0.0343512944971065,0.9887742275162964,side key,w15_step5_highpass_atlas_mean_trace,1.0,atlas_region_mean_trace,atlas_region_mean_trace_meanfc_modules,,
Drosophila,2018-11-03_3,LH_L,0.2973122163246434,0.6624753696102407,0.1719905556852785,0.6478224133634964,3.604242510169557,0.0390951956020171,0.9777344766110296,side key,w15_step5_highpass_atlas_mean_trace,11.0,atlas_region_mean_trace,atlas_region_mean_trace_meanfc_modules,,
Drosophila,2018-11-03_3,LO_L,0.2602268805915441,0.9029652075814668,0.0359801940804515,0.6074174365856129,2.051269392473496,0.0317211557022016,0.9929064108452283,side key,w15_step5_highpass_atlas_mean_trace,22.0,atlas_region_mean_trace,atlas_region_mean_trace_meanfc_modules,,
Drosophila,2018-11-03_3,MB_L,0.2712774780101988,0.3667461852403045,0.3873890152323206,0.7057127516262603,5.293109615308944,0.022398952380096,0.8523049413462066,side key,w15_step5_highpass_atlas_mean_trace,16.0,atlas_region_mean_trace,atlas_region_mean_trace_meanfc_modules,,
Drosophila,2018-11-03_3,ME_L,0.2764162836286072,0.8511420858299247,-0.0520566890932784,0.6025546029260396,6.776369881188305,0.0325944160468794,0.9924872647718768,side key,w15_step5_highpass_atlas_mean_trace,15.0,atlas_region_mean_trace,atlas_region_mean_trace_meanfc_modules,,
Drosophila,2018-11-03_3,OTU_L,0.2800426975613745,0.5238686176874264,0.2403523708241118,0.7403413712737157,6.7031935171114405,0.0326601812038025,0.9556216046405388,side key,w15_step5_highpass_atlas_mean_trace,4.0,atlas_region_mean_trace,atlas_region_mean_trace_meanfc_modules,,
Drosophila,2018-11-03_3,PLP_L,0.2835041894793191,0.4472934381248156,0.3289368548148297,0.7813654025715203,6.164836506690352,0.0282864535022605,0.9266405877473488,side key,w15_step5_highpass_atlas_mean_trace,13.0,atlas_region_mean_trace,atlas_region_mean_trace_meanfc_modules,,
Drosophila,2018-11-03_3,PVLP_L,0.2795993775429847,0.5441297172975239,0.2771340648344859,0.7091875949616481,5.9008132690996,0.0308458849680262,0.9673907433128832,side key,w15_step5_highpass_atlas_mean_trace,11.0,atlas_region_mean_trace,atlas_region_mean_trace_meanfc_modules,,
Drosophila,2018-11-03_3,SCL_L,0.2884395843391538,0.4849497257087689,0.2862197594388977,0.7237521337758376,5.8250596212257,0.0301431058750499,0.9455073587014586,side key,w15_step5_highpass_atlas_mean_trace,8.0,atlas_region_mean_trace,atlas_region_mean_trace_meanfc_modules,,
Drosophila,2018-11-03_3,SIP_L,0.2886242227446741,0.3962964023592151,0.3074804518805233,0.786927822402403,10.237178610035864,0.0285116315372609,0.9000622592965464,side key,w15_step5_highpass_atlas_mean_trace,7.0,atlas_region_mean_trace,atlas_region_mean_trace_meanfc_modules,,
Drosophila,2018-11-03_3,SLP_L,0.2772817566025045,0.4317461746657067,0.3111912199916424,0.69757640611665,3.782849608602757,0.0291635533938615,0.9025158786561236,side key,w15_step5_highpass_atlas_mean_trace,23.0,atlas_region_mean_trace,atlas_region_mean_trace_meanfc_modules,,
Drosophila,2018-11-03_3,SMP_L,0.2807919087352266,0.3730222795711982,0.3789756682600237,0.7418238569419008,7.129204711746696,0.0246304269618666,0.8433408143862592,side key,w15_step5_highpass_atlas_mean_trace,22.0,atlas_region_mean_trace,atlas_region_mean_trace_meanfc_modules,,
Drosophila,2018-11-03_3,SPS_L,0.2961784413249634,0.5077288246926941,0.307400071230536,0.8247525407927395,10.06753224377518,0.0293975955191991,0.9589261434672416,side key,w15_step5_highpass_atlas_mean_trace,15.0,atlas_region_mean_trace,atlas_region_mean_trace_meanfc_modules,,
Drosophila,2018-11-03_3,VES_L,0.2818917178767501,0.4996774829771814,0.2879601265855064,0.6795784512270724,5.6848838019241095,0.029122563901775,0.951613284413771,side key,w15_step5_highpass_atlas_mean_trace,6.0,atlas_region_mean_trace,atlas_region_mean_trace_meanfc_modules,,
Drosophila,2018-11-03_3,WED_L,0.2910483806403881,0.8108199563391331,0.0993916736862366,0.7139989620492299,2.4970294417852856,0.0319460878896422,0.9894798623722408,side key,w15_step5_highpass_atlas_mean_trace,1.0,atlas_region_mean_trace,atlas_region_mean_trace_meanfc_modules,,
Drosophila,2018-11-03_3,EB,0.2882118776053203,0.5195248632969783,0.1498191446311817,0.6084705730302555,3.1876079851707053,0.0305852153370257,0.9265094886710538,side key,w15_step5_highpass_atlas_mean_trace,3.0,atlas_region_mean_trace,atlas_region_mean_trace_meanfc_modules,,
Drosophila,2018-11-03_3,FB,0.2781491419434932,0.4148069424181566,0.3263640769649378,0.6982842955555914,6.635539723998896,0.0284155459334584,0.8735873831499268,side key,w15_step5_highpass_atlas_mean_trace,13.0,atlas_region_mean_trace,atlas_region_mean_trace_meanfc_modules,,
Drosophila,2018-11-03_3,FLA,0.2806499707698956,0.6284186784282079,0.1944499053530329,0.7344805273076624,6.062771471047124,0.0361173728803253,0.9797882086167652,side key,w15_step5_highpass_atlas_mean_trace,6.0,atlas_region_mean_trace,atlas_region_mean_trace_meanfc_modules,,
Drosophila,2018-11-03_3,NO,0.2855132633850172,0.6544771348584362,0.1218956924676474,0.726910617462297,7.905247015172988,0.0351927257869709,0.9821436771079464,side key,w15_step5_highpass_atlas_mean_trace,1.0,atlas_region_mean_trace,atlas_region_mean_trace_meanfc_modules,,
Drosophila,2018-11-03_3,PB,0.2753701373492098,0.6546975631144123,0.1732418003336339,0.6640007776712289,4.173161259393339,0.036676528460239,0.9872873089486855,side key,w15_step5_highpass_atlas_mean_trace,1.0,atlas_region_mean_trace,atlas_region_mean_trace_meanfc_modules,,
Drosophila,2018-11-03_3,PRW,0.2842689508419305,0.6659456412051677,0.1813875408848774,0.7325467444471349,5.620692160461883,0.0353859452163719,0.9853888227684507,side key,w15_step5_highpass_atlas_mean_trace,7.0,atlas_region_mean_trace,atlas_region_mean_trace_meanfc_modules,,
Drosophila,2018-11-03_3,SAD,0.2880905234015253,0.4974619121350549,0.315790397409674,0.7325518295834823,7.307777124955011,0.0292886604892648,0.9423319758332332,side key,w15_step5_highpass_atlas_mean_trace,20.0,atlas_region_mean_trace,atlas_region_mean_trace_meanfc_modules,,
Drosophila,2018-11-03_3,SOG,0.312861320261741,0.6237932191091407,0.2367360350708312,0.7480481985022532,2.76106757578855,0.0309930085415447,0.9640533718821152,side key,w15_step5_highpass_atlas_mean_trace,71.0,atlas_region_mean_trace,atlas_region_mean_trace_meanfc_modules,,
Drosophila,2018-11-03_4,AL_R,0.3116344325181573,0.495709456274759,0.1606464175003106,0.7257843671572529,4.221293401036117,0.0267765681422799,0.8901612200944806,side key,w15_step5_highpass_atlas_mean_trace,23.0,atlas_region_mean_trace,atlas_region_mean_trace_meanfc_modules,,
Drosophila,2018-11-03_4,AME_R,0.2831057763678069,0.7450763359205989,0.060452350759819,0.7360095417913974,4.448704911396467,0.0247806972045488,0.9765641610947604,side key,w15_step5_highpass_atlas_mean_trace,1.0,atlas_region_mean_trace,atlas_region_mean_trace_meanfc_modules,,
Drosophila,2018-11-03_4,AMMC_R,0.2834551805100127,0.595559075209832,0.0109769652046783,0.7281580475519065,5.067024534997731,0.0216720153117032,0.9735834716302532,side key,w15_step5_highpass_atlas_mean_trace,4.0,atlas_region_mean_trace,atlas_region_mean_trace_meanfc_modules,,
Drosophila,2018-11-03_4,ATL_R,0.2914172168059288,0.6392755974769337,0.0939913552734338,0.7260790207828309,4.455384197697576,0.0235938984624801,0.9798143195133184,side key,w15_step5_highpass_atlas_mean_trace,1.0,atlas_region_mean_trace,atlas_region_mean_trace_meanfc_modules,,
Drosophila,2018-11-03_4,AVLP_R,0.3326320439048089,0.6123720629345871,0.096518129172315,0.7726348520587366,5.698999247473385,0.02222102107469,0.9243835778972732,side key,w15_step5_highpass_atlas_mean_trace,28.0,atlas_region_mean_trace,atlas_region_mean_trace_meanfc_modules,,
Drosophila,2018-11-03_4,CRE_R,0.304025651852139,0.4858886912298812,0.1553137996680591,0.7410295157450392,3.944877544061375,0.0275644236916016,0.888779805763815,side key,w15_step5_highpass_atlas_mean_trace,8.0,atlas_region_mean_trace,atlas_region_mean_trace_meanfc_modules,,
Drosophila,2018-11-03_4,EPA_R,0.2738931442858197,0.6467356272237174,0.0792151194414477,0.7300023105203608,3.804678340450172,0.0191365866650784,0.9845234341212342,side key,w15_step5_highpass_atlas_mean_trace,1.0,atlas_region_mean_trace,atlas_region_mean_trace_meanfc_modules,,
Drosophila,2018-11-03_4,GA_R,0.2934514240074505,0.7313528176504452,0.0452562267878994,0.6948694912787415,5.88676538915409,0.0222780945117155,0.9869452048590046,side key,w15_step5_highpass_atlas_mean_trace,1.0,atlas_region_mean_trace,atlas_region_mean_trace_meanfc_modules,,
Drosophila,2018-11-03_4,GOR_R,0.2777640156760494,0.7932687387185698,0.0985590394705486,0.7060309496328758,4.164092477992776,0.0211188770229013,0.9928216511808574,side key,w15_step5_highpass_atlas_mean_trace,1.0,atlas_region_mean_trace,atlas_region_mean_trace_meanfc_modules,,
Drosophila,2018-11-03_4,IB_R,0.2949129004763621,0.7041067894115747,0.1179620204528244,0.7723199818595646,4.6904024914847975,0.0222624788803271,0.9808089778612752,side key,w15_step5_highpass_atlas_mean_trace,4.0,atlas_region_mean_trace,atlas_region_mean_trace_meanfc_modules,,
Drosophila,2018-11-03_4,ICL_R,0.290639606009775,0.5870791507351035,0.1499794744245917,0.7613400930657029,4.950329880418578,0.0233985626438056,0.963373829996692,side key,w15_step5_highpass_atlas_mean_trace,8.0,atlas_region_mean_trace,atlas_region_mean_trace_meanfc_modules,,
Drosophila,2018-11-03_4,IPS_R,0.3084742489230183,0.6442181237572703,0.0791379385408042,0.7435576036384174,5.794225977217332,0.0204781229196593,0.964906924964186,side key,w15_step5_highpass_atlas_mean_trace,11.0,atlas_region_mean_trace,atlas_region_mean_trace_meanfc_modules,,
Drosophila,2018-11-03_4,IVLP_R,0.2922994290595431,0.7676298957595368,0.0936638896171524,0.7665562678098665,5.168848654189637,0.0218916821092691,0.99115757407948,side key,w15_step5_highpass_atlas_mean_trace,5.0,atlas_region_mean_trace,atlas_region_mean_trace_meanfc_modules,,
Drosophila,2018-11-03_4,LAL_R,0.3029133442508641,0.5391089583324933,0.1922167852936322,0.7668345403869962,4.082429851609269,0.0268902556087331,0.9208957461611136,side key,w15_step5_highpass_atlas_mean_trace,9.0,atlas_region_mean_trace,atlas_region_mean_trace_meanfc_modules,,
Drosophila,2018-11-03_4,LB_R,0.2797837981439999,0.4995816387212817,0.0518962708912153,0.6384440681063782,5.439774534769283,0.0211825941190423,0.9221184992009326,side key,w15_step5_highpass_atlas_mean_trace,1.0,atlas_region_mean_trace,atlas_region_mean_trace_meanfc_modules,,
Drosophila,2018-11-03_4,LH_R,0.3154160445734387,0.6797422028610771,0.0926628950254341,0.7424534213983152,2.078119281610528,0.0249079459834519,0.9595772368289874,side key,w15_step5_highpass_atlas_mean_trace,14.0,atlas_region_mean_trace,atlas_region_mean_trace_meanfc_modules,,
Drosophila,2018-11-03_4,LO_R,0.2863233317881966,0.7856449688763141,0.0171288733198897,0.729547629600234,4.583200967313228,0.022721722259629,0.9901875130863276,side key,w15_step5_highpass_atlas_mean_trace,15.0,atlas_region_mean_trace,atlas_region_mean_trace_meanfc_modules,,
Drosophila,2018-11-03_4,MB_R,0.317915354768565,0.5430318419611884,0.1572594513428909,0.7490776902011415,3.15583347701978,0.0246084708250389,0.905744451821082,side key,w15_step5_highpass_atlas_mean_trace,16.0,atlas_region_mean_trace,atlas_region_mean_trace_meanfc_modules,,
Drosophila,2018-11-03_4,ME_R,0.2859277005210871,0.7665443892226494,0.0125717608584683,0.5708320809188543,4.651170704462093,0.0234714456020514,0.9911046067399656,side key,w15_step5_highpass_atlas_mean_trace,20.0,atlas_region_mean_trace,atlas_region_mean_trace_meanfc_modules,,
Drosophila,2018-11-03_4,OTU_R,0.2912241851953037,0.5221361709471372,0.1361258837409845,0.7469522494223833,4.55987987104443,0.0233570773686759,0.9543571882996834,side key,w15_step5_highpass_atlas_mean_trace,3.0,atlas_region_mean_trace,atlas_region_mean_trace_meanfc_modules,,
Drosophila,2018-11-03_4,PLP_R,0.3180957575758882,0.5542985882421707,0.0495393127542969,0.7393616200352825,5.252718688201964,0.0210712342281889,0.9536645654623158,side key,w15_step5_highpass_atlas_mean_trace,15.0,atlas_region_mean_trace,atlas_region_mean_trace_meanfc_modules,,
Drosophila,2018-11-03_4,PVLP_R,0.2913643489085389,0.6643189147231799,0.167333440469173,0.738500935565331,4.135741676010189,0.0255157335705798,0.9744782493907024,side key,w15_step5_highpass_atlas_mean_trace,17.0,atlas_region_mean_trace,atlas_region_mean_trace_meanfc_modules,,
Drosophila,2018-11-03_4,SCL_R,0.2909415996611287,0.6556264527895149,0.1601258709377619,0.7081526998921494,4.020724475027191,0.0242859307146863,0.9589013512837798,side key,w15_step5_highpass_atlas_mean_trace,6.0,atlas_region_mean_trace,atlas_region_mean_trace_meanfc_modules,,
Drosophila,2018-11-03_4,SIP_R,0.296244133561267,0.4202930942126207,0.1520371635463703,0.7491663842446021,5.2400573624546976,0.0266255596350992,0.9196057297037308,side key,w15_step5_highpass_atlas_mean_trace,6.0,atlas_region_mean_trace,atlas_region_mean_trace_meanfc_modules,,
Drosophila,2018-11-03_4,SLP_R,0.2883598646421671,0.6440781557942356,0.1617101544252177,0.7052733300426098,2.2755271260742798,0.0256483260689547,0.9586464159882452,side key,w15_step5_highpass_atlas_mean_trace,22.0,atlas_region_mean_trace,atlas_region_mean_trace_meanfc_modules,,
Drosophila,2018-11-03_4,SMP_R,0.2956803909576744,0.4768628467897263,0.1803009132648556,0.7515921167864018,4.920331005559945,0.0255022879492459,0.9171952124282348,side key,w15_step5_highpass_atlas_mean_trace,21.0,atlas_region_mean_trace,atlas_region_mean_trace_meanfc_modules,,
Drosophila,2018-11-03_4,SPS_R,0.2947432185141811,0.6813433094124006,0.1148441120071758,0.7468064439444737,4.061472728785213,0.0224609285786616,0.9712374481357255,side key,w15_step5_highpass_atlas_mean_trace,12.0,atlas_region_mean_trace,atlas_region_mean_trace_meanfc_modules,,
Drosophila,2018-11-03_4,VES_R,0.3018553414377694,0.4880224075799863,0.1804748561778041,0.797419119150882,5.87237253917276,0.0217331206062071,0.9308329665405576,side key,w15_step5_highpass_atlas_mean_trace,6.0,atlas_region_mean_trace,atlas_region_mean_trace_meanfc_modules,,
Drosophila,2018-11-03_4,WED_R,0.2740379189380414,0.7723798084406546,0.0676179220335764,0.6581082909565957,5.050038247927409,0.02245470307222,0.9935997752371384,side key,w15_step5_highpass_atlas_mean_trace,1.0,atlas_region_mean_trace,atlas_region_mean_trace_meanfc_modules,,
Drosophila,2018-11-03_4,AL_L,0.2980751250409706,0.568226220911473,0.1436309493417332,0.7529892294022487,2.626554886451379,0.0264862617341873,0.934205352659737,side key,w15_step5_highpass_atlas_mean_trace,22.0,atlas_region_mean_trace,atlas_region_mean_trace_meanfc_modules,,
Drosophila,2018-11-03_4,AME_L,0.2756995156421867,0.7743224762823058,0.0249461469688685,0.6429100234030516,4.625840901174599,0.021622641634627,0.9934214350396616,side key,w15_step5_highpass_atlas_mean_trace,1.0,atlas_region_mean_trace,atlas_region_mean_trace_meanfc_modules,,
Drosophila,2018-11-03_4,AMMC_L,0.2719824723621869,0.6945945014409718,0.0691091972994735,0.6901021256378068,4.493800130102172,0.0209677204081259,0.9852455507109144,side key,w15_step5_highpass_atlas_mean_trace,4.0,atlas_region_mean_trace,atlas_region_mean_trace_meanfc_modules,,
Drosophila,2018-11-03_4,ATL_L,0.2758851892297476,0.6187884813443867,0.1038106833258481,0.681541766184299,4.587747160995352,0.0220063079459232,0.9819732351433176,side key,w15_step5_highpass_atlas_mean_trace,1.0,atlas_region_mean_trace,atlas_region_mean_trace_meanfc_modules,,
Drosophila,2018-11-03_4,AVLP_L,0.3332949361972865,0.5931543048967663,0.0705782574990306,0.7809785662019955,6.766230535276096,0.0206791378090675,0.9258409043829344,side key,w15_step5_highpass_atlas_mean_trace,34.0,atlas_region_mean_trace,atlas_region_mean_trace_meanfc_modules,,
Drosophila,2018-11-03_4,CRE_L,0.3014724123872268,0.5200328628107426,0.1162845831637159,0.7673681100507168,6.847086105089246,0.0277970552900413,0.9114346641682388,side key,w15_step5_highpass_atlas_mean_trace,10.0,atlas_region_mean_trace,atlas_region_mean_trace_meanfc_modules,,
Drosophila,2018-11-03_4,EPA_L,0.2744785493844059,0.8222097283890833,0.0639205804475371,0.706933119516495,3.5943393257393037,0.0221504455721694,0.9957614464940704,side key,w15_step5_highpass_atlas_mean_trace,1.0,atlas_region_mean_trace,atlas_region_mean_trace_meanfc_modules,,
Drosophila,2018-11-03_4,GA_L,0.2827079392352978,0.7042724201049071,0.046437112192043,0.660140967358926,4.445360446380559,0.0244047397130646,0.9900689884190929,side key,w15_step5_highpass_atlas_mean_trace,1.0,atlas_region_mean_trace,atlas_region_mean_trace_meanfc_modules,,
Drosophila,2018-11-03_4,GOR_L,0.2841502909084,0.7907949739584849,0.0964914473211615,0.7368100539914504,4.981792823037289,0.0226202802886628,0.9897509420546288,side key,w15_step5_highpass_atlas_mean_trace,1.0,atlas_region_mean_trace,atlas_region_mean_trace_meanfc_modules,,
Drosophila,2018-11-03_4,IB_L,0.2867022773673539,0.6103429454311298,0.1500878678041395,0.7560482873758418,3.8649624295171865,0.0216626694700322,0.9723313468298812,side key,w15_step5_highpass_atlas_mean_trace,3.0,atlas_region_mean_trace,atlas_region_mean_trace_meanfc_modules,,
Drosophila,2018-11-03_4,ICL_L,0.2820401944879928,0.6246180210066821,0.0964156139462526,0.7112473504983097,2.903651893060981,0.0215167230639889,0.9739126946922548,side key,w15_step5_highpass_atlas_mean_trace,8.0,atlas_region_mean_trace,atlas_region_mean_trace_meanfc_modules,,
Drosophila,2018-11-03_4,IPS_L,0.2979517885788382,0.5853886193235314,0.137601625101926,0.7404017178884638,3.0950773778268146,0.0179598344130024,0.9505134321317942,side key,w15_step5_highpass_atlas_mean_trace,8.0,atlas_region_mean_trace,atlas_region_mean_trace_meanfc_modules,,
Drosophila,2018-11-03_4,IVLP_L,0.2971470701347445,0.5139834147240911,0.0765243790927398,0.7640857937467456,4.224549492083168,0.0181917212839645,0.9617225294671968,side key,w15_step5_highpass_atlas_mean_trace,7.0,atlas_region_mean_trace,atlas_region_mean_trace_meanfc_modules,,
Drosophila,2018-11-03_4,LAL_L,0.2987228154745193,0.6770305509032658,0.1849239133147157,0.7367864880543719,3.679139678239478,0.0226501083606643,0.9561124398345896,side key,w15_step5_highpass_atlas_mean_trace,5.0,atlas_region_mean_trace,atlas_region_mean_trace_meanfc_modules,,
Drosophila,2018-11-03_4,LB_L,0.2832610521171154,0.6430386835206453,0.0230143780812541,0.6852050666299823,5.469228170384186,0.0241820560038677,0.985148334289195,side key,w15_step5_highpass_atlas_mean_trace,1.0,atlas_region_mean_trace,atlas_region_mean_trace_meanfc_modules,,
Drosophila,2018-11-03_4,LH_L,0.2804535909438349,0.613338258109166,0.0697044583351652,0.6606887043690853,3.433002516621583,0.0196734864337126,0.971834321303237,side key,w15_step5_highpass_atlas_mean_trace,11.0,atlas_region_mean_trace,atlas_region_mean_trace_meanfc_modules,,
Drosophila,2018-11-03_4,LO_L,0.2683128329859073,0.785555658145028,0.0489788042998014,0.6451969171054891,4.5422964480545645,0.0206674308041963,0.9905436962204072,side key,w15_step5_highpass_atlas_mean_trace,25.0,atlas_region_mean_trace,atlas_region_mean_trace_meanfc_modules,,
Drosophila,2018-11-03_4,MB_L,0.298164088358086,0.4899280924083566,0.1536177809338017,0.726214102669359,4.037141421166462,0.0285067921006742,0.8951667085254104,side key,w15_step5_highpass_atlas_mean_trace,16.0,atlas_region_mean_trace,atlas_region_mean_trace_meanfc_modules,,
Drosophila,2018-11-03_4,ME_L,0.263711692966612,0.8404003552944442,0.0447599197518398,0.5926497513044416,4.2767153602824735,0.0207200752159327,0.9932241611414592,side key,w15_step5_highpass_atlas_mean_trace,17.0,atlas_region_mean_trace,atlas_region_mean_trace_meanfc_modules,,
Drosophila,2018-11-03_4,OTU_L,0.2782879589055113,0.703606179779785,0.096850227462072,0.6706079910989989,4.201917391102977,0.0231084742157358,0.984838541015138,side key,w15_step5_highpass_atlas_mean_trace,4.0,atlas_region_mean_trace,atlas_region_mean_trace_meanfc_modules,,
Drosophila,2018-11-03_4,PLP_L,0.2896453578178118,0.6192401498444877,0.0901291154571474,0.7423039687871521,4.744270376888046,0.0180766869550934,0.9538530416778888,side key,w15_step5_highpass_atlas_mean_trace,13.0,atlas_region_mean_trace,atlas_region_mean_trace_meanfc_modules,,
Drosophila,2018-11-03_4,PVLP_L,0.2826829759300414,0.6469262450725088,0.087388128205894,0.6982917090907778,3.700870843844348,0.0213881339809258,0.9690909816751452,side key,w15_step5_highpass_atlas_mean_trace,11.0,atlas_region_mean_trace,atlas_region_mean_trace_meanfc_modules,,
Drosophila,2018-11-03_4,SCL_L,0.282508129275177,0.6279090568294078,0.0910282694719894,0.6723236089135965,3.0732953182067075,0.0268438324602644,0.9783799289344716,side key,w15_step5_highpass_atlas_mean_trace,8.0,atlas_region_mean_trace,atlas_region_mean_trace_meanfc_modules,,
Drosophila,2018-11-03_4,SIP_L,0.294937912216056,0.5280922624329955,0.0685010644208181,0.6946826087023927,4.824517108851457,0.0211656482936042,0.9230910196466142,side key,w15_step5_highpass_atlas_mean_trace,7.0,atlas_region_mean_trace,atlas_region_mean_trace_meanfc_modules,,
Drosophila,2018-11-03_4,SLP_L,0.3040799231423908,0.5096359156153487,0.0986255072450625,0.6818324475961403,4.120771905806049,0.0181305895057816,0.9361092594338978,side key,w15_step5_highpass_atlas_mean_trace,23.0,atlas_region_mean_trace,atlas_region_mean_trace_meanfc_modules,,
Drosophila,2018-11-03_4,SMP_L,0.2897924318510432,0.5264258924268201,0.1654280492484681,0.7449314088600805,4.888188338791397,0.027999591425622,0.9176384059256444,side key,w15_step5_highpass_atlas_mean_trace,22.0,atlas_region_mean_trace,atlas_region_mean_trace_meanfc_modules,,
Drosophila,2018-11-03_4,SPS_L,0.295878768098483,0.6099048837938015,0.1569399258491098,0.7673069440748457,4.903545322810581,0.0194202675651726,0.9618814951446252,side key,w15_step5_highpass_atlas_mean_trace,15.0,atlas_region_mean_trace,atlas_region_mean_trace_meanfc_modules,,
Drosophila,2018-11-03_4,VES_L,0.2997572941471688,0.5945624229778337,0.1720336444035267,0.7320529837349246,4.523040840602736,0.0260551265950189,0.9346337301559876,side key,w15_step5_highpass_atlas_mean_trace,6.0,atlas_region_mean_trace,atlas_region_mean_trace_meanfc_modules,,
Drosophila,2018-11-03_4,WED_L,0.283161958439426,0.7903196334158369,0.0750161073413907,0.7554148886081854,7.910189636501291,0.0210466889753758,0.9900619168185107,side key,w15_step5_highpass_atlas_mean_trace,1.0,atlas_region_mean_trace,atlas_region_mean_trace_meanfc_modules,,
Drosophila,2018-11-03_4,EB,0.2946037309419504,0.4339757198272662,0.0554387603782758,0.6812255273392671,5.85491252774352,0.0218176401850763,0.894304147865511,side key,w15_step5_highpass_atlas_mean_trace,3.0,atlas_region_mean_trace,atlas_region_mean_trace_meanfc_modules,,
Drosophila,2018-11-03_4,FB,0.2986139137056271,0.4137472375394144,0.124970727210643,0.7547393107641256,5.368753282188174,0.0227581084359983,0.8828228149500258,side key,w15_step5_highpass_atlas_mean_trace,13.0,atlas_region_mean_trace,atlas_region_mean_trace_meanfc_modules,,
Drosophila,2018-11-03_4,FLA,0.2891081466757637,0.4946114564850521,0.1306188467538842,0.7514802426226985,4.375125759884364,0.0225257968173616,0.9202858080326374,side key,w15_step5_highpass_atlas_mean_trace,6.0,atlas_region_mean_trace,atlas_region_mean_trace_meanfc_modules,,
Drosophila,2018-11-03_4,NO,0.2856542873981936,0.5339634243388782,0.0457987617846575,0.6707096161862646,3.8549596224094778,0.0213753535531712,0.9459540019476604,side key,w15_step5_highpass_atlas_mean_trace,1.0,atlas_region_mean_trace,atlas_region_mean_trace_meanfc_modules,,
Drosophila,2018-11-03_4,PB,0.3080430254989237,0.7559969132914873,0.0952038397237469,0.716736901183632,4.482918729360393,0.0257528447522018,0.9845676104624052,side key,w15_step5_highpass_atlas_mean_trace,1.0,atlas_region_mean_trace,atlas_region_mean_trace_meanfc_modules,,
Drosophila,2018-11-03_4,PRW,0.2879368785703446,0.6770976744692185,0.0624437768860583,0.6729459331172268,3.7522188741752815,0.0253101603303688,0.980740091570463,side key,w15_step5_highpass_atlas_mean_trace,7.0,atlas_region_mean_trace,atlas_region_mean_trace_meanfc_modules,,
Drosophila,2018-11-03_4,SAD,0.2904212845101786,0.5727363178836341,0.1666375727981955,0.722095439902122,4.012895701798383,0.019822349963757,0.9475431781273446,side key,w15_step5_highpass_atlas_mean_trace,20.0,atlas_region_mean_trace,atlas_region_mean_trace_meanfc_modules,,
Drosophila,2018-11-03_4,SOG,0.3151459334385812,0.6665420200744745,0.1650001856728883,0.7645486091740658,4.774055414769118,0.0224960998506874,0.9626580694067008,side key,w15_step5_highpass_atlas_mean_trace,70.0,atlas_region_mean_trace,atlas_region_mean_trace_meanfc_modules,,
Drosophila,2018-11-03_5,AL_R,0.296630105386744,0.5884891601082463,0.1917839736035658,0.6473768973700806,4.433361345108484,0.0417993130656529,0.9197159428454332,side key,w15_step5_highpass_atlas_mean_trace,23.0,atlas_region_mean_trace,atlas_region_mean_trace_meanfc_modules,,
Drosophila,2018-11-03_5,AME_R,0.2640237946601403,0.899303167873401,0.0413809671647926,0.6254703986947375,5.217066941132886,0.0366013364785218,0.9935569916197472,side key,w15_step5_highpass_atlas_mean_trace,1.0,atlas_region_mean_trace,atlas_region_mean_trace_meanfc_modules,,
Drosophila,2018-11-03_5,AMMC_R,0.2721600149268206,0.8003088999254153,0.0865926410445042,0.6407085284717952,3.6081905179067975,0.038113458184903,0.9953513545665468,side key,w15_step5_highpass_atlas_mean_trace,4.0,atlas_region_mean_trace,atlas_region_mean_trace_meanfc_modules,,
Drosophila,2018-11-03_5,ATL_R,0.2686604651734837,0.83938864198317,0.0302637520983844,0.6178821105422606,4.737952976754059,0.0351188986896265,0.9947685824490984,side key,w15_step5_highpass_atlas_mean_trace,1.0,atlas_region_mean_trace,atlas_region_mean_trace_meanfc_modules,,
Drosophila,2018-11-03_5,AVLP_R,0.2929178153415011,0.6467351885072359,0.0600794618720806,0.6328381066573391,4.017600310204402,0.0383334460756658,0.9509955729367386,side key,w15_step5_highpass_atlas_mean_trace,28.0,atlas_region_mean_trace,atlas_region_mean_trace_meanfc_modules,,
Drosophila,2018-11-03_5,CRE_R,0.2827180380681288,0.5918626626692332,0.1854007231501859,0.663640785905456,4.440832474168392,0.041343260805607,0.9338322977860444,side key,w15_step5_highpass_atlas_mean_trace,8.0,atlas_region_mean_trace,atlas_region_mean_trace_meanfc_modules,,
Drosophila,2018-11-03_5,EPA_R,0.2687112730180901,0.8194473327278764,0.0793462826056739,0.6425887016190827,3.4064992436989727,0.0387523257988267,0.9952536429801064,side key,w15_step5_highpass_atlas_mean_trace,1.0,atlas_region_mean_trace,atlas_region_mean_trace_meanfc_modules,,
Drosophila,2018-11-03_5,GA_R,0.2682539436748594,0.903341206880467,0.0120531619369575,0.594460946350238,3.5953453170779506,0.0337702973629423,0.9922529062186344,side key,w15_step5_highpass_atlas_mean_trace,1.0,atlas_region_mean_trace,atlas_region_mean_trace_meanfc_modules,,
Drosophila,2018-11-03_5,GOR_R,0.2653996444301442,0.8341112755140783,0.0815386759853029,0.6541142100981903,4.461662171237038,0.0384801938097369,0.9943274025363495,side key,w15_step5_highpass_atlas_mean_trace,1.0,atlas_region_mean_trace,atlas_region_mean_trace_meanfc_modules,,
Drosophila,2018-11-03_5,IB_R,0.2669330588286165,0.807669195787589,0.0965880593874338,0.6205994914491829,4.125718824375639,0.0369458796190252,0.993574667076636,side key,w15_step5_highpass_atlas_mean_trace,4.0,atlas_region_mean_trace,atlas_region_mean_trace_meanfc_modules,,
Drosophila,2018-11-03_5,ICL_R,0.2685546476898164,0.7371300588210004,0.1440153627506163,0.6779009743561621,3.300284327934988,0.0371814369110986,0.9908821464065316,side key,w15_step5_highpass_atlas_mean_trace,8.0,atlas_region_mean_trace,atlas_region_mean_trace_meanfc_modules,,
Drosophila,2018-11-03_5,IPS_R,0.2947286224724443,0.4601802617295418,0.18092833343583,0.7217551976829064,3.91344802179056,0.0403969560973464,0.8392596534337735,side key,w15_step5_highpass_atlas_mean_trace,11.0,atlas_region_mean_trace,atlas_region_mean_trace_meanfc_modules,,
Drosophila,2018-11-03_5,IVLP_R,0.2790518389339439,0.5833892654089857,0.1761826968876498,0.733563182460558,2.1113791313802444,0.040065466990419,0.9505237132227432,side key,w15_step5_highpass_atlas_mean_trace,5.0,atlas_region_mean_trace,atlas_region_mean_trace_meanfc_modules,,
Drosophila,2018-11-03_5,LAL_R,0.2877607229637999,0.5153782702518545,0.2260635185711604,0.7351930628047003,3.2234582742025,0.0419685104907107,0.9087522059277268,side key,w15_step5_highpass_atlas_mean_trace,9.0,atlas_region_mean_trace,atlas_region_mean_trace_meanfc_modules,,
Drosophila,2018-11-03_5,LB_R,0.2614530666203528,0.8769222123243964,0.0427341882830653,0.6619371903284489,5.066449596138189,0.0352038939541088,0.9947872091860384,side key,w15_step5_highpass_atlas_mean_trace,1.0,atlas_region_mean_trace,atlas_region_mean_trace_meanfc_modules,,
Drosophila,2018-11-03_5,LH_R,0.2822156389713754,0.6648485314096604,0.1550586707937378,0.6839266539324221,1.3349147443282965,0.0423359957636178,0.9712238343023974,side key,w15_step5_highpass_atlas_mean_trace,14.0,atlas_region_mean_trace,atlas_region_mean_trace_meanfc_modules,,
Drosophila,2018-11-03_5,LO_R,0.2772581970037177,0.8028701251296536,0.026683723310136,0.6783160805914957,4.899167399414373,0.0386054039497075,0.994824273924092,side key,w15_step5_highpass_atlas_mean_trace,19.0,atlas_region_mean_trace,atlas_region_mean_trace_meanfc_modules,,
Drosophila,2018-11-03_5,MB_R,0.2883430286499613,0.5332662138686355,0.2207099690506619,0.6377460396361869,3.424276025551994,0.0417849186801774,0.895581491161214,side key,w15_step5_highpass_atlas_mean_trace,16.0,atlas_region_mean_trace,atlas_region_mean_trace_meanfc_modules,,
Drosophila,2018-11-03_5,ME_R,0.2673789568847033,0.896819898291195,0.0250681884600283,0.5973935061794928,3.2558656307508578,0.0350871763287291,0.9936625092666987,side key,w15_step5_highpass_atlas_mean_trace,22.0,atlas_region_mean_trace,atlas_region_mean_trace_meanfc_modules,,
Drosophila,2018-11-03_5,OTU_R,0.2689792481605974,0.7378332326977544,0.1277368985207634,0.6402524475554529,4.600099026494883,0.0373960387614257,0.9845078135273684,side key,w15_step5_highpass_atlas_mean_trace,3.0,atlas_region_mean_trace,atlas_region_mean_trace_meanfc_modules,,
Drosophila,2018-11-03_5,PLP_R,0.2795155612309962,0.5861205869642211,0.1745772007752662,0.6880998202515193,2.2203745126698125,0.0407675356778255,0.9514415401891324,side key,w15_step5_highpass_atlas_mean_trace,15.0,atlas_region_mean_trace,atlas_region_mean_trace_meanfc_modules,,
Drosophila,2018-11-03_5,PVLP_R,0.2743967067181346,0.613122348178356,0.197367692541613,0.7203653191682495,1.4409959887998198,0.0407231274835957,0.9646838875001816,side key,w15_step5_highpass_atlas_mean_trace,17.0,atlas_region_mean_trace,atlas_region_mean_trace_meanfc_modules,,
Drosophila,2018-11-03_5,SCL_R,0.2754870301828315,0.6686962101724442,0.1569414547376759,0.6902461037888479,2.867913878039695,0.042393241954708,0.9695119327348426,side key,w15_step5_highpass_atlas_mean_trace,6.0,atlas_region_mean_trace,atlas_region_mean_trace_meanfc_modules,,
Drosophila,2018-11-03_5,SIP_R,0.2716039544066149,0.6818375930119227,0.1223296442056735,0.6535562493509488,4.030618425414411,0.0382989155008102,0.974936733972434,side key,w15_step5_highpass_atlas_mean_trace,6.0,atlas_region_mean_trace,atlas_region_mean_trace_meanfc_modules,,
Drosophila,2018-11-03_5,SLP_R,0.2744416750066381,0.6077701287037965,0.2117378306375285,0.692344237946762,2.6933509502781545,0.03956710612566,0.9527164727739998,side key,w15_step5_highpass_atlas_mean_trace,22.0,atlas_region_mean_trace,atlas_region_mean_trace_meanfc_modules,,
Drosophila,2018-11-03_5,SMP_R,0.2800342153491034,0.6459467512427796,0.1838356282830821,0.6619972933096426,2.0727163653134646,0.0397638843728351,0.9641165586176548,side key,w15_step5_highpass_atlas_mean_trace,21.0,atlas_region_mean_trace,atlas_region_mean_trace_meanfc_modules,,
Drosophila,2018-11-03_5,SPS_R,0.2835413039258281,0.5317895508441451,0.1750531352503904,0.7306781586366252,4.00939404161707,0.043004578015372,0.9050514924132508,side key,w15_step5_highpass_atlas_mean_trace,12.0,atlas_region_mean_trace,atlas_region_mean_trace_meanfc_modules,,
Drosophila,2018-11-03_5,VES_R,0.2917291550141004,0.4459335819263343,0.2439557320908668,0.7242674887906,3.6478358430300095,0.0391685900220183,0.846321691186897,side key,w15_step5_highpass_atlas_mean_trace,6.0,atlas_region_mean_trace,atlas_region_mean_trace_meanfc_modules,,
Drosophila,2018-11-03_5,WED_R,0.2927070561305683,0.5582907482350736,0.1445190058344163,0.7425922865314109,5.240750944792032,0.0459352977083178,0.9241307494560472,side key,w15_step5_highpass_atlas_mean_trace,1.0,atlas_region_mean_trace,atlas_region_mean_trace_meanfc_modules,,
Drosophila,2018-11-03_5,AL_L,0.2862475698446746,0.5595740662496814,0.1785989444120956,0.6665908098038054,3.629692459574636,0.0417060797877857,0.8976352205065369,side key,w15_step5_highpass_atlas_mean_trace,22.0,atlas_region_mean_trace,atlas_region_mean_trace_meanfc_modules,,
Drosophila,2018-11-03_5,AME_L,0.2670157719010926,0.819208963231124,0.0618316199495129,0.6258302398264898,4.857488055434258,0.0383307605724318,0.9945334645665498,side key,w15_step5_highpass_atlas_mean_trace,1.0,atlas_region_mean_trace,atlas_region_mean_trace_meanfc_modules,,
Drosophila,2018-11-03_5,AMMC_L,0.2643533379646545,0.8377141917177215,0.0692912090007067,0.6299841369063841,4.102166240920919,0.0357069218372008,0.9963152851510372,side key,w15_step5_highpass_atlas_mean_trace,4.0,atlas_region_mean_trace,atlas_region_mean_trace_meanfc_modules,,
Drosophila,2018-11-03_5,ATL_L,0.2714754127230988,0.7515486947705514,0.027472721099595,0.596792218037607,5.08921301789574,0.0362808512537646,0.9946024949718054,side key,w15_step5_highpass_atlas_mean_trace,1.0,atlas_region_mean_trace,atlas_region_mean_trace_meanfc_modules,,
Drosophila,2018-11-03_5,AVLP_L,0.2982850159367771,0.689664051586565,0.0822663683987589,0.6336642733802358,5.095212549593558,0.0395294820741457,0.9545213446384504,side key,w15_step5_highpass_atlas_mean_trace,34.0,atlas_region_mean_trace,atlas_region_mean_trace_meanfc_modules,,
Drosophila,2018-11-03_5,CRE_L,0.2835017396509726,0.5841323206921955,0.2080451175326562,0.7315012431067855,3.1172806167566183,0.0418641369368645,0.93235630516012,side key,w15_step5_highpass_atlas_mean_trace,10.0,atlas_region_mean_trace,atlas_region_mean_trace_meanfc_modules,,
Drosophila,2018-11-03_5,EPA_L,0.2639483054493135,0.8489959924354815,0.0593034894311007,0.6784220622248104,3.668720870187576,0.0349925380583833,0.9947982358956684,side key,w15_step5_highpass_atlas_mean_trace,1.0,atlas_region_mean_trace,atlas_region_mean_trace_meanfc_modules,,
Drosophila,2018-11-03_5,GA_L,0.2674687412635539,0.8909043875402135,0.0416657195408994,0.6589490423351084,5.847278698002248,0.0360396934394394,0.9940413421975056,side key,w15_step5_highpass_atlas_mean_trace,1.0,atlas_region_mean_trace,atlas_region_mean_trace_meanfc_modules,,
Drosophila,2018-11-03_5,GOR_L,0.2651419151950978,0.8176746089641989,0.103172973443913,0.6399415799673449,3.6092228627864182,0.0377852590764736,0.9955090331515456,side key,w15_step5_highpass_atlas_mean_trace,1.0,atlas_region_mean_trace,atlas_region_mean_trace_meanfc_modules,,
Drosophila,2018-11-03_5,IB_L,0.2775567941315179,0.629239214783094,0.1641175978645645,0.6717951274248143,3.727797334592746,0.0423058364773536,0.9730744017026614,side key,w15_step5_highpass_atlas_mean_trace,3.0,atlas_region_mean_trace,atlas_region_mean_trace_meanfc_modules,,
Drosophila,2018-11-03_5,ICL_L,0.2739329869005302,0.7330755040450514,0.1548767691628299,0.6923168314283625,3.117612076224342,0.036974004725487,0.9867287579209508,side key,w15_step5_highpass_atlas_mean_trace,8.0,atlas_region_mean_trace,atlas_region_mean_trace_meanfc_modules,,
Drosophila,2018-11-03_5,IPS_L,0.2936043875891639,0.4527213533119885,0.2097379495275257,0.7502359664391073,3.245446957653266,0.043371507080697,0.8310775798691692,side key,w15_step5_highpass_atlas_mean_trace,8.0,atlas_region_mean_trace,atlas_region_mean_trace_meanfc_modules,,
Drosophila,2018-11-03_5,IVLP_L,0.2799965950876175,0.6609049241465794,0.1692847051621287,0.715725543014221,1.5003555729983082,0.0424888913428318,0.9779348619241592,side key,w15_step5_highpass_atlas_mean_trace,7.0,atlas_region_mean_trace,atlas_region_mean_trace_meanfc_modules,,
Drosophila,2018-11-03_5,LAL_L,0.2856527888183328,0.4995448273163219,0.2314107028331581,0.7470460322944061,2.841233791057721,0.0385834280877061,0.8986406337772438,side key,w15_step5_highpass_atlas_mean_trace,5.0,atlas_region_mean_trace,atlas_region_mean_trace_meanfc_modules,,
Drosophila,2018-11-03_5,LB_L,0.2632763299299156,0.8833523078558336,0.0316942697966102,0.620161962289782,4.800761869518359,0.0352926214770866,0.9933396648916116,side key,w15_step5_highpass_atlas_mean_trace,1.0,atlas_region_mean_trace,atlas_region_mean_trace_meanfc_modules,,
Drosophila,2018-11-03_5,LH_L,0.2778447936518158,0.6796362738337712,0.1598621096088088,0.6677101843047862,1.8829669676443568,0.0397547870573377,0.9719025870414734,side key,w15_step5_highpass_atlas_mean_trace,11.0,atlas_region_mean_trace,atlas_region_mean_trace_meanfc_modules,,
Drosophila,2018-11-03_5,LO_L,0.2752469219238292,0.7896336332345198,0.0814964628612892,0.702762273474571,6.012334531923022,0.0409108699546207,0.9922270941018448,side key,w15_step5_highpass_atlas_mean_trace,23.0,atlas_region_mean_trace,atlas_region_mean_trace_meanfc_modules,,
Drosophila,2018-11-03_5,MB_L,0.28774319842613,0.5189452360269731,0.2318308479349784,0.7118177460615929,3.049223401456318,0.0426349094416814,0.8796421771213925,side key,w15_step5_highpass_atlas_mean_trace,16.0,atlas_region_mean_trace,atlas_region_mean_trace_meanfc_modules,,
Drosophila,2018-11-03_5,ME_L,0.2674298934727275,0.8839574057367477,0.0486095542619845,0.6356879329583567,4.417665342664942,0.0387714359788735,0.9934307722859812,side key,w15_step5_highpass_atlas_mean_trace,19.0,atlas_region_mean_trace,atlas_region_mean_trace_meanfc_modules,,
Drosophila,2018-11-03_5,OTU_L,0.2725929331564841,0.7705757440372726,0.1168332619119868,0.6409217358251075,4.479527385363742,0.0405765566188157,0.9933771782353656,side key,w15_step5_highpass_atlas_mean_trace,4.0,atlas_region_mean_trace,atlas_region_mean_trace_meanfc_modules,,
Drosophila,2018-11-03_5,PLP_L,0.2719983705406097,0.6319731320476145,0.1761402896175922,0.69784363317894,3.916217187091146,0.0413409036354554,0.9759033043833928,side key,w15_step5_highpass_atlas_mean_trace,13.0,atlas_region_mean_trace,atlas_region_mean_trace_meanfc_modules,,
Drosophila,2018-11-03_5,PVLP_L,0.2718959508385434,0.7535343154796028,0.1314415019654458,0.6719610538765112,3.777284637354759,0.0382841966269487,0.9914342754641796,side key,w15_step5_highpass_atlas_mean_trace,11.0,atlas_region_mean_trace,atlas_region_mean_trace_meanfc_modules,,
Drosophila,2018-11-03_5,SCL_L,0.277118553843454,0.7196667560933847,0.1452290408327924,0.7402623210138632,3.177400782747726,0.0436428603924319,0.9882664521451202,side key,w15_step5_highpass_atlas_mean_trace,8.0,atlas_region_mean_trace,atlas_region_mean_trace_meanfc_modules,,
Drosophila,2018-11-03_5,SIP_L,0.2749118889802383,0.6873202334211375,0.117883580025181,0.6734473670213382,3.0329900760239186,0.0393318094558496,0.9786047324895404,side key,w15_step5_highpass_atlas_mean_trace,7.0,atlas_region_mean_trace,atlas_region_mean_trace_meanfc_modules,,
Drosophila,2018-11-03_5,SLP_L,0.2708750039991721,0.6593721462134621,0.1883981259401254,0.6939366553628465,2.7128845694181147,0.0387228771173737,0.9754682933140943,side key,w15_step5_highpass_atlas_mean_trace,23.0,atlas_region_mean_trace,atlas_region_mean_trace_meanfc_modules,,
Drosophila,2018-11-03_5,SMP_L,0.2801767733511457,0.6255784779840308,0.1736939113897073,0.6285033113813226,3.3959029920614103,0.0393965642449371,0.9560744015867202,side key,w15_step5_highpass_atlas_mean_trace,22.0,atlas_region_mean_trace,atlas_region_mean_trace_meanfc_modules,,
Drosophila,2018-11-03_5,SPS_L,0.2856398244984869,0.5097958047732519,0.2061318046009791,0.7594418894183392,3.4469807979910883,0.0472944758959859,0.8864679898903756,side key,w15_step5_highpass_atlas_mean_trace,15.0,atlas_region_mean_trace,atlas_region_mean_trace_meanfc_modules,,
Drosophila,2018-11-03_5,VES_L,0.2911056963207122,0.490842662235967,0.2325973736023707,0.7466116213799328,2.775450015973899,0.0427767777187677,0.8795489465047058,side key,w15_step5_highpass_atlas_mean_trace,6.0,atlas_region_mean_trace,atlas_region_mean_trace_meanfc_modules,,
Drosophila,2018-11-03_5,WED_L,0.2964227952793455,0.4895169144485628,0.1801935413648813,0.7271118413219859,3.542938777749098,0.0437282592204329,0.8593802101807968,side key,w15_step5_highpass_atlas_mean_trace,1.0,atlas_region_mean_trace,atlas_region_mean_trace_meanfc_modules,,
Drosophila,2018-11-03_5,EB,0.2788332389836436,0.7840885266248422,0.0927738151207195,0.6542262441368858,2.318785287655152,0.0361972269606765,0.9860590987858308,side key,w15_step5_highpass_atlas_mean_trace,3.0,atlas_region_mean_trace,atlas_region_mean_trace_meanfc_modules,,
Drosophila,2018-11-03_5,FB,0.2838546391421439,0.6703790831709365,0.1092888996703673,0.6367698128020352,3.75203375670862,0.038827063114481,0.97959177957119,side key,w15_step5_highpass_atlas_mean_trace,13.0,atlas_region_mean_trace,atlas_region_mean_trace_meanfc_modules,,
Drosophila,2018-11-03_5,FLA,0.2774690607962365,0.6175296808559015,0.2002940697679199,0.707108899656342,4.105705337006869,0.0412111657194318,0.9646243695313288,side key,w15_step5_highpass_atlas_mean_trace,6.0,atlas_region_mean_trace,atlas_region_mean_trace_meanfc_modules,,
Drosophila,2018-11-03_5,NO,0.2633056237201966,0.8805262037991546,0.0442554349465763,0.6207834317514312,3.450825837324239,0.0355187138254705,0.9925984217954704,side key,w15_step5_highpass_atlas_mean_trace,1.0,atlas_region_mean_trace,atlas_region_mean_trace_meanfc_modules,,
Drosophila,2018-11-03_5,PB,0.282084207554112,0.8478963802599642,0.0225051924103924,0.6456221066035296,5.076235806209211,0.0358148377380392,0.991699132563122,side key,w15_step5_highpass_atlas_mean_trace,1.0,atlas_region_mean_trace,atlas_region_mean_trace_meanfc_modules,,
Drosophila,2018-11-03_5,PRW,0.2829345399541575,0.7205319395348502,0.1530159921613463,0.65317128344228,4.6911117344545525,0.0385756102567201,0.9747932498344514,side key,w15_step5_highpass_atlas_mean_trace,7.0,atlas_region_mean_trace,atlas_region_mean_trace_meanfc_modules,,
Drosophila,2018-11-03_5,SAD,0.2846788667674063,0.4982964356601913,0.2286654674193308,0.7258472098224131,2.975865875158733,0.0404261853745076,0.8809924610804676,side key,w15_step5_highpass_atlas_mean_trace,20.0,atlas_region_mean_trace,atlas_region_mean_trace_meanfc_modules,,
Drosophila,2018-11-03_5,SOG,0.2951150256948636,0.4585858491174797,0.2140066548219536,0.6846277644220008,3.5359755640994184,0.0433779604556171,0.8270995998076985,side key,w15_step5_highpass_atlas_mean_trace,70.0,atlas_region_mean_trace,atlas_region_mean_trace_meanfc_modules,,
Drosophila,2018-12-12_2,AL_R,0.3031890854753193,0.732426115879881,0.1285019686160603,0.6280898702982901,4.582994348359299,0.0287635894874032,0.9700820979480008,side key,w15_step5_highpass_atlas_mean_trace,23.0,atlas_region_mean_trace,atlas_region_mean_trace_meanfc_modules,,
Drosophila,2018-12-12_2,AME_R,0.2642343463556059,0.8885188358538422,0.0129251519670534,0.5891731522292272,5.201271081954077,0.0287661205911015,0.9952810965958412,side key,w15_step5_highpass_atlas_mean_trace,1.0,atlas_region_mean_trace,atlas_region_mean_trace_meanfc_modules,,
Drosophila,2018-12-12_2,AMMC_R,0.2815386813054395,0.7493177524940696,0.0767997235277724,0.6299334123153967,3.7094996355815577,0.0379665169614262,0.9878416130152746,side key,w15_step5_highpass_atlas_mean_trace,4.0,atlas_region_mean_trace,atlas_region_mean_trace_meanfc_modules,,
Drosophila,2018-12-12_2,ATL_R,0.292450469742662,0.7271312770092881,0.057442302868492,0.5708461277344172,3.733419518417044,0.0302012626913702,0.9793199492402764,side key,w15_step5_highpass_atlas_mean_trace,1.0,atlas_region_mean_trace,atlas_region_mean_trace_meanfc_modules,,
Drosophila,2018-12-12_2,AVLP_R,0.2995981643974577,0.7198244218966703,0.0889231216798589,0.7009778558868294,9.747839476316402,0.0391906543929791,0.9729267104095972,side key,w15_step5_highpass_atlas_mean_trace,28.0,atlas_region_mean_trace,atlas_region_mean_trace_meanfc_modules,,
Drosophila,2018-12-12_2,CRE_R,0.297049638866118,0.6933886226512109,0.0979441311054757,0.59079149808703,3.700956738610657,0.0311153142996305,0.9741907440432972,side key,w15_step5_highpass_atlas_mean_trace,8.0,atlas_region_mean_trace,atlas_region_mean_trace_meanfc_modules,,
Drosophila,2018-12-12_2,EPA_R,0.2775070627917372,0.7798407288314252,0.0760186552634485,0.6201200536120495,5.951649702696714,0.033849950544124,0.9902783293598674,side key,w15_step5_highpass_atlas_mean_trace,1.0,atlas_region_mean_trace,atlas_region_mean_trace_meanfc_modules,,
Drosophila,2018-12-12_2,GA_R,0.2642043426127013,0.8932461434246172,0.0115656758849142,0.506837181644264,2.201989490377001,0.0278544558620834,0.9968756096290344,side key,w15_step5_highpass_atlas_mean_trace,1.0,atlas_region_mean_trace,atlas_region_mean_trace_meanfc_modules,,
Drosophila,2018-12-12_2,GOR_R,0.2754624206307569,0.7470722886058652,0.1008027638661624,0.6212206849034948,4.300080560101717,0.0319219775879038,0.9862588298902876,side key,w15_step5_highpass_atlas_mean_trace,1.0,atlas_region_mean_trace,atlas_region_mean_trace_meanfc_modules,,
Drosophila,2018-12-12_2,IB_R,0.2797086515050956,0.778077025122145,0.0827240143767912,0.6349916353930083,4.834080415348083,0.0289937003816956,0.991683172503928,side key,w15_step5_highpass_atlas_mean_trace,4.0,atlas_region_mean_trace,atlas_region_mean_trace_meanfc_modules,,
Drosophila,2018-12-12_2,ICL_R,0.2806815931287554,0.7678486138290676,0.1092489546516359,0.6824099392661079,4.431150008261336,0.0294608115454249,0.9889952952061898,side key,w15_step5_highpass_atlas_mean_trace,8.0,atlas_region_mean_trace,atlas_region_mean_trace_meanfc_modules,,
Drosophila,2018-12-12_2,IPS_R,0.3099915966532597,0.6188087377679578,0.1278176503363349,0.6331445474837372,3.786379456625228,0.0447603405945017,0.954416150219553,side key,w15_step5_highpass_atlas_mean_trace,11.0,atlas_region_mean_trace,atlas_region_mean_trace_meanfc_modules,,
Drosophila,2018-12-12_2,IVLP_R,0.2866320002494706,0.7022978997336974,0.1299737648685521,0.6930711046539236,5.129790078378881,0.0387994246584158,0.9773140195249898,side key,w15_step5_highpass_atlas_mean_trace,5.0,atlas_region_mean_trace,atlas_region_mean_trace_meanfc_modules,,
Drosophila,2018-12-12_2,LAL_R,0.2954407960608173,0.6882588936767309,0.1363691343022559,0.6593590730128549,2.9093691191311604,0.0368544816752184,0.9732924444351376,side key,w15_step5_highpass_atlas_mean_trace,9.0,atlas_region_mean_trace,atlas_region_mean_trace_meanfc_modules,,
Drosophila,2018-12-12_2,LB_R,0.2714668205355646,0.897371847126339,0.0214901218456845,0.5623500865671539,5.56256172247277,0.0322698748352255,0.995208857173714,side key,w15_step5_highpass_atlas_mean_trace,1.0,atlas_region_mean_trace,atlas_region_mean_trace_meanfc_modules,,
Drosophila,2018-12-12_2,LH_R,0.2832080211089413,0.767622062703117,0.0740932899331733,0.6260281669204635,3.892001032094022,0.0285106324940966,0.9853004841102077,side key,w15_step5_highpass_atlas_mean_trace,14.0,atlas_region_mean_trace,atlas_region_mean_trace_meanfc_modules,,
Drosophila,2018-12-12_2,LO_R,0.2733194774362668,0.8575467596957667,0.0299144494302978,0.6378262910995156,5.669643497637512,0.0295144977355497,0.9947834893941554,side key,w15_step5_highpass_atlas_mean_trace,27.0,atlas_region_mean_trace,atlas_region_mean_trace_meanfc_modules,,
Drosophila,2018-12-12_2,LOP_R,0.2651264187693632,0.912794125497324,0.0021645808758953,0.6434416278306082,4.476722202419595,0.0271956097956381,0.9938799591199518,side key,w15_step5_highpass_atlas_mean_trace,3.0,atlas_region_mean_trace,atlas_region_mean_trace_meanfc_modules,,
Drosophila,2018-12-12_2,MB_R,0.2987270789578072,0.6743719345503898,0.1355920047575537,0.6891614795986688,5.638707651664602,0.0321731777184217,0.9601862526892984,side key,w15_step5_highpass_atlas_mean_trace,16.0,atlas_region_mean_trace,atlas_region_mean_trace_meanfc_modules,,
Drosophila,2018-12-12_2,ME_R,0.2637108206922189,0.8694824911196694,-0.003952293260451,0.5802605827760956,3.955175938952975,0.0286590165617493,0.9961274390788228,side key,w15_step5_highpass_atlas_mean_trace,23.0,atlas_region_mean_trace,atlas_region_mean_trace_meanfc_modules,,
Drosophila,2018-12-12_2,OTU_R,0.2761185624322625,0.8025751682940333,0.0696838210805058,0.6085115706863808,3.657521288882231,0.0287235080954542,0.992603581418068,side key,w15_step5_highpass_atlas_mean_trace,3.0,atlas_region_mean_trace,atlas_region_mean_trace_meanfc_modules,,
Drosophila,2018-12-12_2,PLP_R,0.2872282686961387,0.7315791614355776,0.114215305639467,0.7082212541797253,5.902706884483627,0.035037418285884,0.982282970382497,side key,w15_step5_highpass_atlas_mean_trace,15.0,atlas_region_mean_trace,atlas_region_mean_trace_meanfc_modules,,
Drosophila,2018-12-12_2,PVLP_R,0.2844807961937398,0.7517936764395932,0.1018000546421431,0.7190259997851146,5.754181647789864,0.0341696896167502,0.9845311005399362,side key,w15_step5_highpass_atlas_mean_trace,17.0,atlas_region_mean_trace,atlas_region_mean_trace_meanfc_modules,,
Drosophila,2018-12-12_2,SCL_R,0.2806384017650322,0.7881266423204655,0.0891751655112764,0.6265562586307006,4.536887759416752,0.0289480098814695,0.9895672322999708,side key,w15_step5_highpass_atlas_mean_trace,6.0,atlas_region_mean_trace,atlas_region_mean_trace_meanfc_modules,,
Drosophila,2018-12-12_2,SIP_R,0.2917409026729793,0.6997101637709243,0.1086745491788331,0.5990908044486798,4.49185661510406,0.0310093939296854,0.9796597533249028,side key,w15_step5_highpass_atlas_mean_trace,6.0,atlas_region_mean_trace,atlas_region_mean_trace_meanfc_modules,,
Drosophila,2018-12-12_2,SLP_R,0.2831114520339569,0.6858778179563416,0.146908871680156,0.6426855675611879,4.908685823199978,0.0321717613750105,0.9792350330138192,side key,w15_step5_highpass_atlas_mean_trace,22.0,atlas_region_mean_trace,atlas_region_mean_trace_meanfc_modules,,
Drosophila,2018-12-12_2,SMP_R,0.2984928210456273,0.6289331882670057,0.1147934157363933,0.5934906008265202,6.961586664082505,0.0287461636186034,0.951623911313466,side key,w15_step5_highpass_atlas_mean_trace,21.0,atlas_region_mean_trace,atlas_region_mean_trace_meanfc_modules,,
Drosophila,2018-12-12_2,SPS_R,0.3016207161039038,0.6350946423191055,0.131855440559087,0.6976169975525637,5.209858254276635,0.0379609668411778,0.9563275876830726,side key,w15_step5_highpass_atlas_mean_trace,12.0,atlas_region_mean_trace,atlas_region_mean_trace_meanfc_modules,,
Drosophila,2018-12-12_2,VES_R,0.2975179945404806,0.6910181911338522,0.1290125320977461,0.7007216230193108,4.540883143503512,0.0412160711719305,0.9712140860617492,side key,w15_step5_highpass_atlas_mean_trace,6.0,atlas_region_mean_trace,atlas_region_mean_trace_meanfc_modules,,
Drosophila,2018-12-12_2,WED_R,0.2746249822517863,0.8449610320014556,0.0441779175315329,0.6142304136418827,3.706572704170148,0.0343539828373455,0.9953134964418352,side key,w15_step5_highpass_atlas_mean_trace,1.0,atlas_region_mean_trace,atlas_region_mean_trace_meanfc_modules,,
Drosophila,2018-12-12_2,AL_L,0.3043551951402595,0.7104708080675634,0.12088558270698,0.6008499193490442,2.866666855312419,0.0328078633386399,0.9618704582990796,side key,w15_step5_highpass_atlas_mean_trace,22.0,atlas_region_mean_trace,atlas_region_mean_trace_meanfc_modules,,
Drosophila,2018-12-12_2,AME_L,0.268120602969156,0.885957752571328,0.0250253978962488,0.5568694417808381,4.399776825166989,0.0284270119612886,0.9962730739183157,side key,w15_step5_highpass_atlas_mean_trace,1.0,atlas_region_mean_trace,atlas_region_mean_trace_meanfc_modules,,
Drosophila,2018-12-12_2,AMMC_L,0.2812321169743913,0.7952735477380303,0.0738416035057066,0.6615906950765924,4.189208666167846,0.0371457370769387,0.9933293272934276,side key,w15_step5_highpass_atlas_mean_trace,4.0,atlas_region_mean_trace,atlas_region_mean_trace_meanfc_modules,,
Drosophila,2018-12-12_2,ATL_L,0.2881841357906533,0.722470896253092,0.0469308688952883,0.5831434263256965,4.504338083650895,0.0310155807429042,0.9841145244985996,side key,w15_step5_highpass_atlas_mean_trace,1.0,atlas_region_mean_trace,atlas_region_mean_trace_meanfc_modules,,
Drosophila,2018-12-12_2,AVLP_L,0.3038232815171033,0.7239027812105548,0.1007300465181727,0.6676345116181897,6.4282825032300295,0.0414784206170466,0.9765072877125364,side key,w15_step5_highpass_atlas_mean_trace,34.0,atlas_region_mean_trace,atlas_region_mean_trace_meanfc_modules,,
Drosophila,2018-12-12_2,CRE_L,0.3020386235888395,0.6140624586227433,0.1015475997710971,0.5012562047268534,3.683971183389581,0.032393226320858,0.9515783127928152,side key,w15_step5_highpass_atlas_mean_trace,10.0,atlas_region_mean_trace,atlas_region_mean_trace_meanfc_modules,,
Drosophila,2018-12-12_2,EPA_L,0.2747327737319841,0.7958856760597611,0.0770191888927915,0.6213104634214283,3.8789215938551753,0.0398821829337281,0.990692937001677,side key,w15_step5_highpass_atlas_mean_trace,1.0,atlas_region_mean_trace,atlas_region_mean_trace_meanfc_modules,,
Drosophila,2018-12-12_2,GA_L,0.2658027443005278,0.8734015315673296,0.0304921647281265,0.5758372997238478,3.9084129351683146,0.0262099056718757,0.995770776184421,side key,w15_step5_highpass_atlas_mean_trace,1.0,atlas_region_mean_trace,atlas_region_mean_trace_meanfc_modules,,
Drosophila,2018-12-12_2,GOR_L,0.2731726422332728,0.8210773578354208,0.0838261316856104,0.663125154022781,5.015583265620003,0.0300866035072622,0.9951700426497432,side key,w15_step5_highpass_atlas_mean_trace,1.0,atlas_region_mean_trace,atlas_region_mean_trace_meanfc_modules,,
Drosophila,2018-12-12_2,IB_L,0.2761056496588497,0.7816235093945335,0.1128198473001532,0.6663533186699593,3.748213044416401,0.0331341100647784,0.991078251763566,side key,w15_step5_highpass_atlas_mean_trace,3.0,atlas_region_mean_trace,atlas_region_mean_trace_meanfc_modules,,
Drosophila,2018-12-12_2,ICL_L,0.2797969157875554,0.7696105895640138,0.108811148957079,0.5945075844329529,5.095118682102711,0.0309646357453331,0.9923597799835622,side key,w15_step5_highpass_atlas_mean_trace,8.0,atlas_region_mean_trace,atlas_region_mean_trace_meanfc_modules,,
Drosophila,2018-12-12_2,IPS_L,0.3079639024441491,0.6731677025490509,0.1221199856573846,0.633935847038639,3.743803555884412,0.0450021100524884,0.9609470866378742,side key,w15_step5_highpass_atlas_mean_trace,8.0,atlas_region_mean_trace,atlas_region_mean_trace_meanfc_modules,,
Drosophila,2018-12-12_2,IVLP_L,0.2836829238477685,0.7715305059132234,0.1031629021306541,0.64724307607765,6.2846571926550885,0.0335221971259972,0.988785174322331,side key,w15_step5_highpass_atlas_mean_trace,7.0,atlas_region_mean_trace,atlas_region_mean_trace_meanfc_modules,,
Drosophila,2018-12-12_2,LAL_L,0.2889491444440666,0.7208538069091492,0.1413218828502472,0.6575609917403388,2.595681149133324,0.0311991214874873,0.9802498548445138,side key,w15_step5_highpass_atlas_mean_trace,5.0,atlas_region_mean_trace,atlas_region_mean_trace_meanfc_modules,,
Drosophila,2018-12-12_2,LB_L,0.2640003510508657,0.8508937255995831,0.0460100023838382,0.5797786081259553,5.007489973217713,0.0313632523317939,0.9946747767203588,side key,w15_step5_highpass_atlas_mean_trace,1.0,atlas_region_mean_trace,atlas_region_mean_trace_meanfc_modules,,
Drosophila,2018-12-12_2,LH_L,0.2832679561035979,0.7017106958835153,0.105489684825673,0.6081155090601741,3.5088493993448173,0.0318507458133137,0.968927048435281,side key,w15_step5_highpass_atlas_mean_trace,11.0,atlas_region_mean_trace,atlas_region_mean_trace_meanfc_modules,,
Drosophila,2018-12-12_2,LO_L,0.273515325263644,0.8219009089918186,0.0110843639937125,0.5894330515231541,4.807638223720673,0.0323153762572144,0.9961038347900492,side key,w15_step5_highpass_atlas_mean_trace,21.0,atlas_region_mean_trace,atlas_region_mean_trace_meanfc_modules,,
Drosophila,2018-12-12_2,MB_L,0.2999739661718008,0.6477947856649425,0.1593594442097249,0.6331721034094208,2.661148657397972,0.0337988076134902,0.9490591782292171,side key,w15_step5_highpass_atlas_mean_trace,16.0,atlas_region_mean_trace,atlas_region_mean_trace_meanfc_modules,,
Drosophila,2018-12-12_2,ME_L,0.2651921529506201,0.8920620736318488,0.0225005551395959,0.5890664936004046,3.5888451693538834,0.0293068674564406,0.9962310913935134,side key,w15_step5_highpass_atlas_mean_trace,16.0,atlas_region_mean_trace,atlas_region_mean_trace_meanfc_modules,,
Drosophila,2018-12-12_2,OTU_L,0.2734509037371458,0.7946518528083616,0.0938837832329539,0.6513726076785461,4.10807909702446,0.0325001565157811,0.9919912035519024,side key,w15_step5_highpass_atlas_mean_trace,4.0,atlas_region_mean_trace,atlas_region_mean_trace_meanfc_modules,,
Drosophila,2018-12-12_2,PLP_L,0.2960667502235165,0.7145088950975,0.1237639653648009,0.7006278984580957,5.503442983892125,0.0387686714200321,0.9779294438993492,side key,w15_step5_highpass_atlas_mean_trace,13.0,atlas_region_mean_trace,atlas_region_mean_trace_meanfc_modules,,
Drosophila,2018-12-12_2,PVLP_L,0.2939888916293074,0.7583259540872499,0.0918270498668688,0.7311494016460615,7.764826477444539,0.0417580512252556,0.9866963852970262,side key,w15_step5_highpass_atlas_mean_trace,11.0,atlas_region_mean_trace,atlas_region_mean_trace_meanfc_modules,,
Drosophila,2018-12-12_2,SCL_L,0.2935876014371084,0.699179627950558,0.0937069287549675,0.6660807691046399,4.985328603413857,0.0313386155254658,0.9731250173465196,side key,w15_step5_highpass_atlas_mean_trace,8.0,atlas_region_mean_trace,atlas_region_mean_trace_meanfc_modules,,
Drosophila,2018-12-12_2,SIP_L,0.2837949102503463,0.6951915562230306,0.1265595082917364,0.5469644776438135,4.288258109727489,0.0271889320769805,0.9778243984019191,side key,w15_step5_highpass_atlas_mean_trace,7.0,atlas_region_mean_trace,atlas_region_mean_trace_meanfc_modules,,
Drosophila,2018-12-12_2,SLP_L,0.2875064140938627,0.6225162390603819,0.1016083507122167,0.6029467251302114,5.198029907633073,0.0292598701426422,0.9640003562076528,side key,w15_step5_highpass_atlas_mean_trace,23.0,atlas_region_mean_trace,atlas_region_mean_trace_meanfc_modules,,
Drosophila,2018-12-12_2,SMP_L,0.3066520945717638,0.593636153378819,0.1037338946448863,0.5410904851808808,5.1255084376001765,0.0328006707730329,0.9384318531196356,side key,w15_step5_highpass_atlas_mean_trace,22.0,atlas_region_mean_trace,atlas_region_mean_trace_meanfc_modules,,
Drosophila,2018-12-12_2,SPS_L,0.2988187334555672,0.6944553664643589,0.1319426612864972,0.6387075868402072,3.7608958054049513,0.0427676715612082,0.9715148252540324,side key,w15_step5_highpass_atlas_mean_trace,15.0,atlas_region_mean_trace,atlas_region_mean_trace_meanfc_modules,,
Drosophila,2018-12-12_2,VES_L,0.3041130304030378,0.6939968394747734,0.1355363069603139,0.6313553755153406,3.286384705464004,0.0420108562737087,0.9670819411239168,side key,w15_step5_highpass_atlas_mean_trace,6.0,atlas_region_mean_trace,atlas_region_mean_trace_meanfc_modules,,
Drosophila,2018-12-12_2,WED_L,0.2977858176535792,0.7401919386775225,0.0611385089040256,0.6648879027407895,4.52840594318668,0.0419212735233534,0.9789524501478886,side key,w15_step5_highpass_atlas_mean_trace,1.0,atlas_region_mean_trace,atlas_region_mean_trace_meanfc_modules,,
Drosophila,2018-12-12_2,EB,0.2819304999452814,0.6959073357415339,0.0881900822651484,0.6701654057989141,6.708857154721296,0.0285994973572275,0.9807027117335164,side key,w15_step5_highpass_atlas_mean_trace,3.0,atlas_region_mean_trace,atlas_region_mean_trace_meanfc_modules,,
Drosophila,2018-12-12_2,FB,0.2962609372316416,0.6445090720711957,0.1197281339503591,0.4848993356963618,3.771170878485625,0.0281263263307013,0.9542470918367122,side key,w15_step5_highpass_atlas_mean_trace,13.0,atlas_region_mean_trace,atlas_region_mean_trace_meanfc_modules,,
Drosophila,2018-12-12_2,FLA,0.2797312848972438,0.7567702483292936,0.1075749884667821,0.5589500528467922,3.5065579678901027,0.0339317694765739,0.9853364977678704,side key,w15_step5_highpass_atlas_mean_trace,6.0,atlas_region_mean_trace,atlas_region_mean_trace_meanfc_modules,,
Drosophila,2018-12-12_2,NO,0.271705042910019,0.8284893042306574,0.0578098933282707,0.5543287839893952,3.950488994217627,0.0297137584951122,0.9953622497268654,side key,w15_step5_highpass_atlas_mean_trace,1.0,atlas_region_mean_trace,atlas_region_mean_trace_meanfc_modules,,
Drosophila,2018-12-12_2,PB,0.2867344076054751,0.7403311933501787,0.0678511029830116,0.6365185415477328,5.528567422729427,0.0292705685529051,0.9803032156274716,side key,w15_step5_highpass_atlas_mean_trace,1.0,atlas_region_mean_trace,atlas_region_mean_trace_meanfc_modules,,
Drosophila,2018-12-12_2,PRW,0.2828139053423552,0.8032961428531848,0.0665800890517917,0.6215487870656634,6.027609946286292,0.0298675179998125,0.9921700820044947,side key,w15_step5_highpass_atlas_mean_trace,7.0,atlas_region_mean_trace,atlas_region_mean_trace_meanfc_modules,,
Drosophila,2018-12-12_2,SAD,0.30421606291232,0.6580671349584968,0.1520353809527377,0.6141201657160622,3.604137743040493,0.0480530406403035,0.9525670454546432,side key,w15_step5_highpass_atlas_mean_trace,20.0,atlas_region_mean_trace,atlas_region_mean_trace_meanfc_modules,,
Drosophila,2018-12-12_2,SOG,0.3035742167973262,0.6849450969893658,0.1098042778211678,0.585106536809871,3.5847741386761998,0.0452271531152647,0.9656672166305152,side key,w15_step5_highpass_atlas_mean_trace,71.0,atlas_region_mean_trace,atlas_region_mean_trace_meanfc_modules,,
Drosophila,2018-12-12_3,AL_R,0.2952990369517021,0.5611704753978737,0.1707346966492405,0.6265003876506007,3.5959186592634484,0.0349408104827388,0.9130141678986464,side key,w15_step5_highpass_atlas_mean_trace,23.0,atlas_region_mean_trace,atlas_region_mean_trace_meanfc_modules,,
Drosophila,2018-12-12_3,AME_R,0.2589591485720552,0.9191903292936692,0.0033146504141033,0.61424639678312,3.629983714851442,0.0341862541292925,0.9950125189327936,side key,w15_step5_highpass_atlas_mean_trace,1.0,atlas_region_mean_trace,atlas_region_mean_trace_meanfc_modules,,
Drosophila,2018-12-12_3,AMMC_R,0.2693453552128519,0.8373208394361995,0.0659725850650843,0.6563714847554829,3.353781777931672,0.035277759827525,0.9930172318630734,side key,w15_step5_highpass_atlas_mean_trace,4.0,atlas_region_mean_trace,atlas_region_mean_trace_meanfc_modules,,
Drosophila,2018-12-12_3,ATL_R,0.2767077501117509,0.7441552678236238,0.1042525373689231,0.6921398492878238,1.0265752586764008,0.0349874713098462,0.98835760138917,side key,w15_step5_highpass_atlas_mean_trace,1.0,atlas_region_mean_trace,atlas_region_mean_trace_meanfc_modules,,
Drosophila,2018-12-12_3,AVLP_R,0.2888195407969062,0.6357655567425251,0.1325842263493313,0.6441983395193412,3.5782686323417208,0.0383623218823804,0.9576837452260798,side key,w15_step5_highpass_atlas_mean_trace,28.0,atlas_region_mean_trace,atlas_region_mean_trace_meanfc_modules,,
Drosophila,2018-12-12_3,CRE_R,0.2868571233522907,0.5654398615033275,0.1732816400502453,0.6589310259392586,3.048331131787364,0.0331607226672011,0.9261821112967488,side key,w15_step5_highpass_atlas_mean_trace,8.0,atlas_region_mean_trace,atlas_region_mean_trace_meanfc_modules,,
Drosophila,2018-12-12_3,EPA_R,0.269615273492283,0.7321689950962388,0.0826622891906852,0.656073887966272,2.0171880926256027,0.0368580918754495,0.9878113944455774,side key,w15_step5_highpass_atlas_mean_trace,1.0,atlas_region_mean_trace,atlas_region_mean_trace_meanfc_modules,,
Drosophila,2018-12-12_3,GA_R,0.2727371344267704,0.8307718090863964,0.0428857448648504,0.6576764365728991,5.2265123137834015,0.0333955841501408,0.995100470832186,side key,w15_step5_highpass_atlas_mean_trace,1.0,atlas_region_mean_trace,atlas_region_mean_trace_meanfc_modules,,
Drosophila,2018-12-12_3,GOR_R,0.2718579229526808,0.7660188072423042,0.0805859919121747,0.6471566606165468,3.244946874010747,0.0363191009260697,0.9931871226021296,side key,w15_step5_highpass_atlas_mean_trace,1.0,atlas_region_mean_trace,atlas_region_mean_trace_meanfc_modules,,
Drosophila,2018-12-12_3,IB_R,0.2783691238987332,0.6415350252226243,0.1542810521248045,0.6531095930791968,2.5225389693560887,0.0365316569223813,0.9733056577403876,side key,w15_step5_highpass_atlas_mean_trace,4.0,atlas_region_mean_trace,atlas_region_mean_trace_meanfc_modules,,
Drosophila,2018-12-12_3,ICL_R,0.2733678113800937,0.5993246382053948,0.1291480223315862,0.6936371473877101,3.329354006836891,0.0356860306415597,0.9594492978244388,side key,w15_step5_highpass_atlas_mean_trace,8.0,atlas_region_mean_trace,atlas_region_mean_trace_meanfc_modules,,
Drosophila,2018-12-12_3,IPS_R,0.2696219261956625,0.8977367862755803,0.0316775717418836,0.6318227764781252,3.0581774096841547,0.0363573915333725,0.994761097077804,side key,w15_step5_highpass_atlas_mean_trace,10.0,atlas_region_mean_trace,atlas_region_mean_trace_meanfc_modules,,
Drosophila,2018-12-12_3,IVLP_R,0.2808044925688763,0.8046906244062266,0.0667823550188257,0.6630575914866742,4.309986077266968,0.0328880171596914,0.9899887349414616,side key,w15_step5_highpass_atlas_mean_trace,5.0,atlas_region_mean_trace,atlas_region_mean_trace_meanfc_modules,,
Drosophila,2018-12-12_3,LAL_R,0.287794434852899,0.6107616112428317,0.1941370327458895,0.6728082784593542,2.6101478961434803,0.0352617778161774,0.9455175358254132,side key,w15_step5_highpass_atlas_mean_trace,9.0,atlas_region_mean_trace,atlas_region_mean_trace_meanfc_modules,,
Drosophila,2018-12-12_3,LB_R,0.2761574423356801,0.8333946658585176,0.0394891918436535,0.6270017884284845,3.8180123866252296,0.0324641739283159,0.992164174899605,side key,w15_step5_highpass_atlas_mean_trace,1.0,atlas_region_mean_trace,atlas_region_mean_trace_meanfc_modules,,
Drosophila,2018-12-12_3,LH_R,0.288262150159109,0.6946758664612463,0.1254794869553581,0.6508476452608952,3.709999608254937,0.0365743355724356,0.9639091017799728,side key,w15_step5_highpass_atlas_mean_trace,14.0,atlas_region_mean_trace,atlas_region_mean_trace_meanfc_modules,,
Drosophila,2018-12-12_3,LO_R,0.2670171715663794,0.8835703009238876,-0.0098400011502184,0.6480374819769406,5.075611603763253,0.0345869589241948,0.9960068738818926,side key,w15_step5_highpass_atlas_mean_trace,3.0,atlas_region_mean_trace,atlas_region_mean_trace_meanfc_modules,,
Drosophila,2018-12-12_3,MB_R,0.2923847582852267,0.5090896075155897,0.1718814938723387,0.6521035991717017,4.899481602949285,0.0303618480575308,0.8898711100273073,side key,w15_step5_highpass_atlas_mean_trace,16.0,atlas_region_mean_trace,atlas_region_mean_trace_meanfc_modules,,
Drosophila,2018-12-12_3,ME_R,0.2713657166558508,0.9093379361891538,0.0130623893481877,0.6794847204094527,5.914728128769559,0.0327392458968072,0.995593786435526,side key,w15_step5_highpass_atlas_mean_trace,4.0,atlas_region_mean_trace,atlas_region_mean_trace_meanfc_modules,,
Drosophila,2018-12-12_3,OTU_R,0.2813189475982849,0.6720706777102451,0.1001234498187128,0.6230157436720543,4.124162025491493,0.0333758121607419,0.9762254127024932,side key,w15_step5_highpass_atlas_mean_trace,3.0,atlas_region_mean_trace,atlas_region_mean_trace_meanfc_modules,,
Drosophila,2018-12-12_3,PLP_R,0.2878286327500749,0.7883462472592454,0.0687977644760501,0.736011450885675,6.03484231073417,0.0325244813370607,0.9902776530857308,side key,w15_step5_highpass_atlas_mean_trace,14.0,atlas_region_mean_trace,atlas_region_mean_trace_meanfc_modules,,
Drosophila,2018-12-12_3,PVLP_R,0.2818639394943618,0.7002813091840207,0.1438318231015806,0.6840291938679908,4.563010893026634,0.0337611993484801,0.9807216786716232,side key,w15_step5_highpass_atlas_mean_trace,17.0,atlas_region_mean_trace,atlas_region_mean_trace_meanfc_modules,,
Drosophila,2018-12-12_3,SCL_R,0.2866492317945334,0.6351561033994589,0.1140353607379756,0.6930842201741875,3.012289926568774,0.031531516721802,0.9558473431884332,side key,w15_step5_highpass_atlas_mean_trace,6.0,atlas_region_mean_trace,atlas_region_mean_trace_meanfc_modules,,
Drosophila,2018-12-12_3,SIP_R,0.2806994169840466,0.5744067520897792,0.1665689090877491,0.6286047086025844,2.5173415959211,0.0318412348304531,0.9340403700941476,side key,w15_step5_highpass_atlas_mean_trace,6.0,atlas_region_mean_trace,atlas_region_mean_trace_meanfc_modules,,
Drosophila,2018-12-12_3,SLP_R,0.283382766717585,0.5441575500241769,0.1872093904176623,0.6539955959255911,3.1752019839362897,0.0305606306358283,0.9338750169017412,side key,w15_step5_highpass_atlas_mean_trace,22.0,atlas_region_mean_trace,atlas_region_mean_trace_meanfc_modules,,
Drosophila,2018-12-12_3,SMP_R,0.2841673129068353,0.5534111305349544,0.189133353441265,0.663079793230532,2.861779077814649,0.0344057758231673,0.9121615773833318,side key,w15_step5_highpass_atlas_mean_trace,21.0,atlas_region_mean_trace,atlas_region_mean_trace_meanfc_modules,,
Drosophila,2018-12-12_3,SPS_R,0.2872708171506047,0.7511229648434342,0.1184016022289647,0.7460412538880276,3.556451444730497,0.036950097191005,0.98393546977672,side key,w15_step5_highpass_atlas_mean_trace,12.0,atlas_region_mean_trace,atlas_region_mean_trace_meanfc_modules,,
Drosophila,2018-12-12_3,VES_R,0.2888084944804037,0.5863940195829015,0.1622886808691284,0.6585778872365081,2.816709595133596,0.0348930345112977,0.9516808828595356,side key,w15_step5_highpass_atlas_mean_trace,6.0,atlas_region_mean_trace,atlas_region_mean_trace_meanfc_modules,,
Drosophila,2018-12-12_3,WED_R,0.2721332755198329,0.8206314478759861,0.04302969189516,0.6366508642115788,2.179814959788895,0.0352404885379713,0.990262803640222,side key,w15_step5_highpass_atlas_mean_trace,1.0,atlas_region_mean_trace,atlas_region_mean_trace_meanfc_modules,,
Drosophila,2018-12-12_3,AL_L,0.2890325566813077,0.6330989943965338,0.1311878976833513,0.6580514368211381,5.969845014510296,0.0356780900765745,0.9615619852047256,side key,w15_step5_highpass_atlas_mean_trace,22.0,atlas_region_mean_trace,atlas_region_mean_trace_meanfc_modules,,
Drosophila,2018-12-12_3,AME_L,0.2636794796365601,0.9007753349324206,0.0189905796691659,0.5498682844213529,5.123084156008556,0.033430506628733,0.9935775335197522,side key,w15_step5_highpass_atlas_mean_trace,1.0,atlas_region_mean_trace,atlas_region_mean_trace_meanfc_modules,,
Drosophila,2018-12-12_3,AMMC_L,0.2696644050435028,0.7840353052350234,0.0614007183603323,0.6497634623121062,2.6228625562458463,0.0356365498313203,0.9941208864926808,side key,w15_step5_highpass_atlas_mean_trace,4.0,atlas_region_mean_trace,atlas_region_mean_trace_meanfc_modules,,
Drosophila,2018-12-12_3,ATL_L,0.2743742737407881,0.7366909728145042,0.1039561420976283,0.6222853989097772,2.427462853168,0.0372054935312241,0.9895597843050424,side key,w15_step5_highpass_atlas_mean_trace,1.0,atlas_region_mean_trace,atlas_region_mean_trace_meanfc_modules,,
Drosophila,2018-12-12_3,AVLP_L,0.2964493915397589,0.6394395652805873,0.1171262179358916,0.6640892214526433,3.737913260475555,0.0363027772134033,0.9505633166611248,side key,w15_step5_highpass_atlas_mean_trace,34.0,atlas_region_mean_trace,atlas_region_mean_trace_meanfc_modules,,
Drosophila,2018-12-12_3,CRE_L,0.2778867908220471,0.540138449779023,0.1455535055435856,0.6054629417009085,2.892511472848592,0.0376555921376446,0.9371325019953664,side key,w15_step5_highpass_atlas_mean_trace,10.0,atlas_region_mean_trace,atlas_region_mean_trace_meanfc_modules,,
Drosophila,2018-12-12_3,EPA_L,0.270367760946087,0.6777768853120874,0.096445733181401,0.6724387136550606,4.263292641887052,0.0363854942530651,0.9860753072481322,side key,w15_step5_highpass_atlas_mean_trace,1.0,atlas_region_mean_trace,atlas_region_mean_trace_meanfc_modules,,
Drosophila,2018-12-12_3,GA_L,0.2703909558468078,0.6670355127241648,0.0180170952126641,0.6597644111821296,4.967840596071295,0.0347834522793316,0.9844850072067703,side key,w15_step5_highpass_atlas_mean_trace,1.0,atlas_region_mean_trace,atlas_region_mean_trace_meanfc_modules,,
Drosophila,2018-12-12_3,GOR_L,0.2706838579827469,0.7609573426542391,0.0926956081730892,0.6651943900755486,2.685909834777209,0.0360017512190814,0.9933565822618062,side key,w15_step5_highpass_atlas_mean_trace,1.0,atlas_region_mean_trace,atlas_region_mean_trace_meanfc_modules,,
Drosophila,2018-12-12_3,IB_L,0.281945734395983,0.649666158471643,0.1382794453294304,0.7056287221589721,2.811398603482133,0.0357384079895928,0.9694159050320064,side key,w15_step5_highpass_atlas_mean_trace,3.0,atlas_region_mean_trace,atlas_region_mean_trace_meanfc_modules,,
Drosophila,2018-12-12_3,ICL_L,0.2797625837523351,0.5963903177457456,0.1077739439801655,0.6562730399532754,2.745038825178068,0.0315773841380991,0.9564436076292924,side key,w15_step5_highpass_atlas_mean_trace,8.0,atlas_region_mean_trace,atlas_region_mean_trace_meanfc_modules,,
Drosophila,2018-12-12_3,IPS_L,0.2881552031355257,0.7975644272606901,0.0498532698128986,0.7512975749825853,3.2085335025733706,0.0353155363636256,0.9902760227681018,side key,w15_step5_highpass_atlas_mean_trace,8.0,atlas_region_mean_trace,atlas_region_mean_trace_meanfc_modules,,
Drosophila,2018-12-12_3,IVLP_L,0.2776024145991569,0.7542463058475579,0.0963210114059653,0.7095641188138753,2.777506109195689,0.0351712133756989,0.9848754776296876,side key,w15_step5_highpass_atlas_mean_trace,7.0,atlas_region_mean_trace,atlas_region_mean_trace_meanfc_modules,,
Drosophila,2018-12-12_3,LAL_L,0.2909029506800309,0.6533881266048606,0.1629268451688801,0.7392109153608385,2.8997473623227683,0.0359807116222224,0.9603294778158272,side key,w15_step5_highpass_atlas_mean_trace,5.0,atlas_region_mean_trace,atlas_region_mean_trace_meanfc_modules,,
Drosophila,2018-12-12_3,LB_L,0.2635001698592681,0.8312006434650586,0.0380964286930471,0.5830305093872259,5.690921068605266,0.033971950965107,0.9940760367698764,side key,w15_step5_highpass_atlas_mean_trace,1.0,atlas_region_mean_trace,atlas_region_mean_trace_meanfc_modules,,
Drosophila,2018-12-12_3,LH_L,0.2821047371413953,0.6968565267496019,0.1219142876254925,0.6280475338418144,3.1075903979346804,0.0373876328755465,0.9771158186580564,side key,w15_step5_highpass_atlas_mean_trace,11.0,atlas_region_mean_trace,atlas_region_mean_trace_meanfc_modules,,
Drosophila,2018-12-12_3,LO_L,0.2728218792496141,0.8300679135698048,-0.0358942490882304,0.6723515963569916,4.116437969258716,0.0335935797338497,0.9942849289388423,side key,w15_step5_highpass_atlas_mean_trace,6.0,atlas_region_mean_trace,atlas_region_mean_trace_meanfc_modules,,
Drosophila,2018-12-12_3,MB_L,0.29375686964469,0.5440757820434535,0.1777550742877041,0.7274402844772553,3.05781690223192,0.034288320733982,0.9205169340214574,side key,w15_step5_highpass_atlas_mean_trace,16.0,atlas_region_mean_trace,atlas_region_mean_trace_meanfc_modules,,
Drosophila,2018-12-12_3,ME_L,0.269442368060642,0.8770843374231291,-0.0144169710333171,0.635738316649898,4.166158370258028,0.0332642454054669,0.9927803086131805,side key,w15_step5_highpass_atlas_mean_trace,9.0,atlas_region_mean_trace,atlas_region_mean_trace_meanfc_modules,,
Drosophila,2018-12-12_3,OTU_L,0.2699787445868269,0.7296316540104,0.0864781202048038,0.6523417363605223,4.2768145363474055,0.0307370863292201,0.988412186757456,side key,w15_step5_highpass_atlas_mean_trace,4.0,atlas_region_mean_trace,atlas_region_mean_trace_meanfc_modules,,
Drosophila,2018-12-12_3,PLP_L,0.2823722145862752,0.7099010490256396,0.1284432581736196,0.736681561083732,3.615762071138114,0.0362704846132842,0.9847811477123338,side key,w15_step5_highpass_atlas_mean_trace,13.0,atlas_region_mean_trace,atlas_region_mean_trace_meanfc_modules,,
Drosophila,2018-12-12_3,PVLP_L,0.2783792735510104,0.6589685909916432,0.1557990665614072,0.7273717439023797,2.521270654015724,0.0370486284024477,0.9754360377893024,side key,w15_step5_highpass_atlas_mean_trace,11.0,atlas_region_mean_trace,atlas_region_mean_trace_meanfc_modules,,
Drosophila,2018-12-12_3,SCL_L,0.2811021993182824,0.6261712974510317,0.1368353980414816,0.6741786268434501,4.288173086484331,0.0362021699949008,0.9709474539074172,side key,w15_step5_highpass_atlas_mean_trace,8.0,atlas_region_mean_trace,atlas_region_mean_trace_meanfc_modules,,
Drosophila,2018-12-12_3,SIP_L,0.2772161820188891,0.5934809684497586,0.1122274274862748,0.5783277690057598,4.265302381891122,0.0365667117826797,0.955934782988719,side key,w15_step5_highpass_atlas_mean_trace,7.0,atlas_region_mean_trace,atlas_region_mean_trace_meanfc_modules,,
Drosophila,2018-12-12_3,SLP_L,0.278311171313765,0.5751900589544885,0.1731960163370045,0.6492585123754754,2.906349864831748,0.0358131023212994,0.9574016208985509,side key,w15_step5_highpass_atlas_mean_trace,23.0,atlas_region_mean_trace,atlas_region_mean_trace_meanfc_modules,,
Drosophila,2018-12-12_3,SMP_L,0.2860175050100655,0.5539111264950399,0.1862188404327394,0.6728140481155459,2.8018370978619704,0.0360940992967755,0.9341654915316254,side key,w15_step5_highpass_atlas_mean_trace,22.0,atlas_region_mean_trace,atlas_region_mean_trace_meanfc_modules,,
Drosophila,2018-12-12_3,SPS_L,0.2896431597409589,0.6424321775182464,0.1665559480644715,0.7152421049295989,2.227349965621605,0.0393288525104262,0.9694015421400738,side key,w15_step5_highpass_atlas_mean_trace,15.0,atlas_region_mean_trace,atlas_region_mean_trace_meanfc_modules,,
Drosophila,2018-12-12_3,VES_L,0.2870069705521279,0.6407643530588817,0.1515197932864463,0.7030025009732719,2.170894225677705,0.0366020619908695,0.9679672749211132,side key,w15_step5_highpass_atlas_mean_trace,6.0,atlas_region_mean_trace,atlas_region_mean_trace_meanfc_modules,,
Drosophila,2018-12-12_3,WED_L,0.2872903971445395,0.8062136328618364,0.0513211267864064,0.7045108946932573,5.104404814928192,0.0362958596260046,0.9897272364722264,side key,w15_step5_highpass_atlas_mean_trace,1.0,atlas_region_mean_trace,atlas_region_mean_trace_meanfc_modules,,
Drosophila,2018-12-12_3,EB,0.2727990397510945,0.6085910272832511,0.0969185047684816,0.594213512610598,3.694665252696189,0.0356752308910507,0.9687597684588316,side key,w15_step5_highpass_atlas_mean_trace,3.0,atlas_region_mean_trace,atlas_region_mean_trace_meanfc_modules,,
Drosophila,2018-12-12_3,FB,0.2833079175800191,0.520906120186645,0.1450021006538158,0.6705524752129204,3.5322727738167465,0.0310432228709843,0.9297821188289618,side key,w15_step5_highpass_atlas_mean_trace,13.0,atlas_region_mean_trace,atlas_region_mean_trace_meanfc_modules,,
Drosophila,2018-12-12_3,FLA,0.2704541017879298,0.5793039905131161,0.1418687072351562,0.6582942450957202,2.8090629325532297,0.0402123609269359,0.9643823969252856,side key,w15_step5_highpass_atlas_mean_trace,6.0,atlas_region_mean_trace,atlas_region_mean_trace_meanfc_modules,,
Drosophila,2018-12-12_3,NO,0.2757719308022308,0.7121804118829882,0.0217349428974663,0.6853178325835971,4.160083855822477,0.035838851873126,0.9875251887680953,side key,w15_step5_highpass_atlas_mean_trace,1.0,atlas_region_mean_trace,atlas_region_mean_trace_meanfc_modules,,
Drosophila,2018-12-12_3,PB,0.2955816197062617,0.8219244638130001,0.0759515881348968,0.7077619678695051,2.372261050491238,0.0380025610808784,0.9902430520236286,side key,w15_step5_highpass_atlas_mean_trace,1.0,atlas_region_mean_trace,atlas_region_mean_trace_meanfc_modules,,
Drosophila,2018-12-12_3,PRW,0.2827141419085369,0.7780697841376876,0.0773447802263499,0.6764229411315017,2.1426223984089394,0.032731841073122,0.9917141913603312,side key,w15_step5_highpass_atlas_mean_trace,7.0,atlas_region_mean_trace,atlas_region_mean_trace_meanfc_modules,,
Drosophila,2018-12-12_3,SAD,0.2851602379138674,0.7684186718568168,0.0979893806920259,0.6868387900591145,2.599436437065173,0.0338165538653332,0.9838620486672373,side key,w15_step5_highpass_atlas_mean_trace,20.0,atlas_region_mean_trace,atlas_region_mean_trace_meanfc_modules,,
Drosophila,2018-12-12_3,SOG,0.2787526630002032,0.8196732459687757,0.0632705210611882,0.731629284517402,2.498844986499318,0.0334615850424733,0.9938029195364292,side key,w15_step5_highpass_atlas_mean_trace,44.0,atlas_region_mean_trace,atlas_region_mean_trace_meanfc_modules,,
Drosophila,2018-12-12_4,AL_R,0.3099733701846296,0.6560494284244968,0.1866934360574827,0.638667826974892,5.763612958159716,0.022618185475805,0.9646701850312772,side key,w15_step5_highpass_atlas_mean_trace,23.0,atlas_region_mean_trace,atlas_region_mean_trace_meanfc_modules,,
Drosophila,2018-12-12_4,AME_R,0.2657162123259085,0.8655746398224163,0.0448254653398086,0.5640812540880862,3.703046291327872,0.0198090656026563,0.9942004312883548,side key,w15_step5_highpass_atlas_mean_trace,1.0,atlas_region_mean_trace,atlas_region_mean_trace_meanfc_modules,,
Drosophila,2018-12-12_4,AMMC_R,0.3029391947740029,0.7042008355759019,0.1510719033001722,0.7451782024298692,6.4761610609870335,0.0229816276427396,0.987203412918752,side key,w15_step5_highpass_atlas_mean_trace,4.0,atlas_region_mean_trace,atlas_region_mean_trace_meanfc_modules,,
Drosophila,2018-12-12_4,ATL_R,0.2972164338448054,0.6618718803044951,0.1372477482943375,0.6311843275937061,5.075383498860695,0.0220825092539928,0.9766468679315342,side key,w15_step5_highpass_atlas_mean_trace,1.0,atlas_region_mean_trace,atlas_region_mean_trace_meanfc_modules,,
Drosophila,2018-12-12_4,AVLP_R,0.3061839245436537,0.6884226944723864,0.1215287597611455,0.6462163433966392,4.532974828283206,0.0207288013585327,0.9651327259272792,side key,w15_step5_highpass_atlas_mean_trace,28.0,atlas_region_mean_trace,atlas_region_mean_trace_meanfc_modules,,
Drosophila,2018-12-12_4,CRE_R,0.3089824991819483,0.6199275402115076,0.2142476554584108,0.7383507050769597,4.073938384992062,0.0231655396886372,0.9573179339717738,side key,w15_step5_highpass_atlas_mean_trace,8.0,atlas_region_mean_trace,atlas_region_mean_trace_meanfc_modules,,
Drosophila,2018-12-12_4,EPA_R,0.274692730051807,0.7825061695703054,0.1041664157961825,0.6922645713019787,4.507036997914003,0.0185515315146903,0.9911549424474988,side key,w15_step5_highpass_atlas_mean_trace,1.0,atlas_region_mean_trace,atlas_region_mean_trace_meanfc_modules,,
Drosophila,2018-12-12_4,GA_R,0.2773911512096226,0.8883170808770146,0.0330526565657121,0.5134537100233288,4.260264481141808,0.0202268153361743,0.9937795230170864,side key,w15_step5_highpass_atlas_mean_trace,1.0,atlas_region_mean_trace,atlas_region_mean_trace_meanfc_modules,,
Drosophila,2018-12-12_4,GOR_R,0.2744326491027275,0.7848791345666736,0.1039415717854158,0.6185094094988233,4.879645742775594,0.0198764538936733,0.9925054244182752,side key,w15_step5_highpass_atlas_mean_trace,1.0,atlas_region_mean_trace,atlas_region_mean_trace_meanfc_modules,,
Drosophila,2018-12-12_4,IB_R,0.2913839010340033,0.6378371454089847,0.1965832154087485,0.7247382244064143,4.897925351731719,0.0219519396963617,0.9745990927082894,side key,w15_step5_highpass_atlas_mean_trace,4.0,atlas_region_mean_trace,atlas_region_mean_trace_meanfc_modules,,
Drosophila,2018-12-12_4,ICL_R,0.2958549814912725,0.6388262490305426,0.2055128885463366,0.7249347089540075,6.894388383856154,0.022005636766408,0.971853409437555,side key,w15_step5_highpass_atlas_mean_trace,8.0,atlas_region_mean_trace,atlas_region_mean_trace_meanfc_modules,,
Drosophila,2018-12-12_4,IPS_R,0.3297191476576307,0.5907659751565042,0.2508109375328361,0.7853223824193794,5.4910909286171234,0.0226542214808476,0.9253748092995134,side key,w15_step5_highpass_atlas_mean_trace,11.0,atlas_region_mean_trace,atlas_region_mean_trace_meanfc_modules,,
Drosophila,2018-12-12_4,IVLP_R,0.3107161387994498,0.6362424394049109,0.2115833945972812,0.7610373387948306,6.404938999426657,0.0230937482473453,0.9659162271126648,side key,w15_step5_highpass_atlas_mean_trace,5.0,atlas_region_mean_trace,atlas_region_mean_trace_meanfc_modules,,
Drosophila,2018-12-12_4,LAL_R,0.3198944700730068,0.6030776844275733,0.2494952684779106,0.7761264648931886,3.981418203502598,0.0236392372365767,0.9516191984410064,side key,w15_step5_highpass_atlas_mean_trace,9.0,atlas_region_mean_trace,atlas_region_mean_trace_meanfc_modules,,
Drosophila,2018-12-12_4,LB_R,0.2915247884096877,0.8078348344687399,0.0614698139602422,0.5613199415368407,3.635726639301271,0.0209199168550561,0.9898814422879004,side key,w15_step5_highpass_atlas_mean_trace,1.0,atlas_region_mean_trace,atlas_region_mean_trace_meanfc_modules,,
Drosophila,2018-12-12_4,LH_R,0.3117356976646612,0.6271417104100158,0.1766216608475421,0.7260754475336227,3.654156367184452,0.0215804806244782,0.9547586699415538,side key,w15_step5_highpass_atlas_mean_trace,14.0,atlas_region_mean_trace,atlas_region_mean_trace_meanfc_modules,,
Drosophila,2018-12-12_4,LO_R,0.2734285935502115,0.8098819245938845,0.0464769143010333,0.6326466622351978,4.388061863235034,0.0214960147448374,0.9946836977864952,side key,w15_step5_highpass_atlas_mean_trace,26.0,atlas_region_mean_trace,atlas_region_mean_trace_meanfc_modules,,
Drosophila,2018-12-12_4,LOP_R,0.2633779422292426,0.9102286343341872,0.0091273920104816,0.5131924304458023,4.098283749379169,0.0192647859851268,0.993673764776384,side key,w15_step5_highpass_atlas_mean_trace,1.0,atlas_region_mean_trace,atlas_region_mean_trace_meanfc_modules,,
Drosophila,2018-12-12_4,MB_R,0.3208878260403389,0.5880796501644318,0.2392235813628463,0.7143688263126545,4.830936234994746,0.0214351287685154,0.9403171502269372,side key,w15_step5_highpass_atlas_mean_trace,16.0,atlas_region_mean_trace,atlas_region_mean_trace_meanfc_modules,,
Drosophila,2018-12-12_4,OTU_R,0.3073822103054052,0.6713366364174411,0.2069924637995265,0.7174667886978644,5.587441606501366,0.0208958818939877,0.9802814069022702,side key,w15_step5_highpass_atlas_mean_trace,3.0,atlas_region_mean_trace,atlas_region_mean_trace_meanfc_modules,,
Drosophila,2018-12-12_4,PLP_R,0.3128625239758064,0.5995055668663102,0.2565467737067356,0.7797464921610221,4.510387786886359,0.0211750144601429,0.9569950950997717,side key,w15_step5_highpass_atlas_mean_trace,15.0,atlas_region_mean_trace,atlas_region_mean_trace_meanfc_modules,,
Drosophila,2018-12-12_4,PVLP_R,0.3100964107449858,0.5970315507754074,0.2425280190184646,0.7575562220322914,6.16654096162651,0.020300641185455,0.9485923842794228,side key,w15_step5_highpass_atlas_mean_trace,17.0,atlas_region_mean_trace,atlas_region_mean_trace_meanfc_modules,,
Drosophila,2018-12-12_4,SCL_R,0.3027085208658679,0.595799987284784,0.2154951618313297,0.7687474316695156,4.956027187251224,0.0220343374426323,0.9574514838041416,side key,w15_step5_highpass_atlas_mean_trace,6.0,atlas_region_mean_trace,atlas_region_mean_trace_meanfc_modules,,
Drosophila,2018-12-12_4,SIP_R,0.2962272961127293,0.636423608783748,0.1656420387930829,0.6891449441682882,5.383550458148378,0.0204593145443633,0.9682245526147732,side key,w15_step5_highpass_atlas_mean_trace,6.0,atlas_region_mean_trace,atlas_region_mean_trace_meanfc_modules,,
Drosophila,2018-12-12_4,SLP_R,0.3052279786530654,0.5414865589404695,0.2524692121332018,0.7419520661861038,5.998101705642212,0.0192404238786422,0.9376827761411224,side key,w15_step5_highpass_atlas_mean_trace,22.0,atlas_region_mean_trace,atlas_region_mean_trace_meanfc_modules,,
Drosophila,2018-12-12_4,SMP_R,0.3082574874578137,0.5740743025118805,0.2318804085294401,0.7313879247598262,5.968366268806494,0.019317642749249,0.9445040597317832,side key,w15_step5_highpass_atlas_mean_trace,21.0,atlas_region_mean_trace,atlas_region_mean_trace_meanfc_modules,,
Drosophila,2018-12-12_4,SPS_R,0.3099138363445765,0.5854458744007106,0.2398723653378562,0.7691652573780066,5.914884615871803,0.0217697039081879,0.9390898097450904,side key,w15_step5_highpass_atlas_mean_trace,12.0,atlas_region_mean_trace,atlas_region_mean_trace_meanfc_modules,,
Drosophila,2018-12-12_4,VES_R,0.3271899180383653,0.5889960840105211,0.2554535352053594,0.7826056990846472,4.631333291161836,0.0251368007954759,0.9364003307614316,side key,w15_step5_highpass_atlas_mean_trace,6.0,atlas_region_mean_trace,atlas_region_mean_trace_meanfc_modules,,
Drosophila,2018-12-12_4,WED_R,0.321611672776663,0.693077304816109,0.1290149418878886,0.7388505254812022,2.5462231538620648,0.0251491550723992,0.9718311581377648,side key,w15_step5_highpass_atlas_mean_trace,1.0,atlas_region_mean_trace,atlas_region_mean_trace_meanfc_modules,,
Drosophila,2018-12-12_4,AL_L,0.3130827622065814,0.6860977024473744,0.1744961677489844,0.5190134093445404,6.029530418154397,0.0237851468311019,0.9608539961632624,side key,w15_step5_highpass_atlas_mean_trace,22.0,atlas_region_mean_trace,atlas_region_mean_trace_meanfc_modules,,
Drosophila,2018-12-12_4,AME_L,0.2637557351958692,0.8857981118887798,0.0328857385439331,0.5982012150142703,2.1410033491267697,0.020109921695957,0.9922676425872085,side key,w15_step5_highpass_atlas_mean_trace,1.0,atlas_region_mean_trace,atlas_region_mean_trace_meanfc_modules,,
Drosophila,2018-12-12_4,AMMC_L,0.2967367991500034,0.7198436657194597,0.1298516838481383,0.7131759318932199,4.024471853023137,0.0200518640817938,0.9811455034962512,side key,w15_step5_highpass_atlas_mean_trace,4.0,atlas_region_mean_trace,atlas_region_mean_trace_meanfc_modules,,
Drosophila,2018-12-12_4,ATL_L,0.2800809167792031,0.7163896353629695,0.1376501602986845,0.6655847849090105,3.5823791239960703,0.0207640828378426,0.9881233979224672,side key,w15_step5_highpass_atlas_mean_trace,1.0,atlas_region_mean_trace,atlas_region_mean_trace_meanfc_modules,,
Drosophila,2018-12-12_4,AVLP_L,0.3233909760087716,0.7082839087561156,0.0881577349621985,0.6633283855829291,4.242595216744765,0.0202926651814329,0.970134001006776,side key,w15_step5_highpass_atlas_mean_trace,34.0,atlas_region_mean_trace,atlas_region_mean_trace_meanfc_modules,,
Drosophila,2018-12-12_4,CRE_L,0.3131114286739625,0.6243421163862817,0.2182948020011341,0.7202798937835645,4.401731324238935,0.02334198695678,0.952076943076835,side key,w15_step5_highpass_atlas_mean_trace,10.0,atlas_region_mean_trace,atlas_region_mean_trace_meanfc_modules,,
Drosophila,2018-12-12_4,EPA_L,0.277329949688071,0.763199287581032,0.1219536144441397,0.6276462186484404,5.051016170271951,0.0208737698891627,0.9917796857396564,side key,w15_step5_highpass_atlas_mean_trace,1.0,atlas_region_mean_trace,atlas_region_mean_trace_meanfc_modules,,
Drosophila,2018-12-12_4,GA_L,0.2701543515752579,0.879054627764019,0.0161710303043288,0.6111629652766536,3.206935294304018,0.0182412290863651,0.993300853472144,side key,w15_step5_highpass_atlas_mean_trace,1.0,atlas_region_mean_trace,atlas_region_mean_trace_meanfc_modules,,
Drosophila,2018-12-12_4,GOR_L,0.2772428899677404,0.8060550584927332,0.105621870870922,0.623438729291412,4.251526507011596,0.0196117105120009,0.994494922377816,side key,w15_step5_highpass_atlas_mean_trace,1.0,atlas_region_mean_trace,atlas_region_mean_trace_meanfc_modules,,
Drosophila,2018-12-12_4,IB_L,0.2866210843872306,0.7160818134922139,0.1534508128356163,0.7089460176710805,3.9130800618994903,0.0217466709725717,0.9866121696795516,side key,w15_step5_highpass_atlas_mean_trace,3.0,atlas_region_mean_trace,atlas_region_mean_trace_meanfc_modules,,
Drosophila,2018-12-12_4,ICL_L,0.2997133592648354,0.6844005036481305,0.1967077891456543,0.7420675921193776,4.323812736623154,0.0239397950370686,0.98582421185581,side key,w15_step5_highpass_atlas_mean_trace,8.0,atlas_region_mean_trace,atlas_region_mean_trace_meanfc_modules,,
Drosophila,2018-12-12_4,IPS_L,0.3199168936377796,0.5821920578840127,0.2454364345233594,0.7699948898145893,3.605249367607715,0.0229579786772547,0.9288591095179052,side key,w15_step5_highpass_atlas_mean_trace,8.0,atlas_region_mean_trace,atlas_region_mean_trace_meanfc_modules,,
Drosophila,2018-12-12_4,IVLP_L,0.306827938290122,0.6360593744171466,0.2240217479910117,0.7555750164259893,4.915770744533139,0.0234693914633114,0.9748581630894414,side key,w15_step5_highpass_atlas_mean_trace,7.0,atlas_region_mean_trace,atlas_region_mean_trace_meanfc_modules,,
Drosophila,2018-12-12_4,LAL_L,0.3209603047401629,0.608274294404836,0.2435809999912984,0.74980922861111,5.086129771355805,0.024831419374611,0.9420716808766708,side key,w15_step5_highpass_atlas_mean_trace,5.0,atlas_region_mean_trace,atlas_region_mean_trace_meanfc_modules,,
Drosophila,2018-12-12_4,LB_L,0.2738569022286904,0.852222629152358,0.0397392782334778,0.6880752638054544,4.039441714324711,0.0208619044422864,0.9928528514873108,side key,w15_step5_highpass_atlas_mean_trace,1.0,atlas_region_mean_trace,atlas_region_mean_trace_meanfc_modules,,
Drosophila,2018-12-12_4,LH_L,0.3056647848504253,0.6314610561716528,0.2119234573819274,0.6453085698878858,6.781836306018259,0.0222089882928089,0.9650010104209163,side key,w15_step5_highpass_atlas_mean_trace,11.0,atlas_region_mean_trace,atlas_region_mean_trace_meanfc_modules,,
Drosophila,2018-12-12_4,LO_L,0.2667363170978615,0.8624881759448129,0.0488834062427806,0.620218912966658,3.2970733881696788,0.0202481426416197,0.9954610271831658,side key,w15_step5_highpass_atlas_mean_trace,24.0,atlas_region_mean_trace,atlas_region_mean_trace_meanfc_modules,,
Drosophila,2018-12-12_4,MB_L,0.3301827505119239,0.5980406548242829,0.2273531525483213,0.7572309546983991,4.546120811396376,0.0247860775012015,0.9395759721312418,side key,w15_step5_highpass_atlas_mean_trace,16.0,atlas_region_mean_trace,atlas_region_mean_trace_meanfc_modules,,
Drosophila,2018-12-12_4,ME_L,0.2672948834884395,0.891654256148871,0.0355538227977577,0.589673349487578,2.921634894370418,0.0184611991240007,0.9942427981488124,side key,w15_step5_highpass_atlas_mean_trace,17.0,atlas_region_mean_trace,atlas_region_mean_trace_meanfc_modules,,
Drosophila,2018-12-12_4,OTU_L,0.3035238727689666,0.7361960181406924,0.1379870929811523,0.7292723503078625,3.482797297542618,0.0252815262124785,0.9869545959489632,side key,w15_step5_highpass_atlas_mean_trace,4.0,atlas_region_mean_trace,atlas_region_mean_trace_meanfc_modules,,
Drosophila,2018-12-12_4,PLP_L,0.3199112774440332,0.5882222792583396,0.2595943215063385,0.7766975195624368,4.901591531453375,0.0214019103311562,0.949938372366998,side key,w15_step5_highpass_atlas_mean_trace,13.0,atlas_region_mean_trace,atlas_region_mean_trace_meanfc_modules,,
Drosophila,2018-12-12_4,PVLP_L,0.2938073751314196,0.6709835626690653,0.1950251515307429,0.724594344829636,3.825265957554445,0.0208139830620671,0.9817415332708128,side key,w15_step5_highpass_atlas_mean_trace,11.0,atlas_region_mean_trace,atlas_region_mean_trace_meanfc_modules,,
Drosophila,2018-12-12_4,SCL_L,0.3029629250060035,0.6201264581730928,0.2185496980354689,0.7704568427235262,5.755191740052529,0.022081065568546,0.9634619261215412,side key,w15_step5_highpass_atlas_mean_trace,8.0,atlas_region_mean_trace,atlas_region_mean_trace_meanfc_modules,,
Drosophila,2018-12-12_4,SIP_L,0.2921155799551,0.6892140972233955,0.1448389555395849,0.6928300932154328,5.047160599866607,0.0223478958444257,0.9850360659516796,side key,w15_step5_highpass_atlas_mean_trace,7.0,atlas_region_mean_trace,atlas_region_mean_trace_meanfc_modules,,
Drosophila,2018-12-12_4,SLP_L,0.2935592995214059,0.6177423761574783,0.2209899664659919,0.7229946156440392,4.215473408958539,0.0213215395496207,0.9678255502395572,side key,w15_step5_highpass_atlas_mean_trace,23.0,atlas_region_mean_trace,atlas_region_mean_trace_meanfc_modules,,
Drosophila,2018-12-12_4,SMP_L,0.3060661453474071,0.5776632068873092,0.2337736463336168,0.7090021256168273,6.296985169575096,0.018593044460918,0.9528799620107724,side key,w15_step5_highpass_atlas_mean_trace,22.0,atlas_region_mean_trace,atlas_region_mean_trace_meanfc_modules,,
Drosophila,2018-12-12_4,SPS_L,0.3178128132027193,0.6050650019045117,0.2491278748821788,0.7668113187345189,5.045263838742648,0.0220079998975304,0.946399297214114,side key,w15_step5_highpass_atlas_mean_trace,15.0,atlas_region_mean_trace,atlas_region_mean_trace_meanfc_modules,,
Drosophila,2018-12-12_4,VES_L,0.3341891476163738,0.6015585009317446,0.2396773454739839,0.7406088903708921,3.6219409614757065,0.0260805138670908,0.9388727943414348,side key,w15_step5_highpass_atlas_mean_trace,6.0,atlas_region_mean_trace,atlas_region_mean_trace_meanfc_modules,,
Drosophila,2018-12-12_4,WED_L,0.3300949521201258,0.6742919400734722,0.1562972977115734,0.7696507853760861,2.3350247260607437,0.0269484360360178,0.9563519929057672,side key,w15_step5_highpass_atlas_mean_trace,1.0,atlas_region_mean_trace,atlas_region_mean_trace_meanfc_modules,,
Drosophila,2018-12-12_4,EB,0.3153691053670999,0.6595218763528014,0.1420668715235761,0.6956905006902985,4.085717709586255,0.0204781110476948,0.9639080685410384,side key,w15_step5_highpass_atlas_mean_trace,3.0,atlas_region_mean_trace,atlas_region_mean_trace_meanfc_modules,,
Drosophila,2018-12-12_4,FB,0.3033881011666389,0.5935609249778395,0.1975521625681529,0.720351157148706,6.413245712355037,0.0208171446631587,0.953692363952334,side key,w15_step5_highpass_atlas_mean_trace,13.0,atlas_region_mean_trace,atlas_region_mean_trace_meanfc_modules,,
Drosophila,2018-12-12_4,FLA,0.3054323297207577,0.6595638866950024,0.194256634648647,0.7279532933503678,4.811992652438301,0.0229499166577262,0.9763534713254908,side key,w15_step5_highpass_atlas_mean_trace,6.0,atlas_region_mean_trace,atlas_region_mean_trace_meanfc_modules,,
Drosophila,2018-12-12_4,NO,0.29318075096208,0.7487378051014715,0.0716853070687207,0.6403163828346632,4.369798190674061,0.0199990770274239,0.9920989549694262,side key,w15_step5_highpass_atlas_mean_trace,1.0,atlas_region_mean_trace,atlas_region_mean_trace_meanfc_modules,,
Drosophila,2018-12-12_4,PB,0.340447507012387,0.7303497089915165,0.1400795113737244,0.7045207422390037,2.063938115511697,0.0249383133737533,0.976247337685156,side key,w15_step5_highpass_atlas_mean_trace,1.0,atlas_region_mean_trace,atlas_region_mean_trace_meanfc_modules,,
Drosophila,2018-12-12_4,PRW,0.2991459996968113,0.7407760895993153,0.1112807775053804,0.7001040581066598,3.1109067933034447,0.0224038867346169,0.9873566028756536,side key,w15_step5_highpass_atlas_mean_trace,7.0,atlas_region_mean_trace,atlas_region_mean_trace_meanfc_modules,,
Drosophila,2018-12-12_4,SAD,0.3239638381549045,0.5983487566163644,0.2471206447904474,0.7730795085804848,4.52782689542186,0.0234720292080983,0.9364817210683578,side key,w15_step5_highpass_atlas_mean_trace,20.0,atlas_region_mean_trace,atlas_region_mean_trace_meanfc_modules,,
Drosophila,2018-12-12_4,SOG,0.3321489983128799,0.5949631607135564,0.2327097768940279,0.7625781085985528,3.663378428205629,0.0237497527636846,0.9304689058547416,side key,w15_step5_highpass_atlas_mean_trace,71.0,atlas_region_mean_trace,atlas_region_mean_trace_meanfc_modules,,
Drosophila,2018-12-14_1,AL_R,0.3225011837469979,0.5452685229964975,0.2029971234793237,0.582142744672682,5.633919258537568,0.0330859484320906,0.9376509790075602,side key,w15_step5_highpass_atlas_mean_trace,23.0,atlas_region_mean_trace,atlas_region_mean_trace_meanfc_modules,,
Drosophila,2018-12-14_1,AME_R,0.269037708136536,0.8240187580956387,0.0650833679745986,0.5757018307594635,4.929602644507231,0.0304004012564868,0.9940051449067134,side key,w15_step5_highpass_atlas_mean_trace,1.0,atlas_region_mean_trace,atlas_region_mean_trace_meanfc_modules,,
Drosophila,2018-12-14_1,AMMC_R,0.2977649621482737,0.6038708418362139,0.190107937693814,0.6354403873630371,3.882188541886873,0.0315498600392921,0.9783636863034618,side key,w15_step5_highpass_atlas_mean_trace,4.0,atlas_region_mean_trace,atlas_region_mean_trace_meanfc_modules,,
Drosophila,2018-12-14_1,ATL_R,0.2788468960372318,0.5995558301875502,0.0903633068077766,0.5171815199786066,4.128112100687774,0.0323409013146081,0.9814876742612884,side key,w15_step5_highpass_atlas_mean_trace,1.0,atlas_region_mean_trace,atlas_region_mean_trace_meanfc_modules,,
Drosophila,2018-12-14_1,AVLP_R,0.3152780302232954,0.5717401989622998,0.1787474102193187,0.6243047903954478,4.171066841938317,0.0306160456863595,0.9524342697629832,side key,w15_step5_highpass_atlas_mean_trace,28.0,atlas_region_mean_trace,atlas_region_mean_trace_meanfc_modules,,
Drosophila,2018-12-14_1,CRE_R,0.315732251363968,0.5574093707158982,0.2452137815531146,0.7551878443134467,6.5628069811876495,0.0339635477611346,0.9553291750814352,side key,w15_step5_highpass_atlas_mean_trace,8.0,atlas_region_mean_trace,atlas_region_mean_trace_meanfc_modules,,
Drosophila,2018-12-14_1,EPA_R,0.2697798021913402,0.7661108122200729,0.097465636657097,0.6254473179592492,4.182917018787298,0.0310956099002395,0.9946240205036756,side key,w15_step5_highpass_atlas_mean_trace,1.0,atlas_region_mean_trace,atlas_region_mean_trace_meanfc_modules,,
Drosophila,2018-12-14_1,GA_R,0.2764869934831316,0.7301430043779115,0.0352593774588503,0.5525539260806275,2.9696210937369583,0.032187664513613,0.9935210735759584,side key,w15_step5_highpass_atlas_mean_trace,1.0,atlas_region_mean_trace,atlas_region_mean_trace_meanfc_modules,,
Drosophila,2018-12-14_1,GOR_R,0.2830164888069434,0.7180377009816037,0.1337379076318099,0.5774957858423121,6.2825924498642856,0.034554698930899,0.9947612116971718,side key,w15_step5_highpass_atlas_mean_trace,1.0,atlas_region_mean_trace,atlas_region_mean_trace_meanfc_modules,,
Drosophila,2018-12-14_1,IB_R,0.3112086034098333,0.5812591709871145,0.2550381892894277,0.7348872148506104,6.498347211505178,0.0355277348568167,0.9703272054942954,side key,w15_step5_highpass_atlas_mean_trace,4.0,atlas_region_mean_trace,atlas_region_mean_trace_meanfc_modules,,
Drosophila,2018-12-14_1,ICL_R,0.3091545505994535,0.562960543024865,0.2108718303987049,0.7234817924793705,6.0298776160893865,0.033589159410694,0.957345021918122,side key,w15_step5_highpass_atlas_mean_trace,8.0,atlas_region_mean_trace,atlas_region_mean_trace_meanfc_modules,,
Drosophila,2018-12-14_1,IPS_R,0.3352935450358452,0.5192249568787842,0.2798444759667242,0.7431242127866489,6.5324587176775095,0.0356571092786127,0.9088295076136214,side key,w15_step5_highpass_atlas_mean_trace,11.0,atlas_region_mean_trace,atlas_region_mean_trace_meanfc_modules,,
Drosophila,2018-12-14_1,IVLP_R,0.3067521692931123,0.4949876832120436,0.275656033741657,0.6943501998410995,5.407700945514596,0.0318442180464093,0.9351568113688842,side key,w15_step5_highpass_atlas_mean_trace,5.0,atlas_region_mean_trace,atlas_region_mean_trace_meanfc_modules,,
Drosophila,2018-12-14_1,LAL_R,0.3188143556587282,0.542957763000771,0.2791577484401528,0.7750588216355013,5.504671870665104,0.0344338520504258,0.94485560522175,side key,w15_step5_highpass_atlas_mean_trace,9.0,atlas_region_mean_trace,atlas_region_mean_trace_meanfc_modules,,
Drosophila,2018-12-14_1,LB_R,0.2741969108699722,0.8512053166388579,0.0428978545765546,0.4337155830566775,3.141718141312944,0.0285306912229273,0.9946812100168604,side key,w15_step5_highpass_atlas_mean_trace,1.0,atlas_region_mean_trace,atlas_region_mean_trace_meanfc_modules,,
Drosophila,2018-12-14_1,LH_R,0.301295508509402,0.5220708362114531,0.2389726429252819,0.6462619731567468,3.577999607790885,0.0335166911569315,0.9471479483636684,side key,w15_step5_highpass_atlas_mean_trace,14.0,atlas_region_mean_trace,atlas_region_mean_trace_meanfc_modules,,
Drosophila,2018-12-14_1,LO_R,0.2727338433058819,0.8183727115403464,0.0823514528690691,0.5318780590544392,4.837095637312508,0.0337895620917144,0.9966524864662368,side key,w15_step5_highpass_atlas_mean_trace,29.0,atlas_region_mean_trace,atlas_region_mean_trace_meanfc_modules,,
Drosophila,2018-12-14_1,LOP_R,0.2619851822068519,0.9104329012203356,0.0152736103599149,0.529087078868044,4.513410905933842,0.0275326071041685,0.992710446266742,side key,w15_step5_highpass_atlas_mean_trace,1.0,atlas_region_mean_trace,atlas_region_mean_trace_meanfc_modules,,
Drosophila,2018-12-14_1,MB_R,0.3186689497442629,0.4606175324806362,0.3266160982144549,0.7579130237877528,6.29870489674262,0.0293542071784014,0.9135134503539832,side key,w15_step5_highpass_atlas_mean_trace,16.0,atlas_region_mean_trace,atlas_region_mean_trace_meanfc_modules,,
Drosophila,2018-12-14_1,ME_R,0.2627925798700297,0.8713641151480397,0.03416898073345,0.5288800971261505,5.008573957823354,0.0303857171235356,0.9926471199215228,side key,w15_step5_highpass_atlas_mean_trace,22.0,atlas_region_mean_trace,atlas_region_mean_trace_meanfc_modules,,
Drosophila,2018-12-14_1,OTU_R,0.3146553653978132,0.6586180934078647,0.1620741300532348,0.7138983562740195,5.773754014253379,0.0377038821958154,0.9870341749334318,side key,w15_step5_highpass_atlas_mean_trace,3.0,atlas_region_mean_trace,atlas_region_mean_trace_meanfc_modules,,
Drosophila,2018-12-14_1,PLP_R,0.3091256625524913,0.4715132465745736,0.3015917487873373,0.688780871400768,5.330912113074104,0.029333193560585,0.917436771710364,side key,w15_step5_highpass_atlas_mean_trace,15.0,atlas_region_mean_trace,atlas_region_mean_trace_meanfc_modules,,
Drosophila,2018-12-14_1,PVLP_R,0.3042183688184125,0.5155651367068007,0.2669228609757073,0.6795633646459746,5.093303269310043,0.0301224744283992,0.9365657807300702,side key,w15_step5_highpass_atlas_mean_trace,17.0,atlas_region_mean_trace,atlas_region_mean_trace_meanfc_modules,,
Drosophila,2018-12-14_1,SCL_R,0.3014184572859614,0.4898272336234509,0.2263048084646436,0.6583001459580183,4.6798568559377385,0.0311126788340687,0.9328825672455626,side key,w15_step5_highpass_atlas_mean_trace,6.0,atlas_region_mean_trace,atlas_region_mean_trace_meanfc_modules,,
Drosophila,2018-12-14_1,SIP_R,0.2936401217119556,0.6505387286734119,0.1569023859043529,0.6422819855667564,6.536084296942321,0.0346351417799612,0.9797569069609984,side key,w15_step5_highpass_atlas_mean_trace,6.0,atlas_region_mean_trace,atlas_region_mean_trace_meanfc_modules,,
Drosophila,2018-12-14_1,SLP_R,0.2966270630664413,0.5887557441955373,0.2349654794151467,0.6829781408708746,5.603605385824233,0.034151828116068,0.9667987541372706,side key,w15_step5_highpass_atlas_mean_trace,22.0,atlas_region_mean_trace,atlas_region_mean_trace_meanfc_modules,,
Drosophila,2018-12-14_1,SMP_R,0.3059968128335226,0.5026890805242358,0.2664305246341029,0.6830480383906612,5.663180202550978,0.0317693900593784,0.9419266223430858,side key,w15_step5_highpass_atlas_mean_trace,21.0,atlas_region_mean_trace,atlas_region_mean_trace_meanfc_modules,,
Drosophila,2018-12-14_1,SPS_R,0.3117008263675463,0.5202446009145989,0.2851562692110976,0.7138008894377419,6.955215751673945,0.032286922487461,0.9262258500202368,side key,w15_step5_highpass_atlas_mean_trace,12.0,atlas_region_mean_trace,atlas_region_mean_trace_meanfc_modules,,
Drosophila,2018-12-14_1,VES_R,0.3328878226255649,0.5042944995018854,0.2999396029306799,0.7918569162601932,5.48679348117719,0.0363064701726379,0.920183191716743,side key,w15_step5_highpass_atlas_mean_trace,6.0,atlas_region_mean_trace,atlas_region_mean_trace_meanfc_modules,,
Drosophila,2018-12-14_1,WED_R,0.3235988630671222,0.5823905743897354,0.1843472872988254,0.7506224942652687,5.4422362834996205,0.0394923071087333,0.9524689381465375,side key,w15_step5_highpass_atlas_mean_trace,1.0,atlas_region_mean_trace,atlas_region_mean_trace_meanfc_modules,,
Drosophila,2018-12-14_1,AL_L,0.34111093285874,0.4862283763449216,0.1839430550252395,0.524679751071292,4.91136700567305,0.0302495383983897,0.921070056591617,side key,w15_step5_highpass_atlas_mean_trace,22.0,atlas_region_mean_trace,atlas_region_mean_trace_meanfc_modules,,
Drosophila,2018-12-14_1,AME_L,0.271751601024436,0.8498550460945861,0.0541930235513255,0.5115472028096554,4.968299663134252,0.0337688101122589,0.995197157372704,side key,w15_step5_highpass_atlas_mean_trace,1.0,atlas_region_mean_trace,atlas_region_mean_trace_meanfc_modules,,
Drosophila,2018-12-14_1,AMMC_L,0.2829588710248501,0.669685426153234,0.1337663967947684,0.6121154554565429,5.5933194875275465,0.0322924774422469,0.9870838899336528,side key,w15_step5_highpass_atlas_mean_trace,4.0,atlas_region_mean_trace,atlas_region_mean_trace_meanfc_modules,,
Drosophila,2018-12-14_1,ATL_L,0.2853717316996523,0.702076286328504,0.1323322064941708,0.6216431333850697,2.525255983831411,0.0354259247193231,0.9892134974500538,side key,w15_step5_highpass_atlas_mean_trace,1.0,atlas_region_mean_trace,atlas_region_mean_trace_meanfc_modules,,
Drosophila,2018-12-14_1,AVLP_L,0.3375452871256531,0.5334079160926647,0.2404093621696618,0.7108632330824888,3.975569002528425,0.031704298502849,0.939044404622798,side key,w15_step5_highpass_atlas_mean_trace,34.0,atlas_region_mean_trace,atlas_region_mean_trace_meanfc_modules,,
Drosophila,2018-12-14_1,CRE_L,0.3153572474619947,0.5256370108609276,0.2559178584323592,0.7347824950902905,5.631464150801344,0.0331221172562774,0.9400104846049748,side key,w15_step5_highpass_atlas_mean_trace,10.0,atlas_region_mean_trace,atlas_region_mean_trace_meanfc_modules,,
Drosophila,2018-12-14_1,EPA_L,0.2834611552568823,0.5688398342761655,0.1119641025666569,0.5111456961168706,4.113471157153742,0.0328762162299127,0.9712354902065704,side key,w15_step5_highpass_atlas_mean_trace,1.0,atlas_region_mean_trace,atlas_region_mean_trace_meanfc_modules,,
Drosophila,2018-12-14_1,GA_L,0.2978889597929193,0.5546447015304603,0.0498842495656141,0.5663530377740398,5.242316905279804,0.0297693701904634,0.9794854804933446,side key,w15_step5_highpass_atlas_mean_trace,1.0,atlas_region_mean_trace,atlas_region_mean_trace_meanfc_modules,,
Drosophila,2018-12-14_1,GOR_L,0.2785324144107005,0.7067162706292759,0.1417134839142631,0.6103146482606475,5.400484099118626,0.0313675348339877,0.9930643132735448,side key,w15_step5_highpass_atlas_mean_trace,1.0,atlas_region_mean_trace,atlas_region_mean_trace_meanfc_modules,,
Drosophila,2018-12-14_1,IB_L,0.2929382632414399,0.5762243376078007,0.2132753821072643,0.670125785233899,4.315431710319939,0.0342030851112673,0.9708113893828152,side key,w15_step5_highpass_atlas_mean_trace,3.0,atlas_region_mean_trace,atlas_region_mean_trace_meanfc_modules,,
Drosophila,2018-12-14_1,ICL_L,0.3098143144846952,0.5486123398674196,0.2379594527285113,0.7513172815239689,7.024573593530809,0.0344145503333187,0.9560415426861276,side key,w15_step5_highpass_atlas_mean_trace,8.0,atlas_region_mean_trace,atlas_region_mean_trace_meanfc_modules,,
Drosophila,2018-12-14_1,IPS_L,0.3506239947679324,0.5001319464781103,0.1932461973611952,0.8014490486034522,5.843521139487804,0.0375526551138976,0.9104943287055453,side key,w15_step5_highpass_atlas_mean_trace,8.0,atlas_region_mean_trace,atlas_region_mean_trace_meanfc_modules,,
Drosophila,2018-12-14_1,IVLP_L,0.3177207182894817,0.5372831868108287,0.2684266896008324,0.7431793194795283,4.500163981892267,0.0342448636127526,0.9372650125919776,side key,w15_step5_highpass_atlas_mean_trace,7.0,atlas_region_mean_trace,atlas_region_mean_trace_meanfc_modules,,
Drosophila,2018-12-14_1,LAL_L,0.3256541603523426,0.4978806248722349,0.3198257108569373,0.7928434564257207,4.141576037623829,0.0345549201728864,0.9147547370130958,side key,w15_step5_highpass_atlas_mean_trace,5.0,atlas_region_mean_trace,atlas_region_mean_trace_meanfc_modules,,
Drosophila,2018-12-14_1,LB_L,0.2583595744930903,0.90297945698223,0.029307723404673,0.545504102891444,3.254231514395124,0.0281854350839385,0.9907861728011286,side key,w15_step5_highpass_atlas_mean_trace,1.0,atlas_region_mean_trace,atlas_region_mean_trace_meanfc_modules,,
Drosophila,2018-12-14_1,LH_L,0.3156330754519207,0.4788158847526458,0.2999531715768505,0.7182638748745138,5.099449014829156,0.0309987940362791,0.9102267315896254,side key,w15_step5_highpass_atlas_mean_trace,11.0,atlas_region_mean_trace,atlas_region_mean_trace_meanfc_modules,,
Drosophila,2018-12-14_1,LO_L,0.2858940500416996,0.7593850151337748,0.029955780161875,0.6303734664762181,5.416068473727192,0.0321916261011793,0.9939422050206708,side key,w15_step5_highpass_atlas_mean_trace,4.0,atlas_region_mean_trace,atlas_region_mean_trace_meanfc_modules,,
Drosophila,2018-12-14_1,MB_L,0.3298930970686427,0.4769179000509012,0.3108969140819225,0.7808991067968537,5.414287767453337,0.0314600690324503,0.9035576965475014,side key,w15_step5_highpass_atlas_mean_trace,16.0,atlas_region_mean_trace,atlas_region_mean_trace_meanfc_modules,,
Drosophila,2018-12-14_1,ME_L,0.2734807217955376,0.9099293537729064,-2.91659461199762e-05,0.5142348071924429,4.18540099945835,0.0323713868411824,0.9916908292568716,side key,w15_step5_highpass_atlas_mean_trace,4.0,atlas_region_mean_trace,atlas_region_mean_trace_meanfc_modules,,
Drosophila,2018-12-14_1,OTU_L,0.3174157631795833,0.5460096438771115,0.269441975840281,0.7631178021343141,4.809051553588748,0.034972826037303,0.948653893343388,side key,w15_step5_highpass_atlas_mean_trace,4.0,atlas_region_mean_trace,atlas_region_mean_trace_meanfc_modules,,
Drosophila,2018-12-14_1,PLP_L,0.3306376535235697,0.4893226675984282,0.301892663016554,0.7778528847285027,4.028092230929733,0.0347604800594103,0.9078452405188056,side key,w15_step5_highpass_atlas_mean_trace,13.0,atlas_region_mean_trace,atlas_region_mean_trace_meanfc_modules,,
Drosophila,2018-12-14_1,PVLP_L,0.3159876929835304,0.4666529814645416,0.3112050245244628,0.7182737534595455,4.20205768788748,0.0318381602164041,0.902216283293816,side key,w15_step5_highpass_atlas_mean_trace,11.0,atlas_region_mean_trace,atlas_region_mean_trace_meanfc_modules,,
Drosophila,2018-12-14_1,SCL_L,0.31891934308267,0.4710676525121924,0.2997857760445461,0.7686354121954988,4.83138530222765,0.0326919508598389,0.9181878816683068,side key,w15_step5_highpass_atlas_mean_trace,8.0,atlas_region_mean_trace,atlas_region_mean_trace_meanfc_modules,,
Drosophila,2018-12-14_1,SIP_L,0.3012194564113635,0.6448088911781519,0.1740850996937473,0.7007770109114508,6.07533939849618,0.0358023198227228,0.9770197446030642,side key,w15_step5_highpass_atlas_mean_trace,7.0,atlas_region_mean_trace,atlas_region_mean_trace_meanfc_modules,,
Drosophila,2018-12-14_1,SLP_L,0.3157779904661399,0.5446605359922922,0.271300343614485,0.7570575785757588,6.041650348605203,0.0344838817465298,0.9459928694967562,side key,w15_step5_highpass_atlas_mean_trace,23.0,atlas_region_mean_trace,atlas_region_mean_trace_meanfc_modules,,
Drosophila,2018-12-14_1,SMP_L,0.3149832358514706,0.5338320236950327,0.2748703821188216,0.7147842137753532,5.604881739235939,0.0334185119653616,0.9430751027626384,side key,w15_step5_highpass_atlas_mean_trace,22.0,atlas_region_mean_trace,atlas_region_mean_trace_meanfc_modules,,
Drosophila,2018-12-14_1,SPS_L,0.3209139706672148,0.5068556406865692,0.2934692570035629,0.7168799669058503,5.807958711686606,0.0305448569686171,0.9119530318374696,side key,w15_step5_highpass_atlas_mean_trace,15.0,atlas_region_mean_trace,atlas_region_mean_trace_meanfc_modules,,
Drosophila,2018-12-14_1,VES_L,0.3265809088792327,0.4726617668836744,0.3245771504044564,0.7772002024515818,3.130051089393986,0.0310885349023044,0.9167856372279042,side key,w15_step5_highpass_atlas_mean_trace,6.0,atlas_region_mean_trace,atlas_region_mean_trace_meanfc_modules,,
Drosophila,2018-12-14_1,WED_L,0.3308235680931982,0.5835406000302433,0.2170578337200813,0.7657022032949437,4.356609188741266,0.0399880613547709,0.9449529508093611,side key,w15_step5_highpass_atlas_mean_trace,1.0,atlas_region_mean_trace,atlas_region_mean_trace_meanfc_modules,,
Drosophila,2018-12-14_1,EB,0.2986322575162595,0.5449250955848031,0.1111444005036759,0.6051146911492689,4.415915254978277,0.0319986862555472,0.97258799794449,side key,w15_step5_highpass_atlas_mean_trace,3.0,atlas_region_mean_trace,atlas_region_mean_trace_meanfc_modules,,
Drosophila,2018-12-14_1,FB,0.2916489993352499,0.4668600984438715,0.1672237409466869,0.4868614716585212,5.17608634132224,0.0270869532324276,0.9409760065561268,side key,w15_step5_highpass_atlas_mean_trace,13.0,atlas_region_mean_trace,atlas_region_mean_trace_meanfc_modules,,
Drosophila,2018-12-14_1,FLA,0.327602747228768,0.5545811629452346,0.1937803935603249,0.7567216023650091,5.017261058506567,0.0355526646000653,0.9642058278928796,side key,w15_step5_highpass_atlas_mean_trace,6.0,atlas_region_mean_trace,atlas_region_mean_trace_meanfc_modules,,
Drosophila,2018-12-14_1,NO,0.300528566436363,0.5751750202779894,0.051664215516445,0.6153083550731964,5.3181533416509,0.0334320342986921,0.963630673184836,side key,w15_step5_highpass_atlas_mean_trace,1.0,atlas_region_mean_trace,atlas_region_mean_trace_meanfc_modules,,
Drosophila,2018-12-14_1,PB,0.3454210123699514,0.5937340631223276,0.1672373227911523,0.7212200696382579,5.135880539266273,0.035186634394064,0.9482768442474612,side key,w15_step5_highpass_atlas_mean_trace,1.0,atlas_region_mean_trace,atlas_region_mean_trace_meanfc_modules,,
Drosophila,2018-12-14_1,PRW,0.3050584595102889,0.6859147373158727,0.1506709259708365,0.5997408484096317,4.583697146121294,0.0366907298993746,0.9862911746315364,side key,w15_step5_highpass_atlas_mean_trace,7.0,atlas_region_mean_trace,atlas_region_mean_trace_meanfc_modules,,
Drosophila,2018-12-14_1,SAD,0.3474677143923228,0.504947068835434,0.2640227685816932,0.7827079553031504,6.151559195427038,0.036957168165629,0.9052413391184952,side key,w15_step5_highpass_atlas_mean_trace,20.0,atlas_region_mean_trace,atlas_region_mean_trace_meanfc_modules,,
Drosophila,2018-12-14_1,SOG,0.3920959894697105,0.4657935337416663,0.1396898466294304,0.8062167402301631,5.627842127574176,0.0319004627007271,0.8996739475777531,side key,w15_step5_highpass_atlas_mean_trace,66.0,atlas_region_mean_trace,atlas_region_mean_trace_meanfc_modules,,
Drosophila,2018-12-14_2,AL_R,0.2926262063047615,0.6395717886415069,0.1061076166951089,0.6438555867676731,3.202189671078236,0.0286293455371447,0.9400886196298016,side key,w15_step5_highpass_atlas_mean_trace,23.0,atlas_region_mean_trace,atlas_region_mean_trace_meanfc_modules,,
Drosophila,2018-12-14_2,AME_R,0.2684192582284174,0.9066127341698236,0.0054443461280172,0.5730360361927488,4.141623743671252,0.0284840479302843,0.9943122286050544,side key,w15_step5_highpass_atlas_mean_trace,1.0,atlas_region_mean_trace,atlas_region_mean_trace_meanfc_modules,,
Drosophila,2018-12-14_2,AMMC_R,0.2733708107283388,0.772574393900529,0.0616361863754522,0.5873071450869789,4.546047397958278,0.0294088825369682,0.9913561073782644,side key,w15_step5_highpass_atlas_mean_trace,4.0,atlas_region_mean_trace,atlas_region_mean_trace_meanfc_modules,,
Drosophila,2018-12-14_2,ATL_R,0.270157187422676,0.8376765878609129,0.0667928667826454,0.6480227179025264,2.834864193954074,0.0279586133212965,0.9915380889552208,side key,w15_step5_highpass_atlas_mean_trace,1.0,atlas_region_mean_trace,atlas_region_mean_trace_meanfc_modules,,
Drosophila,2018-12-14_2,AVLP_R,0.2891474456830725,0.6971152619307122,0.1273376495099806,0.6297755405392257,2.6084841271573187,0.0287924490162062,0.9725280408507376,side key,w15_step5_highpass_atlas_mean_trace,28.0,atlas_region_mean_trace,atlas_region_mean_trace_meanfc_modules,,
Drosophila,2018-12-14_2,CRE_R,0.2811898478910219,0.6470135064357234,0.1213128803345887,0.6685723165944534,3.7225621592676266,0.0273782786933563,0.9535774909812682,side key,w15_step5_highpass_atlas_mean_trace,8.0,atlas_region_mean_trace,atlas_region_mean_trace_meanfc_modules,,
Drosophila,2018-12-14_2,EPA_R,0.2693345197877259,0.8904694890453951,0.0345490009298824,0.6331407777624388,3.2814359312516115,0.0264162225304797,0.9954221692995402,side key,w15_step5_highpass_atlas_mean_trace,1.0,atlas_region_mean_trace,atlas_region_mean_trace_meanfc_modules,,
Drosophila,2018-12-14_2,GA_R,0.2644212341442359,0.8770645746565945,0.0224708427665648,0.5519289073294152,2.6801408960787274,0.0264569609431635,0.9959129672892032,side key,w15_step5_highpass_atlas_mean_trace,1.0,atlas_region_mean_trace,atlas_region_mean_trace_meanfc_modules,,
Drosophila,2018-12-14_2,GOR_R,0.2711748474844344,0.8522370281853003,0.0625420057866254,0.6058974792680086,2.5287515524593998,0.0274032755340135,0.9940803586603296,side key,w15_step5_highpass_atlas_mean_trace,1.0,atlas_region_mean_trace,atlas_region_mean_trace_meanfc_modules,,
Drosophila,2018-12-14_2,IB_R,0.2736358775066626,0.828696960624211,0.0692064231606097,0.6749904056296613,4.261938379444823,0.0282291468606775,0.995307060370535,side key,w15_step5_highpass_atlas_mean_trace,4.0,atlas_region_mean_trace,atlas_region_mean_trace_meanfc_modules,,
Drosophila,2018-12-14_2,ICL_R,0.2796520084885173,0.7491743823356012,0.0906278812767765,0.681846994675373,2.702659882641442,0.0283040075478656,0.9855825915708994,side key,w15_step5_highpass_atlas_mean_trace,8.0,atlas_region_mean_trace,atlas_region_mean_trace_meanfc_modules,,
Drosophila,2018-12-14_2,IPS_R,0.2861050659833372,0.8130414548672739,0.0941754722752064,0.7200924750316462,3.809522499620446,0.0352740653557706,0.991487870888318,side key,w15_step5_highpass_atlas_mean_trace,11.0,atlas_region_mean_trace,atlas_region_mean_trace_meanfc_modules,,
Drosophila,2018-12-14_2,IVLP_R,0.2775921449175698,0.7815533764835794,0.1043489524585324,0.662151792939218,4.269140062464817,0.0288055564529597,0.9903183353158268,side key,w15_step5_highpass_atlas_mean_trace,5.0,atlas_region_mean_trace,atlas_region_mean_trace_meanfc_modules,,
Drosophila,2018-12-14_2,LAL_R,0.2866640905221836,0.6972368036506621,0.1129988245102283,0.6796713198063984,4.130102806827305,0.0290880258747123,0.9582967500236432,side key,w15_step5_highpass_atlas_mean_trace,9.0,atlas_region_mean_trace,atlas_region_mean_trace_meanfc_modules,,
Drosophila,2018-12-14_2,LB_R,0.2782702045957821,0.8271742233888563,0.0158560454500495,0.6510574089987057,4.68246568567956,0.0281050594252474,0.9925480438503056,side key,w15_step5_highpass_atlas_mean_trace,1.0,atlas_region_mean_trace,atlas_region_mean_trace_meanfc_modules,,
Drosophila,2018-12-14_2,LH_R,0.2899291408690416,0.7027478171211349,0.088676479058395,0.6117081987916976,1.446155044585998,0.0280465963721682,0.962159193512784,side key,w15_step5_highpass_atlas_mean_trace,14.0,atlas_region_mean_trace,atlas_region_mean_trace_meanfc_modules,,
Drosophila,2018-12-14_2,LO_R,0.2627706919455748,0.911893935380552,0.0056974664252623,0.5153463505391154,5.322817452104685,0.0285005747380625,0.9927893004407772,side key,w15_step5_highpass_atlas_mean_trace,27.0,atlas_region_mean_trace,atlas_region_mean_trace_meanfc_modules,,
Drosophila,2018-12-14_2,MB_R,0.2951784083926226,0.5863641968316358,0.1621895263026229,0.6694836943214734,1.7516420654601317,0.0264485475287295,0.9228922516026072,side key,w15_step5_highpass_atlas_mean_trace,16.0,atlas_region_mean_trace,atlas_region_mean_trace_meanfc_modules,,
Drosophila,2018-12-14_2,ME_R,0.2639819189332202,0.9015156279461553,0.0217455721606479,0.5859220522913521,4.009766813908251,0.0290753947773926,0.9948086235630562,side key,w15_step5_highpass_atlas_mean_trace,24.0,atlas_region_mean_trace,atlas_region_mean_trace_meanfc_modules,,
Drosophila,2018-12-14_2,OTU_R,0.2788489484027014,0.7394940421103313,0.0917121902257445,0.6118098354953051,4.463523431259794,0.0266819940793386,0.987681395485937,side key,w15_step5_highpass_atlas_mean_trace,3.0,atlas_region_mean_trace,atlas_region_mean_trace_meanfc_modules,,
Drosophila,2018-12-14_2,PLP_R,0.2857451026312141,0.7286248327962228,0.1245415048921186,0.7100660219357077,2.920919456837331,0.0302818493433165,0.983355180259222,side key,w15_step5_highpass_atlas_mean_trace,15.0,atlas_region_mean_trace,atlas_region_mean_trace_meanfc_modules,,
Drosophila,2018-12-14_2,PVLP_R,0.2815785340005789,0.7459311497117264,0.1001746872659235,0.6910018522772934,4.236549597141264,0.0272548258674247,0.9835163611980676,side key,w15_step5_highpass_atlas_mean_trace,17.0,atlas_region_mean_trace,atlas_region_mean_trace_meanfc_modules,,
Drosophila,2018-12-14_2,SCL_R,0.2860949528121478,0.6960867426644495,0.1310793384006278,0.6673013859568316,2.322025126963036,0.0282965992950636,0.9734528796061308,side key,w15_step5_highpass_atlas_mean_trace,6.0,atlas_region_mean_trace,atlas_region_mean_trace_meanfc_modules,,
Drosophila,2018-12-14_2,SIP_R,0.2762813385249088,0.6806181704297036,0.1173154307958157,0.6126134955462891,3.073214243298856,0.0270903626822736,0.9718488734417086,side key,w15_step5_highpass_atlas_mean_trace,6.0,atlas_region_mean_trace,atlas_region_mean_trace_meanfc_modules,,
Drosophila,2018-12-14_2,SLP_R,0.2870215886033639,0.6501032719373756,0.1463940602256089,0.710917813362674,1.92048692410925,0.027289655014416,0.9524711067089334,side key,w15_step5_highpass_atlas_mean_trace,22.0,atlas_region_mean_trace,atlas_region_mean_trace_meanfc_modules,,
Drosophila,2018-12-14_2,SMP_R,0.2814421676271428,0.72569078200072,0.1395894035605487,0.6868639287211955,3.2529283255316,0.029942443393099,0.9808133056799516,side key,w15_step5_highpass_atlas_mean_trace,21.0,atlas_region_mean_trace,atlas_region_mean_trace_meanfc_modules,,
Drosophila,2018-12-14_2,SPS_R,0.2815407418654277,0.7805445197467276,0.0996935273981966,0.7353489104583146,3.3892985406802114,0.0300943810294914,0.9916327163777248,side key,w15_step5_highpass_atlas_mean_trace,12.0,atlas_region_mean_trace,atlas_region_mean_trace_meanfc_modules,,
Drosophila,2018-12-14_2,VES_R,0.2899006856609663,0.7006193304651233,0.0962715793689493,0.7005317393297805,3.8644648412898888,0.0269024456180079,0.960235351465092,side key,w15_step5_highpass_atlas_mean_trace,6.0,atlas_region_mean_trace,atlas_region_mean_trace_meanfc_modules,,
Drosophila,2018-12-14_2,WED_R,0.2747040075716698,0.8915784823591079,0.0157528363772937,0.7141064866821172,4.425085845581156,0.0273665289512773,0.9951531848168212,side key,w15_step5_highpass_atlas_mean_trace,1.0,atlas_region_mean_trace,atlas_region_mean_trace_meanfc_modules,,
Drosophila,2018-12-14_2,AL_L,0.2870149683583931,0.7345111285024543,0.1177644713134924,0.6778975415801618,4.597535461731117,0.0266493314449265,0.97746799584197,side key,w15_step5_highpass_atlas_mean_trace,22.0,atlas_region_mean_trace,atlas_region_mean_trace_meanfc_modules,,
Drosophila,2018-12-14_2,AME_L,0.2667264085905613,0.9052426020014798,0.0263406001637628,0.5977326713578577,2.574759698542401,0.0267586739928352,0.9956804044709432,side key,w15_step5_highpass_atlas_mean_trace,1.0,atlas_region_mean_trace,atlas_region_mean_trace_meanfc_modules,,
Drosophila,2018-12-14_2,AMMC_L,0.2738483546659395,0.8547424876134289,0.0559132821858794,0.6626928662417981,4.660590186722393,0.0271219047913401,0.9949855032957972,side key,w15_step5_highpass_atlas_mean_trace,4.0,atlas_region_mean_trace,atlas_region_mean_trace_meanfc_modules,,
Drosophila,2018-12-14_2,ATL_L,0.2663083847736764,0.8957775546744033,0.0441856166198142,0.6806634858728633,3.8122084513903767,0.0311146567931988,0.9954940348223748,side key,w15_step5_highpass_atlas_mean_trace,1.0,atlas_region_mean_trace,atlas_region_mean_trace_meanfc_modules,,
Drosophila,2018-12-14_2,AVLP_L,0.289056914153839,0.7277336220426562,0.1148713545913507,0.6446162178653658,3.9618981789045593,0.0272282293744834,0.9748865975160768,side key,w15_step5_highpass_atlas_mean_trace,34.0,atlas_region_mean_trace,atlas_region_mean_trace_meanfc_modules,,
Drosophila,2018-12-14_2,CRE_L,0.2837344395792344,0.6648981646933367,0.1106970901646494,0.6511310557300939,2.9349818341671248,0.0282682345921365,0.9529403159412136,side key,w15_step5_highpass_atlas_mean_trace,10.0,atlas_region_mean_trace,atlas_region_mean_trace_meanfc_modules,,
Drosophila,2018-12-14_2,EPA_L,0.2703072235545091,0.8489922182979234,0.0415797367642135,0.6459211027545063,3.0061277907910235,0.0294979606734139,0.993746812212524,side key,w15_step5_highpass_atlas_mean_trace,1.0,atlas_region_mean_trace,atlas_region_mean_trace_meanfc_modules,,
Drosophila,2018-12-14_2,GA_L,0.272016865963618,0.886061232581429,0.0188657937040758,0.6518910942374085,3.624172773634859,0.0281873982424982,0.9933393616416188,side key,w15_step5_highpass_atlas_mean_trace,1.0,atlas_region_mean_trace,atlas_region_mean_trace_meanfc_modules,,
Drosophila,2018-12-14_2,GOR_L,0.2664969093900005,0.8957360854050759,0.0352249269752021,0.6459703404309356,3.642399195548066,0.0282381811794186,0.993933900907468,side key,w15_step5_highpass_atlas_mean_trace,1.0,atlas_region_mean_trace,atlas_region_mean_trace_meanfc_modules,,
Drosophila,2018-12-14_2,IB_L,0.2699005531552337,0.8488394400591904,0.0531631850819521,0.672084804183273,4.443875846891778,0.027829358901314,0.9944393119405068,side key,w15_step5_highpass_atlas_mean_trace,3.0,atlas_region_mean_trace,atlas_region_mean_trace_meanfc_modules,,
Drosophila,2018-12-14_2,ICL_L,0.2800326386514476,0.8027425782087885,0.0860213222130766,0.7476131427560222,3.86383641444712,0.0332321434956245,0.9910758412788012,side key,w15_step5_highpass_atlas_mean_trace,8.0,atlas_region_mean_trace,atlas_region_mean_trace_meanfc_modules,,
Drosophila,2018-12-14_2,IPS_L,0.2904644759155295,0.8348251993051726,0.0475123139935261,0.7725803868025879,7.235811802050697,0.0304015316372024,0.9892606241418817,side key,w15_step5_highpass_atlas_mean_trace,8.0,atlas_region_mean_trace,atlas_region_mean_trace_meanfc_modules,,
Drosophila,2018-12-14_2,IVLP_L,0.2725586076924868,0.8566672088335915,0.0512909720697084,0.6782037488896593,4.7405907897760695,0.0290679473302068,0.9922738889045756,side key,w15_step5_highpass_atlas_mean_trace,7.0,atlas_region_mean_trace,atlas_region_mean_trace_meanfc_modules,,
Drosophila,2018-12-14_2,LAL_L,0.2912588173543213,0.7644522332209013,0.1096616584504029,0.707060923417755,3.458866974297804,0.0279953004716944,0.9814670837507208,side key,w15_step5_highpass_atlas_mean_trace,5.0,atlas_region_mean_trace,atlas_region_mean_trace_meanfc_modules,,
Drosophila,2018-12-14_2,LB_L,0.2851664951657106,0.7961023111029988,0.043074713571826,0.7196245738970816,4.041992812699708,0.0279722931718036,0.9897875461378254,side key,w15_step5_highpass_atlas_mean_trace,1.0,atlas_region_mean_trace,atlas_region_mean_trace_meanfc_modules,,
Drosophila,2018-12-14_2,LH_L,0.2830829928695287,0.7148586159104605,0.1114553426607914,0.6682850172234213,1.9205996407340156,0.027463372795645,0.9788968348077132,side key,w15_step5_highpass_atlas_mean_trace,11.0,atlas_region_mean_trace,atlas_region_mean_trace_meanfc_modules,,
Drosophila,2018-12-14_2,LO_L,0.2673883948717673,0.9080849222126446,0.0225921252283505,0.5830370240478185,4.805799249454196,0.0282597119320617,0.9943541304071049,side key,w15_step5_highpass_atlas_mean_trace,22.0,atlas_region_mean_trace,atlas_region_mean_trace_meanfc_modules,,
Drosophila,2018-12-14_2,MB_L,0.2959605619782182,0.6060369220298251,0.1725170328959091,0.6649480464935001,3.1247092772704725,0.0285921317100267,0.9346455337090802,side key,w15_step5_highpass_atlas_mean_trace,16.0,atlas_region_mean_trace,atlas_region_mean_trace_meanfc_modules,,
Drosophila,2018-12-14_2,ME_L,0.2662510364731457,0.9122551785565004,0.0115753220292536,0.6421399161078514,3.060635418447217,0.0303216362608855,0.9963987462026096,side key,w15_step5_highpass_atlas_mean_trace,15.0,atlas_region_mean_trace,atlas_region_mean_trace_meanfc_modules,,
Drosophila,2018-12-14_2,OTU_L,0.2840731496677854,0.7914852273063423,0.0814118733786704,0.6857031923964233,3.764379962554031,0.0293175938222629,0.9891051101290942,side key,w15_step5_highpass_atlas_mean_trace,4.0,atlas_region_mean_trace,atlas_region_mean_trace_meanfc_modules,,
Drosophila,2018-12-14_2,PLP_L,0.2773640689418868,0.7986305578434054,0.0889333336369203,0.6793250413375469,2.3333251415980816,0.0273379719302041,0.9931053230374396,side key,w15_step5_highpass_atlas_mean_trace,13.0,atlas_region_mean_trace,atlas_region_mean_trace_meanfc_modules,,
Drosophila,2018-12-14_2,PVLP_L,0.2783481715650263,0.8009531559599676,0.0927309445985978,0.6763797990120843,1.9090964680322449,0.0287269885362331,0.9920302942914156,side key,w15_step5_highpass_atlas_mean_trace,11.0,atlas_region_mean_trace,atlas_region_mean_trace_meanfc_modules,,
Drosophila,2018-12-14_2,SCL_L,0.2869250156509241,0.7821890320150354,0.09536553190817,0.7333137705483941,3.826949455967486,0.0277364057443333,0.9864878734910016,side key,w15_step5_highpass_atlas_mean_trace,8.0,atlas_region_mean_trace,atlas_region_mean_trace_meanfc_modules,,
Drosophila,2018-12-14_2,SIP_L,0.2751894298236222,0.7517667235833595,0.1049059445941505,0.6667533631379363,1.4213949784913598,0.030141971207876,0.9870359426116904,side key,w15_step5_highpass_atlas_mean_trace,7.0,atlas_region_mean_trace,atlas_region_mean_trace_meanfc_modules,,
Drosophila,2018-12-14_2,SLP_L,0.285164901509614,0.6941425410928495,0.1340088609175405,0.5929150174736794,2.575670345276446,0.0286726992417208,0.9770000909327548,side key,w15_step5_highpass_atlas_mean_trace,23.0,atlas_region_mean_trace,atlas_region_mean_trace_meanfc_modules,,
Drosophila,2018-12-14_2,SMP_L,0.2796229646120343,0.7038757719886531,0.137342023760068,0.5436200072653994,2.113953519757376,0.027613628554044,0.974858673228736,side key,w15_step5_highpass_atlas_mean_trace,22.0,atlas_region_mean_trace,atlas_region_mean_trace_meanfc_modules,,
Drosophila,2018-12-14_2,SPS_L,0.2958123145598406,0.7919420274819023,0.0433544335898526,0.7453806064193839,4.210170368520188,0.0303214275868009,0.9913270698817472,side key,w15_step5_highpass_atlas_mean_trace,15.0,atlas_region_mean_trace,atlas_region_mean_trace_meanfc_modules,,
Drosophila,2018-12-14_2,VES_L,0.2904282025173357,0.7742149054395192,0.1037031931608334,0.7259869248798948,4.380125606219999,0.0285341566677186,0.980385183894694,side key,w15_step5_highpass_atlas_mean_trace,6.0,atlas_region_mean_trace,atlas_region_mean_trace_meanfc_modules,,
Drosophila,2018-12-14_2,WED_L,0.2776662633876272,0.8809656053822758,0.0180505866314845,0.7313551587285407,5.237876516068018,0.0296750160204148,0.992481737380098,side key,w15_step5_highpass_atlas_mean_trace,1.0,atlas_region_mean_trace,atlas_region_mean_trace_meanfc_modules,,
Drosophila,2018-12-14_2,EB,0.2922437789602694,0.7317142765973094,0.105837542188211,0.6425557513780186,2.3487434340732336,0.030266251082704,0.9728243054377912,side key,w15_step5_highpass_atlas_mean_trace,3.0,atlas_region_mean_trace,atlas_region_mean_trace_meanfc_modules,,
Drosophila,2018-12-14_2,FB,0.2776953189347875,0.6593738540680392,0.1277017553752198,0.5535396752292128,2.5506698143357487,0.0305486175450079,0.9579731577127342,side key,w15_step5_highpass_atlas_mean_trace,13.0,atlas_region_mean_trace,atlas_region_mean_trace_meanfc_modules,,
Drosophila,2018-12-14_2,FLA,0.278102143641407,0.7688307451599518,0.0879727291731446,0.6691192610812032,3.5279916655478343,0.0296797269041354,0.9917113709699648,side key,w15_step5_highpass_atlas_mean_trace,6.0,atlas_region_mean_trace,atlas_region_mean_trace_meanfc_modules,,
Drosophila,2018-12-14_2,NO,0.2772346700396881,0.8249064643996992,0.015947870708529,0.5879828318023452,4.294722673757963,0.028460357214388,0.9920470204593655,side key,w15_step5_highpass_atlas_mean_trace,1.0,atlas_region_mean_trace,atlas_region_mean_trace_meanfc_modules,,
Drosophila,2018-12-14_2,PB,0.2895749556772448,0.8633303164607573,0.0402359647454693,0.6722047175529907,3.9153460535745728,0.0273617770221722,0.9913398190723892,side key,w15_step5_highpass_atlas_mean_trace,1.0,atlas_region_mean_trace,atlas_region_mean_trace_meanfc_modules,,
Drosophila,2018-12-14_2,PRW,0.2756550658423277,0.7822206270621012,0.0817317315979518,0.6058665261669033,3.703090944326629,0.0287424354985207,0.9903647049413912,side key,w15_step5_highpass_atlas_mean_trace,7.0,atlas_region_mean_trace,atlas_region_mean_trace_meanfc_modules,,
Drosophila,2018-12-14_2,SAD,0.283604061422257,0.7651087866315873,0.126225650475411,0.735514527907794,2.537517474059821,0.0301518099274473,0.9878344566371956,side key,w15_step5_highpass_atlas_mean_trace,20.0,atlas_region_mean_trace,atlas_region_mean_trace_meanfc_modules,,
Drosophila,2018-12-14_2,SOG,0.2879152373169427,0.8224640137639547,0.0864679571397743,0.7357842022049221,4.814319486182392,0.0312026061147153,0.991485396175188,side key,w15_step5_highpass_atlas_mean_trace,71.0,atlas_region_mean_trace,atlas_region_mean_trace_meanfc_modules,,
Drosophila,2018-12-14_3,AL_R,0.3021923831131473,0.6451384531225264,0.1513136879625821,0.6290419475225477,2.8629329352670267,0.0239900243255707,0.9732624549992194,side key,w15_step5_highpass_atlas_mean_trace,23.0,atlas_region_mean_trace,atlas_region_mean_trace_meanfc_modules,,
Drosophila,2018-12-14_3,AME_R,0.261457365296448,0.8357505221198769,0.0409896190993502,0.5992251819755617,2.678966782683494,0.0230961987309836,0.9950133484507172,side key,w15_step5_highpass_atlas_mean_trace,1.0,atlas_region_mean_trace,atlas_region_mean_trace_meanfc_modules,,
Drosophila,2018-12-14_3,AMMC_R,0.2806529141909105,0.63022484231404,0.1252142924703704,0.5884277734390504,2.8177351633537624,0.0249661880607265,0.9770561480440256,side key,w15_step5_highpass_atlas_mean_trace,4.0,atlas_region_mean_trace,atlas_region_mean_trace_meanfc_modules,,
Drosophila,2018-12-14_3,ATL_R,0.2859732176944619,0.6713697572884926,0.0948519527798436,0.6534575301979986,2.0203315357852105,0.0240425056795945,0.980212534992819,side key,w15_step5_highpass_atlas_mean_trace,1.0,atlas_region_mean_trace,atlas_region_mean_trace_meanfc_modules,,
Drosophila,2018-12-14_3,AVLP_R,0.3183913883647863,0.667417334839258,0.0448001719840369,0.6418067527297269,5.570601213630101,0.0207384863122601,0.9600523663685548,side key,w15_step5_highpass_atlas_mean_trace,28.0,atlas_region_mean_trace,atlas_region_mean_trace_meanfc_modules,,
Drosophila,2018-12-14_3,CRE_R,0.3013547893087084,0.4772770930755379,0.1284642573823817,0.7126483845333759,2.0488847582430805,0.0221667976985963,0.905748253631034,side key,w15_step5_highpass_atlas_mean_trace,8.0,atlas_region_mean_trace,atlas_region_mean_trace_meanfc_modules,,
Drosophila,2018-12-14_3,EPA_R,0.2735058174148203,0.7057016763844116,0.0930412721817944,0.6572500609701774,4.989129058378424,0.0243538863049275,0.987537614288678,side key,w15_step5_highpass_atlas_mean_trace,1.0,atlas_region_mean_trace,atlas_region_mean_trace_meanfc_modules,,
Drosophila,2018-12-14_3,GA_R,0.2671694324944305,0.7446592209165311,0.0404636043572642,0.6328178158292043,4.328403430452144,0.022881989405415,0.9904991283172012,side key,w15_step5_highpass_atlas_mean_trace,1.0,atlas_region_mean_trace,atlas_region_mean_trace_meanfc_modules,,
Drosophila,2018-12-14_3,GOR_R,0.2752331480260285,0.730301948135983,0.0787042966546447,0.6131580569468531,2.5939050785805087,0.0241844748765656,0.9891298316999368,side key,w15_step5_highpass_atlas_mean_trace,1.0,atlas_region_mean_trace,atlas_region_mean_trace_meanfc_modules,,
Drosophila,2018-12-14_3,IB_R,0.2909350345823779,0.6750208788404782,0.1547892522276944,0.6500093419138012,2.631951017464789,0.0238681869684649,0.981791516955686,side key,w15_step5_highpass_atlas_mean_trace,4.0,atlas_region_mean_trace,atlas_region_mean_trace_meanfc_modules,,
Drosophila,2018-12-14_3,ICL_R,0.2781055068459748,0.5212564655937223,0.1459193501010042,0.6114391675679172,2.6509952857912285,0.0207045871005271,0.94524456702702,side key,w15_step5_highpass_atlas_mean_trace,8.0,atlas_region_mean_trace,atlas_region_mean_trace_meanfc_modules,,
Drosophila,2018-12-14_3,IPS_R,0.3044483195393805,0.4948707211096161,0.1742332297364759,0.6611563388093029,1.1035845340922528,0.0281888540868764,0.9223458477312976,side key,w15_step5_highpass_atlas_mean_trace,11.0,atlas_region_mean_trace,atlas_region_mean_trace_meanfc_modules,,
Drosophila,2018-12-14_3,IVLP_R,0.2895615561744658,0.5273203238667926,0.1494110094055443,0.6444788927805462,4.90882167370137,0.0246560284981546,0.947276747514838,side key,w15_step5_highpass_atlas_mean_trace,5.0,atlas_region_mean_trace,atlas_region_mean_trace_meanfc_modules,,
Drosophila,2018-12-14_3,LAL_R,0.292956084347749,0.6521968165768005,0.1831602987822957,0.6758794521676604,2.09473556060107,0.0260532379940692,0.9703475884390048,side key,w15_step5_highpass_atlas_mean_trace,9.0,atlas_region_mean_trace,atlas_region_mean_trace_meanfc_modules,,
Drosophila,2018-12-14_3,LB_R,0.2767899752103044,0.6598402979410751,0.0476794513290381,0.5948551830698066,4.607207437966679,0.0226452308026406,0.9788233728932688,side key,w15_step5_highpass_atlas_mean_trace,1.0,atlas_region_mean_trace,atlas_region_mean_trace_meanfc_modules,,
Drosophila,2018-12-14_3,LH_R,0.2890102517125395,0.7339144188112692,0.1333821973002233,0.6697706814687011,2.1616798057613518,0.0276646611733106,0.985864735012388,side key,w15_step5_highpass_atlas_mean_trace,14.0,atlas_region_mean_trace,atlas_region_mean_trace_meanfc_modules,,
Drosophila,2018-12-14_3,LO_R,0.2695709054776425,0.8166616678828236,0.0632922947673592,0.687037078899497,5.369027560312157,0.0250751166526854,0.9931166523264254,side key,w15_step5_highpass_atlas_mean_trace,30.0,atlas_region_mean_trace,atlas_region_mean_trace_meanfc_modules,,
Drosophila,2018-12-14_3,LOP_R,0.2685668061860002,0.8965335158562311,0.004546660427371,0.59658360810799,3.241203829700656,0.0232659712897792,0.994570943689848,side key,w15_step5_highpass_atlas_mean_trace,1.0,atlas_region_mean_trace,atlas_region_mean_trace_meanfc_modules,,
Drosophila,2018-12-14_3,MB_R,0.3173774459290461,0.5193405309870034,0.1848881307175825,0.7456552791941232,2.0303623121230188,0.0238281757606505,0.8972721076524971,side key,w15_step5_highpass_atlas_mean_trace,16.0,atlas_region_mean_trace,atlas_region_mean_trace_meanfc_modules,,
Drosophila,2018-12-14_3,ME_R,0.2646688067601399,0.8181442105058653,0.0389441626766015,0.6226791057844531,2.8309753661781643,0.0229367527131925,0.993906739662132,side key,w15_step5_highpass_atlas_mean_trace,22.0,atlas_region_mean_trace,atlas_region_mean_trace_meanfc_modules,,
Drosophila,2018-12-14_3,OTU_R,0.2824003085735649,0.712718698819133,0.1356131114167828,0.6717656888836704,2.44680599986841,0.0251535843432968,0.9881794484283256,side key,w15_step5_highpass_atlas_mean_trace,3.0,atlas_region_mean_trace,atlas_region_mean_trace_meanfc_modules,,
Drosophila,2018-12-14_3,PLP_R,0.2911490944369896,0.597933805679427,0.1783316916656235,0.6912075173184968,1.5257266926866362,0.025377285586127,0.967834968287789,side key,w15_step5_highpass_atlas_mean_trace,15.0,atlas_region_mean_trace,atlas_region_mean_trace_meanfc_modules,,
Drosophila,2018-12-14_3,PVLP_R,0.2819326362287402,0.5829486843490931,0.145501068617507,0.6584116470992608,4.050247458124536,0.0241962388373451,0.9604211307004152,side key,w15_step5_highpass_atlas_mean_trace,17.0,atlas_region_mean_trace,atlas_region_mean_trace_meanfc_modules,,
Drosophila,2018-12-14_3,SCL_R,0.2896474613248825,0.6145602971039985,0.1299578980333808,0.6009928851419957,2.8522914263994186,0.0217258098567413,0.974243818067216,side key,w15_step5_highpass_atlas_mean_trace,6.0,atlas_region_mean_trace,atlas_region_mean_trace_meanfc_modules,,
Drosophila,2018-12-14_3,SIP_R,0.3052421521162045,0.5107947390823091,0.1138648617481492,0.6779199115121336,2.004257151891996,0.0202653171847455,0.9364071284738142,side key,w15_step5_highpass_atlas_mean_trace,6.0,atlas_region_mean_trace,atlas_region_mean_trace_meanfc_modules,,
Drosophila,2018-12-14_3,SLP_R,0.2941934343665558,0.7137826167116106,0.1353851293373314,0.6696063426746077,3.491506074502794,0.0256740107166849,0.9835177613051695,side key,w15_step5_highpass_atlas_mean_trace,22.0,atlas_region_mean_trace,atlas_region_mean_trace_meanfc_modules,,
Drosophila,2018-12-14_3,SMP_R,0.3074539881612247,0.5071276485606461,0.1608153088889292,0.6865567781368032,1.335890849652527,0.0193172794027803,0.9339324126498204,side key,w15_step5_highpass_atlas_mean_trace,21.0,atlas_region_mean_trace,atlas_region_mean_trace_meanfc_modules,,
Drosophila,2018-12-14_3,SPS_R,0.287367567902124,0.5384982640401088,0.1924262882087794,0.6319832265960392,3.5893575642634152,0.0244856006434838,0.932389360630524,side key,w15_step5_highpass_atlas_mean_trace,12.0,atlas_region_mean_trace,atlas_region_mean_trace_meanfc_modules,,
Drosophila,2018-12-14_3,VES_R,0.2894748424401311,0.6124603723691457,0.1731131286353008,0.713410249255143,2.240269755923594,0.0263598402530797,0.9674879947002908,side key,w15_step5_highpass_atlas_mean_trace,6.0,atlas_region_mean_trace,atlas_region_mean_trace_meanfc_modules,,
Drosophila,2018-12-14_3,WED_R,0.2684623906886599,0.7541321236327527,0.055286303518767,0.5979051674721779,4.321125716925296,0.0261698339750189,0.9953614726449151,side key,w15_step5_highpass_atlas_mean_trace,1.0,atlas_region_mean_trace,atlas_region_mean_trace_meanfc_modules,,
Drosophila,2018-12-14_3,AL_L,0.3126943227377275,0.5741883297764053,0.1521411775154192,0.6141579958867704,1.64276763811328,0.0228642083867932,0.9406576485011492,side key,w15_step5_highpass_atlas_mean_trace,22.0,atlas_region_mean_trace,atlas_region_mean_trace_meanfc_modules,,
Drosophila,2018-12-14_3,AME_L,0.2711542404822275,0.7468204221047253,-0.000631506367055,0.5116712824886728,3.9364694611482753,0.0220464108040391,0.9950373973566018,side key,w15_step5_highpass_atlas_mean_trace,1.0,atlas_region_mean_trace,atlas_region_mean_trace_meanfc_modules,,
Drosophila,2018-12-14_3,AMMC_L,0.2741746495498916,0.445320885276836,0.1185323311300496,0.5797480018803134,4.829001401413374,0.0193609975457039,0.9073521178422134,side key,w15_step5_highpass_atlas_mean_trace,4.0,atlas_region_mean_trace,atlas_region_mean_trace_meanfc_modules,,
Drosophila,2018-12-14_3,ATL_L,0.2777912920652012,0.6664685826417989,0.0924300525905927,0.6289046402752466,4.050565968388033,0.022692065539757,0.9832653135189092,side key,w15_step5_highpass_atlas_mean_trace,1.0,atlas_region_mean_trace,atlas_region_mean_trace_meanfc_modules,,
Drosophila,2018-12-14_3,AVLP_L,0.3219467607999977,0.5508049263054933,0.1132516832200315,0.6774554682582183,4.747445798143372,0.0216650068353986,0.9395959666178868,side key,w15_step5_highpass_atlas_mean_trace,34.0,atlas_region_mean_trace,atlas_region_mean_trace_meanfc_modules,,
Drosophila,2018-12-14_3,CRE_L,0.2907479118104463,0.4450249763821482,0.1335733886046243,0.7062368103384086,1.8626244486268624,0.0190482025069541,0.9043981484500948,side key,w15_step5_highpass_atlas_mean_trace,10.0,atlas_region_mean_trace,atlas_region_mean_trace_meanfc_modules,,
Drosophila,2018-12-14_3,EPA_L,0.2668276091325158,0.450732799920953,0.1225619430049812,0.6544623128991398,4.882569434877995,0.0215661432060935,0.9283748043702916,side key,w15_step5_highpass_atlas_mean_trace,1.0,atlas_region_mean_trace,atlas_region_mean_trace_meanfc_modules,,
Drosophila,2018-12-14_3,GA_L,0.2840834005365489,0.6517180173110995,-0.0345890283001252,0.6815272693989263,6.181687177691856,0.0209859737581873,0.9858939089333136,side key,w15_step5_highpass_atlas_mean_trace,1.0,atlas_region_mean_trace,atlas_region_mean_trace_meanfc_modules,,
Drosophila,2018-12-14_3,GOR_L,0.2766513634813251,0.7527951568564151,0.1022207245533575,0.6693799058832374,2.1599852976552043,0.0227296681161214,0.9935009858134,side key,w15_step5_highpass_atlas_mean_trace,1.0,atlas_region_mean_trace,atlas_region_mean_trace_meanfc_modules,,
Drosophila,2018-12-14_3,IB_L,0.289825779013098,0.6594005358968207,0.1175396487271064,0.6551586108585941,2.567307183019022,0.0235965825662501,0.9781618032814908,side key,w15_step5_highpass_atlas_mean_trace,3.0,atlas_region_mean_trace,atlas_region_mean_trace_meanfc_modules,,
Drosophila,2018-12-14_3,ICL_L,0.2761492686294559,0.5029382497239081,0.1754593449897787,0.6798222259398384,2.5419117745484203,0.020973984938566,0.9256342295194524,side key,w15_step5_highpass_atlas_mean_trace,8.0,atlas_region_mean_trace,atlas_region_mean_trace_meanfc_modules,,
Drosophila,2018-12-14_3,IPS_L,0.2979305089492698,0.5237561248794429,0.1285079497783341,0.710218646557544,4.601847911498166,0.0275222219920105,0.9413409285117356,side key,w15_step5_highpass_atlas_mean_trace,8.0,atlas_region_mean_trace,atlas_region_mean_trace_meanfc_modules,,
Drosophila,2018-12-14_3,IVLP_L,0.2743185128773927,0.5599854304214101,0.0916101090815959,0.6450917343994528,2.81840476880823,0.0208697577022041,0.982291093377758,side key,w15_step5_highpass_atlas_mean_trace,7.0,atlas_region_mean_trace,atlas_region_mean_trace_meanfc_modules,,
Drosophila,2018-12-14_3,LAL_L,0.2888817242321176,0.5520805352591756,0.2319415601360689,0.6595419177390389,2.1758244793714407,0.0247146287685733,0.9347643298335976,side key,w15_step5_highpass_atlas_mean_trace,5.0,atlas_region_mean_trace,atlas_region_mean_trace_meanfc_modules,,
Drosophila,2018-12-14_3,LB_L,0.2743425293536399,0.6949469728161276,0.0383708158133408,0.6023756286171351,3.574537522268433,0.0228053294224361,0.9864841955944766,side key,w15_step5_highpass_atlas_mean_trace,1.0,atlas_region_mean_trace,atlas_region_mean_trace_meanfc_modules,,
Drosophila,2018-12-14_3,LH_L,0.3112808396382845,0.5386150365606147,0.1246757842529356,0.7222814509394608,2.7609123207264337,0.0246761915598016,0.9453729239841264,side key,w15_step5_highpass_atlas_mean_trace,11.0,atlas_region_mean_trace,atlas_region_mean_trace_meanfc_modules,,
Drosophila,2018-12-14_3,LO_L,0.2660766946430969,0.7667002360334627,0.0544833476076832,0.6405081698819414,6.206885952397545,0.0220412427167478,0.9930899854747748,side key,w15_step5_highpass_atlas_mean_trace,20.0,atlas_region_mean_trace,atlas_region_mean_trace_meanfc_modules,,
Drosophila,2018-12-14_3,MB_L,0.3062911529798896,0.5207274152497756,0.2442764011564674,0.7126548199106277,2.2153589256837205,0.0206922034293637,0.9010242992539338,side key,w15_step5_highpass_atlas_mean_trace,16.0,atlas_region_mean_trace,atlas_region_mean_trace_meanfc_modules,,
Drosophila,2018-12-14_3,ME_L,0.2823765128656884,0.7329876467115739,-0.0237020838253573,0.6173823395999566,5.3427538136456105,0.0232333044056368,0.9927483165338796,side key,w15_step5_highpass_atlas_mean_trace,17.0,atlas_region_mean_trace,atlas_region_mean_trace_meanfc_modules,,
Drosophila,2018-12-14_3,OTU_L,0.2889344096275228,0.5112022085645345,0.1559092073100537,0.7118536795211462,1.7394331979725186,0.0247991716140416,0.9528321567536618,side key,w15_step5_highpass_atlas_mean_trace,4.0,atlas_region_mean_trace,atlas_region_mean_trace_meanfc_modules,,
Drosophila,2018-12-14_3,PLP_L,0.3133504291500137,0.5040964296866476,0.2227441853393992,0.7277009899975974,2.5096083090162,0.0239607843026187,0.9062664844129964,side key,w15_step5_highpass_atlas_mean_trace,13.0,atlas_region_mean_trace,atlas_region_mean_trace_meanfc_modules,,
Drosophila,2018-12-14_3,PVLP_L,0.2998530810435449,0.5326359022221026,0.1939893488704331,0.7029325819709309,1.5896191174274743,0.0275382469495069,0.930642506951909,side key,w15_step5_highpass_atlas_mean_trace,11.0,atlas_region_mean_trace,atlas_region_mean_trace_meanfc_modules,,
Drosophila,2018-12-14_3,SCL_L,0.2912857616488358,0.5475903884254173,0.2162723161194182,0.6737382467668992,1.8599681355544853,0.0259850531156243,0.9319300046633824,side key,w15_step5_highpass_atlas_mean_trace,8.0,atlas_region_mean_trace,atlas_region_mean_trace_meanfc_modules,,
Drosophila,2018-12-14_3,SIP_L,0.2881843754561906,0.5334959441330769,0.1119968334585419,0.6424380415676563,1.8073389301176463,0.0214938515261744,0.9548146235747622,side key,w15_step5_highpass_atlas_mean_trace,7.0,atlas_region_mean_trace,atlas_region_mean_trace_meanfc_modules,,
Drosophila,2018-12-14_3,SLP_L,0.3156704008497988,0.5362461601864016,0.0844693075115571,0.7188977551695329,5.1154039402162175,0.0249104352568209,0.9605612176414856,side key,w15_step5_highpass_atlas_mean_trace,23.0,atlas_region_mean_trace,atlas_region_mean_trace_meanfc_modules,,
Drosophila,2018-12-14_3,SMP_L,0.3037773765523049,0.5631982934693595,0.1460173093943364,0.5997865831176417,2.655329234889362,0.0216954394216209,0.9423852698072512,side key,w15_step5_highpass_atlas_mean_trace,22.0,atlas_region_mean_trace,atlas_region_mean_trace_meanfc_modules,,
Drosophila,2018-12-14_3,SPS_L,0.288768058208415,0.46819745119259,0.18340691088948,0.6991727509562582,1.4462497386409991,0.0239425334568268,0.9042429470211232,side key,w15_step5_highpass_atlas_mean_trace,15.0,atlas_region_mean_trace,atlas_region_mean_trace_meanfc_modules,,
Drosophila,2018-12-14_3,VES_L,0.296864837565143,0.4830409918370691,0.2175305086543573,0.7000223690246765,2.306398443729358,0.0241857904410556,0.8929587860485464,side key,w15_step5_highpass_atlas_mean_trace,6.0,atlas_region_mean_trace,atlas_region_mean_trace_meanfc_modules,,
Drosophila,2018-12-14_3,WED_L,0.2863183432842591,0.5871574213055356,0.0857222783822743,0.6719465292491013,4.531919878324137,0.0289961858465056,0.973268567456375,side key,w15_step5_highpass_atlas_mean_trace,1.0,atlas_region_mean_trace,atlas_region_mean_trace_meanfc_modules,,
Drosophila,2018-12-14_3,EB,0.2684997478154561,0.4185136820964583,0.0974281614903439,0.6260566378317916,5.597925865584838,0.0199029779235015,0.9035930932303398,side key,w15_step5_highpass_atlas_mean_trace,3.0,atlas_region_mean_trace,atlas_region_mean_trace_meanfc_modules,,
Drosophila,2018-12-14_3,FB,0.2837458740288857,0.380769061604202,0.1519282229099038,0.6573542575410788,2.0339742438420614,0.0193441013722719,0.8571592805047805,side key,w15_step5_highpass_atlas_mean_trace,13.0,atlas_region_mean_trace,atlas_region_mean_trace_meanfc_modules,,
Drosophila,2018-12-14_3,FLA,0.2712066627852901,0.5492648171226874,0.1699962193333964,0.6385686386770972,4.625986901387993,0.0228488867471561,0.953496853773208,side key,w15_step5_highpass_atlas_mean_trace,6.0,atlas_region_mean_trace,atlas_region_mean_trace_meanfc_modules,,
Drosophila,2018-12-14_3,NO,0.2760150181362403,0.4585075852967362,-0.0232928902836305,0.6294179587300096,4.735915382338668,0.0206531199564865,0.936667905986572,side key,w15_step5_highpass_atlas_mean_trace,1.0,atlas_region_mean_trace,atlas_region_mean_trace_meanfc_modules,,
Drosophila,2018-12-14_3,PB,0.3025588471869094,0.6513583841715884,0.1352336406836498,0.6858333325574784,4.118280469850059,0.0254657877072025,0.9739921103428828,side key,w15_step5_highpass_atlas_mean_trace,1.0,atlas_region_mean_trace,atlas_region_mean_trace_meanfc_modules,,
Drosophila,2018-12-14_3,PRW,0.2792473253747664,0.7275786359588648,0.0774582624340688,0.6657610684676468,3.841873936976605,0.0246032448929958,0.993438951195952,side key,w15_step5_highpass_atlas_mean_trace,7.0,atlas_region_mean_trace,atlas_region_mean_trace_meanfc_modules,,
Drosophila,2018-12-14_3,SAD,0.2805393427301974,0.4290705695340345,0.1562309204327097,0.6387479665926019,3.190787688716279,0.0244120541890398,0.9005139361837899,side key,w15_step5_highpass_atlas_mean_trace,20.0,atlas_region_mean_trace,atlas_region_mean_trace_meanfc_modules,,
Drosophila,2018-12-14_3,SOG,0.3066576298827494,0.4930127970856203,0.1604585574751408,0.7186111242054104,5.726360864019767,0.0265270730480183,0.9193241174335164,side key,w15_step5_highpass_atlas_mean_trace,71.0,atlas_region_mean_trace,atlas_region_mean_trace_meanfc_modules,,
Zebrafish,subject_12,MON,0.29866181612732123,0.5549112109152077,0.06549945081290814,0.6873485145483195,3.818565117482598,0.02362712526842575,0.925078932616329,root_area,baseline_highpass,,,,0.0,1.0
Zebrafish,subject_12,Cb,0.28747077474849003,0.5312653991114424,0.23563567369016739,0.7272093889481731,5.521329357639375,0.029087945059718862,0.9140561731497053,root_area,baseline_highpass,,,,1.0,3.0
Zebrafish,subject_12,MOS1,0.2936473669814159,0.33559774439803053,0.2948547368380223,0.7225770528871691,3.540040460346995,0.029784946132430535,0.758413526173504,root_area,baseline_highpass,,,,2.0,3.0
Zebrafish,subject_12,MOS2,0.252397532981229,0.21049006990318236,0.3237373265928152,0.7146488348833082,3.3837501116745057,0.030101014827866358,0.607016333341534,root_area,baseline_highpass,,,,3.0,1.0
Zebrafish,subject_12,MOS3,0.3047427431062824,0.3463448863999894,0.29606856084148764,0.7275925262098334,2.776164848459452,0.029172341429720312,0.7723628887533593,root_area,baseline_highpass,,,,4.0,2.0
Zebrafish,subject_12,MOS4,0.2668073249879713,0.2533997581843591,0.32336946958903157,0.6831888401162328,3.3042477809524766,0.028273598780080445,0.6687243622354563,root_area,baseline_highpass,,,,5.0,1.0
Zebrafish,subject_12,MOS5,0.29213139228951923,0.3604635591703491,0.24397410998581126,0.6731318659814873,3.0627797372193504,0.0338801987804765,0.8299505350410665,root_area,baseline_highpass,,,,6.0,2.0
Zebrafish,subject_12,IPN,0.31670351484649495,0.7528673426132102,0.10096498604795856,0.7014174260840336,5.263654918915876,0.022253655576594113,0.9568358152057043,root_area,baseline_highpass,,,,7.0,1.0
Zebrafish,subject_12,IO,0.3128743298031727,0.65191370156348,0.12100038150088085,0.6755217300178613,5.535730584184533,0.021765810143887947,0.9617227902520615,root_area,baseline_highpass,,,,8.0,1.0
Zebrafish,subject_12,Ra,0.3292076849883602,0.48458067751891054,0.20171957035891494,0.687077935424446,3.378003628858383,0.02792355478233451,0.9079149265812804,root_area,baseline_highpass,,,,10.0,1.0
Zebrafish,subject_12,T,0.3040399624181056,0.4122546985408235,0.3311500762944364,0.7485253138426594,2.372763405933854,0.026859707693691028,0.8386970945327888,root_area,baseline_highpass,,,,11.0,2.0
Zebrafish,subject_12,aRF,0.2786619411834523,0.31514146183568736,0.2975007910636428,0.7156611720791042,2.1363094737312442,0.032329570633030366,0.8009934915675678,root_area,baseline_highpass,,,,12.0,1.0
Zebrafish,subject_12,imRF,0.2560221204981127,0.22083692200541646,0.3219466004562278,0.7631664549045407,3.267250420115012,0.0272797091663432,0.665376234064895,root_area,baseline_highpass,,,,13.0,1.0
Zebrafish,subject_12,pRF,0.2558138181495344,0.2195380751283498,0.3104508356362369,0.7160675733004122,4.01968846822195,0.029859334837864234,0.6323210806246206,root_area,baseline_highpass,,,,14.0,1.0
Zebrafish,subject_12,Hb,0.34210796128731213,0.7831619445077689,0.04270294180036171,0.6782993193170369,5.890290891398626,0.021077063609149738,0.955450481421267,root_area,baseline_highpass,,,,16.0,1.0
Zebrafish,subject_12,Hi,0.26969895186286535,0.5796874357304584,0.15915326905510807,0.6800485407331455,4.246389510224731,0.029407959981036857,0.973417787242564,root_area,baseline_highpass,,,,17.0,1.0
Zebrafish,subject_12,OG,0.22240415537785066,0.79959615827742,0.04026464482743446,0.6681766274114167,6.072757446164001,0.023897764285142807,0.9777373263122763,root_area,baseline_highpass,,,,19.0,1.0
Zebrafish,subject_12,OB,0.36681978455463615,0.7082583500847283,0.04560845923992448,0.7358417396913541,2.7577112746602133,0.025336830867936484,0.9511472925074974,root_area,baseline_highpass,,,,20.0,1.0
Zebrafish,subject_12,OE,0.359472995946888,0.7770303006207985,0.045850849586922246,0.711403987049034,7.007942150440265,0.02631841862064151,0.9399437000708275,root_area,baseline_highpass,,,,21.0,1.0
Zebrafish,subject_12,P,0.3514891943468322,0.6598457630825144,0.07304525590347996,0.6773988685014278,4.331045677754169,0.023812217868114684,0.9074745940186422,root_area,baseline_highpass,,,,22.0,2.0
Zebrafish,subject_12,PT,0.317124287638903,0.53309657031896,0.2314092612690027,0.7079661219290989,4.104599672871933,0.02708671020070703,0.8981840326175677,root_area,baseline_highpass,,,,24.0,1.0
Zebrafish,subject_12,PO,0.3517069016775574,0.5603927013432464,0.1859126374586656,0.7066444197440491,3.8308831148253986,0.030486480973543905,0.8638571393547625,root_area,baseline_highpass,,,,25.0,1.0
Zebrafish,subject_12,PrT,0.29570075671842533,0.41443524556792655,0.3192781543048459,0.7130739527915256,2.813430180952709,0.02228346026172053,0.8599784816430294,root_area,baseline_highpass,,,,26.0,1.0
Zebrafish,subject_12,SP,0.3622033202424852,0.5793351995860274,0.142972789108485,0.6259398339279656,3.350773022673154,0.02049869933893848,0.8831373370441068,root_area,baseline_highpass,,,,28.0,1.0
Zebrafish,subject_12,TeO,0.3294634718993575,0.6516132299104325,0.12203325670393639,0.6852019960045985,4.849577581958463,0.020518526917808293,0.9243608094810821,root_area,baseline_highpass,,,,29.0,15.0
Zebrafish,subject_12,Th,0.3324795375423253,0.6376892545221622,0.22284230918133627,0.6792893135279576,4.3645030307464925,0.02663452658249127,0.9062579076387487,root_area,baseline_highpass,,,,30.0,2.0
Zebrafish,subject_12,TL,0.26381418060728484,0.7730326543140095,0.09839047437117758,0.6403717967041355,6.559437342991234,0.024406344478350574,0.9735981504591806,root_area,baseline_highpass,,,,31.0,1.0
Zebrafish,subject_12,TS,0.3305151104274439,0.7891356686056537,0.10240562625567114,0.7131796720662891,2.43112692512949,0.020514506203608132,0.9666128395912739,root_area,baseline_highpass,,,,32.0,1.0
Zebrafish,subject_12,TG,0.2424139142518239,0.8287479537771526,0.006995037067111016,0.6815815139525402,4.046511537129749,0.024846276639114546,0.9845473504340223,root_area,baseline_highpass,,,,33.0,1.0
Zebrafish,subject_12,VR,0.28429590573750996,0.3447944167163651,0.23115225544850207,0.7709468358511224,3.1693247051262,0.03158655686031606,0.8276265608798616,root_area,baseline_highpass,,,,34.0,1.0
Zebrafish,subject_12,NX,0.24352595525688422,0.20704879177673524,0.286725819565572,0.7627391905799283,3.9868030757019044,0.030524493873079393,0.6150882015497471,root_area,baseline_highpass,,,,35.0,1.0
Zebrafish,subject_12,rMON,0.3138826487688042,0.5732679152442939,0.07400853333504921,0.7507049409269518,3.085147391392132,0.02542741766524941,0.9323750824015427,root_area,baseline_highpass,,,,36.0,2.0
Zebrafish,subject_12,rCb,0.2889064433949679,0.453540683689493,0.2680301441298907,0.7316246187942049,5.463479805569418,0.023708824453974625,0.8839377651678841,root_area,baseline_highpass,,,,37.0,3.0
Zebrafish,subject_12,rMOS1,0.2761476669900498,0.3202690758926103,0.30864129386749123,0.7067466806513062,3.500678180115768,0.027546629396870498,0.7658416816209765,root_area,baseline_highpass,,,,38.0,3.0
Zebrafish,subject_12,rMOS2,0.2470420652102564,0.20366151916687975,0.32391166991648696,0.7334869439318705,3.211231514437972,0.026704105826528345,0.6148036592505145,root_area,baseline_highpass,,,,39.0,1.0
Zebrafish,subject_12,rMOS3,0.29752943003386184,0.3668530000520455,0.261182817832271,0.7403147909408995,4.417174724979097,0.029341213619010962,0.8263569221149208,root_area,baseline_highpass,,,,40.0,3.0
Zebrafish,subject_12,rMOS4,0.2583631849600435,0.25375334790477827,0.32480531790631567,0.7347831969022247,3.249742325454357,0.02837966928012568,0.7099900271412725,root_area,baseline_highpass,,,,41.0,2.0
Zebrafish,subject_12,rMOS5,0.2992009235200499,0.45233225989080506,0.23957378225245,0.7675905511611308,2.414922528958209,0.030025180225361978,0.8919901620155365,root_area,baseline_highpass,,,,42.0,3.0
Zebrafish,subject_12,rIPN,0.3419029819978765,0.7298473738026847,0.07557716128177826,0.7273344687847104,5.696627964234613,0.027043280477108723,0.9515663886731334,root_area,baseline_highpass,,,,43.0,1.0
Zebrafish,subject_12,rIO,0.31337073619897615,0.6917723118381333,0.13502759221810612,0.6250370809492294,4.927212196926021,0.022933775264129333,0.9646476852325044,root_area,baseline_highpass,,,,44.0,1.0
Zebrafish,subject_12,rRa,0.34259822142314883,0.5867775259138469,0.1827270881905318,0.7566347254926358,5.433528254318402,0.02852686122672899,0.9420912580413687,root_area,baseline_highpass,,,,46.0,1.0
Zebrafish,subject_12,rT,0.29531138266976853,0.4455244919257689,0.29644514105868813,0.7442478598895864,2.8345046013300403,0.023978489386226057,0.8444275336485564,root_area,baseline_highpass,,,,47.0,3.0
Zebrafish,subject_12,raRF,0.26381115050371046,0.3346833222012122,0.28406617401771983,0.7821273599587617,2.5125339763998435,0.02867164970686006,0.8298838916316462,root_area,baseline_highpass,,,,48.0,1.0
Zebrafish,subject_12,rimRF,0.23850829026529427,0.21007049393497157,0.33683226679019335,0.694573706836064,2.813561336900734,0.027693138910415947,0.6663526496021259,root_area,baseline_highpass,,,,49.0,1.0
Zebrafish,subject_12,rpRF,0.2424924523021285,0.20501311026486993,0.31351055895801705,0.7169987559601803,2.8626087460880574,0.027902819954443152,0.6308444804401659,root_area,baseline_highpass,,,,50.0,1.0
Zebrafish,subject_12,rHb,0.3428024437915766,0.7610974746296666,0.12065042188229319,0.6214876483389962,5.217953676970071,0.020222073698502985,0.9572105316636291,root_area,baseline_highpass,,,,52.0,1.0
Zebrafish,subject_12,rHi,0.26724531358921066,0.6169045619759455,0.14925837700381842,0.5938816879764947,4.89035944327912,0.02598342196349957,0.9670374362666384,root_area,baseline_highpass,,,,53.0,1.0
Zebrafish,subject_12,rOB,0.36609083148229055,0.7631657980607941,0.09253250282814778,0.6778951240119442,5.40750293427977,0.02220384822327401,0.9414670336934344,root_area,baseline_highpass,,,,56.0,1.0
Zebrafish,subject_12,rOE,0.3315356821721991,0.7121496102376754,0.01331501399697308,0.5983120614252191,6.396939964629511,0.02367094228044416,0.9379043844969425,root_area,baseline_highpass,,,,57.0,1.0
Zebrafish,subject_12,rP,0.36549281216680096,0.6365018467050987,0.10356045277883594,0.6031004780306095,5.309826023869297,0.024068812685302053,0.8855220413980075,root_area,baseline_highpass,,,,58.0,2.0
Zebrafish,subject_12,rPT,0.32513983994832285,0.5441817185953899,0.23420244759771042,0.7059427424411322,3.4240367457623773,0.0246992340691239,0.9102747552837006,root_area,baseline_highpass,,,,60.0,1.0
Zebrafish,subject_12,rPO,0.354648979103209,0.5668319812071646,0.1891155134728229,0.6480319907383911,3.5189512511953156,0.02339313460643,0.8642666442484472,root_area,baseline_highpass,,,,61.0,1.0
Zebrafish,subject_12,rPrT,0.30080237475463106,0.4137083818770283,0.33599119841522584,0.7032475895993291,4.1885970916955095,0.022047882746188817,0.8492010433939008,root_area,baseline_highpass,,,,62.0,1.0
Zebrafish,subject_12,rSP,0.3662134960529059,0.5830557736189133,0.14961726000417033,0.6019257465675792,4.613120132019295,0.018761528549000605,0.8679671045139795,root_area,baseline_highpass,,,,64.0,1.0
Zebrafish,subject_12,rTeO,0.32827525472177016,0.6641906480438217,0.13810576577894343,0.6752871374615245,5.31439091053317,0.022484794516018786,0.9314635265971604,root_area,baseline_highpass,,,,65.0,18.0
Zebrafish,subject_12,rTh,0.3339582884385303,0.6110183863188126,0.23251400498899583,0.6887681825346474,4.565531209645915,0.023690646435536374,0.8979949745090987,root_area,baseline_highpass,,,,66.0,2.0
Zebrafish,subject_12,rTL,0.27871749446694233,0.7828951186603723,0.12431057390655945,0.6774494448134956,5.746916494346659,0.025650478224173073,0.974105339535534,root_area,baseline_highpass,,,,67.0,1.0
Zebrafish,subject_12,rTS,0.29969747891019255,0.7425286190896203,0.08815500155807511,0.6491753210336484,2.5026029630305473,0.02156077787707468,0.958991235663267,root_area,baseline_highpass,,,,68.0,1.0
Zebrafish,subject_12,rTG,0.24200883994135503,0.8561312178057257,0.009073648053875442,0.7291372117423631,6.445970675805309,0.02532293122193682,0.9691868776211541,root_area,baseline_highpass,,,,69.0,1.0
Zebrafish,subject_12,rVR,0.2642586530708999,0.2971571041559399,0.2353846345367082,0.7958493215662967,6.196826957542714,0.030135848719469758,0.7878921273815613,root_area,baseline_highpass,,,,70.0,1.0
Zebrafish,subject_12,rNX,0.24370874940620824,0.20933752004791306,0.29021118748764146,0.7822274545862997,3.3203369315037934,0.027659056483727604,0.6409523175388672,root_area,baseline_highpass,,,,71.0,1.0
Zebrafish,subject_13,MON,0.31912511864593035,0.5958468584840817,0.0730600820485346,0.7329926459832493,4.1016271860536655,0.012034755546457006,0.9012741010559969,root_area,baseline_highpass,,,,0.0,2.0
Zebrafish,subject_13,Cb,0.3111927081577565,0.603881640888344,0.21352850802461243,0.7798006924892283,5.157512271309473,0.01591584933691767,0.9296615251153951,root_area,baseline_highpass,,,,1.0,4.0
Zebrafish,subject_13,MOS1,0.2901162910423224,0.39733259498492746,0.29859977879632704,0.777647793181473,3.9039892563755876,0.01880683782950037,0.780708799851461,root_area,baseline_highpass,,,,2.0,2.0
Zebrafish,subject_13,MOS2,0.2693561570193485,0.27055978854998164,0.30828314048923733,0.8139432391930383,6.074875426931833,0.022346196757611732,0.6441417246986371,root_area,baseline_highpass,,,,3.0,1.0
Zebrafish,subject_13,MOS3,0.3136491994434565,0.4668625480232688,0.28840625609437914,0.7632197387676847,5.191556892435868,0.01734833690701356,0.8551637000985955,root_area,baseline_highpass,,,,4.0,2.0
Zebrafish,subject_13,MOS4,0.29393005496388536,0.39573175867392296,0.3027909467729655,0.812058467539179,5.67306640016786,0.019783466329828248,0.81154513941351,root_area,baseline_highpass,,,,5.0,2.0
Zebrafish,subject_13,MOS5,0.31247478488903224,0.5345511079649379,0.222260103063966,0.7848810449325371,3.8872883011608703,0.01619257609099685,0.8975811159792008,root_area,baseline_highpass,,,,6.0,2.0
Zebrafish,subject_13,IPN,0.30864155794736553,0.6640568610631286,0.16795910069337558,0.7353447984338,0.9697822524342478,0.010962282245709951,0.9493348980809296,root_area,baseline_highpass,,,,7.0,1.0
Zebrafish,subject_13,IO,0.29800023796062575,0.7955096010730321,0.0707971214437832,0.7102822803220624,2.2310805768159145,0.013476318537070526,0.9808678931894194,root_area,baseline_highpass,,,,8.0,1.0
Zebrafish,subject_13,Hc,0.31487038552906027,0.6561692793948055,0.15303373135690115,0.753039101341845,3.511737282604939,0.013138611354547206,0.9417163277799999,root_area,baseline_highpass,,,,9.0,1.0
Zebrafish,subject_13,Ra,0.30369859406417665,0.4738382831475316,0.26661932245442954,0.7592707499964712,4.118804290092482,0.014798936124064983,0.8834568081456049,root_area,baseline_highpass,,,,10.0,1.0
Zebrafish,subject_13,T,0.3167966567937104,0.5274503428078714,0.24461137109505512,0.744814313314159,4.405134672410592,0.015311196059781845,0.8919159881155534,root_area,baseline_highpass,,,,11.0,3.0
Zebrafish,subject_13,aRF,0.2984223879246006,0.4483772700478101,0.2685164558862916,0.7869728049258784,3.3632465803018836,0.01704590891237046,0.8746018898925216,root_area,baseline_highpass,,,,12.0,1.0
Zebrafish,subject_13,imRF,0.2742003575000176,0.3106798537044152,0.30800087142424243,0.8219778286706031,3.7384323471456002,0.02238587521332159,0.7388518252436742,root_area,baseline_highpass,,,,13.0,1.0
Zebrafish,subject_13,pRF,0.27672103831060446,0.3603248407511146,0.27573698318790385,0.7648159358055941,5.354442053408288,0.019755721140738668,0.7649000805835828,root_area,baseline_highpass,,,,14.0,2.0
Zebrafish,subject_13,Hb,0.35518540016662636,0.7492557115222037,0.11640295240700306,0.6917337395664421,4.114239176846914,0.013555190018193792,0.9688966331564446,root_area,baseline_highpass,,,,16.0,1.0
Zebrafish,subject_13,Hi,0.30203387843908414,0.5101790100858852,0.25416089180473217,0.7660838866564748,2.642233567831823,0.01157285236856852,0.8940147171147914,root_area,baseline_highpass,,,,17.0,1.0
Zebrafish,subject_13,HR,0.2961415137842602,0.5039267325661717,0.2451537861808008,0.6990556960494085,3.5625978113909,0.013082081742476808,0.9109809118998484,root_area,baseline_highpass,,,,18.0,1.0
Zebrafish,subject_13,OG,0.24383646071360163,0.8488010772210901,0.085810406332595,0.7350641653147817,2.7633397898051064,0.015734183014188746,0.9900931474416642,root_area,baseline_highpass,,,,19.0,1.0
Zebrafish,subject_13,OB,0.36611395908537936,0.7390574346554927,0.09698713788746596,0.7369877195829808,2.186339862948493,0.013155980878149055,0.9329815445180617,root_area,baseline_highpass,,,,20.0,1.0
Zebrafish,subject_13,OE,0.36149060978582676,0.8068683140935227,0.06234565345218598,0.6933848745588425,3.7959092616279633,0.011995467620690122,0.9508032848105892,root_area,baseline_highpass,,,,21.0,1.0
Zebrafish,subject_13,P,0.36773869141774246,0.6929452826299296,0.11281258936817323,0.7207786601679191,4.201456982098096,0.012597837680902836,0.9098989684275822,root_area,baseline_highpass,,,,22.0,3.0
Zebrafish,subject_13,PT,0.30529157160247933,0.5290750689177883,0.24251108402222227,0.7400132931432821,2.652514803530539,0.01324838090360022,0.9293801721421454,root_area,baseline_highpass,,,,24.0,1.0
Zebrafish,subject_13,PO,0.3453703470214458,0.5652763092333929,0.19513436195187797,0.663687252510045,6.178380916258187,0.010549070821576374,0.85813636899345,root_area,baseline_highpass,,,,25.0,1.0
Zebrafish,subject_13,PrT,0.31651035507786096,0.5451446117005438,0.2832838529270348,0.7821956026117736,4.301439712727778,0.013690819504267987,0.9412845333779145,root_area,baseline_highpass,,,,26.0,1.0
Zebrafish,subject_13,SP,0.36272310505998046,0.5547819808121174,0.1491486220708028,0.6935561462793083,3.416606497753647,0.01053482629226991,0.843825018984663,root_area,baseline_highpass,,,,28.0,2.0
Zebrafish,subject_13,TeO,0.32299757373687554,0.6840459210609927,0.13752446923940884,0.7389368169475667,3.9995917957232994,0.01589446441156046,0.9520052911935262,root_area,baseline_highpass,,,,29.0,18.0
Zebrafish,subject_13,Th,0.3123939018238326,0.6599620734741711,0.21156328746862296,0.7099698121650085,3.494302245834217,0.013735470335703805,0.9421369379253194,root_area,baseline_highpass,,,,30.0,2.0
Zebrafish,subject_13,TL,0.32346878777670135,0.7664463485292174,0.10218049774733051,0.7735807864835315,4.222572148728559,0.014579407321436703,0.9622941726154908,root_area,baseline_highpass,,,,31.0,1.0
Zebrafish,subject_13,TS,0.3185673696734081,0.7371093205644378,0.09658282289699646,0.7171058911733251,3.824357658239655,0.01812219296722163,0.967306811547143,root_area,baseline_highpass,,,,32.0,1.0
Zebrafish,subject_13,TG,0.24438098010420406,0.870780636399406,0.022929630538544132,0.7451080021876667,4.568475108923585,0.015402690913216874,0.9888543169670716,root_area,baseline_highpass,,,,33.0,1.0
Zebrafish,subject_13,VR,0.27262816625206954,0.45351701685261286,0.22808996522093955,0.7251702845144404,6.122768681680367,0.019887339280772284,0.8845776599430907,root_area,baseline_highpass,,,,34.0,1.0
Zebrafish,subject_13,NX,0.267538192680422,0.2935293709861764,0.2897104756783634,0.8262429371352055,5.972157234382711,0.020565038172524995,0.6760647201426464,root_area,baseline_highpass,,,,35.0,1.0
Zebrafish,subject_13,rMON,0.307914512410394,0.5932468053340293,0.09561231400890037,0.7215737269113655,3.716056068211253,0.011286486801254813,0.8919745770499523,root_area,baseline_highpass,,,,36.0,2.0
Zebrafish,subject_13,rCb,0.302546438683479,0.6157697322073105,0.18373404802073107,0.7481692884591873,3.8086978748944844,0.017559083627697876,0.9388659737632659,root_area,baseline_highpass,,,,37.0,4.0
Zebrafish,subject_13,rMOS1,0.29290966236242305,0.3514286028274744,0.29755444281157434,0.77503159484271,5.13672584318456,0.019092703113968604,0.740345459852385,root_area,baseline_highpass,,,,38.0,3.0
Zebrafish,subject_13,rMOS2,0.26877049978197126,0.2620630478803976,0.31322977150236214,0.8156551068299646,5.17223345651921,0.021138548443308335,0.6312618127933732,root_area,baseline_highpass,,,,39.0,1.0
Zebrafish,subject_13,rMOS3,0.32122778403660673,0.4169198293285392,0.2733751936848539,0.7707779118407384,5.58262460297355,0.01602023807021336,0.8241101086150909,root_area,baseline_highpass,,,,40.0,3.0
Zebrafish,subject_13,rMOS4,0.28995489637783217,0.368251300268584,0.3071993492957965,0.8095517378559374,5.881066073533397,0.01887999174262521,0.7848513234089114,root_area,baseline_highpass,,,,41.0,2.0
Zebrafish,subject_13,rMOS5,0.3174330698568007,0.5503415216388781,0.2058350212706499,0.7571765504057765,5.115564243669335,0.01496191960992183,0.9198791700544033,root_area,baseline_highpass,,,,42.0,3.0
Zebrafish,subject_13,rIPN,0.32727432781582544,0.6711375054579458,0.16134998879336326,0.6876360832358926,3.5302787244290577,0.011272134235299101,0.9481264541561163,root_area,baseline_highpass,,,,43.0,1.0
Zebrafish,subject_13,rIO,0.3074880272877382,0.716205335969697,0.104195347174631,0.7952679038342811,5.226328929203596,0.014905006964708742,0.9824992328912333,root_area,baseline_highpass,,,,44.0,1.0
Zebrafish,subject_13,rHc,0.29181481533436043,0.6235355836558862,0.17185303614895678,0.7249726389070241,4.5615739145921825,0.013184002808779694,0.9598979035378398,root_area,baseline_highpass,,,,45.0,1.0
Zebrafish,subject_13,rRa,0.31903362333264396,0.5198685823865041,0.2184342873771673,0.7339736357668631,4.3167135685763744,0.011992484802348538,0.9038724620463111,root_area,baseline_highpass,,,,46.0,1.0
Zebrafish,subject_13,rT,0.3142458310918676,0.5039104941413749,0.26557709679467084,0.7569643576798278,4.545233213994421,0.013610998840087466,0.8777042349813872,root_area,baseline_highpass,,,,47.0,3.0
Zebrafish,subject_13,raRF,0.2768516110457426,0.3683724485796592,0.2980538952339715,0.7769435915263481,4.910466678569399,0.016786880822196766,0.8078764593288082,root_area,baseline_highpass,,,,48.0,1.0
Zebrafish,subject_13,rimRF,0.2761558123372129,0.29400560601577813,0.3060598609205374,0.7848140347412842,4.472126833550757,0.018696446438951277,0.7075964119375148,root_area,baseline_highpass,,,,49.0,1.0
Zebrafish,subject_13,rpRF,0.3027270268044837,0.3786143012348364,0.26791552350507075,0.7873138141170783,6.042908580234786,0.0176623263735191,0.7883161481901548,root_area,baseline_highpass,,,,50.0,2.0
Zebrafish,subject_13,rHb,0.3539718069218756,0.7582649973320426,0.12114110228561614,0.6754112638071967,2.851792554387817,0.012962372033590614,0.9582477573240656,root_area,baseline_highpass,,,,52.0,1.0
Zebrafish,subject_13,rHi,0.30838794074179865,0.5031199129668843,0.2530875993088473,0.7846639664585352,4.9643942403163015,0.013166346450109568,0.9096124294374905,root_area,baseline_highpass,,,,53.0,1.0
Zebrafish,subject_13,rHR,0.30118014982494873,0.5137537210588403,0.2255983307766465,0.721970441583018,3.800173444485958,0.013494062400854339,0.9078775688755116,root_area,baseline_highpass,,,,54.0,1.0
Zebrafish,subject_13,rOG,0.22335363498485802,0.8301127913600335,0.055901804337776854,0.6483862240408446,4.4699581443595875,0.01323998472797429,0.9839444438692817,root_area,baseline_highpass,,,,55.0,1.0
Zebrafish,subject_13,rOB,0.3596601927805388,0.7475777250724297,0.06253800104478856,0.6490827413084586,3.993949049904578,0.012274773112071943,0.9370709345967326,root_area,baseline_highpass,,,,56.0,1.0
Zebrafish,subject_13,rOE,0.3667723116894109,0.7477473570066067,0.04788949671660598,0.7051045911658406,3.5963330208664677,0.010938848193345797,0.9395157844302935,root_area,baseline_highpass,,,,57.0,1.0
Zebrafish,subject_13,rP,0.36416497560304545,0.657753349793326,0.13391688074855748,0.7172367439656994,4.242220201074637,0.013196418387132572,0.8914948470000487,root_area,baseline_highpass,,,,58.0,3.0
Zebrafish,subject_13,rPT,0.3134957205541595,0.5373092184567501,0.255778659323089,0.738915985938673,1.9919579918557937,0.012571594705089511,0.9144683425305307,root_area,baseline_highpass,,,,60.0,1.0
Zebrafish,subject_13,rPO,0.34854984468037237,0.5571090182783699,0.20107688588651587,0.7317389888302602,5.022271886316358,0.011148011643561205,0.8573162870377704,root_area,baseline_highpass,,,,61.0,1.0
Zebrafish,subject_13,rPrT,0.3236893287563381,0.49406775408819814,0.28190790100567825,0.8206238180262795,5.948474061171081,0.014158114543946903,0.914715129994881,root_area,baseline_highpass,,,,62.0,1.0
Zebrafish,subject_13,rSP,0.37665921017337783,0.5608473517771142,0.14323402882238273,0.7537938311083773,2.5534116277790364,0.010955840677186465,0.8431211672666721,root_area,baseline_highpass,,,,64.0,2.0
Zebrafish,subject_13,rTeO,0.3262911150630772,0.6814750769474031,0.1495779681939428,0.7596058876708855,3.7220458696009127,0.01565438487012671,0.9469822078981925,root_area,baseline_highpass,,,,65.0,17.0
Zebrafish,subject_13,rTh,0.3248063358621678,0.6243845139697518,0.21281113699880863,0.7763386634567473,4.063568615449747,0.013373407060621017,0.9252865199616892,root_area,baseline_highpass,,,,66.0,3.0
Zebrafish,subject_13,rTL,0.32193827770850864,0.7703884263686157,0.09859405768579102,0.6393116655624022,5.081851321946757,0.013011316694109067,0.969952396671614,root_area,baseline_highpass,,,,67.0,1.0
Zebrafish,subject_13,rTS,0.28868861454321876,0.7309629354905115,0.08686121921792635,0.7424065434246704,3.930527520735314,0.014216534636405933,0.9749738908559057,root_area,baseline_highpass,,,,68.0,1.0
Zebrafish,subject_13,rTG,0.2279615455635915,0.8839153588548179,0.014826165102900506,0.6926054050528374,2.421828933362601,0.017974229419746277,0.9877631901981345,root_area,baseline_highpass,,,,69.0,1.0
Zebrafish,subject_13,rVR,0.2739553937893133,0.5223619878996308,0.19637325056435714,0.7486920997750313,4.744504408446559,0.017182370643630093,0.9321603545947832,root_area,baseline_highpass,,,,70.0,1.0
Zebrafish,subject_13,rNX,0.26495741981471826,0.29775071371236445,0.27611870599526334,0.8241975216249768,4.40437469506985,0.02068582187795257,0.6807176163144171,root_area,baseline_highpass,,,,71.0,1.0
Zebrafish,subject_14,MON,0.3072397289574019,0.4956820237956303,0.2617846048151735,0.6143088771979267,6.067004536870331,0.01873544052596038,0.8440458099195298,root_area,baseline_highpass,,,,0.0,2.0
Zebrafish,subject_14,Cb,0.3349873205554715,0.47984479730508983,0.40456278953270686,0.7813575123358656,6.118571393926879,0.022934470263631872,0.9032259007805861,root_area,baseline_highpass,,,,1.0,4.0
Zebrafish,subject_14,MOS1,0.345249691275497,0.38660047861285834,0.4787177507969613,0.843836070036461,6.831997199126852,0.020088509408268753,0.8096551116614075,root_area,baseline_highpass,,,,2.0,4.0
Zebrafish,subject_14,MOS2,0.33581565293837906,0.3822572011182349,0.4842499259991891,0.823503227185578,6.763125113021849,0.023002218659230675,0.8118025569284941,root_area,baseline_highpass,,,,3.0,2.0
Zebrafish,subject_14,MOS3,0.35551952067065656,0.4125231308130573,0.4836473539683956,0.8072130710206725,5.878123906882604,0.02069362537480358,0.8232561175892538,root_area,baseline_highpass,,,,4.0,3.0
Zebrafish,subject_14,MOS4,0.3491365834036656,0.40048163588845,0.4957520928401035,0.8180479493495287,7.322134691080214,0.018568223580173904,0.812398252365437,root_area,baseline_highpass,,,,5.0,2.0
Zebrafish,subject_14,MOS5,0.35629679847741497,0.46784230526020537,0.43001055084531775,0.8122597843134526,7.129762877450727,0.019836243310377307,0.862162331852776,root_area,baseline_highpass,,,,6.0,3.0
Zebrafish,subject_14,IPN,0.3608963367480322,0.5054041300736439,0.4277975207363198,0.8457586856017482,12.810257224163815,0.02225257865585593,0.8971487462158556,root_area,baseline_highpass,,,,7.0,1.0
Zebrafish,subject_14,IO,0.333177819584301,0.5703831719453801,0.2780377999662926,0.80601640008843,10.489817713363106,0.026515299368848052,0.9595958299953604,root_area,baseline_highpass,,,,8.0,1.0
Zebrafish,subject_14,Hc,0.33855503478130705,0.4707627851035085,0.4152790995579655,0.794895668078442,12.428210043010566,0.022797569513265,0.9253720730957101,root_area,baseline_highpass,,,,9.0,1.0
Zebrafish,subject_14,Ra,0.32735357781851965,0.37146291142431775,0.53080490281762,0.8109785327369279,5.495488855300245,0.016261987052436977,0.8163769105162899,root_area,baseline_highpass,,,,10.0,1.0
Zebrafish,subject_14,T,0.35391279446005103,0.49021423804796244,0.4106918514843491,0.8086510393207661,8.11066401787036,0.025337953797728154,0.8914561965391775,root_area,baseline_highpass,,,,11.0,3.0
Zebrafish,subject_14,aRF,0.3424244789340132,0.4090893929790033,0.47793099159962865,0.8428365883064018,10.686566194701863,0.021907482627384227,0.8195644759869515,root_area,baseline_highpass,,,,12.0,1.0
Zebrafish,subject_14,imRF,0.33603091098383786,0.3743944446536641,0.5127388236028948,0.8267017340302515,5.203391118157486,0.019753135656667375,0.7674835401882751,root_area,baseline_highpass,,,,13.0,1.0
Zebrafish,subject_14,pRF,0.33939734193096543,0.37969069797046223,0.49312557234244436,0.8343763985502183,7.051324196447706,0.022165315961999756,0.7941741392078403,root_area,baseline_highpass,,,,14.0,1.0
Zebrafish,subject_14,Hb,0.3754253816668789,0.6748709172207449,0.30421117609131815,0.7308794137975158,5.590240201874809,0.023544409515318603,0.9538656466455235,root_area,baseline_highpass,,,,16.0,1.0
Zebrafish,subject_14,Hi,0.32442462177539566,0.38024506739328745,0.5178150026697379,0.8229060490851356,4.362146306524195,0.017921793971341953,0.8226576945955659,root_area,baseline_highpass,,,,17.0,1.0
Zebrafish,subject_14,HR,0.31609899152332416,0.39661005000999905,0.5127925786965827,0.8432319019942579,4.529490624700301,0.020908278371924032,0.8158586873595216,root_area,baseline_highpass,,,,18.0,1.0
Zebrafish,subject_14,OG,0.24203675722625637,0.7666092329330046,0.1114566954860989,0.6625215820125302,4.831940453883516,0.02786620601549861,0.9636191972137409,root_area,baseline_highpass,,,,19.0,1.0
Zebrafish,subject_14,OB,0.40592894884834824,0.5543213773486462,0.3036961008377377,0.8359157867515982,2.4724392343070454,0.017749958819824267,0.8888139271543725,root_area,baseline_highpass,,,,20.0,1.0
Zebrafish,subject_14,OE,0.38194904666025953,0.7419354196979773,-0.08376649584382473,0.6624434210313849,3.5358478887779077,0.025905680355664065,0.9619955364316629,root_area,baseline_highpass,,,,21.0,1.0
Zebrafish,subject_14,P,0.3632562944466082,0.48958240003804004,0.40364703836087856,0.7355483672187686,4.267468843298667,0.0181907352864051,0.8373882438483912,root_area,baseline_highpass,,,,22.0,2.0
Zebrafish,subject_14,PT,0.3186856209082449,0.35952987996921426,0.532662636533165,0.8478640460179557,6.233030732557688,0.0173453417402684,0.7905041415650104,root_area,baseline_highpass,,,,24.0,1.0
Zebrafish,subject_14,PO,0.34005530721310473,0.4232164513778197,0.469193668309161,0.731966930395474,4.80295803928682,0.018277303608602434,0.8112272354760265,root_area,baseline_highpass,,,,25.0,1.0
Zebrafish,subject_14,PrT,0.316677447704624,0.38852997603773487,0.5343769670092584,0.8195675400536607,5.772674817638443,0.016519384165407703,0.8587718118362375,root_area,baseline_highpass,,,,26.0,1.0
Zebrafish,subject_14,SP,0.36356517540856553,0.4653336272630676,0.3610943158492802,0.6678703713026114,5.086847162916936,0.018496336460314573,0.7893809790046357,root_area,baseline_highpass,,,,28.0,2.0
Zebrafish,subject_14,TeO,0.3442100495148447,0.570205806180511,0.3064655541987566,0.7465892375624191,4.7419366074148535,0.023182698379218943,0.9065943577562094,root_area,baseline_highpass,,,,29.0,17.0
Zebrafish,subject_14,Th,0.350151118809905,0.408211166583525,0.4837460752305355,0.8172826547338612,4.589346921548792,0.01586421431121365,0.8114326926191809,root_area,baseline_highpass,,,,30.0,2.0
Zebrafish,subject_14,TL,0.3136150166912146,0.4232902496442409,0.4081940053405289,0.8028654150272133,3.4765537213179933,0.01662125066280861,0.8899829979439209,root_area,baseline_highpass,,,,31.0,1.0
Zebrafish,subject_14,TS,0.32218299602869693,0.6987445867537025,0.15548435214254352,0.6156241919545286,5.561611541939053,0.02901255230693286,0.9462532239398909,root_area,baseline_highpass,,,,32.0,1.0
Zebrafish,subject_14,TG,0.2669414061268877,0.79747250615905,0.021827320108278078,0.7136373095824562,4.369522933815543,0.027731622319761774,0.9658872804785948,root_area,baseline_highpass,,,,33.0,1.0
Zebrafish,subject_14,VR,0.3692569960737974,0.4691395764158421,0.3176820483911675,0.7426805263889968,6.940359795756206,0.02763475349330745,0.8677983433224664,root_area,baseline_highpass,,,,34.0,1.0
Zebrafish,subject_14,NX,0.33858030748542545,0.3997128232242373,0.44978177496599336,0.7951657514757001,6.3218749736897255,0.020269761171920142,0.8169517057271015,root_area,baseline_highpass,,,,35.0,1.0
Zebrafish,subject_14,rMON,0.29687755328843607,0.5037685245375542,0.2696207216960859,0.5994691210046299,3.6645429219326484,0.019955918491501544,0.847966376326946,root_area,baseline_highpass,,,,36.0,2.0
Zebrafish,subject_14,rCb,0.32256462917113593,0.4354487009122967,0.46282349424667985,0.787836046686579,7.497000570286497,0.018282028321050088,0.896218858545307,root_area,baseline_highpass,,,,37.0,4.0
Zebrafish,subject_14,rMOS1,0.31956541977751146,0.3837944953849751,0.5072188854201336,0.8324814504670247,5.618466472092028,0.01824717836588228,0.8177496907209896,root_area,baseline_highpass,,,,38.0,4.0
Zebrafish,subject_14,rMOS2,0.3398593538991749,0.3798530420857026,0.4579557891050567,0.8500330797512934,4.787400378836487,0.020475313309688534,0.7932529142489974,root_area,baseline_highpass,,,,39.0,2.0
Zebrafish,subject_14,rMOS3,0.32423995889835566,0.4104117569258093,0.5083531470714533,0.8226148187832439,5.876829317072445,0.018350009261061746,0.8585469573966079,root_area,baseline_highpass,,,,40.0,3.0
Zebrafish,subject_14,rMOS4,0.31913700487081653,0.38936612998359066,0.5286675739952408,0.8367396305632523,6.250354083381373,0.01907033556082421,0.8627643615635481,root_area,baseline_highpass,,,,41.0,2.0
Zebrafish,subject_14,rMOS5,0.3272424932329183,0.4383041101753777,0.4615578238102067,0.7843291545174593,4.999849621181617,0.018630105228116534,0.8841147084443302,root_area,baseline_highpass,,,,42.0,4.0
Zebrafish,subject_14,rIPN,0.3264742744504785,0.44603060938594113,0.4673417537642251,0.8554094577720222,5.403936535970178,0.0220454492658343,0.8967809289735234,root_area,baseline_highpass,,,,43.0,1.0
Zebrafish,subject_14,rIO,0.36151872474147356,0.7422833707677888,0.1323181225294118,0.7428708977228682,5.222471217980406,0.02531628741586095,0.9724057124486243,root_area,baseline_highpass,,,,44.0,1.0
Zebrafish,subject_14,rHc,0.3085985722248379,0.47608218119400075,0.3733836549471263,0.7991721004146536,7.098235243178905,0.023037561137647076,0.9419032033181263,root_area,baseline_highpass,,,,45.0,1.0
Zebrafish,subject_14,rRa,0.336256357889141,0.4004373689067352,0.507198695692304,0.8274230832678078,5.898373934918052,0.017784396299561682,0.8234545570644276,root_area,baseline_highpass,,,,46.0,1.0
Zebrafish,subject_14,rT,0.33516832554321213,0.4114249556695178,0.5004434848364294,0.8248539139295916,6.323172205554376,0.01847218621409492,0.8557005761330633,root_area,baseline_highpass,,,,47.0,3.0
Zebrafish,subject_14,raRF,0.31335569927987367,0.38432829545146685,0.5244808807524657,0.8302867493402757,7.075004729965493,0.020970423168906398,0.8340629569535802,root_area,baseline_highpass,,,,48.0,1.0
Zebrafish,subject_14,rimRF,0.3087548305789612,0.34762261128318894,0.5534826104575623,0.8551499354584728,4.958660719648625,0.019172158119808037,0.7822789002474527,root_area,baseline_highpass,,,,49.0,1.0
Zebrafish,subject_14,rpRF,0.33468089253111377,0.44221744110564426,0.4329774478530678,0.8336152471757208,8.862122451026822,0.021360760121730396,0.8742626362416679,root_area,baseline_highpass,,,,50.0,2.0
Zebrafish,subject_14,rHb,0.4007994229410043,0.6558427332145818,0.2983491000736252,0.7178593501697343,5.210596058364215,0.020077396904290726,0.9326403915728148,root_area,baseline_highpass,,,,52.0,1.0
Zebrafish,subject_14,rHi,0.318348717339128,0.3807649922093987,0.5240726247967807,0.8183734080535678,4.68328653992644,0.01644250314243789,0.8118378159059949,root_area,baseline_highpass,,,,53.0,1.0
Zebrafish,subject_14,rHR,0.3215756300828499,0.4077803134457728,0.5115632891793012,0.8436713723466748,5.450310725694131,0.0159296445015518,0.8142212338082441,root_area,baseline_highpass,,,,54.0,1.0
Zebrafish,subject_14,rOB,0.3928968407751671,0.6482827987970031,0.23224388086247416,0.7904589544758831,4.085056948230909,0.02440631585254535,0.9472568925736151,root_area,baseline_highpass,,,,56.0,1.0
Zebrafish,subject_14,rOE,0.38246539492802534,0.7621569299179417,0.12621279980131264,0.7576276698133434,4.137299075343596,0.025940483032078895,0.9609812720717225,root_area,baseline_highpass,,,,57.0,1.0
Zebrafish,subject_14,rP,0.35676709338755874,0.4939207471364552,0.391232038363146,0.707069061792746,4.265620021436012,0.018854026612131786,0.8468123558940714,root_area,baseline_highpass,,,,58.0,2.0
Zebrafish,subject_14,rPT,0.31684985688264,0.36078780463707416,0.5435199341569822,0.8405756854792702,5.6835764122342205,0.013461255732915013,0.7794445848210673,root_area,baseline_highpass,,,,60.0,1.0
Zebrafish,subject_14,rPO,0.3446056716194998,0.43020452244971435,0.46428165897413587,0.6955583342308445,5.089353531400803,0.01930993193019148,0.8046854485319066,root_area,baseline_highpass,,,,61.0,1.0
Zebrafish,subject_14,rPrT,0.32847995686018316,0.37748348531285486,0.5249941293211864,0.8370704302322866,5.348725936996735,0.015764480538362515,0.824305893778194,root_area,baseline_highpass,,,,62.0,1.0
Zebrafish,subject_14,rSP,0.3499015950839858,0.4573862765034454,0.401835360285572,0.6965539710839497,3.8840638998881905,0.020927868792496918,0.7899497937452369,root_area,baseline_highpass,,,,64.0,1.0
Zebrafish,subject_14,rTeO,0.3414401708817659,0.5352328237938436,0.3539887692982035,0.7738446990360421,5.303173092976021,0.02159359984620871,0.8943025144732177,root_area,baseline_highpass,,,,65.0,16.0
Zebrafish,subject_14,rTh,0.3579120966054931,0.41133322255182275,0.48504747783817326,0.8125486385959472,4.831360072821345,0.01491746779332101,0.8086300151150159,root_area,baseline_highpass,,,,66.0,3.0
Zebrafish,subject_14,rTL,0.33145003416010665,0.43461604118186864,0.39570573263564496,0.7926335068649365,3.4196708316166124,0.017808647649581837,0.926289421812323,root_area,baseline_highpass,,,,67.0,1.0
Zebrafish,subject_14,rTS,0.31620593439569095,0.6519620443298911,0.25763788747532834,0.6808149403036073,5.3910766857896855,0.023636711104351022,0.9512535627704523,root_area,baseline_highpass,,,,68.0,1.0
Zebrafish,subject_14,rVR,0.3481749849324716,0.5450556340832127,0.29583109154129766,0.7868567240870794,5.079706753530208,0.027580564850264427,0.9173781903906841,root_area,baseline_highpass,,,,70.0,1.0
Zebrafish,subject_14,rNX,0.3494784239287543,0.3998782295703845,0.4478488758507251,0.7950539797426638,5.983568671472726,0.018155117927474932,0.813927067833803,root_area,baseline_highpass,,,,71.0,1.0
Zebrafish,subject_15,MON,0.34148598062288016,0.5404120737844758,0.049351962032079845,0.6985345742255209,2.2037988038176515,0.05224934956233502,0.931054654683591,root_area,baseline_highpass,,,,0.0,1.0
Zebrafish,subject_15,Cb,0.343118081039314,0.5977585847985649,0.25301291997814096,0.758836085596581,3.9168325473521257,0.043117600800979976,0.9428712032851658,root_area,baseline_highpass,,,,1.0,3.0
Zebrafish,subject_15,MOS1,0.37720089802819307,0.47991266628392787,0.3344656079681461,0.8131700088015822,3.9269070660921774,0.044550113211170916,0.8596385598416653,root_area,baseline_highpass,,,,2.0,3.0
Zebrafish,subject_15,MOS2,0.3637519496897912,0.42049635515426703,0.35782727080407645,0.8415184900266598,3.33847759442481,0.04602574071501955,0.8013236135283202,root_area,baseline_highpass,,,,3.0,1.0
Zebrafish,subject_15,MOS3,0.3785666702291466,0.4632961438988543,0.33655327079489084,0.8073291581933879,4.192424819261488,0.044722760618499856,0.8537152458383261,root_area,baseline_highpass,,,,4.0,2.0
Zebrafish,subject_15,MOS4,0.35859948284663234,0.4399646755971052,0.34845920340136677,0.8214743353841125,3.600147043587593,0.04804919638065604,0.8458883946934889,root_area,baseline_highpass,,,,5.0,2.0
Zebrafish,subject_15,MOS5,0.3566595452198947,0.4732112630891838,0.2994098272621143,0.7730609391897649,4.358436751214752,0.052026625834160206,0.8889030499285494,root_area,baseline_highpass,,,,6.0,2.0
Zebrafish,subject_15,IPN,0.38764306962298556,0.6467623850740227,0.14420749897457086,0.7278306980234766,3.584318186949166,0.03744179452583992,0.9442800677941787,root_area,baseline_highpass,,,,7.0,1.0
Zebrafish,subject_15,IO,0.33109393783106916,0.6641923796803674,0.15493710698988497,0.6349833925803506,3.820166911845763,0.043067758453946,0.9743586993861933,root_area,baseline_highpass,,,,8.0,1.0
Zebrafish,subject_15,Hc,0.270661847617414,0.7094928990961629,0.15244075991657163,0.7405931988926328,3.524040603964878,0.04414553284938166,0.98300592370189,root_area,baseline_highpass,,,,9.0,1.0
Zebrafish,subject_15,Ra,0.3635823282973293,0.5036179340922465,0.32210167612946433,0.845843659034791,3.4706024702623965,0.0394363235003195,0.9048613880680694,root_area,baseline_highpass,,,,10.0,1.0
Zebrafish,subject_15,T,0.3460396891509438,0.5111318727682268,0.39983580661663426,0.8556856876117747,4.927897145151145,0.04023924032139286,0.8999146289083668,root_area,baseline_highpass,,,,11.0,1.0
Zebrafish,subject_15,aRF,0.3598572309679281,0.48790993315392245,0.34495253190311326,0.8635179168179162,4.535384009529942,0.03863125279954049,0.8780271924253272,root_area,baseline_highpass,,,,12.0,1.0
Zebrafish,subject_15,imRF,0.3606612377198535,0.43374753004654953,0.34256931022184545,0.8460933983809183,4.6010485063759425,0.04689952429300334,0.8273211118305992,root_area,baseline_highpass,,,,13.0,1.0
Zebrafish,subject_15,pRF,0.3761298534029552,0.44827648578015233,0.3246257576946498,0.8149052174546407,3.3139974112043666,0.04595646082867516,0.8209549255095846,root_area,baseline_highpass,,,,14.0,1.0
Zebrafish,subject_15,Hb,0.3378465761283477,0.7077735059189674,0.11490892091454048,0.5765573554542284,4.796722717750751,0.03843199075712851,0.9748360822905833,root_area,baseline_highpass,,,,16.0,1.0
Zebrafish,subject_15,Hi,0.3559183460453341,0.5251048287146433,0.268380592434055,0.8352642671603967,4.3539539766168325,0.03171523494122954,0.8876456957899593,root_area,baseline_highpass,,,,17.0,1.0
Zebrafish,subject_15,HR,0.3443556142459958,0.5389750967129364,0.2742059084903885,0.8207405565748532,5.12769427650554,0.0332788121722004,0.8972367012556592,root_area,baseline_highpass,,,,18.0,1.0
Zebrafish,subject_15,OG,0.26860008131486285,0.7552062634281597,0.12286264619349478,0.5618098483235218,4.6594587477938125,0.04693563601672107,0.9787241591250733,root_area,baseline_highpass,,,,19.0,1.0
Zebrafish,subject_15,OB,0.3938417403888742,0.7845928450949804,0.0167770698164837,0.7012379029984739,3.0082639563306435,0.03904723366502716,0.9600531146159179,root_area,baseline_highpass,,,,20.0,1.0
Zebrafish,subject_15,P,0.37344932596268826,0.6290821730383893,0.23534538658637444,0.6696285551020958,4.501065418955551,0.040622680268787646,0.9124730993284408,root_area,baseline_highpass,,,,22.0,1.0
Zebrafish,subject_15,PT,0.3638878823478433,0.49432741342273956,0.32298050643400433,0.8453608975983407,4.300484394834454,0.032672649570499014,0.8791971904942423,root_area,baseline_highpass,,,,24.0,1.0
Zebrafish,subject_15,PO,0.3848149804116317,0.5157347258534991,0.25744090649396956,0.7859605675533322,3.9881524565439497,0.030223412170746054,0.8684750889814895,root_area,baseline_highpass,,,,25.0,1.0
Zebrafish,subject_15,PrT,0.36894850046774175,0.5198283496891265,0.32321519787615005,0.863829497401073,4.8133985407035205,0.0427033321114908,0.9223609439676242,root_area,baseline_highpass,,,,26.0,1.0
Zebrafish,subject_15,SP,0.38792068510904043,0.5590895265549145,0.257462379729861,0.7984281588723885,3.7591230000500975,0.034406801296839214,0.8879835709655329,root_area,baseline_highpass,,,,28.0,1.0
Zebrafish,subject_15,TeO,0.32438399901171294,0.6349928057628345,0.15689636277758887,0.7270303545038155,4.25438397859822,0.04214078038956165,0.9476184022310342,root_area,baseline_highpass,,,,29.0,10.0
Zebrafish,subject_15,Th,0.3496852463105626,0.5566676647179982,0.2830600563269253,0.7651377627040048,3.8599677364969116,0.0337175284867682,0.8982910049356637,root_area,baseline_highpass,,,,30.0,2.0
Zebrafish,subject_15,TL,0.34124635118589336,0.7289943405253702,0.11078858688461846,0.727304685160109,4.781646090195136,0.03613205081007148,0.9668309874933165,root_area,baseline_highpass,,,,31.0,1.0
Zebrafish,subject_15,TS,0.3261343407689206,0.6096353149852183,0.15900996030922857,0.7262459092232975,5.079145811229161,0.05212880261254647,0.9441321217197889,root_area,baseline_highpass,,,,32.0,1.0
Zebrafish,subject_15,TG,0.25111535234805044,0.6893039825387116,0.1075477755256424,0.6108483693490829,3.7998344398571664,0.04497114600991066,0.9793639297761382,root_area,baseline_highpass,,,,33.0,1.0
Zebrafish,subject_15,VR,0.36325251816510146,0.47258484430520514,0.2814784457008898,0.8644661885508614,3.6845519185519495,0.05491783888067812,0.8668075579795352,root_area,baseline_highpass,,,,34.0,1.0
Zebrafish,subject_15,NX,0.3579118825275899,0.42255021334745574,0.3201261194519954,0.8336900279335783,4.163607817211439,0.04634408777261047,0.8282727817538507,root_area,baseline_highpass,,,,35.0,1.0
Zebrafish,subject_15,rMON,0.33305099567011454,0.5410668738944516,0.061376242294099846,0.6550817348389425,4.123417668898758,0.0474829491388627,0.9267254056098342,root_area,baseline_highpass,,,,36.0,2.0
Zebrafish,subject_15,rCb,0.35514319874674166,0.5709085215235534,0.29916736001209304,0.7806617797514228,4.485944078410461,0.042077997446825825,0.9245109318133758,root_area,baseline_highpass,,,,37.0,3.0
Zebrafish,subject_15,rMOS1,0.38022166097827076,0.4609220869891568,0.33793323738271913,0.7957683855698909,4.748582762049326,0.03975598976646566,0.857424357719605,root_area,baseline_highpass,,,,38.0,2.0
Zebrafish,subject_15,rMOS2,0.3668303431340687,0.4097861224153999,0.34150074642930406,0.7453163136089814,3.742682324085712,0.043133547648513904,0.8173080647808942,root_area,baseline_highpass,,,,39.0,1.0
Zebrafish,subject_15,rMOS3,0.37924305586688445,0.5009827295171235,0.34177929791678907,0.7868034845043326,4.633307118348906,0.039435746633410776,0.870355258456708,root_area,baseline_highpass,,,,40.0,2.0
Zebrafish,subject_15,rMOS4,0.35654492397928395,0.4678497870364637,0.35730892117584623,0.7656669689352527,4.321709419349759,0.04097126215472059,0.8595606237186797,root_area,baseline_highpass,,,,41.0,2.0
Zebrafish,subject_15,rMOS5,0.34865053275220087,0.5166125925876436,0.3048541367030138,0.7112666580716959,5.157270306858635,0.04298578056384237,0.8912614508931117,root_area,baseline_highpass,,,,42.0,3.0
Zebrafish,subject_15,rIPN,0.3578065524576258,0.5849066487665799,0.2575778340736547,0.7089643472125969,2.910543448595133,0.035003694231596647,0.942510667735263,root_area,baseline_highpass,,,,43.0,1.0
Zebrafish,subject_15,rIO,0.35917451772345793,0.6577234301491235,0.1689329203717485,0.6862406754470762,2.9836291782099496,0.03841845546974741,0.9688527988200454,root_area,baseline_highpass,,,,44.0,1.0
Zebrafish,subject_15,rHc,0.32530053900449896,0.6024515884274082,0.22206402795657018,0.8385902882929135,3.961722642019664,0.039142266090742166,0.958010748223965,root_area,baseline_highpass,,,,45.0,1.0
Zebrafish,subject_15,rRa,0.3649866848095901,0.5565746845424746,0.30891475041026134,0.7948386890764209,4.325871862424303,0.04092223358899101,0.9260968453558605,root_area,baseline_highpass,,,,46.0,1.0
Zebrafish,subject_15,rT,0.3503401831791407,0.5165451358803241,0.4051202975272604,0.8534213555349325,5.169430403171568,0.03661625209441342,0.8725594616990963,root_area,baseline_highpass,,,,47.0,1.0
Zebrafish,subject_15,raRF,0.35800927720012626,0.5041763586288331,0.375753370408701,0.8619624280739142,4.746098298842398,0.039877393938646075,0.8908072105424655,root_area,baseline_highpass,,,,48.0,1.0
Zebrafish,subject_15,rimRF,0.34447367166350085,0.4078548366893476,0.3601892112430455,0.8549763431010156,5.252195569964331,0.038216998569615565,0.8458505047929273,root_area,baseline_highpass,,,,49.0,1.0
Zebrafish,subject_15,rpRF,0.38677620657943856,0.44786548597533554,0.279271867018676,0.7994926405127454,4.157879146917765,0.04050777310972613,0.8516312024169898,root_area,baseline_highpass,,,,50.0,1.0
Zebrafish,subject_15,rHb,0.34909285444005467,0.6742284529554958,0.11308498648553222,0.6630589292070842,3.104489719853329,0.03777733671498722,0.9671600358510342,root_area,baseline_highpass,,,,52.0,1.0
Zebrafish,subject_15,rHi,0.3528663501703331,0.5196673108409495,0.32755577182282675,0.8324453606647857,4.015691012934429,0.030404676835928252,0.8876665419105371,root_area,baseline_highpass,,,,53.0,1.0
Zebrafish,subject_15,rHR,0.3512639640367989,0.5591066728864891,0.2666262325757676,0.8504499911107603,5.261931500949161,0.035602337840532884,0.9188298494561421,root_area,baseline_highpass,,,,54.0,1.0
Zebrafish,subject_15,rOG,0.2600515386047767,0.7435469333363887,0.1359651605503121,0.6749036864704431,4.940036513519765,0.03979519832171382,0.9783844525987777,root_area,baseline_highpass,,,,55.0,1.0
Zebrafish,subject_15,rOB,0.34669433007982586,0.7902149217407843,0.03741855331290035,0.632350670622655,4.257030615351488,0.038830126856292155,0.9720289145490864,root_area,baseline_highpass,,,,56.0,1.0
Zebrafish,subject_15,rP,0.3795302270504632,0.6092098253911773,0.24374634313562882,0.7720765091676667,4.590372278780868,0.03219251337777324,0.9111485249762951,root_area,baseline_highpass,,,,58.0,1.0
Zebrafish,subject_15,rPT,0.380175306611535,0.5855257850940211,0.28340929261984393,0.7777687436991754,4.467230787974949,0.03894623049366212,0.9214005452284243,root_area,baseline_highpass,,,,60.0,1.0
Zebrafish,subject_15,rPO,0.3953217426760933,0.5572516120485107,0.2640221780491214,0.8155086434778702,3.248480702370787,0.03485202149338564,0.8848214697894242,root_area,baseline_highpass,,,,61.0,1.0
Zebrafish,subject_15,rPrT,0.36539063868740596,0.5086027783666994,0.34114510509956614,0.8325230400859943,4.7732456283380715,0.03375509903247528,0.8681608462482735,root_area,baseline_highpass,,,,62.0,1.0
Zebrafish,subject_15,rSP,0.40731965191086933,0.6060475782806031,0.25622571421210205,0.7958565232947116,3.9865823663385473,0.03276666536263904,0.903647340881266,root_area,baseline_highpass,,,,64.0,1.0
Zebrafish,subject_15,rTeO,0.35282830647039687,0.5787110811966756,0.20268875009160703,0.7330023390427093,4.5500025607113095,0.04062988005657371,0.9130531035194716,root_area,baseline_highpass,,,,65.0,10.0
Zebrafish,subject_15,rTh,0.3652234364108693,0.5568154229955096,0.2252555286298371,0.6996579328752865,4.206500164727155,0.03229161413284988,0.8752399808527448,root_area,baseline_highpass,,,,66.0,2.0
Zebrafish,subject_15,rTL,0.35993604348641023,0.6429304509640611,0.11013418148487951,0.6748251871396747,7.394761913900639,0.04113541000622071,0.9487929512127494,root_area,baseline_highpass,,,,67.0,1.0
Zebrafish,subject_15,rTS,0.32529718681032843,0.698163511269614,0.1963278124980395,0.7860414026388968,5.049754840385385,0.045894433814044934,0.9708932717146949,root_area,baseline_highpass,,,,68.0,1.0
Zebrafish,subject_15,rTG,0.2423152272142775,0.8053062000466895,0.04836793115134737,0.5239335856663362,5.685267213471964,0.04891412924092172,0.9802414229242659,root_area,baseline_highpass,,,,69.0,1.0
Zebrafish,subject_15,rVR,0.3719422768814385,0.47266253220605,0.2641427049962159,0.8556539784893884,3.1512471979412675,0.04725893005368721,0.8798423665744196,root_area,baseline_highpass,,,,70.0,1.0
Zebrafish,subject_15,rNX,0.3637088128303797,0.4453121396757219,0.330889659944928,0.7491109225674223,4.074809561730877,0.04403904599122978,0.842688643705479,root_area,baseline_highpass,,,,71.0,1.0
Zebrafish,subject_16,MON,0.3211974695251583,0.6169639997714458,0.09210015126105053,0.7023863430148161,5.755918343420417,0.026077572397944435,0.916158339428222,root_area,baseline_highpass,,,,0.0,2.0
Zebrafish,subject_16,Cb,0.3200494311509148,0.5947625755575547,0.20254893092197035,0.7178123765386266,3.628424171097084,0.03277767599205123,0.9288251486610427,root_area,baseline_highpass,,,,1.0,4.0
Zebrafish,subject_16,MOS1,0.3453306619046634,0.5246031868159016,0.18475402769132343,0.7228693225488206,4.120676223812382,0.02001304045843356,0.888416754615097,root_area,baseline_highpass,,,,2.0,3.0
Zebrafish,subject_16,MOS2,0.34267665152758636,0.46227734320478747,0.2097696346265381,0.7202845257515339,1.8286063738130132,0.019362386142603202,0.8376888123019419,root_area,baseline_highpass,,,,3.0,1.0
Zebrafish,subject_16,MOS3,0.35382419233324186,0.5448854001639605,0.19983697068781292,0.6667619867743899,5.600133603229577,0.02142314760682779,0.8941050544334774,root_area,baseline_highpass,,,,4.0,3.0
Zebrafish,subject_16,MOS4,0.33201196382483444,0.4965070521536603,0.24101956972418523,0.740747581710508,3.620170603173178,0.021195064210888438,0.8790091852360626,root_area,baseline_highpass,,,,5.0,2.0
Zebrafish,subject_16,MOS5,0.3419842120320762,0.643429123793299,0.18665882415816576,0.6731660335392188,4.38680116502379,0.026416457163559368,0.9339636651958911,root_area,baseline_highpass,,,,6.0,2.0
Zebrafish,subject_16,IPN,0.33483090023552375,0.7457147881475386,0.09752675479706566,0.7686507908045939,8.412809375051955,0.04180638560220632,0.9654734452604466,root_area,baseline_highpass,,,,7.0,1.0
Zebrafish,subject_16,IO,0.2898023780584159,0.8071857163174745,0.0365507771088774,0.835966482018979,4.693123017238633,0.028245543512575078,0.9753679293568115,root_area,baseline_highpass,,,,8.0,1.0
Zebrafish,subject_16,Hc,0.23784586515788317,0.8149488065878938,0.02242004422113137,0.7272855777691066,4.428290669396721,0.029057478778934717,0.9788744474336843,root_area,baseline_highpass,,,,9.0,1.0
Zebrafish,subject_16,Ra,0.3240410619772076,0.6786590284057664,0.12923197872303627,0.7743613831651558,3.418832904852743,0.030294958645676197,0.9469103617724883,root_area,baseline_highpass,,,,10.0,1.0
Zebrafish,subject_16,T,0.333437855214386,0.5605514161840599,0.23546405840648824,0.7859672740687821,3.806701911624831,0.033735087701875596,0.9207155526461192,root_area,baseline_highpass,,,,11.0,2.0
Zebrafish,subject_16,aRF,0.3085634657215812,0.5710094705882727,0.22469622550727397,0.8221847639425373,3.0111785998082237,0.023071706780180657,0.923116532338899,root_area,baseline_highpass,,,,12.0,1.0
Zebrafish,subject_16,imRF,0.3347708771986901,0.47349476492444326,0.22017788664977178,0.781906775259391,5.853258967523088,0.01837438980217565,0.8566539007822174,root_area,baseline_highpass,,,,13.0,1.0
Zebrafish,subject_16,pRF,0.3681087973733671,0.5614640123674208,0.13862508242876392,0.8440997680454246,4.013358922384148,0.019470424154777292,0.8880681316406811,root_area,baseline_highpass,,,,14.0,1.0
Zebrafish,subject_16,Hb,0.3170216947858006,0.7464697539512093,0.07439453707883761,0.6963579656420558,6.872599635108271,0.03487031909208882,0.9643279619423015,root_area,baseline_highpass,,,,16.0,1.0
Zebrafish,subject_16,Hi,0.2826793626924563,0.6971576827750625,0.1555999236552965,0.6908998752365264,4.691058688612917,0.03213805317737327,0.9621442487623959,root_area,baseline_highpass,,,,17.0,1.0
Zebrafish,subject_16,HR,0.29926191438166966,0.6802295790820697,0.12168655917033833,0.7774045092933857,5.568576794142675,0.0313871187792229,0.9560011059866738,root_area,baseline_highpass,,,,18.0,1.0
Zebrafish,subject_16,OG,0.2454608752921985,0.7781707221017778,0.030410717704254426,0.6896351759689642,4.674121090099776,0.033218043099813035,0.9790881744926094,root_area,baseline_highpass,,,,19.0,1.0
Zebrafish,subject_16,OB,0.3566500784100796,0.6590249979350691,0.0389096868423134,0.739617615636352,4.271770098447718,0.032903720259829995,0.9342481897280851,root_area,baseline_highpass,,,,20.0,1.0
Zebrafish,subject_16,OE,0.35474810321635053,0.7610389653484606,-0.013774405895993507,0.6675984031332465,3.05394447163126,0.04087343167211224,0.9598295478459065,root_area,baseline_highpass,,,,21.0,1.0
Zebrafish,subject_16,P,0.36030686701086556,0.5756988305179331,0.07795285227996725,0.7214577351810828,6.734177684804288,0.038653739248122286,0.8741104216360414,root_area,baseline_highpass,,,,22.0,1.0
Zebrafish,subject_16,PT,0.30632729372630274,0.5865731249081846,0.20123394156529495,0.4961947032518373,5.873528378617428,0.029527304156527257,0.9142321348082625,root_area,baseline_highpass,,,,24.0,1.0
Zebrafish,subject_16,PO,0.3564723021141808,0.5891431968761285,0.11554910778657472,0.6897094939953466,2.7725719712658585,0.03766624910267813,0.8551242467731881,root_area,baseline_highpass,,,,25.0,1.0
Zebrafish,subject_16,PrT,0.3171757527473939,0.5981448287207894,0.24463553999126209,0.7495815485718408,1.6365264088522704,0.030527959834225318,0.9438890846636974,root_area,baseline_highpass,,,,26.0,1.0
Zebrafish,subject_16,SP,0.376310296795239,0.5817560284284387,0.05376362248538277,0.7434316295393001,4.955110994009561,0.033066269396294624,0.8774680734172788,root_area,baseline_highpass,,,,28.0,1.0
Zebrafish,subject_16,TeO,0.32107808814035743,0.5924512440594611,0.16228142646753857,0.6776044724830804,4.635310108038744,0.04087253159916477,0.925964416733203,root_area,baseline_highpass,,,,29.0,15.0
Zebrafish,subject_16,Th,0.31464872016420325,0.6628734266220859,0.16963611561496728,0.6881642479338701,6.5907291406302555,0.03885475437844961,0.9410070607559629,root_area,baseline_highpass,,,,30.0,2.0
Zebrafish,subject_16,TL,0.359304652235852,0.7542482064709692,0.06312985811997489,0.5989679615473646,5.034443535273298,0.02698455416042103,0.9598429831264181,root_area,baseline_highpass,,,,31.0,1.0
Zebrafish,subject_16,TS,0.31390795504685653,0.6409637910270226,0.13386172406999017,0.6684982127367441,4.793991442473015,0.036809978421198916,0.9557995601382655,root_area,baseline_highpass,,,,32.0,1.0
Zebrafish,subject_16,TG,0.2825908329100965,0.7321094091096378,0.04490742117342829,0.7372256321015893,8.924367693505413,0.03554774206863687,0.9658646103519188,root_area,baseline_highpass,,,,33.0,1.0
Zebrafish,subject_16,VR,0.3031461368051744,0.5103710529119,0.1924372274078415,0.7911160886678713,3.9367538116399805,0.02034780580802096,0.8995154050455542,root_area,baseline_highpass,,,,34.0,1.0
Zebrafish,subject_16,NX,0.3358587069984093,0.49655920827190897,0.22463047824060656,0.7353989934221021,4.80120681002914,0.020296791932000225,0.8636667768645298,root_area,baseline_highpass,,,,35.0,1.0
Zebrafish,subject_16,rMON,0.31552531874306355,0.6085580974788133,0.07549839686361921,0.6964671464215644,7.806366385528943,0.027669403357824383,0.9137403781859402,root_area,baseline_highpass,,,,36.0,2.0
Zebrafish,subject_16,rCb,0.3205631958222046,0.6165015611084356,0.21809179132235054,0.7669739795128292,3.57243676798005,0.029946223357628806,0.9405625436712332,root_area,baseline_highpass,,,,37.0,4.0
Zebrafish,subject_16,rMOS1,0.344993553394576,0.5106112220376219,0.21444888290704442,0.7380338127317212,3.125965592810337,0.020023229590872202,0.8701734430404787,root_area,baseline_highpass,,,,38.0,3.0
Zebrafish,subject_16,rMOS2,0.32969205667620743,0.41624089945008147,0.23577690226158066,0.7339802473325755,4.342194543870449,0.015235137247905064,0.7883190466483347,root_area,baseline_highpass,,,,39.0,1.0
Zebrafish,subject_16,rMOS3,0.34379132879920604,0.5111825720533334,0.21954601221168857,0.7780282813314564,5.379544244761508,0.019996325212408374,0.8608009430972436,root_area,baseline_highpass,,,,40.0,3.0
Zebrafish,subject_16,rMOS4,0.3256824685113781,0.48425929562016057,0.21203579154664723,0.7602449273536879,3.9449811002350166,0.018493719658079902,0.8783841484559568,root_area,baseline_highpass,,,,41.0,3.0
Zebrafish,subject_16,rMOS5,0.3298046412432037,0.5986631436957536,0.14652783870189892,0.7592963154941519,5.108207897784203,0.0222245239612227,0.9327216210116754,root_area,baseline_highpass,,,,42.0,4.0
Zebrafish,subject_16,rIPN,0.31373384153989203,0.7263958728531023,0.1361540618112748,0.7085801032047434,3.4096168880022275,0.037783365196504506,0.9532435883595384,root_area,baseline_highpass,,,,43.0,1.0
Zebrafish,subject_16,rIO,0.31907385524367665,0.7501524833565988,0.08818933735497327,0.7500563677194888,3.637872041073032,0.03098691966016045,0.974600595203888,root_area,baseline_highpass,,,,44.0,1.0
Zebrafish,subject_16,rRa,0.3044324842183645,0.6733528057636308,0.11775261958940178,0.6608224640079763,5.2798438119139,0.034099519064152074,0.9378479905857858,root_area,baseline_highpass,,,,46.0,1.0
Zebrafish,subject_16,rT,0.3357231979509497,0.5752205405589024,0.2527220075216956,0.7711058906554766,2.8937045045816823,0.031810989637067924,0.9167110374903995,root_area,baseline_highpass,,,,47.0,2.0
Zebrafish,subject_16,raRF,0.29946744489123917,0.5794182379221251,0.23989157198901556,0.784468516322241,1.7699791012945634,0.026715715336837764,0.935647934100139,root_area,baseline_highpass,,,,48.0,1.0
Zebrafish,subject_16,rimRF,0.34595294999043646,0.44849386589637597,0.24027244771403786,0.798894798490727,5.083822949176336,0.014788691205259422,0.8246915716046743,root_area,baseline_highpass,,,,49.0,1.0
Zebrafish,subject_16,rpRF,0.35697192286303236,0.46632760037277043,0.1718752284022262,0.786944611729415,2.5056516863813894,0.022812009998542784,0.8501503972492634,root_area,baseline_highpass,,,,50.0,1.0
Zebrafish,subject_16,rHb,0.34889319201438634,0.7580066563119295,0.05494702619661227,0.7390524775288648,5.691098784815733,0.03642415979353287,0.9698338180926516,root_area,baseline_highpass,,,,52.0,1.0
Zebrafish,subject_16,rHi,0.30457766959689586,0.6714839171285101,0.20768902082901936,0.7070683836685087,1.4812145485439312,0.024759881299190996,0.956963234841843,root_area,baseline_highpass,,,,53.0,1.0
Zebrafish,subject_16,rHR,0.2978696473292609,0.6583376552076197,0.1626002234755761,0.7913047091894949,11.26277480043999,0.03326269322320466,0.9490200104009847,root_area,baseline_highpass,,,,54.0,1.0
Zebrafish,subject_16,rOG,0.2680991733817046,0.8055262014228642,0.02543198354577523,0.6723354680310906,3.4761210219453558,0.026429877861274702,0.9804614858941606,root_area,baseline_highpass,,,,55.0,1.0
Zebrafish,subject_16,rOB,0.3728897191177673,0.7544824761929897,0.022756075571117255,0.7991245553373275,4.9943416817792246,0.03212852888641981,0.9467716352070477,root_area,baseline_highpass,,,,56.0,1.0
Zebrafish,subject_16,rOE,0.3553976506446789,0.7747205866424055,0.05328367152939241,0.7502814819061788,3.5009819478922712,0.03546018148720936,0.9456442640171338,root_area,baseline_highpass,,,,57.0,1.0
Zebrafish,subject_16,rP,0.36229201623184115,0.6253014909345443,0.08110705997578439,0.7530870185907558,2.8238793261707,0.036635191908788625,0.8798347803039395,root_area,baseline_highpass,,,,58.0,1.0
Zebrafish,subject_16,rPT,0.3447401521940869,0.5948751294353279,0.22490623583964056,0.716560153115096,4.724977266812059,0.02774893626401724,0.9109357051111303,root_area,baseline_highpass,,,,60.0,1.0
Zebrafish,subject_16,rPO,0.3701560510177108,0.6178004468395761,0.14390730001940485,0.772414593030389,2.1789926962745576,0.031944701650881854,0.8617308472730391,root_area,baseline_highpass,,,,61.0,1.0
Zebrafish,subject_16,rPrT,0.33317519279831137,0.6277594171701325,0.2308198906847217,0.7602176015714666,1.9450642048120685,0.029864628205896655,0.9402016057716829,root_area,baseline_highpass,,,,62.0,1.0
Zebrafish,subject_16,rSP,0.37738193504976364,0.5732190917506467,0.05448131312574226,0.7117141710663372,2.8085097638247825,0.031952900637557215,0.8645848612117444,root_area,baseline_highpass,,,,64.0,1.0
Zebrafish,subject_16,rTeO,0.3345196976688071,0.608021041233102,0.15774772678813145,0.7158087533140606,4.628808443570505,0.03998569929088313,0.926249001774289,root_area,baseline_highpass,,,,65.0,15.0
Zebrafish,subject_16,rTh,0.34677538721597745,0.6544617781759074,0.18385010686748154,0.7334694139239506,3.9863967202550272,0.03706022003504057,0.9124337449848923,root_area,baseline_highpass,,,,66.0,2.0
Zebrafish,subject_16,rTL,0.31082138218644345,0.7546976240061813,0.10264177025656346,0.5873447852975734,5.819121696020011,0.03551840390473344,0.9492927885314117,root_area,baseline_highpass,,,,67.0,1.0
Zebrafish,subject_16,rTS,0.30783483887308355,0.6455750003313883,0.1022331286812804,0.7576553899950743,4.8364834455938865,0.038213689491418436,0.9581565603439741,root_area,baseline_highpass,,,,68.0,1.0
Zebrafish,subject_16,rTG,0.2285036609352611,0.7972463103382351,0.03607930248760003,0.7403280532106916,5.271444153184875,0.032888439884695975,0.977335146182892,root_area,baseline_highpass,,,,69.0,1.0
Zebrafish,subject_16,rVR,0.3128147390946003,0.5422689062604559,0.10967771455916502,0.8688320718963356,3.3842720532064305,0.023382743477905574,0.9314979221821921,root_area,baseline_highpass,,,,70.0,1.0
Zebrafish,subject_16,rNX,0.3167706510957421,0.47058845895908064,0.18067996435024128,0.7578328448397056,3.3674474739480638,0.020953504911073423,0.874193823503644,root_area,baseline_highpass,,,,71.0,1.0
Zebrafish,subject_17,MON,0.31564490555315944,0.6126002051013155,0.03941989417536708,0.733660829933147,2.7967647118981733,0.02964979962388474,0.9381476713784137,root_area,baseline_highpass,,,,0.0,1.0
Zebrafish,subject_17,Cb,0.31157050796919983,0.6301578620786958,0.1530870631871457,0.694234401639432,6.647863765167356,0.02424033601036294,0.9479160548371364,root_area,baseline_highpass,,,,1.0,4.0
Zebrafish,subject_17,MOS1,0.35010425062991846,0.46709539697634,0.20009865181136738,0.7326048982083206,5.897381880308181,0.031116922239787972,0.833936127126822,root_area,baseline_highpass,,,,2.0,2.0
Zebrafish,subject_17,MOS2,0.36512965421561155,0.4430737360173654,0.20648089855225363,0.7540703510140394,5.54258358259581,0.03301435075656699,0.8106507552055991,root_area,baseline_highpass,,,,3.0,1.0
Zebrafish,subject_17,MOS3,0.3544213202788174,0.5554111753480089,0.16678746585437143,0.7342957902990828,5.997702888885595,0.029231683091226847,0.8994828363322098,root_area,baseline_highpass,,,,4.0,2.0
Zebrafish,subject_17,MOS4,0.3254918384920399,0.44965043981029224,0.2367657155769647,0.66554196293142,6.14929978608347,0.034266278427253626,0.8275524754268124,root_area,baseline_highpass,,,,5.0,1.0
Zebrafish,subject_17,MOS5,0.31903738646759583,0.591712372919475,0.13238790546864437,0.6765799779235827,4.331569169926311,0.03276385996932443,0.9342544964181962,root_area,baseline_highpass,,,,6.0,2.0
Zebrafish,subject_17,IPN,0.3031530516259242,0.730410139602857,0.13804588339361532,0.7191860158093487,4.144729167248022,0.03064187106172461,0.9608912726670128,root_area,baseline_highpass,,,,7.0,1.0
Zebrafish,subject_17,IO,0.3429272897735048,0.6619401153381166,0.09220748323118486,0.7351662696727588,6.939414444381866,0.025822271651309375,0.9535749946288326,root_area,baseline_highpass,,,,8.0,1.0
Zebrafish,subject_17,Hc,0.23336404887986245,0.8074001159842772,0.046095346199928326,0.6491660658925396,4.605804131657665,0.021790850713198598,0.9857390014899086,root_area,baseline_highpass,,,,9.0,1.0
Zebrafish,subject_17,Ra,0.31318318526012984,0.6080030431614907,0.18388055155934083,0.7055075801273957,6.89613456219426,0.02779327285476147,0.9472062605331033,root_area,baseline_highpass,,,,10.0,1.0
Zebrafish,subject_17,T,0.33022503955887916,0.5918026296160768,0.21973487864490654,0.734672020527207,6.862724790785106,0.029707871236383458,0.9083617024891237,root_area,baseline_highpass,,,,11.0,2.0
Zebrafish,subject_17,aRF,0.3187379180853993,0.5241717395682082,0.20044729354519422,0.6823538959537135,8.150819128060684,0.02832802790096668,0.9008743353406914,root_area,baseline_highpass,,,,12.0,1.0
Zebrafish,subject_17,imRF,0.31855120048102054,0.4310746052956565,0.20823269396490468,0.6783556390584159,6.14893727110396,0.03484990116932268,0.806094486969531,root_area,baseline_highpass,,,,13.0,1.0
Zebrafish,subject_17,pRF,0.3552293217055979,0.44743591200506216,0.2013402704858191,0.6801137663120812,5.684632329864132,0.03405814628057793,0.8031155863057694,root_area,baseline_highpass,,,,14.0,1.0
Zebrafish,subject_17,Hb,0.3634098742720074,0.7660446729367154,0.1335065505232087,0.6815233699919259,5.662990246941832,0.024936230185143907,0.9514113483433064,root_area,baseline_highpass,,,,16.0,1.0
Zebrafish,subject_17,Hi,0.2937764589086006,0.6664769501300143,0.16262719312569854,0.7102846618965842,6.169515829561611,0.029290125431519945,0.9637294035772599,root_area,baseline_highpass,,,,17.0,1.0
Zebrafish,subject_17,HR,0.3069180215935694,0.6373581281744057,0.13875660826076824,0.6946251384361196,3.820585507559499,0.029581108519829775,0.9633845493053794,root_area,baseline_highpass,,,,18.0,1.0
Zebrafish,subject_17,OG,0.26837761810979244,0.7755445091623857,0.06456893333044106,0.6115153045179041,7.53877297560078,0.029186388284568376,0.9835017949552053,root_area,baseline_highpass,,,,19.0,1.0
Zebrafish,subject_17,OB,0.345084590023116,0.716002458751535,0.07211649885963184,0.6548792168777,4.959144862491902,0.026329313314335693,0.9461746298723529,root_area,baseline_highpass,,,,20.0,1.0
Zebrafish,subject_17,OE,0.3479573676590741,0.761705800962566,0.023776551180941633,0.6235677404461014,3.8937617137381713,0.028075102827207456,0.9585583296358482,root_area,baseline_highpass,,,,21.0,1.0
Zebrafish,subject_17,P,0.36380869344911215,0.6507402569945235,0.1328400645152483,0.6797082978132454,4.309056898979688,0.027708287662874677,0.9070871052671007,root_area,baseline_highpass,,,,22.0,1.0
Zebrafish,subject_17,PT,0.34246370484726535,0.546649869003844,0.2105474606895055,0.6827382495730344,5.951365447900978,0.027122786929853652,0.8965709777177704,root_area,baseline_highpass,,,,24.0,1.0
Zebrafish,subject_17,PO,0.34397993978349894,0.5362516597333683,0.17811487274673282,0.6651463196758214,7.323107703730962,0.028871121604398756,0.8701513872499469,root_area,baseline_highpass,,,,25.0,1.0
Zebrafish,subject_17,PrT,0.32345348931108553,0.5575634352297015,0.2198378869637143,0.7185140026844906,9.851596119047352,0.03235282549734029,0.9203261264866393,root_area,baseline_highpass,,,,26.0,1.0
Zebrafish,subject_17,SP,0.36259557550001065,0.577779370321914,0.14364434451964814,0.599559761769276,5.161782689765217,0.02584301220287979,0.8648845988162592,root_area,baseline_highpass,,,,28.0,1.0
Zebrafish,subject_17,TeO,0.309029513356052,0.6458420608282384,0.11536703659838364,0.7086055011902179,5.380202550525873,0.021681603169766212,0.951865211251793,root_area,baseline_highpass,,,,29.0,19.0
Zebrafish,subject_17,Th,0.3238736443391058,0.6503225543471708,0.18982548814234046,0.6757148295114287,5.498020991167284,0.030638262538963484,0.9300229718026704,root_area,baseline_highpass,,,,30.0,1.0
Zebrafish,subject_17,TL,0.30653362744488505,0.7957452105482741,0.09771507880055619,0.7341618813069603,5.875939651785738,0.024471531890545066,0.9756088269128075,root_area,baseline_highpass,,,,31.0,1.0
Zebrafish,subject_17,TS,0.31705866720383113,0.7475048413153744,0.11287055768365586,0.6493596371383211,8.038988304201755,0.019717613774678015,0.9639130445015425,root_area,baseline_highpass,,,,32.0,1.0
Zebrafish,subject_17,TG,0.25291122837800567,0.809876033233776,0.05136285915129954,0.6688200790146257,4.295915048079994,0.02375346869987988,0.9848013003665802,root_area,baseline_highpass,,,,33.0,1.0
Zebrafish,subject_17,VR,0.2986435849137995,0.4548606466950263,0.17908893797175582,0.7574135040620805,4.252922466993636,0.03531029655745921,0.8891657369018374,root_area,baseline_highpass,,,,34.0,1.0
Zebrafish,subject_17,NX,0.31594575668051333,0.5087718006693754,0.14135463364443632,0.6779983521197224,6.050731250239802,0.03623567429552457,0.8893887296981539,root_area,baseline_highpass,,,,35.0,1.0
Zebrafish,subject_17,rMON,0.32050751389076626,0.5988739686134246,0.06575646055911472,0.7918889508923075,4.362412387626827,0.029393846100686388,0.9337373527908275,root_area,baseline_highpass,,,,36.0,2.0
Zebrafish,subject_17,rCb,0.320065504328284,0.6313442837159646,0.18085759295283638,0.7444974952665554,6.146024249421666,0.025988578426117608,0.9400770338151817,root_area,baseline_highpass,,,,37.0,5.0
Zebrafish,subject_17,rMOS1,0.3266252054307811,0.4584059846321868,0.24070352251651003,0.7206045198058545,5.893452596131138,0.03279767044346058,0.8270889872510839,root_area,baseline_highpass,,,,38.0,3.0
Zebrafish,subject_17,rMOS2,0.30075442518944806,0.36576917295508016,0.24863153926336085,0.7182516904666769,6.635939465816085,0.03567886885677846,0.7470822475642243,root_area,baseline_highpass,,,,39.0,1.0
Zebrafish,subject_17,rMOS3,0.33312775650483495,0.5453643111648117,0.22940577813102003,0.7286385879857571,5.059343352596064,0.03209364597151428,0.8769334366447231,root_area,baseline_highpass,,,,40.0,3.0
Zebrafish,subject_17,rMOS4,0.30604716883962413,0.4853443946192587,0.23385165422540813,0.6984760279444768,5.946511743002248,0.03269057590986281,0.8423024493992333,root_area,baseline_highpass,,,,41.0,2.0
Zebrafish,subject_17,rMOS5,0.3187182129691253,0.6308240063169442,0.15207079148701397,0.7359147867064264,5.176259644802285,0.029991844806149803,0.935918710775833,root_area,baseline_highpass,,,,42.0,3.0
Zebrafish,subject_17,rIPN,0.3234292350514011,0.69660109694241,0.15863255181904506,0.7284482363939938,6.596860557156723,0.027143732642515267,0.9637709689140554,root_area,baseline_highpass,,,,43.0,1.0
Zebrafish,subject_17,rIO,0.2711981468140901,0.7276065679106677,0.10406901084967919,0.6895470591049541,4.631202419934229,0.027227225482494812,0.9842608158486592,root_area,baseline_highpass,,,,44.0,1.0
Zebrafish,subject_17,rRa,0.3037662775996636,0.5778394921285934,0.21044438604967736,0.6763976275223237,6.7319535754775055,0.0347891915140159,0.9276895515038118,root_area,baseline_highpass,,,,46.0,1.0
Zebrafish,subject_17,rT,0.34146278938568614,0.5699329329058233,0.22717759440277405,0.7249515439800351,5.14383149714009,0.026438703375743576,0.8907432385170906,root_area,baseline_highpass,,,,47.0,2.0
Zebrafish,subject_17,raRF,0.29159796348597106,0.5758973393606895,0.19072273437517795,0.6928109980517724,5.868646015795391,0.03153915422512573,0.9455144252129212,root_area,baseline_highpass,,,,48.0,1.0
Zebrafish,subject_17,rimRF,0.297353069366731,0.4499563557223324,0.22431556451490825,0.6753909930068586,5.294096537242566,0.036752017254043125,0.8178446738111951,root_area,baseline_highpass,,,,49.0,1.0
Zebrafish,subject_17,rpRF,0.2927626923349647,0.3890513295924766,0.23086035971921323,0.6806611118626978,5.956154534412566,0.035200805842712166,0.7677738662738718,root_area,baseline_highpass,,,,50.0,1.0
Zebrafish,subject_17,rHb,0.3583122426871839,0.7131962382031943,0.12778015408577983,0.5983115221185736,6.645400159157446,0.022251289734925815,0.9463614529528693,root_area,baseline_highpass,,,,52.0,1.0
Zebrafish,subject_17,rHi,0.3018765028252974,0.6126853083816175,0.2017065396815228,0.7335455966822158,8.834962551547621,0.03178950966194038,0.9395492966261579,root_area,baseline_highpass,,,,53.0,1.0
Zebrafish,subject_17,rHR,0.30390333558513866,0.6440237992642206,0.15895377704553754,0.6711524041707018,6.318846970295894,0.03151008564868229,0.9565092340021913,root_area,baseline_highpass,,,,54.0,1.0
Zebrafish,subject_17,rOG,0.24058674648612854,0.8240241918678911,0.02934815306281956,0.6709216537677313,2.013766425929697,0.025043982783666492,0.9859356462460493,root_area,baseline_highpass,,,,55.0,1.0
Zebrafish,subject_17,rOB,0.34555309514272975,0.6994312763615731,0.13002519428660841,0.6785530701040898,5.8304068677921626,0.027094452425269137,0.9305775598732022,root_area,baseline_highpass,,,,56.0,1.0
Zebrafish,subject_17,rOE,0.34551900793532625,0.7437341099894618,0.06348343366955424,0.6388559941493928,4.1510164748173475,0.02895129756624075,0.9484561054748131,root_area,baseline_highpass,,,,57.0,1.0
Zebrafish,subject_17,rP,0.36654648002028933,0.6328786764307361,0.12578259896543237,0.6872074039191798,5.0364689347726666,0.02513665705339787,0.9041512110956402,root_area,baseline_highpass,,,,58.0,2.0
Zebrafish,subject_17,rPT,0.35714729929571915,0.5349699472523826,0.2319566702393597,0.6705837780630259,5.3061859716070625,0.02794994966357687,0.8779702590138844,root_area,baseline_highpass,,,,60.0,1.0
Zebrafish,subject_17,rPO,0.34688837832614744,0.5317046010779211,0.20445033325809783,0.6612673870538297,5.331236106345988,0.02624901810595492,0.8610152747340716,root_area,baseline_highpass,,,,61.0,1.0
Zebrafish,subject_17,rPrT,0.32726859950648496,0.5400341674614821,0.24656972564285257,0.688978396845656,5.7757384506892135,0.029509411545362494,0.8928958139996939,root_area,baseline_highpass,,,,62.0,1.0
Zebrafish,subject_17,rSP,0.36207815436201685,0.5380611733264364,0.17182358372265172,0.6726935768121636,4.878582198303123,0.023415028545831787,0.8589006594407774,root_area,baseline_highpass,,,,64.0,1.0
Zebrafish,subject_17,rTeO,0.32323483684328463,0.6436503085743133,0.1463733839237494,0.72520422587995,5.141180780197162,0.02195998154874415,0.9364318964291769,root_area,baseline_highpass,,,,65.0,19.0
Zebrafish,subject_17,rTh,0.3562890269622171,0.5551737849325993,0.21165349820108625,0.6135798028780552,4.124838927856135,0.027817500687468112,0.8738971182193601,root_area,baseline_highpass,,,,66.0,2.0
Zebrafish,subject_17,rTL,0.3028016139631827,0.7144011055901819,0.14399324463913704,0.6902873427683633,3.824211342233989,0.02723755187862404,0.9596395249817806,root_area,baseline_highpass,,,,67.0,1.0
Zebrafish,subject_17,rTS,0.25904435191110525,0.7282917353838336,0.10199235011179592,0.7040676452829245,4.773353358191793,0.02422265834382697,0.9661248043737335,root_area,baseline_highpass,,,,68.0,1.0
Zebrafish,subject_17,rTG,0.22856547376420128,0.8049989538237635,0.03475300312576424,0.6986379903631149,6.576027029418777,0.027893907061737066,0.982449884437439,root_area,baseline_highpass,,,,69.0,1.0
Zebrafish,subject_17,rVR,0.2905006987719363,0.4554056743883839,0.18812190100650586,0.7750568726708685,1.4824745871376022,0.037557258624545085,0.858722388223415,root_area,baseline_highpass,,,,70.0,1.0
Zebrafish,subject_17,rNX,0.2989015262936921,0.42073032126510646,0.22307823454068734,0.7305871420948836,4.935843738208354,0.03432740357810971,0.8166704915450683,root_area,baseline_highpass,,,,71.0,1.0
Zebrafish,subject_18,MON,0.29957902010735604,0.659166197757612,0.09908296890163044,0.624697691641909,4.682871150473867,0.020826080793878547,0.951148498796586,root_area,baseline_highpass,,,,0.0,1.0
Zebrafish,subject_18,Cb,0.2988041123173236,0.6762998575849535,0.12138752761849378,0.6923861175865169,3.9011953270892143,0.0208193733850709,0.9684310087371842,root_area,baseline_highpass,,,,1.0,4.0
Zebrafish,subject_18,MOS1,0.30543955190031247,0.6389205618270091,0.11933239832322379,0.7023956185108062,4.878881398546044,0.01763767171149868,0.9412728174876184,root_area,baseline_highpass,,,,2.0,2.0
Zebrafish,subject_18,MOS2,0.3002659829054612,0.6319005178608942,0.10986831954134826,0.6623437209882314,5.204681051948565,0.019615177689581008,0.9312105986432345,root_area,baseline_highpass,,,,3.0,1.0
Zebrafish,subject_18,MOS3,0.33849162033039715,0.6811928341865934,0.10867916057033769,0.7315471230096091,4.621104051234407,0.018941702866505844,0.9511869110930028,root_area,baseline_highpass,,,,4.0,2.0
Zebrafish,subject_18,MOS4,0.29582483960277317,0.6760764890259097,0.1825596717015698,0.7518433502614966,5.17007469415461,0.018677709185783046,0.9630781336108498,root_area,baseline_highpass,,,,5.0,1.0
Zebrafish,subject_18,MOS5,0.2931218267451108,0.7003637825837492,0.11175145641678237,0.7136409615279278,5.676944845201989,0.0182697056356221,0.9631024308072191,root_area,baseline_highpass,,,,6.0,2.0
Zebrafish,subject_18,IPN,0.31202877979127247,0.7007375603033009,0.05328619808864437,0.7095544335767602,3.35469299101059,0.01799292732114927,0.9591866714580672,root_area,baseline_highpass,,,,7.0,1.0
Zebrafish,subject_18,IO,0.28785090375703687,0.7967143340192272,0.014043450655360444,0.6398509283132062,5.34161558056194,0.01931398330102094,0.9795417732244835,root_area,baseline_highpass,,,,8.0,1.0
Zebrafish,subject_18,Hc,0.24915550603029896,0.8110806531105179,0.058874166589247656,0.681934642057504,6.222079625729129,0.0149822700882475,0.9874731297815724,root_area,baseline_highpass,,,,9.0,1.0
Zebrafish,subject_18,Ra,0.3146044772915885,0.7468394608358653,0.11234054727771417,0.7809474652587042,5.520394734904983,0.019407007448638856,0.9720195956531545,root_area,baseline_highpass,,,,10.0,1.0
Zebrafish,subject_18,T,0.30796729204892603,0.7125603631612663,0.13593498236574197,0.7470979937522109,4.3779669437337585,0.018639161043807376,0.9722332090120845,root_area,baseline_highpass,,,,11.0,2.0
Zebrafish,subject_18,aRF,0.2913370285337775,0.7315393483813808,0.09690151335813166,0.7439192790825003,5.740404292703001,0.017524235783678024,0.977894575930137,root_area,baseline_highpass,,,,12.0,1.0
Zebrafish,subject_18,imRF,0.2901769252690294,0.6625943904575878,0.11926239274975847,0.7584602521054048,6.994258866482119,0.016654477420774267,0.9609885962827582,root_area,baseline_highpass,,,,13.0,1.0
Zebrafish,subject_18,pRF,0.3590130538211121,0.6586391679319412,0.06998798328388992,0.6315281098930712,6.051773764300531,0.020513277734700144,0.9399793189141626,root_area,baseline_highpass,,,,14.0,1.0
Zebrafish,subject_18,Hb,0.3070993021364792,0.7994215606984107,0.03996806577873522,0.6315499846346603,4.269353871791179,0.015921471730754696,0.9775309891859851,root_area,baseline_highpass,,,,16.0,1.0
Zebrafish,subject_18,Hi,0.27452547464322996,0.739301690741432,0.11424026572892153,0.7195499061451888,4.636329116607092,0.01816254762405122,0.9796454047481774,root_area,baseline_highpass,,,,17.0,1.0
Zebrafish,subject_18,HR,0.26870861110992245,0.7789873352487348,0.09634578892733654,0.7531645624379052,3.4312964092362304,0.016924024513668916,0.9849777017335589,root_area,baseline_highpass,,,,18.0,1.0
Zebrafish,subject_18,OG,0.2545999065227824,0.8132529431926826,0.0349414612173348,0.6937476992383285,5.674218584023436,0.01804609620178596,0.9873310248195523,root_area,baseline_highpass,,,,19.0,1.0
Zebrafish,subject_18,OB,0.3357931462390979,0.8653673925806646,0.00903520246267336,0.704654737701697,4.242977431588605,0.019513301525179674,0.9627465832482345,root_area,baseline_highpass,,,,20.0,1.0
Zebrafish,subject_18,OE,0.3270095283757137,0.8529256985438973,0.00936914078354227,0.7637733635793584,2.934823989095967,0.017680164542556047,0.9763195638002756,root_area,baseline_highpass,,,,21.0,1.0
Zebrafish,subject_18,P,0.3416177559551066,0.6878077464916849,0.08139712360758118,0.7608757629752211,5.496621580496069,0.01829561873030399,0.9353462347056484,root_area,baseline_highpass,,,,22.0,1.0
Zebrafish,subject_18,PT,0.3057908915600876,0.6864003195029613,0.1447316564251791,0.7471369436472342,4.563708691950423,0.02003251517278918,0.9600307151599352,root_area,baseline_highpass,,,,24.0,1.0
Zebrafish,subject_18,PO,0.33754583692857126,0.6503635875869095,0.07308231420977984,0.6739843623082504,6.608913871112122,0.016225535917955267,0.9175722960077127,root_area,baseline_highpass,,,,25.0,1.0
Zebrafish,subject_18,PrT,0.298088807754516,0.719189076177791,0.13866654797565656,0.7676380512337457,5.331076042177319,0.023106279790200693,0.9715373193427346,root_area,baseline_highpass,,,,26.0,1.0
Zebrafish,subject_18,SP,0.36076310576395126,0.6624192087919119,0.06155768282390439,0.761123949678428,5.716095895348949,0.019047423511538316,0.9064543851498486,root_area,baseline_highpass,,,,28.0,1.0
Zebrafish,subject_18,TeO,0.29712927029567376,0.6600723728957306,0.13167783357717544,0.7194684120712302,4.833440963882378,0.022824727569376823,0.9617366065755631,root_area,baseline_highpass,,,,29.0,16.0
Zebrafish,subject_18,Th,0.3176305379342982,0.6887801655462523,0.150114598033096,0.7150716846461801,1.989592466613409,0.019671379046227035,0.9513840300010746,root_area,baseline_highpass,,,,30.0,1.0
Zebrafish,subject_18,TL,0.2840181045320034,0.7759717471576435,0.06970153902335849,0.6275295499026732,4.158961292199764,0.020028364953373123,0.9802845185535712,root_area,baseline_highpass,,,,31.0,1.0
Zebrafish,subject_18,TS,0.3028091581239416,0.7282910231511741,0.08310746087857111,0.6827502315566429,4.967250520359896,0.018014569770542,0.9790312835931845,root_area,baseline_highpass,,,,32.0,1.0
Zebrafish,subject_18,TG,0.2429974607564893,0.8466177744798424,0.04651980433052327,0.7474579973125455,2.308476385637114,0.017994594332682686,0.9878224566106673,root_area,baseline_highpass,,,,33.0,1.0
Zebrafish,subject_18,VR,0.2606397372588462,0.8098604235208265,0.0430558524866877,0.5962463430438701,4.627055909337978,0.021349736471466603,0.9863853433932097,root_area,baseline_highpass,,,,34.0,1.0
Zebrafish,subject_18,NX,0.27547226031659366,0.7036255052434858,0.08264979298901104,0.6842912571357388,4.019777867105532,0.01832351583176893,0.9685459532959384,root_area,baseline_highpass,,,,35.0,1.0
Zebrafish,subject_18,rMON,0.31825136122649844,0.6347482700223652,0.128629498593655,0.6765905034649221,6.4009471586767805,0.021113681991464933,0.9308313665539409,root_area,baseline_highpass,,,,36.0,1.0
Zebrafish,subject_18,rCb,0.31167209005776564,0.6345367997644062,0.13831347849844622,0.7287406034280988,4.591781682297222,0.021270965335435706,0.9400621458690608,root_area,baseline_highpass,,,,37.0,4.0
Zebrafish,subject_18,rMOS1,0.3360505088760161,0.6379949709584959,0.12666586002331706,0.7396385370886676,4.265829811187948,0.019485710641973634,0.9238242189605025,root_area,baseline_highpass,,,,38.0,3.0
Zebrafish,subject_18,rMOS2,0.3239937586859284,0.5793529865096213,0.13974343347381765,0.7882664362158371,3.875632538219983,0.018494074152690727,0.9102521784468444,root_area,baseline_highpass,,,,39.0,1.0
Zebrafish,subject_18,rMOS3,0.3363196219074263,0.6178785522959865,0.16609917980940792,0.7580297475513444,6.799203518749742,0.018762529637772536,0.9289736994052378,root_area,baseline_highpass,,,,40.0,2.0
Zebrafish,subject_18,rMOS4,0.32272981328376155,0.621224311071904,0.1798025886417704,0.7232627006176086,5.896535021967733,0.021385618068805345,0.9221865824029508,root_area,baseline_highpass,,,,41.0,2.0
Zebrafish,subject_18,rMOS5,0.3178993044722581,0.6402078729178309,0.1596927884398739,0.6785852490066628,4.998974332487512,0.020011145413532203,0.9322673988897999,root_area,baseline_highpass,,,,42.0,2.0
Zebrafish,subject_18,rIPN,0.30883381033238466,0.7302807245962801,0.07924151217081868,0.6493517336245412,3.5454962266305388,0.018141324107825804,0.9633016602247662,root_area,baseline_highpass,,,,43.0,1.0
Zebrafish,subject_18,rIO,0.33522757574324047,0.7859543128080062,0.028317246987516698,0.689509395166612,7.423894560038455,0.020257695332183592,0.9721553239976367,root_area,baseline_highpass,,,,44.0,1.0
Zebrafish,subject_18,rHc,0.24539754307153386,0.7938568505093417,0.0738465945323767,0.7091343585567718,2.511588893196514,0.01686004819145319,0.9846373907739712,root_area,baseline_highpass,,,,45.0,1.0
Zebrafish,subject_18,rRa,0.30845393891858164,0.7135503790870844,0.09911653844900772,0.6820522504598798,5.645612065055273,0.020180016680928323,0.9583477971420036,root_area,baseline_highpass,,,,46.0,1.0
Zebrafish,subject_18,rT,0.3257871423101579,0.6915881909639298,0.16365552668439415,0.711881941977426,5.49838482300548,0.01808711867206184,0.9452808148851697,root_area,baseline_highpass,,,,47.0,2.0
Zebrafish,subject_18,raRF,0.282321866702388,0.6591221312450891,0.15035654506607368,0.7309915719723964,6.3734361881049,0.017455525036930125,0.9602542682569636,root_area,baseline_highpass,,,,48.0,1.0
Zebrafish,subject_18,rimRF,0.30968773545104267,0.6002054215374026,0.14420556377264948,0.7402439160439548,6.668331149923156,0.01830677778677861,0.9302868487083831,root_area,baseline_highpass,,,,49.0,1.0
Zebrafish,subject_18,rpRF,0.34456507113352186,0.5852710140477715,0.1262309694130943,0.7826705057328204,4.3822986176608545,0.01985194436981999,0.9119447971590668,root_area,baseline_highpass,,,,50.0,1.0
Zebrafish,subject_18,rHb,0.3448273357336916,0.7499121665661526,0.08614973695034411,0.67174475945963,4.212829025528886,0.019560507544558424,0.9671654584376954,root_area,baseline_highpass,,,,52.0,1.0
Zebrafish,subject_18,rHi,0.2946710456764761,0.6660675860885011,0.14583491425622808,0.6557217326059445,4.5961952993988735,0.01746649628784058,0.9402545298848585,root_area,baseline_highpass,,,,53.0,1.0
Zebrafish,subject_18,rHR,0.29888520780876454,0.7199288651402345,0.08908511847250118,0.7352459498036259,8.98160982620734,0.016963838669337136,0.9658573556743469,root_area,baseline_highpass,,,,54.0,1.0
Zebrafish,subject_18,rOG,0.23634489722648516,0.8649101052929278,0.05339574878135002,0.6517038450480529,3.6157741500682636,0.018612923318371638,0.9879790710669621,root_area,baseline_highpass,,,,55.0,1.0
Zebrafish,subject_18,rOB,0.34089556085763534,0.8548060886868147,0.0071032748685551485,0.6047369176324984,4.829995099228978,0.017510545460087498,0.9629397638531488,root_area,baseline_highpass,,,,56.0,1.0
Zebrafish,subject_18,rP,0.33634818732535204,0.6797833475658365,0.12241565053309315,0.6757502684833707,5.115705481597567,0.019219947533572354,0.9232074791921269,root_area,baseline_highpass,,,,58.0,1.0
Zebrafish,subject_18,rPT,0.32936709253927365,0.6493220828216602,0.15619159675257593,0.7271584028703564,6.571550123468622,0.0160039879257323,0.9308248738238083,root_area,baseline_highpass,,,,60.0,1.0
Zebrafish,subject_18,rPO,0.354276320485364,0.6487374683827037,0.10095266691803445,0.7002671854091552,6.202751466124494,0.01836827562038089,0.9106734853621027,root_area,baseline_highpass,,,,61.0,1.0
Zebrafish,subject_18,rPrT,0.3427108824935713,0.5702891101896019,0.1748633329882181,0.8007089629852044,5.328855301058177,0.020876909543585568,0.8828464173734818,root_area,baseline_highpass,,,,62.0,1.0
Zebrafish,subject_18,rSP,0.35584174941930075,0.6274124954098883,0.09400424696866508,0.6424922100438388,6.014556506532384,0.017127517527358048,0.8996742263491947,root_area,baseline_highpass,,,,64.0,1.0
Zebrafish,subject_18,rTeO,0.3176405418544424,0.6341404858435508,0.14155659411316684,0.7309596616490326,4.894021879156109,0.021269101168758853,0.9322299841785308,root_area,baseline_highpass,,,,65.0,14.0
Zebrafish,subject_18,rTh,0.3482380496823454,0.5771143530415014,0.1719290745561795,0.7413649087021021,5.881665731359517,0.019976181319446763,0.8775819372722806,root_area,baseline_highpass,,,,66.0,2.0
Zebrafish,subject_18,rTL,0.3160137255269671,0.7332090364118662,0.08388895851914248,0.7263927877443037,4.669925674530708,0.02239256618505117,0.9605364152553714,root_area,baseline_highpass,,,,67.0,1.0
Zebrafish,subject_18,rTS,0.27816459193555526,0.7342309417508998,0.0782270952020578,0.7767843552731657,6.224712068075267,0.01867277642730783,0.9751989202352294,root_area,baseline_highpass,,,,68.0,1.0
Zebrafish,subject_18,rTG,0.24591385079727998,0.8376039573001065,0.027440700584674037,0.6003054307415083,6.953672768434323,0.016848521987966335,0.9872616601861736,root_area,baseline_highpass,,,,69.0,1.0
Zebrafish,subject_18,rVR,0.2722014564478625,0.815410968576615,0.04413641033458312,0.5786631949143314,4.850989706563838,0.021036089450182264,0.983839692845271,root_area,baseline_highpass,,,,70.0,1.0
Zebrafish,subject_18,rNX,0.3029119585327751,0.609296435029133,0.15481825617109404,0.6644403629360769,7.381120544679717,0.019751469086753674,0.9384517350113918,root_area,baseline_highpass,,,,71.0,1.0
