species,node,fc_fdr_q,n_recordings,NeighborNetTE,n_fc_neighbors,NeighborNetTE_z
C. elegans,ADAL,1e-05,12,0.003524883956459801,15.833333333333334,2.165962978375646
C. elegans,ADAL,3e-05,12,0.003159121458529868,17.5,1.7015619860371918
C. elegans,ADAL,0.0001,12,0.002412538970722806,20.5,1.195182409485883
C. elegans,ADAL,0.0003,12,0.00231726702254412,23.333333333333332,1.715545320532449
C. elegans,ADAL,0.001,12,0.0021135117002693093,26.833333333333332,2.071207378493949
C. elegans,ADAL,0.003,12,0.0019480854155331725,29.833333333333332,2.3293748578114486
C. elegans,ADAL,0.01,12,0.0015633819441703107,33.916666666666664,1.9431614892781748
C. elegans,ADAL,0.03,12,0.0013764368750579287,39.25,2.4870032060176466
C. elegans,ADAL,0.05,12,0.0011495076392658466,41.333333333333336,2.2427214917673126
C. elegans,ADAL,0.1,12,0.0009698488233998818,45.333333333333336,2.3804932036188675
C. elegans,ADAL,0.2,12,0.0006854663123381653,50.666666666666664,1.7843139587341208
C. elegans,ADAR,1e-05,1,-0.003755222550051655,1.0,-4.398078662276729
C. elegans,ADAR,3e-05,1,-0.0025737986747770467,3.0,-3.0242368379154683
C. elegans,ADAR,0.0001,1,0.000764787350437618,5.0,-0.2531239192438658
C. elegans,ADAR,0.0003,1,-0.0006469990864277961,6.0,-1.944040534666363
C. elegans,ADAR,0.001,1,-0.0006403521551762439,9.0,-2.2579928689054594
C. elegans,ADAR,0.003,1,0.0006504099446507876,12.0,-0.05651354713353943
C. elegans,ADAR,0.01,1,0.0016431832937669518,16.0,2.1012932321065683
C. elegans,ADAR,0.03,1,0.0002057746680417523,21.0,-0.6816472947155513
C. elegans,ADAR,0.05,1,0.0010508932687950457,28.0,1.9460080690213737
C. elegans,ADAR,0.1,1,0.0008071233829377914,33.0,1.7764951858650047
C. elegans,ADAR,0.2,1,0.0005714630784636681,42.0,1.3004648618623036
C. elegans,ADEL,1e-05,15,0.0008391218993755572,10.133333333333333,-0.2556298875827112
C. elegans,ADEL,3e-05,15,0.0012084515548172344,11.933333333333334,0.09357280730646901
C. elegans,ADEL,0.0001,15,0.0014222423081030242,14.066666666666666,0.3247521176049121
C. elegans,ADEL,0.0003,15,0.002166925411196128,16.733333333333334,1.5299384910134464
C. elegans,ADEL,0.001,15,0.0014777665500522908,20.8,1.071786852980281
C. elegans,ADEL,0.003,15,0.0015141925951456469,24.066666666666666,1.5316254417362924
C. elegans,ADEL,0.01,15,0.0010630738699362512,28.666666666666668,0.951767382165493
C. elegans,ADEL,0.03,15,0.0009395101664202808,33.06666666666667,1.3043665531806425
C. elegans,ADEL,0.05,15,0.0008287464897746594,35.93333333333333,1.2776071976226022
C. elegans,ADEL,0.1,15,0.0005383664349238528,41.0,0.7789335053002866
C. elegans,ADEL,0.2,15,0.0003021691458600781,47.46666666666667,0.15753565139141665
C. elegans,ADER,1e-05,8,0.0020745024662663005,5.375,0.8582397344991449
C. elegans,ADER,3e-05,8,0.0020074954662726166,6.875,0.752245994658933
C. elegans,ADER,0.0001,8,0.0026746492523012488,8.5,1.4255666342451292
C. elegans,ADER,0.0003,8,0.002934649155706796,10.375,2.47774508219899
C. elegans,ADER,0.001,8,0.0024497085009544234,13.375,2.5997241640361315
C. elegans,ADER,0.003,8,0.0019589117733951025,16.75,2.3492800515753407
C. elegans,ADER,0.01,8,0.002296273705946221,20.375,3.3954358202260106
C. elegans,ADER,0.03,8,0.0016654217050170372,26.0,3.2692031614498585
C. elegans,ADER,0.05,8,0.0013862377064210389,29.875,2.9550009309317202
C. elegans,ADER,0.1,8,0.0014061605381437028,35.625,3.9999782090347895
C. elegans,ADER,0.2,8,0.0010489838528347077,41.375,3.327144172304603
C. elegans,ADLL,1e-05,9,6.72345501752197e-05,2.5555555555555554,-0.9515950767612006
C. elegans,ADLL,3e-05,9,0.0004360187292228756,3.5555555555555554,-0.5431641528978965
C. elegans,ADLL,0.0001,9,-0.0005013170568489264,5.222222222222222,-1.3659779461076702
C. elegans,ADLL,0.0003,9,0.0002132883027454856,6.777777777777778,-0.881957899340357
C. elegans,ADLL,0.001,9,0.0005944476542002147,9.555555555555555,-0.31683095210604817
C. elegans,ADLL,0.003,9,0.00034359176955835565,12.333333333333334,-0.6206252551876732
C. elegans,ADLL,0.01,9,4.8532732961636625e-05,15.777777777777779,-1.05861413358331
C. elegans,ADLL,0.03,9,0.000595847693276252,20.444444444444443,0.37416972861023173
C. elegans,ADLL,0.05,9,0.0003860599454368446,23.444444444444443,-0.05435932152621913
C. elegans,ADLL,0.1,9,0.00028462928567050765,29.333333333333332,-0.16287826515388645
C. elegans,ADLL,0.2,9,0.0005451229049407378,36.22222222222222,1.188672689505623
C. elegans,ADLR,1e-05,5,-0.0002280288211751566,12.6,-1.2178166028844497
C. elegans,ADLR,3e-05,5,0.00010679015647700177,13.8,-0.8145560379609444
C. elegans,ADLR,0.0001,5,0.00019895664955331136,15.2,-0.7504659791706494
C. elegans,ADLR,0.0003,5,2.0883788843794637e-05,17.2,-1.119494210746366
C. elegans,ADLR,0.001,5,-0.0003855485524081641,20.0,-1.8574299224255366
C. elegans,ADLR,0.003,5,-0.0007917507511096463,23.6,-2.7080505140321582
C. elegans,ADLR,0.01,5,-0.0004332072182192608,27.4,-2.013214255703385
C. elegans,ADLR,0.03,5,0.0003781768100958768,33.0,-0.2150036032448408
C. elegans,ADLR,0.05,5,7.616124718812199e-05,36.2,-0.9867903964588083
C. elegans,ADLR,0.1,5,0.00035398693566897143,41.8,0.09456078676189397
C. elegans,ADLR,0.2,5,0.0003194537125559641,47.6,0.23089428957559155
C. elegans,AIBL,1e-05,16,0.00046787292021069517,40.4375,-0.5903631440410115
C. elegans,AIBL,3e-05,16,0.0004385666183305044,42.0625,-0.5410638600160125
C. elegans,AIBL,0.0001,16,0.0004325399878541756,43.3125,-0.5451557716234636
C. elegans,AIBL,0.0003,16,0.0003732278948163801,45.4375,-0.6845017171651625
C. elegans,AIBL,0.001,16,0.00036719537088546135,47.1875,-0.6740819611575237
C. elegans,AIBL,0.003,16,0.000342203269261689,48.625,-0.6231781328773678
C. elegans,AIBL,0.01,16,0.0001804621733095096,51.3125,-0.7971870720356965
C. elegans,AIBL,0.03,16,8.12194706534175e-05,54.5625,-1.0187828802055983
C. elegans,AIBL,0.05,16,5.377777619536699e-05,56.3125,-1.0541383525374943
C. elegans,AIBL,0.1,16,2.3066139260250296e-05,58.5,-1.1337382702067766
C. elegans,AIBL,0.2,16,2.404370713880613e-06,60.5,-1.114716992670788
C. elegans,AIBR,1e-05,16,0.0007523093217283924,40.125,-0.3339036565308277
C. elegans,AIBR,3e-05,16,0.0006418008051915736,41.5,-0.3735325044551591
C. elegans,AIBR,0.0001,16,0.0005466665461187077,43.5625,-0.4448431913924345
C. elegans,AIBR,0.0003,16,0.0004733476584209196,45.0625,-0.5608971360501096
C. elegans,AIBR,0.001,16,0.0003703659042271092,46.8125,-0.6690977373732186
C. elegans,AIBR,0.003,16,0.0003366419223140505,48.8125,-0.6334031494519854
C. elegans,AIBR,0.01,16,0.0002422709386771395,51.75,-0.6747088453007197
C. elegans,AIBR,0.03,16,0.00018816686717686545,54.25,-0.7293066166727716
C. elegans,AIBR,0.05,16,0.00016490417778154738,55.3125,-0.7197784127573348
C. elegans,AIBR,0.1,16,8.220968980735071e-05,57.625,-0.9142115189383035
C. elegans,AIBR,0.2,16,6.996394180579957e-05,60.0625,-0.827982692713488
C. elegans,AIML,1e-05,3,0.0018388862344350658,30.333333333333332,0.6457985077711395
C. elegans,AIML,3e-05,3,0.0017368153521989923,32.333333333333336,0.529117164148148
C. elegans,AIML,0.0001,3,0.0022059663775639373,33.333333333333336,1.0136135429583393
C. elegans,AIML,0.0003,3,0.0018280516348746733,35.666666666666664,1.1115760252515874
C. elegans,AIML,0.001,3,0.0016126653808254093,37.666666666666664,1.2838540001640653
C. elegans,AIML,0.003,3,0.0015589292352267252,40.333333333333336,1.613877617446344
C. elegans,AIML,0.01,3,0.0011128092909393978,45.0,1.0503214648130186
C. elegans,AIML,0.03,3,0.0008081438637212028,48.666666666666664,0.9487952377899591
C. elegans,AIML,0.05,3,0.0007994010371908696,49.666666666666664,1.1893118544936503
C. elegans,AIML,0.1,3,0.0006845452219159977,52.666666666666664,1.3215142924851195
C. elegans,AIML,0.2,3,0.0005314334016069416,58.0,1.130572111131041
C. elegans,AIMR,1e-05,4,0.001602908002834065,28.75,0.4330308872519817
C. elegans,AIMR,3e-05,4,0.0015057010214477953,30.25,0.33860346309077777
C. elegans,AIMR,0.0001,4,0.0019197578001405912,33.5,0.7620479010764475
C. elegans,AIMR,0.0003,4,0.0017141497648666402,36.0,0.9709565069497503
C. elegans,AIMR,0.001,4,0.001419492237056175,38.75,0.9801769610312117
C. elegans,AIMR,0.003,4,0.0008311688524772058,42.75,0.27582731308193364
C. elegans,AIMR,0.01,4,0.0006335059050745291,46.0,0.10054956078557413
C. elegans,AIMR,0.03,4,0.00046787032392269027,49.75,0.02777129441265682
C. elegans,AIMR,0.05,4,0.0004568209109007352,52.0,0.15854806873912636
C. elegans,AIMR,0.1,4,0.0004643921949933344,55.0,0.5043587728183625
C. elegans,AIMR,0.2,4,0.00034517697149837935,60.0,0.34006817162168457
C. elegans,AINL,1e-05,12,0.0008639009291218653,16.833333333333332,-0.23328810138435643
C. elegans,AINL,3e-05,12,0.0005935785572854014,18.583333333333332,-0.41328338832311373
C. elegans,AINL,0.0001,12,0.00037856368221977026,20.166666666666668,-0.5925987382025105
C. elegans,AINL,0.0003,12,0.0006047689558178871,22.666666666666668,-0.3986487064741889
C. elegans,AINL,0.001,12,0.0005292472425179489,24.833333333333332,-0.4193289887563531
C. elegans,AINL,0.003,12,0.00046775848293537824,28.083333333333332,-0.3923340310922334
C. elegans,AINL,0.01,12,0.00032759745460725175,32.5,-0.5056286136792832
C. elegans,AINL,0.03,12,0.00022956396678539917,37.5,-0.6172564115689266
C. elegans,AINL,0.05,12,0.00011755699860047709,40.583333333333336,-0.8622378081285228
C. elegans,AINL,0.1,12,0.00019218799007965872,44.916666666666664,-0.5059983030343751
C. elegans,AINL,0.2,12,3.7543175075105004e-05,49.0,-0.9655819359051987
C. elegans,AINR,1e-05,11,0.0010374067499808904,18.818181818181817,-0.07684816029344513
C. elegans,AINR,3e-05,11,0.0006112901035142218,19.818181818181817,-0.3986832888289208
C. elegans,AINR,0.0001,11,0.000564322381960811,21.636363636363637,-0.42932443330151177
C. elegans,AINR,0.0003,11,0.0006786066407255447,24.09090909090909,-0.30749111895165426
C. elegans,AINR,0.001,11,0.0008078343431352753,26.454545454545453,0.018622706833072645
C. elegans,AINR,0.003,11,0.00043712957748105323,30.181818181818183,-0.4486479185158277
C. elegans,AINR,0.01,11,0.0002861960571266709,34.54545454545455,-0.5876682680488737
C. elegans,AINR,0.03,11,0.00033517258370313195,39.81818181818182,-0.33140384464353817
C. elegans,AINR,0.05,11,0.0004904196561342963,42.27272727272727,0.2596408268292927
C. elegans,AINR,0.1,11,0.0003965741795900713,46.0,0.252634477248767
C. elegans,AINR,0.2,11,0.00036331306552674477,51.27272727272727,0.4170408365029918
C. elegans,AIYL,1e-05,3,0.0007902370087198513,17.0,-0.29970650343658484
C. elegans,AIYL,3e-05,3,0.0001391408330007384,19.0,-0.7878885132937622
C. elegans,AIYL,0.0001,3,0.0015645969224250746,21.0,0.44987600539743283
C. elegans,AIYL,0.0003,3,0.0022703944057463417,23.333333333333332,1.6576779229630736
C. elegans,AIYL,0.001,3,0.0020326509934112565,25.0,1.9440906397915063
C. elegans,AIYL,0.003,3,0.001789379311832373,29.666666666666668,2.0375799821972405
C. elegans,AIYL,0.01,3,0.0014953500009102965,35.666666666666664,1.8083516168877307
C. elegans,AIYL,0.03,3,0.0009837860957466321,45.0,1.424208933663702
C. elegans,AIYL,0.05,3,0.0009054184352582473,47.333333333333336,1.5082996947142042
C. elegans,AIYL,0.1,3,0.0006427088913989156,53.0,1.1662278134277784
C. elegans,AIYL,0.2,3,0.0005366942477829939,57.666666666666664,1.1529000362657496
C. elegans,AIYR,1e-05,4,0.0006065663098412835,26.5,-0.46531151409519445
C. elegans,AIYR,3e-05,4,0.0006307334644311784,28.5,-0.3826556083417625
C. elegans,AIYR,0.0001,4,0.0006337719890907689,30.5,-0.3682810671194752
C. elegans,AIYR,0.0003,4,0.0004444239927484126,32.25,-0.5966053464078892
C. elegans,AIYR,0.001,4,0.00032714439505584397,35.0,-0.7370439315277382
C. elegans,AIYR,0.003,4,0.0002883438161334395,37.5,-0.7222033881116292
C. elegans,AIYR,0.01,4,9.254485266147196e-05,41.25,-0.9714011575010134
C. elegans,AIYR,0.03,4,1.7131909030483004e-05,44.5,-1.1922497291481942
C. elegans,AIYR,0.05,4,-0.0001036382861564783,46.75,-1.5277757994188692
C. elegans,AIYR,0.1,4,0.00011115602081650613,51.5,-0.806769643217278
C. elegans,AIYR,0.2,4,7.282717774567124e-05,56.25,-0.8158306328415466
C. elegans,AIZL,1e-05,15,0.00046553750042712175,16.466666666666665,-0.5924688539910059
C. elegans,AIZL,3e-05,15,0.0007211281230548552,18.133333333333333,-0.30814088260303846
C. elegans,AIZL,0.0001,15,0.0007892584542302982,19.666666666666668,-0.23161481917221358
C. elegans,AIZL,0.0003,15,0.0005609079742533218,21.2,-0.4527980378189678
C. elegans,AIZL,0.001,15,0.0006612335979707006,24.4,-0.21184038631527427
C. elegans,AIZL,0.003,15,0.0005276361435307611,28.133333333333333,-0.2822437817692548
C. elegans,AIZL,0.01,15,0.0002823780539579309,32.06666666666667,-0.5952338981823094
C. elegans,AIZL,0.03,15,0.0003430881973579182,36.333333333333336,-0.3099785239826975
C. elegans,AIZL,0.05,15,0.00015127882369537178,39.0,-0.760774724225262
C. elegans,AIZL,0.1,15,9.885121749115691e-05,42.8,-0.8524421379191344
C. elegans,AIZL,0.2,15,0.00011882292103795742,48.733333333333334,-0.6206168823577622
C. elegans,AIZR,1e-05,16,-1.7713723662382098e-05,11.625,-1.0281879131809464
C. elegans,AIZR,3e-05,16,0.0002482151157086978,12.9375,-0.6979756756894085
C. elegans,AIZR,0.0001,16,0.00027450627801484665,14.4375,-0.6840609435530332
C. elegans,AIZR,0.0003,16,0.00020118218677649537,16.0625,-0.8969037136272122
C. elegans,AIZR,0.001,16,-7.20592276257063e-05,19.1875,-1.3646103301564363
C. elegans,AIZR,0.003,16,0.00022251020765613055,23.0,-0.8432441618999286
C. elegans,AIZR,0.01,16,0.0006551245223426799,26.5,0.14338830528591248
C. elegans,AIZR,0.03,16,0.0004017595768238469,33.0625,-0.1511717436756149
C. elegans,AIZR,0.05,16,0.0004850877380061959,36.125,0.24359801613104648
C. elegans,AIZR,0.1,16,0.00044602684646789955,40.9375,0.4361909800428641
C. elegans,AIZR,0.2,16,0.00045468946747180046,46.25,0.8048578137405275
C. elegans,ALA,1e-05,2,0.0026764294868669883,19.0,1.400961743349266
C. elegans,ALA,3e-05,2,0.0022560845240137436,19.5,0.9571645788016481
C. elegans,ALA,0.0001,2,0.0017446499366192722,20.5,0.6081352459006769
C. elegans,ALA,0.0003,2,0.0021492022571458574,21.5,1.5080580654755464
C. elegans,ALA,0.001,2,0.0017766181045851806,23.5,1.5415951992647632
C. elegans,ALA,0.003,2,0.0015608530429669937,25.5,1.617414704093847
C. elegans,ALA,0.01,2,0.0014750857147547108,29.0,1.7681965705990033
C. elegans,ALA,0.03,2,0.0008358727037813176,31.0,1.0238493417104928
C. elegans,ALA,0.05,2,0.00044116612483818764,31.5,0.11144555079171158
C. elegans,ALA,0.1,2,-7.789208847752867e-05,35.5,-1.5084711285502603
C. elegans,ALA,0.2,2,0.0011021991033194746,42.0,3.552998738107599
C. elegans,AQR,1e-05,4,0.002607362280224234,25.75,1.338687926338335
C. elegans,AQR,3e-05,4,0.0020257815049138372,28.75,0.7673196635564599
C. elegans,AQR,0.0001,4,0.0015907648974451717,30.75,0.4728765859249089
C. elegans,AQR,0.0003,4,0.0013072261713945646,33.25,0.4685819656392327
C. elegans,AQR,0.001,4,0.0010539140632592771,37.25,0.4054713098002096
C. elegans,AQR,0.003,4,0.000830634233812384,41.5,0.2748443705033873
C. elegans,AQR,0.01,4,0.0007276154002359377,46.0,0.2870338566251042
C. elegans,AQR,0.03,4,0.0006134325447520083,50.75,0.4217669330813624
C. elegans,AQR,0.05,4,0.0004998284190452032,52.75,0.28795015166473176
C. elegans,AQR,0.1,4,0.00044500073773069996,57.75,0.4323823091828651
C. elegans,AQR,0.2,4,0.0002675200860806196,61.75,0.010479153852017064
C. elegans,ASEL,1e-05,14,0.0013080069103655278,20.785714285714285,0.16713600657873995
C. elegans,ASEL,3e-05,14,0.000992486767771334,22.142857142857142,-0.08445272120337739
C. elegans,ASEL,0.0001,14,0.0009622566327245784,23.642857142857142,-0.0795564909099603
C. elegans,ASEL,0.0003,14,0.001149753361391616,25.357142857142858,0.27417119181532945
C. elegans,ASEL,0.001,14,0.0011677192305950266,28.428571428571427,0.5843782509008055
C. elegans,ASEL,0.003,14,0.0009614250827083313,31.428571428571427,0.5153146397314596
C. elegans,ASEL,0.01,14,0.0006871166922591928,35.714285714285715,0.20678294223542595
C. elegans,ASEL,0.03,14,0.0006278281582082053,40.07142857142857,0.46073177495714523
C. elegans,ASEL,0.05,14,0.0006113904616145893,42.92857142857143,0.6236208591007438
C. elegans,ASEL,0.1,14,0.00039074448680566555,46.285714285714285,0.23099604827357936
C. elegans,ASEL,0.2,14,0.00029885460012087615,50.714285714285715,0.14346815604107677
C. elegans,ASER,1e-05,7,0.0016630686568009166,6.142857142857143,0.48727419226600727
C. elegans,ASER,3e-05,7,0.00124229689029796,7.714285714285714,0.12147241917823513
C. elegans,ASER,0.0001,7,0.0012677460362715634,9.714285714285714,0.18895620910510497
C. elegans,ASER,0.0003,7,0.001333418652711129,12.142857142857142,0.5009183452404226
C. elegans,ASER,0.001,7,0.001070885977135527,14.142857142857142,0.4321519365881358
C. elegans,ASER,0.003,7,0.0012347508262162677,17.428571428571427,1.0178476203118243
C. elegans,ASER,0.01,7,0.0012391661697570835,22.714285714285715,1.3007061207968034
C. elegans,ASER,0.03,7,0.000878701557088129,28.0,1.1397748979154358
C. elegans,ASER,0.05,7,0.0006552041309155416,30.571428571428573,0.7554485401910317
C. elegans,ASER,0.1,7,0.0002809840581407583,34.57142857142857,-0.17640848019572777
C. elegans,ASER,0.2,7,8.298853593299915e-05,42.57142857142857,-0.7727041019982009
C. elegans,ASGL,1e-05,15,0.0008628586587084171,30.533333333333335,-0.23422785499765517
C. elegans,ASGL,3e-05,15,0.0007633161145179485,32.13333333333333,-0.2733641971085193
C. elegans,ASGL,0.0001,15,0.0006801024118405282,33.733333333333334,-0.3275585191000186
C. elegans,ASGL,0.0003,15,0.0005566886687243925,36.46666666666667,-0.4580070542381404
C. elegans,ASGL,0.001,15,0.0003469641695731331,38.86666666666667,-0.705886337235639
C. elegans,ASGL,0.003,15,0.0003301425038982767,41.93333333333333,-0.6453528914213981
C. elegans,ASGL,0.01,15,0.00024689472037142023,44.666666666666664,-0.6655465108105095
C. elegans,ASGL,0.03,15,0.00018087428500811542,48.46666666666667,-0.749045567842593
C. elegans,ASGL,0.05,15,0.00019739301660485123,50.8,-0.6220251692667429
C. elegans,ASGL,0.1,15,0.0001644671726392753,54.2,-0.6088913647275093
C. elegans,ASGL,0.2,15,0.0001211739052086031,57.53333333333333,-0.6106389060401859
C. elegans,ASGR,1e-05,12,0.0010324519366600217,33.0,-0.08131562253877789
C. elegans,ASGR,3e-05,12,0.001030852779825938,34.916666666666664,-0.0528265951748579
C. elegans,ASGR,0.0001,12,0.0008582417298183759,37.333333333333336,-0.17098133935598409
C. elegans,ASGR,0.0003,12,0.0008130486438712191,39.0,-0.14151342498977743
C. elegans,ASGR,0.001,12,0.0006959342434584369,41.25,-0.1572893805589923
C. elegans,ASGR,0.003,12,0.0005528036111562323,44.0,-0.23597121937843615
C. elegans,ASGR,0.01,12,0.0004507303444393136,47.333333333333336,-0.261632508763032
C. elegans,ASGR,0.03,12,0.0003568864193544106,50.666666666666664,-0.2726306513202213
C. elegans,ASGR,0.05,12,0.00030138249021737217,52.583333333333336,-0.30913899965664937
C. elegans,ASGR,0.1,12,0.000231849121771787,55.5,-0.35878564313377914
C. elegans,ASGR,0.2,12,0.0001505485127800713,58.333333333333336,-0.48596807994708163
C. elegans,ASHL,1e-05,7,0.003005061327737416,19.571428571428573,1.697269645711455
C. elegans,ASHL,3e-05,7,0.0027493114659701144,21.714285714285715,1.363744689467634
C. elegans,ASHL,0.0001,7,0.002392439475624486,24.285714285714285,1.1775157747839058
C. elegans,ASHL,0.0003,7,0.002311007183225927,27.571428571428573,1.7078171279267516
C. elegans,ASHL,0.001,7,0.001854973708306876,30.0,1.6647738009760709
C. elegans,ASHL,0.003,7,0.0015928062244986506,31.857142857142858,1.6761633874342536
C. elegans,ASHL,0.01,7,0.001095212346489167,35.42857142857143,1.015451935557757
C. elegans,ASHL,0.03,7,0.0007605726579812523,39.142857142857146,0.8200334788598759
C. elegans,ASHL,0.05,7,0.0006849213818298452,41.42857142857143,0.8448625595807688
C. elegans,ASHL,0.1,7,0.0005674806145831793,45.285714285714285,0.8869983951713927
C. elegans,ASHL,0.2,7,0.00047346413603653094,50.857142857142854,0.8845406974656765
C. elegans,ASIL,1e-05,5,0.0029230879391040914,8.6,1.623359087406675
C. elegans,ASIL,3e-05,5,0.0015083122482567623,10.6,0.34075596692755666
C. elegans,ASIL,0.0001,5,0.0009192781339688729,12.4,-0.11733283473562654
C. elegans,ASIL,0.0003,5,0.0010296591502444708,13.6,0.1259068119490494
C. elegans,ASIL,0.001,5,0.001089435448543849,15.8,0.4613125561486271
C. elegans,ASIL,0.003,5,0.0006189411106766659,18.0,-0.11437171566695771
C. elegans,ASIL,0.01,5,2.5076702764859332e-05,22.0,-1.1050938354129132
C. elegans,ASIL,0.03,5,0.0002663457548842638,26.8,-0.5176985454493797
C. elegans,ASIL,0.05,5,0.00021049233295643844,30.6,-0.5826116134963684
C. elegans,ASIL,0.1,5,0.0001865779790949645,36.2,-0.5268213255728951
C. elegans,ASIL,0.2,5,-9.968933006692521e-06,43.0,-1.1672313962280652
C. elegans,ASIR,1e-05,6,0.0037140642570423245,13.666666666666666,2.336535671165805
C. elegans,ASIR,3e-05,6,0.004214381209672252,15.666666666666666,2.571440717111829
C. elegans,ASIR,0.0001,6,0.002782322826497888,17.833333333333332,1.52020730522135
C. elegans,ASIR,0.0003,6,0.002857948092031998,20.166666666666668,2.3830524610293113
C. elegans,ASIR,0.001,6,0.001862940006835143,23.833333333333332,1.6772971875230256
C. elegans,ASIR,0.003,6,0.0022970550718076285,26.0,2.97098570371633
C. elegans,ASIR,0.01,6,0.002181223247449908,29.166666666666668,3.167455596743757
C. elegans,ASIR,0.03,6,0.0016154390684580272,33.666666666666664,3.1339143433676977
C. elegans,ASIR,0.05,6,0.0012939271281073854,36.333333333333336,2.677254518148898
C. elegans,ASIR,0.1,6,0.0007623149117585291,41.666666666666664,1.6101768296571406
C. elegans,ASIR,0.2,6,0.00035459964027965827,47.5,0.38005957910195926
C. elegans,ASKL,1e-05,3,0.004383582509513635,7.666666666666667,2.940200697833719
C. elegans,ASKL,3e-05,3,0.004807997411433129,8.333333333333334,3.0607743695837346
C. elegans,ASKL,0.0001,3,0.004062515419225986,12.0,2.645444271287962
C. elegans,ASKL,0.0003,3,0.002214935393397889,16.0,1.589210042660625
C. elegans,ASKL,0.001,3,0.0020237928142285764,19.333333333333332,1.930165175962445
C. elegans,ASKL,0.003,3,0.0016908164769152613,22.666666666666668,1.8563636994949548
C. elegans,ASKL,0.01,3,0.001949943385817757,27.0,2.7091589916630197
C. elegans,ASKL,0.03,3,0.0015940083787228095,32.333333333333336,3.075907545716274
C. elegans,ASKL,0.05,3,0.0015193846213505911,36.0,3.3556167505957255
C. elegans,ASKL,0.1,3,0.0009473359724874592,41.333333333333336,2.2969308713463095
C. elegans,ASKL,0.2,3,0.00042743948728720294,47.666666666666664,0.6892042673103687
C. elegans,ASKR,1e-05,3,9.687662030699832e-05,11.666666666666666,-0.9248685745477914
C. elegans,ASKR,3e-05,3,-0.00019789034017016712,13.666666666666666,-1.0657122897934552
C. elegans,ASKR,0.0001,3,0.0006515646249302115,17.0,-0.3526420674220643
C. elegans,ASKR,0.0003,3,0.0008737810713668259,20.666666666666668,-0.066535159056732
C. elegans,ASKR,0.001,3,0.0007074448159341851,22.333333333333332,-0.13919423285908705
C. elegans,ASKR,0.003,3,0.0006090700293867379,25.0,-0.13252055096696866
C. elegans,ASKR,0.01,3,0.0004999230538412378,29.666666666666668,-0.16415384566402624
C. elegans,ASKR,0.03,3,0.00011431714127759333,37.0,-0.9291968749789447
C. elegans,ASKR,0.05,3,0.0002060326061768715,40.333333333333336,-0.5960301527108821
C. elegans,ASKR,0.1,3,-2.4520769222116077e-05,42.333333333333336,-1.310369522903123
C. elegans,ASKR,0.2,3,-1.4411739691981982e-05,47.333333333333336,-1.1860874227563991
C. elegans,AUAL,1e-05,16,0.002108076497512322,31.1875,0.8885114535936852
C. elegans,AUAL,3e-05,16,0.0018382938504483564,32.5,0.6127685942277608
C. elegans,AUAL,0.0001,16,0.0014113801807484549,34.875,0.31520475160786426
C. elegans,AUAL,0.0003,16,0.0012581809495395293,36.625,0.40803234102134534
C. elegans,AUAL,0.001,16,0.001072073121647233,39.0625,0.43401818219196775
C. elegans,AUAL,0.003,16,0.0008695803480368267,41.75,0.3464501644254817
C. elegans,AUAL,0.01,16,0.0006972246002185988,45.4375,0.2268124418622986
C. elegans,AUAL,0.03,16,0.0005261080084133608,49.3125,0.185404185452382
C. elegans,AUAL,0.05,16,0.0004816342612612201,50.625,0.2332071075800592
C. elegans,AUAL,0.1,16,0.0003684937529426009,53.0625,0.14840663196168608
C. elegans,AUAL,0.2,16,0.00026941240650952435,57.375,0.01851048330996561
C. elegans,AUAR,1e-05,7,0.0018777555000822183,34.142857142857146,0.6808446266735603
C. elegans,AUAR,3e-05,7,0.001552153085831801,35.57142857142857,0.37689513751350867
C. elegans,AUAR,0.0001,7,0.0013487402075923348,36.57142857142857,0.2601467753712708
C. elegans,AUAR,0.0003,7,0.0011853218732951493,38.0,0.31808291170399566
C. elegans,AUAR,0.001,7,0.0008490950290794564,40.714285714285715,0.0834863969694603
C. elegans,AUAR,0.003,7,0.0007907683114404715,43.42857142857143,0.201547429878543
C. elegans,AUAR,0.01,7,0.0004187158002812006,46.57142857142857,-0.32507148177749406
C. elegans,AUAR,0.03,7,0.00029716177834488024,50.285714285714285,-0.43428831183641486
C. elegans,AUAR,0.05,7,0.00023625458731418506,51.857142857142854,-0.5050974882056549
C. elegans,AUAR,0.1,7,0.00012252068319812713,55.285714285714285,-0.7645867274331901
C. elegans,AUAR,0.2,7,0.00013567963136265043,58.714285714285715,-0.5490741393175835
C. elegans,AVAL,1e-05,16,0.0004121515169343828,40.375,-0.6406038391536666
C. elegans,AVAL,3e-05,16,0.00042709877926817163,41.625,-0.5505171053244885
C. elegans,AVAL,0.0001,16,0.0003913520770334516,43.4375,-0.5813582618376663
C. elegans,AVAL,0.0003,16,0.0003648003340980185,44.5625,-0.6949061076162755
C. elegans,AVAL,0.001,16,0.00028497656726092827,46.0625,-0.8033336902465871
C. elegans,AVAL,0.003,16,0.00022070703037250605,47.625,-0.8465594590366884
C. elegans,AVAL,0.01,16,0.0001851061853799387,50.0625,-0.787984649694158
C. elegans,AVAL,0.03,16,0.0001582769899832516,52.9375,-0.8102100350702954
C. elegans,AVAL,0.05,16,0.00015976440945521196,54.6875,-0.7352430782512923
C. elegans,AVAL,0.1,16,0.00011674489931455362,57.5625,-0.7860250594281545
C. elegans,AVAL,0.2,16,0.00011011454787211268,60.0,-0.6575766978675162
C. elegans,AVAR,1e-05,14,0.0004048208418168001,40.285714285714285,-0.6472134755213309
C. elegans,AVAR,3e-05,14,0.0004259867535737508,41.57142857142857,-0.5514337777351797
C. elegans,AVAR,0.0001,14,0.000369945432079304,42.785714285714285,-0.6001738278382003
C. elegans,AVAR,0.0003,14,0.0003495390516846096,44.92857142857143,-0.7137471870602786
C. elegans,AVAR,0.001,14,0.0002806406866030946,46.785714285714285,-0.8101498934439492
C. elegans,AVAR,0.003,14,0.0002105955207432129,48.57142857142857,-0.865150342599137
C. elegans,AVAR,0.01,14,0.00023704433288310655,50.92857142857143,-0.68506571629933
C. elegans,AVAR,0.03,14,0.00019735147043928154,54.42857142857143,-0.7044465011312708
C. elegans,AVAR,0.05,14,0.00017932629798411725,55.642857142857146,-0.6763847711599885
C. elegans,AVAR,0.1,14,0.0001566673894303584,57.857142857142854,-0.6378422994044578
C. elegans,AVAR,0.2,14,0.00011465623023344796,59.92857142857143,-0.6383010261683265
C. elegans,AVBL,1e-05,4,0.0012023157444275398,32.75,0.07184053066152078
C. elegans,AVBL,3e-05,4,0.000934809725775713,34.25,-0.13199744376952763
C. elegans,AVBL,0.0001,4,0.0009998690108247463,35.5,-0.04649674782099823
C. elegans,AVBL,0.0003,4,0.0009286911475625665,37.25,0.0012550226498339117
C. elegans,AVBL,0.001,4,0.0005231322082422996,40.0,-0.4289421030163947
C. elegans,AVBL,0.003,4,0.00029693519621639135,42.5,-0.7064073939803293
C. elegans,AVBL,0.01,4,0.00016109295877689433,46.0,-0.8355684736879364
C. elegans,AVBL,0.03,4,0.00015749151966405503,49.5,-0.8123360804020031
C. elegans,AVBL,0.05,4,5.2366120603830145e-05,51.5,-1.0583857777383414
C. elegans,AVBL,0.1,4,0.00019406797474973782,54.5,-0.4990202483988434
C. elegans,AVBL,0.2,4,0.00012370774910855484,56.75,-0.5998848419584996
C. elegans,AVBR,1e-05,2,0.0005718407786631121,27.5,-0.49662147260245204
C. elegans,AVBR,3e-05,2,0.0004727800961108807,30.0,-0.5128607786372096
C. elegans,AVBR,0.0001,2,0.0005077478921789849,30.5,-0.47905109755537173
C. elegans,AVBR,0.0003,2,0.0004168178984995742,33.0,-0.6306869262379042
C. elegans,AVBR,0.001,2,0.0002696561415601081,36.0,-0.8274181019008168
C. elegans,AVBR,0.003,2,-7.72169692413431e-05,38.0,-1.394318457478867
C. elegans,AVBR,0.01,2,-0.0004682985438309959,41.0,-2.0827500781573933
C. elegans,AVBR,0.03,2,-0.0001700841887219107,44.0,-1.6989905962685763
C. elegans,AVBR,0.05,2,0.00017937030414710205,46.0,-0.6762523642990128
C. elegans,AVBR,0.1,2,0.00026204120016343923,46.5,-0.24671985029497867
C. elegans,AVBR,0.2,2,0.00024216469615687141,49.5,-0.09713342956771308
C. elegans,AVDL,1e-05,16,0.0005231878468217286,18.5625,-0.5404889449067407
C. elegans,AVDL,3e-05,16,0.0004633379164504388,20.25,-0.5206442189254535
C. elegans,AVDL,0.0001,16,0.00029744373742559985,22.5625,-0.6638998542112877
C. elegans,AVDL,0.0003,16,0.00010639786045412713,24.75,-1.0139213386150683
C. elegans,AVDL,0.001,16,5.842529790512943e-06,27.625,-1.2421451956465168
C. elegans,AVDL,0.003,16,0.00020147704830597525,30.6875,-0.8819154415371808
C. elegans,AVDL,0.01,16,0.0003633188362118185,33.75,-0.4348442928887235
C. elegans,AVDL,0.03,16,0.0003467944469261379,38.6875,-0.2999467577910524
C. elegans,AVDL,0.05,16,0.00036117588899301135,41.75,-0.12923110262671397
C. elegans,AVDL,0.1,16,0.00043227270740186466,45.75,0.385138896802497
C. elegans,AVDL,0.2,16,0.0003489769689704196,49.8125,0.3561960066178914
C. elegans,AVDR,1e-05,12,-0.0008223084109398284,16.0,-1.7536433754620357
C. elegans,AVDR,3e-05,12,-0.0006122066835080366,17.583333333333332,-1.4072442913845977
C. elegans,AVDR,0.0001,12,-0.0004627654945014359,20.083333333333332,-1.33209269845085
C. elegans,AVDR,0.0003,12,-0.0003640676368128809,21.75,-1.5947426332843755
C. elegans,AVDR,0.001,12,-0.0002425670793416814,24.5,-1.6326564909616195
C. elegans,AVDR,0.003,12,-0.00012956853257238272,27.583333333333332,-1.4905713271176362
C. elegans,AVDR,0.01,12,-0.0001753168065007798,31.416666666666668,-1.5021870554128802
C. elegans,AVDR,0.03,12,0.0001330273803076324,35.916666666666664,-0.8785535656485087
C. elegans,AVDR,0.05,12,7.06948823241815e-05,38.333333333333336,-1.0032377339108907
C. elegans,AVDR,0.1,12,0.00012937614041689776,43.0,-0.7391409055679943
C. elegans,AVDR,0.2,12,3.652903421061265e-05,48.0,-0.9698861220647388
C. elegans,AVEL,1e-05,12,0.0004054640427990888,42.583333333333336,-0.6466335392213226
C. elegans,AVEL,3e-05,12,0.00039587353728860785,44.083333333333336,-0.5762569043088396
C. elegans,AVEL,0.0001,12,0.0003742178448180211,45.833333333333336,-0.5964185516592828
C. elegans,AVEL,0.0003,12,0.0003005375268824978,47.5,-0.7742428647277526
C. elegans,AVEL,0.001,12,0.00031074302794873826,49.5,-0.7628276326345899
C. elegans,AVEL,0.003,12,0.00030000611920242155,51.666666666666664,-0.7007612369023455
C. elegans,AVEL,0.01,12,0.00020110927393525782,54.25,-0.7562734531206575
C. elegans,AVEL,0.03,12,0.0001884114659377389,56.333333333333336,-0.7286445572149065
C. elegans,AVEL,0.05,12,0.00016457875516110408,57.5,-0.7207575526036848
C. elegans,AVEL,0.1,12,0.0001667325320107337,59.416666666666664,-0.6004828911294318
C. elegans,AVEL,0.2,12,0.0001489869061736045,61.583333333333336,-0.4925958037451611
C. elegans,AVER,1e-05,14,0.0006227486272107084,39.642857142857146,-0.4507208752137233
C. elegans,AVER,3e-05,14,0.0005592884896348855,40.857142857142854,-0.4415496047726688
C. elegans,AVER,0.0001,14,0.0004952827811291862,42.42857142857143,-0.49000742070474174
C. elegans,AVER,0.0003,14,0.0004849599551663454,44.42857142857143,-0.5465609748035506
C. elegans,AVER,0.001,14,0.00040824783923880983,46.357142857142854,-0.6095455986208513
C. elegans,AVER,0.003,14,0.0002962063768517939,48.57142857142857,-0.7077473913142621
C. elegans,AVER,0.01,14,0.00020477161032785336,50.5,-0.7490162871765698
C. elegans,AVER,0.03,14,0.00021770987832511732,53.142857142857146,-0.6493420662610223
C. elegans,AVER,0.05,14,0.00020792887168605859,54.285714285714285,-0.5903246208803811
C. elegans,AVER,0.1,14,0.00016050951263297443,56.357142857142854,-0.6235812545932943
C. elegans,AVER,0.2,14,9.959581559028693e-05,58.714285714285715,-0.702219985095672
C. elegans,AVHL,1e-05,6,0.0020576555152198484,19.0,0.8430498347239102
C. elegans,AVHL,3e-05,6,0.0012532307875755002,20.333333333333332,0.13048552204621677
C. elegans,AVHL,0.0001,6,0.0007446221306565002,22.5,-0.270848323255779
C. elegans,AVHL,0.0003,6,0.0012576200923576676,23.333333333333332,0.4073399251133014
C. elegans,AVHL,0.001,6,0.0010527921575660256,26.5,0.40370762261023513
C. elegans,AVHL,0.003,6,0.0008251650239452946,28.666666666666668,0.26478875590721535
C. elegans,AVHL,0.01,6,0.0009229196235457537,32.0,0.6740423141240088
C. elegans,AVHL,0.03,6,0.0006079949028753679,36.333333333333336,0.4070487790724954
C. elegans,AVHL,0.05,6,0.0005974624551604107,38.666666666666664,0.581713919500389
C. elegans,AVHL,0.1,6,0.0005275968477238413,43.333333333333336,0.7389593666384852
C. elegans,AVHL,0.2,6,0.0003975217377076918,49.166666666666664,0.5622282542402528
C. elegans,AVJL,1e-05,17,0.0019135754422257266,18.41176470588235,0.7131413508472311
C. elegans,AVJL,3e-05,17,0.0016303382446772846,19.764705882352942,0.4413452472535526
C. elegans,AVJL,0.0001,17,0.0014062731249255991,21.88235294117647,0.3107158582708103
C. elegans,AVJL,0.0003,17,0.0012526400095861346,24.41176470588235,0.40119167802669203
C. elegans,AVJL,0.001,17,0.0011156689631739909,27.41176470588235,0.5025528439727294
C. elegans,AVJL,0.003,17,0.001005227304695151,30.352941176470587,0.5958488070900502
C. elegans,AVJL,0.01,17,0.0009449209557100711,34.1764705882353,0.7176394339380869
C. elegans,AVJL,0.03,17,0.000708097277903007,38.529411764705884,0.6779975112130624
C. elegans,AVJL,0.05,17,0.0005820001799025459,40.705882352941174,0.5351906329520119
C. elegans,AVJL,0.1,17,0.00031596834986250493,45.0,-0.04655513463123668
C. elegans,AVJL,0.2,17,0.0003587373685681875,49.11764705882353,0.3976208010731695
C. elegans,AVJR,1e-05,14,-0.0003508764436817545,12.857142857142858,-1.3285810414084211
C. elegans,AVJR,3e-05,14,-0.0006324500574153518,14.428571428571429,-1.4239314438966704
C. elegans,AVJR,0.0001,14,-0.0006985952376780686,16.785714285714285,-1.5393774040706893
C. elegans,AVJR,0.0003,14,-0.0006419472469666006,17.857142857142858,-1.9378036991208054
C. elegans,AVJR,0.001,14,-0.0004450251410884148,20.357142857142858,-1.9509298468752712
C. elegans,AVJR,0.003,14,-4.0844098507404284e-05,23.428571428571427,-1.3274437939085846
C. elegans,AVJR,0.01,14,-8.434157691916028e-05,27.642857142857142,-1.3219135176761172
C. elegans,AVJR,0.03,14,-0.00019405836651294067,32.57142857142857,-1.7638818945499466
C. elegans,AVJR,0.05,14,-0.00031746781066662605,35.42857142857143,-2.1711515041832032
C. elegans,AVJR,0.1,14,-2.998808940946427e-05,40.785714285714285,-1.3306629112399841
C. elegans,AVJR,0.2,14,0.00013560066743558097,46.0,-0.5494092756422256
C. elegans,AVKL,1e-05,2,9.779020490966286e-05,25.0,-0.9240448493222352
C. elegans,AVKL,3e-05,2,-0.0002661996741928056,26.0,-1.1220214939830773
C. elegans,AVKL,0.0001,2,0.00023295557599252594,29.0,-0.7205823124057463
C. elegans,AVKL,0.0003,2,-5.9311570569096156e-05,30.5,-1.2185007749923091
C. elegans,AVKL,0.001,2,-5.9311570569096156e-05,30.5,-1.344570428774198
C. elegans,AVKL,0.003,2,6.201405692951187e-05,33.0,-1.1383301935381493
C. elegans,AVKL,0.01,2,0.00021468987294831704,36.0,-0.7293625825471227
C. elegans,AVKL,0.03,2,0.0004158052112413966,39.5,-0.11315419577533546
C. elegans,AVKL,0.05,2,0.00040287876983224197,40.0,-0.003754415475544997
C. elegans,AVKL,0.1,2,0.00045531422210750335,43.5,0.47066350296568915
C. elegans,AVKL,0.2,2,0.00038448847177600156,49.5,0.5069128589131273
C. elegans,AVKR,1e-05,2,0.00016849779084574643,21.5,-0.8602919992809158
C. elegans,AVKR,3e-05,2,0.0002672631358368688,22.0,-0.6822738851486057
C. elegans,AVKR,0.0001,2,0.00048703750178574415,25.0,-0.49725468425359204
C. elegans,AVKR,0.0003,2,0.0002895832209672686,26.5,-0.7877666920452658
C. elegans,AVKR,0.001,2,0.0008024077135770804,30.5,0.010091796352720983
C. elegans,AVKR,0.003,2,0.0007969414833090512,32.5,0.21289733940019095
C. elegans,AVKR,0.01,2,0.00043433758168891646,37.5,-0.2941158709692493
C. elegans,AVKR,0.03,2,0.0003190201379653307,40.5,-0.37512393312713477
C. elegans,AVKR,0.05,2,0.0005781705236189142,41.5,0.5236678658498954
C. elegans,AVKR,0.1,2,0.0004900499290627032,46.0,0.5995941611752607
C. elegans,AVKR,0.2,2,0.0001243872266214706,53.0,-0.5970010239316274
C. elegans,AVL,1e-05,5,-0.00029418098345401723,23.6,-1.2774620967284278
C. elegans,AVL,3e-05,5,-0.0002775751152781711,25.2,-1.131398573177124
C. elegans,AVL,0.0001,5,9.116299667033152e-05,26.8,-0.8452121944044095
C. elegans,AVL,0.0003,5,0.00035670247449698535,28.6,-0.704903459866005
C. elegans,AVL,0.001,5,0.0004424645579375608,31.4,-0.5557553479652458
C. elegans,AVL,0.003,5,0.0004666540793307459,35.2,-0.3943645724824317
C. elegans,AVL,0.01,5,0.0003729903095014881,38.8,-0.41567961792089464
C. elegans,AVL,0.03,5,0.0006215557587016439,43.2,0.4437541688482724
C. elegans,AVL,0.05,5,0.0004979456827772105,45.8,0.2822853269587886
C. elegans,AVL,0.1,5,0.00034425914987462077,48.8,0.05845356640202164
C. elegans,AVL,0.2,5,0.00031859631745325323,52.0,0.22725535906450042
C. elegans,AWAL,1e-05,11,0.0017595420490637231,25.272727272727273,0.5742585466105018
C. elegans,AWAL,3e-05,11,0.001428773754337405,27.181818181818183,0.27519026702546423
C. elegans,AWAL,0.0001,11,0.0014963556823916402,28.636363636363637,0.38989474450588957
C. elegans,AWAL,0.0003,11,0.0012218856285843962,30.636363636363637,0.36322332648136074
C. elegans,AWAL,0.001,11,0.0010346823193418295,32.72727272727273,0.37523812657268746
C. elegans,AWAL,0.003,11,0.0009364499845695887,35.54545454545455,0.4693957652527189
C. elegans,AWAL,0.01,11,0.0007029896169615724,38.36363636363637,0.23823621037760784
C. elegans,AWAL,0.03,11,0.0005726299044748807,43.27272727272727,0.3113257607513067
C. elegans,AWAL,0.05,11,0.00046304464087317795,45.81818181818182,0.17727418556726923
C. elegans,AWAL,0.1,11,0.0004318047009233533,49.45454545454545,0.3834017683945842
C. elegans,AWAL,0.2,11,0.0004182975548911142,52.36363636363637,0.6504043527537322
C. elegans,AWAR,1e-05,10,0.0012595393204138739,16.0,0.12343564609910028
C. elegans,AWAR,3e-05,10,0.0018441391375350435,17.0,0.6175870201254886
C. elegans,AWAR,0.0001,10,0.0011903299177906184,18.6,0.12091060504601817
C. elegans,AWAR,0.0003,10,0.001202245945789006,20.1,0.33897681732313645
C. elegans,AWAR,0.001,10,0.0008921329433079657,21.8,0.1511439714560073
C. elegans,AWAR,0.003,10,0.0009709458830681375,24.7,0.5328194532953714
C. elegans,AWAR,0.01,10,0.0006880131601828454,28.3,0.20855935373565088
C. elegans,AWAR,0.03,10,0.0006112926682080423,32.5,0.41597489431739876
C. elegans,AWAR,0.05,10,0.000619225681164734,34.4,0.6471956667032293
C. elegans,AWAR,0.1,10,0.0005646532057034433,40.2,0.8765037278723479
C. elegans,AWAR,0.2,10,0.0003011161228029708,45.7,0.1530664425992566
C. elegans,AWBL,1e-05,18,0.001977333659896231,20.38888888888889,0.7706283663666668
C. elegans,AWBL,3e-05,18,0.0017655800601212213,22.11111111111111,0.552828679346215
C. elegans,AWBL,0.0001,18,0.001904538494484466,24.22222222222222,0.7486707534352129
C. elegans,AWBL,0.0003,18,0.0015803400951521858,26.444444444444443,0.8057594711324503
C. elegans,AWBL,0.001,18,0.001312624424193371,29.166666666666668,0.8121758592447794
C. elegans,AWBL,0.003,18,0.0011377290655842844,31.61111111111111,0.8394647357514846
C. elegans,AWBL,0.01,18,0.000898655103269274,35.166666666666664,0.625960534810641
C. elegans,AWBL,0.03,18,0.0006744858942060357,39.22222222222222,0.5870210304285655
C. elegans,AWBL,0.05,18,0.0004816626953181856,41.94444444444444,0.23329266069290178
C. elegans,AWBL,0.1,18,0.00041220003782380473,45.0,0.31063393555151847
C. elegans,AWBL,0.2,18,0.00024371807557064086,49.44444444444444,-0.09054062337346919
C. elegans,AWBR,1e-05,10,3.784625682008908e-06,12.5,-1.0088041225488096
C. elegans,AWBR,3e-05,10,0.0009114629842567603,13.9,-0.15124278489549067
C. elegans,AWBR,0.0001,10,0.0005075821610091412,16.1,-0.4791967684800411
C. elegans,AWBR,0.0003,10,0.001187618882275346,17.5,0.32091872376140496
C. elegans,AWBR,0.001,10,0.0008948837598457069,19.4,0.15546838118025377
C. elegans,AWBR,0.003,10,0.0005543375273275372,23.3,-0.23315098204684398
C. elegans,AWBR,0.01,10,0.0006044141690697639,27.4,0.04290232875767524
C. elegans,AWBR,0.03,10,0.0005450377453684064,31.6,0.2366416133986009
C. elegans,AWBR,0.05,10,0.00043756766104875646,34.5,0.10061840153859547
C. elegans,AWBR,0.1,10,0.0003892542112184722,39.5,0.22546450079080296
C. elegans,AWBR,0.2,10,0.0002737789996100635,46.0,0.0370430464338194
C. elegans,AWCL,1e-05,17,0.0016475084681170581,19.647058823529413,0.4732444900403735
C. elegans,AWCL,3e-05,17,0.0013777698764650566,21.235294117647058,0.23314641145772
C. elegans,AWCL,0.0001,17,0.0012274924277739714,23.58823529411765,0.1535749324469265
C. elegans,AWCL,0.0003,17,0.0010251659019632413,25.705882352941178,0.12035959477980987
C. elegans,AWCL,0.001,17,0.0011355058291186004,28.58823529411765,0.5337373067722304
C. elegans,AWCL,0.003,17,0.0009247570171901617,31.352941176470587,0.44789723506087914
C. elegans,AWCL,0.01,17,0.0007184326131268589,35.705882352941174,0.26883754620027583
C. elegans,AWCL,0.03,17,0.0005964420848606262,40.411764705882355,0.37577857801202413
C. elegans,AWCL,0.05,17,0.0005013198835378118,42.76470588235294,0.2924377079143249
C. elegans,AWCL,0.1,17,0.0004199869948371541,46.23529411764706,0.3395372624501373
C. elegans,AWCL,0.2,17,0.00032493321902382215,50.23529411764706,0.2541502461451665
C. elegans,AWCR,1e-05,10,0.001747150952297806,20.5,0.5630862272121406
C. elegans,AWCR,3e-05,10,0.002001238997383087,22.4,0.7470886206448666
C. elegans,AWCR,0.0001,10,0.001706215504105968,23.9,0.5743529505808759
C. elegans,AWCR,0.0003,10,0.0014838154675783238,26.1,0.6865933272162581
C. elegans,AWCR,0.001,10,0.0013595394516723082,28.4,0.8859284335294308
C. elegans,AWCR,0.003,10,0.0009663515552268168,30.9,0.5243723848479196
C. elegans,AWCR,0.01,10,0.0007995287498621691,35.3,0.4295349968502088
C. elegans,AWCR,0.03,10,0.0008261253649451941,38.9,0.997466060607892
C. elegans,AWCR,0.05,10,0.0007119119169041289,41.4,0.9260723670905808
C. elegans,AWCR,0.1,10,0.0006908865570155645,46.0,1.3450518156847795
C. elegans,AWCR,0.2,10,0.00048354970943873096,50.7,0.9273455848030044
C. elegans,BAGL,1e-05,7,0.0011263565859530634,34.857142857142854,0.0033526481326841516
C. elegans,BAGL,3e-05,7,0.0010322626837189074,36.142857142857146,-0.051664373827909296
C. elegans,BAGL,0.0001,7,0.0007653586097397342,38.142857142857146,-0.2526218056653293
C. elegans,BAGL,0.0003,7,0.0006714518631012985,40.0,-0.31632417307980243
C. elegans,BAGL,0.001,7,0.00039306205714724935,42.714285714285715,-0.6334183443478185
C. elegans,BAGL,0.003,7,0.0004287283298177443,44.57142857142857,-0.46409433777605325
C. elegans,BAGL,0.01,7,0.00021008365715877896,47.285714285714285,-0.7384901090153465
C. elegans,BAGL,0.03,7,0.00013057756447436435,50.285714285714285,-0.8851845221449811
C. elegans,BAGL,0.05,7,3.8130351561441955e-05,53.142857142857146,-1.1012187212314843
C. elegans,BAGL,0.1,7,3.443278527702496e-05,56.57142857142857,-1.091547991642183
C. elegans,BAGL,0.2,7,5.898397240805558e-05,59.714285714285715,-0.8745835486385677
C. elegans,CEPDL,1e-05,18,0.0008632561510302246,27.0,-0.23386945967062933
C. elegans,CEPDL,3e-05,18,0.0006808713658284929,28.333333333333332,-0.34132560025699804
C. elegans,CEPDL,0.0001,18,0.0004386066603080239,29.5,-0.5398234144884009
C. elegans,CEPDL,0.0003,18,0.00033711181121396755,31.444444444444443,-0.7290894511396966
C. elegans,CEPDL,0.001,18,0.0003245362413890234,34.05555555555556,-0.7411440686777021
C. elegans,CEPDL,0.003,18,0.0001733079777399811,36.94444444444444,-0.9337067101166684
C. elegans,CEPDL,0.01,18,7.985070369760286e-05,39.888888888888886,-0.9965554676665194
C. elegans,CEPDL,0.03,18,7.118144119194011e-05,43.611111111111114,-1.0459529783678647
C. elegans,CEPDL,0.05,18,6.701009659661999e-06,45.72222222222222,-1.1957841234726387
C. elegans,CEPDL,0.1,18,-3.516434435557914e-05,48.55555555555556,-1.3498759348333684
C. elegans,CEPDL,0.2,18,3.660725827323137e-05,53.111111111111114,-0.9695541258505491
C. elegans,CEPDR,1e-05,17,0.0011259836190890672,24.058823529411764,0.0030163659610339256
C. elegans,CEPDR,3e-05,17,0.0011644607290828256,25.823529411764707,0.05730999748419826
C. elegans,CEPDR,0.0001,17,0.0013615762280508852,27.58823529411765,0.2714291127314401
C. elegans,CEPDR,0.0003,17,0.001120207321584824,29.823529411764707,0.2376946187347913
C. elegans,CEPDR,0.001,17,0.001023252179668995,32.0,0.35726942292686437
C. elegans,CEPDR,0.003,17,0.0010029339776218467,34.88235294117647,0.5916323272414923
C. elegans,CEPDR,0.01,17,0.0008211836642647272,37.94117647058823,0.4724456665642498
C. elegans,CEPDR,0.03,17,0.0005054462712278823,42.705882352941174,0.1294787242165094
C. elegans,CEPDR,0.05,17,0.00045286778583567683,44.705882352941174,0.14665380563126085
C. elegans,CEPDR,0.1,17,0.0002848565196551652,47.705882352941174,-0.1620348268082306
C. elegans,CEPDR,0.2,17,0.00017370249982990823,51.588235294117645,-0.38769862440357983
C. elegans,CEPVL,1e-05,15,0.0011728862471281991,28.4,0.04530569280392097
C. elegans,CEPVL,3e-05,15,0.001098627777430811,29.466666666666665,0.0030421412677950135
C. elegans,CEPVL,0.0001,15,0.0010945239086161275,31.466666666666665,0.03670103868325528
C. elegans,CEPVL,0.0003,15,0.0009914272024866178,33.6,0.07870690138506017
C. elegans,CEPVL,0.001,15,0.0009615344967942231,36.2,0.2602463956475611
C. elegans,CEPVL,0.003,15,0.0007706057450350357,38.86666666666667,0.16447681054414803
C. elegans,CEPVL,0.01,15,0.000670552528791934,41.666666666666664,0.1739599379778353
C. elegans,CEPVL,0.03,15,0.000493239938075141,45.4,0.09643964306676206
C. elegans,CEPVL,0.05,15,0.0004338784696913574,47.8,0.0895182688744344
C. elegans,CEPVL,0.1,15,0.00031729308950750266,51.13333333333333,-0.04163801707821956
C. elegans,CEPVL,0.2,15,0.00017554182941120856,53.86666666666667,-0.3798921971074778
C. elegans,CEPVR,1e-05,11,0.00121598723024339,23.363636363636363,0.084167301170244
C. elegans,CEPVR,3e-05,11,0.00103996854394299,24.818181818181817,-0.045312227916623475
C. elegans,CEPVR,0.0001,11,0.0008084063159221472,27.0,-0.21478463134017425
C. elegans,CEPVR,0.0003,11,0.0006242369611622874,29.0,-0.37461414467433357
C. elegans,CEPVR,0.001,11,0.0004717759178666557,32.09090909090909,-0.5096765462097682
C. elegans,CEPVR,0.003,11,0.00031520447507078585,35.27272727272727,-0.6728177472901845
C. elegans,CEPVR,0.01,11,0.0003437767277921919,38.0,-0.47356829540944073
C. elegans,CEPVR,0.03,11,0.00030410672634556817,41.90909090909091,-0.4154903077426159
C. elegans,CEPVR,0.05,11,0.00031329557394195934,44.27272727272727,-0.27329461074552386
C. elegans,CEPVR,0.1,11,0.0001972565047281189,48.0,-0.487185185725041
C. elegans,CEPVR,0.2,11,0.00011019357365704866,52.27272727272727,-0.6572412990075772
C. elegans,FLPL,1e-05,16,-0.00010018841829179825,16.25,-1.1025504694654413
C. elegans,FLPL,3e-05,16,2.457930710612834e-06,17.4375,-0.9005598716726059
C. elegans,FLPL,0.0001,16,0.00015149241897081782,19.625,-0.7921850979350513
C. elegans,FLPL,0.0003,16,0.00012254979648782942,21.4375,-0.9939806873813255
C. elegans,FLPL,0.001,16,0.00024416203230615154,24.5,-0.8674960105712871
C. elegans,FLPL,0.003,16,8.992252274438094e-05,27.3125,-1.0870180692963136
C. elegans,FLPL,0.01,16,0.0002181999959785935,31.8125,-0.7224070376205609
C. elegans,FLPL,0.03,16,3.0370001261946814e-05,36.0625,-1.156417968861941
C. elegans,FLPL,0.05,16,1.5792306345163054e-05,38.625,-1.168429999080063
C. elegans,FLPL,0.1,16,3.379834590886377e-05,41.875,-1.0939028792348435
C. elegans,FLPL,0.2,16,0.00011298603135300611,46.3125,-0.6453896340299925
C. elegans,FLPR,1e-05,9,0.0017280334334069235,10.0,0.5458490906464226
C. elegans,FLPR,3e-05,9,0.0019693301244295292,11.444444444444445,0.720785286432779
C. elegans,FLPR,0.0001,9,0.001926619488533832,12.666666666666666,0.7680790447290218
C. elegans,FLPR,0.0003,9,0.0005913563447671867,15.11111111111111,-0.415207476799789
C. elegans,FLPR,0.001,9,2.5600590016025917e-05,17.333333333333332,-1.2110846190507345
C. elegans,FLPR,0.003,9,-2.3352108988033187e-05,20.444444444444443,-1.2952832607782874
C. elegans,FLPR,0.01,9,-0.0004028865074787615,25.0,-1.9531317275578641
C. elegans,FLPR,0.03,9,-0.0003874908554799153,30.555555555555557,-2.287448769221253
C. elegans,FLPR,0.05,9,-0.00039536612413497316,35.111111111111114,-2.4055339284179458
C. elegans,FLPR,0.1,9,-0.0002245275877486401,40.22222222222222,-2.052747122768464
C. elegans,FLPR,0.2,9,-3.1055072736542375e-05,45.333333333333336,-1.2567245563609823
C. elegans,IL1DL,1e-05,15,-2.4142843680398222e-05,27.466666666666665,-1.0339846706148195
C. elegans,IL1DL,3e-05,15,6.965341574483737e-05,28.933333333333334,-0.8451688428834967
C. elegans,IL1DL,0.0001,15,0.00024851461369849407,30.4,-0.7069065541779388
C. elegans,IL1DL,0.0003,15,0.0001756946864479784,31.933333333333334,-0.9283697467894526
C. elegans,IL1DL,0.001,15,0.0002761689661169047,33.8,-0.817179643079841
C. elegans,IL1DL,0.003,15,0.0002835336014759236,35.93333333333333,-0.7310473831120586
C. elegans,IL1DL,0.01,15,0.00027163229555363707,39.13333333333333,-0.6165273413768511
C. elegans,IL1DL,0.03,15,0.0003470964279481462,42.86666666666667,-0.2991293808305051
C. elegans,IL1DL,0.05,15,0.0004056988300769272,44.86666666666667,0.00473065342014966
C. elegans,IL1DL,0.1,15,0.0004501866402853636,48.2,0.4516311423977996
C. elegans,IL1DL,0.2,15,0.0004435266959621472,52.4,0.7574811145893605
C. elegans,IL1DR,1e-05,16,0.0011284166448436478,31.0625,0.005210081444668994
C. elegans,IL1DR,3e-05,16,0.001049327352194857,32.625,-0.03759751290196328
C. elegans,IL1DR,0.0001,16,0.0009100962651647592,34.25,-0.12540332214092043
C. elegans,IL1DR,0.0003,16,0.000960576016945711,36.0,0.040619038126125544
C. elegans,IL1DR,0.001,16,0.0010418524105740238,38.375,0.3865098387435382
C. elegans,IL1DR,0.003,16,0.0008901531886640044,40.375,0.38427510834292233
C. elegans,IL1DR,0.01,16,0.0007078975976579936,43.125,0.24796170430992923
C. elegans,IL1DR,0.03,16,0.000633980442349253,46.75,0.4773842628459203
C. elegans,IL1DR,0.05,16,0.0006207846531615027,49.25,0.6518863412460767
C. elegans,IL1DR,0.1,16,0.00048425641837635246,52.0,0.5780900315170167
C. elegans,IL1DR,0.2,16,0.00028909104074723133,56.0,0.10202995096004353
C. elegans,IL1L,1e-05,15,0.00140346951397747,28.2,0.25320899255407153
C. elegans,IL1L,3e-05,15,0.001219191206214168,30.6,0.10242578811923579
C. elegans,IL1L,0.0001,15,0.001001635830288718,32.53333333333333,-0.04494378572410748
C. elegans,IL1L,0.0003,15,0.0008346702935591895,34.733333333333334,-0.1148200444175442
C. elegans,IL1L,0.001,15,0.0006465144992599472,37.266666666666666,-0.23497948436984392
C. elegans,IL1L,0.003,15,0.000491981677718571,39.46666666666667,-0.34779759585804865
C. elegans,IL1L,0.01,15,0.0005316922591386303,43.0,-0.10120102810715177
C. elegans,IL1L,0.03,15,0.000420432914602661,46.8,-0.10062831556409145
C. elegans,IL1L,0.05,15,0.0003843966726299329,49.4,-0.05936381899593779
C. elegans,IL1L,0.1,15,0.0003296641578879089,52.666666666666664,0.004280437700851048
C. elegans,IL1L,0.2,15,0.00017698094436626894,57.0,-0.37378434869269295
C. elegans,IL1R,1e-05,13,0.0010949644594126077,39.23076923076923,-0.024951776481966333
C. elegans,IL1R,3e-05,13,0.001059361263452285,40.30769230769231,-0.029326292491179972
C. elegans,IL1R,0.0001,13,0.0009234937311851454,41.84615384615385,-0.11362749707882233
C. elegans,IL1R,0.0003,13,0.0007908329432114081,43.53846153846154,-0.16894020143602984
C. elegans,IL1R,0.001,13,0.0007362165895396808,45.23076923076923,-0.09396368554472863
C. elegans,IL1R,0.003,13,0.0006676684973250612,47.69230769230769,-0.024782207799767204
C. elegans,IL1R,0.01,13,0.0005034544297427955,50.53846153846154,-0.15715618674324267
C. elegans,IL1R,0.03,13,0.00036894780132708184,53.76923076923077,-0.23998391189514742
C. elegans,IL1R,0.05,13,0.00027788385249337335,54.92307692307692,-0.37984229772231015
C. elegans,IL1R,0.1,13,0.00017553654497876422,57.46153846153846,-0.5678044951400317
C. elegans,IL1R,0.2,13,0.00011724731450399184,60.46153846153846,-0.6273040242271221
C. elegans,IL1VL,1e-05,11,-0.0003025418650186624,20.363636363636363,-1.2850006093441166
C. elegans,IL1VL,3e-05,11,-0.0003969896822153213,22.09090909090909,-1.2298351825964284
C. elegans,IL1VL,0.0001,11,-0.0003462986968696764,23.818181818181817,-1.2297231434642986
C. elegans,IL1VL,0.0003,11,-0.0002855400340349531,25.727272727272727,-1.4977950267591147
C. elegans,IL1VL,0.001,11,-0.0001592452810829394,27.636363636363637,-1.5016708037344824
C. elegans,IL1VL,0.003,11,-0.00013708402682662162,30.181818181818183,-1.5043892122522198
C. elegans,IL1VL,0.01,11,-2.4011229047422618e-05,33.36363636363637,-1.202364874669174
C. elegans,IL1VL,0.03,11,6.607662115464928e-05,38.27272727272727,-1.0597702780725702
C. elegans,IL1VL,0.05,11,0.00028005407094752147,40.54545454545455,-0.3733124893124156
C. elegans,IL1VL,0.1,11,0.00026754414510981364,44.45454545454545,-0.2262942313506987
C. elegans,IL1VL,0.2,11,0.00026542914694742956,50.18181818181818,0.0016048528622600825
C. elegans,IL1VR,1e-05,12,0.0011444850003630473,31.0,0.019697967663339998
C. elegans,IL1VR,3e-05,12,0.0011487061822744113,32.5,0.04432310475800135
C. elegans,IL1VR,0.0001,12,0.0010858237275380071,35.333333333333336,0.02905393510197911
C. elegans,IL1VR,0.0003,12,0.0008789988718048172,37.083333333333336,-0.06009343352462519
C. elegans,IL1VR,0.001,12,0.0007722991340727461,39.166666666666664,-0.03724027112812402
C. elegans,IL1VR,0.003,12,0.0005545608196102416,41.75,-0.232740439904242
C. elegans,IL1VR,0.01,12,0.0005254255411384382,45.5,-0.11361895141538296
C. elegans,IL1VR,0.03,12,0.0003822004718711162,48.916666666666664,-0.20411269225234374
C. elegans,IL1VR,0.05,12,0.0002856894656500508,50.333333333333336,-0.3563565705885121
C. elegans,IL1VR,0.1,12,0.00021651028986057882,52.916666666666664,-0.4157197281958367
C. elegans,IL1VR,0.2,12,0.00016814336472667024,56.0,-0.4112925384328188
C. elegans,IL2DL,1e-05,16,-0.0005969246963952172,7.5625,-1.5504282046300553
C. elegans,IL2DL,3e-05,16,-0.00072225827273877,8.625,-1.4979627487967584
C. elegans,IL2DL,0.0001,16,-0.0007355040988779548,10.5625,-1.5718187845578475
C. elegans,IL2DL,0.0003,16,-0.00036544040586203227,12.875,-1.5964374089927789
C. elegans,IL2DL,0.001,16,-0.00010913906685785328,15.5,-1.4229015375666767
C. elegans,IL2DL,0.003,16,7.631194722328322e-05,19.0625,-1.112042287638311
C. elegans,IL2DL,0.01,16,-1.4777558540565359e-06,23.25,-1.1577132816064692
C. elegans,IL2DL,0.03,16,0.00013748191552936018,29.125,-0.8664964024666222
C. elegans,IL2DL,0.05,16,8.295461237855114e-05,32.25,-0.9663503467176585
C. elegans,IL2DL,0.1,16,0.00018527781231855733,37.25,-0.5316472344994241
C. elegans,IL2DL,0.2,16,0.00014890742207468647,43.125,-0.4929331477675202
C. elegans,IL2DR,1e-05,16,0.00033810763494090414,8.5,-0.7073648301097788
C. elegans,IL2DR,3e-05,16,0.000344413449741398,10.375,-0.6186768256676299
C. elegans,IL2DR,0.0001,16,0.0010020999184489592,11.75,-0.04453587119907152
C. elegans,IL2DR,0.0003,16,0.0009881059709180241,13.875,0.07460661766441928
C. elegans,IL2DR,0.001,16,0.0009919688480000619,16.5625,0.308090591180038
C. elegans,IL2DR,0.003,16,0.0008989462980831572,18.8125,0.40044199927775964
C. elegans,IL2DR,0.01,16,0.0007128288154188006,23.0625,0.257733244048595
C. elegans,IL2DR,0.03,16,0.0005576484754124651,29.6875,0.27077528221376396
C. elegans,IL2DR,0.05,16,0.0003900221116166878,33.5,-0.0424378552825384
C. elegans,IL2DR,0.1,16,0.00022939385742630386,38.6875,-0.3678989986946697
C. elegans,IL2DR,0.2,16,0.0002099016454945777,43.875,-0.23406329896480027
C. elegans,IL2L,1e-05,15,0.0015340229800800606,16.733333333333334,0.370921334682916
C. elegans,IL2L,3e-05,15,0.0013153973511598432,18.133333333333333,0.1817310768847074
C. elegans,IL2L,0.0001,15,0.0012357109664891772,20.133333333333333,0.1607986920764773
C. elegans,IL2L,0.0003,15,0.0013105139413868703,22.666666666666668,0.4726409387936914
C. elegans,IL2L,0.001,15,0.0011452063448502518,25.533333333333335,0.5489869622780117
C. elegans,IL2L,0.003,15,0.001126502702516636,28.133333333333333,0.8188240978772154
C. elegans,IL2L,0.01,15,0.0009160706637798292,31.466666666666665,0.6604706395869059
C. elegans,IL2L,0.03,15,0.000879492727630423,35.86666666666667,1.141916372134028
C. elegans,IL2L,0.05,15,0.0006954816795089318,38.86666666666667,0.8766366514764887
C. elegans,IL2L,0.1,15,0.000544835967654159,43.13333333333333,0.8029468675244252
C. elegans,IL2L,0.2,15,0.0003354120454380241,47.333333333333336,0.2986241660900144
C. elegans,IL2R,1e-05,11,0.0021338887063356944,21.545454545454547,0.9117847962847965
C. elegans,IL2R,3e-05,11,0.0019315765537804759,22.90909090909091,0.6896640121738272
C. elegans,IL2R,0.0001,11,0.0018002697760502652,24.90909090909091,0.6570228115138107
C. elegans,IL2R,0.0003,11,0.0016090866990636542,26.727272727272727,0.8412490868390169
C. elegans,IL2R,0.001,11,0.0011794030963763642,30.363636363636363,0.6027458236227202
C. elegans,IL2R,0.003,11,0.0009609034798145664,33.36363636363637,0.5143556277718876
C. elegans,IL2R,0.01,11,0.0006262455108271716,37.27272727272727,0.08616260114442771
C. elegans,IL2R,0.03,11,0.00048158762039327593,41.18181818181818,0.06490012463347078
C. elegans,IL2R,0.05,11,0.0004694638032536312,43.45454545454545,0.1965883243887527
C. elegans,IL2R,0.1,11,0.0002965403322263934,46.63636363636363,-0.11866730165180894
C. elegans,IL2R,0.2,11,0.0002575698272942627,51.09090909090909,-0.031751435261969975
C. elegans,IL2VL,1e-05,11,-0.0009344954092672466,8.818181818181818,-1.8547957594144302
C. elegans,IL2VL,3e-05,11,-0.0006215909802928527,9.454545454545455,-1.4149800172761295
C. elegans,IL2VL,0.0001,11,-0.0008576655003816918,11.0,-1.6791936636028677
C. elegans,IL2VL,0.0003,11,-0.001118610337255375,12.454545454545455,-2.526276339156876
C. elegans,IL2VL,0.001,11,-0.000393795777763466,14.727272727272727,-1.8703949388252867
C. elegans,IL2VL,0.003,11,0.000531197777450017,18.181818181818183,-0.27569541026861055
C. elegans,IL2VL,0.01,11,0.0006304191611493786,23.09090909090909,0.09443297003847281
C. elegans,IL2VL,0.03,11,0.0005717862346114223,28.90909090909091,0.3090421857633393
C. elegans,IL2VL,0.05,11,0.00020361834610397526,32.36363636363637,-0.6032942397420923
C. elegans,IL2VL,0.1,11,1.0164099746483367e-05,37.45454545454545,-1.1816275631726953
C. elegans,IL2VL,0.2,11,8.306513160298057e-05,42.72727272727273,-0.7723790169590729
C. elegans,IL2VR,1e-05,13,0.00047546375336856705,9.642857142857142,-0.5835189385488323
C. elegans,IL2VR,3e-05,13,0.0009785081860509716,11.214285714285714,-0.09597563858553697
C. elegans,IL2VR,0.0001,13,0.0007858413543252458,12.571428571428571,-0.23461831032795744
C. elegans,IL2VR,0.0003,13,0.0009392053837251632,13.928571428571429,0.014235554263510097
C. elegans,IL2VR,0.001,13,0.0007402921090139083,16.142857142857142,-0.08755678206574302
C. elegans,IL2VR,0.003,13,0.0006860541147434768,18.428571428571427,0.009021337385936861
C. elegans,IL2VR,0.01,13,0.00038878995237905594,22.785714285714285,-0.38437156264458167
C. elegans,IL2VR,0.03,13,0.0003793092711186904,28.428571428571427,-0.21193835251282533
C. elegans,IL2VR,0.05,13,0.0003436721240389023,31.285714285714285,-0.18189687522840498
C. elegans,IL2VR,0.1,13,0.0002538920891907423,36.57142857142857,-0.2769674063008995
C. elegans,IL2VR,0.2,13,0.00016775625204942622,42.357142857142854,-0.4129355104162132
C. elegans,OLLL,1e-05,16,0.0004363736348962467,28.0,-0.618764187386998
C. elegans,OLLL,3e-05,16,0.00039908760752095245,29.0625,-0.5736074605749438
C. elegans,OLLL,0.0001,16,0.0004188221797195459,30.9375,-0.5572131643112317
C. elegans,OLLL,0.0003,16,0.00044593580260891927,33.125,-0.5947389154675243
C. elegans,OLLL,0.001,16,0.0004762560762894698,35.625,-0.5026335317506175
C. elegans,OLLL,0.003,16,0.0004252323621937705,38.0625,-0.4705219761226658
C. elegans,OLLL,0.01,16,0.0004049136879849439,41.5,-0.3524212958238988
C. elegans,OLLL,0.03,16,0.0003380518320214854,45.25,-0.3236105362314218
C. elegans,OLLL,0.05,16,0.00019196747622314818,47.8125,-0.638349672979699
C. elegans,OLLL,0.1,16,0.0002087606240385532,50.625,-0.4444846390878665
C. elegans,OLLL,0.2,16,6.814930710843393e-05,54.4375,-0.835684310725826
C. elegans,OLLR,1e-05,17,0.0007917456973692061,29.705882352941178,-0.29834620807438283
C. elegans,OLLR,3e-05,17,0.0006972577365711402,30.764705882352942,-0.32781787822637803
C. elegans,OLLR,0.0001,17,0.000668400169876003,32.411764705882355,-0.3378443115027688
C. elegans,OLLR,0.0003,17,0.0005462194657261303,34.588235294117645,-0.47093198938201436
C. elegans,OLLR,0.001,17,0.00046689797001260455,37.0,-0.5173449038937551
C. elegans,OLLR,0.003,17,0.0003591688288511346,39.529411764705884,-0.5919854866294292
C. elegans,OLLR,0.01,17,0.0002658935399173534,42.411764705882355,-0.627899071742549
C. elegans,OLLR,0.03,17,0.00018722515817553727,45.94117647058823,-0.7318555557951928
C. elegans,OLLR,0.05,17,0.00017704316376507812,48.411764705882355,-0.6832543233914258
C. elegans,OLLR,0.1,17,0.00018407971280196938,51.588235294117645,-0.5360942941050766
C. elegans,OLLR,0.2,17,4.766087540425212e-05,55.411764705882355,-0.9226406964306523
C. elegans,OLQDL,1e-05,17,0.0005359712590225672,28.941176470588236,-0.5289628978742039
C. elegans,OLQDL,3e-05,17,0.0004912570962892785,30.88235294117647,-0.49762969505627064
C. elegans,OLQDL,0.0001,17,0.0004212641941445057,32.35294117647059,-0.5550667334396259
C. elegans,OLQDL,0.0003,17,0.0004635879575606337,34.11764705882353,-0.5729461430914043
C. elegans,OLQDL,0.001,17,0.0003743546179847663,36.294117647058826,-0.6628272964607862
C. elegans,OLQDL,0.003,17,0.0002894607947992885,39.1764705882353,-0.7201497263855523
C. elegans,OLQDL,0.01,17,0.00018825737416787601,42.705882352941174,-0.7817403571159435
C. elegans,OLQDL,0.03,17,3.386015680421884e-05,46.35294117647059,-1.1469711078969451
C. elegans,OLQDL,0.05,17,-5.125519261592479e-05,48.11764705882353,-1.3701642170071513
C. elegans,OLQDL,0.1,17,1.1826544304833004e-05,51.23529411764706,-1.1754569655389295
C. elegans,OLQDL,0.2,17,4.336132142331994e-05,54.588235294117645,-0.9408887341390899
C. elegans,OLQDR,1e-05,16,0.0012262000105360065,26.0,0.09337556138561436
C. elegans,OLQDR,3e-05,16,0.0011642155140617328,27.125,0.05710786020836857
C. elegans,OLQDR,0.0001,16,0.0010786269395981925,28.75,0.02272825264386964
C. elegans,OLQDR,0.0003,16,0.001103363552006391,31.0625,0.21689985246502447
C. elegans,OLQDR,0.001,16,0.0010007228681105315,33.25,0.3218523121718163
C. elegans,OLQDR,0.003,16,0.0007322259406671666,36.75,0.09391222619310795
C. elegans,OLQDR,0.01,16,0.0006172337403087338,40.4375,0.0683051715990247
C. elegans,OLQDR,0.03,16,0.0004450905811275134,44.8125,-0.03388700717246754
C. elegans,OLQDR,0.05,16,0.00039553252762294564,46.5,-0.025857975634522103
C. elegans,OLQDR,0.1,16,0.00029651261905471523,50.0625,-0.1187701663342566
C. elegans,OLQDR,0.2,16,0.00028317548058996955,52.8125,0.0769233084350344
C. elegans,OLQVL,1e-05,16,0.001006393596270306,29.0625,-0.1048108875120854
C. elegans,OLQVL,3e-05,16,0.0009870184483664573,31.125,-0.08896040259639504
C. elegans,OLQVL,0.0001,16,0.0008523431246458605,32.5625,-0.17616597221985805
C. elegans,OLQVL,0.0003,16,0.0008805175778153777,34.25,-0.05821848882326024
C. elegans,OLQVL,0.001,16,0.0006808580582286189,36.6875,-0.18098983499420546
C. elegans,OLQVL,0.003,16,0.0006364795377152363,39.625,-0.08212580314782418
C. elegans,OLQVL,0.01,16,0.0005061911653547612,42.625,-0.15173316101538104
C. elegans,OLQVL,0.03,16,0.00046346869221457735,46.4375,0.015857326034447793
C. elegans,OLQVL,0.05,16,0.0004440298871890584,48.5,0.12006211169456114
C. elegans,OLQVL,0.1,16,0.00034519670410477343,51.4375,0.06193354405604362
C. elegans,OLQVL,0.2,16,0.00017274242815398604,55.375,-0.39177333173897483
C. elegans,OLQVR,1e-05,12,0.0009510252753332123,28.833333333333332,-0.154733229153519
C. elegans,OLQVR,3e-05,12,0.0009653500228142844,29.833333333333332,-0.10682226315092133
C. elegans,OLQVR,0.0001,12,0.0006786023730917292,32.25,-0.32887699185190666
C. elegans,OLQVR,0.0003,12,0.0005858160340516447,34.166666666666664,-0.4220473629579976
C. elegans,OLQVR,0.001,12,0.0004666888585065487,36.083333333333336,-0.5176736367691879
C. elegans,OLQVR,0.003,12,0.00045468285847476836,39.333333333333336,-0.41637469571755076
C. elegans,OLQVR,0.01,12,0.0004146926305688267,43.5,-0.33304366321963436
C. elegans,OLQVR,0.03,12,0.0003344216472927646,48.333333333333336,-0.33343641648063044
C. elegans,OLQVR,0.05,12,0.0003101633390108043,51.416666666666664,-0.28271895876732234
C. elegans,OLQVR,0.1,12,0.0002702531689808175,54.666666666666664,-0.21623898096398728
C. elegans,OLQVR,0.2,12,0.0002862556464956493,58.083333333333336,0.0899960559442776
C. elegans,RIAL,1e-05,12,0.0007555419563009648,20.166666666666668,-0.33098898104848423
C. elegans,RIAL,3e-05,12,0.0007124962059229875,20.833333333333332,-0.3152564018989102
C. elegans,RIAL,0.0001,12,0.00042678729828690346,23.083333333333332,-0.550212150634067
C. elegans,RIAL,0.0003,12,0.0007059101941850254,24.5,-0.2737830460716405
C. elegans,RIAL,0.001,12,0.0009697911788837636,26.0,0.2732262784671328
C. elegans,RIAL,0.003,12,0.0008005388440935104,29.666666666666668,0.21951139782745618
C. elegans,RIAL,0.01,12,0.0006509816592463022,34.416666666666664,0.1351789433510459
C. elegans,RIAL,0.03,12,0.0006079558905358754,38.75,0.40694318373651633
C. elegans,RIAL,0.05,12,0.0005994118060015254,41.5,0.5875791758259982
C. elegans,RIAL,0.1,12,0.0005006943190120208,45.0,0.6391035975075885
C. elegans,RIAL,0.2,12,0.00018688347435419003,49.583333333333336,-0.331756328709713
C. elegans,RIAR,1e-05,8,0.00035150250572501537,15.625,-0.6952874670218319
C. elegans,RIAR,3e-05,8,0.0004841179680577655,17.75,-0.5035146686850712
C. elegans,RIAR,0.0001,8,0.0006148467983775968,20.375,-0.38491553626207614
C. elegans,RIAR,0.0003,8,0.0009720902181339423,22.625,0.05483409381050843
C. elegans,RIAR,0.001,8,0.0007188409835708713,24.375,-0.12127893481173137
C. elegans,RIAR,0.003,8,0.0007082950507373943,27.0,0.04991321867188648
C. elegans,RIAR,0.01,8,0.0006213377906560752,31.75,0.07643762346056424
C. elegans,RIAR,0.03,8,0.0009695008613821212,37.125,1.3855428566767534
C. elegans,RIAR,0.05,8,0.0008288229915011887,39.25,1.2778373779605803
C. elegans,RIAR,0.1,8,0.0005145092642755732,43.125,0.6903813788481633
C. elegans,RIAR,0.2,8,0.00040204218780982956,47.125,0.5814138126234588
C. elegans,RIBL,1e-05,10,0.0005308727437827208,43.7,-0.5335599276442929
C. elegans,RIBL,3e-05,10,0.0004946704171117898,45.2,-0.4948160037517151
C. elegans,RIBL,0.0001,10,0.0004053772801970208,47.1,-0.5690306814830483
C. elegans,RIBL,0.0003,10,0.0003987455659861773,47.8,-0.6529984360704055
C. elegans,RIBL,0.001,10,0.00035214749491139553,49.3,-0.6977379121446946
C. elegans,RIBL,0.003,10,0.0001945258735059496,51.7,-0.8946957766273169
C. elegans,RIBL,0.01,10,7.593017398116591e-05,53.9,-1.0043242610516472
C. elegans,RIBL,0.03,10,1.995563419750083e-05,56.5,-1.1846067061559262
C. elegans,RIBL,0.05,10,-5.278368969215803e-07,58.0,-1.2175344606098026
C. elegans,RIBL,0.1,10,-6.330124405865355e-05,60.2,-1.4543133946315208
C. elegans,RIBL,0.2,10,-0.00012030735306798885,62.9,-1.6355264005232393
C. elegans,RIBR,1e-05,3,0.0007503494759435441,40.333333333333336,-0.33567073360991917
C. elegans,RIBR,3e-05,3,0.0006905680231953341,41.0,-0.33333238721461483
C. elegans,RIBR,0.0001,3,0.000725956783808433,41.666666666666664,-0.28725440026106985
C. elegans,RIBR,0.0003,3,0.0005989700755081934,44.666666666666664,-0.40580781418490175
C. elegans,RIBR,0.001,3,0.0005419398119608791,45.333333333333336,-0.39937568762862635
C. elegans,RIBR,0.003,3,0.0003761624695502261,47.333333333333336,-0.5607412108366578
C. elegans,RIBR,0.01,3,0.00025305862542665964,49.333333333333336,-0.6533323182694002
C. elegans,RIBR,0.03,3,0.00019727301240518284,52.0,-0.7046588647725871
C. elegans,RIBR,0.05,3,0.00019727301240518284,52.0,-0.622386240950895
C. elegans,RIBR,0.1,3,0.00027661626641271425,54.666666666666664,-0.19262068117800082
C. elegans,RIBR,0.2,3,9.399915492333702e-05,58.666666666666664,-0.7259731639939376
C. elegans,RICL,1e-05,16,0.0018893979593311825,23.8125,0.6913419438819619
C. elegans,RICL,3e-05,16,0.0018679338522394273,25.375,0.6372016374847926
C. elegans,RICL,0.0001,16,0.0015835020644122968,27.5,0.4664928525293382
C. elegans,RICL,0.0003,16,0.0012883781554633878,29.75,0.4453128224636157
C. elegans,RICL,0.001,16,0.0010518849715768698,31.9375,0.40228148464015195
C. elegans,RICL,0.003,16,0.0009009210998671468,34.875,0.40407284287787926
C. elegans,RICL,0.01,16,0.0007467757518301514,38.6875,0.32500138231373393
C. elegans,RICL,0.03,16,0.0006916765291431702,42.625,0.6335512025610636
C. elegans,RICL,0.05,16,0.0005552508890633776,45.125,0.4547066872245857
C. elegans,RICL,0.1,16,0.00042698850865299044,49.125,0.3655252115626588
C. elegans,RICL,0.2,16,0.00035763420759320013,55.1875,0.39293879843770496
C. elegans,RICR,1e-05,10,0.0003112971866019088,17.6,-0.7315382263567046
C. elegans,RICR,3e-05,10,0.00020781478026083501,19.3,-0.7312787486971032
C. elegans,RICR,0.0001,10,-0.0001033286697410526,21.9,-1.0161624200822637
C. elegans,RICR,0.0003,10,0.00010269056353761206,24.1,-1.0184982459701932
C. elegans,RICR,0.001,10,0.00022146832099495658,26.3,-0.9031715652754759
C. elegans,RICR,0.003,10,0.00037155562534012634,29.1,-0.569211291708874
C. elegans,RICR,0.01,10,0.00033361464762600077,34.5,-0.4937051409084709
C. elegans,RICR,0.03,10,0.00040478079501479817,38.3,-0.1429941630924145
C. elegans,RICR,0.05,10,0.00022537580288366205,39.8,-0.5378298511288809
C. elegans,RICR,0.1,10,0.00027423713731869817,43.5,-0.20145144084708297
C. elegans,RICR,0.2,10,9.71884181660629e-05,48.3,-0.7124373888476099
C. elegans,RID,1e-05,14,0.0006606094212401123,36.785714285714285,-0.41658403554868684
C. elegans,RID,3e-05,14,0.0005739960562180563,37.714285714285715,-0.42942576574373376
C. elegans,RID,0.0001,14,0.0005930911591689403,39.07142857142857,-0.4040378539485275
C. elegans,RID,0.0003,14,0.000585792626386328,41.357142857142854,-0.4220762612949711
C. elegans,RID,0.001,14,0.0004100815383401337,44.57142857142857,-0.6066629395571471
C. elegans,RID,0.003,14,0.00036848406500774753,46.92857142857143,-0.5748586206031533
C. elegans,RID,0.01,14,0.0003984732491377011,49.714285714285715,-0.36518345867755886
C. elegans,RID,0.03,14,0.00023946790819551268,53.07142857142857,-0.5904492517235804
C. elegans,RID,0.05,14,0.0002674438669963695,54.42857142857143,-0.41125439126856644
C. elegans,RID,0.1,14,0.00022144811050122637,56.357142857142854,-0.3973917158671803
C. elegans,RID,0.2,14,0.0001733956323385453,59.642857142857146,-0.3890010221822141
C. elegans,RIH,1e-05,14,0.0018308865660289632,26.571428571428573,0.6385856797057666
C. elegans,RIH,3e-05,14,0.001778659702134778,28.428571428571427,0.5636105767751146
C. elegans,RIH,0.0001,14,0.0015973220331535368,30.428571428571427,0.4786400402148954
C. elegans,RIH,0.0003,14,0.0014881093123834635,32.5,0.6918943673845979
C. elegans,RIH,0.001,14,0.0011979443839698484,35.285714285714285,0.6318935778510527
C. elegans,RIH,0.003,14,0.0012587833007892413,37.714285714285715,1.0620333999712057
C. elegans,RIH,0.01,14,0.0008192582735430067,42.0,0.46863037531929963
C. elegans,RIH,0.03,14,0.0006863863823105495,46.57142857142857,0.619232275794938
C. elegans,RIH,0.05,14,0.0006635967746559206,48.142857142857146,0.7807005398560548
C. elegans,RIH,0.1,14,0.000555526090173868,51.214285714285715,0.8426260522487979
C. elegans,RIH,0.2,14,0.0004395340723260278,54.642857142857146,0.740535741420279
C. elegans,RIML,1e-05,7,0.0004740852832132763,42.57142857142857,-0.5847618235933892
C. elegans,RIML,3e-05,7,0.0004389667514901074,43.142857142857146,-0.5407340195906959
C. elegans,RIML,0.0001,7,0.0003732969315095471,45.142857142857146,-0.597227996818647
C. elegans,RIML,0.0003,7,0.0003218807143375896,47.285714285714285,-0.7478932645082903
C. elegans,RIML,0.001,7,0.00023844640339207567,49.285714285714285,-0.8764812412899121
C. elegans,RIML,0.003,7,0.00012746475501852777,51.42857142857143,-1.0179934335622867
C. elegans,RIML,0.01,7,0.0001458950583062558,55.0,-0.8656841359029483
C. elegans,RIML,0.03,7,6.886790949768623e-05,58.42857142857143,-1.0522150523611344
C. elegans,RIML,0.05,7,4.959219619433661e-05,60.0,-1.0667320319612292
C. elegans,RIML,0.1,7,5.2200179244631814e-05,62.857142857142854,-1.0255996635466353
C. elegans,RIML,0.2,7,4.828264426941237e-05,66.14285714285714,-0.9200018037111528
C. elegans,RIMR,1e-05,7,0.0005377818953622878,41.714285714285715,-0.527330354130596
C. elegans,RIMR,3e-05,7,0.0004537849306985127,42.857142857142854,-0.5285189996274215
C. elegans,RIMR,0.0001,7,0.0003138896470650576,44.285714285714285,-0.6494445718014171
C. elegans,RIMR,0.0003,7,0.00026248606830365075,45.857142857142854,-0.8212199492625578
C. elegans,RIMR,0.001,7,0.00019806693357682327,47.42857142857143,-0.9399596192672304
C. elegans,RIMR,0.003,7,0.00010994980320772894,50.57142857142857,-1.0501961848481223
C. elegans,RIMR,0.01,7,-1.2368161758031909e-05,53.714285714285715,-1.1792933535527304
C. elegans,RIMR,0.03,7,-6.058838908515997e-05,55.57142857142857,-1.40261652843948
C. elegans,RIMR,0.05,7,-6.999605033892041e-05,56.57142857142857,-1.4265521857548826
C. elegans,RIMR,0.1,7,-4.093435964727781e-05,59.142857142857146,-1.3712928551913588
C. elegans,RIMR,0.2,7,-2.4510712447257647e-05,61.285714285714285,-1.2289491792251015
C. elegans,RIR,1e-05,4,0.0023643515458132225,22.75,1.1195795137934528
C. elegans,RIR,3e-05,4,0.001826009352719689,24.5,0.6026421554201266
C. elegans,RIR,0.0001,4,0.001889625117015287,27.0,0.7355625041666676
C. elegans,RIR,0.0003,4,0.0020505358178508548,28.25,1.3862477109550966
C. elegans,RIR,0.001,4,0.0020831963133771006,30.0,2.0235502003170978
C. elegans,RIR,0.003,4,0.002361690858717032,33.25,3.0898241791224956
C. elegans,RIR,0.01,4,0.0022825790051669904,36.25,3.368298849326658
C. elegans,RIR,0.03,4,0.001569019640012472,42.25,3.008270118837158
C. elegans,RIR,0.05,4,0.001306668128360704,45.25,2.7155899633413245
C. elegans,RIR,0.1,4,0.0007937821806372808,50.75,1.7269758253945138
C. elegans,RIR,0.2,4,0.0008606809381320963,53.25,2.5279546044236616
C. elegans,RIS,1e-05,3,0.001737320531543798,28.333333333333332,0.5542227179878282
C. elegans,RIS,3e-05,3,0.001820875162494038,29.0,0.5984099056126738
C. elegans,RIS,0.0001,3,0.0013804508119805005,31.0,0.2880191005796519
C. elegans,RIS,0.0003,3,0.0013373157116074801,32.666666666666664,0.5057295265209418
C. elegans,RIS,0.001,3,0.0011163481813100701,34.333333333333336,0.5036206060252861
C. elegans,RIS,0.003,3,0.0006185205407473717,40.0,-0.1151449697973523
C. elegans,RIS,0.01,3,0.0005302483024679495,42.666666666666664,-0.10406232539169101
C. elegans,RIS,0.03,3,0.0005073134865340867,44.666666666666664,0.13453274635844018
C. elegans,RIS,0.05,3,0.0007199338777945708,46.333333333333336,0.950209046781112
C. elegans,RIS,0.1,3,0.000813168964779818,49.0,1.7989349435229567
C. elegans,RIS,0.2,3,0.0006993415720072003,52.666666666666664,1.8432029185606047
C. elegans,RIVL,1e-05,18,0.0018252865646144374,22.666666666666668,0.6335364894995819
C. elegans,RIVL,3e-05,18,0.0015773625780608322,24.11111111111111,0.3976759936842153
C. elegans,RIVL,0.0001,18,0.0013203779662648892,25.72222222222222,0.23521752444181923
C. elegans,RIVL,0.0003,18,0.001182819043465716,27.88888888888889,0.3149929999669753
C. elegans,RIVL,0.001,18,0.0010501613718760681,30.833333333333332,0.39957190688220534
C. elegans,RIVL,0.003,18,0.0008758907048746965,33.77777777777778,0.35805230035882213
C. elegans,RIVL,0.01,18,0.0007133838995426911,36.77777777777778,0.258833180583138
C. elegans,RIVL,0.03,18,0.0005296699643511417,41.27777777777778,0.19504538971967156
C. elegans,RIVL,0.05,18,0.0004996953595433057,43.44444444444444,0.287549798855619
C. elegans,RIVL,0.1,18,0.0004061124034993302,46.72222222222222,0.28803808911010365
C. elegans,RIVL,0.2,18,0.00027914599072976153,51.55555555555556,0.05982146874632764
C. elegans,RIVR,1e-05,16,0.0009654393843073502,22.25,-0.1417368792464789
C. elegans,RIVR,3e-05,16,0.0009229894405277021,24.125,-0.14174121986005772
C. elegans,RIVR,0.0001,16,0.0008643140316522829,25.6875,-0.16564403422592897
C. elegans,RIVR,0.0003,16,0.0008983939138772141,27.375,-0.03614894979075884
C. elegans,RIVR,0.001,16,0.000699489583025279,29.8125,-0.1517002237450397
C. elegans,RIVR,0.003,16,0.0005992554334900893,33.0,-0.15056553299403266
C. elegans,RIVR,0.01,16,0.0007152981678367108,37.0,0.26262643198934243
C. elegans,RIVR,0.03,16,0.0004804546463336997,41.875,0.06183348525647719
C. elegans,RIVR,0.05,16,0.0005078286303114967,44.1875,0.3120213905336695
C. elegans,RIVR,0.1,16,0.0005091053762746956,47.75,0.6703234356560884
C. elegans,RIVR,0.2,16,0.00038286885608512084,51.25,0.5000389347034443
C. elegans,RMDDL,1e-05,16,0.0009863719684986881,29.8125,-0.12286320560509617
C. elegans,RMDDL,3e-05,16,0.0008541353229803303,31.875,-0.19849950362529364
C. elegans,RMDDL,0.0001,16,0.0008367161167600942,33.875,-0.18990147345768893
C. elegans,RMDDL,0.0003,16,0.0008832342765376733,35.625,-0.05486454155555097
C. elegans,RMDDL,0.001,16,0.0007239755002212218,38.0625,-0.11320723921609802
C. elegans,RMDDL,0.003,16,0.0007882280992412982,41.1875,0.1968770304080296
C. elegans,RMDDL,0.01,16,0.0007024885845221123,44.0,0.23724338089206826
C. elegans,RMDDL,0.03,16,0.0006121580671211153,47.9375,0.41831728367857235
C. elegans,RMDDL,0.05,16,0.0005714034332809191,49.6875,0.5033068725521487
C. elegans,RMDDL,0.1,16,0.0004739164927946675,52.5625,0.5397106942890734
C. elegans,RMDDL,0.2,16,0.00033267866904731797,56.125,0.28702325221146724
C. elegans,RMDDR,1e-05,12,0.0020343154984130336,24.0,0.8220055214193686
C. elegans,RMDDR,3e-05,12,0.0019974373802318013,25.083333333333332,0.7439548463300478
C. elegans,RMDDR,0.0001,12,0.0019154396287653314,26.833333333333332,0.758252404926217
C. elegans,RMDDR,0.0003,12,0.0015833687401275037,29.166666666666668,0.809498537027562
C. elegans,RMDDR,0.001,12,0.0011300675307891713,32.583333333333336,0.525188052448477
C. elegans,RMDDR,0.003,12,0.00107593914091791,35.25,0.7258586238137422
C. elegans,RMDDR,0.01,12,0.0009384117493922775,40.5,0.7047410037152275
C. elegans,RMDDR,0.03,12,0.0009733719819628693,45.166666666666664,1.3960208819286752
C. elegans,RMDDR,0.05,12,0.0007580179587350018,47.666666666666664,1.0647973968767457
C. elegans,RMDDR,0.1,12,0.0005936476731522856,50.833333333333336,0.9841242745748132
C. elegans,RMDDR,0.2,12,0.0003264513058198071,56.083333333333336,0.26059326447233927
C. elegans,RMDL,1e-05,14,0.0011671986228163002,28.5,0.04017749821139689
C. elegans,RMDL,3e-05,14,0.0009197754016299076,30.5,-0.14439063776404903
C. elegans,RMDL,0.0001,14,0.0009698520462985887,32.0,-0.07288043281168034
C. elegans,RMDL,0.0003,14,0.0008822315922544845,33.714285714285715,-0.05610242273257539
C. elegans,RMDL,0.001,14,0.0009167515366035035,37.07142857142857,0.18984552889680684
C. elegans,RMDL,0.003,14,0.000926221878564413,39.857142857142854,0.45059050918534216
C. elegans,RMDL,0.01,14,0.0006519087301637061,44.142857142857146,0.13701599674219256
C. elegans,RMDL,0.03,14,0.0004317212140407004,47.714285714285715,-0.07007409125207731
C. elegans,RMDL,0.05,14,0.00036265094894559767,49.714285714285715,-0.12479290477382658
C. elegans,RMDL,0.1,14,0.0003351267501557939,52.5,0.024556277128483704
C. elegans,RMDL,0.2,14,0.00032112481523129783,55.57142857142857,0.23798673329635855
C. elegans,RMDR,1e-05,5,0.0007507376544947211,28.6,-0.3353207359592454
C. elegans,RMDR,3e-05,5,0.0007789127645044044,30.8,-0.260507462939945
C. elegans,RMDR,0.0001,5,0.0008826014835602384,33.0,-0.14957011142799614
C. elegans,RMDR,0.0003,5,0.0007000636490710158,35.0,-0.2810009991886877
C. elegans,RMDR,0.001,5,0.0007133325447570016,38.6,-0.12993845319301725
C. elegans,RMDR,0.003,5,0.00047233564747902623,42.0,-0.38391851884956973
C. elegans,RMDR,0.01,5,0.00040487990956996364,44.4,-0.35248823002561097
C. elegans,RMDR,0.03,5,0.0002822356650558068,48.6,-0.47468906626750884
C. elegans,RMDR,0.05,5,0.00024217461751121624,50.8,-0.4872851509759554
C. elegans,RMDR,0.1,5,7.135485175637753e-05,53.4,-0.9545020884227622
C. elegans,RMDR,0.2,5,3.2027871419186786e-05,56.8,-0.9889898218238351
C. elegans,RMDVL,1e-05,14,0.001581954961062541,26.0,0.41413876821998724
C. elegans,RMDVL,3e-05,14,0.001194561520662347,28.214285714285715,0.08212288204194852
C. elegans,RMDVL,0.0001,14,0.0011343788576575183,30.214285714285715,0.07173190997310268
C. elegans,RMDVL,0.0003,14,0.0010848837013062256,32.42857142857143,0.1940852340258027
C. elegans,RMDVL,0.001,14,0.0009930506771495952,35.285714285714285,0.3097912762057492
C. elegans,RMDVL,0.003,14,0.0006718214023859902,38.714285714285715,-0.017146733250055345
C. elegans,RMDVL,0.01,14,0.0006385571962888693,42.07142857142857,0.11055903415030752
C. elegans,RMDVL,0.03,14,0.0004871093414772365,46.142857142857146,0.07984585720494945
C. elegans,RMDVL,0.05,14,0.00039038125450902684,48.285714285714285,-0.041357257025590205
C. elegans,RMDVL,0.1,14,0.00043032720484037577,50.714285714285715,0.3779176553829778
C. elegans,RMDVL,0.2,14,0.00027432181466877087,53.857142857142854,0.03934684578229318
C. elegans,RMDVR,1e-05,14,0.001730336252500162,21.642857142857142,0.5479254064812783
C. elegans,RMDVR,3e-05,14,0.0015130711484354898,23.5,0.34467885514943836
C. elegans,RMDVR,0.0001,14,0.0015610160708168259,25.785714285714285,0.4467285831872995
C. elegans,RMDVR,0.0003,14,0.0012405404149417735,27.142857142857142,0.3862539147536435
C. elegans,RMDVR,0.001,14,0.0014102133544110006,29.785714285714285,0.9655901320695525
C. elegans,RMDVR,0.003,14,0.0010933895980399326,33.57142857142857,0.757942796045273
C. elegans,RMDVR,0.01,14,0.0008425119487470026,36.57142857142857,0.5147090971173585
C. elegans,RMDVR,0.03,14,0.0007009142897916441,41.57142857142857,0.6585552000669265
C. elegans,RMDVR,0.05,14,0.000672756158687673,44.07142857142857,0.8082595271854973
C. elegans,RMDVR,0.1,14,0.0004961645355744532,48.42857142857143,0.622290121941778
C. elegans,RMDVR,0.2,14,0.00045892164282060305,52.714285714285715,0.8228198850847105
C. elegans,RMED,1e-05,3,0.0004464175570763489,39.666666666666664,-0.6097081765488742
C. elegans,RMED,3e-05,3,0.00041998980755848553,40.666666666666664,-0.5563772201288034
C. elegans,RMED,0.0001,3,0.0004018892730649017,41.666666666666664,-0.5720964971933239
C. elegans,RMED,0.0003,3,0.0005349519611198035,43.333333333333336,-0.48484248154595916
C. elegans,RMED,0.001,3,0.0005362318707314975,44.333333333333336,-0.40834883295442614
C. elegans,RMED,0.003,3,0.0003678872756734637,45.333333333333336,-0.5759558693258207
C. elegans,RMED,0.01,3,0.00029879106440681193,48.333333333333336,-0.5627104137993908
C. elegans,RMED,0.03,3,0.00011943346585254371,51.666666666666664,-0.9153484357544039
C. elegans,RMED,0.05,3,0.00017564668595871955,53.0,-0.6874560812867021
C. elegans,RMED,0.1,3,9.536539776900917e-05,54.666666666666664,-0.8653806692049971
C. elegans,RMED,0.2,3,7.404713090467693e-05,57.0,-0.8106529443308799
C. elegans,RMEL,1e-05,15,0.0008241778419939585,37.266666666666666,-0.26910406063847286
C. elegans,RMEL,3e-05,15,0.0006920992511677764,38.53333333333333,-0.33207015519618327
C. elegans,RMEL,0.0001,15,0.0006328268123672892,39.6,-0.3691118388289558
C. elegans,RMEL,0.0003,15,0.0005428108676345163,40.86666666666667,-0.4751401329506275
C. elegans,RMEL,0.001,15,0.0004823774874828255,42.46666666666667,-0.49301039268355523
C. elegans,RMEL,0.003,15,0.0003502481519149639,44.8,-0.6083869214595085
C. elegans,RMEL,0.01,15,0.00031023662257640593,47.333333333333336,-0.5400302702911683
C. elegans,RMEL,0.03,15,0.00019715600033986424,50.13333333333333,-0.7049755832394015
C. elegans,RMEL,0.05,15,0.0002067631654474893,51.666666666666664,-0.5938320274207352
C. elegans,RMEL,0.1,15,0.00014333221719441984,54.266666666666666,-0.6873392777136955
C. elegans,RMEL,0.2,15,0.00013217243221209194,56.8,-0.5639592884828735
C. elegans,RMER,1e-05,17,0.0004890000073829501,40.35294117647059,-0.5713140985606553
C. elegans,RMER,3e-05,17,0.0004195311198229958,41.35294117647059,-0.5567553286512552
C. elegans,RMER,0.0001,17,0.0003664755360842756,42.705882352941174,-0.6032237245991962
C. elegans,RMER,0.0003,17,0.0002771751173082643,44.8235294117647,-0.8030853304437873
C. elegans,RMER,0.001,17,0.0002379687164317707,47.11764705882353,-0.8772321870938025
C. elegans,RMER,0.003,17,0.0001745609296213439,48.94117647058823,-0.9314030498928493
C. elegans,RMER,0.01,17,0.00010071273169202993,52.11764705882353,-0.9552159557112937
C. elegans,RMER,0.03,17,2.095132143330029e-05,54.64705882352941,-1.1819116632653461
C. elegans,RMER,0.05,17,-3.346166509763461e-05,56.35294117647059,-1.3166265994421822
C. elegans,RMER,0.1,17,-2.5003589936221724e-05,58.35294117647059,-1.312161638219709
C. elegans,RMER,0.2,17,-3.359582274019674e-05,60.0,-1.267507931120321
C. elegans,RMEV,1e-05,6,0.0007446395175370402,33.333333333333336,-0.340819065535168
C. elegans,RMEV,3e-05,6,0.0007777599449093021,34.333333333333336,-0.26145776284995287
C. elegans,RMEV,0.0001,6,0.0007865016099188445,35.5,-0.23403797264658852
C. elegans,RMEV,0.0003,6,0.000508981180132924,38.0,-0.516905157181047
C. elegans,RMEV,0.001,6,0.0005773717731212529,40.5,-0.34367502010360856
C. elegans,RMEV,0.003,6,0.0006829521248780862,42.833333333333336,0.0033180611676849113
C. elegans,RMEV,0.01,6,0.0007515043470488421,46.0,0.3343714118538489
C. elegans,RMEV,0.03,6,0.0005985679800556113,49.5,0.381532773230528
C. elegans,RMEV,0.05,6,0.0005118390042035973,50.833333333333336,0.32408790536649956
C. elegans,RMEV,0.1,6,0.0004739238228124849,54.0,0.5397379015666769
C. elegans,RMEV,0.2,6,0.0003497181380857616,58.333333333333336,0.3593416542885731
C. elegans,RMGL,1e-05,6,0.003148718692086203,14.0,1.8267969981929602
C. elegans,RMGL,3e-05,6,0.0033501222593040037,14.333333333333334,1.8590090354786015
C. elegans,RMGL,0.0001,6,0.0036690224572368366,15.833333333333334,2.299580040208728
C. elegans,RMGL,0.0003,6,0.0035797539825527577,17.166666666666668,3.2741703735385563
C. elegans,RMGL,0.001,6,0.0009181578286171755,19.166666666666668,0.1920562844217997
C. elegans,RMGL,0.003,6,0.0008862657543606071,21.5,0.3771277247038108
C. elegans,RMGL,0.01,6,0.0009113902183692397,25.833333333333332,0.6511960221308017
C. elegans,RMGL,0.03,6,0.0005939562321467648,30.666666666666668,0.3690500799027338
C. elegans,RMGL,0.05,6,0.0003306327683216645,33.5,-0.2211300199191073
C. elegans,RMGL,0.1,6,0.0002987235583733777,38.166666666666664,-0.11056368699055925
C. elegans,RMGL,0.2,6,0.0004101885893736871,45.0,0.6159885251598316
C. elegans,SAADL,1e-05,3,0.003126563522285119,32.333333333333336,1.8068209913859214
C. elegans,SAADL,3e-05,3,0.0027623952602569904,34.333333333333336,1.374530009726071
C. elegans,SAADL,0.0001,3,0.002648204938415291,35.666666666666664,1.4023231631488486
C. elegans,SAADL,0.0003,3,0.002108620545440896,38.0,1.4579572132997811
C. elegans,SAADL,0.001,3,0.0017024985267338557,40.666666666666664,1.425075824446512
C. elegans,SAADL,0.003,3,0.001610491899234218,42.666666666666664,1.7086800275588656
C. elegans,SAADL,0.01,3,0.0012824374399350686,45.333333333333336,1.3864510537112096
C. elegans,SAADL,0.03,3,0.0008760394803063705,50.333333333333336,1.1325694112456228
C. elegans,SAADL,0.05,3,0.0007417278504412026,51.666666666666664,1.0157833052623157
C. elegans,SAADL,0.1,3,0.0005513767608697616,54.0,0.8272247316711951
C. elegans,SAADL,0.2,3,0.0004021279825007337,57.333333333333336,0.5817779398705514
C. elegans,SAADR,1e-05,4,0.0019793641562731294,29.5,0.7724591449077821
C. elegans,SAADR,3e-05,4,0.002013831492661012,30.5,0.7574689500391854
C. elegans,SAADR,0.0001,4,0.001817099882817354,32.5,0.6718157874962911
C. elegans,SAADR,0.0003,4,0.001838052031097676,35.0,1.1239221869046576
C. elegans,SAADR,0.001,4,0.0018458535174907572,37.5,1.6504364428458222
C. elegans,SAADR,0.003,4,0.0016462127003349324,39.5,1.774355804803533
C. elegans,SAADR,0.01,4,0.001282733811016107,43.25,1.3870383329465286
C. elegans,SAADR,0.03,4,0.0009597279992247588,48.0,1.359090491184019
C. elegans,SAADR,0.05,4,0.0010372083641021412,49.25,1.9048325801752937
C. elegans,SAADR,0.1,4,0.0009227493454399764,52.25,2.205671176748078
C. elegans,SAADR,0.2,4,0.0007100909194410329,55.25,1.8888249756817823
C. elegans,SAAVL,1e-05,11,0.0006072438912637917,21.818181818181817,-0.4647005789847949
C. elegans,SAAVL,3e-05,11,0.00046539545064466136,23.545454545454547,-0.5189481386645743
C. elegans,SAAVL,0.0001,11,0.00021179398372349692,25.09090909090909,-0.7391824871116457
C. elegans,SAAVL,0.0003,11,0.00013643698871998794,27.545454545454547,-0.9768360146721469
C. elegans,SAAVL,0.001,11,0.0004169982706144358,30.363636363636363,-0.5957895192847934
C. elegans,SAAVL,0.003,11,0.0005709526320866365,33.27272727272727,-0.20260267726558315
C. elegans,SAAVL,0.01,11,0.0006452445732896087,36.63636363636363,0.12381052156778288
C. elegans,SAAVL,0.03,11,0.00045291294736371447,40.27272727272727,-0.012714080821292934
C. elegans,SAAVL,0.05,11,0.00036892309726025855,42.36363636363637,-0.10592110560775835
C. elegans,SAAVL,0.1,11,0.0002943924950111572,45.54545454545455,-0.12663956104024096
C. elegans,SAAVL,0.2,11,0.0004102321679618805,50.18181818181818,0.6161734800933343
C. elegans,SAAVR,1e-05,4,0.001211629243109492,27.75,0.08023796181363593
C. elegans,SAAVR,3e-05,4,0.0010644448999539858,28.5,-0.025135715465422093
C. elegans,SAAVR,0.0001,4,0.0015782473822223983,30.0,0.46187420164931287
C. elegans,SAAVR,0.0003,4,0.0012034798182610608,32.5,0.34050011586647044
C. elegans,SAAVR,0.001,4,0.00107889221417649,34.25,0.44473810830825805
C. elegans,SAAVR,0.003,4,0.0005538261283947039,36.5,-0.23409123314315122
C. elegans,SAAVR,0.01,4,0.0010297788837518717,39.25,0.8857911271347784
C. elegans,SAAVR,0.03,4,0.0003695900106343189,43.75,-0.23824563348250533
C. elegans,SAAVR,0.05,4,0.0003166528893787819,45.5,-0.2631930347810719
C. elegans,SAAVR,0.1,4,0.00013340795210441405,49.75,-0.7241757823500055
C. elegans,SAAVR,0.2,4,0.00023342437261128867,55.5,-0.13422884791832992
C. elegans,SMBVR,1e-05,2,0.0014262728376824966,32.0,0.27376940141775946
C. elegans,SMBVR,3e-05,2,0.0014733819335293473,34.0,0.31196197775263773
C. elegans,SMBVR,0.0001,2,0.0014060070827849297,35.5,0.3104820181026096
C. elegans,SMBVR,0.0003,2,0.0011156952088263782,37.5,0.2321241120998125
C. elegans,SMBVR,0.001,2,0.0010052451281535066,39.5,0.32896151230824955
C. elegans,SMBVR,0.003,2,0.0008723645741367225,43.0,0.35156920452259444
C. elegans,SMBVR,0.01,2,0.0008838327332357664,49.0,0.596589011420458
C. elegans,SMBVR,0.03,2,0.0008792686816255762,53.0,1.1413099431563176
C. elegans,SMBVR,0.05,2,0.000570123020366103,56.0,0.49945433365067393
C. elegans,SMBVR,0.1,2,0.0004552238915121633,58.0,0.47032821734364383
C. elegans,SMBVR,0.2,2,0.0002656262723471401,61.5,0.0024414865556993386
C. elegans,SMDDL,1e-05,6,0.0012308560823481131,33.333333333333336,0.09757366607394548
C. elegans,SMDDL,3e-05,6,0.0011209475773504487,35.333333333333336,0.021440947069793746
C. elegans,SMDDL,0.0001,6,0.0011485896751014563,37.0,0.08422263769389615
C. elegans,SMDDL,0.0003,6,0.0011821732737643442,38.833333333333336,0.31419575384332155
C. elegans,SMDDL,0.001,6,0.0009906300930652937,41.666666666666664,0.3059860070397056
C. elegans,SMDDL,0.003,6,0.0010061072957689768,44.333333333333336,0.5974667466647793
C. elegans,SMDDL,0.01,6,0.0007698734411414631,47.666666666666664,0.37077100757155296
C. elegans,SMDDL,0.03,6,0.0006926445787553624,51.0,0.6361714382447847
C. elegans,SMDDL,0.05,6,0.0005724266680483803,54.0,0.5063856073113585
C. elegans,SMDDL,0.1,6,0.0004016324418882462,57.0,0.2714095402794827
C. elegans,SMDDL,0.2,6,0.00027640264757794784,59.833333333333336,0.04817825424001112
C. elegans,SMDDR,1e-05,4,0.0007689895232291892,31.0,-0.3188641049627602
C. elegans,SMDDR,3e-05,4,0.0006329151807920371,32.75,-0.3808571614119956
C. elegans,SMDDR,0.0001,4,0.0005075844709804797,34.5,-0.4791947381096457
C. elegans,SMDDR,0.0003,4,0.0003286418934442167,35.5,-0.7395461342192152
C. elegans,SMDDR,0.001,4,0.0003472785406748921,38.5,-0.7053921314495326
C. elegans,SMDDR,0.003,4,0.00010222654832742298,41.0,-1.0643960558334522
C. elegans,SMDDR,0.01,4,6.61199208994465e-05,43.25,-1.023763937513776
C. elegans,SMDDR,0.03,4,3.827125024509555e-05,46.75,-1.1350315292922504
C. elegans,SMDDR,0.05,4,0.00018288794916788476,48.0,-0.6656683846098589
C. elegans,SMDDR,0.1,4,0.0001828793056855589,49.75,-0.5405499189708055
C. elegans,SMDDR,0.2,4,0.00022421026596313988,53.0,-0.17333508226511468
C. elegans,SMDVL,1e-05,16,0.0012674385463640777,30.6875,0.1305579111400971
C. elegans,SMDVL,3e-05,16,0.0011705895292208857,32.25,0.06236213074459635
C. elegans,SMDVL,0.0001,16,0.0011531097901277146,34.1875,0.08819563405968536
C. elegans,SMDVL,0.0003,16,0.0010068957766821054,36.0,0.09780389647418637
C. elegans,SMDVL,0.001,16,0.000879758580140661,38.25,0.1316909051835505
C. elegans,SMDVL,0.003,16,0.000721150973260017,40.9375,0.07354994231338369
C. elegans,SMDVL,0.01,16,0.0005916726240510596,43.875,0.017654100120963797
C. elegans,SMDVL,0.03,16,0.0002942696339395429,48.5625,-0.44211652629763243
C. elegans,SMDVL,0.05,16,0.0002486224382501264,49.875,-0.4678847841576045
C. elegans,SMDVL,0.1,16,0.0001372967498241114,53.0,-0.7097414928653802
C. elegans,SMDVL,0.2,16,6.005131424551952e-05,56.875,-0.8700535685094167
C. elegans,SMDVR,1e-05,12,0.0014715670517908694,24.5,0.31460851650791105
C. elegans,SMDVR,3e-05,12,0.0011655700808402515,26.416666666666668,0.05822446569737555
C. elegans,SMDVR,0.0001,12,0.0010360426784181444,28.5,-0.014701572465736189
C. elegans,SMDVR,0.0003,12,0.0011970783437973203,30.583333333333332,0.332597065148785
C. elegans,SMDVR,0.001,12,0.001173093186194234,33.583333333333336,0.59282635550249
C. elegans,SMDVR,0.003,12,0.0010246586320130041,36.75,0.6315749802208654
C. elegans,SMDVR,0.01,12,0.0008975349197181461,40.333333333333336,0.6237408157441978
C. elegans,SMDVR,0.03,12,0.0006789512418012792,44.666666666666664,0.5991074596383031
C. elegans,SMDVR,0.05,12,0.0006363370914406629,46.333333333333336,0.6986809125831309
C. elegans,SMDVR,0.1,12,0.0006247436810519655,49.5,1.0995452381200963
C. elegans,SMDVR,0.2,12,0.0004025135253291024,54.166666666666664,0.5834142491485579
C. elegans,URADL,1e-05,8,8.994043168224364e-05,13.5,-0.9311225257667174
C. elegans,URADL,3e-05,8,0.0016065664325480723,14.75,0.4217495090972191
C. elegans,URADL,0.0001,8,0.0015759842033407506,17.125,0.4598849599110643
C. elegans,URADL,0.0003,8,0.0015157868910554441,18.75,0.7260641995422317
C. elegans,URADL,0.001,8,0.0015989926058514149,20.625,1.2623597709983767
C. elegans,URADL,0.003,8,0.001179023418726884,23.625,0.9153879696904282
C. elegans,URADL,0.01,8,0.0010764144396169053,27.5,0.9782026184689934
C. elegans,URADL,0.03,8,0.0007504090588876429,31.375,0.7925234993250432
C. elegans,URADL,0.05,8,0.0008422191781167686,33.875,1.3181441645219667
C. elegans,URADL,0.1,8,0.0005689841650409227,39.0,0.892579215807005
C. elegans,URADL,0.2,8,0.0005756254397227049,43.75,1.3181306303461724
C. elegans,URADR,1e-05,4,0.001155135566164943,2.25,0.029300953190766244
C. elegans,URADR,3e-05,4,0.0012071499138548811,3.25,0.0924998299779763
C. elegans,URADR,0.0001,4,0.0003262298732118765,4.25,-0.638598017377577
C. elegans,URADR,0.0003,4,-0.000733750103983539,6.5,-2.0511404997505394
C. elegans,URADR,0.001,4,-0.00017742098216003518,8.5,-1.5302438391966477
C. elegans,URADR,0.003,4,-0.0002923636626233874,11.75,-1.7898842307560892
C. elegans,URADR,0.01,4,-2.501292020746815e-05,18.5,-1.204349793091161
C. elegans,URADR,0.03,4,-0.00040986624389990217,24.5,-2.3480125982200577
C. elegans,URADR,0.05,4,-0.0004105276299862942,28.5,-2.451152252336163
C. elegans,URADR,0.1,4,-0.0006322203504669047,33.75,-3.5660054051560586
C. elegans,URADR,0.2,4,-0.00036437504697332026,40.25,-2.671391167321746
C. elegans,URAVL,1e-05,7,0.0019328691736295249,11.428571428571429,0.7305373678182494
C. elegans,URAVL,3e-05,7,0.0019612064026115956,12.714285714285714,0.7140886860754381
C. elegans,URAVL,0.0001,7,0.002420091364377134,14.571428571428571,1.2018206548330357
C. elegans,URAVL,0.0003,7,0.002182266366315203,15.714285714285714,1.5488779317704968
C. elegans,URAVL,0.001,7,0.0006875431403122302,17.857142857142858,-0.17048057944294534
C. elegans,URAVL,0.003,7,-0.0006373293492528352,21.857142857142858,-2.4241334327337096
C. elegans,URAVL,0.01,7,-0.0004509036189657018,24.571428571428573,-2.0482808643004677
C. elegans,URAVL,0.03,7,-0.00023109339336120768,31.0,-1.864125206125313
C. elegans,URAVL,0.05,7,-0.00024479121785233324,33.714285714285715,-1.9524803256877044
C. elegans,URAVL,0.1,7,-5.9801139468506865e-05,38.0,-1.4413218413232212
C. elegans,URAVL,0.2,7,-3.240845720422692e-05,43.714285714285715,-1.2624685500193589
C. elegans,URAVR,1e-05,2,0.005913932628673787,4.0,4.320026926743953
C. elegans,URAVR,3e-05,2,0.009587425445956957,5.0,7.000584249978922
C. elegans,URAVR,0.0001,2,0.009975293102610886,5.5,7.842534192969379
C. elegans,URAVR,0.0003,2,0.00433343273218693,6.5,4.204637474038431
C. elegans,URAVR,0.001,2,0.0038492841872093553,7.5,4.799921314381003
C. elegans,URAVR,0.003,2,0.002188211001287981,11.5,2.7708664815942843
C. elegans,URAVR,0.01,2,0.0013510693540276337,15.0,1.5224498086691418
C. elegans,URAVR,0.03,2,0.0008313787280406044,20.0,1.0116854242322062
C. elegans,URAVR,0.05,2,0.0005678108374891607,22.0,0.4924973790794815
C. elegans,URAVR,0.1,2,0.0008419460775573712,27.5,1.9057487215343352
C. elegans,URAVR,0.2,2,0.0013264668740430564,34.0,4.5048292663671585
C. elegans,URBL,1e-05,15,0.00025028175681097395,24.0,-0.7865522321973852
C. elegans,URBL,3e-05,15,0.00027620771482065286,26.133333333333333,-0.6749006303570836
C. elegans,URBL,0.0001,15,0.0002878283207769589,28.066666666666666,-0.6723514124523228
C. elegans,URBL,0.0003,15,0.00032625618112674834,30.133333333333333,-0.7424914565116894
C. elegans,URBL,0.001,15,0.00040363190705052746,33.266666666666666,-0.616802055664643
C. elegans,URBL,0.003,15,0.0004706892459932001,36.13333333333333,-0.38694557014479514
C. elegans,URBL,0.01,15,0.0004915071123747773,39.8,-0.18083059985878427
C. elegans,URBL,0.03,15,0.0003831530698451275,44.53333333333333,-0.20153427976985494
C. elegans,URBL,0.05,15,0.0003266352442329947,46.2,-0.23315787193698093
C. elegans,URBL,0.1,15,0.000298402293684568,49.4,-0.11175614487953059
C. elegans,URBL,0.2,15,0.0002220096947100424,53.46666666666667,-0.18267468060129383
C. elegans,URBR,1e-05,9,0.00158318690313962,21.88888888888889,0.4152495375590877
C. elegans,URBR,3e-05,9,0.0012491007155817652,23.88888888888889,0.12708099365283518
C. elegans,URBR,0.0001,9,0.000980881114115102,25.666666666666668,-0.06318633297163212
C. elegans,URBR,0.0003,9,0.0007975213684942847,28.0,-0.16068289063499022
C. elegans,URBR,0.001,9,0.0007472167391754823,31.555555555555557,-0.07667094595247394
C. elegans,URBR,0.003,9,0.00036701590670571566,33.888888888888886,-0.5775579564140242
C. elegans,URBR,0.01,9,0.00020881900018354421,36.77777777777778,-0.7409961118910469
C. elegans,URBR,0.03,9,0.00023990886500583326,41.44444444444444,-0.5892557067287476
C. elegans,URBR,0.05,9,0.00019564152585977744,43.55555555555556,-0.6272950991096004
C. elegans,URBR,0.1,9,8.919672570114245e-05,47.333333333333336,-0.8882773084187845
C. elegans,URBR,0.2,9,5.0271303344363666e-05,51.55555555555556,-0.9115615966687771
C. elegans,URXL,1e-05,15,0.0009017721469043796,33.06666666666667,-0.19914186323738742
C. elegans,URXL,3e-05,15,0.0008138311216328381,34.266666666666666,-0.23172333073248577
C. elegans,URXL,0.0001,15,0.0006681664044712033,35.93333333333333,-0.3380497817393272
C. elegans,URXL,0.0003,15,0.0006223036496854544,38.13333333333333,-0.37700094770557874
C. elegans,URXL,0.001,15,0.0006190748657760928,40.4,-0.27811584633339936
C. elegans,URXL,0.003,15,0.0005163924952994351,42.666666666666664,-0.30291619990948515
C. elegans,URXL,0.01,15,0.0002935649220474547,45.666666666666664,-0.5730663664710138
C. elegans,URXL,0.03,15,0.00016277867120317304,49.2,-0.7980252610456837
C. elegans,URXL,0.05,15,0.00017143597722759282,51.0,-0.7001253686718379
C. elegans,URXL,0.1,15,9.786809942538655e-05,53.53333333333333,-0.8560912376619717
C. elegans,URXL,0.2,15,-1.1145346434799444e-05,56.93333333333333,-1.1722242947221908
C. elegans,URXR,1e-05,14,0.001202629820425186,25.428571428571427,0.07212371442058196
C. elegans,URXR,3e-05,14,0.0010613621725955942,26.928571428571427,-0.027676889768586527
C. elegans,URXR,0.0001,14,0.0010216856379448394,28.285714285714285,-0.02732082425304014
C. elegans,URXR,0.0003,14,0.0012137056666606755,30.714285714285715,0.35312461339298173
C. elegans,URXR,0.001,14,0.0010163742593815128,32.357142857142854,0.34645701687734887
C. elegans,URXR,0.003,14,0.0009862263742753845,35.07142857142857,0.5609139558202936
C. elegans,URXR,0.01,14,0.0009183159069413493,38.142857142857146,0.6649197399592591
C. elegans,URXR,0.03,14,0.0006645820299711243,42.642857142857146,0.5602140794745982
C. elegans,URXR,0.05,14,0.0005846033857035421,44.5,0.5430232246892815
C. elegans,URXR,0.1,14,0.0005037048771252796,47.5,0.6502780710722478
C. elegans,URXR,0.2,14,0.00035950126623140565,52.42857142857143,0.4008629125632478
C. elegans,URYDL,1e-05,13,0.0016654085371931061,30.923076923076923,0.48938392408308173
C. elegans,URYDL,3e-05,13,0.0016893009257986048,32.38461538461539,0.4899497564078603
C. elegans,URYDL,0.0001,13,0.0015302591273684467,33.84615384615385,0.419694486967773
C. elegans,URYDL,0.0003,13,0.0013404002519515938,35.92307692307692,0.5095375990077347
C. elegans,URYDL,0.001,13,0.001126642325683727,38.23076923076923,0.5198034729746002
C. elegans,URYDL,0.003,13,0.000797873809612381,41.0,0.21461150181340755
C. elegans,URYDL,0.01,13,0.0006629863779383985,44.92307692307692,0.15896710105189865
C. elegans,URYDL,0.03,13,0.0006096778083214266,48.92307692307692,0.411603926708065
C. elegans,URYDL,0.05,13,0.0005440249728282947,50.61538461538461,0.42092986531041154
C. elegans,URYDL,0.1,13,0.0004364304420019151,53.69230769230769,0.400571415833608
C. elegans,URYDL,0.2,13,0.00038862020597565337,57.76923076923077,0.5244486409525799
C. elegans,URYDR,1e-05,13,0.001008726134143246,24.76923076923077,-0.10270777601053228
C. elegans,URYDR,3e-05,13,0.0007658474507322224,26.615384615384617,-0.2712775492176923
C. elegans,URYDR,0.0001,13,0.0007302014621448783,28.53846153846154,-0.2835235014882124
C. elegans,URYDR,0.0003,13,0.0004998484147968811,30.53846153846154,-0.5281801701569314
C. elegans,URYDR,0.001,13,0.000659283459298176,32.69230769230769,-0.21490609372374417
C. elegans,URYDR,0.003,13,0.0005225402527650702,35.15384615384615,-0.29161301696213465
C. elegans,URYDR,0.01,13,0.0005104783619805713,37.69230769230769,-0.143237792481966
C. elegans,URYDR,0.03,13,0.00025945059287521533,42.07692307692308,-0.5363617929871095
C. elegans,URYDR,0.05,13,0.0002820749781840368,43.69230769230769,-0.3672319322867431
C. elegans,URYDR,0.1,13,0.0002253917854359363,47.53846153846154,-0.3827537352510804
C. elegans,URYDR,0.2,13,0.00022520988364547497,51.38461538461539,-0.16909253495854107
C. elegans,URYVL,1e-05,17,0.0007314408843930866,35.0,-0.35271949274445635
C. elegans,URYVL,3e-05,17,0.0007188670245003354,36.76470588235294,-0.3100047663902397
C. elegans,URYVL,0.0001,17,0.0006995977561374359,37.88235294117647,-0.3104229082601458
C. elegans,URYVL,0.0003,17,0.000702260833397594,39.35294117647059,-0.2782884273792698
C. elegans,URYVL,0.001,17,0.0006081985908557959,41.0,-0.2952138491931359
C. elegans,URYVL,0.003,17,0.0005836201488537705,42.94117647058823,-0.17931235387401878
C. elegans,URYVL,0.01,17,0.0005301893772866684,45.88235294117647,-0.10417908960256667
C. elegans,URYVL,0.03,17,0.00042583713911839734,49.0,-0.08600061287134883
C. elegans,URYVL,0.05,17,0.0004364836146370239,50.76470588235294,0.09735669515944391
C. elegans,URYVL,0.1,17,0.000372662029705325,54.529411764705884,0.1638782809858678
C. elegans,URYVL,0.2,17,0.0003036648440635984,57.11764705882353,0.16388364872772715
C. elegans,URYVR,1e-05,12,0.002331378529778569,26.916666666666668,1.0898496945832834
C. elegans,URYVR,3e-05,12,0.001986072146391987,28.166666666666668,0.7345861812404889
C. elegans,URYVR,0.0001,12,0.0015255934830506596,30.083333333333332,0.41559357630267924
C. elegans,URYVR,0.0003,12,0.0012505719145240483,32.583333333333336,0.3986384755954021
C. elegans,URYVR,0.001,12,0.0010566306830696148,35.083333333333336,0.4097419607010332
C. elegans,URYVR,0.003,12,0.0008109234249926069,37.666666666666664,0.23860434649860604
C. elegans,URYVR,0.01,12,0.000852405533326632,42.0,0.5343139005486874
C. elegans,URYVR,0.03,12,0.000662402968450499,46.0,0.554315978094819
C. elegans,URYVR,0.05,12,0.0005444207587458147,48.5,0.4221207160322822
C. elegans,URYVR,0.1,12,0.000482048153827424,52.416666666666664,0.5698934802805206
C. elegans,URYVR,0.2,12,0.0003679455750650387,56.916666666666664,0.43670199417524813
Drosophila,AL_L,1e-05,20,2.9223684519324112e-05,41.05,-0.5203909845621894
Drosophila,AL_L,3e-05,20,5.3741160810380345e-05,42.1,-0.4700716505944672
Drosophila,AL_L,0.0001,20,3.189791591018473e-05,43.35,-0.502291957373524
Drosophila,AL_L,0.0003,20,2.1797445340937408e-05,44.6,-0.4631008398430659
Drosophila,AL_L,0.001,20,1.1896988755645158e-05,46.6,-0.3116591526923767
Drosophila,AL_L,0.003,20,-3.210365499093677e-05,48.55,-0.5859591007020337
Drosophila,AL_L,0.01,20,-2.2626186541215315e-05,50.9,-0.4815471753864842
Drosophila,AL_L,0.03,20,-4.206887505145077e-06,53.2,-0.3320387723495053
Drosophila,AL_L,0.05,20,-1.9803722230052466e-05,54.4,-0.51148011478239
Drosophila,AL_L,0.1,20,-1.3055841963090007e-05,56.55,-0.49053708810825364
Drosophila,AL_L,0.2,20,-2.880848212369522e-05,58.35,-0.6916117351322121
Drosophila,AL_R,1e-05,20,-4.106317690151608e-06,41.5,-0.5558499464669228
Drosophila,AL_R,3e-05,20,-1.879814007261519e-05,42.7,-0.5540358389156123
Drosophila,AL_R,0.0001,20,-1.3680440857026396e-05,44.3,-0.5725643944916368
Drosophila,AL_R,0.0003,20,-1.7797755933036432e-05,45.6,-0.5464703662452569
Drosophila,AL_R,0.001,20,-4.585872516674231e-05,46.95,-0.42372615943366776
Drosophila,AL_R,0.003,20,-3.7190009159840464e-06,48.15,-0.5024351638190518
Drosophila,AL_R,0.01,20,-4.943799574518013e-05,50.4,-0.5698270835740311
Drosophila,AL_R,0.03,20,-5.860965806460479e-05,52.6,-0.5783710518760588
Drosophila,AL_R,0.05,20,-7.687048207229816e-05,53.85,-0.8039422813750775
Drosophila,AL_R,0.1,20,-7.518042446917226e-05,55.85,-0.8800623703455952
Drosophila,AL_R,0.2,20,-5.0654388878727126e-05,57.8,-0.8921939170457764
Drosophila,AME_L,1e-05,19,0.0027762258183362974,8.578947368421053,2.4020763889186605
Drosophila,AME_L,3e-05,19,0.0025940846954738547,9.736842105263158,2.4703741539347575
Drosophila,AME_L,0.0001,19,0.0022736934801965997,11.631578947368421,2.9540949989967955
Drosophila,AME_L,0.0003,19,0.0022617341330031086,13.473684210526315,4.253189387579892
Drosophila,AME_L,0.001,19,0.0014932428217200075,15.789473684210526,2.5626883737200927
Drosophila,AME_L,0.003,19,0.0013950559605793772,18.57894736842105,3.613563265787621
Drosophila,AME_L,0.01,19,0.0010912460781466995,22.263157894736842,3.1859614403604555
Drosophila,AME_L,0.03,19,0.0004676452455598629,26.526315789473685,1.8044776282322157
Drosophila,AME_L,0.05,19,0.0006258937810038698,29.31578947368421,2.7976632688846244
Drosophila,AME_L,0.1,19,0.0004093669243870076,33.73684210526316,2.1580818747618915
Drosophila,AME_L,0.2,19,0.0003831707101004695,39.89473684210526,3.0910504452909797
Drosophila,AME_R,1e-05,20,0.002530200144548335,3.8,2.1403357823742795
Drosophila,AME_R,3e-05,20,0.002138357115834101,4.45,1.9428698100242434
Drosophila,AME_R,0.0001,20,0.001222995023729355,5.6,1.3341344201347385
Drosophila,AME_R,0.0003,20,0.001408535646778301,6.8,2.4567405393609225
Drosophila,AME_R,0.001,20,0.001984334045946059,8.8,3.5155832441719825
Drosophila,AME_R,0.003,20,0.0011624870315688832,11.35,2.9292120492351414
Drosophila,AME_R,0.01,20,0.0009691441062999742,14.45,2.7839314698296573
Drosophila,AME_R,0.03,20,0.0005462784238549099,19.4,2.1605236504594556
Drosophila,AME_R,0.05,20,0.00038474007001209265,22.6,1.561771534475851
Drosophila,AME_R,0.1,20,0.00015099076092070225,27.25,0.5380460702917268
Drosophila,AME_R,0.2,20,0.00030941707901930947,33.85,2.413868014174925
Drosophila,AMMC_L,1e-05,20,0.0004892107941766577,29.15,-0.031022118172774664
Drosophila,AMMC_L,3e-05,20,0.00034899138262394993,31.5,-0.12831973233155325
Drosophila,AMMC_L,0.0001,20,0.0002613249675967843,33.4,-0.14856270501840219
Drosophila,AMMC_L,0.0003,20,0.00021123448606867978,35.05,-0.06423239466899164
Drosophila,AMMC_L,0.001,20,0.0002331862163681674,36.9,0.11772210984301491
Drosophila,AMMC_L,0.003,20,0.00010173412199716366,39.15,-0.19213157656894872
Drosophila,AMMC_L,0.01,20,1.6892282524274202e-05,42.05,-0.3514296292606549
Drosophila,AMMC_L,0.03,20,4.27214947841299e-05,45.75,-0.11955004677667569
Drosophila,AMMC_L,0.05,20,3.618236543955529e-05,47.45,-0.22455629881377523
Drosophila,AMMC_L,0.1,20,2.552553784953134e-05,50.15,-0.24862925944564565
Drosophila,AMMC_L,0.2,20,6.691661852752098e-05,53.3,0.18730575581120606
Drosophila,AMMC_R,1e-05,20,0.0004203937372727724,29.35,-0.10423487657028224
Drosophila,AMMC_R,3e-05,20,0.00031721159541554306,30.9,-0.16510481304630414
Drosophila,AMMC_R,0.0001,20,0.00034032943266399626,33.1,-0.026754094588643022
Drosophila,AMMC_R,0.0003,20,0.00026954623186578456,35.25,0.05854568131934852
Drosophila,AMMC_R,0.001,20,0.00027586754131987885,37.75,0.20053934135569848
Drosophila,AMMC_R,0.003,20,0.00029664472609445245,40.0,0.3814072430854158
Drosophila,AMMC_R,0.01,20,0.000282061359371691,42.95,0.5216595972136586
Drosophila,AMMC_R,0.03,20,0.00023593738784443802,45.85,0.7553192087566435
Drosophila,AMMC_R,0.05,20,0.0001931690002958512,48.15,0.5799865118011522
Drosophila,AMMC_R,0.1,20,0.00010831542186369943,51.05,0.27046884369023144
Drosophila,AMMC_R,0.2,20,0.00010546501013787874,53.6,0.5412448522821325
Drosophila,ATL_L,1e-05,20,0.00045734129935630304,31.1,-0.06492728252457239
Drosophila,ATL_L,3e-05,20,0.00033630359931241565,32.7,-0.14300583234051095
Drosophila,ATL_L,0.0001,20,0.0003141618447510072,34.3,-0.06709912469887909
Drosophila,ATL_L,0.0003,20,0.0004333301819976241,36.4,0.40340035853870115
Drosophila,ATL_L,0.001,20,0.0003597226881584129,38.4,0.36324870234938705
Drosophila,ATL_L,0.003,20,0.00030310069335315874,40.6,0.40040440262137117
Drosophila,ATL_L,0.01,20,0.00027344948237607077,43.55,0.4933043413369542
Drosophila,ATL_L,0.03,20,0.0002324350677242092,46.95,0.7394609263571332
Drosophila,ATL_L,0.05,20,0.0001555058135857933,48.85,0.38696596505102543
Drosophila,ATL_L,0.1,20,0.00014789062636351295,51.0,0.5186080195290569
Drosophila,ATL_L,0.2,20,0.00010824258622030934,53.0,0.5667476742657762
Drosophila,ATL_R,1e-05,20,-0.00019212196972276556,34.1,-0.755875131014396
Drosophila,ATL_R,3e-05,20,-0.0001959533089027715,35.65,-0.7590928187411013
Drosophila,ATL_R,0.0001,20,-9.782685089824387e-05,37.6,-0.7023008248447009
Drosophila,ATL_R,0.0003,20,-0.00014100004625496474,39.05,-0.8058784830201504
Drosophila,ATL_R,0.001,20,-9.09919741658195e-05,41.0,-0.5113010117960307
Drosophila,ATL_R,0.003,20,-0.0001581763491687002,43.05,-0.9569372962919879
Drosophila,ATL_R,0.01,20,-4.494540097681807e-05,45.2,-0.555034875757775
Drosophila,ATL_R,0.03,20,-6.684585292051425e-06,47.65,-0.34325763009424953
Drosophila,ATL_R,0.05,20,-2.267589040577652e-05,48.95,-0.5261997261605881
Drosophila,ATL_R,0.1,20,3.471439160820132e-05,51.15,-0.19101453256304404
Drosophila,ATL_R,0.2,20,8.26154222589394e-05,53.95,0.33144718885817287
Drosophila,AVLP_L,1e-05,20,-0.00036247898753102544,41.3,-0.9371137330013383
Drosophila,AVLP_L,3e-05,20,-0.0004072488032706062,42.25,-1.0036672006906409
Drosophila,AVLP_L,0.0001,20,-0.0003864424712503959,43.8,-1.147286657398724
Drosophila,AVLP_L,0.0003,20,-0.00042189926592919766,45.05,-1.3973247734164294
Drosophila,AVLP_L,0.001,20,-0.00035958156085884264,46.9,-1.0324621052770366
Drosophila,AVLP_L,0.003,20,-0.0003532187131875858,48.6,-1.5308638292278354
Drosophila,AVLP_L,0.01,20,-0.0003058482590118869,51.05,-1.414077254360056
Drosophila,AVLP_L,0.03,20,-0.0003084849051241072,53.3,-1.7097902530021138
Drosophila,AVLP_L,0.05,20,-0.0002798850702425537,54.2,-1.8443743379755884
Drosophila,AVLP_L,0.1,20,-0.00026793452683415145,55.6,-2.088643468154551
Drosophila,AVLP_L,0.2,20,-0.00017440366684721157,57.85,-2.0284205092163856
Drosophila,AVLP_R,1e-05,20,-0.00013700659653992248,39.0,-0.6972392537716401
Drosophila,AVLP_R,3e-05,20,-0.00010131038367475614,40.15,-0.6495437012230422
Drosophila,AVLP_R,0.0001,20,-7.063633940080127e-05,41.65,-0.6603786572867002
Drosophila,AVLP_R,0.0003,20,-8.028776931919073e-05,43.35,-0.6780459777649962
Drosophila,AVLP_R,0.001,20,-5.5857176149950573e-05,45.2,-0.44312677623226543
Drosophila,AVLP_R,0.003,20,-5.6778717558401794e-05,46.85,-0.6585672911357237
Drosophila,AVLP_R,0.01,20,-3.279129730986719e-05,49.05,-0.5150165708512309
Drosophila,AVLP_R,0.03,20,-1.1068589576744235e-05,51.8,-0.3631081222253856
Drosophila,AVLP_R,0.05,20,-2.1906226227727388e-05,53.45,-0.5222552643813793
Drosophila,AVLP_R,0.1,20,-2.5949964161359758e-05,55.7,-0.5713840956192024
Drosophila,AVLP_R,0.2,20,-1.7557901051335255e-05,57.85,-0.5883124706707074
Drosophila,CRE_L,1e-05,20,0.0001947632241691353,43.75,-0.3442775779899882
Drosophila,CRE_L,3e-05,20,0.00018417626106017994,45.15,-0.31909311636890625
Drosophila,CRE_L,0.0001,20,0.00015713541140469368,46.4,-0.30920153790278426
Drosophila,CRE_L,0.0003,20,0.00014003093755520648,47.35,-0.21415475714541654
Drosophila,CRE_L,0.001,20,0.00012504344366187043,48.7,-0.09211404341074637
Drosophila,CRE_L,0.003,20,0.00013533600124953501,50.1,-0.09325557003338833
Drosophila,CRE_L,0.01,20,0.00012179054174896761,51.9,-0.006044182760459809
Drosophila,CRE_L,0.03,20,9.14203056281934e-05,53.6,0.10095506651235127
Drosophila,CRE_L,0.05,20,8.804310330863462e-05,54.25,0.041225459257203334
Drosophila,CRE_L,0.1,20,0.00011481345846660619,55.95,0.31121196725952094
Drosophila,CRE_L,0.2,20,0.00010950295365162227,57.95,0.5783199679782957
Drosophila,CRE_R,1e-05,20,0.00016374567335702468,44.3,-0.3772763802616567
Drosophila,CRE_R,3e-05,20,0.00014563247507592175,45.4,-0.363707520775867
Drosophila,CRE_R,0.0001,20,0.00012038126446194496,46.55,-0.36586886123468304
Drosophila,CRE_R,0.0003,20,0.00012230884058050706,47.65,-0.251469451454233
Drosophila,CRE_R,0.001,20,0.00010605756187238578,49.0,-0.12895353162745748
Drosophila,CRE_R,0.003,20,6.354794203208349e-05,50.35,-0.30449722586604544
Drosophila,CRE_R,0.01,20,6.388566896247376e-05,52.55,-0.19670035274571182
Drosophila,CRE_R,0.03,20,5.242725763641501e-05,54.45,-0.0756029708582819
Drosophila,CRE_R,0.05,20,4.544874147822608e-05,55.65,-0.17706692986723127
Drosophila,CRE_R,0.1,20,3.6560329467544856e-05,57.1,-0.17944037887624883
Drosophila,CRE_R,0.2,20,6.948877277681495e-05,58.95,0.21092245972407028
Drosophila,EB,1e-05,20,0.00020687389983335314,38.7,-0.3313933308087506
Drosophila,EB,3e-05,20,0.0001977319422750528,39.9,-0.3034024251643842
Drosophila,EB,0.0001,20,0.00014023345728287045,41.6,-0.3352608694022802
Drosophila,EB,0.0003,20,0.00013551682865520714,42.65,-0.22365942207985723
Drosophila,EB,0.001,20,0.00011018682272669374,44.65,-0.12094126976505316
Drosophila,EB,0.003,20,6.535272949139773e-05,45.9,-0.29918650573393085
Drosophila,EB,0.01,20,0.00011093009114081893,48.55,-0.04180303719915902
Drosophila,EB,0.03,20,7.113571686053955e-05,51.0,0.00910774074180655
Drosophila,EB,0.05,20,3.879843020298063e-05,52.6,-0.21114919508520907
Drosophila,EB,0.1,20,2.044150512321043e-05,54.55,-0.28050648425323527
Drosophila,EB,0.2,20,3.0584653111282196e-05,56.9,-0.14628281884105704
Drosophila,EPA_L,1e-05,20,0.0007011140890561638,29.15,0.19441653656825927
Drosophila,EPA_L,3e-05,20,0.0007441519206434404,31.25,0.3290783046976582
Drosophila,EPA_L,0.0001,20,0.0005747101391384189,33.1,0.33461267300995406
Drosophila,EPA_L,0.0003,20,0.0005444867641651431,35.6,0.637445680032839
Drosophila,EPA_L,0.001,20,0.00041558029641466183,37.45,0.47163269651864625
Drosophila,EPA_L,0.003,20,0.0003766292559948034,39.9,0.6167676180743444
Drosophila,EPA_L,0.01,20,0.00030116877606945245,42.85,0.5845722107917884
Drosophila,EPA_L,0.03,20,0.00021835275149260808,46.05,0.6756970955325117
Drosophila,EPA_L,0.05,20,0.00020314748922300126,48.35,0.6311253971877211
Drosophila,EPA_L,0.1,20,0.00013172553827681062,51.15,0.41725183739700417
Drosophila,EPA_L,0.2,20,7.202731298754721e-05,54.45,0.23423053020398812
Drosophila,EPA_R,1e-05,20,0.0006775449011044119,28.8,0.16934186263172193
Drosophila,EPA_R,3e-05,20,0.0005833163804569479,30.75,0.14291128322699195
Drosophila,EPA_R,0.0001,20,0.0004833613103251572,32.8,0.19377159658898035
Drosophila,EPA_R,0.0003,20,0.0004649384211258756,35.15,0.4699529669797054
Drosophila,EPA_R,0.001,20,0.0003312192765519477,37.7,0.3079417586079584
Drosophila,EPA_R,0.003,20,0.00023241702667537367,40.4,0.19241250324280218
Drosophila,EPA_R,0.01,20,0.0002069732457569326,43.6,0.2744263081260007
Drosophila,EPA_R,0.03,20,0.0001543251571456974,46.95,0.385784227017151
Drosophila,EPA_R,0.05,20,0.00010795118347400647,49.4,0.1432526336396422
Drosophila,EPA_R,0.1,20,5.6903392424199134e-05,51.8,-0.0518880152207352
Drosophila,EPA_R,0.2,20,4.991961890882853e-05,54.2,0.031244700175872
Drosophila,FB,1e-05,20,-8.771373773001654e-05,46.85,-0.6447978050213327
Drosophila,FB,3e-05,20,-7.35346105850591e-05,47.7,-0.6173932639555193
Drosophila,FB,0.0001,20,-9.886850469981192e-05,49.1,-0.7039068404288825
Drosophila,FB,0.0003,20,-7.452517863190143e-05,50.3,-0.6659125767216538
Drosophila,FB,0.001,20,-2.8395422207184475e-05,51.55,-0.38984102569393275
Drosophila,FB,0.003,20,-2.915164732015093e-05,52.8,-0.5772726005346644
Drosophila,FB,0.01,20,-5.254946614561848e-05,54.35,-0.5800718350262513
Drosophila,FB,0.03,20,5.0269518791709574e-06,56.2,-0.29022853583159464
Drosophila,FB,0.05,20,-1.613760528464719e-06,57.1,-0.41825814766544606
Drosophila,FB,0.1,20,5.702810049336538e-05,58.4,-0.05110608729655959
Drosophila,FB,0.2,20,6.334064146028792e-05,59.85,0.1544722693983218
Drosophila,FLA,1e-05,20,0.0005502441684546935,43.95,0.03390977351569726
Drosophila,FLA,3e-05,20,0.0004635580304369197,45.05,0.0042910796723638
Drosophila,FLA,0.0001,20,0.0003473769370499019,46.5,-0.015888294592218924
Drosophila,FLA,0.0003,20,0.00026966309393152847,48.1,0.05879173980022448
Drosophila,FLA,0.001,20,0.00026803538870986195,49.55,0.18534212813234402
Drosophila,FLA,0.003,20,0.00023926352264914537,51.05,0.21255882230918488
Drosophila,FLA,0.01,20,0.00016299454117089593,53.5,0.12962309945299377
Drosophila,FLA,0.03,20,0.00015488408865208702,55.55,0.38831503327301403
Drosophila,FLA,0.05,20,0.000158505928026107,56.75,0.4023412898752431
Drosophila,FLA,0.1,20,0.00013547240970422208,57.85,0.44074497153801173
Drosophila,FLA,0.2,20,0.00011527128564368374,59.55,0.6312829614554606
Drosophila,GA_L,1e-05,20,0.001099917762295303,15.4,0.6186938638837088
Drosophila,GA_L,3e-05,20,0.0012162274590366282,16.5,0.8755053990445694
Drosophila,GA_L,0.0001,20,0.0005488550452312598,17.55,0.2947494442837968
Drosophila,GA_L,0.0003,20,0.0005705145211812027,19.25,0.6922483254525631
Drosophila,GA_L,0.001,20,0.0005971842096177785,21.45,0.8240100732839549
Drosophila,GA_L,0.003,20,0.00032533276185320667,24.25,0.4658239029356172
Drosophila,GA_L,0.01,20,0.00016843356235213286,28.5,0.1475314877626762
Drosophila,GA_L,0.03,20,0.0002466787972939009,33.1,0.8039556264942722
Drosophila,GA_L,0.05,20,0.00017239532132828903,35.65,0.4735232190585956
Drosophila,GA_L,0.1,20,0.0001214295524777881,39.5,0.35269531866493453
Drosophila,GA_L,0.2,20,1.268759844097005e-05,44.25,-0.310607894282052
Drosophila,GA_R,1e-05,20,0.001519794623779217,13.5,1.065390433012779
Drosophila,GA_R,3e-05,20,0.0015183454378283005,14.9,1.2252067410437748
Drosophila,GA_R,0.0001,20,0.0011367617684471159,15.8,1.2011805043044352
Drosophila,GA_R,0.0003,20,0.000762350877912685,17.95,1.0961686413706933
Drosophila,GA_R,0.001,20,0.0004172601297619247,20.25,0.47489218172395314
Drosophila,GA_R,0.003,20,0.0002696763258601697,22.8,0.30205073752240125
Drosophila,GA_R,0.01,20,0.0001393879029982489,26.25,0.05189645912654581
Drosophila,GA_R,0.03,20,2.024265995660431e-05,30.15,-0.22133277892840109
Drosophila,GA_R,0.05,20,8.067006929851975e-05,32.6,0.003439303061885848
Drosophila,GA_R,0.1,20,5.464210739965364e-05,37.1,-0.06606642337855131
Drosophila,GA_R,0.2,20,8.358551511702806e-06,42.6,-0.3503558291430589
Drosophila,GOR_L,1e-05,20,0.0005393260982488178,34.55,0.02229430967413515
Drosophila,GOR_L,3e-05,20,0.0004868367867984472,35.95,0.031236223328683997
Drosophila,GOR_L,0.0001,20,0.0003954647064100627,37.65,0.0582531398120865
Drosophila,GOR_L,0.0003,20,0.0004086588226278623,39.8,0.35145367105697156
Drosophila,GOR_L,0.001,20,0.0003603195866043108,42.05,0.36440690155804367
Drosophila,GOR_L,0.003,20,0.000315131464125611,43.85,0.435805832422083
Drosophila,GOR_L,0.01,20,0.0002518959161818576,46.6,0.422337595666618
Drosophila,GOR_L,0.03,20,0.000196135236613332,49.65,0.57509760345985
Drosophila,GOR_L,0.05,20,0.0001685092171385703,51.35,0.4536072740483675
Drosophila,GOR_L,0.1,20,0.0001440418810548463,53.8,0.49447612934740065
Drosophila,GOR_L,0.2,20,0.00012367410211924895,56.5,0.7084349552723295
Drosophila,GOR_R,1e-05,20,0.0004918193570533771,36.15,-0.028246932888046496
Drosophila,GOR_R,3e-05,20,0.0004841100944367596,37.75,0.02808007889161747
Drosophila,GOR_R,0.0001,20,0.0004240564455507532,40.1,0.10233571174691056
Drosophila,GOR_R,0.0003,20,0.00033814278672294454,42.4,0.20297889815520764
Drosophila,GOR_R,0.001,20,0.00022413395082930497,44.65,0.1001574355576119
Drosophila,GOR_R,0.003,20,0.00017857166050801155,46.2,0.033968544287797844
Drosophila,GOR_R,0.01,20,0.00015962127467413333,48.45,0.11851636456759507
Drosophila,GOR_R,0.03,20,0.00014916219548585916,51.25,0.36240666551251893
Drosophila,GOR_R,0.05,20,0.00016211920820532918,52.85,0.420859035628515
Drosophila,GOR_R,0.1,20,0.00012533453576191774,55.05,0.3771798247094424
Drosophila,GOR_R,0.2,20,0.00010731817851262703,57.1,0.5582600561017041
Drosophila,IB_L,1e-05,20,0.00025588927683741484,42.6,-0.2792470880629566
Drosophila,IB_L,3e-05,20,0.0002075572942177335,43.9,-0.29202958739513907
Drosophila,IB_L,0.0001,20,0.0001905216226767193,45.55,-0.25772687758959706
Drosophila,IB_L,0.0003,20,0.0002080654634910054,47.35,-0.07090491818088053
Drosophila,IB_L,0.001,20,0.00018667143124202087,48.8,0.027466576939265706
Drosophila,IB_L,0.003,20,0.0001536586088455949,50.35,-0.03933994660025331
Drosophila,IB_L,0.01,20,0.00015378349567704894,52.25,0.09929503601190812
Drosophila,IB_L,0.03,20,0.00010130426868901044,54.55,0.14570902162326346
Drosophila,IB_L,0.05,20,9.391815370408978e-05,55.2,0.07133458008771634
Drosophila,IB_L,0.1,20,8.75419698670065e-05,57.05,0.14021791200367303
Drosophila,IB_L,0.2,20,5.5033285550441345e-05,59.05,0.07819676419660891
Drosophila,IB_R,1e-05,20,0.00028040872008455313,44.1,-0.25316146110856147
Drosophila,IB_R,3e-05,20,0.0002473819109389776,45.8,-0.24593262233624616
Drosophila,IB_R,0.0001,20,0.0001843472358084009,47.55,-0.267246510233724
Drosophila,IB_R,0.0003,20,0.00012680371894978852,49.55,-0.24200527729106833
Drosophila,IB_R,0.001,20,0.00013711124137772828,51.2,-0.06869814433982593
Drosophila,IB_R,0.003,20,0.00011021943343366035,52.65,-0.16716292220441334
Drosophila,IB_R,0.01,20,9.002608169851785e-05,54.25,-0.1106310681716106
Drosophila,IB_R,0.03,20,7.202928059564001e-05,56.0,0.013153740412521568
Drosophila,IB_R,0.05,20,7.780082024228015e-05,57.15,-0.011265348083572182
Drosophila,IB_R,0.1,20,5.366076133033904e-05,58.75,-0.07221952878710436
Drosophila,IB_R,0.2,20,5.2934141554370546e-05,60.15,0.05892309029494511
Drosophila,ICL_L,1e-05,20,0.00020453149101740388,46.75,-0.3338853613957285
Drosophila,ICL_L,3e-05,20,0.00018219038057331986,47.7,-0.32139177159651805
Drosophila,ICL_L,0.0001,20,0.00015728521825635362,48.8,-0.30897056659732663
Drosophila,ICL_L,0.0003,20,0.00015082461140778533,49.9,-0.19142817795712744
Drosophila,ICL_L,0.001,20,0.00013163356327778214,51.1,-0.07932682411648327
Drosophila,ICL_L,0.003,20,0.0001558899146765011,52.1,-0.03277416472054057
Drosophila,ICL_L,0.01,20,0.0001536441118703844,53.75,0.09883610429411281
Drosophila,ICL_L,0.03,20,0.00013081340846806284,55.2,0.2793245267508366
Drosophila,ICL_L,0.05,20,0.00012463158632099343,56.4,0.2287382432967239
Drosophila,ICL_L,0.1,20,0.00011074715062441176,57.75,0.28571594545946094
Drosophila,ICL_L,0.2,20,8.665327756079905e-05,60.1,0.3685214946208169
Drosophila,ICL_R,1e-05,20,0.00022138454892219143,46.65,-0.3159558114824605
Drosophila,ICL_R,3e-05,20,0.00016513220303774308,47.7,-0.3411365997597083
Drosophila,ICL_R,0.0001,20,0.00015654166485826323,48.85,-0.31011697276721417
Drosophila,ICL_R,0.0003,20,0.00016705270362240952,49.7,-0.1572591797246676
Drosophila,ICL_R,0.001,20,0.0001553534592116539,51.05,-0.033301633585619786
Drosophila,ICL_R,0.003,20,0.0001577197779000107,52.5,-0.027389657303916043
Drosophila,ICL_R,0.01,20,0.00012552478890192592,54.15,0.006251108217667081
Drosophila,ICL_R,0.03,20,0.0001219949973952135,56.1,0.23939532316362222
Drosophila,ICL_R,0.05,20,0.00011616583674840869,56.7,0.18535201515491917
Drosophila,ICL_R,0.1,20,0.00011282517791716804,58.25,0.298745315397336
Drosophila,ICL_R,0.2,20,0.00010022150808906187,60.1,0.493100680762327
Drosophila,IPS_L,1e-05,20,0.00022906511957660486,41.35,-0.3077846430399924
Drosophila,IPS_L,3e-05,20,0.00019133043385523535,42.45,-0.3108121665315904
Drosophila,IPS_L,0.0001,20,0.0001612651665657303,43.65,-0.3028343061627422
Drosophila,IPS_L,0.0003,20,0.00012581001910589324,44.85,-0.2440975582419404
Drosophila,IPS_L,0.001,20,7.088328930166327e-05,47.1,-0.19720436212710798
Drosophila,IPS_L,0.003,20,9.660467687095073e-05,48.15,-0.20722534695047984
Drosophila,IPS_L,0.01,20,7.882432967930166e-05,50.75,-0.14751368330113496
Drosophila,IPS_L,0.03,20,3.7061290234508874e-05,52.55,-0.14517909241086488
Drosophila,IPS_L,0.05,20,8.72093590820513e-06,53.65,-0.3652937298624806
Drosophila,IPS_L,0.1,20,-3.250026527982051e-05,55.75,-0.612454921192287
Drosophila,IPS_L,0.2,20,-4.053031785728678e-05,57.5,-0.7992379103164772
Drosophila,IPS_R,1e-05,20,0.0001483755245324906,39.4,-0.39362830001893445
Drosophila,IPS_R,3e-05,20,0.00011176799048663779,40.35,-0.40290563720160294
Drosophila,IPS_R,0.0001,20,0.0001066232651507264,41.9,-0.38708086206232506
Drosophila,IPS_R,0.0003,20,0.00011515631298027545,43.65,-0.2665294289116999
Drosophila,IPS_R,0.001,20,1.7494224244408245e-05,45.25,-0.30079848827232075
Drosophila,IPS_R,0.003,20,-1.9018760812997732e-05,46.45,-0.5474558350799567
Drosophila,IPS_R,0.01,20,-7.04513734324802e-05,49.05,-0.6390152177589774
Drosophila,IPS_R,0.03,20,-5.4030021684623114e-05,51.5,-0.5576347500796154
Drosophila,IPS_R,0.05,20,-7.981427295435006e-05,52.9,-0.8190289528759772
Drosophila,IPS_R,0.1,20,-7.916755026671427e-05,54.5,-0.9050619154363212
Drosophila,IPS_R,0.2,20,-7.360809477887135e-05,56.9,-1.1029475590932822
Drosophila,IVLP_L,1e-05,20,0.0002786727092872913,39.7,-0.2550083598978094
Drosophila,IVLP_L,3e-05,20,0.0002798459162403365,41.4,-0.2083555596736402
Drosophila,IVLP_L,0.0001,20,0.0002635144065407838,43.1,-0.14518704118519357
Drosophila,IVLP_L,0.0003,20,0.00018497676133690893,44.55,-0.11951924774342569
Drosophila,IVLP_L,0.001,20,0.0001305502537602319,46.45,-0.08142883700423582
Drosophila,IVLP_L,0.003,20,0.00011516601936210085,48.6,-0.15260722849110187
Drosophila,IVLP_L,0.01,20,0.00011901908386985815,51.4,-0.015169417288730894
Drosophila,IVLP_L,0.03,20,6.302075318205625e-05,53.8,-0.027636297854742246
Drosophila,IVLP_L,0.05,20,4.7254625980036244e-05,55.1,-0.16781192931216957
Drosophila,IVLP_L,0.1,20,4.178629097553327e-05,56.65,-0.14667325112675658
Drosophila,IVLP_L,0.2,20,3.728723711156333e-05,58.55,-0.0847418199568762
Drosophila,IVLP_R,1e-05,20,0.0001780080285697901,39.45,-0.3621030146260119
Drosophila,IVLP_R,3e-05,20,0.00011561041773960215,41.4,-0.3984580304346369
Drosophila,IVLP_R,0.0001,20,0.0001267379548959959,42.8,-0.3560681540462328
Drosophila,IVLP_R,0.0003,20,7.089494082945268e-05,44.85,-0.35972379376900687
Drosophila,IVLP_R,0.001,20,0.00012056323512265681,46.2,-0.10080727091099242
Drosophila,IVLP_R,0.003,20,0.00012149312767951132,47.9,-0.133989245888259
Drosophila,IVLP_R,0.01,20,0.00012017175142000848,50.25,-0.011374172263528062
Drosophila,IVLP_R,0.03,20,0.00010575452515079197,52.9,0.16585949939185937
Drosophila,IVLP_R,0.05,20,9.135408732544994e-05,54.45,0.058193963545661656
Drosophila,IVLP_R,0.1,20,8.363408981283548e-05,55.75,0.1157152430175014
Drosophila,IVLP_R,0.2,20,6.869584242648685e-05,57.8,0.20364202492418898
Drosophila,LAL_L,1e-05,20,2.473047943152212e-05,47.95,-0.525171193907427
Drosophila,LAL_L,3e-05,20,2.0639095886196068e-05,48.6,-0.5083872668091324
Drosophila,LAL_L,0.0001,20,4.354123071170128e-06,49.7,-0.5447588119852378
Drosophila,LAL_L,0.0003,20,-3.3176663308599096e-06,50.75,-0.5159818683072948
Drosophila,LAL_L,0.001,20,-1.2528975539457262e-05,52.0,-0.3590543716139234
Drosophila,LAL_L,0.003,20,-1.4472497160011589e-05,53.8,-0.5340781191704123
Drosophila,LAL_L,0.01,20,-6.549610871706824e-06,55.55,-0.42861383495884575
Drosophila,LAL_L,0.03,20,-8.365139154075546e-07,56.9,-0.3167779354347983
Drosophila,LAL_L,0.05,20,-4.2028547606354715e-06,57.8,-0.4315270297738137
Drosophila,LAL_L,0.1,20,-1.0850758663682823e-05,59.0,-0.4767110685213319
Drosophila,LAL_L,0.2,20,2.1838801967669368e-06,60.75,-0.4070497013103772
Drosophila,LAL_R,1e-05,20,2.224666810751452e-05,48.1,-0.5278136591122895
Drosophila,LAL_R,3e-05,20,-1.123953043155119e-05,49.05,-0.5452867537214773
Drosophila,LAL_R,0.0001,20,2.58625828913527e-06,50.1,-0.5474844953038221
Drosophila,LAL_R,0.0003,20,1.5004086807805462e-06,51.25,-0.5058371886752525
Drosophila,LAL_R,0.001,20,-4.518863631777503e-05,52.55,-0.4224259443301822
Drosophila,LAL_R,0.003,20,-4.8241073787793354e-05,53.95,-0.6334446450205843
Drosophila,LAL_R,0.01,20,-1.7456689445857254e-05,55.45,-0.4645262154996551
Drosophila,LAL_R,0.03,20,-1.7310544700414814e-05,56.95,-0.39137129740018123
Drosophila,LAL_R,0.05,20,6.44506539638596e-06,57.8,-0.3769573677247148
Drosophila,LAL_R,0.1,20,3.2794234605753944e-06,59.6,-0.3881138827055906
Drosophila,LAL_R,0.2,20,-1.1409416317966187e-05,60.85,-0.5318590353836901
Drosophila,LB_L,1e-05,20,0.0007959844471459753,14.5,0.2953467553018979
Drosophila,LB_L,3e-05,20,0.000936680108061742,15.6,0.5519295424231718
Drosophila,LB_L,0.0001,20,0.0006746715237492192,16.85,0.4887325363077765
Drosophila,LB_L,0.0003,20,-0.00033133835706936857,18.7,-1.2066445940190682
Drosophila,LB_L,0.001,20,-0.0006589452484422002,22.0,-1.613336102256539
Drosophila,LB_L,0.003,20,0.00027480470664038924,25.3,0.3171413759873926
Drosophila,LB_L,0.01,20,-1.8979566579409476e-05,28.35,-0.46954040355791654
Drosophila,LB_L,0.03,20,-0.00015233504194154266,32.9,-1.0027536195740352
Drosophila,LB_L,0.05,20,-0.00033772101026256773,35.8,-2.140778485888262
Drosophila,LB_L,0.1,20,-0.0002878704180602974,40.3,-2.213642837860692
Drosophila,LB_L,0.2,20,-5.5027779770128825e-05,44.85,-0.9323490040922872
Drosophila,LB_R,1e-05,20,-6.158237953135458e-05,12.9,-0.6169973017671845
Drosophila,LB_R,3e-05,20,-8.436165667727574e-05,13.75,-0.6299255619785583
Drosophila,LB_R,0.0001,20,0.00036702195557754584,15.2,0.014400277157281885
Drosophila,LB_R,0.0003,20,0.0002458283309378295,17.15,0.00860654465640586
Drosophila,LB_R,0.001,20,0.00018920605776930497,19.4,0.03238467055856557
Drosophila,LB_R,0.003,20,-7.263256244810043e-05,21.75,-0.7052183983298839
Drosophila,LB_R,0.01,20,4.209925023223984e-05,25.75,-0.2684337829894304
Drosophila,LB_R,0.03,20,-3.639757133196817e-05,29.45,-0.4777961381055967
Drosophila,LB_R,0.05,20,6.319365413721305e-06,31.95,-0.37760156917179877
Drosophila,LB_R,0.1,20,8.687805593813774e-05,36.65,0.1360551273201931
Drosophila,LB_R,0.2,20,8.288753719649872e-05,42.2,0.3339456618453081
Drosophila,LH_L,1e-05,20,0.00020048043983492977,41.05,-0.3381951741779382
Drosophila,LH_L,3e-05,20,0.00018621357689587204,42.4,-0.3167349247622126
Drosophila,LH_L,0.0001,20,0.00014307773015622197,43.85,-0.3308755865440106
Drosophila,LH_L,0.0003,20,0.00013739838838969985,45.45,-0.2196977110917836
Drosophila,LH_L,0.001,20,8.99384273153211e-05,47.55,-0.16023049174776402
Drosophila,LH_L,0.003,20,7.604834757788699e-05,49.1,-0.2677138611273963
Drosophila,LH_L,0.01,20,4.572220900782599e-05,51.45,-0.2565049174047567
Drosophila,LH_L,0.03,20,3.5346890156776296e-05,53.15,-0.15294178675208042
Drosophila,LH_L,0.05,20,6.83619986934638e-05,54.2,-0.05963848522820151
Drosophila,LH_L,0.1,20,4.950083369893598e-05,56.6,-0.09830255291930756
Drosophila,LH_L,0.2,20,4.070812661865788e-05,58.4,-0.05333229829624785
Drosophila,LH_R,1e-05,20,0.00025049312751276577,35.4,-0.2849879173654097
Drosophila,LH_R,3e-05,20,0.00021392534619654323,36.55,-0.28465857183420795
Drosophila,LH_R,0.0001,20,0.0001457949538762482,38.45,-0.3266861873083902
Drosophila,LH_R,0.0003,20,0.0001194069455560306,39.7,-0.25757952555602825
Drosophila,LH_R,0.001,20,9.000591965260506e-05,41.35,-0.16009953216465592
Drosophila,LH_R,0.003,20,0.000137006721789309,43.95,-0.08833935169425693
Drosophila,LH_R,0.01,20,0.0001237475606146015,46.8,0.000399449762253651
Drosophila,LH_R,0.03,20,0.00010435346367865535,49.55,0.15951558229647844
Drosophila,LH_R,0.05,20,6.99389146345027e-05,50.85,-0.051556928575507636
Drosophila,LH_R,0.1,20,6.643470720441125e-05,53.15,0.007873965143343419
Drosophila,LH_R,0.2,20,6.344012255190073e-05,56.15,0.15538567320611954
Drosophila,LOP_R,1e-05,9,0.005180671602352689,0.3333333333333333,4.960106566102234
Drosophila,LOP_R,3e-05,9,0.005180671602352689,0.3333333333333333,5.464346628366111
Drosophila,LOP_R,0.0001,9,0.003136226350938259,0.5555555555555556,4.283943006266396
Drosophila,LOP_R,0.0003,9,0.0001616065115967075,1.1111111111111112,-0.168726388761855
Drosophila,LOP_R,0.001,9,-0.002077197394133897,2.111111111111111,-4.365259019972795
Drosophila,LOP_R,0.003,9,0.00022515156662191406,3.2222222222222223,0.17103335148958507
Drosophila,LOP_R,0.01,9,-0.0008082606846600695,5.111111111111111,-3.0683081371438092
Drosophila,LOP_R,0.03,9,-0.0008433886857853828,7.777777777777778,-4.131800497382068
Drosophila,LOP_R,0.05,9,0.000726032769181334,9.555555555555555,3.3108668487574047
Drosophila,LOP_R,0.1,9,0.0005801437687272654,14.777777777777779,3.228864096674267
Drosophila,LOP_R,0.2,9,8.808967788425583e-05,22.0,0.3817100664759973
Drosophila,LO_L,1e-05,20,0.0026241727861454835,8.65,2.240310942817957
Drosophila,LO_L,3e-05,20,0.002209782218272795,10.0,2.025544314451752
Drosophila,LO_L,0.0001,20,0.0023427057300008623,11.6,3.060497671860122
Drosophila,LO_L,0.0003,20,0.0012299633764047456,14.2,2.0807483703454066
Drosophila,LO_L,0.001,20,0.0010007969772350754,16.2,1.607165049261248
Drosophila,LO_L,0.003,20,0.0011840639197156287,18.95,2.992703633065653
Drosophila,LO_L,0.01,20,0.0009459455704557968,22.8,2.7075485372632624
Drosophila,LO_L,0.03,20,0.0008272656738360789,27.95,3.432816018917212
Drosophila,LO_L,0.05,20,0.00062657524363991,31.2,2.8011557054543403
Drosophila,LO_L,0.1,20,0.0005229674353417793,36.9,2.870364666966271
Drosophila,LO_L,0.2,20,0.0003960415793832509,41.95,3.2092266818195876
Drosophila,LO_R,1e-05,20,0.0031145902205037906,10.6,2.7620538761977937
Drosophila,LO_R,3e-05,20,0.00269897531919834,11.95,2.591784975052687
Drosophila,LO_R,0.0001,20,0.0025205864208967276,13.75,3.334753054285376
Drosophila,LO_R,0.0003,20,0.002121725894918616,15.45,3.958395571007434
Drosophila,LO_R,0.001,20,0.0018256347153772108,17.75,3.2076490547929537
Drosophila,LO_R,0.003,20,0.0012636591554123328,20.4,3.2269184811650002
Drosophila,LO_R,0.01,20,0.0010881934424641377,23.8,3.1759104066634554
Drosophila,LO_R,0.03,20,0.0007016549078001276,28.3,2.8640584719666515
Drosophila,LO_R,0.05,20,0.0005031653313966941,31.15,2.1686906695308283
Drosophila,LO_R,0.1,20,0.00038237478210249415,35.25,1.9888393395619772
Drosophila,LO_R,0.2,20,0.0003477078399983874,40.55,2.765441627961642
Drosophila,MB_L,1e-05,20,-0.00012246621858904243,47.2,-0.6817701066470685
Drosophila,MB_L,3e-05,20,-0.00012514082774937754,48.05,-0.6771274230083602
Drosophila,MB_L,0.0001,20,-0.00013334786942382362,49.1,-0.7570669181784089
Drosophila,MB_L,0.0003,20,-0.00014034669301387636,49.95,-0.804502817572563
Drosophila,MB_L,0.001,20,-0.0001511287933903559,51.4,-0.627988225367528
Drosophila,MB_L,0.003,20,-0.0001325118098995223,53.15,-0.8814174977279747
Drosophila,MB_L,0.01,20,-0.00012191468664449426,54.65,-0.8084620660049266
Drosophila,MB_L,0.03,20,-0.00013010877740336326,56.0,-0.9021145096032304
Drosophila,MB_L,0.05,20,-0.00012665351609802197,57.15,-1.0590759884747816
Drosophila,MB_L,0.1,20,-0.00011180879560710613,58.55,-1.1097247041568672
Drosophila,MB_L,0.2,20,-0.00011882917797871146,60.0,-1.5181531918203144
Drosophila,MB_R,1e-05,20,-4.8989541001973554e-05,45.75,-0.6036000934838068
Drosophila,MB_R,3e-05,20,-1.8767870934211392e-05,46.7,-0.5540008024097967
Drosophila,MB_R,0.0001,20,-3.7506184970468836e-05,47.55,-0.6092987838763942
Drosophila,MB_R,0.0003,20,-5.543702887335162e-05,48.55,-0.6257215951364582
Drosophila,MB_R,0.001,20,-6.481940736136482e-05,49.7,-0.4605167513079133
Drosophila,MB_R,0.003,20,-7.28619640085604e-05,50.95,-0.7058934293310057
Drosophila,MB_R,0.01,20,-7.799565605465738e-05,52.45,-0.6638553384744501
Drosophila,MB_R,0.03,20,-0.00010816575931421421,54.15,-0.8027579215102624
Drosophila,MB_R,0.05,20,-0.00011235535770482392,55.45,-0.9857991738541539
Drosophila,MB_R,0.1,20,-9.823039016010058e-05,57.05,-1.0245871949662009
Drosophila,MB_R,0.2,20,-0.00011385499401565802,59.3,-1.4724818134821773
Drosophila,ME_L,1e-05,19,0.0027609670981082247,5.315789473684211,2.3858430152788475
Drosophila,ME_L,3e-05,19,0.0016351444711830505,6.631578947368421,1.3604015376981338
Drosophila,ME_L,0.0001,19,0.0014563767668303888,8.578947368421053,1.6939609919952947
Drosophila,ME_L,0.0003,19,0.0012605302942932538,9.947368421052632,2.145108428785484
Drosophila,ME_L,0.001,19,0.0011939789682789102,12.631578947368421,1.9820080911410174
Drosophila,ME_L,0.003,19,0.0010134476901014673,15.578947368421053,2.490652801095832
Drosophila,ME_L,0.01,19,0.0008823995906830565,19.526315789473685,2.498318596182089
Drosophila,ME_L,0.03,19,0.00017652850826297366,24.105263157894736,0.4863195864777377
Drosophila,ME_L,0.05,19,0.00035689492692516354,26.842105263157894,1.4190676049238868
Drosophila,ME_L,0.1,19,0.0005034345604209998,30.736842105263158,2.747892236416281
Drosophila,ME_L,0.2,19,9.25756384362986e-05,36.73684210526316,0.4228987324167993
Drosophila,ME_R,1e-05,19,0.0007683641194222219,11.68421052631579,0.26596217433495206
Drosophila,ME_R,3e-05,19,0.0007679208965727693,12.263157894736842,0.35659087714924603
Drosophila,ME_R,0.0001,19,0.0003362355099127018,13.526315789473685,-0.03306608013424117
Drosophila,ME_R,0.0003,19,-0.00013975440559491734,14.894736842105264,-0.803255729035977
Drosophila,ME_R,0.001,19,0.00012632098079878358,16.68421052631579,-0.08963515858340118
Drosophila,ME_R,0.003,19,-0.00019602533174745322,18.36842105263158,-1.068310717424587
Drosophila,ME_R,0.01,19,4.347642639305567e-05,21.63157894736842,-0.26389932639569474
Drosophila,ME_R,0.03,19,-0.00016948718199738972,26.63157894736842,-1.0804174171208467
Drosophila,ME_R,0.05,19,-0.00023412098939978006,28.94736842105263,-1.609837415388785
Drosophila,ME_R,0.1,19,-0.00012577285726656854,34.473684210526315,-1.197280303561486
Drosophila,ME_R,0.2,19,-3.8835491226321044e-05,40.26315789473684,-0.7836765501304999
Drosophila,NO,1e-05,20,0.00041955839942981377,26.85,-0.10512357176342664
Drosophila,NO,3e-05,20,0.0003631987556575089,28.1,-0.11187470831812024
Drosophila,NO,0.0001,20,0.0002436280267257015,30.05,-0.1758477423201588
Drosophila,NO,0.0003,20,0.00024222257260078962,32.05,0.001014453816919176
Drosophila,NO,0.001,20,8.636298572271237e-05,34.35,-0.16716814362408616
Drosophila,NO,0.003,20,6.842439246158643e-05,37.35,-0.2901479110281308
Drosophila,NO,0.01,20,6.110565470153592e-05,40.75,-0.20585375980782725
Drosophila,NO,0.03,20,5.2007855866089465e-05,45.0,-0.07750199535757367
Drosophila,NO,0.05,20,2.8109998966194238e-05,46.5,-0.2659264728845595
Drosophila,NO,0.1,20,5.01055594840778e-05,49.8,-0.09451088185076552
Drosophila,NO,0.2,20,7.463931805629976e-05,53.55,0.258213131692434
Drosophila,OTU_L,1e-05,20,0.0002981051941579981,39.55,-0.2343346216719895
Drosophila,OTU_L,3e-05,20,0.0002661439013061016,41.05,-0.2242156320525144
Drosophila,OTU_L,0.0001,20,0.0002863591092603034,42.95,-0.10996521553801913
Drosophila,OTU_L,0.0003,20,0.0002565692735696497,44.25,0.031222095822111075
Drosophila,OTU_L,0.001,20,0.00023563039465150857,45.95,0.12246470110462061
Drosophila,OTU_L,0.003,20,0.00020332844710289061,47.75,0.10681721369613119
Drosophila,OTU_L,0.01,20,0.00016024920127455497,50.65,0.12058386035693344
Drosophila,OTU_L,0.03,20,0.0001247361996915141,53.05,0.25180731254113264
Drosophila,OTU_L,0.05,20,0.00011924717313120098,54.3,0.20114359534982593
Drosophila,OTU_L,0.1,20,0.0001132620769935607,56.15,0.301484701791191
Drosophila,OTU_L,0.2,20,0.00012957291609997873,57.8,0.7625959929543421
Drosophila,OTU_R,1e-05,20,0.0003031006395300929,35.9,-0.2290200913568392
Drosophila,OTU_R,3e-05,20,0.00023908673292032313,37.35,-0.25553428489485236
Drosophila,OTU_R,0.0001,20,0.0002877281020663513,38.7,-0.10785451063986982
Drosophila,OTU_R,0.0003,20,0.00027087844518501977,40.4,0.061350718038895004
Drosophila,OTU_R,0.001,20,0.0002300500233644816,42.2,0.11163675934490933
Drosophila,OTU_R,0.003,20,0.00022717187234646682,43.75,0.17697825000327788
Drosophila,OTU_R,0.01,20,0.00021196294921925498,46.1,0.2908552838876128
Drosophila,OTU_R,0.03,20,0.00017698952774031535,49.15,0.4884070533032664
Drosophila,OTU_R,0.05,20,0.00015476634727074466,50.55,0.38317626468571153
Drosophila,OTU_R,0.1,20,0.00012620979503450824,53.5,0.38266775881593373
Drosophila,OTU_R,0.2,20,9.54770530862573e-05,55.75,0.44953860082100944
Drosophila,PB,1e-05,20,0.00022745159369783372,31.4,-0.30950123316525147
Drosophila,PB,3e-05,20,0.00023778218374870077,32.75,-0.2570442996177261
Drosophila,PB,0.0001,20,9.423359662421178e-05,34.25,-0.40618317869235554
Drosophila,PB,0.0003,20,-2.7501727084668954e-05,36.65,-0.5669025260298292
Drosophila,PB,0.001,20,-3.6420128437273275e-05,38.7,-0.40541186269185703
Drosophila,PB,0.003,20,-6.267711512907442e-05,41.1,-0.675923760765499
Drosophila,PB,0.01,20,-2.7634533263648974e-05,43.55,-0.4980375354910333
Drosophila,PB,0.03,20,2.399934159518029e-05,46.2,-0.20432276377715877
Drosophila,PB,0.05,20,-1.901506902267303e-05,48.0,-0.507438335884165
Drosophila,PB,0.1,20,4.972957985469919e-05,50.7,-0.09686829924242131
Drosophila,PB,0.2,20,2.8592669459958677e-05,53.7,-0.1645725804700445
Drosophila,PLP_L,1e-05,20,8.18759566044173e-05,46.5,-0.46437553942872967
Drosophila,PLP_L,3e-05,20,6.480621972208826e-05,47.65,-0.4572638529049668
Drosophila,PLP_L,0.0001,20,5.8502029544866326e-05,48.5,-0.4612738945235436
Drosophila,PLP_L,0.0003,20,4.622636713466117e-05,49.55,-0.41166461588333053
Drosophila,PLP_L,0.001,20,1.959999053644531e-05,51.4,-0.2967125388619745
Drosophila,PLP_L,0.003,20,-7.987969538842172e-07,52.6,-0.49384224840878127
Drosophila,PLP_L,0.01,20,-1.0436066441198236e-05,54.1,-0.4414102836520188
Drosophila,PLP_L,0.03,20,-4.826090165170521e-05,55.7,-0.5315125420751948
Drosophila,PLP_L,0.05,20,-5.040797543251218e-05,56.75,-0.6683242430154525
Drosophila,PLP_L,0.1,20,-6.927943536943428e-05,58.15,-0.8430627745039673
Drosophila,PLP_L,0.2,20,-6.824522181993493e-05,59.45,-1.053707361765197
Drosophila,PLP_R,1e-05,20,0.0001963565309026466,44.9,-0.34258249851141354
Drosophila,PLP_R,3e-05,20,0.00017725972444762863,46.1,-0.32709900249680096
Drosophila,PLP_R,0.0001,20,0.00017819241374323485,47.5,-0.2767359779816859
Drosophila,PLP_R,0.0003,20,0.00011696311947391114,49.45,-0.2627251143274015
Drosophila,PLP_R,0.001,20,0.00013271554216422093,50.5,-0.07722739313510173
Drosophila,PLP_R,0.003,20,9.290602466092679e-05,52.1,-0.21810890371063582
Drosophila,PLP_R,0.01,20,9.635807476764681e-05,53.6,-0.08978250243199509
Drosophila,PLP_R,0.03,20,8.410145062277984e-05,55.75,0.06781575727372723
Drosophila,PLP_R,0.05,20,8.861939297488337e-05,56.45,0.04417889353035997
Drosophila,PLP_R,0.1,20,6.861346233473082e-05,58.1,0.021534905351363258
Drosophila,PLP_R,0.2,20,7.536437368559441e-05,59.25,0.2648703623472858
Drosophila,PRW,1e-05,20,0.0004701382268447747,34.1,-0.05131294906430193
Drosophila,PRW,3e-05,20,0.0003652564911295848,35.75,-0.1094928809970772
Drosophila,PRW,0.0001,20,0.0003365148295284931,37.2,-0.03263542682576845
Drosophila,PRW,0.0003,20,0.00028452560299417113,38.85,0.09008543958791179
Drosophila,PRW,0.001,20,0.00016711651420680903,40.8,-0.010477045784459502
Drosophila,PRW,0.003,20,0.0001593655325390017,43.25,-0.022546902968105482
Drosophila,PRW,0.01,20,0.00011586490853477648,46.1,-0.025554777965818634
Drosophila,PRW,0.03,20,6.807039360776401e-05,49.35,-0.004771847679460927
Drosophila,PRW,0.05,20,4.288591408178286e-05,50.95,-0.1902011967335974
Drosophila,PRW,0.1,20,9.556486171746936e-05,53.25,0.19052197983552127
Drosophila,PRW,0.2,20,6.663224091706724e-05,55.9,0.18469469085373805
Drosophila,PVLP_L,1e-05,20,0.00022948574737330203,45.35,-0.3073371475695326
Drosophila,PVLP_L,3e-05,20,0.00020402482553280167,46.9,-0.29611841734372885
Drosophila,PVLP_L,0.0001,20,0.00017234576306582043,48.25,-0.28575030893219855
Drosophila,PVLP_L,0.0003,20,0.00015058696985218267,49.35,-0.19192854323641942
Drosophila,PVLP_L,0.001,20,0.00011691209108049205,51.0,-0.10789181296230448
Drosophila,PVLP_L,0.003,20,9.818251815690954e-05,52.75,-0.2025824326619425
Drosophila,PVLP_L,0.01,20,2.87880282916966e-05,54.1,-0.3122619872644872
Drosophila,PVLP_L,0.03,20,1.7816424135351084e-05,56.1,-0.2323186201708994
Drosophila,PVLP_L,0.05,20,8.055947899063847e-06,56.9,-0.3687017354063251
Drosophila,PVLP_L,0.1,20,-9.863646018490826e-07,58.15,-0.41486065881177847
Drosophila,PVLP_L,0.2,20,6.639173980014555e-06,59.65,-0.36614260790699144
Drosophila,PVLP_R,1e-05,20,6.775102732148462e-05,44.6,-0.4794027010293422
Drosophila,PVLP_R,3e-05,20,4.4950640283688985e-05,46.0,-0.48024667174795926
Drosophila,PVLP_R,0.0001,20,1.9646206127372645e-05,46.95,-0.5211815700398892
Drosophila,PVLP_R,0.0003,20,-3.846529588109437e-06,48.4,-0.5170954143398893
Drosophila,PVLP_R,0.001,20,-1.762909987070064e-05,49.95,-0.36895046031224576
Drosophila,PVLP_R,0.003,20,-9.697512852605532e-06,51.6,-0.5200273758759592
Drosophila,PVLP_R,0.01,20,-1.9015900470554478e-06,53.0,-0.4133098751054632
Drosophila,PVLP_R,0.03,20,-1.5830251871054987e-05,54.55,-0.3846686257664915
Drosophila,PVLP_R,0.05,20,-6.241738439908435e-06,56.0,-0.4419761307902203
Drosophila,PVLP_R,0.1,20,-1.905482985583776e-05,57.2,-0.5281511429283755
Drosophila,PVLP_R,0.2,20,-2.2409975266776336e-05,59.1,-0.632862676064015
Drosophila,SAD,1e-05,20,8.861979575008795e-05,47.5,-0.4572009363832489
Drosophila,SAD,3e-05,20,7.352734069171237e-05,48.85,-0.44716916168859944
Drosophila,SAD,0.0001,20,4.195998168724299e-05,49.95,-0.48677832470335014
Drosophila,SAD,0.0003,20,1.0351706150321444e-05,51.5,-0.4872003727395401
Drosophila,SAD,0.001,20,1.0730238023017773e-05,52.45,-0.31392307176356105
Drosophila,SAD,0.003,20,2.8405571165312844e-05,53.7,-0.4079062425284895
Drosophila,SAD,0.01,20,4.417175345847601e-06,55.4,-0.39250486248954314
Drosophila,SAD,0.03,20,-4.323852499663912e-07,56.6,-0.31494806658149527
Drosophila,SAD,0.05,20,1.1370631333995764e-06,57.55,-0.4041604163366087
Drosophila,SAD,0.1,20,-2.6581058787888987e-05,59.4,-0.5753411010846831
Drosophila,SAD,0.2,20,-2.6790693196986438e-05,60.75,-0.6730850376552556
Drosophila,SCL_L,1e-05,20,0.00013613568320493255,44.25,-0.4066499633427513
Drosophila,SCL_L,3e-05,20,0.0001438568549989916,44.95,-0.36576279973101766
Drosophila,SCL_L,0.0001,20,0.0001045818616740834,46.35,-0.3902282856997716
Drosophila,SCL_L,0.0003,20,0.00010702475100542316,48.15,-0.2836508084966322
Drosophila,SCL_L,0.001,20,8.465830346640015e-05,49.5,-0.17047584471434746
Drosophila,SCL_L,0.003,20,6.250162351618583e-05,50.85,-0.30757609522448687
Drosophila,SCL_L,0.01,20,7.349277204449354e-05,52.8,-0.1650682397623183
Drosophila,SCL_L,0.03,20,7.394227927058218e-05,54.7,0.02181567655076926
Drosophila,SCL_L,0.05,20,8.01854944020927e-05,56.2,0.0009558989843239141
Drosophila,SCL_L,0.1,20,6.866615779480573e-05,57.45,0.021865309406091455
Drosophila,SCL_L,0.2,20,5.129647147177533e-05,59.85,0.04388652339456441
Drosophila,SCL_R,1e-05,20,9.403115995613266e-06,42.35,-0.5414775953519304
Drosophila,SCL_R,3e-05,20,5.8431157944212915e-05,43.8,-0.46464298230324774
Drosophila,SCL_R,0.0001,20,2.7127676414679076e-05,45.25,-0.5096466840192948
Drosophila,SCL_R,0.0003,20,1.870606648439554e-05,46.65,-0.46960988091135936
Drosophila,SCL_R,0.001,20,1.582110649118307e-05,48.3,-0.3040449427925025
Drosophila,SCL_R,0.003,20,-7.639613120813491e-06,49.95,-0.5139718542248647
Drosophila,SCL_R,0.01,20,-2.9311338189510675e-05,51.8,-0.5035585424390318
Drosophila,SCL_R,0.03,20,-1.5194801173077861e-06,53.8,-0.3198703628906721
Drosophila,SCL_R,0.05,20,-1.5929439992197708e-06,54.95,-0.41815146476876947
Drosophila,SCL_R,0.1,20,2.4375231956291044e-05,56.95,-0.2558417542367348
Drosophila,SCL_R,0.2,20,5.157285098962934e-05,58.85,0.04642415240438369
Drosophila,SIP_L,1e-05,20,-9.379886367846031e-06,41.3,-0.5614603652622506
Drosophila,SIP_L,3e-05,20,-4.927659526927866e-05,43.05,-0.5893146287677231
Drosophila,SIP_L,0.0001,20,-9.122456376264752e-05,44.3,-0.6921214581347169
Drosophila,SIP_L,0.0003,20,-5.399832915085202e-05,45.55,-0.6226923463729573
Drosophila,SIP_L,0.001,20,-4.448705593338329e-05,46.95,-0.4210646242403147
Drosophila,SIP_L,0.003,20,-4.471597231885418e-05,49.0,-0.623071774108707
Drosophila,SIP_L,0.01,20,-3.684939293003438e-05,50.9,-0.5283781573834694
Drosophila,SIP_L,0.03,20,-3.627966616085268e-05,53.4,-0.4772622710015839
Drosophila,SIP_L,0.05,20,-3.711241655869171e-05,54.15,-0.600185663480758
Drosophila,SIP_L,0.1,20,-4.658657053067994e-05,56.05,-0.7007769960808412
Drosophila,SIP_L,0.2,20,-2.8373736985055097e-05,57.75,-0.6876200432577301
Drosophila,SIP_R,1e-05,20,-6.532375159155428e-05,43.05,-0.6209776546192565
Drosophila,SIP_R,3e-05,20,-5.1871477658604244e-05,43.95,-0.5923182032570884
Drosophila,SIP_R,0.0001,20,-6.989122390721563e-05,45.05,-0.6592298426873464
Drosophila,SIP_R,0.0003,20,-0.00011789266550692125,46.7,-0.7572248248147111
Drosophila,SIP_R,0.001,20,-0.00013889274490910003,48.25,-0.6042458588636983
Drosophila,SIP_R,0.003,20,-8.823593457769839e-05,49.8,-0.7511324709647955
Drosophila,SIP_R,0.01,20,-5.321149892609651e-05,52.05,-0.5822516279911029
Drosophila,SIP_R,0.03,20,-3.9686627974037705e-05,53.7,-0.4926887770613173
Drosophila,SIP_R,0.05,20,-2.0507387515776614e-05,54.95,-0.5150863379951296
Drosophila,SIP_R,0.1,20,-3.182937884167684e-05,56.55,-0.6082484184098895
Drosophila,SIP_R,0.2,20,-1.6010790148492982e-05,59.1,-0.5741073894152503
Drosophila,SLP_L,1e-05,20,4.995023842835442e-05,45.2,-0.49834051841287225
Drosophila,SLP_L,3e-05,20,2.6517418922720533e-06,46.7,-0.5292076160510008
Drosophila,SLP_L,0.0001,20,-1.1056680992519381e-05,47.65,-0.5685190972679282
Drosophila,SLP_L,0.0003,20,-3.46102247565176e-05,48.65,-0.5818697964379894
Drosophila,SLP_L,0.001,20,-1.864262937638744e-05,50.45,-0.37091707469950674
Drosophila,SLP_L,0.003,20,-3.156815781484427e-05,51.8,-0.5843833607892324
Drosophila,SLP_L,0.01,20,-3.120727896853405e-05,53.5,-0.5098010707454192
Drosophila,SLP_L,0.03,20,-1.4766684390039077e-05,55.35,-0.3798528599638544
Drosophila,SLP_L,0.05,20,-2.0817217327361972e-05,56.6,-0.5166741887548669
Drosophila,SLP_L,0.1,20,3.826612568401991e-06,58.15,-0.38468297044726696
Drosophila,SLP_L,0.2,20,2.3477726336832345e-06,59.65,-0.4055448929742238
Drosophila,SLP_R,1e-05,20,0.0001149576500475244,43.25,-0.4291807470560575
Drosophila,SLP_R,3e-05,20,0.000105329311103559,44.7,-0.4103584039319069
Drosophila,SLP_R,0.0001,20,7.914294770201025e-05,45.8,-0.4294498506979557
Drosophila,SLP_R,0.0003,20,0.00010283457847904707,47.25,-0.29247341042382746
Drosophila,SLP_R,0.001,20,0.00013880678320402605,48.3,-0.06540817899486985
Drosophila,SLP_R,0.003,20,0.00012603413615026003,50.2,-0.12062699373981411
Drosophila,SLP_R,0.01,20,0.00010824121055050895,52.3,-0.05065637976302972
Drosophila,SLP_R,0.03,20,7.659601954983831e-05,54.35,0.03383164348660993
Drosophila,SLP_R,0.05,20,6.829650675614646e-05,55.4,-0.05997412569447526
Drosophila,SLP_R,0.1,20,7.703887496705614e-05,56.9,0.07436280537389091
Drosophila,SLP_R,0.2,20,6.963042560069956e-05,58.15,0.2122230709922407
Drosophila,SMP_L,1e-05,20,-0.00018653137198749488,46.55,-0.7499274328752313
Drosophila,SMP_L,3e-05,20,-0.00017929062614866547,47.7,-0.7398057755014935
Drosophila,SMP_L,0.0001,20,-0.00020214642882623721,48.75,-0.8631401244617226
Drosophila,SMP_L,0.0003,20,-0.00015277659275599533,50.0,-0.8306745459988641
Drosophila,SMP_L,0.001,20,-0.00014289255101655152,51.35,-0.6120069316228365
Drosophila,SMP_L,0.003,20,-0.00010486758586629914,52.8,-0.8000723308207823
Drosophila,SMP_L,0.01,20,-6.583951446953812e-05,54.6,-0.6238303235683147
Drosophila,SMP_L,0.03,20,-6.86347161352092e-05,56.5,-0.6237638762032501
Drosophila,SMP_L,0.05,20,-7.879323368020163e-05,57.2,-0.813796215655235
Drosophila,SMP_L,0.1,20,-5.455555973211025e-05,58.55,-0.7507430907025566
Drosophila,SMP_L,0.2,20,-6.272866420108629e-05,60.1,-1.003056080669452
Drosophila,SMP_R,1e-05,20,-0.0002092469567426352,48.2,-0.7740939795623261
Drosophila,SMP_R,3e-05,20,-0.000183091261700213,49.05,-0.7442050084042879
Drosophila,SMP_R,0.0001,20,-0.00018896216544474854,50.15,-0.8428127062496907
Drosophila,SMP_R,0.0003,20,-0.00018450748679391381,51.55,-0.8974854100213739
Drosophila,SMP_R,0.001,20,-0.00018299722751595108,52.95,-0.6898245317594243
Drosophila,SMP_R,0.003,20,-0.000201718356430803,54.1,-1.0850628621951288
Drosophila,SMP_R,0.01,20,-0.0001449458176464829,56.3,-0.8842938054762884
Drosophila,SMP_R,0.03,20,-9.970501427435863e-05,57.6,-0.764448206936393
Drosophila,SMP_R,0.05,20,-9.623726769561851e-05,58.45,-0.9031953684434512
Drosophila,SMP_R,0.1,20,-0.00010030116253746221,59.6,-1.0375710760999228
Drosophila,SMP_R,0.2,20,-0.00010706842344652997,60.8,-1.4101696765802594
Drosophila,SOG,1e-05,20,0.00019307413106624483,40.25,-0.34607456220896654
Drosophila,SOG,3e-05,20,0.00013742837922658784,42.15,-0.3732037557893433
Drosophila,SOG,0.0001,20,0.00015204363102594827,43.4,-0.3170520143539677
Drosophila,SOG,0.0003,20,0.00011664858599248202,44.65,-0.2633873791105234
Drosophila,SOG,0.001,20,7.722110591776013e-05,46.5,-0.18490670204804383
Drosophila,SOG,0.003,20,5.2633271554373e-05,48.1,-0.33661444828036713
Drosophila,SOG,0.01,20,6.666620983597129e-06,50.15,-0.385098392718602
Drosophila,SOG,0.03,20,-2.1220721529887758e-05,52.3,-0.4090763289978504
Drosophila,SOG,0.05,20,-2.335896380009485e-05,53.55,-0.5297004177259829
Drosophila,SOG,0.1,20,-7.377739798829573e-05,55.6,-0.8712653005882831
Drosophila,SOG,0.2,20,-9.970342824139926e-05,58.05,-1.3425466282630827
Drosophila,SPS_L,1e-05,20,5.858794757999663e-05,47.3,-0.48915107408498765
Drosophila,SPS_L,3e-05,20,3.8820273271700215e-05,48.5,-0.48734256713165774
Drosophila,SPS_L,0.0001,20,2.9433821484983737e-05,49.6,-0.5060910833804667
Drosophila,SPS_L,0.0003,20,1.757123689245935e-05,50.6,-0.47199931706985415
Drosophila,SPS_L,0.001,20,7.1650542841821764e-06,51.9,-0.32084081968770467
Drosophila,SPS_L,0.003,20,-6.638518840289791e-06,53.5,-0.5110260605125446
Drosophila,SPS_L,0.01,20,-7.277131603086888e-06,54.8,-0.4310092519514921
Drosophila,SPS_L,0.03,20,1.5261510616003102e-05,56.35,-0.2438871058333408
Drosophila,SPS_L,0.05,20,4.651979652902096e-06,57.1,-0.3861467757597148
Drosophila,SPS_L,0.1,20,-1.750428861473614e-05,58.3,-0.5184291457704612
Drosophila,SPS_L,0.2,20,-2.6901404450070117e-05,59.8,-0.6741015532412151
Drosophila,SPS_R,1e-05,20,9.318335560322272e-05,46.4,-0.4523458783497913
Drosophila,SPS_R,3e-05,20,0.00011846281870219225,47.05,-0.3951563783829216
Drosophila,SPS_R,0.0001,20,9.976180130088008e-05,48.1,-0.3976598258759876
Drosophila,SPS_R,0.0003,20,9.346481025286895e-05,49.55,-0.312201890501746
Drosophila,SPS_R,0.001,20,0.0001072453979350329,50.55,-0.12664869937797466
Drosophila,SPS_R,0.003,20,5.9770415570686226e-05,51.8,-0.31561287592478465
Drosophila,SPS_R,0.01,20,3.600541599758641e-05,53.85,-0.28849819276696165
Drosophila,SPS_R,0.03,20,1.6644093358676098e-05,56.3,-0.2376268592478387
Drosophila,SPS_R,0.05,20,1.0568050477331709e-05,57.05,-0.3558274288086793
Drosophila,SPS_R,0.1,20,1.3863888535591885e-05,58.4,-0.3217485796426134
Drosophila,SPS_R,0.2,20,-1.744961363000536e-05,59.75,-0.5873182099385846
Drosophila,VES_L,1e-05,20,0.00019064080068766873,47.05,-0.34866332198921735
Drosophila,VES_L,3e-05,20,0.00013551794073826442,48.2,-0.37541508695819875
Drosophila,VES_L,0.0001,20,6.367604120185777e-05,49.45,-0.4532966343807234
Drosophila,VES_L,0.0003,20,3.55658056208921e-05,50.75,-0.4341109208897037
Drosophila,VES_L,0.001,20,2.3294853556074756e-05,52.4,-0.28954316615738995
Drosophila,VES_L,0.003,20,3.578062046632885e-05,53.85,-0.3862046163363807
Drosophila,VES_L,0.01,20,-5.249017196409653e-06,55.7,-0.4243315319866331
Drosophila,VES_L,0.03,20,-1.5442632699586494e-05,56.95,-0.3829135108502086
Drosophila,VES_L,0.05,20,-2.0237907983607415e-05,57.85,-0.5137052788978819
Drosophila,VES_L,0.1,20,-1.817077601571965e-05,59.1,-0.5226080662960088
Drosophila,VES_L,0.2,20,-2.412716298473641e-05,60.1,-0.6486293486533443
Drosophila,VES_R,1e-05,20,0.00012209502950647692,46.7,-0.4215874662412524
Drosophila,VES_R,3e-05,20,9.093980485862233e-05,47.45,-0.42701424700581475
Drosophila,VES_R,0.0001,20,6.016844556121978e-05,48.6,-0.45870462430347153
Drosophila,VES_R,0.0003,20,5.10299820970718e-05,49.65,-0.40155038255329606
Drosophila,VES_R,0.001,20,3.256549161439435e-05,51.2,-0.2715547700798366
Drosophila,VES_R,0.003,20,2.6782079872991683e-05,52.95,-0.4126834853256656
Drosophila,VES_R,0.01,20,1.5667297664735875e-05,54.55,-0.35546298449261693
Drosophila,VES_R,0.03,20,-5.103347827106527e-06,55.9,-0.33609788758100834
Drosophila,VES_R,0.05,20,-1.3517956341429147e-05,56.6,-0.47926611287369414
Drosophila,VES_R,0.1,20,-1.3247382919537314e-05,58.2,-0.4917380627001206
Drosophila,VES_R,0.2,20,-3.718118753093809e-05,60.0,-0.7684872586770264
Drosophila,WED_L,1e-05,20,0.0012879653904896153,23.4,0.8187530670757772
Drosophila,WED_L,3e-05,20,0.0011462578787478084,24.9,0.7945156604530973
Drosophila,WED_L,0.0001,20,0.0009428571356448895,26.9,0.9022195043478108
Drosophila,WED_L,0.0003,20,0.0008228034419401574,28.45,1.2234543090932934
Drosophila,WED_L,0.001,20,0.0006916183634930444,30.65,1.007246540123738
Drosophila,WED_L,0.003,20,0.00034546404802804494,33.2,0.5250616964067092
Drosophila,WED_L,0.01,20,0.00031691151047090975,36.5,0.6364063536133058
Drosophila,WED_L,0.03,20,0.00015286792956735218,40.15,0.3791859933707522
Drosophila,WED_L,0.05,20,0.00031006663706998835,41.9,1.179076703973237
Drosophila,WED_L,0.1,20,0.0002285937200068314,45.2,1.0246218076420397
Drosophila,WED_L,0.2,20,9.866250168010017e-05,49.0,0.478786378745326
Drosophila,WED_R,1e-05,20,0.0011925484385920545,18.5,0.7172413407597348
Drosophila,WED_R,3e-05,20,0.0011326123315341262,19.65,0.7787209494199328
Drosophila,WED_R,0.0001,20,0.0008391677450937676,21.15,0.7423518238490475
Drosophila,WED_R,0.0003,20,0.0006431614166682706,23.1,0.8452097216944687
Drosophila,WED_R,0.001,20,0.0007741018162527621,25.4,1.1672943177148862
Drosophila,WED_R,0.003,20,0.0008063694477341155,28.2,1.8813098089403664
Drosophila,WED_R,0.01,20,0.0007584449437479265,31.0,2.090188552901201
Drosophila,WED_R,0.03,20,0.0006543529572864579,34.55,2.6498782532708147
Drosophila,WED_R,0.05,20,0.0006041446229647598,36.9,2.686200730985704
Drosophila,WED_R,0.1,20,0.0004869273158906825,41.2,2.6443907105266997
Drosophila,WED_R,0.2,20,0.00029423905008517956,46.6,2.2745081700222554
Zebrafish,Cb,1e-05,7,0.000452731317291042,59.061688311688314,0.2915218744506379
Zebrafish,Cb,3e-05,7,0.0004358845613188632,62.057575757575755,0.29325593291226004
Zebrafish,Cb,0.0001,7,0.00041288588107239976,66.25952380952381,0.3327318305385263
Zebrafish,Cb,0.0003,7,0.00043723669913832045,70.0004329004329,0.4579880582369726
Zebrafish,Cb,0.001,7,0.00030499426178554344,74.91103896103895,0.18384591984483378
Zebrafish,Cb,0.003,7,0.00022653828452782007,80.20887445887446,0.09579432869621353
Zebrafish,Cb,0.01,7,7.945171963410331e-05,86.39502164502164,-0.3368561569911256
Zebrafish,Cb,0.03,7,-2.3387440873044436e-06,93.67316017316018,-0.7190843400266822
Zebrafish,Cb,0.05,7,-2.2202366746293252e-05,97.887012987013,-0.8546591395367781
Zebrafish,Cb,0.1,7,-1.1723406884068089e-05,104.83636363636364,-0.6690814060799279
Zebrafish,Cb,0.2,7,-3.615133161107228e-05,114.954329004329,-0.8397967638083333
Zebrafish,HR,1e-05,2,0.00048684334157742703,118.33333333333334,0.34621798627403266
Zebrafish,HR,3e-05,2,0.0004611509540249116,120.5,0.3379243550202693
Zebrafish,HR,0.0001,2,0.00044227851791366947,122.33333333333334,0.3913383712235992
Zebrafish,HR,0.0003,2,0.00043075963726948405,123.66666666666666,0.44104731890872023
Zebrafish,HR,0.001,2,0.0003933774267321214,128.33333333333334,0.4131243062261776
Zebrafish,HR,0.003,2,0.0003362025793452688,131.66666666666669,0.4021641531178798
Zebrafish,HR,0.01,2,0.0003056607339803785,134.5,0.43006968147006397
Zebrafish,HR,0.03,2,0.00029870965032159527,136.33333333333331,0.6441910392537098
Zebrafish,HR,0.05,2,0.00029501071107546225,138.5,0.7760200919634453
Zebrafish,HR,0.1,2,0.0002405536001310221,140.83333333333331,0.6198008701367584
Zebrafish,HR,0.2,2,0.00020225037368941368,144.0,0.8362313548973803
Zebrafish,Hb,1e-05,6,0.0004113327538223389,29.941666666666666,0.2251423351479572
Zebrafish,Hb,3e-05,6,0.0005416768106562169,32.96944444444444,0.48028591001007653
Zebrafish,Hb,0.0001,6,0.00040762242402212715,36.21666666666667,0.32223692287077277
Zebrafish,Hb,0.0003,6,0.00037405827316411446,39.975,0.29274504106774074
Zebrafish,Hb,0.001,6,0.0004927051677131939,44.99166666666667,0.6707944653431275
Zebrafish,Hb,0.003,6,0.00042183719332706426,50.125,0.6414021083128046
Zebrafish,Hb,0.01,6,0.00016096401544771148,58.78333333333333,-0.06050162712233245
Zebrafish,Hb,0.03,6,0.00014661252720521545,68.89444444444445,-0.04456952899667315
Zebrafish,Hb,0.05,6,0.00010285860748376672,74.25555555555555,-0.21176530064298657
Zebrafish,Hb,0.1,6,5.672805224407648e-05,83.19722222222222,-0.3193631598738472
Zebrafish,Hb,0.2,6,5.6896886866599756e-05,96.41388888888889,-0.1856427577894301
Zebrafish,Hi,1e-05,3,-0.0008659204138724896,65.5,-1.8228387960951034
Zebrafish,Hi,3e-05,3,-0.001020715699431676,67.16666666666667,-2.2818657335164403
Zebrafish,Hi,0.0001,3,-0.001034194621621808,68.83333333333333,-2.5526296568883478
Zebrafish,Hi,0.0003,3,-0.0006337571200845305,70.5,-2.34319363201654
Zebrafish,Hi,0.001,3,-0.0005867435413052399,72.5,-2.1294476207460713
Zebrafish,Hi,0.003,3,-0.00045320267245184187,75.0,-1.803202222448702
Zebrafish,Hi,0.01,3,-4.799913981958949e-05,79.33333333333333,-0.7689581115997796
Zebrafish,Hi,0.03,3,-0.00018043013425710002,84.83333333333333,-1.5255580232928134
Zebrafish,Hi,0.05,3,-0.00015993722149249914,89.0,-1.5627048753262187
Zebrafish,Hi,0.1,3,-0.00011951523107679191,95.66666666666667,-1.2197894288477598
Zebrafish,Hi,0.2,3,6.77958321694773e-05,106.66666666666667,-0.10902024047633316
Zebrafish,MON,1e-05,7,-8.025391812407871e-05,35.645804988662135,-0.5630805904086297
Zebrafish,MON,3e-05,7,-7.221354319777019e-05,38.42947845804989,-0.605010031243172
Zebrafish,MON,0.0001,7,-5.526502668186557e-05,41.66009070294785,-0.6007232170715868
Zebrafish,MON,0.0003,7,-1.8968897526232513e-05,44.60476190476191,-0.7352165536208459
Zebrafish,MON,0.001,7,-5.3429763738774005e-05,49.61156462585034,-0.7459565177822078
Zebrafish,MON,0.003,7,-5.3710014095555214e-05,55.32267573696145,-0.6871370911122052
Zebrafish,MON,0.01,7,2.7245637627472056e-05,62.96485260770975,-0.5138526101670358
Zebrafish,MON,0.03,7,0.00012038184992482842,71.51859410430839,-0.16335321023308785
Zebrafish,MON,0.05,7,0.00012845051378599346,76.4655328798186,-0.08020644314534434
Zebrafish,MON,0.1,7,0.00010482196820596296,85.41451247165533,-0.07365152483204405
Zebrafish,MON,0.2,7,0.00012127840445809551,97.53015873015873,0.2669766296108726
Zebrafish,MOS1,1e-05,7,0.00034317110913313425,81.47619047619048,0.11585017152003521
Zebrafish,MOS1,3e-05,7,0.0003483170690393776,83.40476190476191,0.13844547961223114
Zebrafish,MOS1,0.0001,7,0.0003144213368818912,86.16666666666666,0.13640149289982534
Zebrafish,MOS1,0.0003,7,0.000295944389307487,88.69047619047618,0.08843837067766228
Zebrafish,MOS1,0.001,7,0.00023619505533204905,92.07142857142857,0.005371081910385337
Zebrafish,MOS1,0.003,7,0.00023553405450365644,95.70238095238095,0.12092586738546951
Zebrafish,MOS1,0.01,7,0.00021588866223062005,100.79761904761905,0.12571168938894406
Zebrafish,MOS1,0.03,7,0.0001866965177184038,106.80952380952381,0.13694785619727037
Zebrafish,MOS1,0.05,7,0.0001617137572974867,110.10714285714286,0.09078802132943184
Zebrafish,MOS1,0.1,7,0.00012282327569661334,116.44047619047618,0.01831708716293702
Zebrafish,MOS1,0.2,7,9.113529540901066e-05,124.15476190476191,0.05506246445084729
Zebrafish,MOS2,1e-05,7,0.00038713920436304227,80.85714285714286,0.18634976524589247
Zebrafish,MOS2,3e-05,7,0.0003509152341963962,82.78571428571429,0.1430387723426274
Zebrafish,MOS2,0.0001,7,0.0002828462876389548,84.78571428571429,0.07344339839191544
Zebrafish,MOS2,0.0003,7,0.00030269617889620143,87.0,0.1060976596790452
Zebrafish,MOS2,0.001,7,0.0002737257382897706,89.64285714285714,0.10273096298657632
Zebrafish,MOS2,0.003,7,0.00021186601060091062,93.28571428571429,0.05480430551376733
Zebrafish,MOS2,0.01,7,0.0001577514180904175,98.57142857142857,-0.07139342968378705
Zebrafish,MOS2,0.03,7,0.00010425489232745686,103.5,-0.23638294446689237
Zebrafish,MOS2,0.05,7,7.169761797878982e-05,105.85714285714286,-0.3719528274867405
Zebrafish,MOS2,0.1,7,3.560231902341659e-05,110.78571428571429,-0.4272944511253004
Zebrafish,MOS2,0.2,7,-3.238045270925725e-05,118.07142857142857,-0.8132864707560663
Zebrafish,MOS3,1e-05,7,0.00017098472345066095,75.23809523809523,-0.16023798222561267
Zebrafish,MOS3,3e-05,7,0.00014030717808421718,77.20238095238095,-0.22929493034355264
Zebrafish,MOS3,0.0001,7,0.00016387461716085828,79.51190476190477,-0.16377649051766552
Zebrafish,MOS3,0.0003,7,0.0001517737568734293,82.94047619047619,-0.28863956254476963
Zebrafish,MOS3,0.001,7,0.0001392567739084332,87.11904761904762,-0.24610048234985993
Zebrafish,MOS3,0.003,7,8.795864256010953e-05,91.35714285714286,-0.2913564814078382
Zebrafish,MOS3,0.01,7,3.934742237532293e-05,97.42857142857143,-0.47282342553686457
Zebrafish,MOS3,0.03,7,2.246541410087965e-05,104.44047619047619,-0.6067605449500729
Zebrafish,MOS3,0.05,7,2.0611458833088385e-05,107.85714285714286,-0.634568540899478
Zebrafish,MOS3,0.1,7,6.182475071219436e-06,113.97619047619048,-0.5776003227847792
Zebrafish,MOS3,0.2,7,2.9088167749613442e-05,120.5952380952381,-0.38114553377214533
Zebrafish,MOS4,1e-05,7,0.0005920279746604862,72.55238095238096,0.5148737777015147
Zebrafish,MOS4,3e-05,7,0.0005282962235331076,75.23571428571428,0.45663038780626947
Zebrafish,MOS4,0.0001,7,0.0004268845577250138,78.12857142857142,0.36064405961852075
Zebrafish,MOS4,0.0003,7,0.00042878793391192325,80.86190476190475,0.435890333644493
Zebrafish,MOS4,0.001,7,0.00031605203444479087,84.83333333333334,0.21253134057870798
Zebrafish,MOS4,0.003,7,0.0002620387996611513,89.43571428571428,0.19497233924543067
Zebrafish,MOS4,0.01,7,0.00022158993783915408,94.23571428571428,0.1450409614297127
Zebrafish,MOS4,0.03,7,0.0001683343854777333,101.14285714285714,0.05379629897356322
Zebrafish,MOS4,0.05,7,0.0001545285405803961,104.55238095238096,0.05385138632420161
Zebrafish,MOS4,0.1,7,0.00012407728504461687,110.71190476190476,0.02472381618662135
Zebrafish,MOS4,0.2,7,8.625914548750865e-05,118.4452380952381,0.020781818810493433
Zebrafish,MOS5,1e-05,7,8.864656666231171e-05,58.134693877551015,-0.29226113609119125
Zebrafish,MOS5,3e-05,7,7.391437973630888e-05,60.638775510204084,-0.34667067036465854
Zebrafish,MOS5,0.0001,7,4.9652488166834e-05,63.17585034013605,-0.39152617783475474
Zebrafish,MOS5,0.0003,7,-1.7614737683417174e-05,66.31360544217686,-0.731674751894928
Zebrafish,MOS5,0.001,7,4.9266727900973484e-05,70.05850340136054,-0.47954734467306886
Zebrafish,MOS5,0.003,7,-4.724833303689615e-05,73.71632653061225,-0.6690850524363025
Zebrafish,MOS5,0.01,7,-9.761060093750516e-05,79.35748299319728,-0.937157913562131
Zebrafish,MOS5,0.03,7,-8.86817802836009e-05,86.43469387755103,-1.1100823908545092
Zebrafish,MOS5,0.05,7,-4.34130852843518e-05,90.64047619047619,-0.9636958742222379
Zebrafish,MOS5,0.1,7,-4.219768982531032e-05,97.56156462585034,-0.82477440255277
Zebrafish,MOS5,0.2,7,-4.163391436845918e-05,108.27482993197279,-0.8783407954163691
Zebrafish,NX,1e-05,6,0.00046035894825263056,77.69444444444444,0.3037522174088877
Zebrafish,NX,3e-05,6,0.00042259447004721696,79.6111111111111,0.2697603982040644
Zebrafish,NX,0.0001,6,0.000402435136298954,81.41666666666667,0.31189389068093964
Zebrafish,NX,0.0003,6,0.00040002091272012827,84.11111111111111,0.360650260733462
Zebrafish,NX,0.001,6,0.00041199309541075686,86.72222222222223,0.4614159744259654
Zebrafish,NX,0.003,6,0.0003716557506440545,90.30555555555556,0.5012098989012375
Zebrafish,NX,0.01,6,0.00027810257398207445,95.19444444444444,0.3366381043765273
Zebrafish,NX,0.03,6,0.0002770257058601861,101.5,0.5459969011718072
Zebrafish,NX,0.05,6,0.000212585278389872,104.72222222222223,0.35230035710643093
Zebrafish,NX,0.1,6,0.0002151792548822347,110.66666666666667,0.49016343607678914
Zebrafish,NX,0.2,6,0.00013127207242134031,117.97222222222223,0.3372348037052867
Zebrafish,OB,1e-05,4,0.001040026103242278,20.475,1.2332056929189106
Zebrafish,OB,3e-05,4,0.0009676317454535305,22.7,1.2333310735154
Zebrafish,OB,0.0001,4,0.0009147307644546483,25.8125,1.3333699404967791
Zebrafish,OB,0.0003,4,0.00085617341849398,29.5125,1.553716013497715
Zebrafish,OB,0.001,4,0.0007983560887146713,34.1375,1.463696032123959
Zebrafish,OB,0.003,4,0.0007561204787418254,39.3625,1.5752914077434055
Zebrafish,OB,0.01,4,0.0006144893581541653,46.4375,1.4771042225990698
Zebrafish,OB,0.03,4,0.0004777638524046394,56.125,1.4550247450297993
Zebrafish,OB,0.05,4,0.00043776187458741177,61.5375,1.5098528809830398
Zebrafish,OB,0.1,4,0.0003410106059158031,72.0625,1.1330353333554242
Zebrafish,OB,0.2,4,0.000267944771033185,88.76249999999999,1.2980806401229514
Zebrafish,P,1e-05,7,0.000787947889567262,48.35,0.8290168928741916
Zebrafish,P,3e-05,7,0.0007217758898952065,50.9,0.7986828330019837
Zebrafish,P,0.0001,7,0.0006403747237606142,54.34285714285714,0.786326184335573
Zebrafish,P,0.0003,7,0.0005357705252307599,57.59285714285714,0.7157030371348416
Zebrafish,P,0.001,7,0.0004182849225019847,60.94285714285714,0.4777378606555328
Zebrafish,P,0.003,7,0.00038212961556859305,65.94285714285715,0.530470800667749
Zebrafish,P,0.01,7,0.00030650080657008136,72.41428571428571,0.4329178145433105
Zebrafish,P,0.03,7,0.0002566214513220913,80.89999999999999,0.45359774422240057
Zebrafish,P,0.05,7,0.00020513328525254858,85.74285714285715,0.31399231972739294
Zebrafish,P,0.1,7,0.00012373828275375826,92.89285714285714,0.02299185476273154
Zebrafish,P,0.2,7,3.546211102792319e-05,103.23571428571428,-0.3363349979246039
Zebrafish,PO,1e-05,7,0.0006335714012332389,70.38095238095238,0.5814855942936245
Zebrafish,PO,3e-05,7,0.0005329367968361379,72.43333333333334,0.46483445118541944
Zebrafish,PO,0.0001,7,0.0005290433878473959,75.0,0.5643405046241062
Zebrafish,PO,0.0003,7,0.0004814013550868793,78.56666666666668,0.5735006068427333
Zebrafish,PO,0.001,7,0.00040784478625694945,82.11428571428571,0.45065467582831037
Zebrafish,PO,0.003,7,0.00040204973459396695,85.72380952380954,0.5861217614332529
Zebrafish,PO,0.01,7,0.0003915009411380762,90.46666666666667,0.7210973093404717
Zebrafish,PO,0.03,7,0.0003368320480448022,96.2952380952381,0.8168254966379691
Zebrafish,PO,0.05,7,0.00031062616165095064,100.01904761904761,0.8562935507969284
Zebrafish,PO,0.1,7,0.0002836432395497071,106.16666666666666,0.839945675215998
Zebrafish,PO,0.2,7,0.00020934235729555737,113.9095238095238,0.8860899074036007
Zebrafish,PT,1e-05,6,0.00025289440968613873,87.75,-0.028901849249681026
Zebrafish,PT,3e-05,6,0.000261503351923306,89.6388888888889,-0.015032375577508356
Zebrafish,PT,0.0001,6,0.0002749791539296776,92.16666666666667,0.05775697004261234
Zebrafish,PT,0.0003,6,0.0002911303818851762,94.80555555555556,0.07584734614877514
Zebrafish,PT,0.001,6,0.00027776509759091264,99.13888888888887,0.11320963031128804
Zebrafish,PT,0.003,6,0.00025069255369552113,102.94444444444444,0.16327426112327
Zebrafish,PT,0.01,6,0.00016945424627986012,108.1111111111111,-0.03171684408222256
Zebrafish,PT,0.03,6,0.000161185441171862,114.02777777777777,0.021422833640266703
Zebrafish,PT,0.05,6,0.0001769386352575834,117.16666666666667,0.1690536857280655
Zebrafish,PT,0.1,6,0.000156442583823702,123.11111111111113,0.19007800543433645
Zebrafish,PT,0.2,6,9.71935956739651e-05,130.9722222222222,0.09765394500602104
Zebrafish,PrT,1e-05,7,0.0003318375770190643,69.46428571428571,0.09767768973880522
Zebrafish,PrT,3e-05,7,0.0004198588892986295,72.53571428571429,0.2649241686318391
Zebrafish,PrT,0.0001,7,0.000312029819670558,76.53571428571429,0.13163300099819858
Zebrafish,PrT,0.0003,7,0.00024538741020347445,79.96428571428571,-0.04379328336068974
Zebrafish,PrT,0.001,7,0.00023038766960996204,84.91666666666666,-0.00969409513163366
Zebrafish,PrT,0.003,7,0.00014894330489312175,89.88095238095238,-0.12098324987900375
Zebrafish,PrT,0.01,7,0.00012782734964674603,98.5,-0.1728462446728581
Zebrafish,PrT,0.03,7,0.00011746325007332335,105.3809523809524,-0.17656987371119956
Zebrafish,PrT,0.05,7,9.886966516504535e-05,109.16666666666666,-0.23227102959797727
Zebrafish,PrT,0.1,7,0.00010550027972979201,115.36904761904762,-0.0701860338181741
Zebrafish,PrT,0.2,7,9.132471199377692e-05,123.96428571428571,0.056394113995120926
Zebrafish,Ra,1e-05,7,0.0008749034996441047,55.30952380952381,0.9684437920961413
Zebrafish,Ra,3e-05,7,0.0009094369441960474,57.607142857142854,1.130448561662464
Zebrafish,Ra,0.0001,7,0.0007922315365055518,60.035714285714285,1.0891163872868652
Zebrafish,Ra,0.0003,7,0.000740480847057348,63.547619047619044,1.251122378511287
Zebrafish,Ra,0.001,7,0.0006884273280581319,67.16666666666667,1.1785253338867243
Zebrafish,Ra,0.003,7,0.0006239097611500196,71.07142857142857,1.2059335013921106
Zebrafish,Ra,0.01,7,0.0005490601015687306,77.35714285714286,1.2552766901654446
Zebrafish,Ra,0.03,7,0.0003777153071934989,86.27380952380952,1.0019623107093163
Zebrafish,Ra,0.05,7,0.0003454583772515224,90.95238095238095,1.0353535408737147
Zebrafish,Ra,0.1,7,0.00029701266824932874,98.86904761904762,0.9082500359580545
Zebrafish,Ra,0.2,7,0.00021046786480043313,108.30952380952381,0.8940025279262119
Zebrafish,SP,1e-05,7,0.0006218226874206903,61.36904761904761,0.5626473993194053
Zebrafish,SP,3e-05,7,0.0005515358499457402,63.80952380952381,0.4977156924759547
Zebrafish,SP,0.0001,7,0.0005632858245663355,66.47619047619047,0.632617154029947
Zebrafish,SP,0.0003,7,0.0005948388715246178,69.88095238095238,0.8701961510465285
Zebrafish,SP,0.001,7,0.0005390108014362367,72.98809523809524,0.790917805424941
Zebrafish,SP,0.003,7,0.00043699011397868955,77.10714285714286,0.6837349172479442
Zebrafish,SP,0.01,7,0.00039648174461252584,82.32142857142857,0.7379839347116661
Zebrafish,SP,0.03,7,0.00030564793330077573,89.01190476190477,0.6756105403560791
Zebrafish,SP,0.05,7,0.00023700557578112356,94.38095238095238,0.4778363912965128
Zebrafish,SP,0.1,7,0.00017922175125721106,100.54761904761905,0.3064566858357018
Zebrafish,SP,0.2,7,0.0001241406629634007,109.67857142857143,0.2870990768553231
Zebrafish,T,1e-05,7,-0.0003709417637792607,72.13333333333334,-1.0291770840724037
Zebrafish,T,3e-05,7,-0.0003210406561038924,74.57142857142857,-1.044911153675549
Zebrafish,T,0.0001,7,-0.0002261391523493304,78.22619047619048,-0.9414324039348619
Zebrafish,T,0.0003,7,-7.361720841634714e-05,81.8047619047619,-0.8781490758456245
Zebrafish,T,0.001,7,2.3993564020633623e-05,87.47142857142856,-0.5451094937173812
Zebrafish,T,0.003,7,-1.4194299650031528e-05,92.57857142857142,-0.576741793201207
Zebrafish,T,0.01,7,-2.7840219051101298e-05,98.54761904761905,-0.7006124832987822
Zebrafish,T,0.03,7,-3.738802871356818e-07,105.85238095238095,-0.7101865996893891
Zebrafish,T,0.05,7,-5.261874952078285e-05,109.4904761904762,-1.0110189089016202
Zebrafish,T,0.1,7,-5.520291088746217e-05,116.43333333333332,-0.8912180278502781
Zebrafish,T,0.2,7,-6.146449039206628e-05,124.54523809523809,-1.0177550793192665
Zebrafish,TS,1e-05,4,-0.0014860477254477482,17.645833333333332,-2.817167144770655
Zebrafish,TS,3e-05,4,-0.0013265203777279857,20.041666666666668,-2.8224974181286067
Zebrafish,TS,0.0001,4,-0.001272690864771916,22.541666666666668,-3.0281718769653283
Zebrafish,TS,0.0003,4,-0.0012821823718942834,25.833333333333332,-4.0391482773808915
Zebrafish,TS,0.001,4,-0.0017513702079555984,30.875,-5.15065333370822
Zebrafish,TS,0.003,4,-0.0016844451572776758,35.0625,-5.242932031722667
Zebrafish,TS,0.01,4,-0.0013711347116273317,43.208333333333336,-5.254839723077599
Zebrafish,TS,0.03,4,-0.0008676217253456589,52.60416666666667,-4.637454297707411
Zebrafish,TS,0.05,4,-0.0006566839317016953,58.833333333333336,-4.116302442036129
Zebrafish,TS,0.1,4,-0.0007327011498853815,69.14583333333334,-4.352553972589003
Zebrafish,TS,0.2,4,-0.0005967173554548654,84.33333333333333,-4.780726704594875
Zebrafish,TeO,1e-05,7,-0.00038104903830577647,40.40796318527411,-1.045383352369202
Zebrafish,TeO,3e-05,7,-0.00036654178795376887,43.13535080698946,-1.1253525442416004
Zebrafish,TeO,0.0001,7,-0.0003053560680535584,46.50491196478591,-1.099384527054595
Zebrafish,TeO,0.0003,7,-0.0002544475308785915,50.11374883286648,-1.351110337836323
Zebrafish,TeO,0.001,7,-0.00033597477352155167,55.293614112311595,-1.4789180943703797
Zebrafish,TeO,0.003,7,-0.0003265603998728027,61.136627984527145,-1.4494009156606733
Zebrafish,TeO,0.01,7,-0.0002763541115126249,68.65551553954916,-1.5431594785902907
Zebrafish,TeO,0.03,7,-0.00017242927000912558,77.42615379485127,-1.489326701535909
Zebrafish,TeO,0.05,7,-0.00015803429681005246,82.28134253701481,-1.5529226186169962
Zebrafish,TeO,0.1,7,-0.0001638048656944159,90.65173069227691,-1.4460650048670758
Zebrafish,TeO,0.2,7,-0.00013971546199968322,101.80240429505136,-1.5678804593584048
Zebrafish,Th,1e-05,7,0.00023213937295658377,62.57142857142857,-0.06218101791841052
Zebrafish,Th,3e-05,7,0.00026049699639006093,65.77380952380952,-0.016811510188162918
Zebrafish,Th,0.0001,7,0.00024811073849860977,70.32142857142857,0.004183522699046394
Zebrafish,Th,0.0003,7,0.00028512315269042896,73.58333333333334,0.06013545301974396
Zebrafish,Th,0.001,7,0.000265157459277516,79.83333333333334,0.08050363963622668
Zebrafish,Th,0.003,7,0.000328400400477311,85.51190476190477,0.3803671573512837
Zebrafish,Th,0.01,7,0.0003037606213967137,92.57142857142857,0.42362765067562763
Zebrafish,Th,0.03,7,0.00021643334098863545,100.67857142857143,0.2716088601262805
Zebrafish,Th,0.05,7,0.00023358353783931,104.73809523809523,0.46024491543606066
Zebrafish,Th,0.1,7,0.00019878396465060152,112.3809523809524,0.4063999601936439
Zebrafish,Th,0.2,7,0.0001353575986651574,121.21428571428571,0.36595715221247077
Zebrafish,aRF,1e-05,6,0.0004615093244307582,74.94444444444444,0.3055967606570277
Zebrafish,aRF,3e-05,6,0.00041938916508658334,78.33333333333333,0.2640937438212168
Zebrafish,aRF,0.0001,6,0.00046127535170112545,81.1111111111111,0.4292165213965326
Zebrafish,aRF,0.0003,6,0.00038935070945887224,84.05555555555556,0.3327423704447932
Zebrafish,aRF,0.001,6,0.00037728049579675957,88.02777777777777,0.37136659871725913
Zebrafish,aRF,0.003,6,0.00034615158538394146,92.5,0.42995875334133604
Zebrafish,aRF,0.01,6,0.00023262945367693333,99.05555555555556,0.18246869155161727
Zebrafish,aRF,0.03,6,0.00017717180672890444,105.94444444444444,0.09381590722195308
Zebrafish,aRF,0.05,6,0.00016921942939710605,109.52777777777777,0.12937200309760263
Zebrafish,aRF,0.1,6,0.00013596549811138126,115.02777777777777,0.0854606518536297
Zebrafish,aRF,0.2,6,6.166853960248622e-05,122.47222222222221,-0.15209675547386503
Zebrafish,imRF,1e-05,6,0.00039485163094174757,76.875,0.19871607171416483
Zebrafish,imRF,3e-05,6,0.0003517501662020891,78.83333333333333,0.144514847526595
Zebrafish,imRF,0.0001,6,-0.00016997617256440167,82.0,-0.8294479645143473
Zebrafish,imRF,0.0003,6,-0.00019202722260666864,83.875,-1.1878501756458748
Zebrafish,imRF,0.001,6,0.00037841848194145413,87.16666666666667,0.3743186951616171
Zebrafish,imRF,0.003,6,-0.0002265202392189755,90.625,-1.1699180948788657
Zebrafish,imRF,0.01,6,0.00019458086471970662,95.45833333333333,0.05347097644015163
Zebrafish,imRF,0.03,6,0.0002577695393268853,101.04166666666667,0.45879677580420314
Zebrafish,imRF,0.05,6,0.0001872183647507736,104.125,0.22189810659839543
Zebrafish,imRF,0.1,6,0.0002206879065050921,110.54166666666667,0.5183071164167439
Zebrafish,imRF,0.2,6,6.126516611392378e-05,117.91666666666667,-0.1549325796065781
Zebrafish,pRF,1e-05,7,0.0008105039769163456,66.45238095238095,0.8651839132065543
Zebrafish,pRF,3e-05,7,0.0007073134567451043,68.83333333333334,0.7731147166438863
Zebrafish,pRF,0.0001,7,0.0006857245686667339,71.26190476190476,0.8767501073372848
Zebrafish,pRF,0.0003,7,0.000660705501457383,74.42857142857143,1.0424701590330998
Zebrafish,pRF,0.001,7,0.000518672136349982,78.5,0.738156441708834
Zebrafish,pRF,0.003,7,0.00041513193720063617,82.80952380952381,0.6226695924508668
Zebrafish,pRF,0.01,7,0.00033266980579220017,89.16666666666666,0.5216396620263268
Zebrafish,pRF,0.03,7,0.00021758380326454853,96.64285714285714,0.2768186434191717
Zebrafish,pRF,0.05,7,0.00019995097427481624,100.47619047619048,0.2873519083654369
Zebrafish,pRF,0.1,7,0.0001431099474924556,107.09523809523809,0.12196161676337744
Zebrafish,pRF,0.2,7,9.182344808034818e-05,115.80952380952381,0.0599003628445287
Zebrafish,rCb,1e-05,7,0.00022999423460231625,67.28826530612244,-0.06562058885435462
Zebrafish,rCb,3e-05,7,0.00024897063897619725,70.64030612244899,-0.037188942151649855
Zebrafish,rCb,0.0001,7,0.0002335045432332339,74.35289115646258,-0.02494004936075771
Zebrafish,rCb,0.0003,7,0.00018066961810490518,77.86734693877551,-0.21306250882801603
Zebrafish,rCb,0.001,7,0.00017018783207577964,82.70918367346938,-0.16586095811508922
Zebrafish,rCb,0.003,7,0.00016764427537731326,88.31122448979592,-0.06873823199698564
Zebrafish,rCb,0.01,7,0.00012790192552782046,95.1454081632653,-0.17259340695864375
Zebrafish,rCb,0.03,7,0.00010832959264458869,102.99744897959184,-0.2179309655709451
Zebrafish,rCb,0.05,7,0.00010989455635161391,107.13775510204081,-0.17559599838255802
Zebrafish,rCb,0.1,7,7.52333786919756e-05,113.30272108843539,-0.2248195169295088
Zebrafish,rCb,0.2,7,5.221275958154794e-05,121.7389455782313,-0.21857343264114013
Zebrafish,rHR,1e-05,2,0.0004074189851087127,110.75,0.21886689604137674
Zebrafish,rHR,3e-05,2,0.0003732473181883296,113.25,0.1825196339720914
Zebrafish,rHR,0.0001,2,0.00039980162290742684,117.0,0.3066428779678335
Zebrafish,rHR,0.0003,2,0.0004105615085256581,118.25,0.3882191630416362
Zebrafish,rHR,0.001,2,0.00034956770529544006,122.25,0.2994757143830386
Zebrafish,rHR,0.003,2,0.0003156382043882777,126.25,0.34471333053791064
Zebrafish,rHR,0.01,2,0.00029158467244773205,130.0,0.38234702406689347
Zebrafish,rHR,0.03,2,0.00022721251530008534,133.0,0.3204215534363528
Zebrafish,rHR,0.05,2,0.00021657779090210685,134.25,0.37282443915220476
Zebrafish,rHR,0.1,2,0.00020854072989176606,136.0,0.45624723696822445
Zebrafish,rHR,0.2,2,0.00016511446741754594,139.0,0.5751559441874582
Zebrafish,rHb,1e-05,6,0.0003357613976578639,39.72222222222222,0.10396924636508223
Zebrafish,rHb,3e-05,6,0.0004150382930841487,42.68055555555555,0.25640184298662927
Zebrafish,rHb,0.0001,6,0.0004986962930525447,45.763888888888886,0.5038308519729022
Zebrafish,rHb,0.0003,6,0.00047475894899275464,49.65277777777778,0.5561274101014189
Zebrafish,rHb,0.001,6,0.0004714863050918998,54.5,0.6157497451682127
Zebrafish,rHb,0.003,6,0.00042661832853582265,59.916666666666664,0.6547591955660615
Zebrafish,rHb,0.01,6,0.0003116061056797048,67.40277777777779,0.450226522649211
Zebrafish,rHb,0.03,6,0.0002292853052754363,77.73611111111111,0.3298080294724185
Zebrafish,rHb,0.05,6,0.00020813137067349666,83.43055555555556,0.32940440697100515
Zebrafish,rHb,0.1,6,0.00014713753003096916,93.1388888888889,0.14253852074408552
Zebrafish,rHb,0.2,6,9.778242178579351e-05,106.22222222222223,0.10179355096734873
Zebrafish,rHi,1e-05,4,0.0003818851067221798,93.625,0.17792520768569078
Zebrafish,rHi,3e-05,4,0.0003706593847196754,95.625,0.1779444298299656
Zebrafish,rHi,0.0001,4,0.00034975520495675777,98.25,0.20685436815813146
Zebrafish,rHi,0.0003,4,0.000311105239962192,99.625,0.12809153813799742
Zebrafish,rHi,0.001,4,0.00027136530737679196,102.75,0.0966076725248746
Zebrafish,rHi,0.003,4,0.0002656894415239281,106.25,0.205171160186988
Zebrafish,rHi,0.01,4,0.0002446811810466845,111.875,0.22332816456891913
Zebrafish,rHi,0.03,4,0.00022791566770870666,116.375,0.32360572709201146
Zebrafish,rHi,0.05,4,0.0002312533391565589,119.875,0.4482661955695155
Zebrafish,rHi,0.1,4,0.00021722444267003015,124.625,0.5006122927618009
Zebrafish,rHi,0.2,4,0.00017461381136323054,129.375,0.6419388874644659
Zebrafish,rMON,1e-05,7,-0.00037971018376082314,36.44948979591837,-1.0432365979786906
Zebrafish,rMON,3e-05,7,-0.00023915638850168387,39.457142857142856,-0.9001480657344264
Zebrafish,rMON,0.0001,7,-0.00019983565211156292,43.1469387755102,-0.8889853517983191
Zebrafish,rMON,0.0003,7,-4.292339022181472e-05,47.03316326530612,-0.7978694701305481
Zebrafish,rMON,0.001,7,-9.150614855850819e-05,52.7719387755102,-0.8447320263983626
Zebrafish,rMON,0.003,7,-5.861066560800657e-05,58.429591836734694,-0.7008280718085275
Zebrafish,rMON,0.01,7,-1.0157674867854972e-06,67.09234693877552,-0.6096684284534135
Zebrafish,rMON,0.03,7,-2.853753532816925e-05,76.56224489795919,-0.8377236276923928
Zebrafish,rMON,0.05,7,-7.942644113897947e-05,81.59795918367347,-1.1488276848399799
Zebrafish,rMON,0.1,7,-4.731836950347337e-05,90.40969387755102,-0.8509359356923025
Zebrafish,rMON,0.2,7,3.6827609557620963e-05,102.10408163265306,-0.3267351759395214
Zebrafish,rMOS1,1e-05,7,0.00037672171970061106,83.85714285714286,0.16964609790468876
Zebrafish,rMOS1,3e-05,7,0.0003851910765287223,86.54761904761905,0.20363498847922695
Zebrafish,rMOS1,0.0001,7,0.0003277597881430282,89.80952380952382,0.16299728594599697
Zebrafish,rMOS1,0.0003,7,0.0003242674080054216,93.14285714285714,0.16251715616209444
Zebrafish,rMOS1,0.001,7,0.00028400953976807,96.59523809523809,0.12940859339544122
Zebrafish,rMOS1,0.003,7,0.00027239900458026395,101.04761904761904,0.22391570834587196
Zebrafish,rMOS1,0.01,7,0.00022625565208199986,107.11904761904762,0.16085932666177769
Zebrafish,rMOS1,0.03,7,0.00020109861910023612,112.97619047619048,0.2021667066824324
Zebrafish,rMOS1,0.05,7,0.00018549854200536632,115.57142857142857,0.21305711160520288
Zebrafish,rMOS1,0.1,7,0.00013732499316138522,121.16666666666666,0.09240630693050957
Zebrafish,rMOS1,0.2,7,7.57428285658189e-05,128.45238095238093,-0.05315071805520162
Zebrafish,rMOS2,1e-05,7,0.0004276593658778676,80.83333333333334,0.25132085188414527
Zebrafish,rMOS2,3e-05,7,0.00041511569781388645,82.97619047619048,0.2565386867055292
Zebrafish,rMOS2,0.0001,7,0.00037923833591539446,86.09523809523809,0.265641346794378
Zebrafish,rMOS2,0.0003,7,0.0003712709669633558,88.85714285714286,0.2854548485805788
Zebrafish,rMOS2,0.001,7,0.00032928170110832104,91.23809523809523,0.24685096046118987
Zebrafish,rMOS2,0.003,7,0.00028714466442565656,94.92857142857143,0.2651107502265019
Zebrafish,rMOS2,0.01,7,0.00022772931843482669,99.71428571428571,0.1658555590467687
Zebrafish,rMOS2,0.03,7,0.0002301984758225916,106.64285714285714,0.333943254729026
Zebrafish,rMOS2,0.05,7,0.0001757038847713597,110.04761904761904,0.16270627411503868
Zebrafish,rMOS2,0.1,7,0.0001497219323091904,115.23809523809526,0.15574222222455428
Zebrafish,rMOS2,0.2,7,9.26169405521599e-05,122.80952380952382,0.06547882837212002
Zebrafish,rMOS3,1e-05,7,0.0003593945346711155,84.52380952380952,0.1418632362954994
Zebrafish,rMOS3,3e-05,7,0.00036448556076718177,87.35714285714286,0.16702973466398308
Zebrafish,rMOS3,0.0001,7,0.0003247599653137725,90.53571428571429,0.15701588183992043
Zebrafish,rMOS3,0.0003,7,0.00032224507260808196,93.96428571428571,0.15722774292281916
Zebrafish,rMOS3,0.001,7,0.00028232980491154307,98.61904761904762,0.12505112443983446
Zebrafish,rMOS3,0.003,7,0.00027111229822638527,102.78571428571429,0.22032102877968984
Zebrafish,rMOS3,0.01,7,0.00020788664128995957,108.28571428571429,0.09858210466821432
Zebrafish,rMOS3,0.03,7,0.0001616666643738424,114.83333333333334,0.023602017304363208
Zebrafish,rMOS3,0.05,7,0.00013705752670408724,118.36904761904762,-0.03596086125708375
Zebrafish,rMOS3,0.1,7,0.0001010115239885695,122.30952380952381,-0.09311906995008572
Zebrafish,rMOS3,0.2,7,6.284255816154596e-05,128.97619047619048,-0.14384308919078886
Zebrafish,rMOS4,1e-05,7,0.00031469821227682104,81.77619047619046,0.0701959840899895
Zebrafish,rMOS4,3e-05,7,0.00031164829857728506,84.11190476190475,0.07361880901313332
Zebrafish,rMOS4,0.0001,7,0.0002840815339362112,87.58333333333334,0.07590637960612878
Zebrafish,rMOS4,0.0003,7,0.00026618195523377196,90.93095238095238,0.010594797831309292
Zebrafish,rMOS4,0.001,7,0.00037729001215795185,94.96666666666667,0.37139128549940487
Zebrafish,rMOS4,0.003,7,0.0002792144481818972,99.4952380952381,0.24295605564454367
Zebrafish,rMOS4,0.01,7,0.00022333360455048545,105.59523809523809,0.15095258727030642
Zebrafish,rMOS4,0.03,7,0.00019205735952038954,112.63571428571427,0.1612240316447892
Zebrafish,rMOS4,0.05,7,0.0001697142134120982,115.99761904761905,0.1319155111486148
Zebrafish,rMOS4,0.1,7,0.000149811563676884,121.39761904761905,0.15620014854364384
Zebrafish,rMOS4,0.2,7,7.95255939765009e-05,127.42380952380952,-0.026556859648109582
Zebrafish,rMOS5,1e-05,7,0.00029219600029950325,66.0,0.03411534893764105
Zebrafish,rMOS5,3e-05,7,0.0002738618236925043,68.90476190476191,0.006816150249619989
Zebrafish,rMOS5,0.0001,7,0.00027408369282081596,72.38095238095238,0.05597149301338866
Zebrafish,rMOS5,0.0003,7,0.00026304973373044636,76.19047619047619,0.0024024802217635782
Zebrafish,rMOS5,0.001,7,0.00021258385692841784,81.13095238095238,-0.05587969445394226
Zebrafish,rMOS5,0.003,7,0.00018247039982366068,86.01190476190477,-0.027318395658800326
Zebrafish,rMOS5,0.01,7,0.00011508465285669103,92.67857142857143,-0.21604834008100052
Zebrafish,rMOS5,0.03,7,9.197999101340631e-05,99.77380952380953,-0.29196892683826003
Zebrafish,rMOS5,0.05,7,5.794122149338457e-05,103.89285714285714,-0.44266955267055486
Zebrafish,rMOS5,0.1,7,2.236868503312932e-05,110.46428571428571,-0.4949050372101421
Zebrafish,rMOS5,0.2,7,2.121847272970135e-05,117.97619047619048,-0.4364716067227824
Zebrafish,rNX,1e-05,7,0.0006981069642458895,69.53571428571429,0.6849636037336719
Zebrafish,rNX,3e-05,7,0.0007124485443903542,72.01190476190477,0.7821930312718678
Zebrafish,rNX,0.0001,7,0.0006162721081572143,75.52380952380952,0.7382675181599011
Zebrafish,rNX,0.0003,7,0.0006111855900594333,77.94047619047619,0.9129509530197834
Zebrafish,rNX,0.001,7,0.0005332618207852963,82.01190476190477,0.776004139368946
Zebrafish,rNX,0.003,7,0.00042240660661188974,85.70238095238095,0.6429928817581246
Zebrafish,rNX,0.01,7,0.0004203880901853277,91.97619047619048,0.8190346133327142
Zebrafish,rNX,0.03,7,0.00031477135501775417,99.89285714285714,0.7169252805524847
Zebrafish,rNX,0.05,7,0.0003103869767434324,104.16666666666666,0.8550639865435987
Zebrafish,rNX,0.1,7,0.0002947182029984791,110.29761904761905,0.8965276216555959
Zebrafish,rNX,0.2,7,0.000219729811783922,119.95238095238095,0.9591165066988178
Zebrafish,rP,1e-05,7,0.0006691078139858949,54.65714285714286,0.6384656078338167
Zebrafish,rP,3e-05,7,0.0005854447093496801,57.06428571428571,0.5576631199808607
Zebrafish,rP,0.0001,7,0.0004939081163351051,60.83571428571429,0.4942836148497623
Zebrafish,rP,0.0003,7,0.0004544879670252723,64.17857142857143,0.5031087068077117
Zebrafish,rP,0.001,7,0.00032715558364067906,68.18571428571428,0.2413355121002629
Zebrafish,rP,0.003,7,0.000249355137112918,73.42142857142858,0.15953791207481427
Zebrafish,rP,0.01,7,0.00018569870195253165,79.89999999999999,0.023357410244523185
Zebrafish,rP,0.03,7,0.00013833327595343594,87.31428571428572,-0.08206150570224198
Zebrafish,rP,0.05,7,8.762655646594253e-05,91.81428571428572,-0.290067839171599
Zebrafish,rP,0.1,7,3.483957856010945e-05,99.07142857142857,-0.4311912892721517
Zebrafish,rP,0.2,7,4.05917449632344e-05,108.67857142857143,-0.3002722914795628
Zebrafish,rPO,1e-05,7,0.0005409172208135231,71.15714285714286,0.4329214583574153
Zebrafish,rPO,3e-05,7,0.0004935150661123398,73.66190476190476,0.3951408257959371
Zebrafish,rPO,0.0001,7,0.00045571478762991135,76.40238095238094,0.41812920635802625
Zebrafish,rPO,0.0003,7,0.00037240802194238716,79.97380952380954,0.2884288130712287
Zebrafish,rPO,0.001,7,0.00028919089107871596,83.35238095238095,0.14284974894240343
Zebrafish,rPO,0.003,7,0.0002498207215240861,87.08571428571429,0.16083861814820372
Zebrafish,rPO,0.01,7,0.00021093865087437307,93.8,0.10892945981797365
Zebrafish,rPO,0.03,7,0.0002016775839966331,99.2952380952381,0.20478850637771187
Zebrafish,rPO,0.05,7,0.00017823416329090848,103.08809523809524,0.17571353302148832
Zebrafish,rPO,0.1,7,0.00014604579697699333,108.2452380952381,0.13696086069381708
Zebrafish,rPO,0.2,7,0.00012400715542171264,116.47380952380954,0.28616048292351204
Zebrafish,rPT,1e-05,7,0.0004550889675085361,81.14285714285714,0.2953021924655959
Zebrafish,rPT,3e-05,7,0.00043652568371264504,84.16666666666666,0.29438937234073415
Zebrafish,rPT,0.0001,7,0.0003405999254538968,87.90476190476191,0.18859948127726947
Zebrafish,rPT,0.0003,7,0.0002663178505067622,92.07142857142857,0.010950231582335521
Zebrafish,rPT,0.001,7,0.00024487362696182577,95.21428571428571,0.027884519854962545
Zebrafish,rPT,0.003,7,0.00019924891343638254,99.71428571428571,0.019555842470784908
Zebrafish,rPT,0.01,7,0.00016888823039014537,104.92857142857143,-0.033635831316468426
Zebrafish,rPT,0.03,7,0.0001478589534810902,111.47619047619047,-0.03892517983040512
Zebrafish,rPT,0.05,7,0.00014099578729510486,115.04761904761905,-0.015715668977789362
Zebrafish,rPT,0.1,7,9.827327452040126e-05,120.90476190476191,-0.10710877614305128
Zebrafish,rPT,0.2,7,0.00010691153022039602,126.83333333333334,0.16597363900749967
Zebrafish,rPrT,1e-05,7,0.00033244905532495833,81.14285714285714,0.09865815004558655
Zebrafish,rPrT,3e-05,7,0.00023217563126503576,84.08333333333334,-0.06688081397828549
Zebrafish,rPrT,0.0001,7,0.0001952848504403826,87.5,-0.10114702571104514
Zebrafish,rPrT,0.0003,7,0.00016465897616869065,90.70238095238095,-0.2549383032872902
Zebrafish,rPrT,0.001,7,0.0001310084838753482,95.10714285714286,-0.2674977091897692
Zebrafish,rPrT,0.003,7,0.00013918186408185316,100.02380952380952,-0.14825384795679314
Zebrafish,rPrT,0.01,7,0.0001334418106419968,105.6190476190476,-0.15381130382961208
Zebrafish,rPrT,0.03,7,9.842128900155107e-05,112.48809523809526,-0.26279998549549743
Zebrafish,rPrT,0.05,7,0.00012325835546382667,115.33333333333333,-0.10689747619088594
Zebrafish,rPrT,0.1,7,7.002337501662251e-05,121.55952380952381,-0.25143740603338866
Zebrafish,rPrT,0.2,7,2.3073984807284923e-05,129.42857142857142,-0.4234268576816279
Zebrafish,rRa,1e-05,6,0.0008212842205911645,59.94444444444445,0.882469237834934
Zebrafish,rRa,3e-05,6,0.0009343481836023333,62.111111111111114,1.1744891087235123
Zebrafish,rRa,0.0001,6,0.0008513336585283241,64.88888888888889,1.2069612386218205
Zebrafish,rRa,0.0003,6,0.0007344153497269296,67.94444444444444,1.235258085217252
Zebrafish,rRa,0.001,6,0.0006061260303853669,72.16666666666667,0.965024168377344
Zebrafish,rRa,0.003,6,0.0005385048363764823,77.25,0.9673372303708974
Zebrafish,rRa,0.01,6,0.000539805866607662,82.75,1.2239016721214244
Zebrafish,rRa,0.03,6,0.0004960947292135308,90.52777777777779,1.5380347643433083
Zebrafish,rRa,0.05,6,0.00044952154900097715,94.47222222222221,1.570305170551571
Zebrafish,rRa,0.1,6,0.0004370622866289413,102.3888888888889,1.6237630074180183
Zebrafish,rRa,0.2,6,0.00031481554549492926,111.86111111111113,1.6275947929029524
Zebrafish,rSP,1e-05,7,0.0007018222591548313,63.32142857142857,0.6909208047514221
Zebrafish,rSP,3e-05,7,0.0006729576773179585,66.34523809523809,0.7123771798235218
Zebrafish,rSP,0.0001,7,0.0006427252000546022,69.38095238095238,0.7910128439672631
Zebrafish,rSP,0.0003,7,0.0005309733312380693,72.72619047619047,0.7031559880896193
Zebrafish,rSP,0.001,7,0.0004912492496939085,76.58333333333334,0.6670176088075299
Zebrafish,rSP,0.003,7,0.0004221754737032138,81.19047619047619,0.6423471643095513
Zebrafish,rSP,0.01,7,0.0003315109246816401,86.11904761904762,0.5177106591527606
Zebrafish,rSP,0.03,7,0.00025695108885286127,92.92857142857143,0.45509048339036
Zebrafish,rSP,0.05,7,0.0002149228520772999,96.80952380952381,0.3643169892401539
Zebrafish,rSP,0.1,7,9.258206119074876e-05,102.58333333333333,-0.13618516355365065
Zebrafish,rSP,0.2,7,6.278291850450445e-05,111.33333333333334,-0.1442623720229546
Zebrafish,rT,1e-05,7,0.0003997643048286674,85.01428571428572,0.20659318149853154
Zebrafish,rT,3e-05,7,0.00034065906947419326,87.46428571428571,0.12490691235174851
Zebrafish,rT,0.0001,7,0.0002918515312870779,90.6047619047619,0.09139912591281932
Zebrafish,rT,0.0003,7,0.00025349885192839486,93.67857142857143,-0.02257782755358434
Zebrafish,rT,0.001,7,0.00017341615451181293,98.05,-0.15748623472404757
Zebrafish,rT,0.003,7,9.990826327137216e-05,101.08333333333333,-0.25797275149547905
Zebrafish,rT,0.01,7,4.401983754975831e-05,105.89761904761905,-0.4569823418574703
Zebrafish,rT,0.03,7,3.359910587912822e-06,112.27857142857144,-0.6932784039777665
Zebrafish,rT,0.05,7,1.3347347103311272e-05,115.59285714285714,-0.6719107470102259
Zebrafish,rT,0.1,7,3.500447553334453e-05,120.3952380952381,-0.43034883125856127
Zebrafish,rT,0.2,7,1.4694020133301856e-05,127.25714285714285,-0.4823402635637441
Zebrafish,rTS,1e-05,1,-0.002801028480230802,63.5,-4.925641675786183
Zebrafish,rTS,3e-05,1,-0.0023309054111130606,66.5,-4.59814838469779
Zebrafish,rTS,0.0001,1,-0.0017953193234811757,71.0,-4.070250755220814
Zebrafish,rTS,0.0003,1,-0.0005654236535096278,80.0,-2.1644676188822487
Zebrafish,rTS,0.001,1,-0.0001812656244419921,87.5,-1.0775807573239817
Zebrafish,rTS,0.003,1,0.00016393002036252618,94.0,-0.0791147693980774
Zebrafish,rTS,0.01,1,0.0006545871863319866,103.5,1.6130495587503244
Zebrafish,rTS,0.03,1,0.0006145555023400414,107.0,2.0744756104437587
Zebrafish,rTS,0.05,1,0.0006637734292764414,109.5,2.671697628498683
Zebrafish,rTS,0.1,1,0.0007678245675366422,115.5,3.3136262515837465
Zebrafish,rTS,0.2,1,0.00045788633119768756,121.5,2.6334209026654882
Zebrafish,rTeO,1e-05,7,-0.0001354999437476839,47.32816072816073,-0.6516635126631997
Zebrafish,rTeO,3e-05,7,-0.0002131911202524245,50.4051171051171,-0.8542441024817711
Zebrafish,rTeO,0.0001,7,-0.00026214638217115154,54.03688533688534,-1.0132279080573894
Zebrafish,rTeO,0.0003,7,-0.0003141919074912228,58.13948273948274,-1.50737160737787
Zebrafish,rTeO,0.001,7,-0.00025444894839576687,63.16143856143856,-1.267428613941095
Zebrafish,rTeO,0.003,7,-0.00026099397439827057,68.3998223998224,-1.2662275838663348
Zebrafish,rTeO,0.01,7,-0.0003189048898903805,75.72445332445332,-1.687421153921152
Zebrafish,rTeO,0.03,7,-0.00020462488018709152,84.74622044622045,-1.6351221400490754
Zebrafish,rTeO,0.05,7,-0.00017383124377448153,89.53611943611944,-1.6341290856166941
Zebrafish,rTeO,0.1,7,-0.0001268966529287192,97.71877011877011,-1.2575010852162634
Zebrafish,rTeO,0.2,7,-7.477427976358575e-05,108.32130092130092,-1.11132647895586
Zebrafish,rTh,1e-05,7,0.00018502163892117948,70.09523809523809,-0.13773082487296456
Zebrafish,rTh,3e-05,7,0.0002124774754022141,73.96666666666667,-0.10170515756648761
Zebrafish,rTh,0.0001,7,0.00017742347638681532,77.49761904761905,-0.13676116100672275
Zebrafish,rTh,0.0003,7,0.00021151779396290038,81.3047619047619,-0.1323791810252099
Zebrafish,rTh,0.001,7,0.00016312717522624185,86.21428571428571,-0.184177297094723
Zebrafish,rTh,0.003,7,2.607251783570476e-05,91.08333333333334,-0.4642481340420416
Zebrafish,rTh,0.01,7,6.58234463346102e-05,98.06666666666668,-0.38306065930592953
Zebrafish,rTh,0.03,7,5.8991074606349607e-05,105.08095238095237,-0.44135679391253096
Zebrafish,rTh,0.05,7,7.614336047261445e-05,109.75952380952381,-0.34909885184658285
Zebrafish,rTh,0.1,7,8.787907678855917e-05,115.67857142857143,-0.16021269310549408
Zebrafish,rTh,0.2,7,6.352876835663866e-05,124.20238095238095,-0.13901884692763777
Zebrafish,raRF,1e-05,4,0.0007342152047549531,98.125,0.7428605008526752
Zebrafish,raRF,3e-05,4,0.0007287524286294989,99.875,0.8110166465646
Zebrafish,raRF,0.0001,4,0.0007296392851917976,103.0,0.9643125004154695
Zebrafish,raRF,0.0003,4,0.0006661488224624541,106.125,1.0567071516841329
Zebrafish,raRF,0.001,4,0.0005141006477912088,109.5,0.726297356092814
Zebrafish,raRF,0.003,4,0.0004719184156199712,112.875,0.7813143313954541
Zebrafish,raRF,0.01,4,0.0004056618399880179,116.375,0.7691075942322616
Zebrafish,raRF,0.03,4,0.00040226140809074696,120.375,1.1131175124377777
Zebrafish,raRF,0.05,4,0.00033337778117367305,122.125,0.9732515075541386
Zebrafish,raRF,0.1,4,0.0003016125310252244,125.0,0.9317507175105598
Zebrafish,raRF,0.2,4,0.00023410783094537663,129.0,1.060197849114192
Zebrafish,rimRF,1e-05,6,0.0005057716771866269,88.75,0.37656817459530323
Zebrafish,rimRF,3e-05,6,0.0004602658236322118,90.52777777777777,0.33635953417458214
Zebrafish,rimRF,0.0001,6,0.00043826600879794293,93.58333333333333,0.3833377525649197
Zebrafish,rimRF,0.0003,6,0.0003942511262651029,96.30555555555556,0.3455593985040071
Zebrafish,rimRF,0.001,6,0.00029174154005152394,100.58333333333333,0.14946649186017658
Zebrafish,rimRF,0.003,6,0.0002925827297092078,104.6388888888889,0.28030310712706413
Zebrafish,rimRF,0.01,6,0.0002280796150333148,110.16666666666667,0.16704318418753497
Zebrafish,rimRF,0.03,6,0.00018171035702260968,114.66666666666667,0.11436839641619953
Zebrafish,rimRF,0.05,6,0.0001991192365842679,116.3611111111111,0.28307624171465884
Zebrafish,rimRF,0.1,6,0.00017409482458912709,121.19444444444446,0.28026323684825266
Zebrafish,rimRF,0.2,6,0.00015658654119576177,125.86111111111113,0.5152023288224052
Zebrafish,rpRF,1e-05,7,0.0007709826833852896,68.83333333333334,0.8018144376154319
Zebrafish,rpRF,3e-05,7,0.0007461198583999255,71.30952380952381,0.8417205025895605
Zebrafish,rpRF,0.0001,7,0.0007461535150006143,74.28571428571429,0.9972405390395552
Zebrafish,rpRF,0.0003,7,0.0007539676749721296,76.69047619047619,1.286397143627952
Zebrafish,rpRF,0.001,7,0.0006723254788453186,81.07142857142857,1.1367548676729269
Zebrafish,rpRF,0.003,7,0.0005584969232290202,85.61904761904762,1.0231892481040217
Zebrafish,rpRF,0.01,7,0.0004326500023522679,91.59523809523809,0.8606066846179581
Zebrafish,rpRF,0.03,7,0.00039991857308159257,97.59523809523809,1.102508157446971
Zebrafish,rpRF,0.05,7,0.00037303859754870796,101.54761904761905,1.177133611063926
Zebrafish,rpRF,0.1,7,0.000302603186061486,108.42857142857143,0.9368119703500073
Zebrafish,rpRF,0.2,7,0.0002155083678343131,117.23809523809526,0.9294386201578351
