species,recording_id,node,n_nodes_recording,n_time,n_finite_net_te_edges,NetTE,NeighborNetTE,NetTE_z,NeighborNetTE_z,root_area_id,n_communities,n_cells
C. elegans,2023-01-05-01,AVER,68,802,4556,0.020395505161327265,-0.00017218181854625862,1.5529639760558795,-0.6277466376452351,,,
C. elegans,2023-01-05-01,RIH,68,802,4556,-0.011130954482459099,0.0013676981237641436,-0.8475382783434715,-0.02033490582714434,,,
C. elegans,2023-01-05-01,URYVL,68,802,4556,-0.002713488985405757,0.0003238926081196515,-0.20661173187069667,-0.4320681186045163,,,
C. elegans,2023-01-05-01,RMDDR,68,802,4556,-0.013420406400014729,0.0021281937814235574,-1.0218627839025471,0.2796456132813563,,,
C. elegans,2023-01-05-01,RMDL,68,802,4556,0.029012585733836315,0.0044664190691031435,2.2090897058196957,1.2019678231799902,,,
C. elegans,2023-01-05-01,RIBL,68,802,4556,0.046327557549016844,-0.00031731011213530994,3.527494288726745,-0.684993066878197,,,
C. elegans,2023-01-05-01,SMDVL,68,802,4556,0.005452414986764169,0.000309966293099544,0.41516030076113697,-0.4375614086278386,,,
C. elegans,2023-01-05-01,IL2VR,68,802,4556,-0.015762512007828917,0.0018405918145586405,-1.2001964710695874,0.16619988029414492,,,
C. elegans,2023-01-05-01,RMED,68,802,4556,0.007802780439051252,0.0002760505140306633,0.594122912821813,-0.45093962178209235,,,
C. elegans,2023-01-05-01,URXL,68,802,4556,0.011313613303311213,0.00025259933334475636,0.861446370663246,-0.46019003272791814,,,
C. elegans,2023-01-05-01,ADEL,68,802,4556,-0.00026269241044979327,0.003473006094291936,-0.020002046871844488,0.8101121473827635,,,
C. elegans,2023-01-05-01,RMDDL,68,802,4556,-0.005114264441661271,0.001256022320475005,-0.3894126857413242,-0.06438586799258218,,,
C. elegans,2023-01-05-01,ASKR,68,802,4556,-0.005890723394051,-0.0011648029634178274,-0.44853418199304373,-1.0192899729919331,,,
C. elegans,2023-01-05-01,AUAL,68,802,4556,-0.004493713361047275,-0.00040437429076792427,-0.3421623986867343,-0.7193358763852877,,,
C. elegans,2023-01-05-01,AVAR,68,802,4556,0.002156924292966546,-0.0006399422317197309,0.16423352594414792,-0.8122565821123032,,,
C. elegans,2023-01-05-01,AIZL,68,802,4556,-0.007114688945043434,0.0017445583669977581,-0.5417299324091095,0.12831910719445927,,,
C. elegans,2023-01-05-01,RIVR,68,802,4556,0.00435360865555772,-0.0008422386289864321,0.3314944814775173,-0.8920531958794552,,,
C. elegans,2023-01-05-01,RID,68,802,4556,0.023156689960700777,0.000404539434058876,1.7632073846276286,-0.400256659241081,,,
C. elegans,2023-01-05-01,RMDVL,68,802,4556,0.009611013661122724,0.006803309845692689,0.7318062421618989,2.123763629902597,,,
C. elegans,2023-01-05-01,IL2DR,68,802,4556,-0.002996795602168742,0.004029074222646483,-0.22818339516273514,1.0294554192653163,,,
C. elegans,2023-01-05-01,SMDVR,68,802,4556,0.001101559939164417,0.0047810627364735046,0.08387548577283294,1.326080261852499,,,
C. elegans,2023-01-05-01,AIBR,68,802,4556,0.02477275324946752,-0.00015722567092300955,1.8862584221297476,-0.6218471260797201,,,
C. elegans,2023-01-05-01,IL1DL,68,802,4556,-0.00792368190766562,0.0009717104284935836,-0.6033286482976066,-0.17653381793328096,,,
C. elegans,2023-01-05-01,RICL,68,802,4556,-0.005473263629289793,0.0034412146071963056,-0.41674776773171995,0.7975718695966548,,,
C. elegans,2023-01-05-01,RICR,68,802,4556,-0.00708207252152442,-0.002235985316397002,-0.5392464376217946,-1.4418220875020025,,,
C. elegans,2023-01-05-01,IL1VL,68,802,4556,0.0013558786975231,-0.0045417401856921,0.10323994215880035,-2.3513362124831927,,,
C. elegans,2023-01-05-01,ALA,68,802,4556,0.006073656582137692,0.0037113804980580404,0.4624631653095423,0.9041398734634295,,,
C. elegans,2023-01-05-01,AVJL,68,802,4556,-0.010750288310712208,0.0033980164829488834,-0.8185534188388908,0.7805321986850049,,,
C. elegans,2023-01-05-01,URXR,68,802,4556,0.015917392786335242,0.0023098364948284642,1.211989474856514,0.3512952997860535,,,
C. elegans,2023-01-05-01,URYDR,68,802,4556,-0.00865240737536573,-0.001099086289207356,-0.6588155995067669,-0.9933677710106428,,,
C. elegans,2023-01-05-01,CEPDL,68,802,4556,-0.008773962813706343,0.00045956099856274993,-0.6680711298475692,-0.3785531855712473,,,
C. elegans,2023-01-05-01,RIMR,68,802,4556,-0.0024042046862905934,-0.000152094914854361,-0.18306206388815166,-0.6198232790618039,,,
C. elegans,2023-01-05-01,AVJR,68,802,4556,-0.0007570312040738714,-0.00317087168076297,-0.05764221966446371,-1.8105917103991258,,,
C. elegans,2023-01-05-01,RIML,68,802,4556,-0.006044782669100059,-0.00027387340483654807,-0.46026463448421917,-0.667859285938606,,,
C. elegans,2023-01-05-01,OLLR,68,802,4556,0.039571315038748556,-0.0003413537271533119,3.0130573503449156,-0.6944771658887602,,,
C. elegans,2023-01-05-01,OLQDR,68,802,4556,0.0025608097422357063,0.0009339200080409681,0.19498635840438266,-0.19144039870140028,,,
C. elegans,2023-01-05-01,AWCL,68,802,4556,-0.005260132971299914,-0.0020611257881798135,-0.40051947471160093,-1.3728480552148234,,,
C. elegans,2023-01-05-01,AVEL,68,802,4556,0.01653503107195317,-0.000803048323511099,1.2590179745288965,-0.8765944249290809,,,
C. elegans,2023-01-05-01,AVHL,68,802,4556,-0.0063494015108982015,0.004385803219039056,-0.48345906306044156,1.1701685823729788,,,
C. elegans,2023-01-05-01,URYDL,68,802,4556,-0.015806778678825732,0.0008292259805052341,-1.2035670443823936,-0.23273737181547205,,,
C. elegans,2023-01-05-01,RIVL,68,802,4556,0.009046561693969722,0.0032358438119864004,0.6888274797204276,0.7165625474048593,,,
C. elegans,2023-01-05-01,RIR,68,802,4556,-0.005097435329880757,0.0037534424180350927,-0.38813127573762835,0.9207313641081627,,,
C. elegans,2023-01-05-01,OLQVL,68,802,4556,-0.005095507988059732,0.0029884358614309502,-0.3879845231863224,0.6189715030751461,,,
C. elegans,2023-01-05-01,OLQDL,68,802,4556,0.006620735529157734,-9.115469611384926e-05,0.5041191032262778,-0.5957851688263982,,,
C. elegans,2023-01-05-01,IL2VR,68,802,4556,-0.015762512007828917,0.0018405918145586405,-1.2001964710695874,0.16619988029414492,,,
C. elegans,2023-01-05-01,RMEL,68,802,4556,0.027476599828859926,-0.00010093484376386855,2.092135957467297,-0.5996429867369437,,,
C. elegans,2023-01-05-01,RIAR,68,802,4556,-0.008171757304378207,0.002916757081868271,-0.6222177197568862,0.590697525063945,,,
C. elegans,2023-01-05-01,AIZR,68,802,4556,-0.00048144172713316335,0.004910919718402206,-0.03665815839784143,1.377302861819376,,,
C. elegans,2023-01-05-01,AWAL,68,802,4556,-0.00941539037451202,0.0017339148169158265,-0.716911003501171,0.12412071678081525,,,
C. elegans,2023-01-05-01,AIBL,68,802,4556,-0.003538128758159005,0.0006342563715912302,-0.2694018344045121,-0.3096439049473122,,,
C. elegans,2023-01-05-01,ADER,68,802,4556,-0.001112848293140238,0.012753670807341052,-0.08473500883611344,4.470907038521029,,,
C. elegans,2023-01-05-01,OLLL,68,802,4556,-0.004943739776924209,0.0005684966705699456,-0.3764285179420487,-0.3355830790242525,,,
C. elegans,2023-01-05-01,AVDL,68,802,4556,0.004677817170008684,0.003185016383651786,0.3561805159586644,0.6965134673303006,,,
C. elegans,2023-01-05-01,FLPL,68,802,4556,0.0028939697412452264,0.0026756945011526196,0.22035398095808298,0.49560943695667314,,,
C. elegans,2023-01-05-01,ASGL,68,802,4556,-0.0013507022656903118,-0.0015284160606272102,-0.10284579589484451,-1.1627185968860225,,,
C. elegans,2023-01-05-01,IL1DR,68,802,4556,-0.0015574515501564344,0.002587147714233121,-0.11858819542412997,0.4606818067486953,,,
C. elegans,2023-01-05-01,IL1L,68,802,4556,-0.012721248229968556,0.0008045868218214644,-0.9686271595304856,-0.24245638537973374,,,
C. elegans,2023-01-05-01,RIAL,68,802,4556,-0.008829838160315642,0.0010859733094123,-0.672325616301693,-0.13146237276773856,,,
C. elegans,2023-01-05-01,ADAL,68,802,4556,0.005830012360773998,0.0053195580070427035,0.44391149445073735,1.5384918504998142,,,
C. elegans,2023-01-05-01,AVDR,68,802,4556,-0.0031174877557978704,0.0020109203777004168,-0.23737319288022599,0.23338665549221968,,,
C. elegans,2023-01-05-01,IL1VR,68,802,4556,-0.006115747617007356,0.00016848334878238807,-0.46566808033128165,-0.49336991542705444,,,
C. elegans,2023-01-05-01,ASKL,68,802,4556,-0.007891156993227814,0.005475014320590864,-0.6008521212370272,1.5998122080418895,,,
C. elegans,2023-01-05-01,CEPVL,68,802,4556,-0.024675491571364925,0.0006981776217595612,-1.878852678503918,-0.2844299150784209,,,
C. elegans,2023-01-05-01,AVAL,68,802,4556,-0.025345421134410535,0.0004104828605775242,-1.9298627647790738,-0.3979122511509223,,,
C. elegans,2023-01-05-01,AWBL,68,802,4556,-0.0019023262054468938,-0.0005112712690643895,-0.14484780074816497,-0.7615018121372377,,,
C. elegans,2023-01-05-01,IL1R,68,802,4556,-0.01006608995570238,0.0002891137786922899,-0.7664568716142762,-0.44578676538511147,,,
C. elegans,2023-01-05-01,OLQVR,68,802,4556,-0.0056649144940796705,0.0016660203367336163,-0.4313405364150364,0.09733947062308566,,,
C. elegans,2023-01-05-01,CEPDR,68,802,4556,-0.006981901373168377,0.0015078712903178113,-0.531619159767846,0.034956953954497175,,,
C. elegans,2023-01-05-18,AVAL,69,802,4692,-0.0002879126063308169,0.00015121540761534085,-0.06359718186934195,-0.11863944667092863,,,
C. elegans,2023-01-05-18,URAVL,69,802,4692,-0.0025229899235771607,0.0024977221124309894,-0.5573047011352049,1.6947356642966283,,,
C. elegans,2023-01-05-18,AVDR,69,802,4692,-0.00557201992001895,-0.0010500589056515876,-1.2308066977305943,-1.0469815377684406,,,
C. elegans,2023-01-05-18,IL2DR,69,802,4692,0.004560639399853576,-0.00018738082645552333,1.007402270603284,-0.38030585583624515,,,
C. elegans,2023-01-05-18,RMDL,69,802,4692,0.0024104465160694234,-0.000889600705160905,0.5324449228619291,-0.9229798008361332,,,
C. elegans,2023-01-05-18,OLQVL,69,802,4692,0.008442288844618388,-7.315967312683222e-05,1.864822057940032,-0.2920360050971951,,,
C. elegans,2023-01-05-18,CEPVL,69,802,4692,-0.005059588964515455,0.0005863944537430801,-1.1176155280629803,0.2176659427162468,,,
C. elegans,2023-01-05-18,AWAL,69,802,4692,0.0020472869923433426,0.00167536402361406,0.45222640595734626,1.0592191803662634,,,
C. elegans,2023-01-05-18,URBL,69,802,4692,0.002229750290541634,0.0006754015417133849,0.4925308292609349,0.2864504203799197,,,
C. elegans,2023-01-05-18,URBR,69,802,4692,-0.005359121145157725,-0.000992843109446482,-1.1837793644117747,-1.0027652989741511,,,
C. elegans,2023-01-05-18,FLPL,69,802,4692,-0.001486213836304422,0.0003747234031877745,-0.3282906325247205,0.05408703028373255,,,
C. elegans,2023-01-05-18,ADLL,69,802,4692,0.004209111283028862,-0.0035560592330812365,0.9297530218857724,-2.9836129620517537,,,
C. elegans,2023-01-05-18,RIAL,69,802,4692,-0.001287259697027398,0.002373367186890066,-0.28434353781251176,1.5986344571535398,,,
C. elegans,2023-01-05-18,RIVL,69,802,4692,-0.000987117069470261,5.098278632925253e-05,-0.218044859492186,-0.1960989912672477,,,
C. elegans,2023-01-05-18,IL2VR,69,802,4692,0.0028602830104237364,-0.0013816767182865842,0.6318095658607389,-1.3032550385224264,,,
C. elegans,2023-01-05-18,AVAR,69,802,4692,0.003119551409791274,-8.800743090615662e-05,0.6890795123131863,-0.3035103189593484,,,
C. elegans,2023-01-05-18,AIZR,69,802,4692,-0.007899520927436895,-0.0034968160048839863,-1.7449297392890977,-2.937829928367772,,,
C. elegans,2023-01-05-18,URADR,69,802,4692,0.0018071168566825165,-0.0006412708768250275,0.3991750860034856,-0.7310710672744685,,,
C. elegans,2023-01-05-18,CEPDL,69,802,4692,-0.008361222085229877,0.0002711714859163469,-1.8469151746461987,-0.025937658794550296,,,
C. elegans,2023-01-05-18,AINR,69,802,4692,-0.0016269195000443177,-0.0009050065884040584,-0.35937118783958794,-0.9348854328031219,,,
C. elegans,2023-01-05-18,RMER,69,802,4692,-0.0012635870199826764,4.759099593506722e-05,-0.27911446651016836,-0.19872015926553718,,,
C. elegans,2023-01-05-18,OLLL,69,802,4692,-0.0032645795104249468,0.000515095025820345,-0.7211148532095383,0.16256590496396997,,,
C. elegans,2023-01-05-18,AVJR,69,802,4692,0.0010123286145021259,0.000591794830879311,0.22361385223283836,0.2218393420372808,,,
C. elegans,2023-01-05-18,OLLR,69,802,4692,-0.0018859258723073775,0.0003904911657214581,-0.41658325497361814,0.06627232175362205,,,
C. elegans,2023-01-05-18,URYDL,69,802,4692,0.004818987210677704,0.0007947637752065513,1.064468867720778,0.37869328632264077,,,
C. elegans,2023-01-05-18,IL2VL,69,802,4692,-0.0054682420999983454,-0.0003330426017040039,-1.2078831551390943,-0.49287294857578917,,,
C. elegans,2023-01-05-18,ASEL,69,802,4692,0.003945924523322966,0.0010769035768394227,0.8716175465555032,0.5967302913072773,,,
C. elegans,2023-01-05-18,ADER,69,802,4692,-0.0031746274631110805,0.0015584877442391448,-0.7012452935350084,0.9688974541823985,,,
C. elegans,2023-01-05-18,CEPDR,69,802,4692,-0.0008637977134257918,0.000728305277113563,-0.19080477572399296,0.32733430826952764,,,
C. elegans,2023-01-05-18,IL1L,69,802,4692,0.008653925666806379,-0.00012756331246236525,1.9115706378041386,-0.3340790153790949,,,
C. elegans,2023-01-05-18,URXL,69,802,4692,-0.0003345032580518698,0.00036933115645443375,-0.07388861783206735,0.04991991411979028,,,
C. elegans,2023-01-05-18,OLQDL,69,802,4692,-0.0014038560501875835,0.0006720000444891106,-0.31009857359135545,0.28382175096514006,,,
C. elegans,2023-01-05-18,IL2R,69,802,4692,0.002624673017102387,0.00010323479850175221,0.5797655383815278,-0.15571875362414717,,,
C. elegans,2023-01-05-18,AVER,69,802,4692,-0.006564065392681369,0.00034364828390444645,-1.4499401950498332,0.030072247899736674,,,
C. elegans,2023-01-05-18,IL1DR,69,802,4692,-0.0014095887814585034,0.0002464937186466963,-0.31136487991219036,-0.045008581911537456,,,
C. elegans,2023-01-05-18,OLQDR,69,802,4692,-0.0001340907622773541,0.0003993879428418511,-0.02961938591099061,0.07314773112911487,,,
C. elegans,2023-01-05-18,AVJL,69,802,4692,-0.00034444746948345147,-0.0011086228721926728,-0.07608520043753625,-1.0922396395702354,,,
C. elegans,2023-01-05-18,AVEL,69,802,4692,-0.003561915666670634,0.0016910798097873943,-0.7867936084612636,1.0713643046216195,,,
C. elegans,2023-01-05-18,URYDR,69,802,4692,0.004115073816274563,0.0004748677004595998,0.9089810315518942,0.1314783182802147,,,
C. elegans,2023-01-05-18,URADL,69,802,4692,0.003250285094769375,0.0009968550532530572,0.7179573514809797,0.5348689720775848,,,
C. elegans,2023-01-05-18,AVBL,69,802,4692,0.020477706280134435,0.0009133359938497023,4.523332365197933,0.47032563056373083,,,
C. elegans,2023-01-05-18,IL1DL,69,802,4692,0.004529599807167443,-0.00029987978808523197,1.0005459170508377,-0.46724480069855495,,,
C. elegans,2023-01-05-18,AWCL,69,802,4692,-0.0004095077916140245,0.0008322921921435796,-0.09045641256244677,0.40769516263859484,,,
C. elegans,2023-01-05-18,AIBR,69,802,4692,-0.001476912295551665,0.0012727032264266713,-0.3262360098166114,0.7480438207206017,,,
C. elegans,2023-01-05-18,IL2DL,69,802,4692,0.0037013376100993867,0.0018195697431525669,0.8175906020553103,1.170661036523602,,,
C. elegans,2023-01-05-18,IL2L,69,802,4692,0.006497753663138963,0.0008430329857633656,1.43529255881909,0.4159956238229533,,,
C. elegans,2023-01-05-18,RICL,69,802,4692,-0.005557240708783208,-0.0004810595391849034,-1.2275421092263836,-0.6072601053985912,,,
C. elegans,2023-01-05-18,RIAR,69,802,4692,-0.0032255372970232854,-0.00038259332780738435,-0.712490796146076,-0.531165638412062,,,
C. elegans,2023-01-05-18,ASGL,69,802,4692,0.0027005618622838587,0.001366602930866572,0.5965286692161494,0.8206093014026198,,,
C. elegans,2023-01-05-18,ADLR,69,802,4692,-0.0026528716780885343,-0.0008472225900887951,-0.5859943568902504,-0.8902300886943473,,,
C. elegans,2023-01-05-18,URXR,69,802,4692,-0.0016313717117704195,-0.0011211880130060834,-0.360354639458724,-1.1019499521681413,,,
C. elegans,2023-01-05-18,SMDVL,69,802,4692,0.0018804120707125057,0.0006001142954806057,0.41536530815534783,0.22826860559472237,,,
C. elegans,2023-01-05-18,RMDVL,69,802,4692,0.0004040483489830255,0.0005197724286127151,0.08925047312709625,0.1661805913359488,,,
C. elegans,2023-01-05-18,RID,69,802,4692,0.0046358580225843195,0.00010861437221411267,1.02401735561374,-0.15156143114235343,,,
C. elegans,2023-01-05-18,AWBL,69,802,4692,0.0038296097332842717,0.0006911041927104196,0.8459247054171561,0.2985853938005346,,,
C. elegans,2023-01-05-18,AUAL,69,802,4692,-0.004146395450458773,0.000271416797329845,-0.9158996854137172,-0.025748082685195545,,,
C. elegans,2023-01-05-18,URYVL,69,802,4692,-0.0004226774759134218,0.00020103142675266612,-0.09336547173225686,-0.08014173897390064,,,
C. elegans,2023-01-05-18,SAAVL,69,802,4692,-0.0003564508405287234,0.0012371189455403146,-0.07873663199914774,0.7205443683778617,,,
C. elegans,2023-01-05-18,AWBR,69,802,4692,0.00010534194628942326,-0.0004662934238478086,0.023269043346233715,-0.5958488846324149,,,
C. elegans,2023-01-05-18,ASER,69,802,4692,0.0004949638905807777,0.0027405597768091123,0.1093328596103695,1.8824000658877489,,,
C. elegans,2023-01-05-18,ASIL,69,802,4692,-0.0007965282713034656,-0.002408946407076487,-0.17594558980843397,-2.0971267466577537,,,
C. elegans,2023-01-05-18,AVHL,69,802,4692,0.004736423129197662,0.001879336019416908,1.0462312400855085,1.2168482805790082,,,
C. elegans,2023-01-05-18,AIZL,69,802,4692,-0.004609737248769191,0.00019407142653786067,-1.0182475228021128,-0.08552041150697087,,,
C. elegans,2023-01-05-18,RMDDL,69,802,4692,-0.003212270839390241,0.000632069740483019,-0.7095603606587143,0.2529637017171183,,,
C. elegans,2023-01-05-18,RIVR,69,802,4692,-0.008216654007895645,0.000624897609950508,-1.8149814485621034,0.24742109535099335,,,
C. elegans,2023-01-05-18,OLQVR,69,802,4692,-0.0003141058727841774,-0.0007110786563498465,-0.0693830276216896,-0.7850183624952434,,,
C. elegans,2023-01-05-18,RMEV,69,802,4692,-0.005799871822499799,-0.00023795154042481197,-1.2811370360440892,-0.4193867900042862,,,
C. elegans,2023-01-05-18,FLPR,69,802,4692,-0.0010321706767221544,0.005458108197010807,-0.22799677681454286,3.9825153811048497,,,
C. elegans,2023-01-05-18,RMDVR,69,802,4692,-0.00011787218699333511,0.000951598193448834,-0.026036855450986343,0.4998945724728013,,,
C. elegans,2023-01-06-01,URADL,65,802,4160,-0.0030153476458760556,0.00518542298347716,-0.5574229290509797,4.012005898371709,,,
C. elegans,2023-01-06-01,IL2L,65,802,4160,-0.0058184869601434,-0.0003766827223158943,-1.0756166203269624,-0.8915438700663739,,,
C. elegans,2023-01-06-01,RMED,65,802,4160,-0.005533355034618763,0.0002992242103269403,-1.022906587601793,-0.29566463684818733,,,
C. elegans,2023-01-06-01,ADEL,65,802,4160,-0.001810445476921843,0.0008092185272973719,-0.334682411168438,0.15394611259882135,,,
C. elegans,2023-01-06-01,URYDR,65,802,4160,0.0008270491696697399,0.00037539637595212664,0.15288989024432936,-0.22851129153801333,,,
C. elegans,2023-01-06-01,OLLR,65,802,4160,0.002202315665169721,0.0003879102133232822,0.40712428314948046,-0.21747909841020355,,,
C. elegans,2023-01-06-01,AIZL,65,802,4160,0.0032011931155590187,0.0024243861278215183,0.5917786777830416,1.577877107885366,,,
C. elegans,2023-01-06-01,ASKL,65,802,4160,0.004191253274331348,-0.00029649110625448103,0.7748030910357996,-0.8208469791462558,,,
C. elegans,2023-01-06-01,URADR,65,802,4160,0.00021834375702568104,0.002554923075646015,0.040363444244217464,1.6929584195567267,,,
C. elegans,2023-01-06-01,IL2DL,65,802,4160,-0.0028581725580172773,-0.0034084169568330686,-0.5283672419006409,-3.564319342159428,,,
C. elegans,2023-01-06-01,URBL,65,802,4160,-0.008255146857064535,-0.0014759716541986588,-1.5260622260601686,-1.860676474246485,,,
C. elegans,2023-01-06-01,FLPL,65,802,4160,-0.0024055337371301153,-0.0006754276136868922,-0.4446915643428052,-1.1549172254807776,,,
C. elegans,2023-01-06-01,CEPDR,65,802,4160,0.0006907906630898852,0.0009148164022112053,0.1277008822870768,0.2470411493475794,,,
C. elegans,2023-01-06-01,ASKR,65,802,4160,-0.0005551812462588207,0.0014327828832045434,-0.10263186630139089,0.7036801548393732,,,
C. elegans,2023-01-06-01,IL1VR,65,802,4160,-0.0022205226875072342,0.0001261245198244796,-0.4104900680978772,-0.4482692424017995,,,
C. elegans,2023-01-06-01,RIVL,65,802,4160,0.001308756234988745,0.0015841078035885772,0.24193917902597473,0.8370881333204726,,,
C. elegans,2023-01-06-01,AVAR,65,802,4160,-0.012471317587927154,0.0003460792941115896,-2.3054716057350766,-0.254357217069547,,,
C. elegans,2023-01-06-01,RMDL,65,802,4160,-0.0038085105799415056,0.0008731188056799368,-0.7040485450147337,0.2102805679004541,,,
C. elegans,2023-01-06-01,SMDVL,65,802,4160,0.0034618175439331614,0.0012950372404545558,0.6399582077437882,0.5822436611196352,,,
C. elegans,2023-01-06-01,SAAVL,65,802,4160,0.001777899498346877,-0.0005565543387461478,0.32866589936393686,-1.0501186023258708,,,
C. elegans,2023-01-06-01,CEPDL,65,802,4160,-0.010353142701550938,-0.0004826531971355201,-1.9139017477716445,-0.9849673907164476,,,
C. elegans,2023-01-06-01,RID,65,802,4160,-0.006106934382103621,-0.00031018083417103527,-1.1289395620601224,-0.8329158368246139,,,
C. elegans,2023-01-06-01,RIH,65,802,4160,-0.0009132151275716913,0.00024069023980660063,-0.1688186939110902,-0.3472681576679788,,,
C. elegans,2023-01-06-01,AINL,65,802,4160,-0.006645582058433873,-0.0011631866236720063,-1.2285150010239039,-1.5849253387705045,,,
C. elegans,2023-01-06-01,OLQDL,65,802,4160,0.005588202638489616,0.00020292673146792763,1.033045820483591,-0.3805604488189085,,,
C. elegans,2023-01-06-01,IL1L,65,802,4160,-0.003945534789703338,0.00028725832906405284,-0.7293791023256952,-0.30621375212923596,,,
C. elegans,2023-01-06-01,RICL,65,802,4160,-0.004894478525923923,0.0006576295784590049,-0.9048026551197141,0.0203053667568359,,,
C. elegans,2023-01-06-01,AUAL,65,802,4160,0.0058308494204818775,0.0016386118861556943,1.0779019683735052,0.8851389068202565,,,
C. elegans,2023-01-06-01,AVDL,65,802,4160,-0.0018804942925084445,0.00023189642803229132,-0.3476317691020871,-0.35502077798310355,,,
C. elegans,2023-01-06-01,AIBL,65,802,4160,0.008983574645450403,0.00034760040118325854,1.660720779265303,-0.2530162097921622,,,
C. elegans,2023-01-06-01,SMDVR,65,802,4160,0.0032609305103997455,0.00129245199441011,0.6028218467693887,0.5799645094254496,,,
C. elegans,2023-01-06-01,IL1R,65,802,4160,-0.00047407291116179084,0.0005571006066404315,-0.08763802445298295,-0.068320927412451,,,
C. elegans,2023-01-06-01,URXR,65,802,4160,-0.0015394057756800625,0.0006182219458620959,-0.2845774939586676,-0.01443638356516998,,,
C. elegans,2023-01-06-01,URAVL,65,802,4160,0.004300528760394898,4.956502661641244e-05,0.7950039662477575,-0.5157640555264681,,,
C. elegans,2023-01-06-01,ASEL,65,802,4160,0.0020201637478907963,0.0003963218136891734,0.3734513315743162,-0.21006343549257867,,,
C. elegans,2023-01-06-01,AVAL,65,802,4160,0.0009699473258479238,-0.0004975348797464187,0.17930631651669218,-0.9980870750914926,,,
C. elegans,2023-01-06-01,AVER,65,802,4160,0.008138447539684297,0.00020791506982530556,1.504488967201838,-0.3761627320743786,,,
C. elegans,2023-01-06-01,CEPVL,65,802,4160,0.0009044133207383315,0.0017275867356199243,0.1671915750769808,0.9635790921681777,,,
C. elegans,2023-01-06-01,RMGL,65,802,4160,0.0017687434679153347,0.0015910487928434125,0.32697329807843983,0.8432073061757871,,,
C. elegans,2023-01-06-01,RMDVR,65,802,4160,0.0032439911053004436,0.0012494707297707101,0.5996903959664446,0.5420722467792736,,,
C. elegans,2023-01-06-01,RMDVL,65,802,4160,0.0014922749773447763,-0.0001920206586375135,0.2758648044973059,-0.7287458817709835,,,
C. elegans,2023-01-06-01,RMEL,65,802,4160,-0.00893142191578896,0.0003817822435521418,-1.65107972598057,-0.22288151367192266,,,
C. elegans,2023-01-06-01,RMER,65,802,4160,0.009696776967147207,-0.00020535106476407346,1.7925647235978606,-0.7404979615286548,,,
C. elegans,2023-01-06-01,AVEL,65,802,4160,0.011174392516087456,-0.00012719620619691747,2.0657195581417382,-0.671596675055415,,,
C. elegans,2023-01-06-01,RMDDR,65,802,4160,-0.002477376590535492,0.0017489611546052967,-0.45797257153657783,0.9824227698705018,,,
C. elegans,2023-01-06-01,SMBVR,65,802,4160,0.0030350051682143525,0.0005273734596985928,0.5610568562018622,-0.09452836614400133,,,
C. elegans,2023-01-06-01,RMDDL,65,802,4160,0.0035170789951344816,-6.35098749059505e-06,0.6501739452340828,-0.5650595872062824,,,
C. elegans,2023-01-06-01,IL1VL,65,802,4160,0.0004502555858807919,-0.0001407894952244186,0.0832351081794807,-0.6835805122546419,,,
C. elegans,2023-01-06-01,ADAL,65,802,4160,-0.0052765139787468995,0.001846772694625194,-0.9754264591129782,1.0686533774469813,,,
C. elegans,2023-01-06-01,IL2DR,65,802,4160,0.0010977677290940416,0.00238362312671621,0.2029354405639222,1.5419404653252304,,,
C. elegans,2023-01-06-01,URYVR,65,802,4160,-0.007589154278364173,0.0010797465994110823,-1.4029455650499207,0.39244353345645755,,,
C. elegans,2023-01-06-01,AWBL,65,802,4160,-0.0017541432732317494,0.0026753825972288376,-0.32427427818387833,1.7991554770035867,,,
C. elegans,2023-01-06-01,OLQDR,65,802,4160,-0.0010572708516294674,0.00038814434675727403,-0.19544911039413407,-0.21727268648515896,,,
C. elegans,2023-01-06-01,IL1DL,65,802,4160,-0.005593900981661744,0.0004334983211373755,-1.0340992270936347,-0.17728864404999567,,,
C. elegans,2023-01-06-01,OLQVL,65,802,4160,-0.002447632276793968,0.0004814655839539132,-0.45247398084800916,-0.13500072776108626,,,
C. elegans,2023-01-06-01,RMDR,65,802,4160,0.001767272322860898,0.001763995439626546,0.32670133939187695,0.9956769884585803,,,
C. elegans,2023-01-06-01,ASHL,65,802,4160,0.002751895198761775,0.0012863271036093176,0.5087206061407388,0.5745648085825381,,,
C. elegans,2023-01-06-01,RIAR,65,802,4160,-0.0005508466856002162,0.0009736285323902101,-0.10183057113339493,0.29888989559133505,,,
C. elegans,2023-01-06-01,OLLL,65,802,4160,0.006128407179426393,0.000622865705167428,1.1329090644141702,-0.010342447550500677,,,
C. elegans,2023-01-06-01,IL1DR,65,802,4160,-0.0045967636362668485,0.0006182745506852284,-0.8497665115952016,-0.014390007177892508,,,
C. elegans,2023-01-06-01,AWCL,65,802,4160,0.015237835029255811,0.0006901192880226196,2.816895307584223,0.048948279393565094,,,
C. elegans,2023-01-06-01,URXL,65,802,4160,0.013708269460653073,0.0011175429032628686,2.534136893113459,0.4257647371162892,,,
C. elegans,2023-01-06-01,AVJL,65,802,4160,0.0030545852351314476,0.0010720640113455952,0.5646764647955407,0.38567056743923706,,,
C. elegans,2023-01-06-01,AWAR,65,802,4160,-0.002574174901965723,0.0004386795302844575,-0.4758668923981951,-0.1727208925081755,,,
C. elegans,2023-01-06-01,CEPVR,65,802,4160,-0.007646947463070722,0.0007285319589457096,-1.4136293236348945,0.08281287197292338,,,
C. elegans,2023-01-06-08,ASIL,71,802,4970,-0.0033137450311502663,0.001452521902801655,-0.5527770304173478,0.9874050858340536,,,
C. elegans,2023-01-06-08,RMER,71,802,4970,0.010326548912657392,0.00026226804777664946,1.7226065942728217,-0.046255594456205654,,,
C. elegans,2023-01-06-08,URAVL,71,802,4970,-0.005333804355169499,0.0017838903248917342,-0.8897499670498981,1.2751777379941638,,,
C. elegans,2023-01-06-08,IL2R,71,802,4970,-0.00012280213628966332,0.00013589276586422667,-0.020485040215524147,-0.1560045856667604,,,
C. elegans,2023-01-06-08,RMDDL,71,802,4970,0.0026362394301680477,0.00022359148018135988,0.43976002679106957,-0.07984376306667348,,,
C. elegans,2023-01-06-08,RIVL,71,802,4970,-0.003306070779732893,0.0023692814983017744,-0.5514968625500877,1.7835531874735717,,,
C. elegans,2023-01-06-08,URYDR,71,802,4970,-0.0007493716637736522,0.0001559323820619811,-0.12500522493002952,-0.13860143824213697,,,
C. elegans,2023-01-06-08,IL2VL,71,802,4970,-0.0011514698547525372,0.0033742463521708936,-0.19208058584527204,2.656302013392166,,,
C. elegans,2023-01-06-08,IL2DL,71,802,4970,-0.006476789982483095,0.0001694124245360271,-1.0804152701848238,-0.1268948684081151,,,
C. elegans,2023-01-06-08,IL2VR,71,802,4970,0.00021073358672828922,0.0003024483382357795,0.03515318323704127,-0.011361537028958759,,,
C. elegans,2023-01-06-08,ADEL,71,802,4970,-0.0034295781961304846,-0.0015584005856378285,-0.5720995529287982,-1.6273918959713214,,,
C. elegans,2023-01-06-08,URXL,71,802,4970,-0.005392541463288415,0.00044262228364294793,-0.8995481029644185,0.11037072635068762,,,
C. elegans,2023-01-06-08,SMDVR,71,802,4970,0.010765360998871307,0.0002715697191058912,1.7958063243813176,-0.03817767740226894,,,
C. elegans,2023-01-06-08,IL2DR,71,802,4970,-0.0032059915309026444,0.0009936132635922448,-0.5348023041411746,0.5888717694380227,,,
C. elegans,2023-01-06-08,URBL,71,802,4970,-0.007162451658816777,0.00039902242246977907,-1.1947928163604717,0.07250698663621151,,,
C. elegans,2023-01-06-08,AWCR,71,802,4970,0.0011534689654890493,-0.0001027131660060582,0.19241406427708158,-0.3632188440512866,,,
C. elegans,2023-01-06-08,SAAVR,71,802,4970,-0.0007219318566266469,-0.0021581569778881633,-0.1204278977768052,-2.148242635336403,,,
C. elegans,2023-01-06-08,AIZL,71,802,4970,-0.007723254718520677,0.0008409752028981895,-1.28834227387093,0.4563152051478877,,,
C. elegans,2023-01-06-08,AUAL,71,802,4970,0.0012944431698584248,0.00046091251551788474,0.21593044870744965,0.12625464341820813,,,
C. elegans,2023-01-06-08,ASGR,71,802,4970,0.00023962717765622089,0.0003668990074657737,0.039973020985901386,0.04460981926632394,,,
C. elegans,2023-01-06-08,URYDL,71,802,4970,-0.00813487373838484,-0.00011897493863697418,-1.3570058364941624,-0.37734117172906173,,,
C. elegans,2023-01-06-08,RIBL,71,802,4970,0.008664933143643326,3.434838520573276e-05,1.4454268408952957,-0.24418949945467394,,,
C. elegans,2023-01-06-08,CEPDR,71,802,4970,0.0069264097617239805,0.0015825819834135915,1.1554178681666627,1.1003540931709093,,,
C. elegans,2023-01-06-08,IL2L,71,802,4970,0.0007573133207057024,-0.0007037024066712552,0.1263299996167435,-0.8851402347953334,,,
C. elegans,2023-01-06-08,AIZR,71,802,4970,-0.0007762398089660838,0.0015737482772914082,-0.12948719121671726,1.0926825744934519,,,
C. elegans,2023-01-06-08,IL1DL,71,802,4970,7.561211231697586e-06,0.0004514632823622695,0.00126131125108477,0.11804857819050986,,,
C. elegans,2023-01-06-08,FLPL,71,802,4970,-0.0007379784844600477,-0.0009164990426906935,-0.12310469010650374,-1.0699407415298487,,,
C. elegans,2023-01-06-08,AIBR,71,802,4970,-0.0058899534563566745,-0.0001961887428203701,-0.982523081979869,-0.44439650872549696,,,
C. elegans,2023-01-06-08,AVKL,71,802,4970,-0.0027294653293102084,-0.0001530922436253046,-0.4553113547301122,-0.40696990725890125,,,
C. elegans,2023-01-06-08,AVER,71,802,4970,-0.0006549672970501749,-5.533846311827399e-05,-0.10925731282294754,-0.32207689150998847,,,
C. elegans,2023-01-06-08,AVDL,71,802,4970,-0.003433261865338322,-0.0011723444009995004,-0.5727140382638517,-1.292126358490552,,,
C. elegans,2023-01-06-08,RICL,71,802,4970,-0.0012753529295148043,-1.2374133479421396e-05,-0.2127459410679355,-0.28476507099773457,,,
C. elegans,2023-01-06-08,AVKR,71,802,4970,0.00018744602447584262,0.0018540693190039832,0.03126850611597196,1.3361237844949998,,,
C. elegans,2023-01-06-08,CEPDL,71,802,4970,-0.0016815236554982643,-0.0025358522933804943,-0.28050065533865276,-2.4762472833415505,,,
C. elegans,2023-01-06-08,RIVR,71,802,4970,-0.0007857477968508013,0.0002678021937257057,-0.1310732508739184,-0.04144953645238017,,,
C. elegans,2023-01-06-08,AWBL,71,802,4970,0.0022851992888751013,0.0030537002189323903,0.38120183204853575,2.3779278390520524,,,
C. elegans,2023-01-06-08,AINL,71,802,4970,0.001757810591140225,-0.0002863409970741775,0.2932263374135843,-0.5226880765858113,,,
C. elegans,2023-01-06-08,IL1R,71,802,4970,0.012715784515320846,0.0001076085414084006,2.121163076136262,-0.1805676572914075,,,
C. elegans,2023-01-06-08,AIML,71,802,4970,-0.00335948938183322,-6.090963470733492e-05,-0.56040780046489,-0.32691510395555246,,,
C. elegans,2023-01-06-08,AWCL,71,802,4970,0.003983912565171721,0.0021637276204485643,0.6645699462440388,1.6050425610882564,,,
C. elegans,2023-01-06-08,IL1VL,71,802,4970,0.0006423325148998746,0.0007414374654700322,0.10714966202562932,0.3698729349127027,,,
C. elegans,2023-01-06-08,OLQDL,71,802,4970,0.003782724051495455,-0.0011075276557580224,0.6310090089665432,-1.2358370881826655,,,
C. elegans,2023-01-06-08,IL1VR,71,802,4970,0.01585781616135053,-0.0002354524447554703,2.6452960152859974,-0.47849456661592654,,,
C. elegans,2023-01-06-08,OLLL,71,802,4970,0.00029519814318393426,0.00014689797903974177,0.04924300193285772,-0.14644724956596425,,,
C. elegans,2023-01-06-08,OLLR,71,802,4970,0.004071716724430116,0.0003661481017997781,0.6792168553927186,0.04395770488058178,,,
C. elegans,2023-01-06-08,ASHL,71,802,4970,-0.0004843729440510306,0.0001359833209871087,-0.08079989109303787,-0.1559259442328118,,,
C. elegans,2023-01-06-08,AIBL,71,802,4970,0.0030257388773983302,-9.611225146434161e-05,0.5047337485968226,-0.35748636455800636,,,
C. elegans,2023-01-06-08,ASEL,71,802,4970,-0.006860475262325818,0.0002822307073197869,-1.1444191110393773,-0.028919279050338913,,,
C. elegans,2023-01-06-08,RIAL,71,802,4970,-0.0017859585487221632,0.0009148127804323441,-0.29792179353896286,0.5204385014537296,,,
C. elegans,2023-01-06-08,AVAL,71,802,4970,0.0010865206087487676,0.0002696478584345999,0.1812461821731986,-0.03984669263000648,,,
C. elegans,2023-01-06-08,IL1DR,71,802,4970,0.003452689815410537,0.0004854651516678952,0.5759548804068236,0.1475770650836316,,,
C. elegans,2023-01-06-08,RIML,71,802,4970,-0.008075223329123617,-0.00032056639503269595,-1.3470553497232616,-0.552410684067947,,,
C. elegans,2023-01-06-08,AVAR,71,802,4970,-0.0127577952937542,0.00018160348378448913,-2.1281710363533612,-0.11630769950878866,,,
C. elegans,2023-01-06-08,RMDL,71,802,4970,0.006125258028538751,7.636996615592578e-05,1.0217750345084202,-0.20769639693837402,,,
C. elegans,2023-01-06-08,SMDVL,71,802,4970,0.017510119031682075,-9.869543455091563e-05,2.920922252496797,-0.35972969674744615,,,
C. elegans,2023-01-06-08,RMGL,71,802,4970,-0.0004432294465533916,-0.0017015855559555395,-0.07393660494581311,-1.7517390452799333,,,
C. elegans,2023-01-06-08,URYVL,71,802,4970,-0.005826213986712401,-0.00013297680617536026,-0.9718904851991481,-0.38950091384118296,,,
C. elegans,2023-01-06-08,OLQDR,71,802,4970,0.001432435534621065,0.0001961601746826839,0.23894942237522207,-0.10366612817249006,,,
C. elegans,2023-01-06-08,AIMR,71,802,4970,0.01192917563313258,-0.00016660260390993014,1.9899461847011943,-0.4187028062063104,,,
C. elegans,2023-01-06-08,OLQVL,71,802,4970,-0.009496713662076862,0.00016673489043344985,-1.5841789659430972,-0.12922013852615408,,,
C. elegans,2023-01-06-08,ADAL,71,802,4970,-0.0018184136948100743,0.0019059210521581087,-0.3033357463650224,1.3811537564963896,,,
C. elegans,2023-01-06-08,ADLL,71,802,4970,0.0034088503258403705,0.004585780185959114,0.5686418666921875,3.7084430180536363,,,
C. elegans,2023-01-06-08,AVJL,71,802,4970,-0.002379255231707646,0.0007480004575748995,-0.39689162238645753,0.37557248115253755,,,
C. elegans,2023-01-06-08,RMEV,71,802,4970,0.012064065967238274,-0.00011669311124970609,2.012447698130267,-0.37535954802797405,,,
C. elegans,2023-01-06-08,AVL,71,802,4970,-0.0010926827033524767,2.976434071830456e-05,-0.18227410204155572,-0.2481704540412535,,,
C. elegans,2023-01-06-08,RIMR,71,802,4970,-0.01077831249477764,0.0004459939776052069,-1.7979668072728094,0.11329883068746034,,,
C. elegans,2023-01-06-08,URXR,71,802,4970,-0.002392019195311227,-0.0005171469173634955,-0.3990208223794616,-0.7231285150469525,,,
C. elegans,2023-01-06-08,URYVR,71,802,4970,-0.010011993392972483,0.0007271858504589921,-1.6701345228134032,0.35749630281413486,,,
C. elegans,2023-01-06-08,RIAR,71,802,4970,0.0013740036942880807,0.00027386396472792494,0.2292022092138414,-0.03618526924462048,,,
C. elegans,2023-01-06-08,AWAR,71,802,4970,-0.0026613402767192134,0.0009884495105706675,-0.4439471840065716,0.5843873744170779,,,
C. elegans,2023-01-06-08,ASGL,71,802,4970,0.004441218658195023,-0.0018356472623543643,0.7408547242570992,-1.8681632131597943,,,
C. elegans,2023-01-06-15,OLQVR,62,803,3782,0.023622602165556686,0.0006245874682185313,3.0275204733236034,0.20731137032941963,,,
C. elegans,2023-01-06-15,BAGL,62,803,3782,0.0011302619130130107,2.8120806123471254e-05,0.14485665287349817,-0.19246401456244627,,,
C. elegans,2023-01-06-15,RMER,62,803,3782,-0.008465645781274874,-0.0009217164687461784,-1.0849742861980456,-0.8290822637901596,,,
C. elegans,2023-01-06-15,CEPVL,62,803,3782,-0.008062073939167804,0.00018001839930562226,-1.0332517026370536,-0.09065628139384108,,,
C. elegans,2023-01-06-15,CEPDR,62,803,3782,-0.0026245049924627497,-0.001074909553949179,-0.33636186823678565,-0.9317582865953395,,,
C. elegans,2023-01-06-15,IL1VR,62,803,3782,-0.0005782626641544452,0.0002456368187894299,-0.07411131264949607,-0.04667623930231113,,,
C. elegans,2023-01-06-15,RMDVL,62,803,3782,0.014021016035331856,0.0026335409148267124,1.7969617744170052,1.55379087771156,,,
C. elegans,2023-01-06-15,IL1VL,62,803,3782,-0.00018731342087678103,0.0020822432104374406,-0.024006466885328932,1.1842895024157545,,,
C. elegans,2023-01-06-15,AIBR,62,803,3782,0.009291813154718963,0.00017201948003731646,1.190857567809626,-0.0960174712681819,,,
C. elegans,2023-01-06-15,RMDVR,62,803,3782,-0.0004284271407099609,0.0011936537501094887,-0.054908088903013234,0.588721944179201,,,
C. elegans,2023-01-06-15,IL1L,62,803,3782,-0.0018195782732230736,0.0011685984469920056,-0.23320083183002907,0.5719288959102637,,,
C. elegans,2023-01-06-15,RMDDL,62,803,3782,0.0030122946407484773,-1.5457489138918444e-05,0.3860617739160942,-0.22167189971106624,,,
C. elegans,2023-01-06-15,IL2L,62,803,3782,0.006611077392577158,0.0008745462114672458,0.8472890503967262,0.37484353790832825,,,
C. elegans,2023-01-06-15,RIBL,62,803,3782,0.01865201967198571,0.0005478509375437293,2.3904805672978484,0.15587953342166574,,,
C. elegans,2023-01-06-15,RIH,62,803,3782,-0.00765201747408779,0.0021845858983310686,-0.9806980366798558,1.2528835916475558,,,
C. elegans,2023-01-06-15,SAAVL,62,803,3782,0.005473053077235626,0.0007837328600336389,0.7014375523403362,0.3139768628201161,,,
C. elegans,2023-01-06-15,IL2DL,62,803,3782,0.0022884828018274374,0.00073891977390316,0.2932965846363714,0.28394137233171496,,,
C. elegans,2023-01-06-15,RIVL,62,803,3782,-0.008804636849617112,-0.000495984317869153,-1.1284200671703206,-0.5437398544090631,,,
C. elegans,2023-01-06-15,RIR,62,803,3782,-0.004060574787775812,-0.0008206568704110157,-0.5204114778420819,-0.7613481515775005,,,
C. elegans,2023-01-06-15,ASGL,62,803,3782,0.001586620197471929,0.0005149602702894344,0.20334445365374945,0.1338349163516165,,,
C. elegans,2023-01-06-15,URXR,62,803,3782,-0.003885090620876606,0.0012683950076416857,-0.49792107207272396,0.6388164706566491,,,
C. elegans,2023-01-06-15,URYDR,62,803,3782,0.013252795686810849,0.00134645814296301,1.6985051007249632,0.691137450104742,,,
C. elegans,2023-01-06-15,AVAR,62,803,3782,-0.009726333668098542,0.0006373637048089141,-1.2465465956786164,0.21587450591599125,,,
C. elegans,2023-01-06-15,URYVL,62,803,3782,-0.021917949804934604,0.0004192317486044162,-2.809048778905126,0.0696739011033606,,,
C. elegans,2023-01-06-15,URAVL,62,803,3782,-0.002385903982793704,,-0.30578228023601994,,,,
C. elegans,2023-01-06-15,RID,62,803,3782,-0.008252056590719165,0.0002507358230317022,-1.057600263524503,-0.043258686380979905,,,
C. elegans,2023-01-06-15,OLQVL,62,803,3782,0.0002581991012976241,-0.0012159821115254718,0.033091319063574036,-1.0263106557162716,,,
C. elegans,2023-01-06-15,RIAL,62,803,3782,0.0015817176521040455,0.0005938295011064914,0.20271613352336573,0.1866961726626849,,,
C. elegans,2023-01-06-15,AVDL,62,803,3782,-0.0005576608178248487,-0.0026145097465613437,-0.07147093835398076,-1.963658807940867,,,
C. elegans,2023-01-06-15,AWCR,62,803,3782,0.004133245224081734,0.0016790890031688863,0.5297250679444596,0.9140797176551853,,,
C. elegans,2023-01-06-15,ASGR,62,803,3782,-0.0028165679748867064,0.0006168298621055606,-0.36097704853660667,0.20211191801005746,,,
C. elegans,2023-01-06-15,ADLL,62,803,3782,-0.005359314946919059,0.0013640755085473659,-0.6868606435088006,0.7029453004924375,,,
C. elegans,2023-01-06-15,OLLL,62,803,3782,0.007400621001050364,0.0015945570810108208,0.9484785562133092,0.8574231031887691,,,
C. elegans,2023-01-06-15,RICL,62,803,3782,-0.007958098181891176,0.00024906105627340745,-1.019925959279986,-0.044381180843704245,,,
C. elegans,2023-01-06-15,AINR,62,803,3782,-0.009250101242120055,-0.001424036548731072,-1.1855116847231806,-1.1657569114720938,,,
C. elegans,2023-01-06-15,AWCL,62,803,3782,0.0018290279378850515,0.002207982914875772,0.23441191996628416,1.268565191121408,,,
C. elegans,2023-01-06-15,AIZR,62,803,3782,-0.0012524886254000776,-0.0018285997585643196,-0.16052147555245055,-1.4369110650941774,,,
C. elegans,2023-01-06-15,AVL,62,803,3782,-0.005701554019404483,-0.0010377499366157016,-0.7307226952615773,-0.9068524515068433,,,
C. elegans,2023-01-06-15,URYDL,62,803,3782,0.008428230220207826,0.001297545926124209,1.0801790322138531,0.6583545612103923,,,
C. elegans,2023-01-06-15,RMEL,62,803,3782,-0.006573536733793969,-0.0013933187753737211,-0.8424777636362066,-1.145168653238478,,,
C. elegans,2023-01-06-15,AVER,62,803,3782,0.007255012589836263,0.0005953978978923016,0.9298170877201567,0.18774737379186138,,,
C. elegans,2023-01-06-15,IL2VL,62,803,3782,-0.0005535684127524986,-0.0043784306437371235,-0.07094644744248674,-3.145907876330322,,,
C. elegans,2023-01-06-15,IL2VR,62,803,3782,-0.0006209662851738424,-0.003926258099287288,-0.07958429509297069,-2.8428440766536887,,,
C. elegans,2023-01-06-15,AVAL,62,803,3782,-0.0017753359287647963,0.0003528258486990627,-0.22753064347835925,0.025166058702736215,,,
C. elegans,2023-01-06-15,AWBL,62,803,3782,-0.004748846596999069,-0.00010104648437509594,-0.6086217850314034,-0.2790370060740398,,,
C. elegans,2023-01-06-15,IL1DL,62,803,3782,-0.004034588190038506,0.00026351275732016256,-0.5170809829147942,-0.03469508316975253,,,
C. elegans,2023-01-06-15,ASHL,62,803,3782,0.008074724857285267,0.0025812607232306465,1.0348730698911153,1.5187506398479276,,,
C. elegans,2023-01-06-15,IL1DR,62,803,3782,0.0038110085140777685,0.00010351136762043558,0.48842655942468677,-0.14193429906451716,,,
C. elegans,2023-01-06-15,ADEL,62,803,3782,0.0028469916295534785,0.005287705353948206,0.36487620565449935,3.3327161348066396,,,
C. elegans,2023-01-06-15,AUAL,62,803,3782,-0.01391934692469775,-0.0005697759306356413,-1.7839316555591362,-0.5931978916644847,,,
C. elegans,2023-01-06-15,AVKL,62,803,3782,-0.006781286677893499,3.446910248711229e-05,-0.8691034166732899,-0.1882091369918072,,,
C. elegans,2023-01-06-15,AIBL,62,803,3782,0.004830661515544393,0.0005488701193645529,0.6191073504734877,0.1565626291092997,,,
C. elegans,2023-01-06-15,OLQDL,62,803,3782,0.008516453928793891,3.5075826465051986e-05,1.0914859611501706,-0.1878024867509505,,,
C. elegans,2023-01-06-15,OLQDR,62,803,3782,0.0020890784350725755,0.0010359067140566986,0.2677405176717968,0.4829936846448824,,,
C. elegans,2023-01-06-15,CEPDL,62,803,3782,0.004633223296551537,0.001448953081731108,0.5938032689828815,0.7598335838527073,,,
C. elegans,2023-01-06-15,RMDR,62,803,3782,-0.0008596858750582178,0.0012682857854961855,-0.11017908057397695,0.6387432656847188,,,
C. elegans,2023-01-06-15,OLLR,62,803,3782,-0.0020530821818253255,0.0007538882856859243,-0.2631271650485245,0.29397385686017863,,,
C. elegans,2023-01-06-15,RMDL,62,803,3782,0.01087985100636016,0.00011564147950037243,1.3943837108890988,-0.13380422163730582,,,
C. elegans,2023-01-06-15,AVJL,62,803,3782,-0.00811229672256601,-0.002291458578107616,-1.0396883561394805,-1.747137226072854,,,
C. elegans,2023-01-06-15,AVEL,62,803,3782,-0.011558341617601392,0.00028504076400284376,-1.4813404399612986,-0.020266167516203526,,,
C. elegans,2023-01-06-15,AWAL,62,803,3782,-0.0008099209441646567,0.0005496178635878838,-0.10380110637461168,0.15706379665759618,,,
C. elegans,2023-01-06-15,URXL,62,803,3782,0.008636875243569287,0.0005837143866027053,1.1069194004195597,0.17991662562182795,,,
C. elegans,2023-01-09-08,IL2DR,42,802,1722,-0.006396348624503827,-0.000856113094799575,-1.1528801946612308,-1.1561042848756706,,,
C. elegans,2023-01-09-08,RMDVR,42,802,1722,0.006287577322491923,0.000290430764870156,1.133275215758636,-0.182745992474264,,,
C. elegans,2023-01-09-08,IL1DL,42,802,1722,-0.0037910230272660693,0.0013193769926515115,-0.6832953646235547,0.6907778023630541,,,
C. elegans,2023-01-09-08,SMDVL,42,802,1722,0.020015867067004627,0.0006698630392933481,3.6076671356092076,0.13937299809006215,,,
C. elegans,2023-01-09-08,RIAL,42,802,1722,-0.001095578239259464,-0.0010977662981073067,-0.1974674189748433,-1.361255747108174,,,
C. elegans,2023-01-09-08,OLLR,42,802,1722,0.002198923637621831,0.0004983172550523734,0.3963347935218727,-0.006260777896103429,,,
C. elegans,2023-01-09-08,URYVL,42,802,1722,-0.002211843581232051,0.0024082245359874216,-0.39866348884146496,1.6151548129138769,,,
C. elegans,2023-01-09-08,RIVL,42,802,1722,0.009133216443763052,0.0011619712005113431,1.6461742424781436,0.5571481712246703,,,
C. elegans,2023-01-09-08,RIBR,42,802,1722,-0.0001316000566995976,0.0012055193236368163,-0.023719641922586795,0.5941183458980638,,,
C. elegans,2023-01-09-08,OLQDL,42,802,1722,0.009625892699482573,0.0008644031410484863,1.7349743893968004,0.30452779757808407,,,
C. elegans,2023-01-09-08,IL2R,42,802,1722,-0.000861660607347037,0.0005781860762748221,-0.15530602020730622,0.061543849711940886,,,
C. elegans,2023-01-09-08,OLQDR,42,802,1722,-0.0043356653118608495,-0.001175075162742096,-0.781461887423596,-1.42688709983295,,,
C. elegans,2023-01-09-08,AVDR,42,802,1722,0.0011495573564317461,-0.0019259535813862547,0.20719663462059756,-2.064345256543221,,,
C. elegans,2023-01-09-08,AVL,42,802,1722,0.004881141779691396,0.0033586547451111702,0.8797787637124307,2.4220224417422123,,,
C. elegans,2023-01-09-08,URYDR,42,802,1722,-0.003326235551669925,0.0012368617089420957,-0.5995219015436009,0.6207264606973716,,,
C. elegans,2023-01-09-08,AWBR,42,802,1722,-0.00018115930788432358,0.0010113998750781257,-0.03265221932060875,0.42932065989814283,,,
C. elegans,2023-01-09-08,SAAVL,42,802,1722,-0.010354186912225834,-0.0003504655708322084,-1.8662424022973996,-0.7268348711197505,,,
C. elegans,2023-01-09-08,RMER,42,802,1722,0.0006698788068652661,0.0010037668867180593,0.12073919897043892,0.42284063521054466,,,
C. elegans,2023-01-09-08,AWCL,42,802,1722,-0.005631117640203585,0.00047163276030826707,-1.0149546846661746,-0.02891457697989904,,,
C. elegans,2023-01-09-08,CEPVR,42,802,1722,7.5603936705847e-05,0.0010521608257039515,0.013626880957157543,0.46392466476302474,,,
C. elegans,2023-01-09-08,AVJR,42,802,1722,-0.001605828467905273,0.0019055859299396127,-0.28943510514403636,1.188439819718022,,,
C. elegans,2023-01-09-08,RIMR,42,802,1722,0.0070766224668602955,-0.00013375094725227456,1.275492998596649,-0.5428550135965147,,,
C. elegans,2023-01-09-08,CEPVL,42,802,1722,0.004044575607532458,0.0005061333169918496,0.7289957735997848,0.0003746670880105628,,,
C. elegans,2023-01-09-08,RMEL,42,802,1722,0.0018303781367751694,0.002316351294080461,0.32990801885704124,1.5371590335934937,,,
C. elegans,2023-01-09-08,AVAL,42,802,1722,-0.0010143903522816366,0.0011047119894991564,-0.18283408479656554,0.5085379698921819,,,
C. elegans,2023-01-09-08,CEPDR,42,802,1722,-0.0037503676351258335,0.00019229096607801217,-0.6759676220072273,-0.26606176462139786,,,
C. elegans,2023-01-09-08,AVJL,42,802,1722,-0.0016105917935737744,-0.0004216625699960361,-0.29029364868916135,-0.7872775562780575,,,
C. elegans,2023-01-09-08,IL2DL,42,802,1722,0.001909539328144392,-0.002011103986747673,0.34417606068417717,-2.1366336844658584,,,
C. elegans,2023-01-09-08,URXL,42,802,1722,-0.0019454616282802617,0.00171022862384268,-0.35065070908196266,1.0225912546876148,,,
C. elegans,2023-01-09-08,URBL,42,802,1722,-0.0014258730201827082,-0.00020337866522219695,-0.25699987001536434,-0.6019654576457574,,,
C. elegans,2023-01-09-08,AWBL,42,802,1722,-0.004575700341555205,0.0008279953542367923,-0.8247258881848131,0.2736194106879803,,,
C. elegans,2023-01-09-08,RIH,42,802,1722,-0.010836946625342306,0.001122352597712098,-1.9532551879826843,0.523513962430328,,,
C. elegans,2023-01-09-08,AVDL,42,802,1722,0.0005622822711678544,-0.0016553117226221928,0.10134596037420333,-1.8345838782259425,,,
C. elegans,2023-01-09-08,AWAR,42,802,1722,0.0016604924981171178,0.0018706946292429332,0.29928776976431215,1.1588188535601578,,,
C. elegans,2023-01-09-08,AVER,42,802,1722,0.006784221056053759,0.00019870813279785254,1.222790462321743,-0.26061391159091873,,,
C. elegans,2023-01-09-08,CEPDL,42,802,1722,-0.000554296499029689,0.00045700277318790387,-0.09990660190929757,-0.04133470304941834,,,
C. elegans,2023-01-09-08,RIVR,42,802,1722,0.0007597562681488936,0.001133504108807718,0.13693874517143473,0.5329810366344101,,,
C. elegans,2023-01-09-08,IL1DR,42,802,1722,0.003866545912085023,0.00030003222010610786,0.6969076367592385,-0.1745948380337119,,,
C. elegans,2023-01-09-08,AVBR,42,802,1722,-0.0073134663465848826,-5.101144409018082e-05,-1.3181818253305708,-0.4726133208494139,,,
C. elegans,2023-01-09-08,IL2L,42,802,1722,-0.006779196540338257,-0.0016450243405092206,-1.2218848417878692,-1.825850406233299,,,
C. elegans,2023-01-09-08,URXR,42,802,1722,0.0007205715993443063,0.0017933273287103015,0.12987608626223984,1.0931378916858854,,,
C. elegans,2023-01-09-08,OLLL,42,802,1722,-0.003524106083935139,0.0001959924400766704,-0.6351861580041901,-0.2629193986488131,,,
C. elegans,2023-01-09-15,ASEL,83,803,6806,0.005555256724974177,-0.00013825409133829035,0.5308592059538823,-0.6220040763299087,,,
C. elegans,2023-01-09-15,AIBL,83,803,6806,0.025980699268965693,3.137785584074192e-06,2.4827103528890193,-0.5442249332053776,,,
C. elegans,2023-01-09-15,AINL,83,803,6806,-0.006587967008468493,-0.0008336671069202738,-0.6295447911963445,-1.004548177497134,,,
C. elegans,2023-01-09-15,AIZR,83,803,6806,-0.00260568400753437,0.003001205874464634,-0.24899863529040692,1.105001118940242,,,
C. elegans,2023-01-09-15,AWBL,83,803,6806,-0.001984077357268089,0.002641141671569476,-0.18959802986158325,0.9069311464595743,,,
C. elegans,2023-01-09-15,AVJR,83,803,6806,-0.002504445750646748,-0.00017739488147620465,-0.2393243279947764,-0.6435352787186829,,,
C. elegans,2023-01-09-15,RMDVL,83,803,6806,-0.0009902238420924582,0.0017156691158768474,-0.09462558951895216,0.3978321519921148,,,
C. elegans,2023-01-09-15,URBR,83,803,6806,-0.003175817433571659,0.0009675057818440651,-0.3034804698514062,-0.01372970223105229,,,
C. elegans,2023-01-09-15,CEPVR,83,803,6806,-0.0068094196798711044,0.0017408255524684676,-0.6507067635618435,0.4116706137535155,,,
C. elegans,2023-01-09-15,RIBR,83,803,6806,0.04007892355611876,7.126915389644744e-05,3.8299338064500428,-0.5067461220983724,,,
C. elegans,2023-01-09-15,OLLR,83,803,6806,0.0030319096376211353,-0.002619449473054943,0.28972867005691083,-1.9869003837778223,,,
C. elegans,2023-01-09-15,AWCL,83,803,6806,0.004853170573781724,0.002233828997548453,0.4637679957389348,0.6828699665764347,,,
C. elegans,2023-01-09-15,SAAVL,83,803,6806,-0.008393908056344677,0.0009665843460427109,-0.8021201514610008,-0.014236580622043206,,,
C. elegans,2023-01-09-15,ADEL,83,803,6806,-0.005442300384244606,0.005017885732747183,-0.5200651209429082,2.2143691728054855,,,
C. elegans,2023-01-09-15,RMDVR,83,803,6806,0.0021342374292200833,0.0027857267276214805,0.20394729588272892,0.986466845490658,,,
C. elegans,2023-01-09-15,URYVR,83,803,6806,0.0034780264073628817,0.002117515795133313,0.3323594980946403,0.6188865085812691,,,
C. elegans,2023-01-09-15,IL1L,83,803,6806,-0.01160988887025191,0.0020541323621683567,-1.1094386257915727,0.5840195189662125,,,
C. elegans,2023-01-09-15,ADAL,83,803,6806,-0.00030472372243695034,0.006095597238844332,-0.029119337113793373,2.8072142449853392,,,
C. elegans,2023-01-09-15,AWAR,83,803,6806,-0.004121902089876947,0.0003017566223529524,-0.3938881277285876,-0.37995582701421576,,,
C. elegans,2023-01-09-15,OLLL,83,803,6806,-0.0046845359226656575,0.0020893467925648377,-0.44765330267977627,0.6033908455337256,,,
C. elegans,2023-01-09-15,OLQVR,83,803,6806,-0.004036518253419479,0.0026791329585397466,-0.38572886563376185,0.9278300114514317,,,
C. elegans,2023-01-09-15,RIVR,83,803,6806,0.005012100580454594,-0.0009679417349627592,0.47895531494334065,-1.07841214860945,,,
C. elegans,2023-01-09-15,URYVL,83,803,6806,0.0010223275287620387,0.00067621196833331,0.09769341130601542,-0.1739693405009635,,,
C. elegans,2023-01-09-15,IL2DR,83,803,6806,-0.006928699753536423,-0.004099452081107846,-0.6621051432096151,-2.8010442878129354,,,
C. elegans,2023-01-09-15,URYDR,83,803,6806,-0.005345064851011134,0.00044571878438885606,-0.5107733131078593,-0.3007627796536826,,,
C. elegans,2023-01-09-15,ASGR,83,803,6806,-0.006394854313514061,0.0010551507949637055,-0.6110909812324854,0.03448349196345559,,,
C. elegans,2023-01-09-15,ASER,83,803,6806,0.006529736734763311,0.00433107725188737,0.6239803180510006,1.8365583940344485,,,
C. elegans,2023-01-09-15,FLPR,83,803,6806,-0.0059539728369478115,0.002605516933172535,-0.5689604367488149,0.8873341109942973,,,
C. elegans,2023-01-09-15,CEPDR,83,803,6806,-0.005723608532031019,0.0011516307137766823,-0.546946870492106,0.08755673476451155,,,
C. elegans,2023-01-09-15,AWBR,83,803,6806,-0.005201656330286667,0.0016952858967871696,-0.4970692239527059,0.38661941934138955,,,
C. elegans,2023-01-09-15,AQR,83,803,6806,-0.010795931609058257,0.002376771264068627,-1.0316570349939542,0.7615019732250354,,,
C. elegans,2023-01-09-15,AVER,83,803,6806,-0.028760018364014435,0.0013485692572394665,-2.7483015219266473,0.1958918915793492,,,
C. elegans,2023-01-09-15,IL2VR,83,803,6806,-0.006640836405627285,0.004761079074179083,-0.634596980066177,2.0731007895937097,,,
C. elegans,2023-01-09-15,RICL,83,803,6806,0.0010515341999650272,0.0005974184779563063,0.1004843948826469,-0.2173133451121999,,,
C. elegans,2023-01-09-15,CEPDL,83,803,6806,-0.00526410364924275,-0.0024648431518738195,-0.5030366770869495,-1.9018520242478993,,,
C. elegans,2023-01-09-15,RMDDL,83,803,6806,-0.017864849349019423,0.0017134241015193579,-1.7071613805481267,0.3965971779835041,,,
C. elegans,2023-01-09-15,RMER,83,803,6806,0.02987063085353483,0.0001721716212551418,2.8544314261772925,-0.45124005186903765,,,
C. elegans,2023-01-09-15,AINR,83,803,6806,-0.010957275378936763,0.001636475694664495,-1.0470750129207453,0.35426814692286357,,,
C. elegans,2023-01-09-15,AVAR,83,803,6806,0.007018470672663344,0.0003307338732187142,0.6706836340345713,-0.3640155495986959,,,
C. elegans,2023-01-09-15,RIBL,83,803,6806,0.030181862302376978,-1.6146952294989854e-05,2.8841726403065073,-0.5548333954470832,,,
C. elegans,2023-01-09-15,OLQDR,83,803,6806,-0.001500415235966248,0.0021609386273001322,-0.1433793756434995,0.6427732462884854,,,
C. elegans,2023-01-09-15,AVDL,83,803,6806,0.00508145843297454,0.0007219070909479443,0.4855831372633931,-0.1488326243097771,,,
C. elegans,2023-01-09-15,ASIL,83,803,6806,0.00402129272159553,0.00389022379444489,0.3842739169006185,1.5940465545304676,,,
C. elegans,2023-01-09-15,AWCR,83,803,6806,0.002852862117742529,0.004311688461518461,0.2726189253706811,1.825892692906915,,,
C. elegans,2023-01-09-15,AUAR,83,803,6806,-0.003616449033515464,0.0009664931367070523,-0.34558713617571446,-0.01428675453674682,,,
C. elegans,2023-01-09-15,CEPVL,83,803,6806,-0.0006730882907103845,0.0015518876603815,-0.06432018054845731,0.3077365853627018,,,
C. elegans,2023-01-09-15,SMDVL,83,803,6806,0.006643647037095932,0.0024590643613130016,0.6348655634392851,0.8067710984962535,,,
C. elegans,2023-01-09-15,AUAL,83,803,6806,-0.003625124555709898,0.004036024992008644,-0.3464161673170959,1.6742512484625383,,,
C. elegans,2023-01-09-15,ASIR,83,803,6806,-0.006343548529514713,0.003153999075341455,-0.6061882109190465,1.1890520877662576,,,
C. elegans,2023-01-09-15,AIBR,83,803,6806,0.024917063513918366,-6.523462073273477e-06,2.3810695358570744,-0.5495395494383525,,,
C. elegans,2023-01-09-15,OLQVL,83,803,6806,0.002134790457017174,0.0016052653166463168,0.20400014310685702,0.33709943460582215,,,
C. elegans,2023-01-09-15,RIVL,83,803,6806,0.0022472871867659145,-0.0006627985506551711,0.2147503077857185,-0.9105540232182238,,,
C. elegans,2023-01-09-15,IL2DL,83,803,6806,-0.00461223877482087,-0.002389167073244668,-0.44074460189461273,-1.8602228961896312,,,
C. elegans,2023-01-09-15,OLQDL,83,803,6806,0.0006865570479888063,-0.00212023858511454,0.06560725226232873,-1.712286339834119,,,
C. elegans,2023-01-09-15,URBL,83,803,6806,0.0006632850074034653,-0.0012129111322316595,0.06338338078389259,-1.2131688986154623,,,
C. elegans,2023-01-09-15,SAAVR,83,803,6806,-0.00489168192023929,0.0011180887884638547,-0.46744813219577397,0.06910544699349462,,,
C. elegans,2023-01-09-15,AVAL,83,803,6806,-0.006129365977880345,0.00044187756960983513,-0.5857209697241176,-0.3028758175493007,,,
C. elegans,2023-01-09-15,IL1R,83,803,6806,0.021593524512186157,0.00011290775628385516,2.06347282291227,-0.4838408825252823,,,
C. elegans,2023-01-09-15,AVDR,83,803,6806,5.837277105966222e-05,-0.0016155740321828064,0.0055780901636375705,-1.4346722551586073,,,
C. elegans,2023-01-09-15,ASGL,83,803,6806,0.002958599412154091,0.000557614857638377,0.28272315977963086,-0.23920916790605543,,,
C. elegans,2023-01-09-15,SMDVR,83,803,6806,0.001802435480075572,0.0023213665008567546,0.1722403689166085,0.7310240200254811,,,
C. elegans,2023-01-09-15,ADLL,83,803,6806,-0.0015725087708679435,-6.155726690621991e-05,-0.1502686192171168,-0.5798134398199023,,,
C. elegans,2023-01-09-15,RMEL,83,803,6806,0.016873704646247333,0.0001213549888507875,1.6124477937693924,-0.4791940914568648,,,
C. elegans,2023-01-09-15,AVHL,83,803,6806,-0.011900273332690075,0.0015016321596862904,-1.1371877061280868,0.28009122223116956,,,
C. elegans,2023-01-09-15,RID,83,803,6806,0.016057801833684434,0.0003525001269825213,1.5344802864775142,-0.3520420147420253,,,
C. elegans,2023-01-09-15,RIH,83,803,6806,-0.0002653750261887571,0.0005314371721480053,-0.025359183680788263,-0.2536094148703315,,,
C. elegans,2023-01-09-15,RIML,83,803,6806,-0.004832346630778689,0.0003213955262318617,-0.461778063968955,-0.3691525393794861,,,
C. elegans,2023-01-09-15,RMDDR,83,803,6806,-0.013101002670098859,0.0018451443839035905,-1.2519291580859748,0.4690560130946064,,,
C. elegans,2023-01-09-15,URXL,83,803,6806,0.0069762223891377565,0.0012536076181181338,0.6666463966294158,0.14365384876297344,,,
C. elegans,2023-01-09-15,ADER,83,803,6806,-0.0029846298720488168,0.002127699661198208,-0.2852106252478255,0.6244886152472514,,,
C. elegans,2023-01-09-15,URYDL,83,803,6806,-0.01202753849076063,0.0008320606773014553,-1.1493491388221349,-0.08823754809210682,,,
C. elegans,2023-01-09-15,RIAL,83,803,6806,0.0002172166448679244,-0.0008577456607822327,0.020757178528970445,-1.0177936999969122,,,
C. elegans,2023-01-09-15,RIMR,83,803,6806,0.006849064983970472,0.0001642752235015267,0.6544952607809507,-0.45558383076507625,,,
C. elegans,2023-01-09-15,URADR,83,803,6806,-0.006098233825340566,-0.0013686637323419956,-0.5827459875414572,-1.2988478219007895,,,
C. elegans,2023-01-09-15,AVL,83,803,6806,-0.01018776039451922,0.0010590938059563983,-0.9735403170783296,0.036652527575810105,,,
C. elegans,2023-01-09-15,RICR,83,803,6806,0.00032371318596696323,0.001147075785743006,0.030933966397389528,0.08505108587459848,,,
C. elegans,2023-01-09-15,ADLR,83,803,6806,0.00020154290499277078,-0.001801658144304079,0.019259399125356937,-1.5370364298546464,,,
C. elegans,2023-01-09-15,IL1DL,83,803,6806,-0.00040005595712313494,-0.001599750494862586,-0.03822926612567938,-1.4259677864100841,,,
C. elegans,2023-01-09-15,URXR,83,803,6806,-0.0018762901430216027,0.0022037327476859586,-0.1792979055289608,0.6663141319944247,,,
C. elegans,2023-01-09-15,RMEV,83,803,6806,-0.00736721068459911,-0.0006193888238087606,-0.7040091588457453,-0.8866744946987908,,,
C. elegans,2023-01-09-15,IL1DR,83,803,6806,0.0013091834314339654,0.0026719887581054926,0.1251053031869097,0.9239000134898707,,,
C. elegans,2023-01-09-15,FLPL,83,803,6806,-0.0007218916035122174,-0.00039728100618762754,-0.06898381522179824,-0.764493814225068,,,
C. elegans,2023-01-09-15,SMBVR,83,803,6806,-0.0064591987170179175,0.0014831167966084205,-0.6172397193813587,0.26990599019250705,,,
C. elegans,2023-01-09-22,AVDR,81,802,6480,-0.0007791564252892736,0.0003220999971314681,-0.1260198470444231,0.024293788480114913,,,
C. elegans,2023-01-09-22,URYVL,81,802,6480,0.0018472597795088142,0.0012268538972465218,0.2987736317243205,0.8687024026967556,,,
C. elegans,2023-01-09-22,AIYR,81,802,6480,-0.009796949425368778,-0.0003366868354349371,-1.5845471179019723,-0.5905532724508498,,,
C. elegans,2023-01-09-22,OLQDL,81,802,6480,0.005887182148277115,0.0006604585913516511,0.9521859408052726,0.3400845373427862,,,
C. elegans,2023-01-09-22,AIZL,81,802,6480,-0.004200709301324634,0.0008597248804321502,-0.6794177991081548,0.5260601612126138,,,
C. elegans,2023-01-09-22,RMDL,81,802,6480,0.007018929564758125,0.000743407375234221,1.1352334415236387,0.41750080229652614,,,
C. elegans,2023-01-09-22,URYDL,81,802,6480,0.003555062418043803,0.00035837506267701773,0.574991628913189,0.058149379292202215,,,
C. elegans,2023-01-09-22,CEPVL,81,802,6480,-6.762056842350983e-05,0.0005788470498495883,-0.010936871484598132,0.2639163233620813,,,
C. elegans,2023-01-09-22,OLLR,81,802,6480,0.008829963308206656,0.0005364211477985364,1.428147916632973,0.22432014460754487,,,
C. elegans,2023-01-09-22,IL2DR,81,802,6480,-9.311709080401797e-05,-0.0006477659381774749,-0.015060649132152595,-0.8808840176680613,,,
C. elegans,2023-01-09-22,BAGL,81,802,6480,0.002366115785471057,7.060631923325096e-06,0.3826927940224001,-0.26973307757182396,,,
C. elegans,2023-01-09-22,URBL,81,802,6480,-0.002042060989490829,-0.0005198346749321253,-0.3302805511171599,-0.7614855152706109,,,
C. elegans,2023-01-09-22,RMDVL,81,802,6480,0.0012603880420146262,-0.0011448583467487312,0.2038536847236209,-1.3448213511306626,,,
C. elegans,2023-01-09-22,SMDVR,81,802,6480,0.003774486836156249,-0.002037842266413239,0.6104810771303115,-2.1782450191864315,,,
C. elegans,2023-01-09-22,AUAR,81,802,6480,-0.002762371472892583,0.00015247290595187164,-0.446782724488935,-0.13401951304679563,,,
C. elegans,2023-01-09-22,AWCL,81,802,6480,-0.0028042234769894204,-0.00029402864106953843,-0.45355181858044286,-0.5507402948173853,,,
C. elegans,2023-01-09-22,CEPVR,81,802,6480,-0.001960899140963951,-0.0001685457719714302,-0.31715352885920634,-0.43362688354655526,,,
C. elegans,2023-01-09-22,AVAL,81,802,6480,-0.00039338986740645174,0.00026012088386133815,-0.0636264160960766,-0.03355144118968959,,,
C. elegans,2023-01-09-22,IL1DR,81,802,6480,-0.006347491614897338,-0.0004185970072358574,-1.0266358544475096,-0.6670001986833495,,,
C. elegans,2023-01-09-22,RIVL,81,802,6480,-0.00819863854858941,0.0002236971272090195,-1.3260381899336329,-0.06754580570741907,,,
C. elegans,2023-01-09-22,RIAR,81,802,6480,-0.005341757138190661,0.00013415977185527302,-0.8639695389193751,-0.1511111975175737,,,
C. elegans,2023-01-09-22,RMDDR,81,802,6480,-0.0013587283536213024,6.891690717588788e-05,-0.21975913146671008,-0.2120024928680968,,,
C. elegans,2023-01-09-22,RMER,81,802,6480,0.008751675079432725,0.0013472800617812305,1.41548567026594,0.9810963815425469,,,
C. elegans,2023-01-09-22,IL1VR,81,802,6480,0.002738541907761638,-1.0087071266971198e-05,0.4429285585532285,-0.28573706306011537,,,
C. elegans,2023-01-09-22,ASEL,81,802,6480,-0.0008924799098250114,0.00012483793292269912,-0.1443486546165774,-0.1598112883312242,,,
C. elegans,2023-01-09-22,OLQVL,81,802,6480,0.003880864312050447,-1.362593715839128e-05,0.6276864454055993,-0.289039893634145,,,
C. elegans,2023-01-09-22,FLPL,81,802,6480,0.00047698576790098366,0.00027394579661688085,0.07714711906653661,-0.020648622622022453,,,
C. elegans,2023-01-09-22,IL1VL,81,802,6480,0.002547410885799245,0.0013394431628616988,0.4120152510691727,0.9737821881960951,,,
C. elegans,2023-01-09-22,ASGR,81,802,6480,-0.006362121983581192,8.457990352783329e-05,-1.0290021531314464,-0.19738418722460124,,,
C. elegans,2023-01-09-22,URYDR,81,802,6480,-0.00586161628534263,2.716378365508276e-05,-0.948050948097786,-0.2509707660824326,,,
C. elegans,2023-01-09-22,AVDL,81,802,6480,-0.010679225902343359,-0.00031503509123589283,-1.7272454812478824,-0.5703456565321305,,,
C. elegans,2023-01-09-22,SMDDL,81,802,6480,-0.007915344634616484,-6.917444902174863e-05,-1.280218564311949,-0.34088343022279016,,,
C. elegans,2023-01-09-22,IL2DL,81,802,6480,-0.003989944842418741,9.479743261818626e-05,-0.6453290025435109,-0.18784814700548086,,,
C. elegans,2023-01-09-22,RIH,81,802,6480,-0.0013464590881381022,0.0013501368012984356,-0.2177747148472023,0.9837625822150108,,,
C. elegans,2023-01-09-22,RMEV,81,802,6480,0.007499190413400958,0.0015332892473293189,1.2129102683109232,1.1546991243218303,,,
C. elegans,2023-01-09-22,AVER,81,802,6480,0.009383311250454968,0.0004786833535653843,1.5176457642809458,0.17043334642945293,,,
C. elegans,2023-01-09-22,CEPDR,81,802,6480,-0.0019475612530990838,0.0009818219376193117,-0.31499627450812767,0.6400135874937608,,,
C. elegans,2023-01-09-22,ADLL,81,802,6480,-0.002442784516915242,-0.0024409922573924306,-0.3950931047893928,-2.554505707491727,,,
C. elegans,2023-01-09-22,RIBL,81,802,6480,0.022915405689529194,0.00022546263762011714,3.706310859059185,-0.06589805132975854,,,
C. elegans,2023-01-09-22,CEPDL,81,802,6480,0.002567882333795063,0.0008704344712290294,0.4153262790752025,0.5360554436009739,,,
C. elegans,2023-01-09-22,ADEL,81,802,6480,-0.0021390441968586137,0.00544361256949366,-0.3459665014111952,4.804211657164089,,,
C. elegans,2023-01-09-22,SMDVL,81,802,6480,0.00299385449380381,0.0006834467223905719,0.4842225169898869,0.36153940575676846,,,
C. elegans,2023-01-09-22,AVJL,81,802,6480,-0.011554531065362889,0.0009068631667448882,-1.8688163124451767,0.5700544175698671,,,
C. elegans,2023-01-09-22,IL2VL,81,802,6480,-0.0012021043722471258,3.800063802851808e-05,-0.19442695228467435,-0.24085670834498993,,,
C. elegans,2023-01-09-22,AVJR,81,802,6480,0.0005871596322247763,-0.0012880433363002676,0.09496651075700839,-1.478456186624007,,,
C. elegans,2023-01-09-22,RID,81,802,6480,0.0015281625865399828,0.0020519023804934818,0.2471632257197658,1.6387217928441904,,,
C. elegans,2023-01-09-22,AVKR,81,802,6480,-0.003770655790840649,-0.00024925389184982224,-0.6098614483510033,-0.5089519323292984,,,
C. elegans,2023-01-09-22,RMDR,81,802,6480,-0.012417297047376435,2.763494729239038e-06,-2.0083590712026527,-0.2737436042605683,,,
C. elegans,2023-01-09-22,IL2R,81,802,6480,0.001886283258872906,-0.0005498870812737017,0.3050852435406233,-0.789533485872936,,,
C. elegans,2023-01-09-22,URXL,81,802,6480,-0.005103377572162215,-0.0004343605083756712,-0.8254143072940083,-0.6817123056452317,,,
C. elegans,2023-01-09-22,AINR,81,802,6480,0.0022040455530875857,0.00045855153475929524,0.3564797445852009,0.15164427990257925,,,
C. elegans,2023-01-09-22,ASHL,81,802,6480,0.001069592764797439,-1.2775526346179438e-05,0.17299468020115732,-0.28824620353193786,,,
C. elegans,2023-01-09-22,AIZR,81,802,6480,-0.004162108450723079,0.0005759412030853967,-0.673174542772578,0.2612042907983478,,,
C. elegans,2023-01-09-22,ADLR,81,802,6480,-0.0013501445967574188,-0.002975991122318364,-0.21837080469182463,-3.0538212120528403,,,
C. elegans,2023-01-09-22,OLQVR,81,802,6480,0.005084638692829368,0.0006398296836909981,0.8223835029129336,0.32083153679941206,,,
C. elegans,2023-01-09-22,OLLL,81,802,6480,-0.004384276927155467,-3.7780585244843895e-06,-0.7091078117662946,-0.2798488489211313,,,
C. elegans,2023-01-09-22,AINL,81,802,6480,-0.0008414577479059993,0.0009222279956451597,-0.13609638994645992,0.5843944429377644,,,
C. elegans,2023-01-09-22,RMEL,81,802,6480,0.014477182145477812,0.00064671553947069,2.3415224727563864,0.32725811969215873,,,
C. elegans,2023-01-09-22,RMDVR,81,802,6480,-0.0013282748495433206,0.0002694759838109249,-0.2148336174090558,-0.02482030780271644,,,
C. elegans,2023-01-09-22,URXR,81,802,6480,-0.0030813108682387403,-0.0007319630925942982,-0.4983676084909393,-0.9594653893239926,,,
C. elegans,2023-01-09-22,RIVR,81,802,6480,-0.004032243639784943,0.0006695602698085988,-0.6521703604547581,0.3485791519467126,,,
C. elegans,2023-01-09-22,FLPR,81,802,6480,-0.0005557029274617986,0.00025147442186134356,-0.08987874019632766,-0.041621201369075184,,,
C. elegans,2023-01-09-22,URYVR,81,802,6480,0.005128391404627108,-9.564055791639997e-05,0.8294600152403303,-0.3655843022860079,,,
C. elegans,2023-01-09-22,ADAL,81,802,6480,-0.0015242944216255605,0.003531945601705311,-0.24653759326004876,3.020049074489825,,,
C. elegans,2023-01-09-22,ASGL,81,802,6480,-0.004737189403045755,5.682183554071254e-05,-0.7661874619985969,-0.22329084727807572,,,
C. elegans,2023-01-09-22,RIMR,81,802,6480,-0.005272294682253337,0.00041398189562374623,-0.8527347627070097,0.11004734706393793,,,
C. elegans,2023-01-09-22,AIBR,81,802,6480,0.010511885995467008,-0.00010668002651570391,1.7001801208343346,-0.37588746028338266,,,
C. elegans,2023-01-09-22,IL1R,81,802,6480,0.003938839654725734,-0.0002894498838199294,0.6370633093820148,-0.5464669315707774,,,
C. elegans,2023-01-09-22,RIAL,81,802,6480,-0.007636018166228375,0.00026012442050707445,-1.2350406286892535,-0.03354814043119075,,,
C. elegans,2023-01-09-22,IL1L,81,802,6480,-0.0039892820915185204,0.0010607315924527623,-0.6452218099896622,0.7136601252735416,,,
C. elegans,2023-01-09-22,AVEL,81,802,6480,0.008233176911786372,0.0004099273176014538,1.331624384317681,0.10626320133259394,,,
C. elegans,2023-01-09-22,AVAR,81,802,6480,-0.003549225011005541,0.00023161082199353854,-0.5740474935403406,-0.060159938627454654,,,
C. elegans,2023-01-09-22,AIBL,81,802,6480,0.018919947493043508,-5.4035637722311116e-05,3.060090133090612,-0.32675434753122107,,,
C. elegans,2023-01-09-22,RMDDL,81,802,6480,-0.00439082761654489,-0.0003163195682026112,-0.7101673125906433,-0.5715444614395445,,,
C. elegans,2023-01-09-22,AIMR,81,802,6480,-0.004006984608173059,0.000555898244351226,-0.6480849942857784,0.24249815755330714,,,
C. elegans,2023-01-09-22,ADER,81,802,6480,0.0015737269140087885,-0.0010306711232181396,0.2545327466425626,-1.2382501883310866,,,
C. elegans,2023-01-09-22,AWBL,81,802,6480,-0.0018601373559401335,0.0006397184432504298,-0.3008564358436284,0.3207277158750113,,,
C. elegans,2023-01-09-22,AUAL,81,802,6480,0.003486564365756073,0.0004369609981196372,0.5639128342168149,0.13149378912075574,,,
C. elegans,2023-01-09-22,AIYL,81,802,6480,-0.0009431713142770415,0.0019560192847334888,-0.15254742296163742,1.5492339088934262,,,
C. elegans,2023-01-09-22,AWCR,81,802,6480,0.009997053383079314,0.001749404099444048,1.6169116974975306,1.3563995455774076,,,
C. elegans,2023-01-09-22,IL2L,81,802,6480,-0.0055045542191263395,0.0008095959645888883,-0.8903001479895319,0.47927474436720585,,,
C. elegans,2023-01-10-07,ASGR,82,802,6642,0.004044678222056318,0.0008160919282199009,0.542273907631816,-0.15810362961471147,,,
C. elegans,2023-01-10-07,IL2L,82,802,6642,-0.0016591008056233772,0.004595814236349504,-0.22243724410865026,2.2588392432050193,,,
C. elegans,2023-01-10-07,RID,82,802,6642,0.0025461001087514505,0.0006838306467049235,0.34135809559962965,-0.24267808658475706,,,
C. elegans,2023-01-10-07,FLPL,82,802,6642,0.0014889181869864013,-0.000844571694729501,0.19962069640009855,-1.2200147385355,,,
C. elegans,2023-01-10-07,AVER,82,802,6642,0.0011467052268650984,0.00022522418724508784,0.15373987499995162,-0.5359339194898589,,,
C. elegans,2023-01-10-07,OLQDR,82,802,6642,0.008065213405425948,0.002444939213841781,1.0813109347970122,0.8834625270915754,,,
C. elegans,2023-01-10-07,AIBL,82,802,6642,0.00974557420797676,4.45707983683525e-05,1.306598527184844,-0.6514527023796058,,,
C. elegans,2023-01-10-07,AUAR,82,802,6642,0.010585655593945835,0.000745355815647806,1.4192290483012053,-0.2033358263727588,,,
C. elegans,2023-01-10-07,OLQVR,82,802,6642,-0.0015084152147726293,0.0015298085955134824,-0.20223468170730768,0.2982823880876037,,,
C. elegans,2023-01-10-07,IL2VL,82,802,6642,-0.0023163382533054433,-0.0011283765777297076,-0.31055370218756256,-1.401493729138443,,,
C. elegans,2023-01-10-07,ASEL,82,802,6642,0.0033131456665111475,0.002520778517980593,0.44419663283350336,0.931957958944773,,,
C. elegans,2023-01-10-07,OLQDL,82,802,6642,-0.003636644972943791,0.0032023033601008637,-0.48756849664674523,1.367758918784942,,,
C. elegans,2023-01-10-07,AIBR,82,802,6642,-0.00013149433600911372,0.000408773374855424,-0.01762957236752968,-0.41856341852673834,,,
C. elegans,2023-01-10-07,RIVL,82,802,6642,-0.0038559475472844866,-0.000525071579002644,-0.5169706041600064,-1.015710436626814,,,
C. elegans,2023-01-10-07,RIVR,82,802,6642,-0.005771924975565136,-0.000570995503505575,-0.7738475446548881,-1.0450764833812372,,,
C. elegans,2023-01-10-07,AVDR,82,802,6642,0.001809000080186279,0.0021862688208744113,0.24253438432740246,0.7180557824354212,,,
C. elegans,2023-01-10-07,CEPDL,82,802,6642,-0.006488239068727251,0.00162362787864901,-0.8698844655334244,0.3582751148600845,,,
C. elegans,2023-01-10-07,RIML,82,802,6642,-0.015232864612134378,0.0005165299998596078,-2.0422848405104843,-0.34965846055064564,,,
C. elegans,2023-01-10-07,RMDVL,82,802,6642,-0.001371420244732185,-0.0013043116954785357,-0.18386763403349624,-1.5139954142509011,,,
C. elegans,2023-01-10-07,URXL,82,802,6642,-0.0004279484539616039,0.0010910478750870366,-0.057375461694149574,0.017716910082232126,,,
C. elegans,2023-01-10-07,AWAR,82,802,6642,-0.0069942998206481075,0.00214432941086655,-0.9377325183023045,0.6912376328875711,,,
C. elegans,2023-01-10-07,ADLR,82,802,6642,-0.005604487830032745,0.002273599242038531,-0.7513990851716501,0.7738992073767138,,,
C. elegans,2023-01-10-07,URYVL,82,802,6642,-0.005507083461761537,0.001125699393747484,-0.7383399876358311,0.039874818582180185,,,
C. elegans,2023-01-10-07,ADAL,82,802,6642,-0.004391401556804539,0.0034203624941649764,-0.5887594393054488,1.5071967999213218,,,
C. elegans,2023-01-10-07,CEPDR,82,802,6642,-0.002852145629591176,0.0017674767734581233,-0.38238991355586693,0.45025926944310424,,,
C. elegans,2023-01-10-07,IL2DR,82,802,6642,0.001228770480445391,3.7888944473624554e-05,0.1647424426447905,-0.6557254128677149,,,
C. elegans,2023-01-10-07,AVAL,82,802,6642,0.013794631325892748,-0.00015461866245374895,1.849459517605097,-0.778824373742685,,,
C. elegans,2023-01-10-07,AWAL,82,802,6642,0.0001942874356359842,-0.0017068423354710926,0.02604830375666484,-1.7713935726629704,,,
C. elegans,2023-01-10-07,IL1R,82,802,6642,0.00571955940071065,0.001270625180799032,0.7668268415623956,0.1325475917508958,,,
C. elegans,2023-01-10-07,AVDL,82,802,6642,0.001259308717068173,0.0010150821295637651,0.16883673346261527,-0.03085937469562111,,,
C. elegans,2023-01-10-07,IL1L,82,802,6642,-0.010462589033382815,0.002624584229023647,-1.402729395910715,0.9983365055707678,,,
C. elegans,2023-01-10-07,ASGL,82,802,6642,0.015438545212623599,0.0004563585449224858,2.069860636860149,-0.3881350885411916,,,
C. elegans,2023-01-10-07,IL2R,82,802,6642,0.0010597521092660113,0.001999273195000736,0.14208198671502068,0.5984814570327976,,,
C. elegans,2023-01-10-07,AVEL,82,802,6642,0.0019302342614959695,2.90009098806222e-05,0.2587883678652886,-0.6614088652781547,,,
C. elegans,2023-01-10-07,SAADR,82,802,6642,0.0011686607468825965,0.0028959119226918224,0.15668347273018696,1.1718369592944242,,,
C. elegans,2023-01-10-07,AINL,82,802,6642,-0.0004929877961332981,0.0048989904653884775,-0.06609534898627552,2.452705238177204,,,
C. elegans,2023-01-10-07,CEPVL,82,802,6642,-0.00018529595550694134,-0.0006926644340060461,-0.02484280734946463,-1.1228776630563206,,,
C. elegans,2023-01-10-07,RMDL,82,802,6642,-0.001986614409264535,0.00047932144208363934,-0.2663473086177561,-0.37345146733611784,,,
C. elegans,2023-01-10-07,RICL,82,802,6642,-0.002979084850902213,0.0013015908653287733,-0.39940877730544844,0.15234859415923888,,,
C. elegans,2023-01-10-07,AVL,82,802,6642,-0.002906610550082383,-0.0011974401654823675,-0.3896920779412967,-1.445656430147225,,,
C. elegans,2023-01-10-07,AVJL,82,802,6642,-0.0027073482623878593,0.0033636254214860725,-0.36297679097420904,1.4709162871595813,,,
C. elegans,2023-01-10-07,RMEL,82,802,6642,-0.003244564065276975,0.0017990840881936835,-0.43500183145471916,0.4704705621919849,,,
C. elegans,2023-01-10-07,CEPVR,82,802,6642,-0.0010704016861462194,0.0005217497487448208,-0.14350978575178058,-0.3463206928953633,,,
C. elegans,2023-01-10-07,SMDVL,82,802,6642,0.010553676108659121,0.0015049201352007966,1.4149415278858821,0.28236746580910177,,,
C. elegans,2023-01-10-07,ADER,82,802,6642,-0.0017783495524778435,-0.0023060043674696116,-0.2384250385354941,-2.1545276457106857,,,
C. elegans,2023-01-10-07,ASER,82,802,6642,-0.006728178727288304,0.004616975424074554,-0.902053406818844,2.2723707615767403,,,
C. elegans,2023-01-10-07,AUAL,82,802,6642,-0.011466634922422675,0.0009254029366971098,-1.5373427959884343,-0.08820472135590186,,,
C. elegans,2023-01-10-07,IL1DR,82,802,6642,-0.0017683619293992244,0.0019743105702325157,-0.23708598828292718,0.5825191103041358,,,
C. elegans,2023-01-10-07,RMDDL,82,802,6642,-0.009626097576473628,0.0014524586041431682,-1.2905801800435102,0.2488209475068905,,,
C. elegans,2023-01-10-07,RICR,82,802,6642,-0.004931944464572835,0.002893978744662749,-0.6612305479438894,1.170600788888675,,,
C. elegans,2023-01-10-07,RMER,82,802,6642,0.018148014722283983,0.0004974736936162612,2.4331218255007165,-0.36184401276914147,,,
C. elegans,2023-01-10-07,RMDDR,82,802,6642,-0.002710488894741235,0.0015299066831836645,-0.36339785858087614,0.29834511023384397,,,
C. elegans,2023-01-10-07,RMDVR,82,802,6642,-0.009711456169533873,0.0018773758740472273,-1.3020242888866609,0.5205342331161831,,,
C. elegans,2023-01-10-07,AQR,82,802,6642,-0.0036678872765909753,0.0014179666779842262,-0.49175718240913574,0.22676509040850681,,,
C. elegans,2023-01-10-07,OLQVL,82,802,6642,-0.0028677170254510407,0.0024111123001426668,-0.38447758560704876,0.8618319121126089,,,
C. elegans,2023-01-10-07,AWBL,82,802,6642,0.004175258267648322,0.0021752440354137928,0.5597809002018991,0.7110059849976316,,,
C. elegans,2023-01-10-07,URBL,82,802,6642,-0.004763839373831249,0.0014790929271785722,-0.6386925364026659,0.2658522614461024,,,
C. elegans,2023-01-10-07,URYVR,82,802,6642,-0.007576871602419887,0.0020589115474929274,-1.0158384785872743,0.6366171927435097,,,
C. elegans,2023-01-10-07,RIH,82,802,6642,-0.002547952130166301,-0.0007796154212664106,-0.3416063978957609,-1.1784784590437838,,,
C. elegans,2023-01-10-07,RIBL,82,802,6642,0.024916946649060745,0.0005755885084518527,3.340639053054321,-0.3118935059362881,,,
C. elegans,2023-01-10-07,AVBR,82,802,6642,0.00794063066152712,0.0005903237272103971,1.06460800624534,-0.30247107247304067,,,
C. elegans,2023-01-10-07,AWBR,82,802,6642,0.00021399057988925595,0.003831656293576964,0.028689923297272702,1.7701985593324967,,,
C. elegans,2023-01-10-07,AVJR,82,802,6642,-0.0011255376517192214,-0.0019320169008467734,-0.15090191779810305,-1.9153814153027509,,,
C. elegans,2023-01-10-07,OLLR,82,802,6642,0.0027662552983870174,0.0015016024310928163,0.3708745140672543,0.2802459604062681,,,
C. elegans,2023-01-10-07,RIR,82,802,6642,-0.009409906587354896,0.0013236724743838069,-1.2615952457600113,0.16646867581475214,,,
C. elegans,2023-01-10-07,URYDL,82,802,6642,0.00860123099707627,0.0009809293082872676,1.15317532994186,-0.05269839122690813,,,
C. elegans,2023-01-10-07,OLLL,82,802,6642,-0.0034187022192212657,3.6079385660301855e-05,-0.4583487015944043,-0.6568825349841734,,,
C. elegans,2023-01-10-07,AIZL,82,802,6642,0.0013707337748374074,-0.002498627614971254,0.18377559835305998,-2.2777005529338274,,,
C. elegans,2023-01-10-07,RMGL,82,802,6642,-0.0030813179838569183,0.002887877371818023,-0.41311527197651426,1.1666992669224292,,,
C. elegans,2023-01-10-07,IL2VR,82,802,6642,-0.003349602525927409,0.0036397136875615465,-0.44908443911382323,1.647460888207398,,,
C. elegans,2023-01-10-07,AWCR,82,802,6642,-0.002859991575283857,0.0014912247245057952,-0.3834418270570784,0.27360993745882384,,,
C. elegans,2023-01-10-07,SMDVR,82,802,6642,-0.0016174807524876097,-0.0013995788510126536,-0.21685720346989157,-1.574913982815251,,,
C. elegans,2023-01-10-07,URXR,82,802,6642,-0.0004841184847779206,0.0023350210877122455,-0.06490623186431108,0.813175397539472,,,
C. elegans,2023-01-10-07,AIZR,82,802,6642,-0.0027335067349854546,-0.0011095847903242362,-0.366483882607809,-1.3894773234518378,,,
C. elegans,2023-01-10-07,IL2DL,82,802,6642,-0.0016840519241432316,-0.0008826273657041223,-0.2257824646173579,-1.2443494317309902,,,
C. elegans,2023-01-10-07,ADEL,82,802,6642,-0.005180888575692771,-0.00035578466448277674,-0.6946067248626814,-0.9074599440892002,,,
C. elegans,2023-01-10-07,IL1DL,82,802,6642,-0.000895932933953448,0.001022161945574276,-0.12011859198627968,-0.026332187391232414,,,
C. elegans,2023-01-10-07,SAAVR,82,802,6642,0.002237750779033714,0.0010873737708606884,0.3000174037666268,0.015367504676239888,,,
C. elegans,2023-01-10-07,AVAR,82,802,6642,0.009687269026990271,-0.0001542122199169928,1.2987814953734358,-0.778564474122464,,,
C. elegans,2023-01-10-07,RIBR,82,802,6642,0.03295065307893565,0.00034903095834937367,4.417725817271693,-0.4567656979557739,,,
C. elegans,2023-01-10-07,AWCL,82,802,6642,-0.007019125066957442,0.0014453213891389566,-0.9410608630024279,0.24425705642444015,,,
C. elegans,2023-01-10-07,AINR,82,802,6642,-0.0013099542783439823,0.0007647116624358731,-0.17562683267680618,-0.19095873299709235,,,
C. elegans,2023-01-10-14,AWAR,75,803,5550,-0.001903763466738766,0.002137457605610822,-0.2757257710412802,1.1796917418638013,,,
C. elegans,2023-01-10-14,AINR,75,803,5550,-0.0010301721649339933,0.00012161051764852877,-0.14920184121836957,-0.6577300044803561,,,
C. elegans,2023-01-10-14,IL1DR,75,803,5550,9.58139171105423e-05,0.0011176531549185503,0.013876916241619791,0.25015155704022507,,,
C. elegans,2023-01-10-14,RIAR,75,803,5550,-0.0027349293065879066,0.0005806859474764905,-0.3961051385727744,-0.23928795943871042,,,
C. elegans,2023-01-10-14,AIZL,75,803,5550,-0.003362259009123119,0.0016687996643449286,-0.4869625213047404,0.7525153463816937,,,
C. elegans,2023-01-10-14,IL2L,75,803,5550,-0.007643764469472614,0.0022578411442479005,-1.1070612966502948,1.2894199713086367,,,
C. elegans,2023-01-10-14,IL2DL,75,803,5550,-0.007522711603818188,0.0024529557319334706,-1.0895289743306003,1.4672647039688087,,,
C. elegans,2023-01-10-14,CEPDR,75,803,5550,-0.002296969004000539,0.001567078211225953,-0.33267449488927286,0.6597973961231424,,,
C. elegans,2023-01-10-14,AVEL,75,803,5550,0.007980665529929314,0.0006549691799664825,1.1558553334526593,-0.1715796359349571,,,
C. elegans,2023-01-10-14,RIH,75,803,5550,0.004473851661544324,0.0015209349533159035,0.6479566503168376,0.6177383401375041,,,
C. elegans,2023-01-10-14,ADLL,75,803,5550,-0.004610760003383773,0.002612137140877718,-0.6677853521357308,1.6123567519492523,,,
C. elegans,2023-01-10-14,URYDR,75,803,5550,-0.002423230465658609,0.0018442708627101425,-0.35096118831348677,0.9124553525749336,,,
C. elegans,2023-01-10-14,OLQVL,75,803,5550,0.0013893117142915806,0.00031450762158168966,0.20121672168441368,-0.48190648309814865,,,
C. elegans,2023-01-10-14,IL1L,75,803,5550,-0.0033747352612028174,0.0012927247764827998,-0.4887694811947067,0.409727353513486,,,
C. elegans,2023-01-10-14,IL2VR,75,803,5550,-0.0010776649658187274,-0.00215089228796685,-0.1560803160770586,-2.7290905251271043,,,
C. elegans,2023-01-10-14,RMDL,75,803,5550,0.011849551243080509,0.0010030649949486733,1.7161935871100849,0.14570574948889678,,,
C. elegans,2023-01-10-14,AIBL,75,803,5550,-0.010452920304080519,0.0008848707741454362,-1.5139168078547547,0.03797305840685719,,,
C. elegans,2023-01-10-14,ADAR,75,803,5550,-0.004690664283803393,-0.0006403521551762439,-0.6793580447065887,-1.352250334574433,,,
C. elegans,2023-01-10-14,AVAL,75,803,5550,0.01358644208550294,0.0005095771481855911,1.9677508709368676,-0.30410282310259795,,,
C. elegans,2023-01-10-14,RMDVL,75,803,5550,-0.0018267399479544738,-0.0011425573448538868,-0.2645703047892189,-1.8100046663146259,,,
C. elegans,2023-01-10-14,IL2VL,75,803,5550,-0.0021672756153567055,-0.0012722145371384648,-0.313890748794998,-1.9281857258286328,,,
C. elegans,2023-01-10-14,OLQDL,75,803,5550,0.011123309920281606,0.0004908015674254327,1.6110106417551175,-0.3212165519141561,,,
C. elegans,2023-01-10-14,ASGL,75,803,5550,-0.002153364534594624,9.049769831229952e-05,-0.31187597987220056,-0.6860889862601953,,,
C. elegans,2023-01-10-14,RMDVR,75,803,5550,-0.0023937289440744886,0.0018195498101904496,-0.346688425479348,0.8899223937193511,,,
C. elegans,2023-01-10-14,IL1R,75,803,5550,0.007567568713842829,-0.0004451590117980933,1.096025716948219,-1.1743339992918653,,,
C. elegans,2023-01-10-14,OLQDR,75,803,5550,-0.0013811475096975425,0.0011983030604452351,-0.20003428403080847,0.3236630307726535,,,
C. elegans,2023-01-10-14,AIYR,75,803,5550,-0.006981113378124607,0.0018286722403195485,-1.0110882483775145,0.8982373852674723,,,
C. elegans,2023-01-10-14,IL2DR,75,803,5550,-0.0018400217723172742,0.0020260879853060904,-0.2664939372820419,1.0781795966956587,,,
C. elegans,2023-01-10-14,URYVL,75,803,5550,-0.006690032501347758,0.000552810245211206,-0.9689304380261292,-0.2646963457407805,,,
C. elegans,2023-01-10-14,AWBL,75,803,5550,-0.0023950487576738593,0.0013202885863251637,-0.34687957665367986,0.4348514534111872,,,
C. elegans,2023-01-10-14,ADEL,75,803,5550,-0.0077059312707548665,0.001016374907349256,-1.1160650355685977,0.1578375836110413,,,
C. elegans,2023-01-10-14,CEPVR,75,803,5550,-0.002442095076815557,0.001383207367192866,-0.3536933866918671,0.49220120821656815,,,
C. elegans,2023-01-10-14,OLLL,75,803,5550,0.0016150359867614147,0.0011414729657324544,0.23390880773231623,0.27186304430760144,,,
C. elegans,2023-01-10-14,ASIR,75,803,5550,-0.0015240783974639288,0.001619213249845732,-0.22073524290702445,0.707317892235428,,,
C. elegans,2023-01-10-14,AVER,75,803,5550,-0.008031470873358829,0.0009420615737529447,-1.1632135703002846,0.09010182329044276,,,
C. elegans,2023-01-10-14,CEPVL,75,803,5550,-0.0025906720516612426,0.0014365108943291958,-0.3752120793572354,0.5407867683525512,,,
C. elegans,2023-01-10-14,URADL,75,803,5550,-0.0026305250093241234,0.001942689101325311,-0.3809840608412046,1.002162460295686,,,
C. elegans,2023-01-10-14,AWAL,75,803,5550,-0.009291544250011182,0.0013922347433428445,-1.3457124518137697,0.5004295591413231,,,
C. elegans,2023-01-10-14,BAGL,75,803,5550,0.020423702391851283,0.0001934383136182105,2.958004598731784,-0.5922597835023982,,,
C. elegans,2023-01-10-14,IL2R,75,803,5550,0.00303431123525912,0.0005397221088464162,0.4394652064388225,-0.27662603352284915,,,
C. elegans,2023-01-10-14,ADER,75,803,5550,-0.002016852642040203,0.00019751929885035907,-0.2921046965754626,-0.58854001177128,,,
C. elegans,2023-01-10-14,RIBL,75,803,5550,0.027168259189866744,0.0006494925491524247,3.9348318968468083,-0.17657152277723753,,,
C. elegans,2023-01-10-14,RMDDL,75,803,5550,-0.003755222550051655,0.0008326059580940561,-0.5438761963524296,-0.00966572836171506,,,
C. elegans,2023-01-10-14,AVJL,75,803,5550,-0.001969947999106352,-0.00011676289383404257,-0.28531140577841496,-0.875004664162536,,,
C. elegans,2023-01-10-14,RMER,75,803,5550,0.011844526199121689,2.0627665483472535e-05,1.7154658002057404,-0.7497747283505043,,,
C. elegans,2023-01-10-14,AVJR,75,803,5550,-0.0029148654185009327,-0.0012580047147211844,-0.4221656361409826,-1.915233633937778,,,
C. elegans,2023-01-10-14,AVAR,75,803,5550,0.008119055768797423,0.0006926396938902971,1.1758986613046547,-0.13724338995037474,,,
C. elegans,2023-01-10-14,RID,75,803,5550,0.0063098379890716896,0.0006019469565697488,0.9138661262697113,-0.21990879090432391,,,
C. elegans,2023-01-10-14,URYDL,75,803,5550,-0.0003681736998577005,0.0007936862860486646,-0.0533233140797082,-0.0451405677995974,,,
C. elegans,2023-01-10-14,RMEL,75,803,5550,0.007216005288841962,0.000837099573438621,1.0451081013295458,-0.005569848965348913,,,
C. elegans,2023-01-10-14,FLPL,75,803,5550,-0.0022692056476548857,0.00207922615502624,-0.3286534739122223,1.1266144354231464,,,
C. elegans,2023-01-10-14,AQR,75,803,5550,-0.005367604406255269,0.00039371880660532473,-0.7774006011863397,-0.40970638677871984,,,
C. elegans,2023-01-10-14,AIZR,75,803,5550,-0.0021288530781263474,-0.0026574013630737527,-0.3083259378884462,-3.1907677995987767,,,
C. elegans,2023-01-10-14,OLLR,75,803,5550,-0.0008819085609570934,0.0017706987600298208,-0.12772853466631182,0.8453952158233223,,,
C. elegans,2023-01-10-14,IL1DL,75,803,5550,-0.0002065181522706099,0.000995317273634909,-0.02991042624973749,0.13864378942677968,,,
C. elegans,2023-01-10-14,CEPDL,75,803,5550,-0.0078394903766817,0.0022212860181148714,-1.1354086610266196,1.2561003886387643,,,
C. elegans,2023-01-10-14,AVBL,75,803,5550,0.002498871270049846,0.0008400729472887287,0.3619163933467485,-0.0028596524406108137,,,
C. elegans,2023-01-10-14,AIML,75,803,5550,-0.004552872829413067,0.002956110172029166,-0.6594014399768241,1.925884266693669,,,
C. elegans,2023-01-10-14,SMDVL,75,803,5550,0.009202494834302782,0.001030183916567691,1.3328152514861287,0.1704243388192785,,,
C. elegans,2023-01-10-14,AINL,75,803,5550,0.0028604345969031443,0.00024595729841867263,0.4142823142285341,-0.5443893248031555,,,
C. elegans,2023-01-10-14,AIMR,75,803,5550,-0.00496384532392222,0.0021183486330195516,-0.7189233868494623,1.162274130181267,,,
C. elegans,2023-01-10-14,URXL,75,803,5550,0.004443103174988713,0.00035259432955610806,0.6435032871170376,-0.4471908809591014,,,
C. elegans,2023-01-10-14,RICR,75,803,5550,-0.005171573387940216,0.00013991646900551706,-0.7490090469742418,-0.6410443375407823,,,
C. elegans,2023-01-10-14,ASER,75,803,5550,-0.0024628285368157505,-0.000640353352843005,-0.3566962540883614,-1.3522514262340957,,,
C. elegans,2023-01-10-14,AIBR,75,803,5550,-0.005907664122499479,0.0015274622755884143,-0.8556185018191619,0.6236879203216993,,,
C. elegans,2023-01-10-14,RIVR,75,803,5550,0.01243014634172283,0.0025910901582753237,1.8002823061305075,1.593172666132675,,,
C. elegans,2023-01-10-14,RICL,75,803,5550,-0.007592634760293848,0.0004005337822833591,-1.0996560812794052,-0.4034946137794669,,,
C. elegans,2023-01-10-14,AWCL,75,803,5550,-0.007398247271748192,0.001729564911698742,-1.071502562685079,0.8079021798258617,,,
C. elegans,2023-01-10-14,URYVR,75,803,5550,-0.005342937010465518,0.0009632848159299621,-0.7738279742069174,0.10944656770922662,,,
C. elegans,2023-01-10-14,RIVL,75,803,5550,0.0020526691211045747,0.0018001965011494102,0.29729206700175037,0.8722820721354007,,,
C. elegans,2023-01-10-14,RMDDR,75,803,5550,-0.0032799546596505346,0.00012182660659471102,-0.47504222205808333,-0.6575330418579277,,,
C. elegans,2023-01-10-14,SMDVR,75,803,5550,0.012071199746169584,0.0017397520182441048,1.748295371539782,0.8171876118462514,,,
C. elegans,2023-01-10-14,AWBR,75,803,5550,-0.0007239693674884525,0.000980560932783385,-0.10485389364203662,0.12519355218459657,,,
C. elegans,2023-01-10-14,URXR,75,803,5550,0.004969445389481322,0.00047685736262255364,0.7197344552522036,-0.33392653636351527,,,
C. elegans,2023-01-10-14,FLPR,75,803,5550,-0.00204110930898371,-0.002010784549954742,-0.29561783689606513,-2.601383911767474,,,
C. elegans,2023-01-13-07,CEPDL,66,802,4290,0.0013042183574045912,0.0019189107347665781,0.13864583845426284,0.3055346545557107,,,
C. elegans,2023-01-13-07,FLPL,66,802,4290,-0.0035069181723809896,0.0008153770440143533,-0.37280537238245576,-0.1623340404018144,,,
C. elegans,2023-01-13-07,URAVL,66,802,4290,-0.0017030372870948099,-0.007218352845390995,-0.18104256181304834,-3.5684200987578585,,,
C. elegans,2023-01-13-07,AIBR,66,802,4290,0.03513053829200377,-3.9398062459057204e-05,3.7345762764275166,-0.5247357657857368,,,
C. elegans,2023-01-13-07,RMDVL,66,802,4290,0.006868482699839078,0.0023772007067687315,0.7301588245720207,0.49983731419323296,,,
C. elegans,2023-01-13-07,RIVL,66,802,4290,0.010195414530215796,0.0015376884553242108,1.0838306238408781,0.1439066300865595,,,
C. elegans,2023-01-13-07,URYDR,66,802,4290,0.0003383484302606991,0.0026701342242797595,0.03596836491132583,0.6240332709598801,,,
C. elegans,2023-01-13-07,RICR,66,802,4290,-0.005028167639246295,-0.0021169977854576137,-0.5345228536877823,-1.4055823400129863,,,
C. elegans,2023-01-13-07,AWAL,66,802,4290,0.0018787353797967887,0.002292719914615071,0.1997202696057503,0.4640197235703602,,,
C. elegans,2023-01-13-07,AIBL,66,802,4290,0.030438281661572933,-0.0002934258301367252,3.235762675871178,-0.6324367278336727,,,
C. elegans,2023-01-13-07,ASGR,66,802,4290,-0.0013542078057013531,2.1093343772934215e-05,-0.14396000148043203,-0.4990890315472785,,,
C. elegans,2023-01-13-07,AVJR,66,802,4290,-0.0005954674538987348,-0.0032324888176278855,-0.06330158132592818,-1.8785206271101134,,,
C. elegans,2023-01-13-07,AINR,66,802,4290,-0.01364105326745769,0.00048294673181740956,-1.4501216433033437,-0.30327557905650376,,,
C. elegans,2023-01-13-07,URADL,66,802,4290,-0.007476627174980965,0.0024550034290818598,-0.7948080454472474,0.532823582268087,,,
C. elegans,2023-01-13-07,SAADR,66,802,4290,-0.00786761743733702,0.0014891524217933532,-0.8363725368869201,0.12332865330452054,,,
C. elegans,2023-01-13-07,SAAVR,66,802,4290,-0.006021820679568357,0.00426826327526958,-0.6401538303765596,1.3015971366816736,,,
C. elegans,2023-01-13-07,AWBR,66,802,4290,-0.006848415301208913,0.0021667074871896046,-0.7280255458208983,0.41059383321281745,,,
C. elegans,2023-01-13-07,IL2L,66,802,4290,-0.0001952784568714172,0.0030508447941740447,-0.02075921200716028,0.7854443443015173,,,
C. elegans,2023-01-13-07,IL2R,66,802,4290,0.002937361170892836,0.005363938942256267,0.31225821969863254,1.7661342402660154,,,
C. elegans,2023-01-13-07,AIZR,66,802,4290,-0.0016039953771770008,-0.003663752229480692,-0.1705138427801461,-2.0613647499288397,,,
C. elegans,2023-01-13-07,SAAVL,66,802,4290,-0.008414885011213633,-0.00033888242960091646,-0.8945501964852317,-0.6517091071427455,,,
C. elegans,2023-01-13-07,RMDDR,66,802,4290,-0.001717770211513842,-0.0012138540023545292,-0.182608755577584,-1.0226735926856538,,,
C. elegans,2023-01-13-07,RMDVR,66,802,4290,-0.013894426475846164,0.0005724338850105645,-1.4770566582258249,-0.2653354255924024,,,
C. elegans,2023-01-13-07,AVEL,66,802,4290,-0.010174300703578316,0.0009245850524639516,-1.0815861038335408,-0.11603277309986644,,,
C. elegans,2023-01-13-07,AUAL,66,802,4290,-0.010100685851833602,0.0023652988166970442,-1.0737604258825395,0.4947912319376269,,,
C. elegans,2023-01-13-07,RIVR,66,802,4290,-0.006451560726962013,0.002728374722488772,-0.6858376446320468,0.648725680551972,,,
C. elegans,2023-01-13-07,SMDDR,66,802,4290,0.010786015662773905,0.0002569995281251917,1.1466148874963193,-0.39907113492097424,,,
C. elegans,2023-01-13-07,ASER,66,802,4290,-0.0023940269137929415,-0.0033900602966332517,-0.25449869407253384,-1.9453267091197297,,,
C. elegans,2023-01-13-07,CEPVL,66,802,4290,0.007050989611100349,0.004498736347674966,0.7495603485513884,1.3993115395248308,,,
C. elegans,2023-01-13-07,RMEL,66,802,4290,0.008062545064717555,-7.144357257529611e-05,0.85709445372135,-0.5383222028134208,,,
C. elegans,2023-01-13-07,URBR,66,802,4290,-0.00037815108380369995,0.0037668311986071576,-0.040199613644977844,1.0890033814715623,,,
C. elegans,2023-01-13-07,ASIR,66,802,4290,-0.005270602785744186,0.006493444321582199,-0.5602950903429016,2.245014234779371,,,
C. elegans,2023-01-13-07,ADER,66,802,4290,-0.004962974770559484,0.006978406135711909,-0.5275924804960502,2.4506250403057845,,,
C. elegans,2023-01-13-07,IL1VR,66,802,4290,0.014743277590383618,0.0016883151282155136,1.5672943656079572,0.2077683005203906,,,
C. elegans,2023-01-13-07,OLLR,66,802,4290,0.017238957688962057,0.0018298875446929833,1.8325993721021152,0.2677912090136929,,,
C. elegans,2023-01-13-07,ADAL,66,802,4290,-0.0018679627945074478,0.002944672149666174,-0.1985750824434311,0.7404299899212485,,,
C. elegans,2023-01-13-07,ADLR,66,802,4290,-0.0009789644513308515,0.0014235298526318863,-0.10406949603269364,0.09550644356989352,,,
C. elegans,2023-01-13-07,RMDL,66,802,4290,0.006404605371495986,0.0014842379735832574,0.6808460229518701,0.12124505903842568,,,
C. elegans,2023-01-13-07,ADEL,66,802,4290,0.00029601096833475893,0.0052112044151467925,0.03146765161173036,1.7013788961632412,,,
C. elegans,2023-01-13-07,RMER,66,802,4290,0.02098264878228111,0.00017374920419513314,2.2305750543183094,-0.4343670400105572,,,
C. elegans,2023-01-13-07,SMDDL,66,802,4290,0.0014297301596519045,0.001066531996055225,0.151988457778464,-0.055851075152803006,,,
C. elegans,2023-01-13-07,AVAL,66,802,4290,-0.002234631365410197,-0.00015458325712910443,-0.23755403957818907,-0.5735711997741348,,,
C. elegans,2023-01-13-07,IL1DR,66,802,4290,0.012902201830425989,0.0017923533119951105,1.3715775280493219,0.25187770078485466,,,
C. elegans,2023-01-13-07,IL1R,66,802,4290,0.006988488821984146,0.00238885016130967,0.7429161587484528,0.5047763705525551,,,
C. elegans,2023-01-13-07,AIZL,66,802,4290,-0.006879459563135291,-0.00028703164889413855,-0.7313257276497614,-0.6297257664390535,,,
C. elegans,2023-01-13-07,URYVR,66,802,4290,-0.009143461629614326,-0.0006617615991426019,-0.9720020400073202,-0.7886012174139456,,,
C. elegans,2023-01-13-07,ASEL,66,802,4290,0.004488646308246398,0.0010499124050073777,0.4771686638193785,-0.0628973361228543,,,
C. elegans,2023-01-13-07,URBL,66,802,4290,0.0009720587540422675,0.0012839855996364046,0.10333538108541411,0.036343422010203,,,
C. elegans,2023-01-13-07,AWBL,66,802,4290,-0.0012767780191713753,0.0016899014110959571,-0.1357287742370533,0.2084408419274415,,,
C. elegans,2023-01-13-07,RICL,66,802,4290,-0.004530338442484545,0.0012888908699700444,-0.4816007751108487,0.038423125102774174,,,
C. elegans,2023-01-13-07,RMGL,66,802,4290,-0.00671942368471616,-0.002768401476698441,-0.7143130024260957,-1.6817600384968567,,,
C. elegans,2023-01-13-07,AWAR,66,802,4290,-0.001935972099817394,0.004072245679005365,-0.20580485888681263,1.218490931840447,,,
C. elegans,2023-01-13-07,RIAL,66,802,4290,0.001813605207170054,0.003359468194524748,0.19279656136223625,0.9162923906869523,,,
C. elegans,2023-01-13-07,SAADL,66,802,4290,-0.0044714107227350405,0.0011933585728758508,-0.47533642292895917,-0.0020800072821441956,,,
C. elegans,2023-01-13-07,AVAR,66,802,4290,0.0038933595124251044,0.00010397159206539282,0.4138862874758662,-0.4639508765512797,,,
C. elegans,2023-01-13-07,AUAR,66,802,4290,-0.005178366500419764,0.0019882551455789616,-0.5504898479599009,0.33493482535364333,,,
C. elegans,2023-01-13-07,AWCL,66,802,4290,-0.009283832047370755,-0.0002638111407058247,-0.9869242147746992,-0.619880893597055,,,
C. elegans,2023-01-13-07,AVDL,66,802,4290,-0.004082493281686371,-0.00012257027742745982,-0.4339922841982453,-0.5599985547699751,,,
C. elegans,2023-01-13-07,URYVL,66,802,4290,-0.016898560548487363,0.0008587150637723698,-1.7964132176283618,-0.1439598820810067,,,
C. elegans,2023-01-13-07,IL2VR,66,802,4290,-0.007310651527923908,0.004253119652510741,-0.777163888992489,1.295176646689857,,,
C. elegans,2023-01-13-07,ASGL,66,802,4290,0.004447850635094442,-0.0003121786139211667,0.4728318514463992,-0.6403874053250563,,,
C. elegans,2023-01-13-07,AVJL,66,802,4290,-0.008068385284662227,0.0014000139911644488,-0.857715302359455,0.08553634885708761,,,
C. elegans,2023-01-13-07,RMEV,66,802,4290,0.012524572000997344,0.0018708155386157757,1.3314333267127716,0.285143581002294,,,
C. elegans,2023-01-13-07,SMDVR,66,802,4290,-0.00830002080782968,0.0011488492878631979,-0.8823394775545145,-0.020950750664856323,,,
C. elegans,2023-01-13-07,RMDDL,66,802,4290,-0.001978257986986035,0.001433795129011473,-0.21030008949600723,0.09985864550386593,,,
C. elegans,2023-01-13-07,FLPR,66,802,4290,-0.00337598314601333,-0.0012592664929549453,-0.358886233450919,-1.041927271019212,,,
C. elegans,2023-01-16-01,OLLR,67,803,4422,0.010612622261977667,0.0015852673795303718,1.527783467749702,0.609292014847629,,,
C. elegans,2023-01-16-01,AVAR,67,803,4422,-0.0025250687707040432,0.0004979672746534557,-0.363506608223876,-0.410811039559088,,,
C. elegans,2023-01-16-01,IL1VR,67,803,4422,0.005500634786876174,0.00033785525328417724,0.7918663909886751,-0.5610278576329939,,,
C. elegans,2023-01-16-01,AWBR,67,803,4422,0.0012465380524871365,0.0038486239000728455,0.17945048655259158,2.732769139020355,,,
C. elegans,2023-01-16-01,AVDL,67,803,4422,-0.002841362250508135,-6.559207172031995e-05,-0.4090399304766616,-0.9395414314690748,,,
C. elegans,2023-01-16-01,OLQDL,67,803,4422,3.423258367753832e-05,0.001594977967019108,0.004928091673278408,0.6184024710251945,,,
C. elegans,2023-01-16-01,RIVL,67,803,4422,0.0026355883090913653,-0.00025021326188580904,0.37941690065145306,-1.1127527087891833,,,
C. elegans,2023-01-16-01,URYDR,67,803,4422,-0.00034347172689957176,0.0001964054275352506,-0.04944587803493715,-0.6937358364555583,,,
C. elegans,2023-01-16-01,URBL,67,803,4422,-0.0010782757610788268,4.341275491431322e-05,-0.15522759981325016,-0.8372732940005775,,,
C. elegans,2023-01-16-01,OLQDR,67,803,4422,-0.005495760924353379,0.0010182829769219445,-0.7911647541639019,0.07734824117596352,,,
C. elegans,2023-01-16-01,URBR,67,803,4422,-0.00793325250353594,0.0007137700309565241,-1.142063829390223,-0.20834527149124735,,,
C. elegans,2023-01-16-01,IL1R,67,803,4422,0.011623571317331834,0.00022232110266536632,1.6733187761193276,-0.6694217954298418,,,
C. elegans,2023-01-16-01,RMEL,67,803,4422,-0.001290366716596389,0.00028901382671232926,-0.1857600212544507,-0.6068507985156892,,,
C. elegans,2023-01-16-01,AWCL,67,803,4422,-0.0015084452260193224,0.0017473191586999583,-0.21715440552096163,0.7613287102930427,,,
C. elegans,2023-01-16-01,AIBR,67,803,4422,0.0014425415392270006,0.0005155270611822584,0.2076669705911613,-0.3943364785869916,,,
C. elegans,2023-01-16-01,OLLL,67,803,4422,0.006140002900364528,0.0014289297821910082,0.8839092442515775,0.4626163547891342,,,
C. elegans,2023-01-16-01,IL2R,67,803,4422,-0.0035024647210052016,0.0021148812694507207,-0.5042116420462474,1.1061748389554489,,,
C. elegans,2023-01-16-01,SMDDR,67,803,4422,-0.0050342497485908015,0.001142822534605258,-0.7247260242151362,0.19419103611121377,,,
C. elegans,2023-01-16-01,AWBL,67,803,4422,0.0006939509400281365,0.0013758444545489484,0.09990054742669996,0.41281179335392987,,,
C. elegans,2023-01-16-01,IL2DL,67,803,4422,-0.0027881180692179036,0.0004999925193358714,-0.40137494646790023,-0.4089109585444843,,,
C. elegans,2023-01-16-01,URXL,67,803,4422,0.01422928187017683,0.0010721960160522772,2.0484345021016135,0.12792936008004654,,,
C. elegans,2023-01-16-01,AIZL,67,803,4422,-0.0012704298219064004,0.0005524627546956555,-0.1828899239916131,-0.35968347561141295,,,
C. elegans,2023-01-16-01,SMDVR,67,803,4422,-0.0029374935493560387,0.003811314183844271,-0.422878905000359,2.6977652285883535,,,
C. elegans,2023-01-16-01,SMDDL,67,803,4422,-0.0015121220836704506,0.0014518745781381447,-0.2176837226109318,0.4841431221677343,,,
C. elegans,2023-01-16-01,AUAL,67,803,4422,-0.007993291194747988,0.0011618389117616288,-1.1507069448799476,0.2120321678594351,,,
C. elegans,2023-01-16-01,URYVL,67,803,4422,-0.013429927033895218,0.0016528586039264292,-1.933360105445453,0.6727059832159235,,,
C. elegans,2023-01-16-01,ADEL,67,803,4422,-1.5902350746753488e-05,0.0017305430088970608,-0.002289287978927821,0.7455893559249516,,,
C. elegans,2023-01-16-01,OLQVL,67,803,4422,0.003532465641098753,0.0013543268892393058,0.508530547271059,0.39262405126017996,,,
C. elegans,2023-01-16-01,CEPDR,67,803,4422,-0.0029348181627555504,0.0017455920866473898,-0.422493758773803,0.7597083743176267,,,
C. elegans,2023-01-16-01,RMDVR,67,803,4422,0.0030232793809486028,0.0016957514343582485,0.4352285554485656,0.7129479616167269,,,
C. elegans,2023-01-16-01,CEPDL,67,803,4422,-0.003914392664541205,0.00017342419243732761,-0.5635124148904098,-0.7152967909816171,,,
C. elegans,2023-01-16-01,OLQVR,67,803,4422,0.002333319012612568,0.000959362603476691,0.33590248710041587,0.022069249986045907,,,
C. elegans,2023-01-16-01,RIAL,67,803,4422,-0.003131786098361087,0.001777116651800149,-0.45084908399564405,0.7892846661407693,,,
C. elegans,2023-01-16-01,CEPVR,67,803,4422,-0.001427668902085741,0.00048511094583116157,-0.20552591924820862,-0.4228728247472389,,,
C. elegans,2023-01-16-01,AVDR,67,803,4422,0.0009409060240569523,-0.001928880528199866,0.13545197716218688,-2.6876753985036217,,,
C. elegans,2023-01-16-01,AWCR,67,803,4422,-0.00457828675233942,0.0030073891241677747,-0.6590860051527159,1.9435241453660443,,,
C. elegans,2023-01-16-01,URYVR,67,803,4422,0.00960273143411404,0.00018132547393106505,1.3824005008490605,-0.7078838225202545,,,
C. elegans,2023-01-16-01,FLPL,67,803,4422,-0.0006877853678367137,-0.0012138952257303316,-0.09901295725051691,-2.016877439749036,,,
C. elegans,2023-01-16-01,AVAL,67,803,4422,-0.00730379888332681,0.00038221221364614634,-1.0514482575804052,-0.5194122350955853,,,
C. elegans,2023-01-16-01,IL1DR,67,803,4422,-0.002548697957628004,0.0019272854684021842,-0.36690824452522,0.9301727869137543,,,
C. elegans,2023-01-16-01,RMER,67,803,4422,0.014819892296757455,-0.00023622022752481527,2.1334582430146654,-1.099624468455128,,,
C. elegans,2023-01-16-01,IL2L,67,803,4422,-0.00036048439792457643,0.0016680234500050046,-0.0518950067132835,0.6869336152514356,,,
C. elegans,2023-01-16-01,RICR,67,803,4422,-0.007168028509154144,0.0014207944949122665,-1.031902877753371,0.45498384251005203,,,
C. elegans,2023-01-16-01,AWAL,67,803,4422,0.0007140411869837655,0.001084794805397649,0.10279272114250118,0.13974952218193049,,,
C. elegans,2023-01-16-01,AINL,67,803,4422,-0.013061568988085647,0.0003461190596200998,-1.8803316155295615,-0.5532747689995162,,,
C. elegans,2023-01-16-01,IL2DR,67,803,4422,-0.0019959832394602505,0.0008605627512019221,-0.287339935397324,-0.0706245984081224,,,
C. elegans,2023-01-16-01,ADAL,67,803,4422,0.0010303600755353064,0.0020567311674418993,0.14832970121550604,1.051618515078357,,,
C. elegans,2023-01-16-01,URADL,67,803,4422,6.365719682270439e-05,0.001437682893496613,0.009164032272914712,0.47082850848833796,,,
C. elegans,2023-01-16-01,ALA,67,803,4422,-0.0004879524775529419,-0.00015814428888767944,-0.07024519575371853,-1.0263737595458065,,,
C. elegans,2023-01-16-01,ASER,67,803,4422,-0.002310865321769034,-0.0006844756185639406,-0.3326700741478115,-1.5201768913807676,,,
C. elegans,2023-01-16-01,AIZR,67,803,4422,-0.010231609435698714,0.0009002881181546492,-1.4729332071241912,-0.033354328696806636,,,
C. elegans,2023-01-16-01,IL1L,67,803,4422,-0.003131486472822996,-0.0017264722198584985,-0.45080595017515074,-2.4977762780582142,,,
C. elegans,2023-01-16-01,SAAVL,67,803,4422,-0.007036127610847352,0.0008024226661388434,-1.0129145441596623,-0.1251715244042592,,,
C. elegans,2023-01-16-01,RICL,67,803,4422,-0.008136222500702773,0.002554901135416262,-1.1712832059463527,1.519000706678413,,,
C. elegans,2023-01-16-01,AINR,67,803,4422,-0.007542250827852211,0.0008352632456132098,-1.0857755830712859,-0.09436055024907869,,,
C. elegans,2023-01-16-01,RID,67,803,4422,0.022786334284047454,-0.0002559126035103989,3.2803000003600054,-1.1180998211211641,,,
C. elegans,2023-01-16-01,ASGR,67,803,4422,-0.0017880985606136116,0.0004085564306983635,-0.25741304572762935,-0.49469613678898,,,
C. elegans,2023-01-16-01,AVJL,67,803,4422,0.0008690999575055676,0.002132955237662534,0.12511484099986603,1.1231318042821539,,,
C. elegans,2023-01-16-01,RIAR,67,803,4422,-0.0019504958752391236,0.00189225792476683,-0.2807916157329627,0.8973100068123634,,,
C. elegans,2023-01-16-01,AIBL,67,803,4422,0.025098364522674863,-0.00014382337572030297,3.6131377748813525,-1.0129379038897566,,,
C. elegans,2023-01-16-01,RMDDL,67,803,4422,0.0008938023245278246,0.0004675115964837924,0.12867097133403443,-0.43938450348643526,,,
C. elegans,2023-01-16-01,AVJR,67,803,4422,-0.0020910793922243815,2.7075801021475784e-05,-0.30102989123040436,-0.8526005955349332,,,
C. elegans,2023-01-16-01,SMDVL,67,803,4422,0.010984586369589891,0.0006828183261178358,1.5813310830494787,-0.23738410677087357,,,
C. elegans,2023-01-16-01,ASEL,67,803,4422,-0.0020145831039115533,0.0026128735464116724,-0.29001755500062365,1.5733903211578801,,,
C. elegans,2023-01-16-01,RIVR,67,803,4422,0.001162703904150065,0.0012121093110883593,0.1673817986543015,0.25919576847846415,,,
C. elegans,2023-01-16-01,RMDVL,67,803,4422,0.0048100774755789975,0.0008261807436098615,0.6924543872736849,-0.10288173772410383,,,
C. elegans,2023-01-16-01,CEPVL,67,803,4422,0.0005094883073231878,0.0008397594355417744,0.07334547425935545,-0.09014223273145029,,,
C. elegans,2023-01-16-08,SAADR,71,803,4970,-0.00303913547679931,-0.0003189425343811527,-0.5043239577822609,-0.4521254647155918,,,
C. elegans,2023-01-16-08,RIAR,71,803,4970,0.001537814543283833,-0.0006380320267106443,0.2551899126329197,-0.7153074012005579,,,
C. elegans,2023-01-16-08,RMER,71,803,4970,-0.012208906243607494,-0.00040872367964783974,-2.0259853382558775,-0.5261760876258745,,,
C. elegans,2023-01-16-08,CEPDR,71,803,4970,-0.012006443851805321,-0.0003981910504164115,-1.9923880749830767,-0.5174888765956126,,,
C. elegans,2023-01-16-08,AWCR,71,803,4970,-0.0015974014698421524,-0.0014655119809869836,-0.2650779596987323,-1.3978048885952883,,,
C. elegans,2023-01-16-08,RMGL,71,803,4970,-0.006702736063049659,-0.0007302098723640311,-1.1122736729219906,-0.7913347994798475,,,
C. elegans,2023-01-16-08,AWCL,71,803,4970,-0.0018044462055670657,0.0024384159913703185,-0.2994356319235779,1.822117259771429,,,
C. elegans,2023-01-16-08,RIS,71,803,4970,0.0085344309165132,0.0025028487079539223,1.4162310334938215,1.8752607431235835,,,
C. elegans,2023-01-16-08,ASGR,71,803,4970,0.0010897547009775124,0.0006538727869630945,0.18083741511504048,0.35024323205506125,,,
C. elegans,2023-01-16-08,AIBL,71,803,4970,0.007728406011700636,0.0011787164307811718,1.2824766572347388,0.7831292087240612,,,
C. elegans,2023-01-16-08,URYDL,71,803,4970,0.0019580234361593683,0.00035041240147886966,0.32492073364043816,0.0999520321939774,,,
C. elegans,2023-01-16-08,OLQVR,71,803,4970,0.002521780344229915,-0.0005059491972358375,0.4184723759662545,-0.6063667570451615,,,
C. elegans,2023-01-16-08,RIH,71,803,4970,-0.004857821825197593,-0.0010107364825454694,-0.8061226450045739,-1.0227104426078195,,,
C. elegans,2023-01-16-08,AVHL,71,803,4970,0.0011370930950821202,-0.00027429280996039236,0.1886929011412953,-0.4152988025438344,,,
C. elegans,2023-01-16-08,IL1VL,71,803,4970,0.0005794203080248092,0.002180528027900997,0.09615087750883604,1.6094137541607327,,,
C. elegans,2023-01-16-08,AVJR,71,803,4970,-0.0026674749737889986,0.0007120643982067012,-0.4426494134059413,0.3982391119020181,,,
C. elegans,2023-01-16-08,IL2R,71,803,4970,-0.00030879608153596853,-0.00047647505331502126,-0.051242619217450984,-0.5820567673407464,,,
C. elegans,2023-01-16-08,SMDDL,71,803,4970,0.010936014629888817,0.0013851531698359002,1.8147575922869723,0.9533962405508676,,,
C. elegans,2023-01-16-08,SMDDR,71,803,4970,0.0002467475759190612,-0.0010327620680891502,0.040946089771468686,-1.0408769331847496,,,
C. elegans,2023-01-16-08,AWAL,71,803,4970,-0.0002126855345734757,0.0025581265844903584,-0.035293724606214466,1.9208534026794606,,,
C. elegans,2023-01-16-08,BAGL,71,803,4970,0.005937433031502223,0.0001617415717346661,0.985276815848925,-0.055661848939505223,,,
C. elegans,2023-01-16-08,ADLL,71,803,4970,-0.00015895503310325536,0.001783677469169447,-0.026377511636457313,1.2820952399106256,,,
C. elegans,2023-01-16-08,ASGL,71,803,4970,-0.0014495480228798017,0.00019580146926496768,-0.24054268112591526,-0.027569573875655375,,,
C. elegans,2023-01-16-08,AVEL,71,803,4970,-0.01393204191092393,-4.5949614011292755e-05,-2.3119280368196202,-0.22696353630136218,,,
C. elegans,2023-01-16-08,SAADL,71,803,4970,0.008998918397224769,0.0006989864500438158,1.4933095863918564,0.38745254636007254,,,
C. elegans,2023-01-16-08,SMDVR,71,803,4970,-0.003545550393754571,0.0003676696172881167,-0.5883600848810849,0.11418561739247327,,,
C. elegans,2023-01-16-08,RICL,71,803,4970,-0.007570305797453106,-0.0003587663472067131,-1.2562409970003652,-0.48497176153699645,,,
C. elegans,2023-01-16-08,AQR,71,803,4970,0.0034220005482396105,2.7199504378930526e-05,0.5678578244359161,-0.16663084878613718,,,
C. elegans,2023-01-16-08,SAAVL,71,803,4970,-0.0016010890197561967,0.0013869684851702687,-0.2656898836426853,0.9548934951346588,,,
C. elegans,2023-01-16-08,AWBL,71,803,4970,-0.007315898242040239,0.0001897105204685341,-1.2140237854890668,-0.03259332971159145,,,
C. elegans,2023-01-16-08,URYVL,71,803,4970,-0.005895369162844017,0.0005348592318165685,-0.9782966016125786,0.2520819993464652,,,
C. elegans,2023-01-16-08,ASEL,71,803,4970,0.0005041036945773022,0.00010659955133763268,0.08365259539190768,-0.101142455661582,,,
C. elegans,2023-01-16-08,AIZR,71,803,4970,-0.004362821266000687,-0.0017325057084286123,-0.7239806533018784,-1.6180187405289281,,,
C. elegans,2023-01-16-08,CEPDL,71,803,4970,-0.004230794028903073,0.000813316533724953,-0.7020716271145202,0.48175089696391943,,,
C. elegans,2023-01-16-08,RMDL,71,803,4970,0.01175189078054455,0.0014503449261663419,1.9501467161019441,1.0071657725672496,,,
C. elegans,2023-01-16-08,URBL,71,803,4970,-0.0037496831141374744,0.0014926840050319204,-0.6222345278739282,1.0420866365652608,,,
C. elegans,2023-01-16-08,AUAL,71,803,4970,-0.010161645623812365,0.0005363112737452538,-1.686256298116406,0.2532796295280763,,,
C. elegans,2023-01-16-08,AVAL,71,803,4970,-0.005035700349605315,0.0005931997155707908,-0.8356403819131791,0.3002006678046895,,,
C. elegans,2023-01-16-08,OLQVL,71,803,4970,0.008991275208447983,0.0015421549453793653,1.4920412509578451,1.0828897911452573,,,
C. elegans,2023-01-16-08,IL2DR,71,803,4970,-0.0037482693736443514,-9.72518767394755e-05,-0.6219999272099526,-0.2692771479226488,,,
C. elegans,2023-01-16-08,AVDL,71,803,4970,-0.003341068597731457,-0.0014863502966835497,-0.5544277151489503,-1.4149921304504487,,,
C. elegans,2023-01-16-08,OLQDR,71,803,4970,-0.0019419385555803042,0.0024505834366385626,-0.32225155660110727,1.8321528513053071,,,
C. elegans,2023-01-16-08,FLPL,71,803,4970,-0.005108840770715397,0.0002344478407858481,-0.84777753964428,0.004305580711008844,,,
C. elegans,2023-01-16-08,AVER,71,803,4970,0.0010274292823717675,7.312723703738128e-05,0.17049493383322922,-0.12875009774299878,,,
C. elegans,2023-01-16-08,ADEL,71,803,4970,-0.001536336287181404,-0.0004424043480303182,-0.2549446060403429,-0.5539555781452788,,,
C. elegans,2023-01-16-08,RMDR,71,803,4970,0.004237105228608369,0.00012220890386081161,0.7031189279795285,-0.08826801221207882,,,
C. elegans,2023-01-16-08,IL2DL,71,803,4970,0.0019682753902888475,0.0016617486351132404,0.3266219760236919,1.1815295132676094,,,
C. elegans,2023-01-16-08,RID,71,803,4970,0.002920877602204224,-0.0001402519780241084,0.4846998640852196,-0.3047432168380539,,,
C. elegans,2023-01-16-08,AIBR,71,803,4970,0.0042908321436782625,8.528389568468536e-05,0.7120345458104309,-0.11872340291006307,,,
C. elegans,2023-01-16-08,AINL,71,803,4970,-0.0009457604422702635,-0.0005106826426130095,-0.15694254270690333,-0.610270857150481,,,
C. elegans,2023-01-16-08,CEPVR,71,803,4970,0.0001892479100215981,-0.00030437061855407465,0.03140440948181399,-0.44010668904965344,,,
C. elegans,2023-01-16-08,IL1L,71,803,4970,0.004976799136870388,0.0020488587332151992,0.8258661244141559,1.5008141895118432,,,
C. elegans,2023-01-16-08,RIVR,71,803,4970,-0.007579497581444406,-0.001484953739579706,-1.2577663113264161,-1.4138402636173601,,,
C. elegans,2023-01-16-08,AIZL,71,803,4970,-0.0013802477691482462,-0.0011013123084473682,-0.22904277317379573,-1.0974165104433966,,,
C. elegans,2023-01-16-08,URXL,71,803,4970,0.002731842748347178,-1.0461369202801588e-05,0.4533308098315476,-0.1976931741751568,,,
C. elegans,2023-01-16-08,IL2L,71,803,4970,0.0074335876747515265,0.0024896087289870005,1.2335535501037769,1.8643405361368346,,,
C. elegans,2023-01-16-08,IL1DL,71,803,4970,0.0003501624509608067,0.001795498464793756,0.05810708817800832,1.291845083118792,,,
C. elegans,2023-01-16-08,RMDDR,71,803,4970,-0.00034689433378283545,0.0017207113251675897,-0.05756476625709598,1.2301613714826165,,,
C. elegans,2023-01-16-08,AWBR,71,803,4970,-0.0009748313538203681,-0.0022333196446791327,-0.16176666367196388,-2.0310852461002504,,,
C. elegans,2023-01-16-08,IL1DR,71,803,4970,-0.003889268510500183,0.0007016224256359697,-0.6453977794234724,0.38962667361135106,,,
C. elegans,2023-01-16-08,RIVL,71,803,4970,0.0015299254169654766,0.0002803103055865887,0.25388076552885314,0.04213249945444668,,,
C. elegans,2023-01-16-08,URYDR,71,803,4970,-0.001656791967389269,-0.0016844677466495471,-0.2749334106999374,-1.5783974928547797,,,
C. elegans,2023-01-16-08,AVJL,71,803,4970,-0.00157099918872996,-0.000829893915001996,-0.26069667988852663,-0.8735532366542665,,,
C. elegans,2023-01-16-08,OLQDL,71,803,4970,0.01040146859880099,-4.405302043571086e-05,1.7260532972422094,-0.2253992442079354,,,
C. elegans,2023-01-16-08,AVBL,71,803,4970,-0.0009047256427265132,-0.0005182195988523665,-0.1501330955234231,-0.6164872659823588,,,
C. elegans,2023-01-16-08,AWAR,71,803,4970,-0.0058320262894420985,-0.00030042126594055765,-0.9677852805953926,-0.4368493010952607,,,
C. elegans,2023-01-16-08,SMDVL,71,803,4970,0.00847369752286898,0.00043903547413984826,1.4061527379765522,0.17304748798567066,,,
C. elegans,2023-01-16-08,ADAL,71,803,4970,-0.0008311273527903586,-0.003871096500794717,-0.137919957560354,-3.381907804925454,,,
C. elegans,2023-01-16-08,AVAR,71,803,4970,0.006379761925377078,0.000729038792440915,1.0586783012724545,0.4122394285925051,,,
C. elegans,2023-01-16-08,RMDDL,71,803,4970,0.0006927010826314131,1.4727135216865452e-05,0.11494905515717499,-0.17691793860744082,,,
C. elegans,2023-01-16-08,RIBL,71,803,4970,0.022525052370815868,4.3545819495469704e-05,3.7378799489604697,-0.15314856569571828,,,
C. elegans,2023-01-16-15,URYDL,70,802,4830,-1.0952143630188724e-05,0.003365072000619398,-0.0015780505615163214,1.1467118739743143,,,
C. elegans,2023-01-16-15,OLQDR,70,802,4830,-0.006048318079281907,0.001465053018557066,-0.8714779556881717,0.26131113148736834,,,
C. elegans,2023-01-16-15,AWAL,70,802,4830,-0.005122809338724799,0.000698415494433986,-0.7381251037680553,-0.09593868521717915,,,
C. elegans,2023-01-16-15,CEPDL,70,802,4830,-0.0021133087833886998,0.0014272898708715472,-0.30449820828604623,0.24371366571725753,,,
C. elegans,2023-01-16-15,CEPVR,70,802,4830,-0.00019567696500445285,-0.002532610276506851,-0.02819431107988167,-1.6015829148765774,,,
C. elegans,2023-01-16-15,IL2DL,70,802,4830,0.0009440166042918204,0.00045155120096739893,0.1360195759647614,-0.21097639315185754,,,
C. elegans,2023-01-16-15,OLLL,70,802,4830,-0.008178782535974049,-0.0023066213206836736,-1.1784480563090722,-1.4962730252551029,,,
C. elegans,2023-01-16-15,AWCL,70,802,4830,-0.005814273894357544,0.0047369044075624665,-0.8377554653784681,1.7859799250527642,,,
C. elegans,2023-01-16-15,IL1R,70,802,4830,0.0022711603689932946,0.0030388059211554873,0.32724241176900215,0.994673272395662,,,
C. elegans,2023-01-16-15,AUAR,70,802,4830,0.0015686536105461348,0.002078788296334245,0.2260210233295004,0.5473091534884557,,,
C. elegans,2023-01-16-15,AWBL,70,802,4830,-0.001528731287470025,-0.0010246476508621784,-0.22026877550710716,-0.8988787624479799,,,
C. elegans,2023-01-16-15,AVDL,70,802,4830,-0.0026897517467719713,0.000761869570727981,-0.3875555688142359,-0.0663693562815573,,,
C. elegans,2023-01-16-15,CEPVL,70,802,4830,-0.0016160602079505744,0.001441389326192274,-0.23285165029895008,0.25028395176570695,,,
C. elegans,2023-01-16-15,RIVL,70,802,4830,0.0019935665653731337,0.0012740811921915958,0.28724503112209615,0.17231907485299494,,,
C. elegans,2023-01-16-15,AVJR,70,802,4830,0.002312610918386692,0.002446932206812136,0.333214855607769,0.7188626457200817,,,
C. elegans,2023-01-16-15,RIR,70,802,4830,-0.001352488753014264,0.004076327231500519,-0.19487469377735725,1.4781537782211471,,,
C. elegans,2023-01-16-15,RIVR,70,802,4830,0.006633944245504754,0.0010632533509054702,0.9558584871760231,0.07407419994703897,,,
C. elegans,2023-01-16-15,IL2DR,70,802,4830,-0.005761358819755497,0.003120169603446496,-0.8301311439663321,1.032588401345446,,,
C. elegans,2023-01-16-15,CEPDR,70,802,4830,-0.003929036578461114,0.003052676257822198,-0.5661191624412496,1.0011367901284791,,,
C. elegans,2023-01-16-15,URYVL,70,802,4830,-0.004009244094346809,-0.0021219635059092127,-0.5776759425342686,-1.4102232710942988,,,
C. elegans,2023-01-16-15,RICL,70,802,4830,-0.003717286135777342,0.003007280821013619,-0.5356088882646592,0.9799827101770208,,,
C. elegans,2023-01-16-15,RICR,70,802,4830,-0.0025708129242114825,0.00018758850640335575,-0.37041814968741654,-0.3339818830771112,,,
C. elegans,2023-01-16-15,OLQVL,70,802,4830,-0.0019452298168875061,-0.00108905839757138,-0.2802803824044366,-0.9288938957171037,,,
C. elegans,2023-01-16-15,URBR,70,802,4830,-0.004071715469458928,-0.0027612986550012153,-0.5866771930568274,-1.708150723950394,,,
C. elegans,2023-01-16-15,URXR,70,802,4830,0.0017384965015560406,0.0035791862469900953,0.25049300603697316,1.246488199633901,,,
C. elegans,2023-01-16-15,RIBL,70,802,4830,0.026593776703357254,0.0010882691272390186,3.8317908965232674,0.0857314450318065,,,
C. elegans,2023-01-16-15,SMDDR,70,802,4830,-0.010658140696628461,0.0010220541680582688,-1.5356888549812255,0.05487555644550218,,,
C. elegans,2023-01-16-15,IL1VL,70,802,4830,-0.0016383605087806632,-0.002880266559489394,-0.23606481143298627,-1.7635892600704999,,,
C. elegans,2023-01-16-15,AIBL,70,802,4830,0.00738748300799913,0.0009359160529130774,1.0644328729246575,0.014735562147552334,,,
C. elegans,2023-01-16-15,AVDR,70,802,4830,-0.002265709559680204,2.3468249947121875e-05,-0.3264570264610948,-0.4104612226496936,,,
C. elegans,2023-01-16-15,AVAL,70,802,4830,0.010599984102222926,0.00014474245856749266,1.527309303949356,-0.35394795863985506,,,
C. elegans,2023-01-16-15,FLPL,70,802,4830,-0.0033305289125993448,-0.0007157554626224342,-0.47988258720299093,-0.7549363200840463,,,
C. elegans,2023-01-16-15,URXL,70,802,4830,0.013379862002982903,0.002004789229694722,1.9278507897411643,0.5128259040238324,,,
C. elegans,2023-01-16-15,OLQVR,70,802,4830,-0.0026041477795089997,-0.00029846401820938107,-0.37522123563082155,-0.5604802866418255,,,
C. elegans,2023-01-16-15,AUAL,70,802,4830,-0.0009572163321179844,0.0009157577765892248,-0.1379214719415933,0.0053418913511567795,,,
C. elegans,2023-01-16-15,AWAR,70,802,4830,-0.0026314060110992194,-0.0030734154153615805,-0.3791487651738346,-1.8535958031704611,,,
C. elegans,2023-01-16-15,RMDDL,70,802,4830,-0.0005026046027297646,0.0017003100027642524,-0.07241828653270893,0.3709398828097323,,,
C. elegans,2023-01-16-15,AIZL,70,802,4830,-0.009536485736925669,0.0015006380696406404,-1.3740740790292731,0.2778936135300656,,,
C. elegans,2023-01-16-15,ASGL,70,802,4830,0.011199738251783626,0.0007952838903513783,1.6137254800372232,-0.05079842584162052,,,
C. elegans,2023-01-16-15,ASIR,70,802,4830,-0.004290860056019001,0.00029788644462871994,-0.618252859844209,-0.28258351426001843,,,
C. elegans,2023-01-16-15,ASGR,70,802,4830,0.014290133439941271,0.0009188962058874712,2.05900815954272,0.006804386019443743,,,
C. elegans,2023-01-16-15,RIH,70,802,4830,0.0009397075414069006,0.006221711150951053,0.1353987003321215,2.4778935351046614,,,
C. elegans,2023-01-16-15,IL1DR,70,802,4830,-0.002609950004224401,0.0014026048159969187,-0.3760572549782071,0.23221053542189396,,,
C. elegans,2023-01-16-15,AIBR,70,802,4830,0.01683601412223814,0.0008905120252998151,2.4258339222343372,-0.006422521082250603,,,
C. elegans,2023-01-16-15,SAAVL,70,802,4830,-0.002343158612621356,0.0015419772359871059,-0.3376163506636926,0.2971574887452613,,,
C. elegans,2023-01-16-15,RMER,70,802,4830,0.011514414069055023,0.0002904710966206608,1.6590658596841779,-0.28603903480698073,,,
C. elegans,2023-01-16-15,FLPR,70,802,4830,-0.002024216736486169,-0.0039041672395925832,-0.2916612916614645,-2.240722610292215,,,
C. elegans,2023-01-16-15,AVER,70,802,4830,-0.011942795673116192,0.0008262542528768876,-1.7207896512685603,-0.03636636898637154,,,
C. elegans,2023-01-16-15,URBL,70,802,4830,-0.0029071742910623355,0.0018501924756528264,-0.41888311342002216,0.44078447596073345,,,
C. elegans,2023-01-16-15,RID,70,802,4830,0.016192339795022433,0.0007169148060754598,2.33308946345126,-0.08731808488766048,,,
C. elegans,2023-01-16-15,AINL,70,802,4830,-0.005384637503848314,-0.0019525957688701042,-0.7758508766345703,-1.3312986279494226,,,
C. elegans,2023-01-16-15,AWBR,70,802,4830,0.0030183450594258735,-0.0032877506737101674,0.4349012646937796,-1.9534751194691782,,,
C. elegans,2023-01-16-15,SMDVL,70,802,4830,-0.000857386439895074,0.0024101681068376983,-0.12353738214165313,0.7017307319226207,,,
C. elegans,2023-01-16-15,IL1L,70,802,4830,0.0034608192386797474,0.0023400880086537857,0.4986555990601939,0.669073705044792,,,
C. elegans,2023-01-16-15,AIZR,70,802,4830,-0.010145941846897252,0.0015415066208686122,-1.4618881717799572,0.296938184107111,,,
C. elegans,2023-01-16-15,RMEL,70,802,4830,0.013020419419098428,6.582594744229183e-05,1.876060145782818,-0.3907227162630081,,,
C. elegans,2023-01-16-15,IL1VR,70,802,4830,-0.0004334943254914571,0.0036215743326994793,-0.0624604631617804,1.2662408667988114,,,
C. elegans,2023-01-16-15,AVJL,70,802,4830,-0.000549903013462692,0.006084843707810997,-0.07923332531746229,2.414113890310291,,,
C. elegans,2023-01-16-15,IL2L,70,802,4830,0.0017610331539323159,0.0026120666396778638,0.25374022211977265,0.7958145871742537,,,
C. elegans,2023-01-16-15,ADEL,70,802,4830,0.00034089906389279685,-0.0042697246227107275,0.04911878234627796,-2.4110707918051566,,,
C. elegans,2023-01-16-15,OLQDL,70,802,4830,-0.0047192738814946286,0.0014724709619734783,-0.6799812940832985,0.2647678614835543,,,
C. elegans,2023-01-16-15,RMDVL,70,802,4830,-0.010019682834972054,-0.00013618922081978267,-1.443696015852066,-0.48486092312382684,,,
C. elegans,2023-01-16-15,IL1DL,70,802,4830,0.0006769366622371137,-0.0005589618478542565,0.09753709557001587,-0.6818711642916172,,,
C. elegans,2023-01-16-15,IL2VR,70,802,4830,-0.00011825561077021005,-0.0006800766155110058,-0.017038977873153522,-0.7383101294923881,,,
C. elegans,2023-01-16-15,BAGL,70,802,4830,-0.003130509549565189,0.0015059302869248363,-0.45106259736281507,0.28035976421438313,,,
C. elegans,2023-01-16-15,URYVR,70,802,4830,-0.00011789104465695084,0.0033296639054038292,-0.016986449000344298,1.1302118526114306,,,
C. elegans,2023-01-16-15,AINR,70,802,4830,-0.003786964016372049,0.00371395888989108,-0.5456484953325086,1.309291676450716,,,
C. elegans,2023-01-16-15,IL2VL,70,802,4830,0.0019556961517370967,-0.00011825561077021005,0.2817884347222393,-0.4765039373235439,,,
C. elegans,2023-01-16-15,ASEL,70,802,4830,-0.004723061948238613,0.0010182527866678785,-0.6805271014662413,0.05310412892961792,,,
C. elegans,2023-01-16-15,OLLR,70,802,4830,-0.005724455495933443,0.0009347955931016685,-0.8248138916689197,0.01421343265394513,,,
C. elegans,2023-01-16-22,URAVR,73,802,5256,-0.009353441112798407,0.0077443325252199175,-1.1481045634523823,3.5014721375303015,,,
C. elegans,2023-01-16-22,AIYL,73,802,5256,-0.01133045962507571,0.0015190347396685895,-1.3907771743773165,0.13242406721374775,,,
C. elegans,2023-01-16-22,AVDL,73,802,5256,-0.004449657711970219,0.0022199105602305823,-0.5461810539357379,0.5117287064675295,,,
C. elegans,2023-01-16-22,RICR,73,802,5256,-0.00253757971396052,-0.0004440419128324132,-0.3114796805355219,-0.9299668152500792,,,
C. elegans,2023-01-16-22,SMDVL,73,802,5256,0.007056935546770294,0.0030079925829400536,0.8662159527738004,0.9382281783518885,,,
C. elegans,2023-01-16-22,AVJL,73,802,5256,-0.005969932350017236,0.0028127051072838836,-0.7327898355160702,0.832541203096914,,,
C. elegans,2023-01-16-22,RMEV,73,802,5256,0.009294347526461126,0.0010341593282657013,1.1408510173695652,-0.12998403363602914,,,
C. elegans,2023-01-16-22,IL1R,73,802,5256,0.002688602863068243,0.0009774105094825039,0.33001728232148647,-0.16069573691519087,,,
C. elegans,2023-01-16-22,CEPDL,73,802,5256,-0.004112243343606171,0.00038682027033832043,-0.5047645344514701,-0.48031529152582836,,,
C. elegans,2023-01-16-22,IL1VR,73,802,5256,-0.005775963753257858,0.0016932206646570614,-0.7089808193026491,0.22669116489713084,,,
C. elegans,2023-01-16-22,IL1DR,73,802,5256,-0.0047806913484654085,0.0010923734051954388,-0.5868143592757717,-0.09847935220527212,,,
C. elegans,2023-01-16-22,RMDVL,73,802,5256,-0.006288939731032234,0.001313898808745577,-0.7719469569969725,0.02140723941913031,,,
C. elegans,2023-01-16-22,AVBL,73,802,5256,0.013620838751294446,0.0008573394906831342,1.6719137844372987,-0.22567656965958516,,,
C. elegans,2023-01-16-22,IL2DR,73,802,5256,-0.0020071159378475135,0.0031626858691761075,-0.24636697230793847,1.0219461201175206,,,
C. elegans,2023-01-16-22,RIVR,73,802,5256,0.004344944865611667,0.004964664621950816,0.5333278916282486,1.9971529694794108,,,
C. elegans,2023-01-16-22,RMDL,73,802,5256,-0.009844750139525115,0.0008241158904184437,-1.208411153171374,-0.24365673867583912,,,
C. elegans,2023-01-16-22,URBL,73,802,5256,-0.0022387817772582808,0.0008846259176905811,-0.2748032028049253,-0.2109095195646264,,,
C. elegans,2023-01-16-22,ASEL,73,802,5256,0.005159427094213322,0.0031304925881401433,0.6333029438289733,1.0045235461158226,,,
C. elegans,2023-01-16-22,IL2VR,73,802,5256,-0.001772447361543941,0.0013777030135767184,-0.21756216559521438,0.05593722345673755,,,
C. elegans,2023-01-16-22,AWCL,73,802,5256,-0.0015211890600833795,-0.0012886281441051085,-0.18672102391983167,-1.3870456106274485,,,
C. elegans,2023-01-16-22,FLPL,73,802,5256,-0.0036211578014311973,0.00244103079332339,-0.444485376736445,0.6313960252483762,,,
C. elegans,2023-01-16-22,RMER,73,802,5256,-0.006699328400649783,0.0011781271252720123,-0.8223208353049627,-0.052070583484683214,,,
C. elegans,2023-01-16-22,AVDR,73,802,5256,0.00025180920804204445,-0.0023015808515002307,0.03090876367167358,-1.9352420956361134,,,
C. elegans,2023-01-16-22,AIYR,73,802,5256,-0.0005076881711578286,-0.0017465336407034519,-0.0623170765804617,-1.634857953561878,,,
C. elegans,2023-01-16-22,IL2L,73,802,5256,-0.0024663459698849866,0.0010819315103402457,-0.30273596946078024,-0.10413036632928502,,,
C. elegans,2023-01-16-22,CEPDR,73,802,5256,-0.002911586533764227,0.002184520870336578,-0.35738780476494564,0.4925762786554459,,,
C. elegans,2023-01-16-22,IL1L,73,802,5256,-0.007780883315861619,-0.002396652549561882,-0.9550781936722463,-1.98669362967192,,,
C. elegans,2023-01-16-22,RICL,73,802,5256,-0.010479457852224316,0.0021392732118410878,-1.286319466552561,0.4680888498139879,,,
C. elegans,2023-01-16-22,AIZL,73,802,5256,0.0008137864268005593,-0.0007391017310116395,0.09988964478612068,-1.0896492505822293,,,
C. elegans,2023-01-16-22,RIVL,73,802,5256,0.0017925781962333767,0.004443755539591333,0.22003316026918757,1.7152439268619164,,,
C. elegans,2023-01-16-22,BAGL,73,802,5256,0.011146146225791976,0.0004022943176674725,1.3681533023422934,-0.4719409436488055,,,
C. elegans,2023-01-16-22,SAADR,73,802,5256,-0.0032835906748475818,0.003317292259859006,-0.4030501066761191,1.1056170351696102,,,
C. elegans,2023-01-16-22,RMDVR,73,802,5256,-0.008527201506444624,0.001921675153735476,-1.046686331261677,0.35032768512451185,,,
C. elegans,2023-01-16-22,AINR,73,802,5256,-0.006278476761415273,0.0031038719611232737,-0.7706626614078271,0.9901168180890992,,,
C. elegans,2023-01-16-22,IL2VL,73,802,5256,-0.0035500817300849565,0.0002036032983067242,-0.4357610194778925,-0.5794698713284111,,,
C. elegans,2023-01-16-22,ASIR,73,802,5256,-0.0018957050996811467,-0.0012371332814208155,-0.2326916532275801,-1.3591772782626268,,,
C. elegans,2023-01-16-22,OLLR,73,802,5256,-0.005716215270302212,0.0006745142082521231,-0.7016468867837529,-0.32461917227834924,,,
C. elegans,2023-01-16-22,RIBL,73,802,5256,0.0320252467557032,0.0006903740488359098,3.930995181612997,-0.31603603824123544,,,
C. elegans,2023-01-16-22,URYVR,73,802,5256,-0.008525871698105524,0.0019163288065459055,-1.0465231016006116,0.3474343133850795,,,
C. elegans,2023-01-16-22,AUAL,73,802,5256,0.003874268549252127,0.002808176453168247,0.4755539001950924,0.8300903559350599,,,
C. elegans,2023-01-16-22,IL1DL,73,802,5256,0.01323933301705452,0.0007721760136015053,1.6250851927797556,-0.27176590674948947,,,
C. elegans,2023-01-16-22,SAADL,73,802,5256,0.006893055822589071,0.0032151505572819007,0.846100248091346,1.0503393090558595,,,
C. elegans,2023-01-16-22,OLQVL,73,802,5256,-0.00029788505015202225,0.00162227831588612,-0.03656442386704207,0.18829811263460408,,,
C. elegans,2023-01-16-22,URAVL,73,802,5256,-0.0076058767901895676,0.003999170107451443,-0.9335967101909317,1.4746402250248491,,,
C. elegans,2023-01-16-22,RIML,73,802,5256,0.002926953549974915,0.0006898517133654695,0.3592740561696823,-0.31631871922604377,,,
C. elegans,2023-01-16-22,OLLL,73,802,5256,-0.0018875121812043218,0.0013884150546585716,-0.23168599905412673,0.06173443711288282,,,
C. elegans,2023-01-16-22,RIS,73,802,5256,0.00021834227441859378,-0.0004627346749659759,0.026800806102424937,-0.9400830886179384,,,
C. elegans,2023-01-16-22,OLQDL,73,802,5256,0.0019711859605356743,-1.9845936059879366e-05,0.24195668411357346,-0.7003976145126429,,,
C. elegans,2023-01-16-22,CEPVL,73,802,5256,-0.0021280232598927715,0.000601407709715096,-0.26120795398740043,-0.36418343350861876,,,
C. elegans,2023-01-16-22,AVJR,73,802,5256,-0.002252523336501012,-0.0013426768084942948,-0.2764899346381908,-1.4162960263884752,,,
C. elegans,2023-01-16-22,RMDDR,73,802,5256,0.0014753441863425852,0.004475025868625322,0.18109371434275168,1.7321670115591081,,,
C. elegans,2023-01-16-22,OLQVR,73,802,5256,-0.0061199109819033305,0.0010531463692849527,-0.7511992262004419,-0.11970850046307828,,,
C. elegans,2023-01-16-22,AIBL,73,802,5256,0.015377079807108432,0.0008403418378382361,1.8874866785610964,-0.23487547250563484,,,
C. elegans,2023-01-16-22,RIH,73,802,5256,-0.004605137389297921,0.001306877856052179,-0.5652656801082152,0.017607593532571044,,,
C. elegans,2023-01-16-22,ASIL,73,802,5256,1.4123244197731625e-05,-0.0012988064093800381,0.0017335824236901357,-1.3925539519413785,,,
C. elegans,2023-01-16-22,IL1VL,73,802,5256,-0.008157460367205703,-0.001067028967210516,-1.0013018054880087,-1.2671190938537056,,,
C. elegans,2023-01-16-22,URBR,73,802,5256,0.0030677374577189145,0.001629627726479929,0.3765548242840374,0.1922755155528234,,,
C. elegans,2023-01-16-22,RMEL,73,802,5256,0.006824034229751512,0.00013003647058467644,0.8376280714070748,-0.6192832565694394,,,
C. elegans,2023-01-16-22,AIZR,73,802,5256,-0.000524699794416186,0.00039358487060276506,-0.06440519816685071,-0.47665438015219336,,,
C. elegans,2023-01-16-22,IL2DL,73,802,5256,-0.002495341775707242,-0.00101364580046887,-0.3062951105922681,-1.2382288365368985,,,
C. elegans,2023-01-16-22,AWBL,73,802,5256,-0.004472545884093731,0.0019146854623460158,-0.548990502837718,0.3465449574383882,,,
C. elegans,2023-01-16-22,URXR,73,802,5256,-0.0017696989379525783,0.002117880950234578,-0.21722480551249296,0.4565116433625321,,,
C. elegans,2023-01-16-22,URYDL,73,802,5256,-0.00029248512843562915,0.003080953494677927,-0.03590160098826289,0.9777136499496539,,,
C. elegans,2023-01-16-22,AVHL,73,802,5256,-0.0006953261189849785,0.0016776832751101685,-0.08534902616770168,0.21828253705731732,,,
C. elegans,2023-01-16-22,FLPR,73,802,5256,0.0015089045054063179,-0.00360965738132883,0.1852131346719466,-2.643155654225042,,,
C. elegans,2023-01-16-22,AIBR,73,802,5256,0.024362603521808024,0.00013521609159246976,2.9904305745503788,-0.6164801148142324,,,
C. elegans,2023-01-16-22,RIMR,73,802,5256,0.013853969669150177,6.954707860174536e-05,1.7005298485621656,-0.65201930813756,,,
C. elegans,2023-01-16-22,ASHL,73,802,5256,-0.002244419510552339,0.0038258876362642796,-0.2754952162836416,1.3808620644800202,,,
C. elegans,2023-01-16-22,OLQDR,73,802,5256,-0.009834362802827987,0.0015585869713496889,-1.2071361412778612,0.15382920708210826,,,
C. elegans,2023-01-16-22,URYDR,73,802,5256,0.0010514567712683763,0.0025810296137852846,0.1290629088062928,0.7071615182692003,,,
C. elegans,2023-01-16-22,URYVL,73,802,5256,-0.008911636138617852,0.001293765541474202,-1.0938744356421375,0.01051138389761226,,,
C. elegans,2023-01-16-22,AUAR,73,802,5256,0.024200189908371257,0.0009348042124483819,2.9704948302072194,-0.18375369618893025,,,
C. elegans,2023-01-16-22,ASGL,73,802,5256,-0.0005316167347060493,0.0031776987577620914,-0.06525423015584281,1.0300708950379875,,,
C. elegans,2023-01-17-07,ADAL,68,802,4556,-0.005462203963206648,0.000548730977244542,-1.1902146958063113,0.3802880060654673,,,
C. elegans,2023-01-17-07,OLQDR,68,802,4556,0.0058154913521084595,-0.0001644312741834989,1.2671960470971781,-0.6065125495367033,,,
C. elegans,2023-01-17-07,CEPVR,68,802,4556,0.004624302658043216,-0.0004787160641944262,1.0076359320401667,-1.0413875093078848,,,
C. elegans,2023-01-17-07,AVAR,68,802,4556,0.006343185714483643,0.00018986281579588953,1.3821806923472924,-0.11627683650204775,,,
C. elegans,2023-01-17-07,AVDR,68,802,4556,-0.0031377798518494936,-0.0005478222965469523,-0.6837224894992315,-1.1370096042021298,,,
C. elegans,2023-01-17-07,AUAL,68,802,4556,-0.0011681492336758728,7.388678935309738e-05,-0.25453981473069803,-0.27675253063913013,,,
C. elegans,2023-01-17-07,ASGL,68,802,4556,-0.006195768431374489,0.00030233670246873623,-1.3500584541529228,0.03935295691067843,,,
C. elegans,2023-01-17-07,RMDVR,68,802,4556,0.002763267904531688,0.0006863778254186535,0.6021163051723085,0.5707495538873185,,,
C. elegans,2023-01-17-07,AIZL,68,802,4556,0.0008136440528136471,-0.00012883739761711043,0.17729310647083432,-0.5572614049319313,,,
C. elegans,2023-01-17-07,RIH,68,802,4556,0.004127039582391267,0.0003812205432794981,0.8992822666864946,0.14850430049935043,,,
C. elegans,2023-01-17-07,IL1DL,68,802,4556,-3.7249332984290615e-05,2.974515154770134e-05,-0.00811663274120183,-0.3378311878792347,,,
C. elegans,2023-01-17-07,URXL,68,802,4556,-0.0005518271696211543,0.0009770042545716418,-0.1202431859470005,0.9728885078021855,,,
C. elegans,2023-01-17-07,AIBR,68,802,4556,-0.001995339056996597,0.00045365620051895846,-0.434784545716498,0.24873331103121293,,,
C. elegans,2023-01-17-07,RMEL,68,802,4556,-0.0014723950840540368,0.0008044587472002878,-0.32083501071704373,0.7341377856491765,,,
C. elegans,2023-01-17-07,AVJL,68,802,4556,-0.007807560164449599,0.0012857428183507403,-1.7012680062325038,1.400089170292342,,,
C. elegans,2023-01-17-07,AIZR,68,802,4556,0.0002577925488278112,-0.0010299572454073548,0.05617301773258937,-1.8041383458846603,,,
C. elegans,2023-01-17-07,AVER,68,802,4556,0.0027199911505155143,0.0001492640080180057,0.5926862968892406,-0.17245329002546297,,,
C. elegans,2023-01-17-07,RIAL,68,802,4556,0.0007674163907463988,0.0005723049615719906,0.16722009507912747,0.41290726035928543,,,
C. elegans,2023-01-17-07,AWAL,68,802,4556,-0.0037491407877932336,-0.00021636667619514242,-0.816938088056808,-0.6783754158870867,,,
C. elegans,2023-01-17-07,FLPL,68,802,4556,0.0022083586181149994,0.0004402313056460629,0.4812015257203882,0.23015732261771124,,,
C. elegans,2023-01-17-07,RMER,68,802,4556,0.012927075424362288,0.0002670058178511216,2.81681080521938,-0.00953428649117765,,,
C. elegans,2023-01-17-07,IL1L,68,802,4556,-0.003088938543002128,0.0002687325159293692,-0.6730799642577495,-0.007145059327849754,,,
C. elegans,2023-01-17-07,CEPVL,68,802,4556,-0.00017227916102876235,0.0004513702448859458,-0.037539643451402455,0.24557024079828657,,,
C. elegans,2023-01-17-07,ASEL,68,802,4556,-0.0005249926489724084,0.0020712410349091287,-0.11439594167597089,2.4869807927418,,,
C. elegans,2023-01-17-07,CEPDR,68,802,4556,0.007237432041512129,0.0008801689842443193,1.5770370410427164,0.8388978228359746,,,
C. elegans,2023-01-17-07,ADEL,68,802,4556,0.0038747401903539277,0.00035991184676128845,0.8443062082733352,0.11901951843016234,,,
C. elegans,2023-01-17-07,AIBL,68,802,4556,0.008988435432225808,9.446828722816635e-05,1.9585808248472716,-0.24827397124037565,,,
C. elegans,2023-01-17-07,RMED,68,802,4556,-0.007514931235269468,0.001033420887836889,-1.6375041383369908,1.0509520409461117,,,
C. elegans,2023-01-17-07,RIVL,68,802,4556,0.007359466493008417,0.0008866757195748902,1.6036283581271622,0.8479011737936375,,,
C. elegans,2023-01-17-07,RICL,68,802,4556,-0.005340771033515541,-6.256257256218907e-05,-1.1637544503730155,-0.4655571201696972,,,
C. elegans,2023-01-17-07,IL1R,68,802,4556,-0.0016964465257539568,0.0005213412705851651,-0.3696558384129917,0.342388947758424,,,
C. elegans,2023-01-17-07,URBR,68,802,4556,0.0004000919740190035,0.0003088280297270242,0.08718007426292063,0.048334987763050924,,,
C. elegans,2023-01-17-07,IL2DR,68,802,4556,-0.0027694486431641364,0.0007237855192497552,-0.603463088632031,0.6225104722230973,,,
C. elegans,2023-01-17-07,OLLL,68,802,4556,-0.008919943052852965,0.0001678219266970497,-1.943656329711348,-0.1467747513386066,,,
C. elegans,2023-01-17-07,RIVR,68,802,4556,0.0014998153538178123,0.00023062751379815432,0.3268098897687333,-0.05987084115240675,,,
C. elegans,2023-01-17-07,RMDL,68,802,4556,-0.0037401795929016286,0.0008213870248744289,-0.8149854429480173,0.7575613947658683,,,
C. elegans,2023-01-17-07,IL2VR,68,802,4556,0.0008943064789619172,0.00042682774057160134,0.1948694558066986,0.21161084818493892,,,
C. elegans,2023-01-17-07,OLQVL,68,802,4556,0.003419692541898695,-2.3089903060112372e-05,0.7451512880009024,-0.4109389009387254,,,
C. elegans,2023-01-17-07,AINL,68,802,4556,-0.0021026191714452517,-0.00013564090913468634,-0.458160891536732,-0.5666754042457566,,,
C. elegans,2023-01-17-07,AVJR,68,802,4556,-0.0020500307769885607,-0.0019905508875921176,-0.4467018760307516,-3.1333090050407306,,,
C. elegans,2023-01-17-07,URADL,68,802,4556,-0.007090452375724003,0.0004060109770131854,-1.5450101596988295,0.18280675233697383,,,
C. elegans,2023-01-17-07,SMDDL,68,802,4556,-0.00013324173822161107,0.0011745006693036442,-0.029033385789760804,1.2461637286887768,,,
C. elegans,2023-01-17-07,IL1VR,68,802,4556,-0.0006829082699085461,0.000433615614297424,-0.14880576855201263,0.22100320953130365,,,
C. elegans,2023-01-17-07,IL2VL,68,802,4556,-0.00101906202756359,0.0008143904876701073,-0.22205370017569118,0.7478803063646091,,,
C. elegans,2023-01-17-07,SAAVL,68,802,4556,-0.012030070753080975,0.00028396742713540066,-2.6213534130828977,0.013935443478570182,,,
C. elegans,2023-01-17-07,RMDDL,68,802,4556,-9.389594048061268e-05,0.0010906491482126114,-0.02045993320450307,1.1301386201878296,,,
C. elegans,2023-01-17-07,ASGR,68,802,4556,-0.0030692810063611005,0.0003571764871654614,-0.6687965853961945,0.11523460922678141,,,
C. elegans,2023-01-17-07,SMDVR,68,802,4556,-0.0016475901362984723,0.0022182330059070305,-0.35901002710575214,2.6903731601299157,,,
C. elegans,2023-01-17-07,AVDL,68,802,4556,0.000512872561151162,-0.0009507573673932496,0.11175497353628211,-1.6945497025269307,,,
C. elegans,2023-01-17-07,OLQDL,68,802,4556,0.004178251430883505,0.00041021091286655366,0.9104413327128545,0.18861819149447032,,,
C. elegans,2023-01-17-07,OLLR,68,802,4556,-0.0002489111495019565,0.0001324869985275197,-0.05423776008418204,-0.19566758979161508,,,
C. elegans,2023-01-17-07,URXR,68,802,4556,0.0012787239024046864,0.00026666282420423685,0.2786340442013396,-0.010008885813612515,,,
C. elegans,2023-01-17-07,CEPDL,68,802,4556,-0.0022051529333442497,0.0008287451823059042,-0.4805030067434387,0.7677428560350934,,,
C. elegans,2023-01-17-07,AWCR,68,802,4556,-0.0035185747251176257,-0.0011978199018122823,-0.766697723910903,-2.036409420627534,,,
C. elegans,2023-01-17-07,AWAR,68,802,4556,-0.0011285744860660332,0.00034155312644804754,-0.24591647395006472,0.0936166099489933,,,
C. elegans,2023-01-17-07,AVEL,68,802,4556,0.006392191174556278,0.00012212599925164305,1.3928589861543508,-0.21000407468205295,,,
C. elegans,2023-01-17-07,URYVL,68,802,4556,0.008947712098758439,-0.0004517196485398428,1.9497072071131893,-1.0040326466327143,,,
C. elegans,2023-01-17-07,URYVR,68,802,4556,-0.0067811596885863235,0.0008565507159982821,-1.4776152575647505,0.8062172930114061,,,
C. elegans,2023-01-17-07,URBL,68,802,4556,-0.0017922496791377255,0.00048111237001242295,-0.39053135346699336,0.2867243337705761,,,
C. elegans,2023-01-17-07,RMDDR,68,802,4556,-0.0024362857155009786,-0.0015185207596477902,-0.5308668591111995,-2.480162274989181,,,
C. elegans,2023-01-17-07,AWBL,68,802,4556,0.0037346571184612835,0.0011641123545405886,0.8137820953102527,1.2317894474373134,,,
C. elegans,2023-01-17-07,RIML,68,802,4556,-0.0012202488174141075,7.741157316035523e-06,-0.2658923183406575,-0.3682780513942278,,,
C. elegans,2023-01-17-07,AWCL,68,802,4556,-0.0007223497399809946,0.0010860444854770182,-0.1574000681462142,1.1237671616077585,,,
C. elegans,2023-01-17-07,RID,68,802,4556,0.009148605445126004,0.00014891907271838181,1.993481883918926,-0.17293057600720704,,,
C. elegans,2023-01-17-07,IL2DL,68,802,4556,0.0007280097110959031,-0.0012020686062071194,0.15863337632074978,-2.0422883406755585,,,
C. elegans,2023-01-17-07,AUAR,68,802,4556,-0.0008062220759010399,-0.0009225043091121235,-0.17567585708710126,-1.655456027064652,,,
C. elegans,2023-01-17-07,SMDVL,68,802,4556,0.004677645642889648,0.00040306890590383065,1.0192593728545454,0.17873581700701363,,,
C. elegans,2023-01-17-07,IL1VL,68,802,4556,-0.000515990268973386,0.00020999618557056995,-0.11243432232886415,-0.0884183506665797,,,
C. elegans,2023-01-17-14,SMDDL,87,802,7482,-0.001147040291802281,0.0009348945940805976,-0.21088826658757218,0.11699870996342258,,,
C. elegans,2023-01-17-14,AVEL,87,802,7482,0.017944485880835304,1.4527500350068649e-05,3.2991705254472694,-0.562245471858866,,,
C. elegans,2023-01-17-14,RIVL,87,802,7482,-0.003510224173837932,0.0004190235233686076,-0.6453697369177298,-0.26372157625548764,,,
C. elegans,2023-01-17-14,AUAL,87,802,7482,-0.008327871396086864,0.001617951204250198,-1.5311147966088308,0.6211043342012205,,,
C. elegans,2023-01-17-14,ADER,87,802,7482,-0.002850802162869636,-0.0006814401490175343,-0.524132178100776,-1.0758796291312123,,,
C. elegans,2023-01-17-14,URXR,87,802,7482,0.00016267528770562003,-0.0003695843421871608,0.02990854783921253,-0.8457255484388766,,,
C. elegans,2023-01-17-14,AWCR,87,802,7482,-0.0055940767325432655,0.0034009417142690374,-1.0284949480111827,1.9369770315460921,,,
C. elegans,2023-01-17-14,ASGL,87,802,7482,0.012189956997462567,0.0010425572787047322,2.2411757628258187,0.19645532312187028,,,
C. elegans,2023-01-17-14,IL1VL,87,802,7482,-0.004741329112097908,0.00035897735474083107,-0.8717136485244539,-0.3080365142394383,,,
C. elegans,2023-01-17-14,OLQDR,87,802,7482,-0.0042638878593998855,0.0014094219492843056,-0.7839340309308283,0.46720673818743913,,,
C. elegans,2023-01-17-14,AIBL,87,802,7482,0.009697320121361316,0.00041267995695703596,1.7828938055222083,-0.26840321970668746,,,
C. elegans,2023-01-17-14,AVJR,87,802,7482,-0.00427965392544102,0.002478242885724653,-0.7868326896458555,1.2560119958203422,,,
C. elegans,2023-01-17-14,ASIL,87,802,7482,0.0018640963300028685,0.003812184361929225,0.3427220879650865,2.2404800333843577,,,
C. elegans,2023-01-17-14,SMDVL,87,802,7482,0.0004926820132820861,-0.0017647719055817607,0.09058169665224287,-1.8753940811820335,,,
C. elegans,2023-01-17-14,ASHL,87,802,7482,0.007708729280721483,0.0025312825231083775,1.417282868982635,1.2951560127504032,,,
C. elegans,2023-01-17-14,RIML,87,802,7482,0.0009404300489346159,0.0007280462268407992,0.17290208921525216,-0.035658366679312964,,,
C. elegans,2023-01-17-14,CEPVR,87,802,7482,-0.001696696834793782,0.0027621914288730176,-0.3119449743583711,1.4655701136455668,,,
C. elegans,2023-01-17-14,CEPDL,87,802,7482,0.0037688011771332343,-0.0015587473093387407,0.6929102255946131,-1.723344959409183,,,
C. elegans,2023-01-17-14,URYVL,87,802,7482,0.005449363127931766,0.0007447727616691412,1.0018887324786783,-0.023313942871038877,,,
C. elegans,2023-01-17-14,AINL,87,802,7482,0.0008115934600906187,0.0014473469490119042,0.14921493097979435,0.4951959346570442,,,
C. elegans,2023-01-17-14,AIBR,87,802,7482,0.014257316417124678,0.00021248980305351857,2.621268639721187,-0.4161464389323035,,,
C. elegans,2023-01-17-14,RICL,87,802,7482,8.101052031427638e-06,0.0017061255198582718,0.0014894130857070285,0.6861782501103456,,,
C. elegans,2023-01-17-14,RIVR,87,802,7482,0.00046904990293271224,-0.0009361109323496739,0.08623683202716942,-1.2638303381872313,,,
C. elegans,2023-01-17-14,OLQVL,87,802,7482,0.00477154421518052,7.697436710287501e-06,0.8772688245364881,-0.567286157277108,,,
C. elegans,2023-01-17-14,IL2DL,87,802,7482,-0.003661854988737036,0.0007846516232642604,-0.6732477111649021,0.006117231820775919,,,
C. elegans,2023-01-17-14,IL2R,87,802,7482,-0.0011734871482341474,0.0026173512892993375,-0.21575063432606142,1.3586760028392157,,,
C. elegans,2023-01-17-14,AIML,87,802,7482,0.004354985902878153,0.0019427956051543968,0.8006827960927434,0.8608441845443782,,,
C. elegans,2023-01-17-14,SAAVL,87,802,7482,-0.00010399909700158567,-0.0011698886501102165,-0.019120679064269244,-1.4363616636879166,,,
C. elegans,2023-01-17-14,IL1L,87,802,7482,-0.004040650810699536,0.0007228408489491334,-0.7428909441491329,-0.03950001059638193,,,
C. elegans,2023-01-17-14,URXL,87,802,7482,0.0003418999285490214,-0.0014963331460104458,0.06285976507837138,-1.677282407202745,,,
C. elegans,2023-01-17-14,IL1VR,87,802,7482,-0.002250743424183281,0.0008636752358045177,-0.4138088109473374,0.06443779696286722,,,
C. elegans,2023-01-17-14,URBL,87,802,7482,-0.0028205590372574816,0.0009491643670270988,-0.5185718500267584,0.12753000808985682,,,
C. elegans,2023-01-17-14,RMDDR,87,802,7482,-0.004428810086689347,0.0011647392955108204,-0.814255688228662,0.2866274127197924,,,
C. elegans,2023-01-17-14,AWBR,87,802,7482,-0.0020972544377751796,0.0014019669552060845,-0.385589203915898,0.4617048450975566,,,
C. elegans,2023-01-17-14,OLQDL,87,802,7482,0.001475719072923806,-0.0008941327636021758,0.271317267129414,-1.2328498445564577,,,
C. elegans,2023-01-17-14,AVJL,87,802,7482,-0.0015945506550523543,-0.00021366022883224537,-0.2931649620622333,-0.7306513052118208,,,
C. elegans,2023-01-17-14,FLPL,87,802,7482,-0.000789545668199923,-6.223475039158767e-05,-0.1451613500836894,-0.6188971193971466,,,
C. elegans,2023-01-17-14,URBR,87,802,7482,0.00021425839104488456,0.0009961206757261654,0.039392322146157475,0.16218444076238206,,,
C. elegans,2023-01-17-14,URAVL,87,802,7482,-0.002193214395807033,0.0030132641158737965,-0.4032318528758197,1.6508653757442129,,,
C. elegans,2023-01-17-14,IL1DL,87,802,7482,-0.004594556392401194,-0.001550745595158812,-0.8447288558712249,-1.717439579003533,,,
C. elegans,2023-01-17-14,URYVR,87,802,7482,0.003063565320191612,0.00020645684358902154,0.5632495951278883,-0.42059884997931246,,,
C. elegans,2023-01-17-14,AVER,87,802,7482,-0.004425128975342751,0.0005541367768528056,-0.8135789001536943,-0.16400604759156087,,,
C. elegans,2023-01-17-14,RMER,87,802,7482,0.0015885699930994538,0.0003921407380388085,0.2920653917670071,-0.2835614593313051,,,
C. elegans,2023-01-17-14,URADR,87,802,7482,-0.00041604794853443265,-0.0012546723951191324,-0.07649219588082777,-1.4989332896214183,,,
C. elegans,2023-01-17-14,ADLL,87,802,7482,0.0017579079389876194,0.0015303270052692344,0.3231988978269764,0.5564364122925693,,,
C. elegans,2023-01-17-14,RID,87,802,7482,0.015219988868958461,0.0005679697335932816,2.79826008989932,-0.15379712612166885,,,
C. elegans,2023-01-17-14,OLLL,87,802,7482,1.1115776759929805e-05,-0.0003642020239689955,0.002043683129031802,-0.8417533200103412,,,
C. elegans,2023-01-17-14,AIZR,87,802,7482,-0.002113758237347225,0.0019131527507615883,-0.38862349809783014,0.8389673307149913,,,
C. elegans,2023-01-17-14,RMDVL,87,802,7482,-0.0024557431734440176,0.0007187085647631924,-0.4514988921776624,-0.042549695890496245,,,
C. elegans,2023-01-17-14,AVAL,87,802,7482,0.010529101260791101,0.00033554539521633657,1.9358203277448642,-0.32532963812894605,,,
C. elegans,2023-01-17-14,ASKR,87,802,7482,-0.002445636273460167,0.0018543545280158395,-0.44964069536156,0.795573394780517,,,
C. elegans,2023-01-17-14,RMDDL,87,802,7482,-0.00350773811080665,0.0014477040739127862,-0.64491266358993,0.49545949798167893,,,
C. elegans,2023-01-17-14,BAGL,87,802,7482,0.02130828527485947,0.00045284847203876376,3.9176194399483144,-0.23875827656653983,,,
C. elegans,2023-01-17-14,OLLR,87,802,7482,-0.0017944330649042792,-0.0005267108726718802,-0.3299141985417877,-0.9616871928399924,,,
C. elegans,2023-01-17-14,AIZL,87,802,7482,-0.0006435526103509579,0.00387034047761035,-0.11831990159785498,2.283400085049475,,,
C. elegans,2023-01-17-14,URADL,87,802,7482,-0.0016511297625928486,-0.0011004803212603283,-0.30356727312276177,-1.3851373165090093,,,
C. elegans,2023-01-17-14,ASKL,87,802,7482,-0.003521402144518811,0.0008928552283493456,-0.6474248546652968,0.08597305207651351,,,
C. elegans,2023-01-17-14,URYDL,87,802,7482,-0.0026403180808019784,0.0012657467332024914,-0.48543377881283184,0.36117235770989725,,,
C. elegans,2023-01-17-14,IL2VR,87,802,7482,-0.0031870566514620273,-0.00040801008228265014,-0.5859540048825708,-0.8740842985179167,,,
C. elegans,2023-01-17-14,ADEL,87,802,7482,-0.0018474286004268798,0.0011476533424009691,-0.3396576545503652,0.2740177330389228,,,
C. elegans,2023-01-17-14,RMEL,87,802,7482,0.0006694209968643721,0.0013346599971799018,0.12307591516618363,0.4120313398767939,,,
C. elegans,2023-01-17-14,IL2L,87,802,7482,0.00145253399668017,-0.0011636954242652596,0.2670545916378334,-1.4317909737419656,,,
C. elegans,2023-01-17-14,CEPDR,87,802,7482,-0.0028229116694436364,1.849306575595326e-05,-0.5190043915226433,-0.5593188274276043,,,
C. elegans,2023-01-17-14,AVHL,87,802,7482,0.0006715530740934231,-0.002853408917895877,0.12346790668930521,-2.678823888448984,,,
C. elegans,2023-01-17-14,IL2VL,87,802,7482,-0.0004334282301514359,-0.0010847188901836411,-0.07968763503776845,-1.373505153180963,,,
C. elegans,2023-01-17-14,RMDVR,87,802,7482,-0.007007954360310692,0.0022917736976789766,-1.2884424007883846,1.1183950471789388,,,
C. elegans,2023-01-17-14,RMDL,87,802,7482,-0.0012223796523551914,0.000985775924095508,-0.22473973045189308,0.15454986494433567,,,
C. elegans,2023-01-17-14,RIAL,87,802,7482,0.0038588116156549517,0.0012584935091030668,0.7094590299306898,0.3558193737727837,,,
C. elegans,2023-01-17-14,AVDL,87,802,7482,-0.001397490351851118,0.00024804868708266876,-0.25693458196805824,-0.38990346995457353,,,
C. elegans,2023-01-17-14,FLPR,87,802,7482,-0.0020189543927555936,0.0022056427978403323,-0.37119340554166297,1.0548292015625083,,,
C. elegans,2023-01-17-14,AIYL,87,802,7482,-0.004170935541696181,0.0026228989558316914,-0.7668443495169075,1.3627702607070387,,,
C. elegans,2023-01-17-14,OLQVR,87,802,7482,-0.004096211685217951,-0.0019662202752061286,-0.7531060487108633,-2.024065881746212,,,
C. elegans,2023-01-17-14,RIMR,87,802,7482,0.00512323401674865,0.0005785162218121731,0.9419284996667273,-0.14601366579356984,,,
C. elegans,2023-01-17-14,AIMR,87,802,7482,0.001403313295447881,0.003170324674763853,0.25800515506852806,1.7667783321575186,,,
C. elegans,2023-01-17-14,SMDVR,87,802,7482,0.0007292557358568687,-0.00043772971223628144,0.13407678800215067,-0.8960178138178736,,,
C. elegans,2023-01-17-14,AIYR,87,802,7482,0.001247446185862679,0.0015631258160422163,0.22934831991342575,0.5806424074221181,,,
C. elegans,2023-01-17-14,IL1R,87,802,7482,-0.0037215423671002625,0.0008193397306116712,-0.6842214911185249,0.03171755505555497,,,
C. elegans,2023-01-17-14,AWAL,87,802,7482,-0.006095667257539524,0.001319526278028682,-1.1207145126674563,0.4008624369979082,,,
C. elegans,2023-01-17-14,ASEL,87,802,7482,0.001502532751585251,0.0015345107513563584,0.27624707670468485,0.5595240772115553,,,
C. elegans,2023-01-17-14,AVDR,87,802,7482,-0.01552921377292996,0.0013775110002050663,-2.855112411871196,0.44365599778597187,,,
C. elegans,2023-01-17-14,ADAL,87,802,7482,-0.0017540455319362393,0.0015416193209392105,-0.3224887777608004,0.5647703040303129,,,
C. elegans,2023-01-17-14,RIH,87,802,7482,-0.0030099128204648367,0.0014310274623250336,-0.5533853534387915,0.48315191824457926,,,
C. elegans,2023-01-17-14,ASGR,87,802,7482,-0.0003121854849039707,0.0020683563492713353,-0.05739663744658365,0.9535098236004377,,,
C. elegans,2023-01-17-14,AWBL,87,802,7482,-0.003582764390649485,0.0024383540332630913,-0.6587065662258254,1.2265734477250791,,,
C. elegans,2023-01-17-14,RICR,87,802,7482,-0.002247732749404023,0.0004876297955682639,-0.41325528550451357,-0.21308915844571238,,,
C. elegans,2023-01-17-14,IL2DR,87,802,7482,-0.0004750103248449718,0.002503337345809139,-0.08733268110430334,1.27453206908727,,,
C. elegans,2023-01-17-14,URAVR,87,802,7482,-0.00035112186210980935,-4.5764150801207246e-05,-0.06455525703024041,-0.6067415794836716,,,
C. elegans,2023-01-18-01,RMDVR,70,802,4830,-0.0017201762799643762,0.0021376931316828183,-0.3320929335672723,1.4015166778451806,,,
C. elegans,2023-01-18-01,RIVR,70,802,4830,0.008147074911354508,0.0005081900069891837,1.5728539213202468,-0.20857580264846318,,,
C. elegans,2023-01-18-01,IL2DL,70,802,4830,-0.0012412207894736019,0.00048720563465568694,-0.23962698357258513,-0.2293102091003651,,,
C. elegans,2023-01-18-01,ASER,70,802,4830,0.0009867371375832427,0.0005224786552178495,0.190497005740934,-0.19445736082361606,,,
C. elegans,2023-01-18-01,OLLL,70,802,4830,0.007034911391612824,0.00039872781461949445,1.358142411703821,-0.316734081182554,,,
C. elegans,2023-01-18-01,RIH,70,802,4830,0.0010099475544141424,0.0009029004804057363,0.19497795080712937,0.1814328788872429,,,
C. elegans,2023-01-18-01,URYVL,70,802,4830,-0.004104015461686612,0.0010271089785115588,-0.7923109683300456,0.3041618051365826,,,
C. elegans,2023-01-18-01,ASIR,70,802,4830,0.0013212268738469963,0.0008502302310335658,0.2550727582715256,0.12939003762187187,,,
C. elegans,2023-01-18-01,RMER,70,802,4830,0.020681220117891544,0.0001648066654793907,3.9926646697182258,-0.5478687611665061,,,
C. elegans,2023-01-18-01,AUAL,70,802,4830,-0.0010633510495078728,0.0008787688163657861,-0.2052878961045902,0.15758867127344786,,,
C. elegans,2023-01-18-01,CEPDL,70,802,4830,-0.007396094002909318,-1.6795195104654886e-05,-1.4278714239777401,-0.7273073800553165,,,
C. elegans,2023-01-18-01,AVAR,70,802,4830,-0.005351848815542867,0.0008702601482230093,-1.0332145570563092,0.14918135840114116,,,
C. elegans,2023-01-18-01,FLPL,70,802,4830,-2.303515033987235e-05,-0.0006024195268156769,-0.0044471085554614225,-1.3059557536565083,,,
C. elegans,2023-01-18-01,RIS,70,802,4830,0.0007839539476508635,0.0013089305109422642,0.1513481898857544,0.5826262789578196,,,
C. elegans,2023-01-18-01,CEPVL,70,802,4830,0.003930124546376074,1.7462689929013303e-05,0.7587400228061539,-0.6934575750107909,,,
C. elegans,2023-01-18-01,IL1VL,70,802,4830,0.004239272426307323,-3.449829127747439e-05,0.8184233398872368,-0.7447995969141651,,,
C. elegans,2023-01-18-01,AVJL,70,802,4830,-0.003439633193369401,0.0007436030295495136,-0.664046988024428,0.024032979556806243,,,
C. elegans,2023-01-18-01,RICL,70,802,4830,-0.0005531654264523497,0.0004010022120667021,-0.10679273476690215,-0.3144867763618949,,,
C. elegans,2023-01-18-01,OLQVL,70,802,4830,0.0024202165806525124,0.0008146657926960244,0.46724096448632035,0.09424924293881709,,,
C. elegans,2023-01-18-01,IL2VR,70,802,4830,-0.0012247674293404667,0.0004689281937763436,-0.23645053898531015,-0.24736992907054353,,,
C. elegans,2023-01-18-01,ASGR,70,802,4830,-0.003624948259228348,0.0009837078214598087,-0.6998234515021039,0.26127764274696785,,,
C. elegans,2023-01-18-01,AIZR,70,802,4830,-0.0007821718122499048,-0.0004446779754796065,-0.15100413527913548,-1.150093219968296,,,
C. elegans,2023-01-18-01,RID,70,802,4830,-0.0005650159325697988,0.0005596136000249246,-0.10908056386130294,-0.15776476754696345,,,
C. elegans,2023-01-18-01,AVEL,70,802,4830,0.008809887235557139,0.0005738539457997081,1.700814812138688,-0.14369405279707972,,,
C. elegans,2023-01-18-01,URADL,70,802,4830,-0.011125039442362306,0.00146875673042446,-2.1477723111855846,0.74054864822139,,,
C. elegans,2023-01-18-01,URBL,70,802,4830,0.002092345253070724,-7.211964898475116e-05,0.4039429453952263,-0.7819728089396631,,,
C. elegans,2023-01-18-01,ASHL,70,802,4830,-0.0009925343425680679,0.002636850177294582,-0.1916161996470035,1.8947277638171858,,,
C. elegans,2023-01-18-01,RIAL,70,802,4830,-0.0032591059786387573,0.0013975155901464738,-0.6291948551198457,0.67015613253662,,,
C. elegans,2023-01-18-01,RMEL,70,802,4830,0.0021514953601189926,7.497678724939678e-05,0.41536231723477085,-0.6366285857228203,,,
C. elegans,2023-01-18-01,IL1DL,70,802,4830,0.0017821259736259028,9.741158659740691e-05,0.34405278660168126,-0.6144610297456533,,,
C. elegans,2023-01-18-01,CEPDR,70,802,4830,-0.005725248060029477,0.0005930628387178126,-1.1053020820022579,-0.12471397624652844,,,
C. elegans,2023-01-18-01,ADAL,70,802,4830,0.004191325531502518,2.132620019397885e-05,0.80916683220449,-0.6896400868871639,,,
C. elegans,2023-01-18-01,AWCR,70,802,4830,-0.006612985914006729,0.000721702438454402,-1.276686533467968,0.0023932683428526686,,,
C. elegans,2023-01-18-01,AIZL,70,802,4830,0.00074888974952455,0.0010174576995229687,0.1445787834274857,0.2946254922009466,,,
C. elegans,2023-01-18-01,ASGL,70,802,4830,-0.0023443096638131665,0.0003241702443779511,-0.45258656482691606,-0.390403521511093,,,
C. elegans,2023-01-18-01,AINL,70,802,4830,-0.005633598307043187,0.0033724391904153307,-1.0876084097406202,2.621554439269025,,,
C. elegans,2023-01-18-01,ADEL,70,802,4830,-0.0020102805707516557,-0.0007043033266877108,-0.38809974292171584,-1.4066259135182289,,,
C. elegans,2023-01-18-01,AINR,70,802,4830,-0.004784548616224046,9.783067366999294e-05,-0.9236929983652503,-0.6140469348390419,,,
C. elegans,2023-01-18-01,RMDL,70,802,4830,-0.004079193416959359,0.000400917345766063,-0.78751888640994,-0.31457063173500566,,,
C. elegans,2023-01-18-01,RICR,70,802,4830,-0.0032451860786444193,0.0007347244283414366,-0.6265075140153756,0.015260140262549488,,,
C. elegans,2023-01-18-01,IL2DR,70,802,4830,0.0005976062107769299,0.0019186367536628115,0.1153723615227634,1.185069699800571,,,
C. elegans,2023-01-18-01,IL1DR,70,802,4830,0.0008863474948791842,6.711894297857172e-05,0.1711160322130049,-0.6443928273383276,,,
C. elegans,2023-01-18-01,IL1L,70,802,4830,-0.005339181404373454,-0.0007247310939706204,-1.030769018314175,-1.4268103451999234,,,
C. elegans,2023-01-18-01,IL1VR,70,802,4830,0.006286424397571422,0.0003346282085409249,1.2136413832433504,-0.38007013263634515,,,
C. elegans,2023-01-18-01,AVDL,70,802,4830,-0.002070548344213733,9.222060105469725e-05,-0.3997348886458526,-0.6195901802590893,,,
C. elegans,2023-01-18-01,AIBR,70,802,4830,-0.006709246532740884,0.0007582269981856295,-1.2952703679474717,0.03848274745179697,,,
C. elegans,2023-01-18-01,RIVL,70,802,4830,0.001729030897676818,0.001569356938468999,0.33380238393348854,0.839950506403811,,,
C. elegans,2023-01-18-01,ASEL,70,802,4830,0.005302793317522008,0.0005613681070867956,1.0237440252072778,-0.1560311601764206,,,
C. elegans,2023-01-18-01,AVDR,70,802,4830,0.0003649582357230552,0.0005387967975090364,0.07045792488971854,-0.1783336002732305,,,
C. elegans,2023-01-18-01,URBR,70,802,4830,-0.0014407492725603942,0.0020964089736861726,-0.2781474538582776,1.3607242968140563,,,
C. elegans,2023-01-18-01,IL2R,70,802,4830,0.014301569510366444,0.000547315749234451,2.7610252673709748,-0.16991612631634118,,,
C. elegans,2023-01-18-01,AVAL,70,802,4830,-0.011062183822094314,0.00041020252602090926,-2.1356375622246118,-0.30539605656432794,,,
C. elegans,2023-01-18-01,RMGL,70,802,4830,-0.003525214623048065,0.006230217712059629,-0.6805691249541719,5.445291097939637,,,
C. elegans,2023-01-18-01,RMDDL,70,802,4830,0.00026884803520042257,-0.0003431332421260725,0.05190312977420814,-1.0497580876640875,,,
C. elegans,2023-01-18-01,RMDR,70,802,4830,-0.0017549919062748631,0.00040940910007222526,-0.3388143513720051,-0.3061800312216609,,,
C. elegans,2023-01-18-01,AWCL,70,802,4830,0.00015123295812813353,0.0014280386917817783,0.029196656936734646,0.7003156429294503,,,
C. elegans,2023-01-18-01,AIBL,70,802,4830,0.0018487331822570493,0.0005370942132564708,0.3569118078361229,-0.18001590333906733,,,
C. elegans,2023-01-18-01,OLQVR,70,802,4830,0.00033256133431077166,-6.990956637823974e-05,0.06420346006898647,-0.7797890528412003,,,
C. elegans,2023-01-18-01,RMDVL,70,802,4830,0.0015380221402703006,0.0009143656177364544,0.29692671059524006,0.19276144348111984,,,
C. elegans,2023-01-18-01,OLQDR,70,802,4830,-0.0061111943077059834,0.0006914438859759074,-1.1798119000267375,-0.027504844203207184,,,
C. elegans,2023-01-18-01,AWBL,70,802,4830,0.0009452656943965929,0.0024670217038519075,0.182490632564222,1.7269222874605976,,,
C. elegans,2023-01-18-01,SMDVL,70,802,4830,0.011947556874233782,0.0004439252226438714,2.3065654709576022,-0.27207506476518173,,,
C. elegans,2023-01-18-01,OLQDL,70,802,4830,0.005489497045185271,0.0010353520586175407,1.0597885802623692,0.31230669365727426,,,
C. elegans,2023-01-18-01,IL2L,70,802,4830,-0.00026157448782571254,0.0007838944009143445,-0.0504989168960036,0.06384440003228896,,,
C. elegans,2023-01-18-01,RMDDR,70,802,4830,0.0006837523106736048,0.0014897591252819344,0.1320035122735798,0.7613008625129309,,,
C. elegans,2023-01-18-01,IL2VL,70,802,4830,-0.0002686958721909772,-0.00044695547031121783,-0.05187375356388849,-1.15234358527731,,,
C. elegans,2023-01-18-01,FLPR,70,802,4830,0.0007633312893258322,0.0004935386240903168,0.1473668310094089,-0.22305265824745685,,,
C. elegans,2023-01-18-01,ADLL,70,802,4830,-0.0017263132599573947,-0.00046735966464105984,-0.33327772358726226,-1.1725047248069973,,,
C. elegans,2023-01-18-01,URYDL,70,802,4830,-0.004999408847789882,0.0008165535263963379,-0.9651733776953964,0.09611448995184178,,,
C. elegans,2023-01-18-01,OLLR,70,802,4830,0.0024024911548641377,6.235047848575765e-05,0.46381893808277513,-0.6491044898733869,,,
Drosophila,2017-10-26_1,AL_R,66,2000,4290,0.0009446632217283206,2.4606371217607674e-06,0.40029789034280844,-0.36848355957247325,,,
Drosophila,2017-10-26_1,AME_R,66,2000,4290,0.0009483693865337368,0.0010847038090976476,0.40186836532134795,1.6693847067475251,,,
Drosophila,2017-10-26_1,AMMC_R,66,2000,4290,-0.001084883858487257,-0.00010685895321216172,-0.4597159176207563,-0.574332789946335,,,
Drosophila,2017-10-26_1,ATL_R,66,2000,4290,-0.0007633998890964833,0.00014677194196190596,-0.3234881575405941,-0.09674478937719595,,,
Drosophila,2017-10-26_1,AVLP_R,66,2000,4290,0.0005806471582764116,8.861311242632664e-05,0.24604729722233257,-0.20625810042030046,,,
Drosophila,2017-10-26_1,CRE_R,66,2000,4290,0.007428502927000008,-0.00021852811163425005,3.147803345877134,-0.7846062665251317,,,
Drosophila,2017-10-26_1,EPA_R,66,2000,4290,-0.0011357217353737139,0.00026885477917284946,-0.48125829843867785,0.1331376864440839,,,
Drosophila,2017-10-26_1,GA_R,66,2000,4290,-0.002640050824259498,0.0005103385268067374,-1.1187127338517269,0.5878525591068164,,,
Drosophila,2017-10-26_1,GOR_R,66,2000,4290,-0.0021161452069818026,9.356477643133776e-05,-0.896709475429836,-0.19693409708852802,,,
Drosophila,2017-10-26_1,IB_R,66,2000,4290,0.00029707202158225216,0.00010217784543314989,0.12588327859497073,-0.18071565335155199,,,
Drosophila,2017-10-26_1,ICL_R,66,2000,4290,0.0018665180377095243,7.170080384843602e-06,0.7909307948021297,-0.35961565887659813,,,
Drosophila,2017-10-26_1,IPS_R,66,2000,4290,0.00011400389108155824,0.00030877723259710557,0.04830876871370734,0.2083118275739319,,,
Drosophila,2017-10-26_1,IVLP_R,66,2000,4290,-3.912419759522287e-05,0.00019518923316012187,-0.016578748276099398,-0.005574834390206052,,,
Drosophila,2017-10-26_1,LAL_R,66,2000,4290,-0.0030230376896285683,3.197527910707011e-05,-1.281002141028769,-0.31290736944152003,,,
Drosophila,2017-10-26_1,LB_R,66,2000,4290,-0.0014486532235454255,0.003286342774121347,-0.6138619731194704,5.815079775004669,,,
Drosophila,2017-10-26_1,LH_R,66,2000,4290,-0.004462678128284545,4.712456785861315e-05,-1.8910449766033701,-0.2843811975020625,,,
Drosophila,2017-10-26_1,LO_R,66,2000,4290,0.0005564299915921248,0.0007344789340162066,0.2357853535890616,1.0099098516636105,,,
Drosophila,2017-10-26_1,MB_R,66,2000,4290,0.008428184846927709,-0.00036267651608829,3.5714152261287753,-1.0560382946350706,,,
Drosophila,2017-10-26_1,ME_R,66,2000,4290,-3.5504051915167766e-05,0.0007707608155315462,-0.015044723615111324,1.0782287811769304,,,
Drosophila,2017-10-26_1,OTU_R,66,2000,4290,-0.0033577367130003715,0.0001747724462726545,-1.4228297361694031,-0.044019726606273575,,,
Drosophila,2017-10-26_1,PLP_R,66,2000,4290,0.0032452750944402605,-3.161081953291232e-05,1.375174500294139,-0.4326402501405359,,,
Drosophila,2017-10-26_1,PVLP_R,66,2000,4290,0.0006801386559105209,8.566852372875083e-05,0.2882064876024935,-0.21180277283731247,,,
Drosophila,2017-10-26_1,SCL_R,66,2000,4290,-0.003033622000551658,0.0001595859283875606,-1.2854872074903314,-0.07261600115465529,,,
Drosophila,2017-10-26_1,SIP_R,66,2000,4290,-0.005273663789567078,7.481572455236385e-05,-2.234697446438836,-0.23223863754406215,,,
Drosophila,2017-10-26_1,SLP_R,66,2000,4290,-0.004195135575063661,0.00016268941794823102,-1.7776747117641098,-0.0667721177702965,,,
Drosophila,2017-10-26_1,SMP_R,66,2000,4290,0.00035278869186732627,-2.635461181965209e-05,0.14949303184781335,-0.42274278977542856,,,
Drosophila,2017-10-26_1,SPS_R,66,2000,4290,-0.001086261133178256,8.285548449154415e-05,-0.46029953317871225,-0.21709973708884042,,,
Drosophila,2017-10-26_1,VES_R,66,2000,4290,-0.0013429120091548686,0.00011607994805397731,-0.5690544861026848,-0.1545379379362779,,,
Drosophila,2017-10-26_1,WED_R,66,2000,4290,-0.00037088903461551716,0.0020105905047648133,-0.15716299173396878,3.412833096320769,,,
Drosophila,2017-10-26_1,AL_L,66,2000,4290,0.0014101028545881287,0.00011384064533404871,0.5975263828153304,-0.15875455400722524,,,
Drosophila,2017-10-26_1,AME_L,66,2000,4290,0.0009651079307164245,-0.0010811246400501684,0.408961267606123,-2.4088790154002457,,,
Drosophila,2017-10-26_1,AMMC_L,66,2000,4290,0.00039951278424380594,0.00024425545815832397,0.16929221019654592,0.08681706556458611,,,
Drosophila,2017-10-26_1,ATL_L,66,2000,4290,-0.0017689380433136392,0.0001170844623454741,-0.7495815975454913,-0.15264643346601287,,,
Drosophila,2017-10-26_1,AVLP_L,66,2000,4290,0.001432129944712024,0.00026802969188960716,0.6068602888086793,0.13158404375545057,,,
Drosophila,2017-10-26_1,CRE_L,66,2000,4290,-0.0013315670898760069,0.00013090027257156415,-0.5642471143865201,-0.12663120697874836,,,
Drosophila,2017-10-26_1,EPA_L,66,2000,4290,0.00048625355513453634,0.00024259974718744955,0.20604832263494688,0.08369935511548011,,,
Drosophila,2017-10-26_1,GA_L,66,2000,4290,-5.665689307418321e-05,0.0004211813734221178,-0.024008169524669123,0.41996927898759656,,,
Drosophila,2017-10-26_1,GOR_L,66,2000,4290,-0.0012091016787773076,-8.132754295592833e-05,-0.5123528047794581,-0.5262570412580039,,,
Drosophila,2017-10-26_1,IB_L,66,2000,4290,0.00010537045731992588,0.00015628742556300594,0.04465037994435,-0.0788270953029828,,,
Drosophila,2017-10-26_1,ICL_L,66,2000,4290,0.000871372720451321,-0.00016236216321924735,0.36924128480493845,-0.6788455586855721,,,
Drosophila,2017-10-26_1,IPS_L,66,2000,4290,-0.00036157029244753366,0.00016221089783846046,-0.15321420581249764,-0.06767317307075824,,,
Drosophila,2017-10-26_1,IVLP_L,66,2000,4290,2.4004098561483454e-05,0.00014715504519003254,0.010171656726682743,-0.09602340445046222,,,
Drosophila,2017-10-26_1,LAL_L,66,2000,4290,8.16521350845807e-06,0.00018638001332085938,0.0034599819982981906,-0.022162630946772892,,,
Drosophila,2017-10-26_1,LB_L,66,2000,4290,-0.00015117588749916558,-9.239004170722673e-05,-0.06406027825016944,-0.5470877711117358,,,
Drosophila,2017-10-26_1,LH_L,66,2000,4290,-9.201543351115432e-05,-1.8292300448951102e-05,-0.03899123313608493,-0.40756142488352004,,,
Drosophila,2017-10-26_1,LO_L,66,2000,4290,-0.00045823798458386296,0.0005067039351675069,-0.19417681802861014,0.5810086083622745,,,
Drosophila,2017-10-26_1,MB_L,66,2000,4290,0.0029351369314578294,-4.524971633052613e-05,1.243754487848301,-0.4583223479270488,,,
Drosophila,2017-10-26_1,ME_L,66,2000,4290,-0.00034145946802072765,,-0.1446923110187356,,,,
Drosophila,2017-10-26_1,OTU_L,66,2000,4290,-0.0031633543312520893,0.00017937711756502023,-1.3404608500479682,-0.035349111954656356,,,
Drosophila,2017-10-26_1,PLP_L,66,2000,4290,-6.897862371550819e-05,0.00011669152493468459,-0.02922946179861905,-0.15338633619844214,,,
Drosophila,2017-10-26_1,PVLP_L,66,2000,4290,-0.001214130499057482,-2.3627858563449592e-05,-0.5144837506051928,-0.4176083023748246,,,
Drosophila,2017-10-26_1,SCL_L,66,2000,4290,-0.0031587673895238175,0.00010438813070410695,-1.338517148785212,-0.17655367725428145,,,
Drosophila,2017-10-26_1,SIP_L,66,2000,4290,-0.0027620518863736756,0.0005248517186218535,-1.170410277124913,0.6151809579444294,,,
Drosophila,2017-10-26_1,SLP_L,66,2000,4290,-0.0012608903404373979,0.00010443697664661775,-0.5342980774749306,-0.17646170014714063,,,
Drosophila,2017-10-26_1,SMP_L,66,2000,4290,0.00039461846592685993,0.00012155466052817292,0.16721825912924893,-0.14422903222332223,,,
Drosophila,2017-10-26_1,SPS_L,66,2000,4290,0.002542375302722414,8.357724743975247e-05,1.077323057287529,-0.21574065454062355,,,
Drosophila,2017-10-26_1,VES_L,66,2000,4290,0.0029607137956215654,-0.00020016200406345217,1.2545925987547426,-0.7500228117494221,,,
Drosophila,2017-10-26_1,WED_L,66,2000,4290,-4.3171187636194584e-05,0.0005959041302825438,-0.0182936468117653,0.7489729362338077,,,
Drosophila,2017-10-26_1,EB,66,2000,4290,0.001616751948509377,4.00735409448267e-06,0.6850932473182005,-0.3655710852623477,,,
Drosophila,2017-10-26_1,FB,66,2000,4290,0.0009518637202984925,5.378013484157585e-05,0.4033490776027324,-0.2718487379771074,,,
Drosophila,2017-10-26_1,FLA,66,2000,4290,0.004879065801673224,-4.008541450507864e-05,2.0674878648077915,-0.4485979467200968,,,
Drosophila,2017-10-26_1,NO,66,2000,4290,0.0012789507689838263,6.015292523462736e-05,0.5419511238511783,-0.25984874791369306,,,
Drosophila,2017-10-26_1,PB,66,2000,4290,-0.0012576958051961052,0.0002627854209135238,-0.532944403818222,0.12170906031468517,,,
Drosophila,2017-10-26_1,PRW,66,2000,4290,0.0007782192564065692,0.00019858729119818388,0.3297678150248659,0.0008237226274717218,,,
Drosophila,2017-10-26_1,SAD,66,2000,4290,0.0022411984491854495,-0.00014386066553095255,0.9497003698388116,-0.6440071637714863,,,
Drosophila,2017-10-26_1,SOG,66,2000,4290,0.0023856739699234767,-0.0001388349735102082,1.0109213900155063,-0.634543765386931,,,
Drosophila,2017-10-30_1,AL_R,64,2000,4032,0.0024888281601744867,4.668696758213613e-05,2.0266664348667582,0.27813101520308203,,,
Drosophila,2017-10-30_1,AME_R,64,2000,4032,0.0005492880325406638,8.821821168410587e-05,0.44728826057083715,0.4505481908867952,,,
Drosophila,2017-10-30_1,AMMC_R,64,2000,4032,-0.0006549829548314023,-0.00011606556721057025,-0.5333562160730251,-0.39753697864333415,,,
Drosophila,2017-10-30_1,ATL_R,64,2000,4032,0.00023073190820637154,-0.00015764088386366475,0.18788625960493288,-0.5701371217520407,,,
Drosophila,2017-10-30_1,AVLP_R,64,2000,4032,0.00021447351450643026,-0.00011335787358987963,0.17464696035407173,-0.38629597450798864,,,
Drosophila,2017-10-30_1,CRE_R,64,2000,4032,-0.0010546377646241324,1.7413592607269285e-06,-0.8587973218515773,0.09153908872149044,,,
Drosophila,2017-10-30_1,EPA_R,64,2000,4032,-2.1176023523985404e-05,-0.00021351886582721892,-0.017243752215099245,-0.8021148542130949,,,
Drosophila,2017-10-30_1,GA_R,64,2000,4032,-0.0008025140672533944,-0.00014520024457287856,-0.6534916108859975,-0.5184897430953667,,,
Drosophila,2017-10-30_1,GOR_R,64,2000,4032,-0.0011858263458526534,0.00013642507445655512,-0.9656249037907799,0.6506792321672038,,,
Drosophila,2017-10-30_1,IB_R,64,2000,4032,-0.0008896106554009778,0.00011131126353808135,-0.7244148407877943,0.5464191156489828,,,
Drosophila,2017-10-30_1,ICL_R,64,2000,4032,-0.0004510884469958582,7.257504770991279e-05,-0.36732379893137557,0.38560551436679036,,,
Drosophila,2017-10-30_1,IPS_R,64,2000,4032,0.0022025085035490763,5.6024442501927384e-05,1.7935147665391975,0.3168955908496747,,,
Drosophila,2017-10-30_1,IVLP_R,64,2000,4032,0.002207776638826621,-4.8473628908820294e-05,1.7978046380185484,-0.1169286955790953,,,
Drosophila,2017-10-30_1,LAL_R,64,2000,4032,0.0006564741715561365,-0.00015513457141444248,0.5345705220389777,-0.5597321525964131,,,
Drosophila,2017-10-30_1,LB_R,64,2000,4032,0.0008129864468397289,-0.0001632953770910522,0.6620193270780708,-0.5936117797660198,,,
Drosophila,2017-10-30_1,LH_R,64,2000,4032,-2.2355525974954424e-06,-0.0003213751744010856,-0.0018204227536567459,-1.2498808796737952,,,
Drosophila,2017-10-30_1,LO_R,64,2000,4032,2.0836960880852226e-05,,0.016967651643291507,,,,
Drosophila,2017-10-30_1,MB_R,64,2000,4032,0.0027130907946046607,-2.3756685477868906e-06,2.2092847293184583,0.07444722638256299,,,
Drosophila,2017-10-30_1,ME_R,64,2000,4032,-0.0006726060004064507,0.0006203700819111495,-0.5477067588379276,2.659779445170389,,,
Drosophila,2017-10-30_1,OTU_R,64,2000,4032,-0.0006287820320322875,-0.00040405157963995333,-0.5120206607907437,-1.5931124056056574,,,
Drosophila,2017-10-30_1,PLP_R,64,2000,4032,-0.0002880243559561927,-7.289874578805168e-05,-0.2345398143516695,-0.21832969521497986,,,
Drosophila,2017-10-30_1,PVLP_R,64,2000,4032,0.0002679628222871289,-9.310500311135862e-05,0.2182035973441479,-0.3022160774834488,,,
Drosophila,2017-10-30_1,SCL_R,64,2000,4032,-0.0009921686150509922,-5.908248234359398e-05,-0.8079283503892493,-0.1609714057366604,,,
Drosophila,2017-10-30_1,SIP_R,64,2000,4032,-0.001724634591400901,-9.46882412076565e-05,-1.4043794162781036,-0.30878889866665993,,,
Drosophila,2017-10-30_1,SLP_R,64,2000,4032,-0.0008174962541890899,-7.568698451765182e-05,-0.6656916879621684,-0.22990508278847177,,,
Drosophila,2017-10-30_1,SMP_R,64,2000,4032,-0.0011538323383317693,-1.8710038654890533e-05,-0.9395720078146653,0.006635004010305449,,,
Drosophila,2017-10-30_1,SPS_R,64,2000,4032,0.00018616174948558157,2.8421530427126963e-05,0.15159253466179487,0.20230195794771136,,,
Drosophila,2017-10-30_1,VES_R,64,2000,4032,0.001766670044511971,-3.4033028548651735e-05,1.438609116527336,-0.05697846815117706,,,
Drosophila,2017-10-30_1,WED_R,64,2000,4032,-2.3132277405283713e-05,0.00144304637877362,-0.018836740490765152,6.075124366182178,,,
Drosophila,2017-10-30_1,AL_L,64,2000,4032,0.0004929780829961331,-0.00019915457324582797,0.4014347595067298,-0.7424814189252635,,,
Drosophila,2017-10-30_1,AMMC_L,64,2000,4032,-0.00017641588330477443,0.00011919160276670568,-0.1436564223245092,0.5791343849024877,,,
Drosophila,2017-10-30_1,ATL_L,64,2000,4032,0.00014020253805363802,-8.920583408274051e-05,0.11416769646985861,-0.2860286570012423,,,
Drosophila,2017-10-30_1,AVLP_L,64,2000,4032,-1.4902752132783803e-05,-2.3504416778231583e-05,-0.012135392880051046,-0.013268881680107557,,,
Drosophila,2017-10-30_1,CRE_L,64,2000,4032,-0.0003237480672556105,-6.05283396169261e-05,-0.2636298285912723,-0.16697388971950491,,,
Drosophila,2017-10-30_1,EPA_L,64,2000,4032,7.326404547215747e-05,8.014529358558501e-05,0.059659314458481376,0.41703342945428407,,,
Drosophila,2017-10-30_1,GA_L,64,2000,4032,0.0001828190488816834,-0.0003237480672556105,0.14887055520811723,-1.2597319566887948,,,
Drosophila,2017-10-30_1,GOR_L,64,2000,4032,-0.00038534456745806727,0.00010068237468473254,-0.3137881968800781,0.5022932283470999,,,
Drosophila,2017-10-30_1,IB_L,64,2000,4032,0.0002237794908965419,-3.988449700919361e-05,0.18222486801973375,-0.08127086986907081,,,
Drosophila,2017-10-30_1,ICL_L,64,2000,4032,-0.0007105770672669087,4.145309920346491e-05,-0.5786268070492018,0.25640258343409517,,,
Drosophila,2017-10-30_1,IPS_L,64,2000,4032,-0.00012683184015917071,9.513493291777443e-06,-0.10327986376727437,0.12380514353503856,,,
Drosophila,2017-10-30_1,IVLP_L,64,2000,4032,0.00024744038475031627,4.5858755593508755e-05,0.20149206378668771,0.27469268882894504,,,
Drosophila,2017-10-30_1,LAL_L,64,2000,4032,-0.002471230800966264,-8.721190842993974e-05,-2.0123368086513835,-0.27775086429329626,,,
Drosophila,2017-10-30_1,LB_L,64,2000,4032,-0.00023514336786153956,-4.433834754941614e-05,-0.19147853542170573,-0.09976105352880203,,,
Drosophila,2017-10-30_1,LH_L,64,2000,4032,-0.0008463020834414335,-0.00023597073660165948,-0.6891484328706375,-0.8953239123920467,,,
Drosophila,2017-10-30_1,LO_L,64,2000,4032,-0.0005253308620293326,0.00016817572544714296,-0.4277798050950318,0.7824922247295144,,,
Drosophila,2017-10-30_1,MB_L,64,2000,4032,0.004587029138492172,-0.00035986631351719097,3.7352430109462107,-1.4096770437124504,,,
Drosophila,2017-10-30_1,OTU_L,64,2000,4032,-0.0012878106932398363,-4.331729204392823e-05,-1.0486713177773945,-0.09552213629241273,,,
Drosophila,2017-10-30_1,PLP_L,64,2000,4032,-0.001337330933130591,-0.00010678785375106899,-1.0889959209939166,-0.359020503009653,,,
Drosophila,2017-10-30_1,PVLP_L,64,2000,4032,-0.001055820329541537,-4.188612539939388e-05,-0.859760290956277,-0.08958064053135396,,,
Drosophila,2017-10-30_1,SCL_L,64,2000,4032,-0.0011575617406884666,-4.175052986642617e-05,-0.9426088806286974,-0.08901771497169053,,,
Drosophila,2017-10-30_1,SIP_L,64,2000,4032,-0.0019526975326760634,-0.00018314942994629324,-1.5900923214579277,-0.6760359833552754,,,
Drosophila,2017-10-30_1,SLP_L,64,2000,4032,-0.001476365659555842,-0.0001820381862232221,-1.20221266204332,-0.6714226492649755,,,
Drosophila,2017-10-30_1,SMP_L,64,2000,4032,-0.0001400899128793931,-0.000143847870453328,-0.11407598517214211,-0.5128753549111804,,,
Drosophila,2017-10-30_1,SPS_L,64,2000,4032,-9.29211939431814e-05,-5.0038649489238966e-05,-0.07566623837910423,-0.12342588665047655,,,
Drosophila,2017-10-30_1,VES_L,64,2000,4032,0.0021448492579511885,-0.00010883540673022904,1.7465625262910056,-0.36752092984162466,,,
Drosophila,2017-10-30_1,WED_L,64,2000,4032,-0.0005527684683219983,0.0003016126658624582,-0.45012239853568775,1.3364563761957455,,,
Drosophila,2017-10-30_1,EB,64,2000,4032,0.0003630550583686654,-9.331138898834936e-05,0.2956377272558588,-0.30307288952414707,,,
Drosophila,2017-10-30_1,FB,64,2000,4032,0.0007950197888277641,-4.7805392903465656e-05,0.6473889788193038,-0.11415451033074275,,,
Drosophila,2017-10-30_1,FLA,64,2000,4032,-0.0014544540154011823,2.5202579843808067e-05,-1.1843698899099961,0.18893846787554755,,,
Drosophila,2017-10-30_1,NO,64,2000,4032,0.00023618167668496752,2.755629379905322e-05,0.19232403599709286,0.19870992359053452,,,
Drosophila,2017-10-30_1,PB,64,2000,4032,-0.0006872194763156809,-4.045034419321835e-05,-0.5596065925009694,-0.08361998739366482,,,
Drosophila,2017-10-30_1,PRW,64,2000,4032,0.0009958123466000633,0.00019344583199197755,0.8108954609942859,0.8874012033526771,,,
Drosophila,2017-10-30_1,SAD,64,2000,4032,0.0018695221958545864,-4.340370496220407e-05,1.522362188039232,-0.0958808799716323,,,
Drosophila,2017-10-30_1,SOG,64,2000,4032,0.0017038727216229365,-0.00011834897897539909,1.387472911732155,-0.40701657444952094,,,
Drosophila,2017-10-30_2,AL_R,66,2000,4290,0.004090501040251407,-0.00047610709257389194,1.5976711909844705,-0.5632753643761904,,,
Drosophila,2017-10-30_2,AME_R,66,2000,4290,0.000460337124943374,,0.17979884503768384,,,,
Drosophila,2017-10-30_2,AMMC_R,66,2000,4290,0.0001419324133360092,-0.0006524813431885089,0.05543607631985954,-1.0347809057653492,,,
Drosophila,2017-10-30_2,ATL_R,66,2000,4290,-0.0013992399261244036,6.806012133560046e-05,-0.5465162573597098,0.8914599833660136,,,
Drosophila,2017-10-30_2,AVLP_R,66,2000,4290,-0.00011992662537928266,-0.0004083673515203647,-0.046841037935218544,-0.3821850795545476,,,
Drosophila,2017-10-30_2,CRE_R,66,2000,4290,-0.0021099284408538444,-0.0003157648701739802,-0.82409754986489,-0.1346286309853595,,,
Drosophila,2017-10-30_2,EPA_R,66,2000,4290,-0.0008219608516148182,-0.0006610087679346503,-0.3210421314698759,-1.0575774761693257,,,
Drosophila,2017-10-30_2,GA_R,66,2000,4290,-0.0013551575535383988,-0.00010502475492654554,-0.5292985287690394,0.42874800583035805,,,
Drosophila,2017-10-30_2,GOR_R,66,2000,4290,-0.00099156902754847,-0.00031101608248145407,-0.38728782943649137,-0.12193358222339958,,,
Drosophila,2017-10-30_2,IB_R,66,2000,4290,0.0005004707705889626,-0.0002272527820422061,0.1954742766794749,0.10199287067163121,,,
Drosophila,2017-10-30_2,ICL_R,66,2000,4290,-0.0014846286643475468,-9.359398299858692e-05,-0.5798674595110349,0.45930616433482546,,,
Drosophila,2017-10-30_2,IPS_R,66,2000,4290,0.0012041503666100112,-0.0003893485738474234,0.47031802007021667,-0.3313417221370614,,,
Drosophila,2017-10-30_2,IVLP_R,66,2000,4290,-0.00014595549060265612,-0.0001672456668442837,-0.05700741307904333,0.2624113401477714,,,
Drosophila,2017-10-30_2,LAL_R,66,2000,4290,-0.0005422548027174328,-0.0005533881771379294,-0.21179431760304931,-0.7698727531079897,,,
Drosophila,2017-10-30_2,LB_R,66,2000,4290,0.00045797785754662603,-0.0008367685413935245,0.17887736047759642,-1.527440320946138,,,
Drosophila,2017-10-30_2,LH_R,66,2000,4290,-0.0014747080443371398,-0.00028829726740742706,-0.5759926557568333,-0.06119882551219781,,,
Drosophila,2017-10-30_2,LO_R,66,2000,4290,-0.0007039748386845623,,-0.2749590595080594,,,,
Drosophila,2017-10-30_2,MB_R,66,2000,4290,0.007890597376510997,0.00020667885434437656,3.0819158787781284,1.26203278821832,,,
Drosophila,2017-10-30_2,ME_R,66,2000,4290,-0.000609612033987029,,-0.2381027592450292,,,,
Drosophila,2017-10-30_2,OTU_R,66,2000,4290,-0.0023015608243907625,-9.683805841340824e-05,-0.8989454805765281,0.45063369922474084,,,
Drosophila,2017-10-30_2,PLP_R,66,2000,4290,-0.0018262121242524534,-8.897594313316143e-05,-0.7132834024081736,0.47165168177468075,,,
Drosophila,2017-10-30_2,PVLP_R,66,2000,4290,-0.0009430052528077527,-0.00035215311795982004,-0.3683197511827001,-0.23190621211002382,,,
Drosophila,2017-10-30_2,SCL_R,66,2000,4290,0.0013415544220069802,-0.0003968889302090598,0.5239854066988922,-0.3514995388034469,,,
Drosophila,2017-10-30_2,SIP_R,66,2000,4290,-0.002131570600617517,-0.0001492945542875926,-0.8325505620570047,0.310400482639294,,,
Drosophila,2017-10-30_2,SLP_R,66,2000,4290,0.0012253673511864007,-0.0001854232966904521,0.4786049669952261,0.213816643518744,,,
Drosophila,2017-10-30_2,SMP_R,66,2000,4290,-0.0010933284379801055,-4.830131750122416e-05,-0.4270331019247233,0.580388140257462,,,
Drosophila,2017-10-30_2,SPS_R,66,2000,4290,0.0014217941977324134,-3.183127195890835e-05,0.5553255229306437,0.6244179105503039,,,
Drosophila,2017-10-30_2,VES_R,66,2000,4290,-0.00016250090120623149,-0.00033310538988970623,-0.06346973287904432,-0.1809854608969883,,,
Drosophila,2017-10-30_2,WED_R,66,2000,4290,-0.0001888639765961892,,-0.07376664409892227,,,,
Drosophila,2017-10-30_2,AL_L,66,2000,4290,0.002679365862073979,-6.105393270232744e-05,1.0465088764968917,0.5462962662249976,,,
Drosophila,2017-10-30_2,AME_L,66,2000,4290,-0.0001118800464836179,,-0.043698198669054444,,,,
Drosophila,2017-10-30_2,AMMC_L,66,2000,4290,-0.0002931495801409398,-0.0005887490976887259,-0.11449859912799024,-0.8644039555381737,,,
Drosophila,2017-10-30_2,ATL_L,66,2000,4290,0.0017353630526921703,-0.00019421209945216068,0.6777994988640176,0.19032132495675821,,,
Drosophila,2017-10-30_2,AVLP_L,66,2000,4290,-0.0013106963308955025,-0.0001640206221029583,-0.5119328286180046,0.27103293009904783,,,
Drosophila,2017-10-30_2,CRE_L,66,2000,4290,-0.0061580617556232595,-7.816230093908268e-05,-2.4052207205056333,0.5005600524656415,,,
Drosophila,2017-10-30_2,EPA_L,66,2000,4290,-0.0005694286057333259,-6.246894131326574e-05,-0.2224078834720635,0.5425134895507052,,,
Drosophila,2017-10-30_2,GA_L,66,2000,4290,-0.000649097527037747,0.0009047218894077056,-0.2535250349242629,3.128128082817916,,,
Drosophila,2017-10-30_2,GOR_L,66,2000,4290,0.00036928116252786715,-7.229551977695646e-05,0.14423413389665482,0.5162438601553724,,,
Drosophila,2017-10-30_2,IB_L,66,2000,4290,-0.0005584206139151303,-0.00029018754025469733,-0.21810837316135523,-0.0662521375411337,,,
Drosophila,2017-10-30_2,ICL_L,66,2000,4290,-0.000633901321805823,-0.00015862897897631564,-0.24758968884503538,0.28544653980990947,,,
Drosophila,2017-10-30_2,IPS_L,66,2000,4290,0.0007549340737770335,-0.0006328297944289689,0.2948627585954557,-0.9822459461285912,,,
Drosophila,2017-10-30_2,IVLP_L,66,2000,4290,0.000661435047961685,-0.0003238449315813528,0.2583438337839577,-0.1562292541776042,,,
Drosophila,2017-10-30_2,LAL_L,66,2000,4290,-0.00046984439914292343,-0.0002564988640380178,-0.18351220385215236,0.023808613746974946,,,
Drosophila,2017-10-30_2,LB_L,66,2000,4290,-0.0002554588984041586,-0.0010291148884158077,-0.09977734229737985,-2.041644453187268,,,
Drosophila,2017-10-30_2,LH_L,66,2000,4290,-0.001754697059368475,-8.212273493656696e-05,-0.6853509907641724,0.489972528665469,,,
Drosophila,2017-10-30_2,LO_L,66,2000,4290,0.0009927956214346577,,0.3877669134645153,,,,
Drosophila,2017-10-30_2,MB_L,66,2000,4290,0.012022611460216673,-0.0003848240403837,4.695801267711537,-0.3192461776178806,,,
Drosophila,2017-10-30_2,ME_L,66,2000,4290,-9.119063551737374e-05,,-0.035617311869628306,,,,
Drosophila,2017-10-30_2,OTU_L,66,2000,4290,-0.0012660761736541463,-0.00016782151266494697,-0.4945050516634899,0.2608719176159542,,,
Drosophila,2017-10-30_2,PLP_L,66,2000,4290,5.8572624446749335e-05,7.900398213861378e-05,0.022877342833574368,0.9207164706073816,,,
Drosophila,2017-10-30_2,PVLP_L,66,2000,4290,-0.0005673511295607994,-0.00010896800298507928,-0.2215964611553005,0.4182064256156064,,,
Drosophila,2017-10-30_2,SCL_L,66,2000,4290,0.005324518644985878,-0.0003386177588973941,2.0796547809778256,-0.1957218100196605,,,
Drosophila,2017-10-30_2,SIP_L,66,2000,4290,-0.004378565198559052,-0.00013243149133600866,-1.7101835219567731,0.3554809158587625,,,
Drosophila,2017-10-30_2,SLP_L,66,2000,4290,0.0014830754947273484,-0.00012031126052320471,0.5792608212697815,0.3878822214418524,,,
Drosophila,2017-10-30_2,SMP_L,66,2000,4290,-0.006015335984758471,-1.1377679717759232e-05,-2.3494747739631756,0.6790969923857161,,,
Drosophila,2017-10-30_2,SPS_L,66,2000,4290,-0.00016751579361378677,-4.0798913919026095e-05,-0.06542845359481889,0.6004444968424922,,,
Drosophila,2017-10-30_2,VES_L,66,2000,4290,-0.0013487220695138124,-0.00012897286428163173,-0.5267849522352731,0.3647269470455963,,,
Drosophila,2017-10-30_2,WED_L,66,2000,4290,0.00066532926736905,,0.25986484113667485,,,,
Drosophila,2017-10-30_2,EB,66,2000,4290,-0.0006444221943712414,2.2002110739057207e-05,-0.25169893972564505,0.7683319919162742,,,
Drosophila,2017-10-30_2,FB,66,2000,4290,-0.0010291148884158077,-7.930469405695236e-05,-0.4019525220152689,0.4975060653692068,,,
Drosophila,2017-10-30_2,FLA,66,2000,4290,1.135906871364129e-05,-7.535945797533338e-05,0.004436634207305375,0.508052960214058,,,
Drosophila,2017-10-30_2,NO,66,2000,4290,-0.0012623212399157356,-0.0011422005542799766,-0.49303844661954016,-2.343959093339279,,,
Drosophila,2017-10-30_2,PB,66,2000,4290,0.004536414309666345,-0.0005375662011531898,1.7718363549122023,-0.7275754828061498,,,
Drosophila,2017-10-30_2,PRW,66,2000,4290,0.00012839105424505923,-0.001910541308348549,0.050147081379265004,-4.397982976961853,,,
Drosophila,2017-10-30_2,SAD,66,2000,4290,-0.00036195743356926506,-0.0005015169572093463,-0.14137362594112624,-0.631204168834976,,,
Drosophila,2017-10-30_2,SOG,66,2000,4290,0.0001450376320356725,0.00016933124579229211,0.056648915140664106,1.162190524800751,,,
Drosophila,2017-11-08_1,AL_R,66,4000,4290,0.007243876468759379,1.7726524924063688e-05,2.1488195238605075,-0.053416068939471664,,,
Drosophila,2017-11-08_1,AME_R,66,4000,4290,-0.00023607322955738753,0.0009169359063661276,-0.07002863272468211,1.7916337317472595,,,
Drosophila,2017-11-08_1,AMMC_R,66,4000,4290,0.0008072191679451621,0.0002863846274258397,0.23945304915063917,0.49783215945294346,,,
Drosophila,2017-11-08_1,ATL_R,66,4000,4290,-0.004405756671340986,0.0002456881944483248,-1.306921231137116,0.41432886522195167,,,
Drosophila,2017-11-08_1,AVLP_R,66,4000,4290,-0.0036246074590173647,-0.00019932240293684376,-1.0752015592558628,-0.4987696087866736,,,
Drosophila,2017-11-08_1,CRE_R,66,4000,4290,-0.007627792864866294,0.0002369359279464871,-2.2627042720395427,0.39637045876173926,,,
Drosophila,2017-11-08_1,EPA_R,66,4000,4290,-0.0002790177411733716,0.00031810260715378733,-0.08276766898531637,0.5629129441767249,,,
Drosophila,2017-11-08_1,GA_R,66,4000,4290,-0.0020658875802252734,-0.0006094665047886662,-0.6128237533638242,-1.3403269912963665,,,
Drosophila,2017-11-08_1,GOR_R,66,4000,4290,0.00109396310567156,0.00023052884369797517,0.3245126128238242,0.3832240328461844,,,
Drosophila,2017-11-08_1,IB_R,66,4000,4290,0.0022028628322773216,6.204439499880381e-05,0.653456016650551,0.03751789931731756,,,
Drosophila,2017-11-08_1,ICL_R,66,4000,4290,-0.0030593085084843707,0.00019166414677344794,-0.9075115900850891,0.30347920055878985,,,
Drosophila,2017-11-08_1,IPS_R,66,4000,4290,-0.003590921016245358,3.491638929222818e-05,-1.0652088314353267,-0.018144911319373683,,,
Drosophila,2017-11-08_1,IVLP_R,66,4000,4290,0.0025783103977355896,0.00015153258706304226,0.764828575572831,0.22113494595794705,,,
Drosophila,2017-11-08_1,LAL_R,66,4000,4290,-0.000690066746127385,-6.759815647987426e-05,-0.2047010193009784,-0.22849018367515925,,,
Drosophila,2017-11-08_1,LB_R,66,4000,4290,-0.0022632715206616087,-0.001067567446877016,-0.671375616683873,-2.280284991444268,,,
Drosophila,2017-11-08_1,LH_R,66,4000,4290,-0.005109736245116575,0.00029964552983449065,-1.5157493439648129,0.5250416457538647,,,
Drosophila,2017-11-08_1,LO_R,66,4000,4290,-0.0003130386446847079,-0.0025318345730647174,-0.09285961105525813,-5.284752944160815,,,
Drosophila,2017-11-08_1,MB_R,66,4000,4290,0.004259034636686486,2.4105687381211782e-05,1.263397687630289,-0.04032693456986133,,,
Drosophila,2017-11-08_1,ME_R,66,4000,4290,-0.0003978320906033134,-0.00020660455714228745,-0.11801269212602286,-0.5137115538359753,,,
Drosophila,2017-11-08_1,OTU_R,66,4000,4290,-0.0005074833952807723,-0.0010737969869816077,-0.1505395947207677,-2.293067122019812,,,
Drosophila,2017-11-08_1,PLP_R,66,4000,4290,-0.002677933347272245,0.0001329782175509583,-0.7943806724248634,0.18306401778853923,,,
Drosophila,2017-11-08_1,PVLP_R,66,4000,4290,-0.0010659148921334759,0.00019084553094532726,-0.3161924062162196,0.3017995172706875,,,
Drosophila,2017-11-08_1,SCL_R,66,4000,4290,-0.0021946351127839696,-0.0007953963147480118,-0.6510153504740347,-1.7218285257410615,,,
Drosophila,2017-11-08_1,SIP_R,66,4000,4290,-0.004294740797083419,0.00012937396565578443,-1.2739895433740915,0.17566860535395065,,,
Drosophila,2017-11-08_1,SLP_R,66,4000,4290,0.000628149602627477,-0.00020084319156200782,0.18633395197341238,-0.501890050819035,,,
Drosophila,2017-11-08_1,SMP_R,66,4000,4290,8.847800460472126e-05,3.9678106836845816e-07,0.026246066528990142,-0.08897423937984833,,,
Drosophila,2017-11-08_1,SPS_R,66,4000,4290,0.0002989296547399639,0.00019629873391073296,0.08867432805299151,0.3129887144166187,,,
Drosophila,2017-11-08_1,VES_R,66,4000,4290,0.0018650290725512164,0.000409265624374413,0.5532411963330831,0.749966493910796,,,
Drosophila,2017-11-08_1,WED_R,66,4000,4290,-0.0010374374441260974,0.001164680892745008,-0.3077448717321787,2.2999712192926354,,,
Drosophila,2017-11-08_1,AL_L,66,4000,4290,0.002990468055810288,-8.817846364286226e-06,0.8870907961392753,-0.10788134473139255,,,
Drosophila,2017-11-08_1,AME_L,66,4000,4290,0.0002535556157524022,0.0011197241128884424,0.07521459813167512,2.2077262990040474,,,
Drosophila,2017-11-08_1,AMMC_L,66,4000,4290,0.0003516011864117848,0.00023524708116840848,0.10429878218278839,0.392905185294188,,,
Drosophila,2017-11-08_1,ATL_L,66,4000,4290,0.00032420018211799773,0.0002681182561156956,0.09617056336875893,0.4603521626461902,,,
Drosophila,2017-11-08_1,AVLP_L,66,4000,4290,0.0016623663627886374,1.189488563196587e-05,0.49312344178903184,-0.06538176362151189,,,
Drosophila,2017-11-08_1,CRE_L,66,4000,4290,-0.009480062590005816,0.00015605846966172364,-2.812160542587625,0.23042141355822604,,,
Drosophila,2017-11-08_1,EPA_L,66,4000,4290,-0.0010335468867318594,0.0003210568018871983,-0.3065907789306941,0.5689745317408231,,,
Drosophila,2017-11-08_1,GA_L,66,4000,4290,-0.004291753404766342,0.00021680157557316178,-1.2731033649633952,0.35505763040380495,,,
Drosophila,2017-11-08_1,GOR_L,66,4000,4290,0.0013737057784529937,0.00024865626493252897,0.40749532512187314,0.4204189238538166,,,
Drosophila,2017-11-08_1,IB_L,66,4000,4290,0.0038155151778809615,0.0001487359712036269,1.1318323197773803,0.21539668783864593,,,
Drosophila,2017-11-08_1,ICL_L,66,4000,4290,0.00034842803498499246,5.1143511048517884e-05,0.10335750029215104,0.015150835344375571,,,
Drosophila,2017-11-08_1,IPS_L,66,4000,4290,0.007236272404091164,8.989439814383403e-05,2.1465638583076467,0.09466214604376649,,,
Drosophila,2017-11-08_1,IVLP_L,66,4000,4290,0.002147452881581414,0.00011542802975052686,0.6370192394104903,0.14705352771639243,,,
Drosophila,2017-11-08_1,LAL_L,66,4000,4290,-0.001883782027675629,0.00015194438556626877,-0.5588040626071292,0.221979897936854,,,
Drosophila,2017-11-08_1,LB_L,66,4000,4290,-0.0006328315142613979,0.00017488921860297005,-0.1877227916604704,0.26905943302051194,,,
Drosophila,2017-11-08_1,LH_L,66,4000,4290,0.003520795028715499,0.00012569443270498678,1.0444066971383061,0.16811872689671967,,,
Drosophila,2017-11-08_1,LO_L,66,4000,4290,-0.00024296666082698802,-0.0007441239114887967,-0.07207349637778152,-1.6166248441886804,,,
Drosophila,2017-11-08_1,MB_L,66,4000,4290,0.002573539365468751,0.00013564497736201912,0.7634132991903353,0.1885358297596137,,,
Drosophila,2017-11-08_1,ME_L,66,4000,4290,-0.00015019790043905727,,-0.04455462241773684,,,,
Drosophila,2017-11-08_1,OTU_L,66,4000,4290,-0.007552875975663892,0.0002420360675057474,-2.240480967310468,0.40683521999698896,,,
Drosophila,2017-11-08_1,PLP_L,66,4000,4290,0.006628482495784198,4.560672914054386e-05,1.9662693948379966,0.0037901460915893788,,,
Drosophila,2017-11-08_1,PVLP_L,66,4000,4290,0.00752435751558812,-3.006713582296196e-05,2.232021267029059,-0.15148186546616244,,,
Drosophila,2017-11-08_1,SCL_L,66,4000,4290,-0.0011978365051753316,0.0001440435205422312,-0.3553255608118362,0.2057684462564063,,,
Drosophila,2017-11-08_1,SIP_L,66,4000,4290,-0.00239451638233164,0.00013807345583561703,-0.7103080201254843,0.1935187223051721,,,
Drosophila,2017-11-08_1,SLP_L,66,4000,4290,0.00013000320970508057,8.428480979350684e-05,0.03856408048695677,0.08315206832292742,,,
Drosophila,2017-11-08_1,SMP_L,66,4000,4290,-0.004933412215443548,6.517831148924675e-05,-1.4634446809682546,0.043948250373917565,,,
Drosophila,2017-11-08_1,SPS_L,66,4000,4290,0.002640855305636555,0.00017009342342625246,0.783381862586389,0.2592191431864059,,,
Drosophila,2017-11-08_1,VES_L,66,4000,4290,0.0015763313974683404,9.524296358105442e-05,0.4676020770871048,0.10563664185927667,,,
Drosophila,2017-11-08_1,WED_L,66,4000,4290,-0.0009555848908111496,0.00016259820067351949,-0.2834641754227458,0.24384001177225745,,,
Drosophila,2017-11-08_1,EB,66,4000,4290,0.0013832383396048086,2.0404512112177148e-05,0.4103230588089058,-0.04792121998699918,,,
Drosophila,2017-11-08_1,FB,66,4000,4290,0.0007021921670180736,0.0001063129757885792,0.2082978974721215,0.12835073296933394,,,
Drosophila,2017-11-08_1,FLA,66,4000,4290,0.0009498779473239721,0.0001683953209035167,0.2817712708515949,0.25573487824680446,,,
Drosophila,2017-11-08_1,NO,66,4000,4290,-0.0011863172893886856,4.096827914208201e-05,-0.35190850698869913,-0.005727293808150812,,,
Drosophila,2017-11-08_1,PB,66,4000,4290,0.002768899724837875,0.0001592397086410203,0.8213648885377273,0.2369488636336191,,,
Drosophila,2017-11-08_1,PRW,66,4000,4290,0.0019359462933924516,0.0002579601513952109,0.5742780416435709,0.4395091760440838,,,
Drosophila,2017-11-08_1,SAD,66,4000,4290,0.006766223988362625,2.8663609762507986e-05,2.0071289552922216,-0.030974725891088795,,,
Drosophila,2017-11-08_1,SOG,66,4000,4290,0.0007069781479274481,-0.0003602756562941052,0.20971760821170138,-0.8290228002630012,,,
Drosophila,2017-11-08_2,AL_R,66,4000,4290,0.00022529268253921832,5.876917848409156e-06,0.13961003318291368,-0.40284055434500093,,,
Drosophila,2017-11-08_2,AME_R,66,4000,4290,0.00015661359454541323,0.0004211377117094716,0.09705077362010797,1.3314582518636107,,,
Drosophila,2017-11-08_2,AMMC_R,66,4000,4290,-0.0010710939112510728,-3.1992519778327456e-05,-0.6637386301516842,-0.560998804386335,,,
Drosophila,2017-11-08_2,ATL_R,66,4000,4290,-3.610224429675231e-05,5.164567827418683e-05,-0.02237194509577491,-0.2116915035761197,,,
Drosophila,2017-11-08_2,AVLP_R,66,4000,4290,-0.002994840325600495,5.10692552248679e-05,-1.8558514751664408,-0.21409888183355139,,,
Drosophila,2017-11-08_2,CRE_R,66,4000,4290,-0.002957519597560758,4.55921823298662e-05,-1.8327244564754046,-0.2369733769068742,,,
Drosophila,2017-11-08_2,EPA_R,66,4000,4290,-0.00035259595337342977,4.9223732397973404e-05,-0.218497699063335,-0.2218065394858766,,,
Drosophila,2017-11-08_2,GA_R,66,4000,4290,-0.0013670599348294364,-0.00015202806530228375,-0.8471437274992091,-1.0623163050566453,,,
Drosophila,2017-11-08_2,GOR_R,66,4000,4290,-0.0011020863620673893,2.137203306631415e-05,-0.6829441233710769,-0.3381266198205953,,,
Drosophila,2017-11-08_2,IB_R,66,4000,4290,0.0012350466959115732,-1.3398007489371814e-06,0.76533737472209,-0.43298052092298905,,,
Drosophila,2017-11-08_2,ICL_R,66,4000,4290,0.001331522196669043,-1.9895849724221035e-05,0.8251215972289346,-0.5104781659247242,,,
Drosophila,2017-11-08_2,IPS_R,66,4000,4290,0.005382908740849658,-5.498008688943487e-05,3.335696745498142,-0.6570042804336902,,,
Drosophila,2017-11-08_2,IVLP_R,66,4000,4290,-6.8815967283349e-05,1.6301608957729798e-05,-0.04264408132416914,-0.35930278335081134,,,
Drosophila,2017-11-08_2,LAL_R,66,4000,4290,-0.002580595702555181,3.751094503273312e-05,-1.599151146876229,-0.27072392693302383,,,
Drosophila,2017-11-08_2,LB_R,66,4000,4290,0.00010408726788021601,0.0011359143681951022,0.06450110478020589,4.316657722593247,,,
Drosophila,2017-11-08_2,LH_R,66,4000,4290,-0.0026502603337193683,7.269474820514799e-05,-1.6423211307340695,-0.12378198408201244,,,
Drosophila,2017-11-08_2,LO_R,66,4000,4290,-0.00025799532781397314,0.0005740678899371235,-0.15987530474220094,1.9701571838466432,,,
Drosophila,2017-11-08_2,MB_R,66,4000,4290,0.00550194148631033,-7.93617662915703e-05,3.4094593078517814,-0.7588321392289327,,,
Drosophila,2017-11-08_2,ME_R,66,4000,4290,-0.0003286494048418776,,-0.20365843132757852,,,,
Drosophila,2017-11-08_2,OTU_R,66,4000,4290,-0.002744657368088218,8.643739995356174e-05,-1.7008173630664694,-0.0663870532969286,,,
Drosophila,2017-11-08_2,PLP_R,66,4000,4290,0.002347279869943678,-3.3693932269555835e-05,1.4545693044219328,-0.5681045983741803,,,
Drosophila,2017-11-08_2,PVLP_R,66,4000,4290,0.0011689062579733627,-2.2638895839615697e-05,0.7243512733040884,-0.521934247677763,,,
Drosophila,2017-11-08_2,SCL_R,66,4000,4290,0.0007167335672488703,-8.13424026257705e-06,0.4441475683059707,-0.46135687744776316,,,
Drosophila,2017-11-08_2,SIP_R,66,4000,4290,-0.0020495160555129427,6.186933427012293e-05,-1.2700501467430791,-0.16899333738523223,,,
Drosophila,2017-11-08_2,SLP_R,66,4000,4290,-0.0017481299975319194,4.8004358894941486e-05,-1.083286346510581,-0.226899141633476,,,
Drosophila,2017-11-08_2,SMP_R,66,4000,4290,-0.0015361166579881574,5.059175986305223e-05,-0.9519052957133702,-0.21609309763289827,,,
Drosophila,2017-11-08_2,SPS_R,66,4000,4290,0.0016294905869784018,-4.2119678121876964e-05,1.009767527090893,-0.6032939569390219,,,
Drosophila,2017-11-08_2,VES_R,66,4000,4290,0.0022381889278544616,-2.813155372223714e-05,1.386967508068074,-0.5448738320294942,,,
Drosophila,2017-11-08_2,WED_R,66,4000,4290,-0.0001386055249069224,0.00012597082891052625,-0.08589147997837024,0.09872070466862637,,,
Drosophila,2017-11-08_2,AL_L,66,4000,4290,0.0005143705493061031,3.5906804823443103e-06,0.31874665722637424,-0.4123888160477477,,,
Drosophila,2017-11-08_2,AME_L,66,4000,4290,-0.00011124112453210808,0.0006465778584326561,-0.06893422774407575,2.2729884495454247,,,
Drosophila,2017-11-08_2,AMMC_L,66,4000,4290,-0.0001765850641219138,3.896865618246006e-05,-0.1094267527192135,-0.2646359293562185,,,
Drosophila,2017-11-08_2,ATL_L,66,4000,4290,-0.0009083662588336594,-6.773396057214638e-05,-0.5628990791386682,-0.7102696698695699,,,
Drosophila,2017-11-08_2,AVLP_L,66,4000,4290,-0.0007917399010603792,5.351414745372952e-06,-0.49062771419588697,-0.4050352700940623,,,
Drosophila,2017-11-08_2,CRE_L,66,4000,4290,-0.0028293724372085343,2.5843398845765073e-05,-1.7533138466525324,-0.319452368728116,,,
Drosophila,2017-11-08_2,EPA_L,66,4000,4290,0.00031061519325167235,0.000151715085730246,0.19248293796419358,0.20623924369089253,,,
Drosophila,2017-11-08_2,GA_L,66,4000,4290,0.0003611846283089261,-8.845224300356939e-05,0.22381995444787545,-0.7967976855616358,,,
Drosophila,2017-11-08_2,GOR_L,66,4000,4290,-0.0004203638114640845,0.00015439525262951625,-0.2604922849954561,0.2174327161365466,,,
Drosophila,2017-11-08_2,IB_L,66,4000,4290,0.0012378289819331748,2.275920938802693e-05,0.7670615099200121,-0.33233320451553217,,,
Drosophila,2017-11-08_2,ICL_L,66,4000,4290,-0.0016498979675305806,8.174860376898067e-05,-1.022413632787513,-0.08596938263234656,,,
Drosophila,2017-11-08_2,IPS_L,66,4000,4290,0.0014658486033322145,2.3873390778862685e-05,0.9083613806085942,-0.3276799276240161,,,
Drosophila,2017-11-08_2,IVLP_L,66,4000,4290,-0.0003397371345142047,5.793455524049326e-05,-0.2105293083131517,-0.1854265828894168,,,
Drosophila,2017-11-08_2,LAL_L,66,4000,4290,-0.0021269114604894257,3.482996250359672e-05,-1.3180107592902306,-0.2819208057823743,,,
Drosophila,2017-11-08_2,LB_L,66,4000,4290,0.00020013967729999476,-3.8640384983184366e-05,0.12402314480056814,-0.5887630066877847,,,
Drosophila,2017-11-08_2,LH_L,66,4000,4290,4.86990967403746e-05,0.00014715297387239896,0.030177999725837054,0.18718599988405848,,,
Drosophila,2017-11-08_2,LO_L,66,4000,4290,-0.0006236737180253125,0.0008323940892615121,-0.38647996680348423,3.0490329788261983,,,
Drosophila,2017-11-08_2,MB_L,66,4000,4290,0.0013368746432070849,1.0011260598253153e-05,0.8284384170668614,-0.3855738491768009,,,
Drosophila,2017-11-08_2,ME_L,66,4000,4290,0.0001977478657074436,0.0006691418077263521,0.12254097994709928,2.3672247244404283,,,
Drosophila,2017-11-08_2,OTU_L,66,4000,4290,-0.0011699555050794991,0.0002165815109047094,-0.7250014738416904,0.4771479483078074,,,
Drosophila,2017-11-08_2,PLP_L,66,4000,4290,0.0015125411891116977,-2.7825913710986736e-05,0.9372959797114077,-0.5435973544171663,,,
Drosophila,2017-11-08_2,PVLP_L,66,4000,4290,0.000450893375076183,7.165945704416633e-06,0.2794109349085664,-0.39745704714930025,,,
Drosophila,2017-11-08_2,SCL_L,66,4000,4290,0.001349222965417336,2.783086198762778e-05,0.836090461749788,-0.3111519103047056,,,
Drosophila,2017-11-08_2,SIP_L,66,4000,4290,-0.0006054974200612816,8.287822184295018e-05,-0.375216424937409,-0.08125163584257265,,,
Drosophila,2017-11-08_2,SLP_L,66,4000,4290,-0.0008126800257315586,5.709159779664625e-05,-0.5036039523375265,-0.18894711771996398,,,
Drosophila,2017-11-08_2,SMP_L,66,4000,4290,-0.0004044029686911225,6.707212162778766e-05,-0.25060162292846866,-0.14726437082554744,,,
Drosophila,2017-11-08_2,SPS_L,66,4000,4290,0.001218153824207477,-2.8485629596793305e-05,0.7548691502214872,-0.5463525976043524,,,
Drosophila,2017-11-08_2,VES_L,66,4000,4290,0.00036300452632762433,2.1426281376058874e-05,0.22494771421315654,-0.3379000567059936,,,
Drosophila,2017-11-08_2,WED_L,66,4000,4290,-0.00043100729910846143,0.0007802100241900123,-0.26708787277250134,2.8310909937061326,,,
Drosophila,2017-11-08_2,EB,66,4000,4290,-0.0004390489782761934,-9.917013645251011e-05,-0.27207116420833377,-0.8415599893677305,,,
Drosophila,2017-11-08_2,FB,66,4000,4290,0.001235459659978181,-1.0654616964310883e-06,0.7655932815113947,-0.4318347689081314,,,
Drosophila,2017-11-08_2,FLA,66,4000,4290,-0.0004943424292258341,-1.5668100538534796e-05,-0.3063355727762124,-0.49282135730209686,,,
Drosophila,2017-11-08_2,NO,66,4000,4290,0.00041580873162842406,3.485512966136938e-05,0.25766957970454346,-0.28181569744485235,,,
Drosophila,2017-11-08_2,PB,66,4000,4290,0.0017693357371321792,0.0004205770933747064,1.0964271816939215,1.3291168805540734,,,
Drosophila,2017-11-08_2,PRW,66,4000,4290,-0.0003641880433561549,-4.730079339457893e-05,-0.22568111953179987,-0.6249324120137926,,,
Drosophila,2017-11-08_2,SAD,66,4000,4290,0.001261195296511842,5.85322538412502e-06,0.7815412165705921,-0.40293950375975807,,,
Drosophila,2017-11-08_2,SOG,66,4000,4290,0.0013967157973493905,5.720130130533656e-05,0.8655209597457911,-0.1884889510281617,,,
Drosophila,2017-11-16_1,AL_R,66,2000,4290,0.000895931176079763,0.00013077321710226243,0.6021019581026233,0.024382897378213777,,,
Drosophila,2017-11-16_1,AME_R,66,2000,4290,-0.00039504175333034705,-0.0013701055421810164,-0.2654840232854222,-3.9422524817875644,,,
Drosophila,2017-11-16_1,AMMC_R,66,2000,4290,-0.0014766804173241474,-3.4145969580321378e-06,-0.9923889183687835,-0.3302587599923407,,,
Drosophila,2017-11-16_1,ATL_R,66,2000,4290,0.0007125891092375884,0.00045544302641507004,0.47888867967728643,0.8824447122993474,,,
Drosophila,2017-11-16_1,AVLP_R,66,2000,4290,0.0006423214517723498,-0.0002002556530960253,0.43166597409377416,-0.850485122394976,,,
Drosophila,2017-11-16_1,CRE_R,66,2000,4290,-0.0024875306058073686,4.786741643947176e-05,-1.6717210970940473,-0.19472679420282482,,,
Drosophila,2017-11-16_1,EPA_R,66,2000,4290,-0.000911659587701155,0.0003014510339056763,-0.6126720863534579,0.4754630811596775,,,
Drosophila,2017-11-16_1,GA_R,66,2000,4290,-0.00327472821163973,-0.0007851410100328524,-2.200749701678698,-2.3962641769866444,,,
Drosophila,2017-11-16_1,GOR_R,66,2000,4290,-0.0015040502447802213,0.000158177520809692,-1.0107825485316946,0.09680905435787772,,,
Drosophila,2017-11-16_1,IB_R,66,2000,4290,-0.0014399213258953726,0.00020475491773157538,-0.9676853233625436,0.2199073055370849,,,
Drosophila,2017-11-16_1,ICL_R,66,2000,4290,-0.00022244326074020757,0.00018963868729780648,-0.14949086094363964,0.1799569937165329,,,
Drosophila,2017-11-16_1,IPS_R,66,2000,4290,0.001113969945852318,0.0001509672312225681,0.7486328231147977,0.07775315820809542,,,
Drosophila,2017-11-16_1,IVLP_R,66,2000,4290,-0.0005179626343804286,1.3027665406776807e-05,-0.3480918230226697,-0.2868039111537029,,,
Drosophila,2017-11-16_1,LAL_R,66,2000,4290,0.0006418035252450429,0.00014191266096953142,0.4313179065361641,0.0538230582671858,,,
Drosophila,2017-11-16_1,LB_R,66,2000,4290,-0.0012071987118361881,,-0.8112863215631898,,,,
Drosophila,2017-11-16_1,LH_R,66,2000,4290,-0.0008115992768528197,-0.00014961942586536032,-0.5454275136690309,-0.7166598889053978,,,
Drosophila,2017-11-16_1,LO_R,66,2000,4290,0.00016654146151063096,-0.00037328383733632617,0.11192259267010515,-1.3077770341868002,,,
Drosophila,2017-11-16_1,MB_R,66,2000,4290,0.0016231842137961062,3.113572772256312e-05,1.0908453903393285,-0.23894656079434615,,,
Drosophila,2017-11-16_1,ME_R,66,2000,4290,-0.0012266234016943113,0.00013166817631633855,-0.8243404981689059,0.02674816296646155,,,
Drosophila,2017-11-16_1,OTU_R,66,2000,4290,-0.0016224717196067354,0.00027384742473126564,-1.0903665654496377,0.40251018468710087,,,
Drosophila,2017-11-16_1,PLP_R,66,2000,4290,-0.0004891326581565991,0.0001039330327363505,-0.328716913878003,-0.04655236253578436,,,
Drosophila,2017-11-16_1,PVLP_R,66,2000,4290,0.0004322801038220871,-0.00011015962120832447,0.29050969975054425,-0.6123725464139137,,,
Drosophila,2017-11-16_1,SCL_R,66,2000,4290,-0.0014199192813158983,7.119428621454826e-05,-0.9542431410511143,-0.1330767865904863,,,
Drosophila,2017-11-16_1,SIP_R,66,2000,4290,-0.001488556020671671,-4.688561312192583e-05,-1.0003698037538429,-0.44514723423947516,,,
Drosophila,2017-11-16_1,SLP_R,66,2000,4290,0.000615465878685354,-6.232291651364146e-05,0.4136179436497384,-0.4859461018453679,,,
Drosophila,2017-11-16_1,SMP_R,66,2000,4290,-0.0009660303232812076,7.695307380100237e-05,-0.6492114179787648,-0.11785702920486117,,,
Drosophila,2017-11-16_1,SPS_R,66,2000,4290,0.0012134120778934054,0.00021790147293781294,0.8154619546579419,0.25465201137869475,,,
Drosophila,2017-11-16_1,VES_R,66,2000,4290,0.005067462133416411,3.094250432832962e-05,3.405539347889912,-0.2394572261275107,,,
Drosophila,2017-11-16_1,WED_R,66,2000,4290,0.0006124841700699841,0.0008264560778349213,0.4116141149587209,1.8629859364266104,,,
Drosophila,2017-11-16_1,AL_L,66,2000,4290,4.363118281203854e-05,0.00032931227282530944,0.029321918141537152,0.549096860918665,,,
Drosophila,2017-11-16_1,AME_L,66,2000,4290,0.0004649681409553899,0.0007346611209357592,0.3124773817443905,1.6203833135211516,,,
Drosophila,2017-11-16_1,AMMC_L,66,2000,4290,-0.0003668396748189947,0.000621164586553227,-0.24653108677912808,1.3204261278325202,,,
Drosophila,2017-11-16_1,ATL_L,66,2000,4290,0.0010863142621336107,0.00019844492530066645,0.7300470859909252,0.20323078249090357,,,
Drosophila,2017-11-16_1,AVLP_L,66,2000,4290,0.0008703396108796114,5.9239009316893726e-05,0.5849033920416177,-0.16467309243240888,,,
Drosophila,2017-11-16_1,CRE_L,66,2000,4290,-0.0007786089069106571,2.0388367620099047e-05,-0.5232566518092828,-0.2673504931915415,,,
Drosophila,2017-11-16_1,EPA_L,66,2000,4290,0.0006219445217823181,0.000315459817896918,0.4179718536359926,0.512486550147463,,,
Drosophila,2017-11-16_1,GA_L,66,2000,4290,-0.0007577457190319428,-0.00036998924886093483,-0.5092357463988895,-1.2990698477299012,,,
Drosophila,2017-11-16_1,GOR_L,66,2000,4290,-0.001156573429870681,0.000138982057801421,-0.7772640861340082,0.04607783958311747,,,
Drosophila,2017-11-16_1,IB_L,66,2000,4290,-0.0007358795995391832,0.00024667746314042553,-0.49454083041181107,0.3307033646956799,,,
Drosophila,2017-11-16_1,ICL_L,66,2000,4290,0.0008121494442145733,0.0001073767209655878,0.5457972483703563,-0.03745112402439889,,,
Drosophila,2017-11-16_1,IPS_L,66,2000,4290,0.000508336674745608,0.0002207475388052447,0.34162278912867977,0.26217380852011213,,,
Drosophila,2017-11-16_1,IVLP_L,66,2000,4290,0.001422098358719518,0.00020734634658720345,0.9557075691306433,0.2267561288132795,,,
Drosophila,2017-11-16_1,LAL_L,66,2000,4290,0.002107595863734606,0.00016666244388238117,1.416389595901974,0.1192336478444969,,,
Drosophila,2017-11-16_1,LB_L,66,2000,4290,-0.0009503870291134958,-0.0007793037232206259,-0.6386984920967035,-2.380836955937309,,,
Drosophila,2017-11-16_1,LH_L,66,2000,4290,-0.0012817487046930319,0.00017579278310957193,-0.8613869295943205,0.14336399573459213,,,
Drosophila,2017-11-16_1,LO_L,66,2000,4290,0.0005992769033451071,0.001218073425377142,0.4027382979668093,2.8979817455470194,,,
Drosophila,2017-11-16_1,MB_L,66,2000,4290,0.002290689713550087,-6.203389213357363e-05,1.5394360624540369,-0.48518224645443286,,,
Drosophila,2017-11-16_1,ME_L,66,2000,4290,-0.0008004833819847853,0.0011817300635290355,-0.5379571830847198,2.8019307727333564,,,
Drosophila,2017-11-16_1,OTU_L,66,2000,4290,-0.002864028772410466,9.0912885769999e-05,-1.9247430806862234,-0.08096298716433908,,,
Drosophila,2017-11-16_1,PLP_L,66,2000,4290,-0.00016541103598729598,6.854263617717715e-05,-0.11116290103389338,-0.14008476693956212,,,
Drosophila,2017-11-16_1,PVLP_L,66,2000,4290,-0.0003278913003085881,7.758628220374326e-05,-0.2203562050652872,-0.11618353836680276,,,
Drosophila,2017-11-16_1,SCL_L,66,2000,4290,-0.0005874959768201225,7.117882940630805e-05,-0.39482103923272455,-0.1331176370069742,,,
Drosophila,2017-11-16_1,SIP_L,66,2000,4290,-0.00032278139387588597,-9.772478066767927e-05,-0.21692214143295163,-0.579508813672195,,,
Drosophila,2017-11-16_1,SLP_L,66,2000,4290,-0.0013701055421810164,6.759539117538242e-05,-0.9207662952014556,-0.1425882173439447,,,
Drosophila,2017-11-16_1,SMP_L,66,2000,4290,-0.00013298876347869363,7.976387091942294e-06,-0.08937382360834305,-0.30015380977123257,,,
Drosophila,2017-11-16_1,SPS_L,66,2000,4290,0.002085385419895218,0.00015665328122299206,1.4014632800385853,0.09278067922528793,,,
Drosophila,2017-11-16_1,VES_L,66,2000,4290,0.002656243071934374,0.00016925744368104234,1.7851026926044022,0.12609190867777895,,,
Drosophila,2017-11-16_1,WED_L,66,2000,4290,0.000777249017741091,0.000928617370182135,0.5223427513293587,2.132985491087022,,,
Drosophila,2017-11-16_1,EB,66,2000,4290,-0.0019632463080068367,4.2068266012335936e-05,-1.319380860772083,-0.2100532255425328,,,
Drosophila,2017-11-16_1,FB,66,2000,4290,0.0011817300635290355,2.374976584514867e-05,0.7941703606217899,-0.2584667368984522,,,
Drosophila,2017-11-16_1,FLA,66,2000,4290,-0.002468227201649682,6.0299401528101614e-05,-1.6587484293806127,-0.16187060806466577,,,
Drosophila,2017-11-16_1,NO,66,2000,4290,-0.0006617411788142159,0.00026386768833858317,-0.44471681548640035,0.37613498602091,,,
Drosophila,2017-11-16_1,PB,66,2000,4290,0.002020107639954638,0.00027610691057339785,1.3575939738104068,0.4084817239767939,,,
Drosophila,2017-11-16_1,PRW,66,2000,4290,0.0007705526671990981,0.0001762998232130604,0.5178425331417101,0.14470403949276595,,,
Drosophila,2017-11-16_1,SAD,66,2000,4290,0.0016649376057238955,0.00020961873340223045,1.1189053571184175,0.23276176376539268,,,
Drosophila,2017-11-16_1,SOG,66,2000,4290,0.0034327379442791253,0.00012038042004546501,2.3069386277497133,-0.0030839691085027625,,,
Drosophila,2018-10-19_1,AL_R,67,2000,4422,-0.0005890325827010266,-0.00018128821956046374,-0.35764677706362297,-1.756680470890514,,,
Drosophila,2018-10-19_1,AME_R,67,2000,4422,0.00038243240456716583,0.00038175055300836857,0.2322039916891342,3.9122515293457725,,,
Drosophila,2018-10-19_1,AMMC_R,67,2000,4422,-0.0011781392895853294,7.126627148295231e-05,-0.7153385605938316,0.786153710043945,,,
Drosophila,2018-10-19_1,ATL_R,67,2000,4422,0.0005351934262101727,-4.6866949032684776e-05,0.3249569032531086,-0.40326561007968714,,,
Drosophila,2018-10-19_1,AVLP_R,67,2000,4422,0.002926760450578788,6.459689758255864e-05,1.7770603411901142,0.719003401810314,,,
Drosophila,2018-10-19_1,CRE_R,67,2000,4422,-0.002292212124594665,-6.856214334331081e-07,-1.39177747171169,0.06170912806552237,,,
Drosophila,2018-10-19_1,EPA_R,67,2000,4422,-0.0009061646543771826,3.2709072026348896e-05,-0.5502019372864929,0.3979421827244641,,,
Drosophila,2018-10-19_1,GA_R,67,2000,4422,0.00013854324947808742,-0.00011749438274760116,0.08412021357553513,-1.1143749307652522,,,
Drosophila,2018-10-19_1,GOR_R,67,2000,4422,-0.002653607400856167,3.006851784048295e-05,-1.6112082122120805,0.37135587490356997,,,
Drosophila,2018-10-19_1,IB_R,67,2000,4422,-0.0011766169839522974,7.11094302462453e-05,-0.7144142522968897,0.7845745607046047,,,
Drosophila,2018-10-19_1,ICL_R,67,2000,4422,-0.0015298578293698806,6.883142160949904e-05,-0.9288938135318779,0.7616385273675991,,,
Drosophila,2018-10-19_1,IPS_R,67,2000,4422,0.0017586460845360936,5.421128177111768e-05,1.0678086791832704,0.6144362695202549,,,
Drosophila,2018-10-19_1,IVLP_R,67,2000,4422,0.0032400154357723073,-0.00030713221568305876,1.9672614253811398,-3.023735408159112,,,
Drosophila,2018-10-19_1,LAL_R,67,2000,4422,-0.0013855841883418727,-5.230912255147262e-05,-0.8412942405298339,-0.45805990332300606,,,
Drosophila,2018-10-19_1,LB_R,67,2000,4422,0.00013032321056659737,1.8748774620084362e-05,0.07912919862938203,0.2573835204175735,,,
Drosophila,2018-10-19_1,LH_R,67,2000,4422,0.0006710363520396553,-4.1861494597194206e-05,0.4074375436058457,-0.35286840440304224,,,
Drosophila,2018-10-19_1,LO_R,67,2000,4422,0.0007326930864576623,-7.837994682884778e-05,0.4448740674866655,-0.7205528917618814,,,
Drosophila,2018-10-19_1,LOP_R,67,2000,4422,0.0005107586603937565,,0.3101206862097787,,,,
Drosophila,2018-10-19_1,MB_R,67,2000,4422,-0.00014568278978195414,-8.13154362903856e-06,-0.08845517509444628,-0.013259823741037442,,,
Drosophila,2018-10-19_1,ME_R,67,2000,4422,-0.002634926595105376,-0.00016368398821668182,-1.5998656648455403,-1.5794330142917279,,,
Drosophila,2018-10-19_1,OTU_R,67,2000,4422,-0.00045943079794909876,3.751690049154099e-05,-0.27895561127840707,0.4463495997014936,,,
Drosophila,2018-10-19_1,PLP_R,67,2000,4422,-0.0007662282791086236,5.495814281471523e-05,-0.46523585038639287,0.6219560082594948,,,
Drosophila,2018-10-19_1,PVLP_R,67,2000,4422,0.0013413538959773273,2.0407615354289828e-05,0.814438643781308,0.2740854879899456,,,
Drosophila,2018-10-19_1,SCL_R,67,2000,4422,-0.0023376021580560034,6.233919275758714e-05,-1.419337236069407,0.6962717965409733,,,
Drosophila,2018-10-19_1,SIP_R,67,2000,4422,0.00044160563458062185,1.2443924266676247e-05,0.2681325899098182,0.19390340205544626,,,
Drosophila,2018-10-19_1,SLP_R,67,2000,4422,0.002700036173615422,0.00012416299147084527,1.6393986747230398,1.3187420916198258,,,
Drosophila,2018-10-19_1,SMP_R,67,2000,4422,0.0018547562996031012,-0.00015683308433628196,1.1261645489111998,-1.5104549791540254,,,
Drosophila,2018-10-19_1,SPS_R,67,2000,4422,-0.0023656261692966336,8.707537911560093e-05,-1.4363527588010132,0.945327039697624,,,
Drosophila,2018-10-19_1,VES_R,67,2000,4422,3.373285034666694e-05,-7.631979581863464e-05,0.020481796019386676,-0.6998103486971609,,,
Drosophila,2018-10-19_1,WED_R,67,2000,4422,0.00025667795840006615,-0.00015616157742723104,0.1558488397095157,-1.5036939403223113,,,
Drosophila,2018-10-19_1,AL_L,67,2000,4422,-0.00039485870360389866,9.937380096658479e-05,-0.23974894918696424,1.0691531784648691,,,
Drosophila,2018-10-19_1,AME_L,67,2000,4422,4.386912723252864e-05,0.00017898417091370965,0.026636305746216112,1.8707068115918533,,,
Drosophila,2018-10-19_1,AMMC_L,67,2000,4422,0.002994004739735959,-4.484879338026626e-05,1.817889497334102,-0.38294589549368246,,,
Drosophila,2018-10-19_1,ATL_L,67,2000,4422,-0.00025551106709335397,3.327388362808261e-05,-0.15514033066046537,0.40362896437995216,,,
Drosophila,2018-10-19_1,AVLP_L,67,2000,4422,0.0016589180506920104,-9.773587618413967e-05,1.0072561546969776,-0.915437245491025,,,
Drosophila,2018-10-19_1,CRE_L,67,2000,4422,-0.0005919196410912539,-0.00012857517954658807,-0.3593997312443994,-1.225941463342213,,,
Drosophila,2018-10-19_1,EPA_L,67,2000,4422,-0.0005197439070851075,1.911899982392947e-06,-0.31557631738309583,0.08786216226651111,,,
Drosophila,2018-10-19_1,GA_L,67,2000,4422,-0.0032360226717760825,6.893349873676265e-05,-1.9648371126745705,0.7626662865938362,,,
Drosophila,2018-10-19_1,GOR_L,67,2000,4422,-0.0011507021441851555,9.711691295461071e-06,-0.6986793690441871,0.16639403027283275,,,
Drosophila,2018-10-19_1,IB_L,67,2000,4422,-0.00069574941404825,-3.59768311049332e-05,-0.4224427355736956,-0.29361891963008663,,,
Drosophila,2018-10-19_1,ICL_L,67,2000,4422,0.002241401251454963,-7.931201925563602e-06,1.3609263005678573,-0.011242691797122875,,,
Drosophila,2018-10-19_1,IPS_L,67,2000,4422,0.001103364696587524,1.7125664124542177e-06,0.6699371804710565,0.08585518067234593,,,
Drosophila,2018-10-19_1,IVLP_L,67,2000,4422,0.004106765524348892,-0.00013914764933570123,2.493531762206235,-1.3323899269810255,,,
Drosophila,2018-10-19_1,LAL_L,67,2000,4422,0.0013656952409471965,-0.00010169251517927393,0.8292181378764357,-0.9552744973921048,,,
Drosophila,2018-10-19_1,LB_L,67,2000,4422,-0.00013122693864961202,-3.4113855122603414e-05,-0.07967792113765142,-0.2748616249704016,,,
Drosophila,2018-10-19_1,LH_L,67,2000,4422,-0.003666162765557121,9.74215754725656e-05,-2.2260080949676095,1.0494972788822705,,,
Drosophila,2018-10-19_1,LO_L,67,2000,4422,-0.0004233679506496073,0.00011989500459706688,-0.25705909572529856,1.275770046808484,,,
Drosophila,2018-10-19_1,MB_L,67,2000,4422,-0.001168053696076061,-7.350137309320217e-05,-0.7092148246252317,-0.6714331790299618,,,
Drosophila,2018-10-19_1,ME_L,67,2000,4422,-0.0025239707650554382,0.0001469630755304925,-1.5324958856869548,1.5483037709054386,,,
Drosophila,2018-10-19_1,OTU_L,67,2000,4422,-0.00012698012262886543,2.014132845893979e-05,-0.07709935399687051,0.2714043896787119,,,
Drosophila,2018-10-19_1,PLP_L,67,2000,4422,-0.001059003765956969,-0.00010080386613795342,-0.6430022632296215,-0.9463271722117501,,,
Drosophila,2018-10-19_1,PVLP_L,67,2000,4422,0.001596567722685218,-2.2224075147027943e-05,0.9693984970471502,-0.1551498795931002,,,
Drosophila,2018-10-19_1,SCL_L,67,2000,4422,-0.0005397353416743259,-1.9884616073086522e-05,-0.3277146478586805,-0.1315951351356244,,,
Drosophila,2018-10-19_1,SIP_L,67,2000,4422,-0.0014519119134251395,4.1721109730307e-05,-0.8815668804527647,0.48867950209985106,,,
Drosophila,2018-10-19_1,SLP_L,67,2000,4422,0.002798519886743,9.037769813295923e-06,1.6991956768376317,0.15960868041413254,,,
Drosophila,2018-10-19_1,SMP_L,67,2000,4422,0.0007431120154606096,2.675826424751275e-05,0.45120019695351393,0.3380267270076464,,,
Drosophila,2018-10-19_1,SPS_L,67,2000,4422,-0.0005512374606110955,-4.143657226752279e-05,-0.3346984648629532,-0.34859009194988916,,,
Drosophila,2018-10-19_1,VES_L,67,2000,4422,-0.0014881353115158249,-4.7781500468496034e-05,-0.9035608786829132,-0.4124737324203181,,,
Drosophila,2018-10-19_1,WED_L,67,2000,4422,-0.0005338571379549315,-6.807758458734024e-05,-0.3241455403476417,-0.6168239945094844,,,
Drosophila,2018-10-19_1,EB,67,2000,4422,-0.0011357197630580305,-2.301184774399418e-06,-0.6895824184166276,0.045442897091361664,,,
Drosophila,2018-10-19_1,FB,67,2000,4422,0.00026596597774137203,-1.8111828792223344e-05,0.16148830733877706,-0.11374590159128879,,,
Drosophila,2018-10-19_1,FLA,67,2000,4422,0.00027722632399715483,-8.26452731428316e-05,0.1683253256384001,-0.7634981488397796,,,
Drosophila,2018-10-19_1,NO,67,2000,4422,-5.5168055542818884e-05,0.00012260580351335,-0.03349675016495779,1.3030636107181428,,,
Drosophila,2018-10-19_1,PB,67,2000,4422,0.0013423721719797409,-7.789008799723622e-05,0.8150569171011888,-0.7156207688932354,,,
Drosophila,2018-10-19_1,PRW,67,2000,4422,-0.000531667500447917,1.0984202949850917e-05,-0.3228160437793358,0.17920625989128647,,,
Drosophila,2018-10-19_1,SAD,67,2000,4422,0.003613259640783218,-7.868998912954046e-05,2.1938865576746807,-0.7236745395159155,,,
Drosophila,2018-10-19_1,SOG,67,2000,4422,0.0008458103372500939,-2.0870292271443848e-05,0.5135562106555517,-0.14151937413118307,,,
Drosophila,2018-10-19_2,AL_R,67,2000,4422,-0.0019818578859084504,9.208196699253821e-05,-0.5753742481922256,-0.08216281794232554,,,
Drosophila,2018-10-19_2,AME_R,67,2000,4422,-0.000701961716115184,,-0.20379397409938999,,,,
Drosophila,2018-10-19_2,AMMC_R,67,2000,4422,-0.001076184595279395,-0.0005235768438387738,-0.3124385995724923,-1.2100661499692837,,,
Drosophila,2018-10-19_2,ATL_R,67,2000,4422,0.0017548587336241822,0.00020547192607834109,0.5094717092087282,0.1255706058652315,,,
Drosophila,2018-10-19_2,AVLP_R,67,2000,4422,-0.0029185473656253604,0.00014637247432923125,-0.8473145366527374,0.017298836865808256,,,
Drosophila,2018-10-19_2,CRE_R,67,2000,4422,-0.007516943234844524,0.00022698409351759046,-2.1823237645870717,0.16498146932885754,,,
Drosophila,2018-10-19_2,EPA_R,67,2000,4422,-0.0023484339350865672,0.0003375388086927664,-0.6817988410960977,0.36752065080991037,,,
Drosophila,2018-10-19_2,GA_R,67,2000,4422,-0.00162281944268364,0.0005518961063238056,-0.4711379778665716,0.7602289268693082,,,
Drosophila,2018-10-19_2,GOR_R,67,2000,4422,-0.003048573791903829,0.00011690245255924588,-0.8850638918396267,-0.03669102759238258,,,
Drosophila,2018-10-19_2,IB_R,67,2000,4422,0.0013702172885605376,0.00017938212655173793,0.3978023590244088,0.07777339854802173,,,
Drosophila,2018-10-19_2,ICL_R,67,2000,4422,0.0005285835143689413,0.0001246541684083806,0.15345870374929757,-0.02248967778410247,,,
Drosophila,2018-10-19_2,IPS_R,67,2000,4422,-0.0016073516529691427,0.00014535402996077818,-0.4666473592700244,0.015433019668924108,,,
Drosophila,2018-10-19_2,IVLP_R,67,2000,4422,-0.003968891316944882,1.2651428636121564e-05,-1.1522510639540893,-0.22768167887753388,,,
Drosophila,2018-10-19_2,LAL_R,67,2000,4422,0.0002757853058087367,8.118573630448187e-05,0.080066166257642,-0.1021250026514152,,,
Drosophila,2018-10-19_2,LB_R,67,2000,4422,0.0002816116431579089,0.003646557746331246,0.08175767224090658,6.429731440034478,,,
Drosophila,2018-10-19_2,LH_R,67,2000,4422,-0.0003410552680177772,-0.00014350556013957753,-0.09901538340514059,-0.5137654396566291,,,
Drosophila,2018-10-19_2,LO_R,67,2000,4422,-0.0027211823271229957,0.00011986344459169354,-0.7900153925238059,-0.03126641135893107,,,
Drosophila,2018-10-19_2,LOP_R,67,2000,4422,-0.000742626640815487,-0.000738552020770488,-0.21559984103041124,-1.6039063973572179,,,
Drosophila,2018-10-19_2,MB_R,67,2000,4422,0.005519584049585757,-1.246469685543903e-05,1.602449169259409,-0.27369508944058085,,,
Drosophila,2018-10-19_2,ME_R,67,2000,4422,-0.0034432759337791633,-0.0004667549227693021,-0.9996540699528683,-1.1059668778092848,,,
Drosophila,2018-10-19_2,OTU_R,67,2000,4422,0.0008956704513154109,-6.473501353708468e-05,0.2600316179166248,-0.3694557011854619,,,
Drosophila,2018-10-19_2,PLP_R,67,2000,4422,-0.0021122545666587625,0.00013530419054699874,-0.6132310958940382,-0.002978553692353572,,,
Drosophila,2018-10-19_2,PVLP_R,67,2000,4422,-0.002751420677087712,9.111327718586964e-05,-0.798794209613179,-0.0839374834574129,,,
Drosophila,2018-10-19_2,SCL_R,67,2000,4422,0.0021094452990615613,-6.126304399171809e-05,0.6124155075296033,-0.36309496054467194,,,
Drosophila,2018-10-19_2,SIP_R,67,2000,4422,-0.0007560247126342814,5.0549355573292754e-05,-0.2194895778045648,-0.15825166777831548,,,
Drosophila,2018-10-19_2,SLP_R,67,2000,4422,0.002988047195929579,-0.00015327892859967466,0.8674917718092567,-0.5316705108703198,,,
Drosophila,2018-10-19_2,SMP_R,67,2000,4422,0.00928203559520775,-7.833267091115834e-05,2.694766506851764,-0.39436697150297684,,,
Drosophila,2018-10-19_2,SPS_R,67,2000,4422,-0.003630675818733314,0.0001909295660357815,-1.054060124334199,0.09892861510838545,,,
Drosophila,2018-10-19_2,VES_R,67,2000,4422,-0.003125149020374536,0.00015193276938850939,-0.9072952611142632,0.02748544544523327,,,
Drosophila,2018-10-19_2,WED_R,67,2000,4422,0.0006185871253729195,-9.629572885873458e-05,0.17958860962408826,-0.4272757718904952,,,
Drosophila,2018-10-19_2,AL_L,67,2000,4422,0.004821517399731858,0.0003383561543704512,1.3997860132866269,0.3690180498514894,,,
Drosophila,2018-10-19_2,AME_L,67,2000,4422,3.260077007230774e-05,-0.0007330303011900132,0.009464676405010475,-1.5937904600819495,,,
Drosophila,2018-10-19_2,AMMC_L,67,2000,4422,-0.0007245822345406282,-2.098332960885079e-05,-0.2103611774671493,-0.289301451435,,,
Drosophila,2018-10-19_2,ATL_L,67,2000,4422,-0.0016447783193011428,0.0003563938869058276,-0.47751309296174405,0.40206365607190697,,,
Drosophila,2018-10-19_2,AVLP_L,67,2000,4422,-0.00021260364945446976,-0.00020061849075421096,-0.06172322740069556,-0.6183978490508637,,,
Drosophila,2018-10-19_2,CRE_L,67,2000,4422,0.003844762853007597,0.000532045985897616,1.116214008963926,0.7238629777820139,,,
Drosophila,2018-10-19_2,EPA_L,67,2000,4422,-0.0016758748580882955,0.00032779827219063214,-0.4865410599785803,0.3496757286172875,,,
Drosophila,2018-10-19_2,GA_L,67,2000,4422,-0.00255066314416862,0.001250023016775614,-0.7405101543367836,2.0392160129357664,,,
Drosophila,2018-10-19_2,GOR_L,67,2000,4422,-0.0009678755239503967,0.00029822158628573593,-0.2809942407557375,0.2954904526242382,,,
Drosophila,2018-10-19_2,IB_L,67,2000,4422,-0.0006904121393693987,0.00022606405323823904,-0.20044089359634545,0.16329593104300358,,,
Drosophila,2018-10-19_2,ICL_L,67,2000,4422,0.009279632872355562,-0.00023457373930544723,2.6940689468175547,-0.6806047683817665,,,
Drosophila,2018-10-19_2,IPS_L,67,2000,4422,-0.002841541259480891,0.0001057287277003593,-0.8249580746964479,-0.057161589010115255,,,
Drosophila,2018-10-19_2,IVLP_L,67,2000,4422,-0.00437419532783789,0.0003764436811091645,-1.269919183456998,0.43879541283481754,,,
Drosophila,2018-10-19_2,LAL_L,67,2000,4422,0.004417049610083537,0.00010216292212413022,1.2823606660699676,-0.06369423975762656,,,
Drosophila,2018-10-19_2,LB_L,67,2000,4422,-0.0017626834337579646,0.0010980699054099032,-0.5117433811529256,1.7608338674909114,,,
Drosophila,2018-10-19_2,LH_L,67,2000,4422,-0.0018776583469485803,-0.00039347668489821494,-0.545122971439589,-0.9717191951548915,,,
Drosophila,2018-10-19_2,LO_L,67,2000,4422,-0.0005350258429948074,0.00016571619350400234,-0.15532904471373854,0.052737045378666005,,,
Drosophila,2018-10-19_2,MB_L,67,2000,4422,0.005959511358646922,-5.368571887434481e-06,1.730169146816866,-0.2606947995802201,,,
Drosophila,2018-10-19_2,ME_L,67,2000,4422,0.00024335987955468856,-0.0005494777208188159,0.07065239578202415,-1.2575172461515396,,,
Drosophila,2018-10-19_2,OTU_L,67,2000,4422,-0.001859077749791078,-4.160946993173851e-05,-0.5397286405965579,-0.32708908963289623,,,
Drosophila,2018-10-19_2,PLP_L,67,2000,4422,-0.001573590562507603,9.427357260874235e-05,-0.4568458179079635,-0.07814773810668109,,,
Drosophila,2018-10-19_2,PVLP_L,67,2000,4422,0.0011162818923399714,1.4712501957157859e-05,0.3240796724843344,-0.2239057376817769,,,
Drosophila,2018-10-19_2,SCL_L,67,2000,4422,0.000690298953098706,-9.647964620580373e-05,0.20040803328589205,-0.42761271336672735,,,
Drosophila,2018-10-19_2,SIP_L,67,2000,4422,-0.006867931332112706,0.00018436773909434855,-1.9939022141533713,0.08690717345723305,,,
Drosophila,2018-10-19_2,SLP_L,67,2000,4422,0.0008369461691369436,-0.0003894021970510343,0.24298274677944148,-0.9642546249444317,,,
Drosophila,2018-10-19_2,SMP_L,67,2000,4422,0.00828702873627949,-4.8369990748433805e-05,2.405895479583565,-0.33947454375332387,,,
Drosophila,2018-10-19_2,SPS_L,67,2000,4422,-0.0018080542211256951,7.409436092874361e-05,-0.5249154571414273,-0.11511659113229641,,,
Drosophila,2018-10-19_2,VES_L,67,2000,4422,0.0009694830339884417,7.62726250159024e-05,0.2814609340974639,-0.11112595333305239,,,
Drosophila,2018-10-19_2,WED_L,67,2000,4422,-0.0008855951579502539,0.00022074089831641434,-0.2571065523069703,0.15354376950873644,,,
Drosophila,2018-10-19_2,EB,67,2000,4422,0.001253635506608081,0.0005349452131568655,0.3639562615717364,0.729174439306613,,,
Drosophila,2018-10-19_2,FB,67,2000,4422,0.007669217465172059,-2.890871744053791e-06,2.2265321164657403,-0.25615558695414037,,,
Drosophila,2018-10-19_2,FLA,67,2000,4422,-0.0025933859338809475,0.0002099669617308441,-0.7529134619534329,0.13380563085121722,,,
Drosophila,2018-10-19_2,NO,67,2000,4422,-0.0027257566800180117,0.0004743834151190999,-0.791343421580102,0.6182236129745659,,,
Drosophila,2018-10-19_2,PB,67,2000,4422,0.004604020913792777,0.0001992544132788929,1.3366422944703371,0.11417995688881438,,,
Drosophila,2018-10-19_2,PRW,67,2000,4422,0.0008846328551945714,0.0002729015031314549,0.2568271759558601,0.2491033861931558,,,
Drosophila,2018-10-19_2,SAD,67,2000,4422,-0.00216872903815843,2.7437462182324007e-05,-0.6296268005569281,-0.2005932717747342,,,
Drosophila,2018-10-19_2,SOG,67,2000,4422,0.006220838186966017,-7.467928525034019e-05,1.8060377186482088,-0.3876738717088681,,,
Drosophila,2018-10-20_1,AL_R,67,2000,4422,0.013959372257078719,-0.0004881125442615185,1.1421650935797214,-0.4498185333175593,,,
Drosophila,2018-10-20_1,AME_R,67,2000,4422,-0.0014238249098298236,0.004659997738402987,-0.11649829816324726,3.471820478895052,,,
Drosophila,2018-10-20_1,AMMC_R,67,2000,4422,-0.011417718094869323,-0.0003612628679333656,-0.9342052648306103,-0.3531891660232834,,,
Drosophila,2018-10-20_1,ATL_R,67,2000,4422,-0.011879409480662441,-0.0005375129599139554,-0.9719811601322018,-0.4874499333080517,,,
Drosophila,2018-10-20_1,AVLP_R,67,2000,4422,-0.008329659740474808,-5.1961796205669944e-05,-0.6815382827936427,-0.11757510905737327,,,
Drosophila,2018-10-20_1,CRE_R,67,2000,4422,0.0047765364734611215,-0.00014592412059747989,0.39081938125342086,-0.18915211436239193,,,
Drosophila,2018-10-20_1,EPA_R,67,2000,4422,-0.01492262696316348,0.0007080776340141291,-1.2209792322999282,0.46139467144762797,,,
Drosophila,2018-10-20_1,GA_R,67,2000,4422,0.004369091401807375,0.00028443628043919915,0.35748195534173555,0.13868043881737285,,,
Drosophila,2018-10-20_1,GOR_R,67,2000,4422,-0.010183478648951295,-9.397461984454542e-05,-0.8332189750257879,-0.1495789161145422,,,
Drosophila,2018-10-20_1,IB_R,67,2000,4422,0.0027040704260284294,-0.0002454191262762026,0.22124883514190688,-0.26494371057272936,,,
Drosophila,2018-10-20_1,ICL_R,67,2000,4422,-0.00963567706882979,-0.00038126393186968077,-0.7883974865304639,-0.36842523291224205,,,
Drosophila,2018-10-20_1,IPS_R,67,2000,4422,0.0017733571961894392,-0.00015952423916170113,0.1450972615841576,-0.19951217904705185,,,
Drosophila,2018-10-20_1,IVLP_R,67,2000,4422,-0.012839522283290977,-0.00026260266261815513,-1.0505382262284388,-0.2780334896929032,,,
Drosophila,2018-10-20_1,LAL_R,67,2000,4422,0.02249412524901824,-0.00123320421753541,1.8404842421915226,-1.017401668322456,,,
Drosophila,2018-10-20_1,LB_R,67,2000,4422,-0.012083898782327424,0.0012418994560930816,-0.9887126103773087,0.8680402885946893,,,
Drosophila,2018-10-20_1,LH_R,67,2000,4422,-0.016937210784396677,-0.0001486369121201682,-1.3858138162860518,-0.19121861808574803,,,
Drosophila,2018-10-20_1,LO_R,67,2000,4422,0.007704164077116008,0.004063773555023741,0.6303598128942076,3.017639062961109,,,
Drosophila,2018-10-20_1,LOP_R,67,2000,4422,0.027280403990716084,0.0007985545289203484,2.2321007422915042,0.5303166061549878,,,
Drosophila,2018-10-20_1,MB_R,67,2000,4422,0.02205399625629233,-0.0014104446407036564,1.804472596187239,-1.1524168330865487,,,
Drosophila,2018-10-20_1,ME_R,67,2000,4422,-0.01719683907234545,-0.000693143013216272,-1.4070567749477911,-0.606003121758243,,,
Drosophila,2018-10-20_1,OTU_R,67,2000,4422,-0.01467145073054978,7.197314243975194e-05,-1.2004278264096846,-0.0231660805630362,,,
Drosophila,2018-10-20_1,PLP_R,67,2000,4422,-0.015308975098027014,7.148618647267104e-05,-1.2525904928555016,-0.023537025514267076,,,
Drosophila,2018-10-20_1,PVLP_R,67,2000,4422,-0.0010693363192276323,-0.0007859185727197995,-0.08749380664302288,-0.6766760936939914,,,
Drosophila,2018-10-20_1,SCL_R,67,2000,4422,-0.006201463049364887,-0.0005179712166408488,-0.5074078184652776,-0.4725637598232844,,,
Drosophila,2018-10-20_1,SIP_R,67,2000,4422,-0.013578472086137572,2.7135028407083042e-05,-1.1109995890444502,-0.05732208880098389,,,
Drosophila,2018-10-20_1,SLP_R,67,2000,4422,-0.0022755392023271043,-9.782723366079342e-05,-0.1861861262889026,-0.15251369408378332,,,
Drosophila,2018-10-20_1,SMP_R,67,2000,4422,0.0273471296970062,-0.0011983832508673613,2.2375602838214164,-0.9908763505202707,,,
Drosophila,2018-10-20_1,SPS_R,67,2000,4422,-0.004275623884410728,0.0002437951771711904,-0.3498343810964201,0.10772155733966397,,,
Drosophila,2018-10-20_1,VES_R,67,2000,4422,-0.005917157326847358,-0.0005645152283222206,-0.4841457357452027,-0.5080192574666014,,,
Drosophila,2018-10-20_1,WED_R,67,2000,4422,0.0007982140679525787,0.0008093317128302677,0.06531040428106595,0.5385262641736297,,,
Drosophila,2018-10-20_1,AL_L,67,2000,4422,0.01651443264982698,-0.00045020685866313233,1.3512218290002775,-0.4209433913207256,,,
Drosophila,2018-10-20_1,AME_L,67,2000,4422,-0.008368592400322398,-0.0012715569698242516,-0.684723778835958,-1.046617369102627,,,
Drosophila,2018-10-20_1,AMMC_L,67,2000,4422,0.011910732185753259,8.231926387090971e-05,0.9745440046306771,-0.015284789914282353,,,
Drosophila,2018-10-20_1,ATL_L,67,2000,4422,-0.010858679069453505,0.00022143333818990917,-0.8884643211105238,0.0906871397924896,,,
Drosophila,2018-10-20_1,AVLP_L,67,2000,4422,0.01942583342097084,-0.0004784552426129989,1.5894345704461086,-0.44246195996965154,,,
Drosophila,2018-10-20_1,CRE_L,67,2000,4422,-0.008560740804124134,-0.0006108315783853495,-0.7004454886354882,-0.5433013309533514,,,
Drosophila,2018-10-20_1,EPA_L,67,2000,4422,-0.008102127186314187,8.439567682226321e-05,-0.6629214183509372,-0.013703055726708406,,,
Drosophila,2018-10-20_1,GA_L,67,2000,4422,0.008372761337344454,0.006183942787005154,0.6850648840272398,4.632705158306644,,,
Drosophila,2018-10-20_1,GOR_L,67,2000,4422,-0.00953622700258739,0.00041273705971944336,-0.78026041617197,0.236415202390128,,,
Drosophila,2018-10-20_1,IB_L,67,2000,4422,-0.0008860395839588611,6.694693678841879e-05,-0.07249634623179625,-0.02699485715938172,,,
Drosophila,2018-10-20_1,ICL_L,67,2000,4422,-0.00048662217205165626,-0.000526820654623957,-0.039815748763165376,-0.47930493266637114,,,
Drosophila,2018-10-20_1,IPS_L,67,2000,4422,-0.004003802219413698,-0.000657431203252852,-0.32759375223999765,-0.5787991926542252,,,
Drosophila,2018-10-20_1,IVLP_L,67,2000,4422,0.0031981928405523017,-0.0008689097853876829,0.2616782587170471,-0.7398957139816819,,,
Drosophila,2018-10-20_1,LAL_L,67,2000,4422,0.00296116883546782,-0.0008506360559403962,0.242284797466619,-0.7259754662860541,,,
Drosophila,2018-10-20_1,LB_L,67,2000,4422,0.007095021870037922,0.002398253115144736,0.5805193936305194,1.748907514093342,,,
Drosophila,2018-10-20_1,LH_L,67,2000,4422,-0.012462109936979257,-8.105884646972738e-05,-1.0196580978168854,-0.13974016015196247,,,
Drosophila,2018-10-20_1,LO_L,67,2000,4422,-0.014361418708887623,0.0014887354725999322,-1.175060800836246,1.0560707888759329,,,
Drosophila,2018-10-20_1,MB_L,67,2000,4422,-0.004098896139006209,-0.0007460090217374192,-0.3353743997913347,-0.6462744815491588,,,
Drosophila,2018-10-20_1,ME_L,67,2000,4422,-0.006714994392778161,0.0009464111559584909,-0.5494252934708826,0.6429482874846352,,,
Drosophila,2018-10-20_1,OTU_L,67,2000,4422,-0.011613679291893336,0.00012159227747298049,-0.9502389398995896,0.014631931719995465,,,
Drosophila,2018-10-20_1,PLP_L,67,2000,4422,-0.00539028006939733,-0.0003774999561703079,-0.441036289204347,-0.365557976164968,,,
Drosophila,2018-10-20_1,PVLP_L,67,2000,4422,0.0033804884178552635,0.0005595972856691799,0.27659380371971176,0.3482878624157327,,,
Drosophila,2018-10-20_1,SCL_L,67,2000,4422,-0.012427943325659215,-2.9951768737630157e-05,-1.0168625630251351,-0.10080868844101813,,,
Drosophila,2018-10-20_1,SIP_L,67,2000,4422,-0.0020333668232455013,-0.0005016125419437845,-0.16637142166449514,-0.46010232963673076,,,
Drosophila,2018-10-20_1,SLP_L,67,2000,4422,-0.0002368603866105806,-0.0009217190322639998,-0.019380073878409287,-0.780123834861902,,,
Drosophila,2018-10-20_1,SMP_L,67,2000,4422,0.019276946348226406,-0.0011611898042217298,1.5772525314373183,-0.9625437656773786,,,
Drosophila,2018-10-20_1,SPS_L,67,2000,4422,0.006755663190316158,-0.001057448548291315,0.5527528414501413,-0.8835175338962519,,,
Drosophila,2018-10-20_1,VES_L,67,2000,4422,0.01735265449011126,-0.0004516173371850116,1.4198056957399423,-0.4220178414186414,,,
Drosophila,2018-10-20_1,WED_L,67,2000,4422,0.010997796017086735,0.002836074632356574,0.8998469620048133,2.082423668179187,,,
Drosophila,2018-10-20_1,EB,67,2000,4422,0.016566142937122913,-0.00036049636895974256,1.3554527989923875,-0.35260527560277255,,,
Drosophila,2018-10-20_1,FB,67,2000,4422,0.023777074921947083,-5.4499176113535404e-05,1.9454560350667918,-0.1195079907341697,,,
Drosophila,2018-10-20_1,FLA,67,2000,4422,-0.0031243022569642912,0.0009589723977097316,-0.2556324821760809,0.6525169744374724,,,
Drosophila,2018-10-20_1,NO,67,2000,4422,-0.007229229465065128,0.00011005333509996011,-0.5915003480395278,0.00584199442551135,,,
Drosophila,2018-10-20_1,PB,67,2000,4422,-0.016038696925784426,-0.0001280795430481399,-1.3122968166312765,-0.17555877862722086,,,
Drosophila,2018-10-20_1,PRW,67,2000,4422,-0.001213056045064915,-0.00058951101135247,-0.09925304990175549,-0.5270601156631148,,,
Drosophila,2018-10-20_1,SAD,67,2000,4422,0.010783312494188882,-0.00041495981943657595,0.8822977779519481,-0.39409350728438175,,,
Drosophila,2018-10-20_1,SOG,67,2000,4422,0.024266864682120564,-0.0006240735530531669,1.985530957990296,-0.55338857493313,,,
Drosophila,2018-10-31_1,AL_R,67,2000,4422,-0.00023677858837277454,0.00036507615971662966,-0.04202830241682552,0.04743389220970111,,,
Drosophila,2018-10-31_1,AME_R,67,2000,4422,-0.0012861065476853944,0.0005556561603828589,-0.22828447157258402,0.26777517019407826,,,
Drosophila,2018-10-31_1,AMMC_R,67,2000,4422,-0.0005075734198911944,0.000790890540370399,-0.09009450278647896,0.5397441267011803,,,
Drosophila,2018-10-31_1,ATL_R,67,2000,4422,-0.0037541078704716475,0.0002938147715455769,-0.6663557797598105,-0.03495578816421082,,,
Drosophila,2018-10-31_1,AVLP_R,67,2000,4422,0.0011741572957123829,0.0001984478570472876,0.20841343065797355,-0.14521535236046298,,,
Drosophila,2018-10-31_1,CRE_R,67,2000,4422,-0.0026255655957228815,0.0003195361843708214,-0.46603903516194006,-0.0052176784272723875,,,
Drosophila,2018-10-31_1,EPA_R,67,2000,4422,-0.006061509114712677,0.00044240403903989374,-1.0759205041564535,0.13683741668418142,,,
Drosophila,2018-10-31_1,GA_R,67,2000,4422,-0.0029003746396848,0.0010639034808534896,-0.5148177599861913,0.8553912040546464,,,
Drosophila,2018-10-31_1,GOR_R,67,2000,4422,-0.00657597012919159,0.0005014350069886625,-1.1672375579778318,0.20508675487820396,,,
Drosophila,2018-10-31_1,IB_R,67,2000,4422,-0.0008715259544403627,6.085996478987531e-05,-0.15469623596059823,-0.3042891896424201,,,
Drosophila,2018-10-31_1,ICL_R,67,2000,4422,-0.005791775871852631,0.0005655898947633848,-1.0280427362353715,0.2792601724026562,,,
Drosophila,2018-10-31_1,IPS_R,67,2000,4422,0.007239952153563652,7.971691131943477e-05,1.285094656085499,-0.28248751222253715,,,
Drosophila,2018-10-31_1,IVLP_R,67,2000,4422,-0.00923101475885254,0.0004731782713887971,-1.6385091344849143,0.1724174023124798,,,
Drosophila,2018-10-31_1,LAL_R,67,2000,4422,0.001499923474991848,0.0002794023270276421,0.2662370691635634,-0.05161890303911492,,,
Drosophila,2018-10-31_1,LB_R,67,2000,4422,-0.0003520169079280228,-0.0004908360618992958,-0.06248315425777707,-0.9421389490853882,,,
Drosophila,2018-10-31_1,LH_R,67,2000,4422,0.005197309011681243,0.0004282753538479439,0.9225246100071276,0.12050237344485781,,,
Drosophila,2018-10-31_1,LO_R,67,2000,4422,-0.0009477079850358942,0.001810541276212071,-0.168218579524688,1.718625150143617,,,
Drosophila,2018-10-31_1,LOP_R,67,2000,4422,-0.0011818406811366956,-0.00484446527875628,-0.20977723491247666,-5.975637858514116,,,
Drosophila,2018-10-31_1,MB_R,67,2000,4422,0.013769501577374927,-5.051287428314434e-05,2.4440925186688522,-0.43305418916131244,,,
Drosophila,2018-10-31_1,ME_R,67,2000,4422,-0.0032033442484024435,0.00015084156716118334,-0.5685949973022852,-0.20025591651687663,,,
Drosophila,2018-10-31_1,OTU_R,67,2000,4422,-0.0057160961629122735,0.0011180376041423146,-1.0146095549835468,0.9179789985048811,,,
Drosophila,2018-10-31_1,PLP_R,67,2000,4422,-0.003951766945041762,0.0001459678382826113,-0.7014403514626538,-0.20589073468195088,,,
Drosophila,2018-10-31_1,PVLP_R,67,2000,4422,0.0017721193792067818,-1.4258220164980295e-05,0.314551960546208,-0.39113795034636856,,,
Drosophila,2018-10-31_1,SCL_R,67,2000,4422,-0.004044384893247917,0.00014125935990920104,-0.7178800775510021,-0.21133449655902203,,,
Drosophila,2018-10-31_1,SIP_R,67,2000,4422,0.006772033059950434,-0.0001126950314031014,1.2020388134599735,-0.5049468112609016,,,
Drosophila,2018-10-31_1,SLP_R,67,2000,4422,0.0010947604658165294,0.0001082944174046659,0.19432045881988366,-0.24944729714008473,,,
Drosophila,2018-10-31_1,SMP_R,67,2000,4422,0.01159274999177749,-7.961859769885427e-05,2.057718165504101,-0.4667051088362947,,,
Drosophila,2018-10-31_1,SPS_R,67,2000,4422,-0.005199978553061787,0.0002909336545436645,-0.9229984547632214,-0.03828682499916022,,,
Drosophila,2018-10-31_1,VES_R,67,2000,4422,-0.0019271590354486337,8.151144623235121e-05,-0.3420715669595827,-0.2804127398712027,,,
Drosophila,2018-10-31_1,WED_R,67,2000,4422,-0.0011601775318966947,0.0010314437555897032,-0.20593201650055595,0.8178625162456331,,,
Drosophila,2018-10-31_1,AL_L,67,2000,4422,-0.0029319666882603322,0.0003171146257123822,-0.520425362348484,-0.008017391553777646,,,
Drosophila,2018-10-31_1,AME_L,67,2000,4422,0.000909305146205975,0.002736148063307532,0.16140205893006646,2.788776171586902,,,
Drosophila,2018-10-31_1,AMMC_L,67,2000,4422,-0.00014352580189100098,0.0007459153341286146,-0.025475892258448683,0.4877455204136228,,,
Drosophila,2018-10-31_1,ATL_L,67,2000,4422,0.000531889163414976,0.000520041603807907,0.09441055783744734,0.22659898757712468,,,
Drosophila,2018-10-31_1,AVLP_L,67,2000,4422,0.0016914231491794145,-0.000419636893610619,0.3002283446196343,-0.8598212049500681,,,
Drosophila,2018-10-31_1,CRE_L,67,2000,4422,0.0007759314513316849,0.00034002750296881467,0.1377281700824775,0.018473597213839253,,,
Drosophila,2018-10-31_1,EPA_L,67,2000,4422,-0.0017265603147295992,0.00019424276312656006,-0.30646520678678374,-0.15007712046466276,,,
Drosophila,2018-10-31_1,GA_L,67,2000,4422,-0.007230894627665446,0.0009170490777834049,-1.2834869412992334,0.6856037828300795,,,
Drosophila,2018-10-31_1,GOR_L,67,2000,4422,-0.0032715660486844003,0.00020454511553040392,-0.5807043965236215,-0.1381659362534507,,,
Drosophila,2018-10-31_1,IB_L,67,2000,4422,0.0035351225186268653,5.6734402835601854e-05,0.6274857845654067,-0.3090590059412475,,,
Drosophila,2018-10-31_1,ICL_L,67,2000,4422,-0.007174288876316342,0.0005082315622647028,-1.2734393958155754,0.21294467108231252,,,
Drosophila,2018-10-31_1,IPS_L,67,2000,4422,0.0027208672011715075,0.00011347881716082765,0.48295511157801346,-0.24345329323694068,,,
Drosophila,2018-10-31_1,IVLP_L,67,2000,4422,-0.0064855863091101175,0.0007665162235677814,-1.1511943906032902,0.5115634776534835,,,
Drosophila,2018-10-31_1,LAL_L,67,2000,4422,0.00887025876579663,-1.981207113383617e-05,1.5744747888161004,-0.3975590995537068,,,
Drosophila,2018-10-31_1,LB_L,67,2000,4422,-0.0017211613185149801,-0.0003428712643673195,-0.30550688261053655,-0.7710677324261236,,,
Drosophila,2018-10-31_1,LH_L,67,2000,4422,0.0022039180175333134,8.476696526072525e-05,0.39119640664869865,-0.2766488337913057,,,
Drosophila,2018-10-31_1,LO_L,67,2000,4422,-0.000774716395234729,0.002178492261715391,-0.13751249709681088,2.1440359492725465,,,
Drosophila,2018-10-31_1,MB_L,67,2000,4422,0.015414784969942204,-0.00015504855511876993,2.736131036422551,-0.5539143288914423,,,
Drosophila,2018-10-31_1,ME_L,67,2000,4422,-0.002464076026240941,0.0023122460150398353,-0.43737456634322835,2.2986769023614797,,,
Drosophila,2018-10-31_1,OTU_L,67,2000,4422,-0.008638571114279913,0.00046644879507107376,-1.533350129905395,0.16463704022396441,,,
Drosophila,2018-10-31_1,PLP_L,67,2000,4422,0.012140206529998638,-0.00012222221758758278,2.1548919391402666,-0.5159617780577599,,,
Drosophila,2018-10-31_1,PVLP_L,67,2000,4422,-0.001479161543668302,0.00015159252223271807,-0.2625518173237746,-0.19938769110186783,,,
Drosophila,2018-10-31_1,SCL_L,67,2000,4422,0.003267336708759396,1.2904640780433097e-05,0.5799536868474923,-0.3597332936483855,,,
Drosophila,2018-10-31_1,SIP_L,67,2000,4422,0.007958672340314834,-8.186747473439725e-05,1.412667801822393,-0.4693051741018473,,,
Drosophila,2018-10-31_1,SLP_L,67,2000,4422,0.008612183596039479,-5.1488282517647344e-05,1.5286663339411566,-0.43418191870373846,,,
Drosophila,2018-10-31_1,SMP_L,67,2000,4422,0.013430780207362715,-2.3374184593424768e-05,2.3839693281736785,-0.40167747834092116,,,
Drosophila,2018-10-31_1,SPS_L,67,2000,4422,0.002342209689218614,0.00017675344970537117,0.41574323851918743,-0.17029759300544672,,,
Drosophila,2018-10-31_1,VES_L,67,2000,4422,-0.005098619455243033,0.000186225216038334,-0.9050071708169023,-0.15934670051264255,,,
Drosophila,2018-10-31_1,WED_L,67,2000,4422,-0.0018324903490154476,0.001110261203084154,-0.3252678339440214,0.9089882222362052,,,
Drosophila,2018-10-31_1,EB,67,2000,4422,-0.006141691794623411,0.00051647505945024,-1.0901529647139694,0.22247548595571048,,,
Drosophila,2018-10-31_1,FB,67,2000,4422,-0.003948702195524073,0.00021668160555964302,-0.7008963570903314,-0.12413419255558712,,,
Drosophila,2018-10-31_1,FLA,67,2000,4422,-0.007168757693696959,0.0005937981688263599,-1.2724576084949915,0.31187349560048144,,,
Drosophila,2018-10-31_1,NO,67,2000,4422,-0.001150110238417416,0.00041621439986652486,-0.20414506752947784,0.10655796162469591,,,
Drosophila,2018-10-31_1,PB,67,2000,4422,0.0008058902044396094,0.00048209994037884163,0.1430458617889107,0.18273229338262312,,,
Drosophila,2018-10-31_1,PRW,67,2000,4422,-0.00459170834743289,0.0006166651265700827,-0.8150302287128651,0.33831139399093657,,,
Drosophila,2018-10-31_1,SAD,67,2000,4422,-0.002876780631438265,0.0004511280443978546,-0.5106298132608342,0.1469237766537261,,,
Drosophila,2018-10-31_1,SOG,67,2000,4422,0.00905442513556707,-0.00016981855843371658,1.6071643995487022,-0.5709908395162295,,,
Drosophila,2018-11-03_2,AL_R,67,2000,4422,0.0019075924157200038,8.484222112795644e-05,0.5341166748975331,-0.4969255723795961,,,
Drosophila,2018-11-03_2,AME_R,67,2000,4422,-0.0006328060204517893,0.0004168922667394305,-0.1771826333096831,-0.07606405200108214,,,
Drosophila,2018-11-03_2,AMMC_R,67,2000,4422,-0.0006151971719555424,0.00037836190817681724,-0.17225224066915673,-0.12489989918649316,,,
Drosophila,2018-11-03_2,ATL_R,67,2000,4422,-0.004260477975804839,0.00043329434140119933,-1.1929132822915691,-0.05527501079856709,,,
Drosophila,2018-11-03_2,AVLP_R,67,2000,4422,-0.001396603411612878,-4.7969425621878786e-05,-0.3910422185651589,-0.6652595699617314,,,
Drosophila,2018-11-03_2,CRE_R,67,2000,4422,0.0008715198992011772,0.00012876965098292768,0.24402136789407908,-0.4412491309533074,,,
Drosophila,2018-11-03_2,EPA_R,67,2000,4422,-0.0008475705282885,0.00033933173171880047,-0.23731565956123332,-0.17436924762315248,,,
Drosophila,2018-11-03_2,GA_R,67,2000,4422,-0.0023665852199570426,0.0002896236233106459,-0.6626324460762781,-0.23737249173134428,,,
Drosophila,2018-11-03_2,GOR_R,67,2000,4422,-0.0009933359717497893,2.3668435889513612e-05,-0.27812928061304604,-0.5744611505342347,,,
Drosophila,2018-11-03_2,IB_R,67,2000,4422,-0.001761480810583895,0.00035601479517593067,-0.49320613024652393,-0.15322406320310725,,,
Drosophila,2018-11-03_2,ICL_R,67,2000,4422,-0.00502680618455311,0.00022474760540053626,-1.4074814842637493,-0.31960051697817765,,,
Drosophila,2018-11-03_2,IPS_R,67,2000,4422,0.0017324565883193614,-4.344062516012963e-05,0.48507948801432127,-0.6595194778490718,,,
Drosophila,2018-11-03_2,IVLP_R,67,2000,4422,0.0005649349570847987,-0.0003636562029161795,0.15817906295125617,-1.0653812347873113,,,
Drosophila,2018-11-03_2,LAL_R,67,2000,4422,0.0013475656770361763,0.00044170847028076346,0.3773118894231604,-0.044610404304106316,,,
Drosophila,2018-11-03_2,LB_R,67,2000,4422,-0.00022252651365101968,0.00043161989330811357,-0.062306350438577456,-0.0573973136850288,,,
Drosophila,2018-11-03_2,LH_R,67,2000,4422,-7.429147196559529e-05,0.0011924181724542588,-0.020801253796414374,0.9068872111767848,,,
Drosophila,2018-11-03_2,LO_R,67,2000,4422,-0.0002245111701518653,3.5782931038735546e-06,-0.06286204468558217,-0.5999246857727727,,,
Drosophila,2018-11-03_2,LOP_R,67,2000,4422,-0.0005710573269852514,,-0.15989329699138688,,,,
Drosophila,2018-11-03_2,MB_R,67,2000,4422,0.012585765995287799,-7.804074097548815e-05,3.523953769707299,-0.7033738833514371,,,
Drosophila,2018-11-03_2,ME_R,67,2000,4422,-0.0004939688025209768,0.0014286991405062545,-0.13830888198726524,1.2063648615043046,,,
Drosophila,2018-11-03_2,OTU_R,67,2000,4422,-0.00045230257403375864,0.0016090617594976273,-0.1266425389929658,1.4349680104916054,,,
Drosophila,2018-11-03_2,PLP_R,67,2000,4422,0.0002679217537796844,0.0006844877871252479,0.07501679870514073,0.2631036699869167,,,
Drosophila,2018-11-03_2,PVLP_R,67,2000,4422,-0.0005166797180948543,7.85060940386807e-05,-0.14466782879908702,-0.5049563861540483,,,
Drosophila,2018-11-03_2,SCL_R,67,2000,4422,-0.0014384451609407393,0.00037460822736521803,-0.4027577065481923,-0.12965755495032874,,,
Drosophila,2018-11-03_2,SIP_R,67,2000,4422,0.001415247726418232,0.00023456636075472586,0.39626253677753753,-0.3071555968186903,,,
Drosophila,2018-11-03_2,SLP_R,67,2000,4422,0.000641543394212535,0.0020684904588982736,0.17962905581690675,2.017277404785505,,,
Drosophila,2018-11-03_2,SMP_R,67,2000,4422,0.010825925843126014,-5.935144532926764e-05,3.0312070159050504,-0.6796858716061375,,,
Drosophila,2018-11-03_2,SPS_R,67,2000,4422,0.00019513971380386523,-0.00038095752349775694,0.054638178584934825,-1.087310037932361,,,
Drosophila,2018-11-03_2,VES_R,67,2000,4422,0.00020153513025389033,0.0011691504033544333,0.05642886434187263,0.8773961485836876,,,
Drosophila,2018-11-03_2,WED_R,67,2000,4422,-0.0004989904047036044,0.0008512474834808671,-0.13971490637609202,0.47446560254392894,,,
Drosophila,2018-11-03_2,AL_L,67,2000,4422,-0.002636384169328062,0.00018653403508939694,-0.7381748504921113,-0.3680348464197562,,,
Drosophila,2018-11-03_2,AME_L,67,2000,4422,0.00039142841814778244,0.0023417864316732043,0.10959806897878853,2.363670245670596,,,
Drosophila,2018-11-03_2,AMMC_L,67,2000,4422,-0.00263628384990645,-0.0006912816981916159,-0.738146761537963,-1.4806347963474884,,,
Drosophila,2018-11-03_2,ATL_L,67,2000,4422,-0.0033614805775664097,0.00037300972512515127,-0.9411983472081186,-0.13168359919267808,,,
Drosophila,2018-11-03_2,AVLP_L,67,2000,4422,0.0023417864316732043,2.7798525044718288e-05,0.6556889049767755,-0.5692264106986856,,,
Drosophila,2018-11-03_2,CRE_L,67,2000,4422,0.004534855385833933,0.0002158515758714482,1.2697376336069013,-0.33087591525752297,,,
Drosophila,2018-11-03_2,EPA_L,67,2000,4422,-0.0011686826844530397,0.0006622023479782788,-0.32722551436375724,0.2348576753675677,,,
Drosophila,2018-11-03_2,GA_L,67,2000,4422,-0.0024762563772387555,0.000702829281165085,-0.6933398411029896,0.28635085567365326,,,
Drosophila,2018-11-03_2,GOR_L,67,2000,4422,-0.0004500348616635299,0.0009050713701304984,-0.12600759046788823,0.5426854479179297,,,
Drosophila,2018-11-03_2,IB_L,67,2000,4422,-0.0008438712279791148,0.0004550540817141141,-0.2362798733186305,-0.02769532059171685,,,
Drosophila,2018-11-03_2,ICL_L,67,2000,4422,-0.00156233639065092,0.00012255277423562242,-0.4374466532626255,-0.4491287991974678,,,
Drosophila,2018-11-03_2,IPS_L,67,2000,4422,0.00015397719934464392,0.0007469771955086285,0.0431128730887486,0.3423067532792342,,,
Drosophila,2018-11-03_2,IVLP_L,67,2000,4422,-0.0013242668682761326,-9.794364305055879e-05,-0.3707883353549864,-0.728600097706667,,,
Drosophila,2018-11-03_2,LAL_L,67,2000,4422,-0.004375191294382938,0.00022204101006128278,-1.2250324581597902,-0.3230310294704435,,,
Drosophila,2018-11-03_2,LB_L,67,2000,4422,-0.0008904264845834573,0.0010316627097703426,-0.24931512060290292,0.7031354293942661,,,
Drosophila,2018-11-03_2,LH_L,67,2000,4422,-0.0005558118333516775,0.00037701674001512083,-0.15562463231247928,-0.1266048515729739,,,
Drosophila,2018-11-03_2,LO_L,67,2000,4422,0.0002003019675666669,0.0036913145271861374,0.0560835847377603,4.074148691849334,,,
Drosophila,2018-11-03_2,MB_L,67,2000,4422,0.016940416884052494,-0.0001402953865290315,4.743235013373127,-0.7822794131791505,,,
Drosophila,2018-11-03_2,ME_L,67,2000,4422,0.00027624206084305006,0.0037705317200482217,0.07734644454886987,4.174553641852156,,,
Drosophila,2018-11-03_2,OTU_L,67,2000,4422,-0.004622580893919961,0.00026815005578356883,-1.2943003527163295,-0.26458946819871343,,,
Drosophila,2018-11-03_2,PLP_L,67,2000,4422,-0.0019345563008251845,0.0004041537456617122,-0.5416664326634039,-0.0922096704673276,,,
Drosophila,2018-11-03_2,PVLP_L,67,2000,4422,-0.0020200010402438287,0.00040932475694176656,-0.5655905475475297,-0.08565559918204746,,,
Drosophila,2018-11-03_2,SCL_L,67,2000,4422,-0.0004210481408924354,0.00014903435261324916,-0.11789144847295552,-0.41556434864150726,,,
Drosophila,2018-11-03_2,SIP_L,67,2000,4422,0.001517904137795451,0.00013458701502354556,0.4250058367874709,-0.4338758307321883,,,
Drosophila,2018-11-03_2,SLP_L,67,2000,4422,0.0036913145271861374,0.00010682842007625742,1.0335502621074635,-0.469058853976692,,,
Drosophila,2018-11-03_2,SMP_L,67,2000,4422,0.00652705479455526,3.0519618737546635e-05,1.8275438584326822,-0.5657775220633982,,,
Drosophila,2018-11-03_2,SPS_L,67,2000,4422,-0.0011843719603045302,-0.0004676298691938551,-0.33161843592304396,-1.1971641266955746,,,
Drosophila,2018-11-03_2,VES_L,67,2000,4422,-0.0017114931017476272,0.0005855811893895716,-0.47920981289416326,0.13774310567243783,,,
Drosophila,2018-11-03_2,WED_L,67,2000,4422,-0.0003125535568656007,,-0.08751348828226578,,,,
Drosophila,2018-11-03_2,EB,67,2000,4422,-0.004066485333256907,0.0004087602687752893,-1.1385962781252579,-0.08637106768180876,,,
Drosophila,2018-11-03_2,FB,67,2000,4422,-0.0009939455925007936,4.330985759252021e-05,-0.27829997148274743,-0.5495663531698785,,,
Drosophila,2018-11-03_2,FLA,67,2000,4422,-0.003435142494024004,0.0005529788178348053,-0.9618233284990303,0.09642076935046376,,,
Drosophila,2018-11-03_2,NO,67,2000,4422,-0.0015368836601746918,-0.00028829266132349005,-0.4303200115036233,-0.9698606495170992,,,
Drosophila,2018-11-03_2,PB,67,2000,4422,-0.00042767317184496295,0.0005074362417062918,-0.11974642518302053,0.03869718796650723,,,
Drosophila,2018-11-03_2,PRW,67,2000,4422,-0.003210004447706845,0.00036549949706963164,-0.8987857615109793,-0.14120254382048192,,,
Drosophila,2018-11-03_2,SAD,67,2000,4422,0.0006261461483193744,-0.00022917035988916632,0.17531790123731036,-0.8949252534863434,,,
Drosophila,2018-11-03_2,SOG,67,2000,4422,0.0007928257021313736,0.0008447709326879163,0.22198737230556645,0.4662568067628277,,,
Drosophila,2018-11-03_3,AL_R,66,2000,4290,0.01329648972301443,-7.826143005737096e-05,0.9648631175433833,-0.3545679130569669,,,
Drosophila,2018-11-03_3,AME_R,66,2000,4290,-0.00013187216401099578,,-0.009569336714833013,,,,
Drosophila,2018-11-03_3,AMMC_R,66,2000,4290,-0.00443054823602181,0.002616854717546694,-0.3215038459387603,1.096512933349608,,,
Drosophila,2018-11-03_3,ATL_R,66,2000,4290,-0.011475794319738952,0.00041954299957702495,-0.8327438981481592,-0.08654440923098582,,,
Drosophila,2018-11-03_3,AVLP_R,66,2000,4290,0.009300087484926008,1.8779621707433847e-05,0.6748631850254672,-0.3023199193457348,,,
Drosophila,2018-11-03_3,CRE_R,66,2000,4290,0.012008407088380784,0.0001320206336613246,0.8713930775256067,-0.24134968486434905,,,
Drosophila,2018-11-03_3,EPA_R,66,2000,4290,-0.0058685041926241485,0.0006704876482489612,-0.42584948122142857,0.048567012041077745,,,
Drosophila,2018-11-03_3,GA_R,66,2000,4290,-0.008660120042939553,0.0005849870001617923,-0.6284237868035035,0.0025325014672252836,,,
Drosophila,2018-11-03_3,GOR_R,66,2000,4290,-0.013974405471845402,0.0004047060611427017,-1.0140562441861736,-0.0945327837581837,,,
Drosophila,2018-11-03_3,IB_R,66,2000,4290,-0.008151639432137996,0.00045877933284791056,-0.5915257635230307,-0.06541912609867186,,,
Drosophila,2018-11-03_3,ICL_R,66,2000,4290,-0.00024341855348285736,0.00017197746930604837,-0.017663728493306767,-0.21983647515031934,,,
Drosophila,2018-11-03_3,IPS_R,66,2000,4290,0.0020348049583037283,0.0009092615167771356,0.1476561330516766,0.17712554839642308,,,
Drosophila,2018-11-03_3,IVLP_R,66,2000,4290,-0.01742050744441383,0.0005922357335767218,-1.2641234996716286,0.006435301065848312,,,
Drosophila,2018-11-03_3,LAL_R,66,2000,4290,0.004526429682195389,9.113258395556982e-05,0.32846150717091854,-0.26336427070239776,,,
Drosophila,2018-11-03_3,LB_R,66,2000,4290,0.00042389752074816384,0.0024140952692398667,0.030760230098930183,0.9873449659031733,,,
Drosophila,2018-11-03_3,LH_R,66,2000,4290,0.012501648852422843,-0.00017488520466457717,0.9071852900621592,-0.4065912400533441,,,
Drosophila,2018-11-03_3,LO_R,66,2000,4290,-0.005273637593783464,0.008883177897336635,-0.3826828370140934,4.470371811999522,,,
Drosophila,2018-11-03_3,MB_R,66,2000,4290,0.02208091479874426,-0.0001693398933704144,1.6023071302834182,-0.4036055820832878,,,
Drosophila,2018-11-03_3,ME_R,66,2000,4290,-0.008438293567281513,0.0011097926952887522,-0.612326892862645,0.2850937903232987,,,
Drosophila,2018-11-03_3,OTU_R,66,2000,4290,-0.009655251169980755,0.0004086949481622611,-0.700635727067671,-0.09238512212300407,,,
Drosophila,2018-11-03_3,PLP_R,66,2000,4290,0.00987038445736358,5.570792917018118e-07,0.7162469281196499,-0.31213114113512125,,,
Drosophila,2018-11-03_3,PVLP_R,66,2000,4290,0.009105676913511329,-0.00011921353353488008,0.6607557330643768,-0.3766169861661543,,,
Drosophila,2018-11-03_3,SCL_R,66,2000,4290,0.004281686115059109,2.3324964153868254e-05,0.3107016287289365,-0.29987265585015477,,,
Drosophila,2018-11-03_3,SIP_R,66,2000,4290,-0.00024368417243276935,0.00021074367931428454,-0.017683003199144887,-0.19896431167019077,,,
Drosophila,2018-11-03_3,SLP_R,66,2000,4290,0.01487646499449968,-0.00015035993550909185,1.0795144200934148,-0.3933865592991851,,,
Drosophila,2018-11-03_3,SMP_R,66,2000,4290,0.03514414265756399,-0.0005069032716425542,2.5502435420435963,-0.5853535015911189,,,
Drosophila,2018-11-03_3,SPS_R,66,2000,4290,-0.005460594498901864,0.0004115680182297331,-0.39624941180763273,-0.09083822888465551,,,
Drosophila,2018-11-03_3,VES_R,66,2000,4290,0.0019917260823272107,0.00028571803614114354,0.14453010359271168,-0.15859727470229462,,,
Drosophila,2018-11-03_3,WED_R,66,2000,4290,-0.0014027800332220303,0.001601925446491525,-0.1017930855644937,0.5500635986911371,,,
Drosophila,2018-11-03_3,AL_L,66,2000,4290,0.011200329659851686,-1.3983174411973977e-05,0.8127547358919123,-0.31995977726646313,,,
Drosophila,2018-11-03_3,AME_L,66,2000,4290,-9.370098796320865e-05,0.0020348049583037283,-0.006799435734274399,0.7831307965374825,,,
Drosophila,2018-11-03_3,AMMC_L,66,2000,4290,-0.020241583892255232,0.0003896280579356783,-1.468835620915263,-0.1026509502703094,,,
Drosophila,2018-11-03_3,ATL_L,66,2000,4290,-0.012858208546592306,0.00038532397455455074,-0.9330591338565248,-0.10496831717163696,,,
Drosophila,2018-11-03_3,AVLP_L,66,2000,4290,0.0017760351178037486,0.00010706559550201758,0.128878434558904,-0.25478575808386783,,,
Drosophila,2018-11-03_3,CRE_L,66,2000,4290,0.005147296179302498,0.00015510934154682303,0.37351484052852857,-0.22891846485525685,,,
Drosophila,2018-11-03_3,EPA_L,66,2000,4290,-0.011252157864267314,0.0009363267047013642,-0.8165156625673629,0.19169774998267264,,,
Drosophila,2018-11-03_3,GA_L,66,2000,4290,-0.0013024482160018211,0.004412337822805004,-0.09451248203916437,2.0632212313957257,,,
Drosophila,2018-11-03_3,GOR_L,66,2000,4290,-0.011463616036607688,0.0006189364819557996,-0.8318601779728999,0.020811284302060664,,,
Drosophila,2018-11-03_3,IB_L,66,2000,4290,-0.004811958150440471,0.0004323842986402752,-0.3491809522092199,-0.07963050938654818,,,
Drosophila,2018-11-03_3,ICL_L,66,2000,4290,-0.01996824967883692,0.0005581777202122798,-1.4490010550423185,-0.011901916387186424,,,
Drosophila,2018-11-03_3,IPS_L,66,2000,4290,-0.007998122115962396,0.00043726932413164877,-0.5803857409029476,-0.07700035671908642,,,
Drosophila,2018-11-03_3,IVLP_L,66,2000,4290,-0.005893442709283067,0.00029654267031170876,-0.4276591509486787,-0.1527691699179316,,,
Drosophila,2018-11-03_3,LAL_L,66,2000,4290,-0.009133192382867264,0.00026637715265366113,-0.662752400011555,-0.169010623902928,,,
Drosophila,2018-11-03_3,LB_L,66,2000,4290,-0.007460246548099264,0.0025182967259943685,-0.5413546651777086,1.043448202195435,,,
Drosophila,2018-11-03_3,LH_L,66,2000,4290,-0.009175421345864763,0.0007506077489942913,-0.6658167553216536,0.09170457540993976,,,
Drosophila,2018-11-03_3,LO_L,66,2000,4290,-0.00020529818268741042,-0.009346073321146123,-0.01489751420864923,-5.344462072243186,,,
Drosophila,2018-11-03_3,MB_L,66,2000,4290,0.05632945262753963,-0.0009015900208528717,4.087560882903352,-0.7978572864905981,,,
Drosophila,2018-11-03_3,ME_L,66,2000,4290,-0.0028962949911270942,0.0038577708423776884,-0.21017037373610137,1.764636131802523,,,
Drosophila,2018-11-03_3,OTU_L,66,2000,4290,-0.015946782816311674,0.0004975994861272679,-1.1571823017545635,-0.04451791895466034,,,
Drosophila,2018-11-03_3,PLP_L,66,2000,4290,0.012415343180322197,9.303264972294747e-06,0.9009224972815525,-0.30742209639450535,,,
Drosophila,2018-11-03_3,PVLP_L,66,2000,4290,-0.009346073321146123,0.0003174004545672115,-0.6782001587848935,-0.14153910428289498,,,
Drosophila,2018-11-03_3,SCL_L,66,2000,4290,-0.024960695899717323,0.0008309604671542534,-1.8112791694313155,0.13496738261113647,,,
Drosophila,2018-11-03_3,SIP_L,66,2000,4290,-0.0031753716743672896,0.00023433108275583306,-0.230421643374488,-0.18626458836478765,,,
Drosophila,2018-11-03_3,SLP_L,66,2000,4290,0.001807702243446451,1.5330505418488857e-05,0.13117636748765063,-0.30417696234863706,,,
Drosophila,2018-11-03_3,SMP_L,66,2000,4290,0.04559817663792351,-0.0007174512339350797,3.308843144443575,-0.6987148925665038,,,
Drosophila,2018-11-03_3,SPS_L,66,2000,4290,-0.00774403958450801,0.00024584994548258174,-0.5619481781687725,-0.18006270311764128,,,
Drosophila,2018-11-03_3,VES_L,66,2000,4290,-0.0072412167834199105,0.00039495368222188713,-0.5254607152717026,-0.09978357425620131,,,
Drosophila,2018-11-03_3,WED_L,66,2000,4290,-0.001979568366288257,0.0019012602335789137,-0.1436478758736733,0.7112288147401157,,,
Drosophila,2018-11-03_3,EB,66,2000,4290,-0.002361629593269645,0.0014632279809292771,-0.1713722448038919,0.47538732327293926,,,
Drosophila,2018-11-03_3,FB,66,2000,4290,0.015263711056600314,-0.00010628245119820939,1.1076150278867707,-0.3696547459974958,,,
Drosophila,2018-11-03_3,FLA,66,2000,4290,0.0010852320035435006,0.000975200365794669,0.07875013300573944,0.21262776633552705,,,
Drosophila,2018-11-03_3,NO,66,2000,4290,-0.005856946852020483,0.0015807927470042683,-0.4250108198966985,0.5386855156032948,,,
Drosophila,2018-11-03_3,PB,66,2000,4290,-0.011049212211524108,0.00042195898998723883,-0.8017888602851968,-0.08524361282097583,,,
Drosophila,2018-11-03_3,PRW,66,2000,4290,0.0005923128145616019,0.00026568890509221464,0.04298132820947563,-0.16938118413087547,,,
Drosophila,2018-11-03_3,SAD,66,2000,4290,0.00242138942117575,0.0001268112324474277,0.175708731730779,-0.24415448506913914,,,
Drosophila,2018-11-03_3,SOG,66,2000,4290,0.010166787373115589,0.00014476870354134414,0.7377554801735371,-0.234485980660731,,,
Drosophila,2018-11-03_4,AL_R,66,2000,4290,0.005663686329579867,-2.078948372922639e-05,2.4781551656289253,-0.5368694148894624,,,
Drosophila,2018-11-03_4,AME_R,66,2000,4290,-0.0019442086525180468,0.0007569408416877452,-0.8506916582111378,2.6164367729701,,,
Drosophila,2018-11-03_4,AMMC_R,66,2000,4290,-0.0019207845870129726,0.00010249630996779427,-0.8404424202495898,-0.03700738889534364,,,
Drosophila,2018-11-03_4,ATL_R,66,2000,4290,-0.0019359222117738995,5.9203705565919535e-05,-0.8470659125854421,-0.21253717459040036,,,
Drosophila,2018-11-03_4,AVLP_R,66,2000,4290,0.0020458315923797946,0.00012402073291156918,0.8951569408397875,0.05026334472600815,,,
Drosophila,2018-11-03_4,CRE_R,66,2000,4290,0.0024399582189660284,-7.436897967540292e-05,1.067607687358977,-0.7541073836145379,,,
Drosophila,2018-11-03_4,EPA_R,66,2000,4290,-8.145944347032624e-05,0.00010638203105379381,-0.03564271198617404,-0.021252739829538615,,,
Drosophila,2018-11-03_4,GA_R,66,2000,4290,0.00013327832626478433,5.3415222622793656e-05,0.058316148437541224,-0.23600656814026907,,,
Drosophila,2018-11-03_4,GOR_R,66,2000,4290,-0.001307444373458596,0.00014985534976180736,-0.5720744121963478,0.15500975169060824,,,
Drosophila,2018-11-03_4,IB_R,66,2000,4290,0.003095519660894939,-0.00020208706936830536,1.3544496625613343,-1.2719401456510577,,,
Drosophila,2018-11-03_4,ICL_R,66,2000,4290,-0.0014837685271338536,0.00025635520511743947,-0.6492253324324093,0.586813221253163,,,
Drosophila,2018-11-03_4,IPS_R,66,2000,4290,0.002041318015246018,0.00025213379231797797,0.8931820178234623,0.5696975107465491,,,
Drosophila,2018-11-03_4,IVLP_R,66,2000,4290,-0.001001135593385773,0.00022850023607680548,-0.4380485072569284,0.473875300012435,,,
Drosophila,2018-11-03_4,LAL_R,66,2000,4290,0.00010356900342951729,4.157026150316808e-05,0.04531678590804608,-0.2840319414255991,,,
Drosophila,2018-11-03_4,LB_R,66,2000,4290,-0.00029277154748430853,-4.251119127719292e-05,-0.12810266680168242,-0.6249400385791786,,,
Drosophila,2018-11-03_4,LH_R,66,2000,4290,0.0018263775531353601,0.0005422389139624656,0.7991344690211423,1.7459281980620518,,,
Drosophila,2018-11-03_4,LO_R,66,2000,4290,0.00022554062919199352,0.0007569278048480127,0.09868566915018365,2.6163839151271495,,,
Drosophila,2018-11-03_4,MB_R,66,2000,4290,0.006635555415207096,7.341541479806561e-05,2.9033980648134277,-0.15491582539360696,,,
Drosophila,2018-11-03_4,ME_R,66,2000,4290,0.00011323226801235064,-9.380802421146399e-05,0.049544963043795735,-0.8329229542800833,,,
Drosophila,2018-11-03_4,OTU_R,66,2000,4290,-0.007070939110200177,0.00018137750016139484,-3.0939009087196423,0.28281625307187724,,,
Drosophila,2018-11-03_4,PLP_R,66,2000,4290,-0.00018354729420527825,0.0007662637161556993,-0.0803114171235828,2.65423635051991,,,
Drosophila,2018-11-03_4,PVLP_R,66,2000,4290,0.0011559744279769468,2.7748839898687616e-06,0.5057984911813638,-0.4413277288920922,,,
Drosophila,2018-11-03_4,SCL_R,66,2000,4290,-0.0003422949100289029,0.00010617176167080574,-0.14977169463400314,-0.022105276659883002,,,
Drosophila,2018-11-03_4,SIP_R,66,2000,4290,0.003212924648216564,-0.0001944995831369556,1.4058204057259307,-1.2411766965457565,,,
Drosophila,2018-11-03_4,SLP_R,66,2000,4290,-0.0017001573333746028,0.00025882993775457015,-0.7439066065646172,0.5968470202229773,,,
Drosophila,2018-11-03_4,SMP_R,66,2000,4290,0.004628685763192226,-0.00011423540021886423,2.025288984352841,-0.9157457130960449,,,
Drosophila,2018-11-03_4,SPS_R,66,2000,4290,0.002139442414776906,3.170878483806063e-05,0.9361165084398847,-0.3240152806027671,,,
Drosophila,2018-11-03_4,VES_R,66,2000,4290,-0.0006925464212839845,0.00011145156964489065,-0.30302481307612295,-0.0006983048454997736,,,
Drosophila,2018-11-03_4,WED_R,66,2000,4290,-0.0026057228914151956,5.573616513153518e-05,-1.140138289409314,-0.22659631096589808,,,
Drosophila,2018-11-03_4,AL_L,66,2000,4290,0.0012180215292947362,-0.00011951166673050849,0.5329473012840565,-0.9371383260574129,,,
Drosophila,2018-11-03_4,AME_L,66,2000,4290,0.0003293447161710949,0.0002313257457306698,0.14410531624771925,0.4853313237576971,,,
Drosophila,2018-11-03_4,AMMC_L,66,2000,4290,4.4623717573945606e-05,-0.0004100466059864437,0.01952518020602365,-2.115111708095668,,,
Drosophila,2018-11-03_4,ATL_L,66,2000,4290,-0.0029171207806008544,0.0001964615734835659,-1.2763909423186124,0.34397460088276927,,,
Drosophila,2018-11-03_4,AVLP_L,66,2000,4290,-0.0005205759613307834,5.595656083208399e-05,-0.22777885860953426,-0.22570271699944755,,,
Drosophila,2018-11-03_4,CRE_L,66,2000,4290,-0.0004737366992282947,-7.929875577925918e-06,-0.20728426329141042,-0.48473015706226574,,,
Drosophila,2018-11-03_4,EPA_L,66,2000,4290,-0.0008477203715635198,0.00039630006097178896,-0.3709214274150745,1.1542193844216655,,,
Drosophila,2018-11-03_4,GA_L,66,2000,4290,-0.0026701823855732575,0.0005429556357798948,-1.1683426459230828,1.7488341453653946,,,
Drosophila,2018-11-03_4,GOR_L,66,2000,4290,-0.0027343072722313963,0.0003774158892990506,-1.196400594381013,1.077653544769827,,,
Drosophila,2018-11-03_4,IB_L,66,2000,4290,0.0002142103589864911,6.647866663829416e-05,0.09372809099281063,-0.18304085817293622,,,
Drosophila,2018-11-03_4,ICL_L,66,2000,4290,-0.0010343519034284518,3.2838910085279383e-06,-0.45258235774322514,-0.4392639608620345,,,
Drosophila,2018-11-03_4,IPS_L,66,2000,4290,-0.0012869926871310541,-0.00024291439751841174,-0.563125743578575,-1.437474473273528,,,
Drosophila,2018-11-03_4,IVLP_L,66,2000,4290,-0.0003645394395707085,-0.00028001619076255426,-0.15950482471627941,-1.5879036264053878,,,
Drosophila,2018-11-03_4,LAL_L,66,2000,4290,0.001610837167620497,3.867477688815352e-05,0.7048244227575226,-0.2957716785233938,,,
Drosophila,2018-11-03_4,LB_L,66,2000,4290,-0.000732455252885973,0.00035075992170353074,-0.320486987256242,0.9695769727044752,,,
Drosophila,2018-11-03_4,LH_L,66,2000,4290,0.0014853923289126012,-8.130722090243294e-05,0.6499358295418528,-0.7822384700323475,,,
Drosophila,2018-11-03_4,LO_L,66,2000,4290,-0.0009330198182317336,0.00030348449440106585,-0.4082443390463413,0.7778988388132153,,,
Drosophila,2018-11-03_4,MB_L,66,2000,4290,0.004834034789196223,-0.0002058211287724906,2.1151397846859914,-1.2870798827041805,,,
Drosophila,2018-11-03_4,ME_L,66,2000,4290,-0.0005504005761363937,0.0004816562811774259,-0.24082866732817823,1.5002960237791887,,,
Drosophila,2018-11-03_4,OTU_L,66,2000,4290,-0.002862509035620843,0.00028059039061798565,-1.2524954844752993,0.6850747367236114,,,
Drosophila,2018-11-03_4,PLP_L,66,2000,4290,0.0010821294239508146,-0.00015120749654468587,0.4734874895590646,-1.0656490103088,,,
Drosophila,2018-11-03_4,PVLP_L,66,2000,4290,-0.0007530034277824786,6.469501270255725e-06,-0.3294778746043059,-0.4263479098580704,,,
Drosophila,2018-11-03_4,SCL_L,66,2000,4290,-0.0011643669991445863,0.000157522181076015,-0.5094706743464821,0.18609490528983913,,,
Drosophila,2018-11-03_4,SIP_L,66,2000,4290,0.0003776495761000066,0.00034961214659218816,0.16524118627862439,0.964923320606073,,,
Drosophila,2018-11-03_4,SLP_L,66,2000,4290,0.0004339605737000327,-0.00028769476398872326,0.1898801548697,-1.6190363875652796,,,
Drosophila,2018-11-03_4,SMP_L,66,2000,4290,-0.0013571539611521397,-6.385557714092695e-05,-0.5938249231454911,-0.7114808121874208,,,
Drosophila,2018-11-03_4,SPS_L,66,2000,4290,0.0002881843086042497,1.2986888220141135e-05,0.12609551296845894,-0.39992317634040736,,,
Drosophila,2018-11-03_4,VES_L,66,2000,4290,-0.0035127290772880774,9.872763672048324e-05,-1.5370003213052446,-0.05228746771237486,,,
Drosophila,2018-11-03_4,WED_L,66,2000,4290,-0.002253116372228133,-0.0001469806195989277,-0.9858547334160793,-1.0485111454309786,,,
Drosophila,2018-11-03_4,EB,66,2000,4290,-0.0007909387101947278,-3.9727080084020206e-05,-0.3460765191264295,-0.6136518648173882,,,
Drosophila,2018-11-03_4,FB,66,2000,4290,0.0011385913929398857,9.234527691050452e-05,0.49819251592697544,-0.07816473393722215,,,
Drosophila,2018-11-03_4,FLA,66,2000,4290,-0.002808952486925308,0.00017718733486467032,-1.2290617294825608,0.2658272355081968,,,
Drosophila,2018-11-03_4,NO,66,2000,4290,-0.0009255993788613978,0.00010754770974315278,-0.4049975137303288,-0.016526497706678175,,,
Drosophila,2018-11-03_4,PB,66,2000,4290,0.0005693842610900933,0.0005921451128710478,0.249135009557087,1.9482727906386756,,,
Drosophila,2018-11-03_4,PRW,66,2000,4290,-0.00040923977116985675,0.00016054159745360142,-0.17906352751364504,0.1983371234932545,,,
Drosophila,2018-11-03_4,SAD,66,2000,4290,0.00025752390636343353,9.604427755984652e-05,0.11268000409811238,-0.063167142541756,,,
Drosophila,2018-11-03_4,SOG,66,2000,4290,0.005120932948051391,-4.7760583963513156e-05,2.2406725407397863,-0.6462236916647178,,,
Drosophila,2018-11-03_5,AL_R,66,2000,4290,0.0006836169811737983,0.00018469438108305542,0.08738149367188168,0.03161840174419551,,,
Drosophila,2018-11-03_5,AME_R,66,2000,4290,-0.0002365840291462294,0.009243450360505872,-0.03024071434008709,3.9957454945642765,,,
Drosophila,2018-11-03_5,AMMC_R,66,2000,4290,-0.00035658511602317043,0.0006943109805867812,-0.04557952905991993,0.25462749632986037,,,
Drosophila,2018-11-03_5,ATL_R,66,2000,4290,0.00018617833930605342,-0.002760756818929243,0.023797743218694756,-1.2573160754699841,,,
Drosophila,2018-11-03_5,AVLP_R,66,2000,4290,0.0003547157045908706,0.00013650289981798666,0.04534057659422607,0.010529727210966445,,,
Drosophila,2018-11-03_5,CRE_R,66,2000,4290,-0.0056063848293049934,0.0002592383481702232,-0.7166209938829771,0.06423896909447734,,,
Drosophila,2018-11-03_5,EPA_R,66,2000,4290,-0.00041561699499371123,0.0010502897061691265,-0.053125119501290466,0.4104043948084141,,,
Drosophila,2018-11-03_5,GA_R,66,2000,4290,0.0002436212535028741,,0.031140228530814024,,,,
Drosophila,2018-11-03_5,GOR_R,66,2000,4290,-0.0023951729869962557,0.0008148309434850831,-0.30615651595855514,0.307367237993734,,,
Drosophila,2018-11-03_5,IB_R,66,2000,4290,-0.002750374241784987,0.00040883778355390183,-0.35155915669499854,0.12970393759811208,,,
Drosophila,2018-11-03_5,ICL_R,66,2000,4290,-0.003680024462033313,0.00017167618181680312,-0.47038918443686367,0.025921615504638437,,,
Drosophila,2018-11-03_5,IPS_R,66,2000,4290,0.021083802420848848,-0.00015095072130798996,2.6949800817604683,-0.1152604684873315,,,
Drosophila,2018-11-03_5,IVLP_R,66,2000,4290,-0.0048407853224481925,0.0002846610779423959,-0.6187603053600932,0.07536399907566187,,,
Drosophila,2018-11-03_5,LAL_R,66,2000,4290,0.003302551492124721,-5.410055820145558e-05,0.4221397218873248,-0.07287867165046397,,,
Drosophila,2018-11-03_5,LB_R,66,2000,4290,-0.00025616763122021744,-0.0017653982680698385,-0.0327439353656423,-0.8217454731163369,,,
Drosophila,2018-11-03_5,LH_R,66,2000,4290,-0.0052436221692589765,0.0002305902304190729,-0.6702518369483762,0.051702503823351814,,,
Drosophila,2018-11-03_5,LO_R,66,2000,4290,3.713168760835281e-05,0.010133696367654488,0.00474625764884367,4.3853186682129595,,,
Drosophila,2018-11-03_5,MB_R,66,2000,4290,0.009418398732580572,-9.72418091963817e-05,1.203881372047157,-0.0917573567895281,,,
Drosophila,2018-11-03_5,ME_R,66,2000,4290,-0.00019918696109842043,-0.003680024462033313,-0.025460535153555498,-1.6595891665941245,,,
Drosophila,2018-11-03_5,OTU_R,66,2000,4290,-0.005755596502817696,0.0003756426683648819,-0.7356935729204869,0.11517769847996095,,,
Drosophila,2018-11-03_5,PLP_R,66,2000,4290,-0.0012798163007594586,0.00010307610282519968,-0.16358906092994224,-0.004097896260324645,,,
Drosophila,2018-11-03_5,PVLP_R,66,2000,4290,-4.1249277695789904e-05,-1.1608319876793488e-05,-0.005272577477164805,-0.054283995564698234,,,
Drosophila,2018-11-03_5,SCL_R,66,2000,4290,-0.002046939991463613,0.00023517147585606476,-0.261644574135185,0.053707264653303534,,,
Drosophila,2018-11-03_5,SIP_R,66,2000,4290,-0.004003597002743015,-0.0018683243172242488,-0.5117489702483153,-0.8667860880679636,,,
Drosophila,2018-11-03_5,SLP_R,66,2000,4290,-0.003694888327604092,8.789968360894859e-05,-0.4722891178953372,-0.010739123237162744,,,
Drosophila,2018-11-03_5,SMP_R,66,2000,4290,-0.01172645427546081,0.0002754865683458105,-1.498902336079159,0.07134921800221482,,,
Drosophila,2018-11-03_5,SPS_R,66,2000,4290,0.007905169721753865,9.060654803412774e-05,1.0104569620703592,-0.009554594740223672,,,
Drosophila,2018-11-03_5,VES_R,66,2000,4290,0.020738237239845622,-0.00035090525425029144,2.6508091461216137,-0.2027609137106354,,,
Drosophila,2018-11-03_5,WED_R,66,2000,4290,3.906331842660375e-05,0.0005427095755544378,0.0049931631394468864,0.18828646248775066,,,
Drosophila,2018-11-03_5,AL_L,66,2000,4290,-0.004485640442964536,0.0002524410343173553,-0.5733648706447102,0.06126445293974681,,,
Drosophila,2018-11-03_5,AME_L,66,2000,4290,-0.002434574581406501,0.0024026482078735823,-0.3111929183116816,1.0021987855602643,,,
Drosophila,2018-11-03_5,AMMC_L,66,2000,4290,-0.0034755696911668464,0.002395641744007994,-0.44425530573189315,0.9991327450026498,,,
Drosophila,2018-11-03_5,ATL_L,66,2000,4290,-0.0001761199985889989,0.0019929941869148444,-0.02251206299143097,0.8229334861246692,,,
Drosophila,2018-11-03_5,AVLP_L,66,2000,4290,9.022573787192529e-05,-0.0033394215246991942,0.01153286117813989,-1.5105407393214088,,,
Drosophila,2018-11-03_5,CRE_L,66,2000,4290,-0.011077421860513668,0.00021525371324256028,-1.4159415211471331,0.04499121770558757,,,
Drosophila,2018-11-03_5,EPA_L,66,2000,4290,-0.0012190762922978493,0.003438409132118123,-0.15582513345127594,1.455449535531759,,,
Drosophila,2018-11-03_5,GA_L,66,2000,4290,-0.0014181514751729907,-0.000876849922605782,-0.18127138085543507,-0.4329151991211487,,,
Drosophila,2018-11-03_5,GOR_L,66,2000,4290,-0.00473389753413489,0.0004187965509901309,-0.6050976626006007,0.1340619112420346,,,
Drosophila,2018-11-03_5,IB_L,66,2000,4290,-0.004496208273645053,0.000234775335455754,-0.5747156750500506,0.05353391293735054,,,
Drosophila,2018-11-03_5,ICL_L,66,2000,4290,-0.005790607041212257,0.00021213956479622232,-0.7401687004018443,0.04362846102517432,,,
Drosophila,2018-11-03_5,IPS_L,66,2000,4290,0.023724997123330423,-0.00023111259207625752,3.03258365881735,-0.15033944008624178,,,
Drosophila,2018-11-03_5,IVLP_L,66,2000,4290,-0.007185728270898828,0.00017363333627623835,-0.9184963023494208,0.026778069639743107,,,
Drosophila,2018-11-03_5,LAL_L,66,2000,4290,0.002548608077367339,-6.272613609295142e-05,0.32576894184546684,-0.076653239271954,,,
Drosophila,2018-11-03_5,LB_L,66,2000,4290,0.00028763161668274176,-0.003805050300078107,0.03676573430028103,-1.7143006869200625,,,
Drosophila,2018-11-03_5,LH_L,66,2000,4290,-0.005594416705477221,0.00022916492474381003,-0.715091200789299,0.05107878762482587,,,
Drosophila,2018-11-03_5,LO_L,66,2000,4290,-0.00136148313039473,0.0009761519112918124,-0.17402790278656788,0.3779615691110799,,,
Drosophila,2018-11-03_5,MB_L,66,2000,4290,0.0036791027206734867,-7.86820423969962e-05,0.47027136533783764,-0.08363557113010751,,,
Drosophila,2018-11-03_5,ME_L,66,2000,4290,-0.001912325781922221,0.003087533780126558,-0.24443787649144116,1.3019058820552725,,,
Drosophila,2018-11-03_5,OTU_L,66,2000,4290,-0.00977754513776635,0.00040992936711708804,-1.2497882909743825,0.13018161643025336,,,
Drosophila,2018-11-03_5,PLP_L,66,2000,4290,-0.006676866682632625,0.00020638431879462361,-0.853452444634537,0.04110995554245621,,,
Drosophila,2018-11-03_5,PVLP_L,66,2000,4290,-0.0016703814235554705,0.00025644576746318247,-0.21351199255088874,0.06301693100615562,,,
Drosophila,2018-11-03_5,SCL_L,66,2000,4290,-0.008190617987237692,0.00028685647899531346,-1.0469436154024583,0.07632471032710136,,,
Drosophila,2018-11-03_5,SIP_L,66,2000,4290,-0.0026456855828747633,-0.00253624848651079,-0.3381776117100067,-1.1590708456475387,,,
Drosophila,2018-11-03_5,SLP_L,66,2000,4290,-0.0034101689228939413,0.00010936198743832117,-0.43589562922244995,-0.0013471824146467466,,,
Drosophila,2018-11-03_5,SMP_L,66,2000,4290,-0.004643424730771583,-0.0009886144510557085,-0.5935332209435286,-0.4818235477123913,,,
Drosophila,2018-11-03_5,SPS_L,66,2000,4290,0.009117284864205152,-2.529998001962472e-05,1.1653923053496267,-0.06027548943440509,,,
Drosophila,2018-11-03_5,VES_L,66,2000,4290,0.011411124518206948,-0.00019989712272365986,1.458596161793197,-0.1366794973681897,,,
Drosophila,2018-11-03_5,WED_L,66,2000,4290,0.008874113527482807,6.601450858209436e-05,1.1343095862157313,-0.020316113218141342,,,
Drosophila,2018-11-03_5,EB,66,2000,4290,-0.0013875584584927454,-0.001651107435821225,-0.17736091115227098,-0.7717316096667829,,,
Drosophila,2018-11-03_5,FB,66,2000,4290,0.001210476677553841,-0.0013090279193820437,0.15472591093043697,-0.622037028855064,,,
Drosophila,2018-11-03_5,FLA,66,2000,4290,-0.00903437157099063,0.00017804573600933564,-1.154794137653588,0.028708943301209978,,,
Drosophila,2018-11-03_5,NO,66,2000,4290,0.00014626426810670031,-0.004741407082918069,0.01869583490457316,-2.124052014788179,,,
Drosophila,2018-11-03_5,PB,66,2000,4290,0.0004511190219083083,-0.004597778323112625,0.05766307017485358,-2.0611998241180443,,,
Drosophila,2018-11-03_5,PRW,66,2000,4290,-0.005557600940048649,0.00018411806039411827,-0.7103853250395502,0.0313662028261147,,,
Drosophila,2018-11-03_5,SAD,66,2000,4290,0.004212671983224804,-9.416720206771642e-05,0.538473414764818,-0.09041190345728188,,,
Drosophila,2018-11-03_5,SOG,66,2000,4290,0.033138381911537326,-0.0004647750007040335,4.235824136971253,-0.2525905092969593,,,
Drosophila,2018-12-12_2,AL_R,67,2000,4422,0.0023138952713469183,0.00015498519802098056,0.900805924891467,-0.08709774499793373,,,
Drosophila,2018-12-12_2,AME_R,67,2000,4422,0.0004584042703463192,,0.17845806931579308,,,,
Drosophila,2018-12-12_2,AMMC_R,67,2000,4422,-0.001556909692724077,0.00044278387928046694,-0.6061093140617476,0.3030185227941033,,,
Drosophila,2018-12-12_2,ATL_R,67,2000,4422,-5.0884012617301344e-05,0.00035509235249880027,-0.01980928895767858,0.18415108742109415,,,
Drosophila,2018-12-12_2,AVLP_R,67,2000,4422,0.0007216492638723273,0.00032165131852488784,0.2809400842983506,0.13882116683939788,,,
Drosophila,2018-12-12_2,CRE_R,67,2000,4422,-0.004162430673713479,-0.00035444382898097606,-1.6204459463925842,-0.777637916513683,,,
Drosophila,2018-12-12_2,EPA_R,67,2000,4422,-0.001525155405135237,0.0007395535075860329,-0.5937472807601781,0.7052950700038946,,,
Drosophila,2018-12-12_2,GA_R,67,2000,4422,-0.00040472699792523745,-0.004162430673713479,-0.15756135647503533,-5.939432297109902,,,
Drosophila,2018-12-12_2,GOR_R,67,2000,4422,-0.0016231810390944538,0.00015228601000555334,-0.6319089352460806,-0.09075654270346614,,,
Drosophila,2018-12-12_2,IB_R,67,2000,4422,-0.001838977401577787,0.00030401968761473684,-0.7159190649620458,0.1149211753048533,,,
Drosophila,2018-12-12_2,ICL_R,67,2000,4422,-0.0018037406120277515,0.0002939901522545789,-0.7022012838706186,0.10132596046484744,,,
Drosophila,2018-12-12_2,IPS_R,67,2000,4422,0.009861700151184193,0.00023925127274632474,3.839187553427483,0.027126428752524002,,,
Drosophila,2018-12-12_2,IVLP_R,67,2000,4422,-0.0012690241364426542,0.00014007592753929643,-0.49403465882550335,-0.10730752820598267,,,
Drosophila,2018-12-12_2,LAL_R,67,2000,4422,0.00459956135204873,-1.9033755961297872e-05,1.7906221466175005,-0.322983554326683,,,
Drosophila,2018-12-12_2,LB_R,67,2000,4422,-0.001125223232771321,-0.0004704277926293768,-0.4380525633365918,-0.9348562568626625,,,
Drosophila,2018-12-12_2,LH_R,67,2000,4422,-0.004056980305469984,-0.00012136468628802055,-1.579393822006491,-0.46169496344100874,,,
Drosophila,2018-12-12_2,LO_R,67,2000,4422,-0.000719193709063579,0.0015844608543041762,-0.2799841299178706,1.8505821133262659,,,
Drosophila,2018-12-12_2,LOP_R,67,2000,4422,-0.00017125647506260384,,-0.06667062650705942,,,,
Drosophila,2018-12-12_2,MB_R,67,2000,4422,0.0012819922910283692,0.00030252020004907347,0.49908319781098676,0.11288859304923922,,,
Drosophila,2018-12-12_2,ME_R,67,2000,4422,0.000607992198846017,-0.0005201421134985367,0.2366930698161965,-1.002244909334652,,,
Drosophila,2018-12-12_2,OTU_R,67,2000,4422,-0.002102863415142616,0.00031997802399723915,-0.8186506308452403,0.13655298613340436,,,
Drosophila,2018-12-12_2,PLP_R,67,2000,4422,-0.0022721085400626865,0.0001404812264984974,-0.8845382330953848,-0.10675813820665561,,,
Drosophila,2018-12-12_2,PVLP_R,67,2000,4422,0.0008164658975089378,2.9887987326650498e-05,0.31785246595009425,-0.2566692549634872,,,
Drosophila,2018-12-12_2,SCL_R,67,2000,4422,-0.0006766872951990023,0.00018606419899835756,-0.2634362636729083,-0.044969602454195984,,,
Drosophila,2018-12-12_2,SIP_R,67,2000,4422,-0.0008523089102248823,-0.0003720707594534269,-0.33180625142184916,-0.801531536520726,,,
Drosophila,2018-12-12_2,SLP_R,67,2000,4422,-0.00012204963103623959,0.00014190330328867735,-0.04751426399011752,-0.10483048764387043,,,
Drosophila,2018-12-12_2,SMP_R,67,2000,4422,-0.0012118989829216524,-0.0006818270580144255,-0.4717956761933728,-1.2214117478922977,,,
Drosophila,2018-12-12_2,SPS_R,67,2000,4422,0.004790618466475236,0.000219753710601727,1.8650012176149018,0.0006971340052150929,,,
Drosophila,2018-12-12_2,VES_R,67,2000,4422,0.0027911515382505014,4.405987359650073e-06,1.08660312938987,-0.2912105623784438,,,
Drosophila,2018-12-12_2,WED_R,67,2000,4422,-0.001009443820239863,0.0010949981692894959,-0.3929793130126562,1.187106676031841,,,
Drosophila,2018-12-12_2,AL_L,67,2000,4422,0.0023430964045918086,0.00018168887167379884,0.9121740080395131,-0.0509004370179805,,,
Drosophila,2018-12-12_2,AME_L,67,2000,4422,0.0001344298969478492,0.0022978171607339133,0.05233393626440249,2.8175493650607066,,,
Drosophila,2018-12-12_2,AMMC_L,67,2000,4422,-0.0012003826920694437,0.0006717043651344894,-0.46731235183513414,0.6133243420274823,,,
Drosophila,2018-12-12_2,ATL_L,67,2000,4422,0.0013101623806776345,0.00027886034870139585,0.5100498927928261,0.08081724072796742,,,
Drosophila,2018-12-12_2,AVLP_L,67,2000,4422,0.0005692902356342344,0.0005410971954932119,0.2216262868905321,0.4362839840093125,,,
Drosophila,2018-12-12_2,CRE_L,67,2000,4422,-0.0001394479183139649,7.314279185852568e-05,-0.05428746606923142,-0.19803659259616088,,,
Drosophila,2018-12-12_2,EPA_L,67,2000,4422,-0.001521421236108531,0.0007066906961223787,-0.5922935582752167,0.6607489403925673,,,
Drosophila,2018-12-12_2,GA_L,67,2000,4422,-0.0007689297415507525,0.001124320007958786,-0.2993465069881866,1.2268529535908757,,,
Drosophila,2018-12-12_2,GOR_L,67,2000,4422,-0.0014268101984054441,0.0006737953539403196,-0.5554612156975596,0.6161587148097186,,,
Drosophila,2018-12-12_2,IB_L,67,2000,4422,-0.0008324862680399868,0.0002709249403693417,-0.32408924117152643,0.07006065258670487,,,
Drosophila,2018-12-12_2,ICL_L,67,2000,4422,-0.0013750378492742518,0.00010957788563887816,-0.5353060948412123,-0.14864817031416871,,,
Drosophila,2018-12-12_2,IPS_L,67,2000,4422,0.0037794784647624874,0.00033393471770485814,1.471361576393192,0.15547153446067702,,,
Drosophila,2018-12-12_2,IVLP_L,67,2000,4422,-0.002284558195136167,0.0003474316199224281,-0.8893849187651811,0.173766827186932,,,
Drosophila,2018-12-12_2,LAL_L,67,2000,4422,-0.0003697680887778026,7.322955240194408e-05,-0.14395175500442908,-0.1979189871254135,,,
Drosophila,2018-12-12_2,LB_L,67,2000,4422,-0.0006902135633267793,0.0009339290287086819,-0.2687020778270984,0.9687745707391003,,,
Drosophila,2018-12-12_2,LH_L,67,2000,4422,-0.0012031523833164008,0.00038933640544587685,-0.46839060041287844,0.23056951460541286,,,
Drosophila,2018-12-12_2,LO_L,67,2000,4422,-0.00022360769034584555,0.0014826769166004622,-0.08705110158143994,1.7126121625107207,,,
Drosophila,2018-12-12_2,MB_L,67,2000,4422,0.006406433220363172,-6.281260122472863e-05,2.4940424373508465,-0.3823265632927874,,,
Drosophila,2018-12-12_2,ME_L,67,2000,4422,-0.0004363019925101053,0.00035823001884646564,-0.1698535905068324,0.18840425036044842,,,
Drosophila,2018-12-12_2,OTU_L,67,2000,4422,-0.004748257490180983,0.00016596384223020456,-1.8485099706243509,-0.07221599611160885,,,
Drosophila,2018-12-12_2,PLP_L,67,2000,4422,0.0006926449448042112,0.00037675622539433987,0.2696486214618356,0.2135168551964821,,,
Drosophila,2018-12-12_2,PVLP_L,67,2000,4422,-0.0007697018283149383,0.0005194455042536602,-0.2996470825329493,0.40693472868682634,,,
Drosophila,2018-12-12_2,SCL_L,67,2000,4422,-0.002241006547272581,-0.0004540776996684242,-0.872430139990138,-0.9126934129744769,,,
Drosophila,2018-12-12_2,SIP_L,67,2000,4422,0.0016782082600007811,0.00019084720054340885,0.6533311868218303,-0.038486158181855516,,,
Drosophila,2018-12-12_2,SLP_L,67,2000,4422,-1.7872633288505398e-05,0.0001963108337368723,-0.006957866312733516,-0.03108010551792105,,,
Drosophila,2018-12-12_2,SMP_L,67,2000,4422,0.0011294837704743967,3.839095397874649e-05,0.4397112026249292,-0.24514333135272187,,,
Drosophila,2018-12-12_2,SPS_L,67,2000,4422,-0.0012378255457380664,0.0004176218978553555,-0.4818889598809711,0.2689110062451772,,,
Drosophila,2018-12-12_2,VES_L,67,2000,4422,0.00408141246056464,0.00019868302702449707,1.588905328572785,-0.02786455502338939,,,
Drosophila,2018-12-12_2,WED_L,67,2000,4422,-0.003219267265172985,0.0004634735693713728,-1.2532697837222868,0.3310637683272499,,,
Drosophila,2018-12-12_2,EB,67,2000,4422,-0.001022411593708568,8.354879514751148e-05,-0.3980277036282176,-0.1839310687349497,,,
Drosophila,2018-12-12_2,FB,67,2000,4422,-0.000868633118715619,-0.00035999353396321454,-0.3381613116139465,-0.7851606410291081,,,
Drosophila,2018-12-12_2,FLA,67,2000,4422,-0.004346956934470689,0.0002669327269098673,-1.6922825377225819,0.06464913572977016,,,
Drosophila,2018-12-12_2,NO,67,2000,4422,-0.000837410113708337,0.0009162866519878005,-0.3260061081128376,0.9448600130656207,,,
Drosophila,2018-12-12_2,PB,67,2000,4422,0.0018584939955575536,-0.0005277397340432213,0.7235169297869484,-1.0125436200793343,,,
Drosophila,2018-12-12_2,PRW,67,2000,4422,-0.0014052507066046479,1.6509185742915983e-05,-0.5470680450159403,-0.27480446016503873,,,
Drosophila,2018-12-12_2,SAD,67,2000,4422,0.0029225417724821666,0.00020117135000852972,1.1377537164256721,-0.024491588645142778,,,
Drosophila,2018-12-12_2,SOG,67,2000,4422,0.006592649375035319,0.00028845374205928716,2.5665369091259373,0.0938212572712785,,,
Drosophila,2018-12-12_3,AL_R,66,2000,4290,0.00044419210678479606,3.468804772121229e-05,0.16118005179366193,-0.10888305038214972,,,
Drosophila,2018-12-12_3,AME_R,66,2000,4290,0.0005526265418975179,,0.2005266939350374,,,,
Drosophila,2018-12-12_3,AMMC_R,66,2000,4290,-1.9458522420160526e-06,0.0010133927684776594,-0.0007060741520625825,1.2046422280733338,,,
Drosophila,2018-12-12_3,ATL_R,66,2000,4290,0.00012229215626615377,0.00025334015421134417,0.0443750705603757,0.18457120908064908,,,
Drosophila,2018-12-12_3,AVLP_R,66,2000,4290,0.00130536169363636,-3.77384299207872e-05,0.473665025055714,-0.2060870458208634,,,
Drosophila,2018-12-12_3,CRE_R,66,2000,4290,-0.0035786717375483747,1.5061073026778506e-05,-1.2985608866075973,-0.13522452688061692,,,
Drosophila,2018-12-12_3,EPA_R,66,2000,4290,-0.0013028037500919896,0.00032821240606407194,-0.4727368467592756,0.2850576922636776,,,
Drosophila,2018-12-12_3,GA_R,66,2000,4290,-0.0014323877985583126,0.0006804223752828539,-0.5197578615958888,0.7577607334172166,,,
Drosophila,2018-12-12_3,GOR_R,66,2000,4290,-0.0021131310535492816,0.0005227104952510316,-0.7667731313894808,0.5460947051033622,,,
Drosophila,2018-12-12_3,IB_R,66,2000,4290,0.0004934934462596766,2.472698771787957e-05,0.17906959176675305,-0.12225184674851097,,,
Drosophila,2018-12-12_3,ICL_R,66,2000,4290,-0.0019256503600908299,0.00039036248641241604,-0.6987436742686114,0.3684696753309429,,,
Drosophila,2018-12-12_3,IPS_R,66,2000,4290,-0.0009429838979046829,-2.1931814331774383e-05,-0.3421722069872413,-0.1848728954211908,,,
Drosophila,2018-12-12_3,IVLP_R,66,2000,4290,-7.682063845090891e-05,0.001030193628355427,-0.027875224019544637,1.227190759495742,,,
Drosophila,2018-12-12_3,LAL_R,66,2000,4290,0.002917118591986894,-3.2723140650368446e-05,1.0585089616923273,-0.1993559970216199,,,
Drosophila,2018-12-12_3,LB_R,66,2000,4290,-0.0012723251481539786,0.0006986608933611899,-0.4616773466827759,0.7822387542435035,,,
Drosophila,2018-12-12_3,LH_R,66,2000,4290,0.00016627074796601732,0.00022449534963613202,0.060333192237289175,0.14585842967118084,,,
Drosophila,2018-12-12_3,LO_R,66,2000,4290,-0.0004426622186405173,-0.001330717028260488,-0.16062491484600608,-1.9414011169622214,,,
Drosophila,2018-12-12_3,MB_R,66,2000,4290,0.0022274281221578407,9.930105081249751e-05,0.8082470953721785,-0.02216556442609115,,,
Drosophila,2018-12-12_3,ME_R,66,2000,4290,0.00027642621497641755,-0.0033657201204796102,0.10030432996552727,-4.67259056223116,,,
Drosophila,2018-12-12_3,OTU_R,66,2000,4290,-0.0032204879942976453,0.0003257279857629323,-1.1685899271804174,0.28172333737742283,,,
Drosophila,2018-12-12_3,PLP_R,66,2000,4290,0.00047505886742954957,0.0005990353711713073,0.17238039957884738,0.6485307634670869,,,
Drosophila,2018-12-12_3,PVLP_R,66,2000,4290,0.0014639030276773208,0.0001319223141256705,0.5311935133873148,0.021615622144549925,,,
Drosophila,2018-12-12_3,SCL_R,66,2000,4290,0.0014852714049482893,0.00022189729027409952,0.5389472670057911,0.14237155914263167,,,
Drosophila,2018-12-12_3,SIP_R,66,2000,4290,0.0010562797958945393,-8.214477566233218e-05,0.3832828850634316,-0.2656850598268351,,,
Drosophila,2018-12-12_3,SLP_R,66,2000,4290,0.0046357565321346605,-7.859332506209245e-05,1.6821358744095685,-0.2609186373914807,,,
Drosophila,2018-12-12_3,SMP_R,66,2000,4290,0.010625186801043657,-0.00019372241433612453,3.855467336656799,-0.4154340554126755,,,
Drosophila,2018-12-12_3,SPS_R,66,2000,4290,0.0019034998304535478,0.0003001383534938482,0.6907061079551606,0.24737934358750555,,,
Drosophila,2018-12-12_3,VES_R,66,2000,4290,-0.001330717028260488,9.189924011902674e-05,-0.4828654905424692,-0.03209957745987055,,,
Drosophila,2018-12-12_3,WED_R,66,2000,4290,-0.0006719092487909592,0.0007877509150920614,-0.24380975228187954,0.9018069887884449,,,
Drosophila,2018-12-12_3,AL_L,66,2000,4290,-0.0020176361530444067,1.0177696891563512e-05,-0.7321217434555132,-0.1417785342965139,,,
Drosophila,2018-12-12_3,AME_L,66,2000,4290,-0.0003851593535663402,,-0.13975935998951203,,,,
Drosophila,2018-12-12_3,AMMC_L,66,2000,4290,-0.0003438585302439183,-0.0001728894861786887,-0.1247728963839037,-0.38747406178161514,,,
Drosophila,2018-12-12_3,ATL_L,66,2000,4290,-0.001467483873389344,7.709432957829198e-05,-0.5324928631247666,-0.05196933370820736,,,
Drosophila,2018-12-12_3,AVLP_L,66,2000,4290,0.0026953396993449385,-0.00025401462793088074,0.9780340211052134,-0.4963525847414592,,,
Drosophila,2018-12-12_3,CRE_L,66,2000,4290,-0.006829903243391553,0.00026265687630180364,-2.4783064392652334,0.1970752357994581,,,
Drosophila,2018-12-12_3,EPA_L,66,2000,4290,-0.0015251179611185878,0.00016649288438668784,-0.5534060335827473,0.0680129848683861,,,
Drosophila,2018-12-12_3,GA_L,66,2000,4290,-0.0005655657431991343,-0.00046577316190972944,-0.2052218271985682,-0.780554940580622,,,
Drosophila,2018-12-12_3,GOR_L,66,2000,4290,-0.0028892308212737643,7.940417444241719e-05,-1.0483895735733264,-0.048869277527836624,,,
Drosophila,2018-12-12_3,IB_L,66,2000,4290,0.003886630296703898,-8.476103715748438e-05,1.410307078754674,-0.26919635954374665,,,
Drosophila,2018-12-12_3,ICL_L,66,2000,4290,-0.0011473523473269891,0.0005648173658051404,-0.4163295743959257,0.6026065801321518,,,
Drosophila,2018-12-12_3,IPS_L,66,2000,4290,0.0010343309838769384,2.784923899333993e-05,0.37531851423430246,-0.11806145521465054,,,
Drosophila,2018-12-12_3,IVLP_L,66,2000,4290,0.0005477916761314406,0.0004891894474886662,0.19877230905811452,0.5011059126081663,,,
Drosophila,2018-12-12_3,LAL_L,66,2000,4290,-0.0018645708861091575,1.1900338647238958e-05,-0.676580307046363,-0.13946656681151623,,,
Drosophila,2018-12-12_3,LB_L,66,2000,4290,-0.0007364899532155492,0.000344219174779182,-0.2672435799547104,0.3065404693340047,,,
Drosophila,2018-12-12_3,LH_L,66,2000,4290,-0.0022122395552918567,0.00023697085719748541,-0.8027357547681078,0.1626018806792997,,,
Drosophila,2018-12-12_3,LO_L,66,2000,4290,0.0006989219330796172,0.0010568657500710393,0.2536116055481311,1.262987568646126,,,
Drosophila,2018-12-12_3,MB_L,66,2000,4290,0.002950303245130044,6.458642830509519e-05,1.0705503825790765,-0.06875626050475032,,,
Drosophila,2018-12-12_3,ME_L,66,2000,4290,0.0002971555894836647,-0.0033657201204796102,0.10782621431622567,-4.67259056223116,,,
Drosophila,2018-12-12_3,OTU_L,66,2000,4290,-0.006213579146169524,0.00018794116409907936,-2.2546663781417324,0.096798845388028,,,
Drosophila,2018-12-12_3,PLP_L,66,2000,4290,0.0011372044623243962,0.0004898201744024843,0.41264730133134264,0.501952414854995,,,
Drosophila,2018-12-12_3,PVLP_L,66,2000,4290,-0.0002192333094965872,1.9521743011208083e-05,-0.07955124739907996,-0.12923783583976114,,,
Drosophila,2018-12-12_3,SCL_L,66,2000,4290,-0.003311778896589765,0.00027070384231631757,-1.2017158475535654,0.2078751155290324,,,
Drosophila,2018-12-12_3,SIP_L,66,2000,4290,-0.004355364965162976,-9.065242493310072e-06,-1.580392672320438,-0.16760459478009063,,,
Drosophila,2018-12-12_3,SLP_L,66,2000,4290,0.0004966886151506013,-4.5317461871395886e-05,0.1802289943753596,-0.21625890853105018,,,
Drosophila,2018-12-12_3,SMP_L,66,2000,4290,0.008797633838131449,-0.0001611211923712489,3.1923193952176634,-0.3716797664517472,,,
Drosophila,2018-12-12_3,SPS_L,66,2000,4290,0.002930838665473352,-4.5245881315146565e-06,1.0634874431227312,-0.16151055624276997,,,
Drosophila,2018-12-12_3,VES_L,66,2000,4290,-0.000926515553136496,1.573110096062173e-05,-0.33619648472169855,-0.13432527850701745,,,
Drosophila,2018-12-12_3,WED_L,66,2000,4290,-0.0003477455976390495,0.000459968414314871,-0.12618336206868958,0.46188819461585884,,,
Drosophila,2018-12-12_3,EB,66,2000,4290,-0.003654064405454001,0.000464420552040358,-1.3259179556150809,0.4678634344625334,,,
Drosophila,2018-12-12_3,FB,66,2000,4290,-0.0033657201204796102,0.000297544977832651,-1.2212890212493126,0.2438987590809949,,,
Drosophila,2018-12-12_3,FLA,66,2000,4290,0.0005849264557671114,0.0002603051083824974,0.2122470773252676,0.19391891444373618,,,
Drosophila,2018-12-12_3,NO,66,2000,4290,0.00045972628112167513,-0.00012903976932302866,0.16681679991670545,-0.32862310262969924,,,
Drosophila,2018-12-12_3,PB,66,2000,4290,0.0007147486672917143,0.0006772615736570823,0.2593545122793987,0.7535186032347596,,,
Drosophila,2018-12-12_3,PRW,66,2000,4290,0.0027350525964100173,0.0009068910603222105,0.9924442879876164,1.061705668257063,,,
Drosophila,2018-12-12_3,SAD,66,2000,4290,0.0017698785042200213,0.0005947867542319963,0.6422201219277412,0.642828670047178,,,
Drosophila,2018-12-12_3,SOG,66,2000,4290,0.0008037697507244769,0.001436717543836726,0.29165680360618307,1.7727888627404784,,,
Drosophila,2018-12-12_4,AL_R,66,2000,4290,-0.007204865834060549,0.00028672107140885467,-1.1240865690045543,-0.19617175122440741,,,
Drosophila,2018-12-12_4,AME_R,66,2000,4290,-0.0009304832869266337,0.004214098380812381,-0.14517185879753744,2.0170875778304396,,,
Drosophila,2018-12-12_4,AMMC_R,66,2000,4290,-0.0037590316614504113,0.0003148458353089726,-0.5864754598376566,-0.1803221418857888,,,
Drosophila,2018-12-12_4,ATL_R,66,2000,4290,-0.004618437994296115,6.864461325988466e-05,-0.7205580560051502,-0.3190679533004822,,,
Drosophila,2018-12-12_4,AVLP_R,66,2000,4290,-0.002384701929731153,-0.0002397834774515741,-0.37205570124812176,-0.4928814922938584,,,
Drosophila,2018-12-12_4,CRE_R,66,2000,4290,-0.003827748652900214,0.0001582188929836425,-0.5971965265348266,-0.26858869077398845,,,
Drosophila,2018-12-12_4,EPA_R,66,2000,4290,-0.0016147381316993705,0.00041278594431598596,-0.2519277233063762,-0.1251283464158693,,,
Drosophila,2018-12-12_4,GA_R,66,2000,4290,0.0002876492326808106,0.009826547680882222,0.04487837060232031,5.179963154486836,,,
Drosophila,2018-12-12_4,GOR_R,66,2000,4290,-0.006570129711772577,0.0004547154449278535,-1.0250565014975475,-0.10149912745347707,,,
Drosophila,2018-12-12_4,IB_R,66,2000,4290,-0.003839745313394363,0.0001656621806952054,-0.5990682178674576,-0.2643940528085932,,,
Drosophila,2018-12-12_4,ICL_R,66,2000,4290,-0.0047934641465857426,0.00021020392489352581,-0.7478652330636346,-0.23929271338717673,,,
Drosophila,2018-12-12_4,IPS_R,66,2000,4290,0.01879192340621867,-0.0002585059023032877,2.931872597381554,-0.5034324473463223,,,
Drosophila,2018-12-12_4,IVLP_R,66,2000,4290,-0.004963622512054987,0.00015253897430763232,-0.7744129492367126,-0.27178958847430684,,,
Drosophila,2018-12-12_4,LAL_R,66,2000,4290,0.006641297897518642,-4.157738599932875e-05,1.0361599978818081,-0.38118316375999894,,,
Drosophila,2018-12-12_4,LB_R,66,2000,4290,0.0006848895103594475,-0.0003788716274587226,0.10685488357154747,-0.5712641179782377,,,
Drosophila,2018-12-12_4,LH_R,66,2000,4290,-0.0030544094345982963,0.00012147469879273223,-0.47654192329876005,-0.28929574898989135,,,
Drosophila,2018-12-12_4,LO_R,66,2000,4290,0.00047160584742108,0.004146159418810993,0.07357885783853334,1.9788008206360532,,,
Drosophila,2018-12-12_4,LOP_R,66,2000,4290,-0.0010113071535721625,,-0.15778181227116803,,,,
Drosophila,2018-12-12_4,MB_R,66,2000,4290,0.008568395729282134,-2.3272456454765905e-05,1.3368213619841691,-0.37086748668329134,,,
Drosophila,2018-12-12_4,OTU_R,66,2000,4290,-0.001292880902173509,9.018344034667522e-05,-0.20171229984398886,-0.3069298249183181,,,
Drosophila,2018-12-12_4,PLP_R,66,2000,4290,0.0018058584357975112,5.4288640677893685e-05,0.28174587285264024,-0.32715820991236166,,,
Drosophila,2018-12-12_4,PVLP_R,66,2000,4290,0.00012091011723344746,3.498530197745235e-05,0.018864117940456577,-0.33803653687075264,,,
Drosophila,2018-12-12_4,SCL_R,66,2000,4290,-0.009194855741462053,0.0002281791306697803,-1.434560209858454,-0.22916285095182595,,,
Drosophila,2018-12-12_4,SIP_R,66,2000,4290,-0.0018977095391722952,0.00018057794551108952,-0.2960762703964422,-0.25598832730070775,,,
Drosophila,2018-12-12_4,SLP_R,66,2000,4290,0.01184720953375987,-0.00012065249841136898,1.8483743380932276,-0.42574565838534706,,,
Drosophila,2018-12-12_4,SMP_R,66,2000,4290,0.002947778160725971,0.00017963293519603505,0.4599055576041925,-0.2565208844580859,,,
Drosophila,2018-12-12_4,SPS_R,66,2000,4290,0.003022495478342852,4.027267273199758e-06,0.47156278136651875,-0.35548282576037216,,,
Drosophila,2018-12-12_4,VES_R,66,2000,4290,0.012944931738544505,-0.00014819089892715377,2.0196384275733017,-0.4412648247518875,,,
Drosophila,2018-12-12_4,WED_R,66,2000,4290,-0.00544557541560567,0.0007936485910064504,-0.849606130935246,0.08950542555655518,,,
Drosophila,2018-12-12_4,AL_L,66,2000,4290,-0.001923289496050123,8.257306321463684e-06,-0.30006719633792867,-0.3530990024991286,,,
Drosophila,2018-12-12_4,AME_L,66,2000,4290,-0.00018074876212602193,0.006002997739504674,-0.028200005461524732,3.025215364505276,,,
Drosophila,2018-12-12_4,AMMC_L,66,2000,4290,-0.007353396505146754,-1.7972947123383573e-05,-1.1472599821254394,-0.3678809672982017,,,
Drosophila,2018-12-12_4,ATL_L,66,2000,4290,-0.004564540243901637,0.0006385718136307139,-0.7121490531571615,0.002112466539144659,,,
Drosophila,2018-12-12_4,AVLP_L,66,2000,4290,-0.0007227875034143375,-0.002045305401291851,-0.11276764113933427,-1.510376865652691,,,
Drosophila,2018-12-12_4,CRE_L,66,2000,4290,0.002132675667550752,2.5310171619834754e-05,0.33273514443578955,-0.3434889217161168,,,
Drosophila,2018-12-12_4,EPA_L,66,2000,4290,-0.005064833496658357,0.00021448750429639075,-0.7902036538866917,-0.23687871765204888,,,
Drosophila,2018-12-12_4,GA_L,66,2000,4290,-0.0020079385231398603,-0.0011450331489038725,-0.3132739425317366,-1.0030316822611998,,,
Drosophila,2018-12-12_4,GOR_L,66,2000,4290,-0.006217915209074931,0.0004411202268052497,-0.9701048062113763,-0.10916066363141012,,,
Drosophila,2018-12-12_4,IB_L,66,2000,4290,-0.005926799545595087,0.00023044983853595985,-0.9246856110616846,-0.2278832017171199,,,
Drosophila,2018-12-12_4,ICL_L,66,2000,4290,-0.008012128996004378,0.00022359319658484003,-1.2500339077743299,-0.2317472375783979,,,
Drosophila,2018-12-12_4,IPS_L,66,2000,4290,0.01157109435641321,-0.00014476595791287236,1.8052954842322158,-0.43933471158624615,,,
Drosophila,2018-12-12_4,IVLP_L,66,2000,4290,-0.004904646475536879,0.00012777567122283987,-0.7652116438869688,-0.2857448586846329,,,
Drosophila,2018-12-12_4,LAL_L,66,2000,4290,0.004362347105512331,-1.45787571384369e-05,0.6806033455141635,-0.36596818376431994,,,
Drosophila,2018-12-12_4,LB_L,66,2000,4290,-0.0002244255982544903,-0.0001659564247603393,-0.03501436481246827,-0.45127652281097586,,,
Drosophila,2018-12-12_4,LH_L,66,2000,4290,-0.001812879560348141,0.00016602366835152102,-0.2828412925299034,-0.2641903377426221,,,
Drosophila,2018-12-12_4,LO_L,66,2000,4290,-0.0017650444401690552,0.0027606488940264034,-0.27537816728115405,1.198001357559027,,,
Drosophila,2018-12-12_4,MB_L,66,2000,4290,0.008798877417647122,7.033609471185657e-05,1.3727805840237781,-0.31811472502406063,,,
Drosophila,2018-12-12_4,ME_L,66,2000,4290,-5.4461161335558254e-05,0.0063800763419525845,-0.008496904925041357,3.2377166519819185,,,
Drosophila,2018-12-12_4,OTU_L,66,2000,4290,-0.009264903768470632,0.0008353790390924111,-1.445488941657091,0.11302246918532707,,,
Drosophila,2018-12-12_4,PLP_L,66,2000,4290,0.005476028003646375,-4.4097875381632675e-05,0.8543572735652945,-0.38260357646794296,,,
Drosophila,2018-12-12_4,PVLP_L,66,2000,4290,-0.00834435077344909,0.0002461015639104681,-1.3018663841253784,-0.2190627282887097,,,
Drosophila,2018-12-12_4,SCL_L,66,2000,4290,-0.005133256037275289,0.00018876058647879297,-0.8008787810432669,-0.25137702947232915,,,
Drosophila,2018-12-12_4,SIP_L,66,2000,4290,0.00013742941890639506,0.00020932012843325558,0.021441421330633603,-0.23979077369729646,,,
Drosophila,2018-12-12_4,SLP_L,66,2000,4290,-0.007355190815771225,0.00021973554819697602,-1.1475399263353725,-0.23392120142501138,,,
Drosophila,2018-12-12_4,SMP_L,66,2000,4290,0.003256161248303531,4.2379040002119634e-05,0.5080187764812641,-0.33386982245283797,,,
Drosophila,2018-12-12_4,SPS_L,66,2000,4290,0.007229917741920075,-8.312413641793649e-05,1.1279951099547139,-0.404596685230352,,,
Drosophila,2018-12-12_4,VES_L,66,2000,4290,0.010658383622662223,-9.167193853078809e-05,1.6628964582370906,-0.4094137683060947,,,
Drosophila,2018-12-12_4,WED_L,66,2000,4290,-0.005413292014796678,0.0007035844554222193,-0.844569349114879,0.03875010652525634,,,
Drosophila,2018-12-12_4,EB,66,2000,4290,0.003697156945496944,0.0006540460790954932,0.5768219092003277,0.010832933074965115,,,
Drosophila,2018-12-12_4,FB,66,2000,4290,-0.0028542816160905746,0.00030910560056658247,-0.4453184421056444,-0.18355703048794586,,,
Drosophila,2018-12-12_4,FLA,66,2000,4290,-0.00032208618595546475,0.0002499978074694453,-0.05025114471706881,-0.2168670142725064,,,
Drosophila,2018-12-12_4,NO,66,2000,4290,-0.0017872274002842918,0.001966424373559913,-0.27883910161367415,0.7504189913122904,,,
Drosophila,2018-12-12_4,PB,66,2000,4290,0.006548014483869958,0.00062348093912312,1.0216061345888001,-0.006391941404435579,,,
Drosophila,2018-12-12_4,PRW,66,2000,4290,-0.0003404665515338237,0.0007803035914134128,-0.05311880701028637,0.08198489912921038,,,
Drosophila,2018-12-12_4,SAD,66,2000,4290,0.003604460640631108,-6.584748804016381e-06,0.5623596452670501,-0.3614631891766251,,,
Drosophila,2018-12-12_4,SOG,66,2000,4290,0.022347106301393825,-0.00018294804992208206,3.4865440423276493,-0.4608520919356907,,,
Drosophila,2018-12-14_1,AL_R,67,2000,4422,-0.007440677673166517,-0.0012529735370104662,-0.5186799870114606,-0.4833898135074545,,,
Drosophila,2018-12-14_1,AME_R,67,2000,4422,-0.0037133724267389935,0.004102375167290032,-0.2588543741137533,1.3630158767992018,,,
Drosophila,2018-12-14_1,AMMC_R,67,2000,4422,-0.015932091082437125,0.0006124019660745895,-1.1106053989551659,0.15975036907095835,,,
Drosophila,2018-12-14_1,ATL_R,67,2000,4422,-0.00428276520734782,-0.0017121622940198138,-0.29854600611599286,-0.6417079325845658,,,
Drosophila,2018-12-14_1,AVLP_R,67,2000,4422,-0.005409329864662222,-0.001042502687837775,-0.3770773667648588,-0.4108241235750581,,,
Drosophila,2018-12-14_1,CRE_R,67,2000,4422,-0.019685303093117244,0.000554459311968117,-1.3722369387773121,0.1397730245205001,,,
Drosophila,2018-12-14_1,EPA_R,67,2000,4422,-0.004649933681155997,0.00021457073816072254,-0.32414084405832727,0.022586967850795524,,,
Drosophila,2018-12-14_1,GA_R,67,2000,4422,-0.004620930689384268,-0.00023529475447487959,-0.3221190831305955,-0.13251669604469649,,,
Drosophila,2018-12-14_1,GOR_R,67,2000,4422,-0.01050781917239687,0.0006241810009570201,-0.7324864415929139,0.16381151956444076,,,
Drosophila,2018-12-14_1,IB_R,67,2000,4422,-0.005597535365181318,0.0002432200628093442,-0.39019692802696987,0.03246462082457461,,,
Drosophila,2018-12-14_1,ICL_R,67,2000,4422,-0.0016282798598844955,0.00021865950666296336,-0.11350527649136782,0.02399668472372699,,,
Drosophila,2018-12-14_1,IPS_R,67,2000,4422,0.042325579856879694,-0.0005115115480031544,2.950461258332698,-0.2277501322762745,,,
Drosophila,2018-12-14_1,IVLP_R,67,2000,4422,-0.003369822055063067,0.00014660356936671052,-0.23490592342877437,-0.0008466074670023171,,,
Drosophila,2018-12-14_1,LAL_R,67,2000,4422,-0.0012214381919848024,0.00018646556883545983,-0.08514487166118116,0.012896927587399572,,,
Drosophila,2018-12-14_1,LB_R,67,2000,4422,-0.0008411164599018745,-0.002924136745121735,-0.05863313714963911,-1.0595698957511956,,,
Drosophila,2018-12-14_1,LH_R,67,2000,4422,-0.015921936556505797,-0.00036767140682622616,-1.1098975401270428,-0.1781572355615715,,,
Drosophila,2018-12-14_1,LO_R,67,2000,4422,-0.003524326805929169,0.0011151905796625262,-0.2456762491561532,0.333100753594877,,,
Drosophila,2018-12-14_1,LOP_R,67,2000,4422,-0.001887964954415489,-0.003524326805929169,-0.1316075875139449,-1.2665021432536658,,,
Drosophila,2018-12-14_1,MB_R,67,2000,4422,0.0007527867676914931,9.865408013752178e-05,0.05247578890518684,-0.017378529970755684,,,
Drosophila,2018-12-14_1,ME_R,67,2000,4422,-0.0008118834436443836,0.007872855272826619,-0.05659534151344022,2.662993955996966,,,
Drosophila,2018-12-14_1,OTU_R,67,2000,4422,-0.010291282647588294,0.0008990069451264898,-0.7173919613844436,0.25856542172414876,,,
Drosophila,2018-12-14_1,PLP_R,67,2000,4422,0.009443999545594248,-0.0001150399301630438,0.6583289556152019,-0.09105549451399186,,,
Drosophila,2018-12-14_1,PVLP_R,67,2000,4422,-0.0060909733312608655,0.00018273906677022226,-0.42459384845265774,0.011612112163024161,,,
Drosophila,2018-12-14_1,SCL_R,67,2000,4422,-0.014740633467244607,-0.0005762897407271154,-1.0275504344051738,-0.2500842192344692,,,
Drosophila,2018-12-14_1,SIP_R,67,2000,4422,-0.014158102144802717,-0.0003283933642192228,-0.9869429316977835,-0.16461503590696452,,,
Drosophila,2018-12-14_1,SLP_R,67,2000,4422,-0.0193217484391795,0.0004745124161214338,-1.3468940155295517,0.112209104491328,,,
Drosophila,2018-12-14_1,SMP_R,67,2000,4422,-0.009042224136237793,-0.00044184110054369804,-0.6303217130950667,-0.20372930417743387,,,
Drosophila,2018-12-14_1,SPS_R,67,2000,4422,0.013960539990734752,-0.00010033291823015218,0.9731711302561656,-0.08598484234553591,,,
Drosophila,2018-12-14_1,VES_R,67,2000,4422,0.02530868094777196,-0.00018064018420034156,1.7642353132172541,-0.11367301001634601,,,
Drosophila,2018-12-14_1,WED_R,67,2000,4422,0.0033407173885427045,0.00024153833563960478,0.23287707488622889,0.0318847985221993,,,
Drosophila,2018-12-14_1,AL_L,67,2000,4422,-0.003364358969417662,-0.001318537934136488,-0.23452509881627703,-0.5059949663405088,,,
Drosophila,2018-12-14_1,AME_L,67,2000,4422,-0.0027381848017612354,0.006778261338494342,-0.19087530999150057,2.285602196744521,,,
Drosophila,2018-12-14_1,AMMC_L,67,2000,4422,-0.009904256181605888,0.0009857048347781576,-0.6904128485715355,0.28845693498114167,,,
Drosophila,2018-12-14_1,ATL_L,67,2000,4422,-0.006066778519139558,0.0008346601309474442,-0.4229072594901924,0.2363800645394921,,,
Drosophila,2018-12-14_1,AVLP_L,67,2000,4422,0.004022761968420235,-0.0006998075565181357,0.280421517660292,-0.29267042799948345,,,
Drosophila,2018-12-14_1,CRE_L,67,2000,4422,-0.01353324209055496,0.0005471736242493202,-0.9433847480137859,0.13726108066687556,,,
Drosophila,2018-12-14_1,EPA_L,67,2000,4422,-0.0031552799332466557,-0.0001335282844567067,-0.21995047046533606,-0.0974298698268098,,,
Drosophila,2018-12-14_1,GA_L,67,2000,4422,-0.003314573086849106,-0.0006037640541632271,-0.23105458953496,-0.25955675435155107,,,
Drosophila,2018-12-14_1,GOR_L,67,2000,4422,-0.014091862728936394,0.0009344209194591247,-0.9823254679572033,0.27077537617055897,,,
Drosophila,2018-12-14_1,IB_L,67,2000,4422,-0.011907272843919616,0.00048069830524685123,-0.8300405413742113,0.114341862134468,,,
Drosophila,2018-12-14_1,ICL_L,67,2000,4422,-0.008357809799903283,0.0003829021025029683,-0.5826120776729253,0.08062389618919073,,,
Drosophila,2018-12-14_1,IPS_L,67,2000,4422,0.024827097354316225,0.0002990915274460579,1.7306647457272297,0.05172786509252559,,,
Drosophila,2018-12-14_1,IVLP_L,67,2000,4422,0.0007722836772960458,5.64744498357862e-05,0.05383489317829929,-0.03192113283462059,,,
Drosophila,2018-12-14_1,LAL_L,67,2000,4422,0.02145239732111615,-0.000252884123484083,1.495418784771246,-0.13858112113085694,,,
Drosophila,2018-12-14_1,LB_L,67,2000,4422,0.000564865859246378,-0.017513431207617235,0.039376066187321326,-6.089635686141147,,,
Drosophila,2018-12-14_1,LH_L,67,2000,4422,-0.005312314829805657,0.00010047966219905375,-0.3703145745529627,-0.016749109685979906,,,
Drosophila,2018-12-14_1,LO_L,67,2000,4422,3.581984484243261e-07,0.009113673989572451,2.4969549110589888e-05,3.0908007834774485,,,
Drosophila,2018-12-14_1,MB_L,67,2000,4422,0.00030478762188724704,0.0001062472859986105,0.021246349688260887,-0.014760560668714624,,,
Drosophila,2018-12-14_1,ME_L,67,2000,4422,0.001317679776028436,,0.09185374762038803,,,,
Drosophila,2018-12-14_1,OTU_L,67,2000,4422,-0.02043079131159568,0.00048009112529832476,-1.4242039552860435,0.11413251992840416,,,
Drosophila,2018-12-14_1,PLP_L,67,2000,4422,0.03311750171329595,-0.000386001318487781,2.308578077565644,-0.18447698336203408,,,
Drosophila,2018-12-14_1,PVLP_L,67,2000,4422,0.009552367469180699,-0.00013789842797383718,0.6658831429711445,-0.0989365985765188,,,
Drosophila,2018-12-14_1,SCL_L,67,2000,4422,-0.0001962546266689794,0.00014897304768875464,-0.013680655403029346,-2.9663790978521644e-05,,,
Drosophila,2018-12-14_1,SIP_L,67,2000,4422,-0.016747353626420356,0.0005893255245441525,-1.1674362931691595,0.1517941228381758,,,
Drosophila,2018-12-14_1,SLP_L,67,2000,4422,-0.011449892859517556,0.00034290803756517043,-0.7981571760693945,0.06683482788438658,,,
Drosophila,2018-12-14_1,SMP_L,67,2000,4422,-0.003189166655706623,0.00026029129188833225,-0.22231266992316,0.03835040273204596,,,
Drosophila,2018-12-14_1,SPS_L,67,2000,4422,0.025638754598474808,-0.0002857131057906323,1.7872443191679874,-0.14989982754657794,,,
Drosophila,2018-12-14_1,VES_L,67,2000,4422,0.022012506189343636,-0.0001250120346328494,1.5344632472863924,-0.0944936553983794,,,
Drosophila,2018-12-14_1,WED_L,67,2000,4422,-0.0014247872773736003,0.0004769684269508343,-0.09932007257717085,0.11305588266045417,,,
Drosophila,2018-12-14_1,EB,67,2000,4422,-0.0014010403730349882,0.0007988704646792416,-0.09766470668511872,0.2240405798298,,,
Drosophila,2018-12-14_1,FB,67,2000,4422,-0.008044397456187364,2.1370589876865487e-05,-0.5607645098157595,-0.04402416670948856,,,
Drosophila,2018-12-14_1,FLA,67,2000,4422,-0.006100131251687398,0.0006375618887193867,-0.42523223520404413,0.16842495347322592,,,
Drosophila,2018-12-14_1,NO,67,2000,4422,-0.00113550224208438,0.001164581790248673,-0.07915438808749886,0.35012974970939004,,,
Drosophila,2018-12-14_1,PB,67,2000,4422,0.020001182156572678,0.00043204153975413855,1.3942564584671808,0.09756608643091443,,,
Drosophila,2018-12-14_1,PRW,67,2000,4422,-0.00258894530105281,0.00045142875303213646,-0.18047201802144258,0.10425036842490269,,,
Drosophila,2018-12-14_1,SAD,67,2000,4422,0.03849132935425007,-0.0003645066982519018,2.6831806303766332,-0.17706611409732356,,,
Drosophila,2018-12-14_1,SOG,67,2000,4422,0.04193750976060914,0.0007604671392791372,2.9234093954064164,0.2107999633058919,,,
Drosophila,2018-12-14_2,AL_R,66,2000,4290,0.002430051446793479,-0.00022758880144176764,1.7438608116049947,-1.0131701150642463,,,
Drosophila,2018-12-14_2,AME_R,66,2000,4290,-0.000504207975599807,,-0.3618312405308992,,,,
Drosophila,2018-12-14_2,AMMC_R,66,2000,4290,-0.0016157765079217513,-0.0002453793345171094,-1.1595183864089502,-1.0688371122167335,,,
Drosophila,2018-12-14_2,ATL_R,66,2000,4290,0.0009267243152511953,8.124987387682261e-05,0.6650386841235371,-0.04680662349654466,,,
Drosophila,2018-12-14_2,AVLP_R,66,2000,4290,-0.0002258925101131468,-2.5191728422249066e-05,-0.16210566098968685,-0.37986490494294217,,,
Drosophila,2018-12-14_2,CRE_R,66,2000,4290,-0.005849950902979421,-1.6004646134076816e-07,-4.198059322151484,-0.301540182320032,,,
Drosophila,2018-12-14_2,EPA_R,66,2000,4290,8.397575293948707e-05,0.00041844296431420953,0.060262931827813254,1.008278501031454,,,
Drosophila,2018-12-14_2,GA_R,66,2000,4290,-0.0008542801504118048,0.0003253206611961541,-0.6130510851533321,0.7168966205362136,,,
Drosophila,2018-12-14_2,GOR_R,66,2000,4290,-8.274076605511245e-06,-0.00012607406366440182,-0.005937667683376849,-0.6955281087872888,,,
Drosophila,2018-12-14_2,IB_R,66,2000,4290,-0.00018669901244243382,0.0002283439342967147,-0.13397950557520988,0.4134541572155951,,,
Drosophila,2018-12-14_2,ICL_R,66,2000,4290,0.0006793586610022281,5.8970717340534e-05,0.487523401000206,-0.11651862921403351,,,
Drosophila,2018-12-14_2,IPS_R,66,2000,4290,0.0013193427841999054,5.804319788730661e-05,0.9467907280218059,-0.11942085943631107,,,
Drosophila,2018-12-14_2,IVLP_R,66,2000,4290,-0.0011977360843428069,-1.6509502521446998e-05,-0.859522963140025,-0.3526980155388754,,,
Drosophila,2018-12-14_2,LAL_R,66,2000,4290,1.9168604312321728e-05,-0.00010073208105872127,0.013755831349796596,-0.6162324481359451,,,
Drosophila,2018-12-14_2,LB_R,66,2000,4290,0.0006323265723306616,-0.00026970423582199166,0.45377209238881827,-1.144950301514599,,,
Drosophila,2018-12-14_2,LH_R,66,2000,4290,-0.0025482764617655437,-2.1185345843473222e-05,-1.8287018016314578,-0.36732883946024975,,,
Drosophila,2018-12-14_2,LO_R,66,2000,4290,-0.00019304275751127903,,-0.13853192294850006,,,,
Drosophila,2018-12-14_2,MB_R,66,2000,4290,0.0014463723864174664,-6.565476890238244e-05,1.0379500923691245,-0.5064747119481376,,,
Drosophila,2018-12-14_2,ME_R,66,2000,4290,0.001159561734929347,0.0007846670903163932,0.8321281719562864,2.154202419837025,,,
Drosophila,2018-12-14_2,OTU_R,66,2000,4290,-0.0009735965310402396,-7.644538692507578e-05,-0.6986752642772056,-0.5402388099770726,,,
Drosophila,2018-12-14_2,PLP_R,66,2000,4290,-0.0004531110967718564,-5.8312725931727524e-05,-0.3251629450094321,-0.48350128650832486,,,
Drosophila,2018-12-14_2,PVLP_R,66,2000,4290,-0.0010428346523048582,-3.880371474135303e-05,-0.7483621326362458,-0.4224571308451276,,,
Drosophila,2018-12-14_2,SCL_R,66,2000,4290,-0.002550891206905198,4.0587845675083844e-05,-1.830578202885182,-0.17403906777095948,,,
Drosophila,2018-12-14_2,SIP_R,66,2000,4290,-0.000251945636330534,-0.00010697098149760509,-0.18080198360880276,-0.6357541146028914,,,
Drosophila,2018-12-14_2,SLP_R,66,2000,4290,0.0012348498270021114,-5.671818133198598e-05,0.8861566385220648,-0.4785119188869377,,,
Drosophila,2018-12-14_2,SMP_R,66,2000,4290,0.0016205188461059312,-5.7375261561399376e-05,1.1629215973679947,-0.4805679384061285,,,
Drosophila,2018-12-14_2,SPS_R,66,2000,4290,-0.0002756301703100962,1.0394153879512993e-06,-0.1977985499582869,-0.29778703793327915,,,
Drosophila,2018-12-14_2,VES_R,66,2000,4290,-0.0009797839432991804,-0.00010468088137151483,-0.7031154936303121,-0.628588337351693,,,
Drosophila,2018-12-14_2,WED_R,66,2000,4290,-0.0001962375655671495,,-0.14082459069287392,,,,
Drosophila,2018-12-14_2,AL_L,66,2000,4290,-0.0007309882746239688,-4.1749072250734356e-05,-0.52457399926308,-0.43167322388705226,,,
Drosophila,2018-12-14_2,AME_L,66,2000,4290,2.7382161522361878e-05,-0.0007309882746239688,0.019650068922982412,-2.5883189271612626,,,
Drosophila,2018-12-14_2,AMMC_L,66,2000,4290,-0.0018049232947865799,-1.4270680846852959e-05,-1.295254471210701,-0.34569268977057155,,,
Drosophila,2018-12-14_2,ATL_L,66,2000,4290,0.00019367747512655242,0.0010042387299265662,0.1389874109083007,2.8412472534675475,,,
Drosophila,2018-12-14_2,AVLP_L,66,2000,4290,-0.00017332633031412405,-2.6890724358196422e-05,-0.12438296129612417,-0.3851811032562775,,,
Drosophila,2018-12-14_2,CRE_L,66,2000,4290,-0.002625983948879745,5.564957990858248e-05,-1.88446648172725,-0.12691054648736755,,,
Drosophila,2018-12-14_2,EPA_L,66,2000,4290,-0.0006922971812396684,0.0003665152615429858,-0.4968083807202867,0.8457954956004664,,,
Drosophila,2018-12-14_2,GA_L,66,2000,4290,-0.0005421626138934257,-0.00025564533672098674,-0.38906836196148464,-1.1009596749882087,,,
Drosophila,2018-12-14_2,GOR_L,66,2000,4290,-0.000667569134898485,0.0009389462640085288,-0.47906296589837294,2.636945589265254,,,
Drosophila,2018-12-14_2,IB_L,66,2000,4290,0.0007743119613573905,0.0006651116858752211,0.555664073347049,1.780110742515919,,,
Drosophila,2018-12-14_2,ICL_L,66,2000,4290,0.0014702449464818706,0.00026178777824854675,1.0550815905618618,0.5181007329056326,,,
Drosophila,2018-12-14_2,IPS_L,66,2000,4290,0.0015413714956006076,0.0003818916909144314,1.1061236381845696,0.8939087053851734,,,
Drosophila,2018-12-14_2,IVLP_L,66,2000,4290,0.00030407643373164817,0.000427088219282721,0.21821224287943633,1.035329707517318,,,
Drosophila,2018-12-14_2,LAL_L,66,2000,4290,-0.0002615704768736703,2.1956266253562066e-05,-0.18770899056261428,-0.232337718756395,,,
Drosophila,2018-12-14_2,LB_L,66,2000,4290,5.991898072653229e-05,0.00022111795555575136,0.04299923876022977,0.39084389948505693,,,
Drosophila,2018-12-14_2,LH_L,66,2000,4290,0.0011465809218761272,-0.00016313459711671816,0.8228128419388293,-0.8114913911365518,,,
Drosophila,2018-12-14_2,LO_L,66,2000,4290,-0.000320737710088523,,-0.2301687580175886,,,,
Drosophila,2018-12-14_2,MB_L,66,2000,4290,0.0038415371426329266,-0.00011880812879509969,2.756775412389827,-0.672792827389779,,,
Drosophila,2018-12-14_2,ME_L,66,2000,4290,-0.0008100174951975416,-0.00046854877442790836,-0.5812871856903851,-1.76713954775508,,,
Drosophila,2018-12-14_2,OTU_L,66,2000,4290,-9.586671626552383e-05,9.987939848968925e-06,-0.06879616061351233,-0.2697868940600826,,,
Drosophila,2018-12-14_2,PLP_L,66,2000,4290,0.0017884405344674315,4.014917602464444e-05,1.283426063287252,-0.17541167544260586,,,
Drosophila,2018-12-14_2,PVLP_L,66,2000,4290,-0.00046854877442790836,9.161731654168087e-05,-0.33624137757599454,-0.014366651132638707,,,
Drosophila,2018-12-14_2,SCL_L,66,2000,4290,0.0019944847551857225,0.00016545567778561255,1.4312881352785427,0.21667532089277347,,,
Drosophila,2018-12-14_2,SIP_L,66,2000,4290,-0.0016821550126182002,8.779020632674181e-05,-1.2071531281448986,-0.026341769165080003,,,
Drosophila,2018-12-14_2,SLP_L,66,2000,4290,0.0007846670903163932,-3.290275180603146e-05,0.5630951520653819,-0.403992878788916,,,
Drosophila,2018-12-14_2,SMP_L,66,2000,4290,0.002013164293823228,-9.527620787670275e-05,1.4446930018511372,-0.5991608924045032,,,
Drosophila,2018-12-14_2,SPS_L,66,2000,4290,0.0002007826541980028,0.0006040178415603804,0.14408625083553261,1.5889466642330419,,,
Drosophila,2018-12-14_2,VES_L,66,2000,4290,-0.0006373141066744367,0.00011682887237890322,-0.45735126175172214,0.06452090108723613,,,
Drosophila,2018-12-14_2,WED_L,66,2000,4290,0.0010776813359042715,0.001004581288392465,0.7733689142924943,2.8423191269783064,,,
Drosophila,2018-12-14_2,EB,66,2000,4290,-0.00025992213938667445,0.0002347663254456481,-0.1865261056686897,0.4335499704374801,,,
Drosophila,2018-12-14_2,FB,66,2000,4290,0.0004505599205065581,9.36741740165852e-05,0.32333216224208733,-0.007930695632391743,,,
Drosophila,2018-12-14_2,FLA,66,2000,4290,-0.0009490753934534665,-8.897439798485345e-05,-0.6810783319365455,-0.579442380777029,,,
Drosophila,2018-12-14_2,NO,66,2000,4290,0.0002435672739760838,0.0006130743850178532,0.17478947807332051,1.617284802091164,,,
Drosophila,2018-12-14_2,PB,66,2000,4290,0.0011334639512168697,7.209291354118537e-05,0.8133998020915312,-0.07545896813234845,,,
Drosophila,2018-12-14_2,PRW,66,2000,4290,0.0005367157360354442,-2.0129872105266492e-05,0.3851595571274691,-0.36402623726556255,,,
Drosophila,2018-12-14_2,SAD,66,2000,4290,7.559843559908822e-05,5.1063357335892825e-05,0.0542511762184506,-0.1412609449725284,,,
Drosophila,2018-12-14_2,SOG,66,2000,4290,0.0014201474142753138,9.367871788467703e-05,1.019130449161785,-0.007916477762075087,,,
Drosophila,2018-12-14_3,AL_R,67,2000,4422,-0.003299609013626998,0.0004013332946499998,-0.7153292632448873,0.20481895058774377,,,
Drosophila,2018-12-14_3,AME_R,67,2000,4422,-0.0020669146425475677,0.0023086250777388105,-0.448090826015291,3.1627035487275794,,,
Drosophila,2018-12-14_3,AMMC_R,67,2000,4422,-0.005438336677316202,0.00023439304833546004,-1.17898858701021,-0.05407692877465105,,,
Drosophila,2018-12-14_3,ATL_R,67,2000,4422,0.0033896485374501997,0.00025783672199297,0.7348491233172093,-0.017719785179629084,,,
Drosophila,2018-12-14_3,AVLP_R,67,2000,4422,0.0031569890192860214,9.925313403188663e-05,0.6844103710202057,-0.2636559112128427,,,
Drosophila,2018-12-14_3,CRE_R,67,2000,4422,-0.006013038777812751,0.0011046017417466012,-1.3035794789721624,1.2954684917166568,,,
Drosophila,2018-12-14_3,EPA_R,67,2000,4422,-0.0015796283913102364,0.0007604947807656938,-0.3424510021308824,0.7618172229266322,,,
Drosophila,2018-12-14_3,GA_R,67,2000,4422,-0.00045701353723218743,6.913189815606279e-05,-0.09907693776175276,-0.310368816109727,,,
Drosophila,2018-12-14_3,GOR_R,67,2000,4422,-0.0009278589261422053,0.0005783158153056711,-0.20115251209806712,0.47928868648708817,,,
Drosophila,2018-12-14_3,IB_R,67,2000,4422,0.0014060636731191053,0.0004370788979891238,0.3048235373384725,0.2602542911609525,,,
Drosophila,2018-12-14_3,ICL_R,67,2000,4422,-0.00118820079322896,0.0003847562526734465,-0.2575925797563436,0.17911078281817636,,,
Drosophila,2018-12-14_3,IPS_R,67,2000,4422,0.01395056959364327,-0.0003485793025008443,3.0243736842923608,-0.9581677202148114,,,
Drosophila,2018-12-14_3,IVLP_R,67,2000,4422,-0.004468661779705665,0.00014019464016750172,-0.9687707014273521,-0.20016261066128016,,,
Drosophila,2018-12-14_3,LAL_R,67,2000,4422,-6.77896203212892e-05,7.316460761838014e-05,-0.014696256119986524,-0.3041147708120307,,,
Drosophila,2018-12-14_3,LB_R,67,2000,4422,0.0005530173249107035,-0.0008694067900134908,0.11988980329375205,-1.7658824166555664,,,
Drosophila,2018-12-14_3,LH_R,67,2000,4422,-0.002555046571192886,0.0004195633061943542,-0.5539139861055046,0.233090592530033,,,
Drosophila,2018-12-14_3,LO_R,67,2000,4422,-0.0014003746991828872,0.0014240892314014264,-0.30359021256647445,1.79093915505583,,,
Drosophila,2018-12-14_3,LOP_R,67,2000,4422,-0.0006813258944372199,,-0.1477060912625253,,,,
Drosophila,2018-12-14_3,MB_R,67,2000,4422,0.001669861662700566,0.00022731821282575198,0.362012865150789,-0.06504879326548854,,,
Drosophila,2018-12-14_3,ME_R,67,2000,4422,-0.0020254908879134667,-0.001532316964711448,-0.43911048205305997,-2.7939431533897174,,,
Drosophila,2018-12-14_3,OTU_R,67,2000,4422,-0.00387036005398933,0.00034460930333617145,-0.8390635964681609,0.11684970448714435,,,
Drosophila,2018-12-14_3,PLP_R,67,2000,4422,0.004456597504495135,6.202540795301869e-05,0.9661552615184746,-0.3213897716367172,,,
Drosophila,2018-12-14_3,PVLP_R,67,2000,4422,-0.0018099697882282845,0.00034642640630012976,-0.39238720398743726,0.11966772159285546,,,
Drosophila,2018-12-14_3,SCL_R,67,2000,4422,0.0017442787107000558,0.0008810644368144112,0.37814589542755506,0.948800217239104,,,
Drosophila,2018-12-14_3,SIP_R,67,2000,4422,0.0045610585793566085,-0.0004039629952733563,0.9888016003452341,-1.0440583916330155,,,
Drosophila,2018-12-14_3,SLP_R,67,2000,4422,0.0020519401283875475,0.0004830551705486943,0.44484446920837867,0.33155565663089454,,,
Drosophila,2018-12-14_3,SMP_R,67,2000,4422,0.00720533645439991,-0.0005812161451575335,1.5620602307943834,-1.31894782735695,,,
Drosophila,2018-12-14_3,SPS_R,67,2000,4422,-0.0013975732399071098,0.00030309625401725025,-0.302982878245506,0.05247003783572103,,,
Drosophila,2018-12-14_3,VES_R,67,2000,4422,-0.0019896259016568317,1.9474518341914177e-05,-0.4313352353225251,-0.38737895175786596,,,
Drosophila,2018-12-14_3,WED_R,67,2000,4422,-0.0033382835912197355,0.0008052151657008453,-0.7237136072630624,0.8311709206646621,,,
Drosophila,2018-12-14_3,AL_L,67,2000,4422,-0.008306391879095912,0.0006102677096334831,-1.8007603805657082,0.5288406307420832,,,
Drosophila,2018-12-14_3,AME_L,67,2000,4422,-0.0027686127168701797,0.0016960912461363132,-0.6002134455294745,2.212767937196535,,,
Drosophila,2018-12-14_3,AMMC_L,67,2000,4422,-0.0017431481286278583,9.502598168320652e-05,-0.3779007941330068,-0.27021150429881646,,,
Drosophila,2018-12-14_3,ATL_L,67,2000,4422,-0.0007092578523201254,4.9600488119218174e-05,-0.15376151988174916,-0.34065870538633086,,,
Drosophila,2018-12-14_3,AVLP_L,67,2000,4422,0.006083912842974005,-0.0005186527187913072,1.3189444184560806,-1.2219226123917681,,,
Drosophila,2018-12-14_3,CRE_L,67,2000,4422,-0.0032093750076655375,0.0006314844751387998,-0.6957672409757413,0.5617442192055577,,,
Drosophila,2018-12-14_3,EPA_L,67,2000,4422,-0.002309566632479902,-9.914679646403405e-05,-0.5006958675418336,-0.5713404007540909,,,
Drosophila,2018-12-14_3,GA_L,67,2000,4422,-0.005580083931615596,-0.000672156590633409,-1.2097182760631304,-1.4599809641879822,,,
Drosophila,2018-12-14_3,GOR_L,67,2000,4422,-0.004194267948174117,0.00040417616090873806,-0.9092842784791232,0.20922775179784253,,,
Drosophila,2018-12-14_3,IB_L,67,2000,4422,-0.00015795973184989427,0.00042415591573356944,-0.03424442657899651,0.24021294745326102,,,
Drosophila,2018-12-14_3,ICL_L,67,2000,4422,-0.004308713604930378,0.0004942022273218932,-0.934095196072976,0.3488428424911716,,,
Drosophila,2018-12-14_3,IPS_L,67,2000,4422,0.0029786131258007827,0.00037254620639184293,0.6457398812923376,0.16017508133864658,,,
Drosophila,2018-12-14_3,IVLP_L,67,2000,4422,-0.0038481460341590746,0.0006860492239433886,-0.8342477718134037,0.646364848058205,,,
Drosophila,2018-12-14_3,LAL_L,67,2000,4422,0.0017258762821673163,0.00011930209634471113,0.3741563937654259,-0.23256338653486675,,,
Drosophila,2018-12-14_3,LB_L,67,2000,4422,-0.0014278434738949446,0.001595107713308395,-0.30954522671992923,2.0561596829871474,,,
Drosophila,2018-12-14_3,LH_L,67,2000,4422,0.0007309144478126624,-2.6297069686714674e-05,0.15845649932752306,-0.4583628863937228,,,
Drosophila,2018-12-14_3,LO_L,67,2000,4422,0.0007031723695125345,0.0020415402320472097,0.15244223510732116,2.74850045800365,,,
Drosophila,2018-12-14_3,MB_L,67,2000,4422,0.007491004634767198,-6.949112200991807e-05,1.6239908438308708,-0.5253495023016153,,,
Drosophila,2018-12-14_3,ME_L,67,2000,4422,-0.0003677382630885405,-0.0008988599624031612,-0.07972276100462154,-1.8115592689076514,,,
Drosophila,2018-12-14_3,OTU_L,67,2000,4422,-0.008543261477476244,0.0004926337747074159,-1.8521118451164318,0.34641043971336405,,,
Drosophila,2018-12-14_3,PLP_L,67,2000,4422,0.018062886281697697,-0.0002222390417489552,3.9158915746081275,-0.7622355011823433,,,
Drosophila,2018-12-14_3,PVLP_L,67,2000,4422,0.004203074076358835,2.5932301774941416e-05,0.9111933777573707,-0.37736402990687384,,,
Drosophila,2018-12-14_3,SCL_L,67,2000,4422,0.0014819615545908443,0.00011531547124775209,0.32127760065652244,-0.23874596283357868,,,
Drosophila,2018-12-14_3,SIP_L,67,2000,4422,-0.0009468622299318289,-0.0001153472203796046,-0.20527227878645662,-0.5964644980778883,,,
Drosophila,2018-12-14_3,SLP_L,67,2000,4422,-0.0010231847485797573,0.00034509947105997474,-0.22181840010202547,0.11760987111377082,,,
Drosophila,2018-12-14_3,SMP_L,67,2000,4422,0.000991633125694953,-0.00010349347780809536,0.21497825660042966,-0.5780813629469858,,,
Drosophila,2018-12-14_3,SPS_L,67,2000,4422,-0.0008619949310996088,0.00028615274295953246,-0.18687371638208733,0.026193538958935468,,,
Drosophila,2018-12-14_3,VES_L,67,2000,4422,0.0033969662821500338,-0.00013908275865074296,0.7364355527708591,-0.6332742739618175,,,
Drosophila,2018-12-14_3,WED_L,67,2000,4422,-0.004643055192702368,0.000652318725500487,-1.0065778207310319,0.5940545918528006,,,
Drosophila,2018-12-14_3,EB,67,2000,4422,-0.00030879188014378293,-0.0007976929320638559,-0.06694364914358483,-1.654666441321741,,,
Drosophila,2018-12-14_3,FB,67,2000,4422,-0.0016338331583054667,0.00015319792687578418,-0.35420216897487083,-0.17999672842938771,,,
Drosophila,2018-12-14_3,FLA,67,2000,4422,-0.0021094785446691207,0.00034859580181683135,-0.457318344978809,0.12303208442554872,,,
Drosophila,2018-12-14_3,NO,67,2000,4422,-0.0006639196378385002,0.00012883485496250046,-0.14393255183491685,-0.2177797020753868,,,
Drosophila,2018-12-14_3,PB,67,2000,4422,0.004839112826690984,5.4620867001676855e-05,1.0490815726287306,-0.33287295309351583,,,
Drosophila,2018-12-14_3,PRW,67,2000,4422,-0.0004402463907761145,0.0010519886883669817,-0.09544195238269487,1.213874609945375,,,
Drosophila,2018-12-14_3,SAD,67,2000,4422,-0.004629513726401743,0.0002988868590290406,-1.0036421374206526,0.04594198339040254,,,
Drosophila,2018-12-14_3,SOG,67,2000,4422,0.012475860871001441,-0.00016896269569897023,2.7046684405160333,-0.6796129654887153,,,
Zebrafish,subject_12,Cb,159,640,25122,0.0019056814281956228,0.0007133997579954257,0.20696969987263708,0.2890003202994026,1.0,5.0,1290.0
Zebrafish,subject_12,Hb,159,640,25122,-0.0029228781054514022,-0.000745570635547072,-0.6004311062222978,-1.181640875726283,16.0,4.0,304.0
Zebrafish,subject_12,MON,159,640,25122,-0.006282724984317254,-0.0009738770262066279,-1.16224318691604,-1.4117735671818188,0.0,7.0,804.0
Zebrafish,subject_12,MOS1,159,640,25122,0.009906490566504432,0.001112026478017505,1.5448137717263195,0.6908157916042291,2.0,3.0,1395.0
Zebrafish,subject_12,MOS2,159,640,25122,0.01601762141844786,0.0013392611357064725,2.566677940869945,0.9198681769310985,3.0,2.0,555.0
Zebrafish,subject_12,MOS3,159,640,25122,0.0045440831700780645,0.0012687537245787712,0.6481463444503589,0.848796752940275,4.0,2.0,1272.0
Zebrafish,subject_12,MOS4,159,640,25122,0.0032031020804869532,0.0016935976994815278,0.42391607346596993,1.2770391999019632,5.0,4.0,829.0
Zebrafish,subject_12,MOS5,159,640,25122,-0.0026450038825587287,0.0007890979883630532,-0.5539667580055758,0.365304086666155,6.0,4.0,928.0
Zebrafish,subject_12,NX,159,640,25122,0.01584872124086503,0.0013193833245212696,2.538435534707262,0.8998313563450417,35.0,2.0,296.0
Zebrafish,subject_12,OB,159,640,25122,0.0004003700547927303,-0.0003505999942914079,-0.04473882890082544,-0.7835107294106429,20.0,5.0,200.0
Zebrafish,subject_12,P,159,640,25122,-0.0021733570644197286,-0.001486373836514009,-0.47510099721212556,-1.9283700145159925,22.0,5.0,923.0
Zebrafish,subject_12,PO,159,640,25122,-0.004730782273843721,0.00010539066648754226,-0.9027372645559889,-0.3238724435944171,25.0,2.0,425.0
Zebrafish,subject_12,PT,159,640,25122,-0.006241172640893491,0.0009903921172104264,-1.1552950701243347,0.568208436001347,24.0,2.0,337.0
Zebrafish,subject_12,PrT,159,640,25122,-0.004541698805303591,0.0008504247767834569,-0.8711199377207912,0.42712144901304183,26.0,3.0,400.0
Zebrafish,subject_12,Ra,159,640,25122,-0.0031532870719458844,0.000786818047142779,-0.6389586182023841,0.3630059074173555,10.0,4.0,231.0
Zebrafish,subject_12,SP,159,640,25122,0.0007228381817843371,-0.000500508367545327,0.00918222640742209,-0.9346182709427986,28.0,2.0,679.0
Zebrafish,subject_12,T,159,640,25122,0.0009755044956947347,0.00093167037800693,0.05143146950005242,0.5090169615497971,11.0,3.0,1169.0
Zebrafish,subject_12,TS,159,640,25122,-0.0003504492680616019,-0.0012603429257310398,-0.17028602828398542,-1.7005310052777574,32.0,3.0,143.0
Zebrafish,subject_12,TeO,159,640,25122,-0.0009470691807908909,-0.001089835057602262,-0.27004898970409236,-1.5286591864755676,29.0,7.0,4946.0
Zebrafish,subject_12,Th,159,640,25122,-0.004407649466286676,-0.00010233331182749946,-0.8487050656197938,-0.5332580769592576,30.0,6.0,1134.0
Zebrafish,subject_12,aRF,159,640,25122,-0.0014495176166024134,0.0018120951700377969,-0.3540651997701518,1.3964845721975279,12.0,3.0,222.0
Zebrafish,subject_12,imRF,159,640,25122,0.003979954976756927,0.0013045077125844733,0.5538164402927225,0.88483674930766,13.0,1.0,329.0
Zebrafish,subject_12,pRF,159,640,25122,0.003917007352095301,0.0014605730323695475,0.5432907415746265,1.0421504888891528,14.0,2.0,451.0
Zebrafish,subject_12,rCb,159,640,25122,0.0016077057258711983,0.0008772004611353342,0.15714411098283218,0.4541113212091729,37.0,4.0,1463.0
Zebrafish,subject_12,rHb,159,640,25122,-0.0034269150063275552,-0.00014588183839100538,-0.6847129292449128,-0.5771549630605622,52.0,4.0,260.0
Zebrafish,subject_12,rMON,159,640,25122,-0.009647941362248945,-0.0015776918648156466,-1.7249531208606061,-2.020418526915306,36.0,5.0,999.0
Zebrafish,subject_12,rMOS1,159,640,25122,0.004946361532506946,0.0010491837938876834,0.715412756272832,0.6274704073803968,38.0,3.0,1462.0
Zebrafish,subject_12,rMOS2,159,640,25122,0.011630967184113194,0.0012471750003296863,1.8331697092366395,0.8270454131057985,39.0,3.0,553.0
Zebrafish,subject_12,rMOS3,159,640,25122,0.00010963787010229468,0.0015481881679027573,-0.09335320315490063,1.1304664878160762,40.0,4.0,1407.0
Zebrafish,subject_12,rMOS4,159,640,25122,0.007084836495993836,0.001107256488697035,1.072994846190452,0.6860076455100146,41.0,3.0,983.0
Zebrafish,subject_12,rMOS5,159,640,25122,-0.000963687481680262,0.0006785241606546425,-0.27282779556544867,0.25384574114387587,42.0,6.0,1183.0
Zebrafish,subject_12,rNX,159,640,25122,0.010305285050256071,0.001464072825284769,1.6114976316649976,1.0456782778432427,71.0,3.0,422.0
Zebrafish,subject_12,rP,159,640,25122,0.0011953867278262128,-0.0018311441272132294,0.08819876836668103,-2.2758982405253683,58.0,5.0,974.0
Zebrafish,subject_12,rPO,159,640,25122,0.0004791129563696434,-0.00040924996021469593,-0.03157194512018087,-0.8426298564430021,61.0,2.0,382.0
Zebrafish,subject_12,rPT,159,640,25122,-0.006603256052776212,0.0010225247735787366,-1.2158403397001878,0.6005981324627218,60.0,2.0,388.0
Zebrafish,subject_12,rPrT,159,640,25122,-0.0005563929283054427,0.0002906249701752927,-0.2047226084135934,-0.13715638744546588,62.0,3.0,576.0
Zebrafish,subject_12,rRa,159,640,25122,0.0003788553490175692,0.00039112011427082366,-0.048336380233622224,-0.03585734836861824,46.0,3.0,182.0
Zebrafish,subject_12,rSP,159,640,25122,0.0034836068517405797,-0.0010087952409719202,0.47082028513519886,-1.4469711046731888,64.0,3.0,658.0
Zebrafish,subject_12,rT,159,640,25122,-0.008177051097649561,0.0007772452322844483,-1.4790002694896844,0.353356516343418,47.0,3.0,1369.0
Zebrafish,subject_12,rTeO,159,640,25122,-0.00018095736542473987,-0.00046162628179798314,-0.14194467764680999,-0.8954251541115478,65.0,13.0,7000.0
Zebrafish,subject_12,rTh,159,640,25122,-0.0005832981443809995,-5.5674318290755944e-05,-0.20922152636131422,-0.48622584219702947,66.0,4.0,1287.0
Zebrafish,subject_12,raRF,159,640,25122,-0.011772058298843157,0.0011941449334417482,-2.0801343534611942,0.7735911406006262,48.0,1.0,37.0
Zebrafish,subject_12,rimRF,159,640,25122,0.0009690346511379033,0.0013188151939553551,0.05034962352215907,0.8992586811086879,49.0,2.0,315.0
Zebrafish,subject_12,rpRF,159,640,25122,0.007533683848004936,0.0013305244269294107,1.1480482262517344,0.9110615802365426,50.0,2.0,473.0
Zebrafish,subject_13,Cb,172,1200,29412,0.0004972301111824479,9.241323899354324e-05,0.19085078873592654,-1.0362052677242444,1.0,3.0,1363.0
Zebrafish,subject_13,HR,172,1200,29412,-0.008847094822975991,0.00041503388007469474,-3.1280401819093253,0.7726689254098897,18.0,3.0,246.0
Zebrafish,subject_13,Hb,172,1200,29412,0.0003403654979389795,8.445580798818381e-05,0.13513605790455543,-1.0808211098507854,16.0,5.0,523.0
Zebrafish,subject_13,MON,172,1200,29412,-0.0034244917318466133,-0.00020927312371761498,-1.202055312659575,-2.7277048385513023,0.0,6.0,723.0
Zebrafish,subject_13,MOS1,172,1200,29412,0.0006499655845636495,0.0002493695384823803,0.24509894331893617,-0.15618036093666432,2.0,3.0,1145.0
Zebrafish,subject_13,MOS2,172,1200,29412,0.0031863715642219694,0.000290627688583204,1.1459724642092672,0.07514644668399864,3.0,2.0,606.0
Zebrafish,subject_13,MOS3,172,1200,29412,-0.0004920782625734666,0.0002995111462262939,-0.1605289687080445,0.12495434869093648,4.0,4.0,1134.0
Zebrafish,subject_13,MOS4,172,1200,29412,0.001663797776478127,0.00017310571006481053,0.6051890013170619,-0.583777524688662,5.0,5.0,569.0
Zebrafish,subject_13,MOS5,172,1200,29412,-0.0015398742954810642,-0.00018101734313190107,-0.5326822079412787,-2.5692799090828187,6.0,3.0,668.0
Zebrafish,subject_13,NX,172,1200,29412,0.002277835585360788,0.0002498103385602433,0.8232812181326146,-0.15370887652541945,35.0,2.0,211.0
Zebrafish,subject_13,OB,172,1200,29412,9.005738898478688e-05,0.0003985010150810561,0.04623232986203571,0.6799722128705292,20.0,5.0,253.0
Zebrafish,subject_13,P,172,1200,29412,0.0014585796763576333,0.000609866472187067,0.5323002154173857,1.8650591911798042,22.0,5.0,1505.0
Zebrafish,subject_13,PO,172,1200,29412,0.002410753582375328,0.0003912295866818734,0.8704906573629659,0.6392026603260107,25.0,2.0,536.0
Zebrafish,subject_13,PT,172,1200,29412,-0.0009471354112807674,0.0003487384439436545,-0.322154883112128,0.40096269130738404,24.0,3.0,322.0
Zebrafish,subject_13,PrT,172,1200,29412,0.0019090846162539456,0.00041836009335077763,0.6923092891373387,0.7913183873159959,26.0,3.0,469.0
Zebrafish,subject_13,Ra,172,1200,29412,-0.0008273289055693608,0.0003301303623428672,-0.2796023463765295,0.2966306235308168,10.0,3.0,225.0
Zebrafish,subject_13,SP,172,1200,29412,0.004592188295426133,0.0003055611412030995,1.6452864851204765,0.15887555021561517,28.0,3.0,984.0
Zebrafish,subject_13,T,172,1200,29412,-0.00015666070397744452,0.0002988042977549868,-0.041396306427559516,0.1209911802032695,11.0,5.0,1125.0
Zebrafish,subject_13,TeO,172,1200,29412,0.00023298196689484945,0.00017801358472471827,0.09699587826722729,-0.5562599802882372,29.0,9.0,5089.0
Zebrafish,subject_13,Th,172,1200,29412,-0.0003169849749133638,0.0004358655661486713,-0.09833982871876365,0.8894683317107702,30.0,3.0,520.0
Zebrafish,subject_13,aRF,172,1200,29412,-0.0015994659617028781,0.00027721945784249996,-0.5538478078474101,-3.102020457095657e-05,12.0,3.0,237.0
Zebrafish,subject_13,imRF,172,1200,29412,-0.0009357073990244463,0.0005155516791751531,-0.3180959139562846,1.336253611541999,13.0,4.0,509.0
Zebrafish,subject_13,pRF,172,1200,29412,0.002387860399721498,0.00029351781685229574,0.8623595213275117,0.09135086070812307,14.0,3.0,658.0
Zebrafish,subject_13,rCb,172,1200,29412,-0.0007420920053880009,0.00033939237176097253,-0.24932814461545985,0.3485609952417882,37.0,7.0,1363.0
Zebrafish,subject_13,rHR,172,1200,29412,-0.006258116623793439,0.0004148480855659824,-2.208494208389706,0.7716272100041132,54.0,2.0,119.0
Zebrafish,subject_13,rHb,172,1200,29412,-0.0015331134072179731,0.00038491089866392753,-0.5302808947198293,0.6037749466750014,52.0,6.0,439.0
Zebrafish,subject_13,rHi,172,1200,29412,-0.009701077647497112,0.00037710727892938253,-3.431355392516836,0.5600214958618526,53.0,1.0,32.0
Zebrafish,subject_13,rMON,172,1200,29412,-0.0009714332241019776,-0.0003541192888464154,-0.3307849117281016,-3.539830464481192,36.0,7.0,498.0
Zebrafish,subject_13,rMOS1,172,1200,29412,0.002984993562498351,0.00030108659391155513,1.0744475936256337,0.13378759212803298,38.0,2.0,1394.0
Zebrafish,subject_13,rMOS2,172,1200,29412,0.004739941061117551,0.00036663814618208827,1.6977648956419826,0.5013230071736704,39.0,2.0,572.0
Zebrafish,subject_13,rMOS3,172,1200,29412,0.0015826660330250447,0.00028074729305236924,0.5763728575424776,0.01974889854885223,40.0,3.0,1396.0
Zebrafish,subject_13,rMOS4,172,1200,29412,0.0012435000077852386,0.0001616520487287623,0.4559088254535282,-0.6479960828635074,41.0,5.0,787.0
Zebrafish,subject_13,rMOS5,172,1200,29412,0.0009439994308863376,3.2528358077329545e-05,0.3495330554137711,-1.371968705814376,42.0,6.0,796.0
Zebrafish,subject_13,rNX,172,1200,29412,0.0008601570539497269,0.0004035384750601225,0.3197541564849515,0.7082163181594626,71.0,2.0,156.0
Zebrafish,subject_13,rP,172,1200,29412,0.0010499894974065143,0.0004462588845352796,0.3871783082523149,0.947741743317541,58.0,4.0,1333.0
Zebrafish,subject_13,rPO,172,1200,29412,-0.0006592499337033072,0.00037410909566022813,-0.21990453128424828,0.543211237461505,61.0,3.0,597.0
Zebrafish,subject_13,rPT,172,1200,29412,-0.0018114696223902483,0.00018290457603106379,-0.6291466700077959,-0.5288370977248541,60.0,3.0,442.0
Zebrafish,subject_13,rPrT,172,1200,29412,0.0019890003780250426,0.00024712953874955084,0.7206935439682863,-0.16873962464578138,62.0,2.0,390.0
Zebrafish,subject_13,rRa,172,1200,29412,-7.807329578159396e-05,0.00017265464657189618,-0.013483852472306395,-0.5863065541675677,46.0,2.0,153.0
Zebrafish,subject_13,rSP,172,1200,29412,0.0031228728609077948,0.0003122438612558742,1.1234191738900585,0.19634432407613053,64.0,3.0,1064.0
Zebrafish,subject_13,rT,172,1200,29412,-0.0007087796944484976,0.00028208495711939225,-0.23749637198688936,0.02724893327016487,47.0,5.0,1016.0
Zebrafish,subject_13,rTeO,172,1200,29412,0.0010898019370427945,0.00039400850225786583,0.40131877825514983,0.6547835253737831,65.0,9.0,4679.0
Zebrafish,subject_13,rTh,172,1200,29412,4.04373538908074e-05,0.00038245383028737417,0.02860842577084727,0.5899986192762985,66.0,5.0,899.0
Zebrafish,subject_13,raRF,172,1200,29412,-0.0033964746980386954,0.000213694423756232,-1.1921043016251183,-0.35620412305235905,48.0,2.0,116.0
Zebrafish,subject_13,rimRF,172,1200,29412,-0.00015809913238043824,0.0003651916009384578,-0.041907203370062464,0.49321249585723576,49.0,2.0,449.0
Zebrafish,subject_13,rpRF,172,1200,29412,0.0019153307574876607,0.00040588898220804697,0.6945277759609478,0.7213951764817621,50.0,2.0,736.0
Zebrafish,subject_14,Cb,134,500,17822,0.0020475094668008214,0.0013743775907638634,0.2952558846631184,1.272572750213878,1.0,3.0,1800.0
Zebrafish,subject_14,HR,134,500,17822,-0.02408526336918372,0.000371720973389548,-2.373282115321976,0.031466064688703874,18.0,1.0,243.0
Zebrafish,subject_14,Hb,134,500,17822,0.005306205039708257,0.0009806952065492054,0.628016323873475,0.7852655000988611,16.0,4.0,528.0
Zebrafish,subject_14,Hi,134,500,17822,-0.014477794601790984,0.00034368580963452933,-1.3922191546339935,-0.0032363733775449778,17.0,1.0,280.0
Zebrafish,subject_14,MON,134,500,17822,-0.009618993992014874,0.0008472305155887902,-0.8960646078924247,0.62006046642911,0.0,5.0,1142.0
Zebrafish,subject_14,MOS1,134,500,17822,0.005570169190807891,0.000697567587286122,0.6549709211626394,0.43480495853834383,2.0,2.0,1894.0
Zebrafish,subject_14,MOS2,134,500,17822,0.00199985191225935,0.00035661332037599796,0.2903893518968305,0.012765535681262395,3.0,1.0,1045.0
Zebrafish,subject_14,MOS3,134,500,17822,0.027250564548733616,6.0371381458398385e-05,2.8688561154524543,-0.3539281504247497,4.0,1.0,1395.0
Zebrafish,subject_14,MOS4,134,500,17822,0.0110550924554463,0.00033793131575525866,1.2150617408607036,-0.0103593910703612,5.0,2.0,1162.0
Zebrafish,subject_14,MOS5,134,500,17822,0.009076467720545886,0.0002884894793884801,1.013015240631626,-0.07155939972351555,6.0,3.0,1344.0
Zebrafish,subject_14,NX,134,500,17822,-0.00873023240219385,0.0009528717068872459,-0.805309061580907,0.750825063715371,35.0,3.0,637.0
Zebrafish,subject_14,P,134,500,17822,0.0023928737815783595,0.0007181678177547868,0.3305226282118021,0.4603043003020001,22.0,4.0,1221.0
Zebrafish,subject_14,PO,134,500,17822,-0.0031037416367452986,0.0006354136570679418,-0.2307621312417784,0.3578696877898632,25.0,2.0,631.0
Zebrafish,subject_14,PT,134,500,17822,-0.007007895127937393,0.0002501385565879642,-0.6294332563615199,-0.11903087286695843,24.0,1.0,437.0
Zebrafish,subject_14,PrT,134,500,17822,-0.008924866407046664,0.00032412397058099204,-0.825184037776461,-0.027450375269928533,26.0,3.0,643.0
Zebrafish,subject_14,Ra,134,500,17822,-0.00028745031141339233,0.0005026279598439157,0.05682236918015842,0.1935051249762952,10.0,2.0,633.0
Zebrafish,subject_14,SP,134,500,17822,0.005630639304848713,0.0007178495392377648,0.661145803491206,0.4599103293367763,28.0,3.0,1001.0
Zebrafish,subject_14,T,134,500,17822,-0.00631796360004783,-0.0004401539749898676,-0.5589811649927124,-0.9734875842312919,11.0,2.0,1522.0
Zebrafish,subject_14,TS,134,500,17822,-0.010078468239536608,-0.004616405753920673,-0.9429836431292039,-6.142928361314822,32.0,3.0,161.0
Zebrafish,subject_14,TeO,134,500,17822,-0.002224908652973624,-0.00025190873785687403,-0.14102044070040254,-0.7404741893405767,29.0,10.0,6489.0
Zebrafish,subject_14,Th,134,500,17822,-0.005952457739265983,0.0006358653263337137,-0.5216576752568451,0.3584287722617374,30.0,3.0,1208.0
Zebrafish,subject_14,aRF,134,500,17822,-0.001648050148556692,0.00024099490074888655,-0.08211475743010457,-0.13034905717390347,12.0,2.0,400.0
Zebrafish,subject_14,imRF,134,500,17822,0.003391267960446734,0.0003201303676848673,0.4324732639899361,-0.032393729921786095,13.0,1.0,585.0
Zebrafish,subject_14,pRF,134,500,17822,-0.0032626453656739436,0.0005816285277532678,-0.24698852411814096,0.29129347174783876,14.0,2.0,712.0
Zebrafish,subject_14,rCb,134,500,17822,0.006520047424663627,0.0002688357937381666,0.7519673699632193,-0.0958870910119759,37.0,3.0,1723.0
Zebrafish,subject_14,rHR,134,500,17822,-0.014329961055852072,0.00028428732502489777,-1.3771231892159148,-0.07676090319327603,54.0,1.0,202.0
Zebrafish,subject_14,rHb,134,500,17822,0.01393530360935806,0.00044451307724870413,1.5091733898783304,0.12156946119310691,52.0,3.0,451.0
Zebrafish,subject_14,rHi,134,500,17822,-0.009847150460324625,0.0003066406565027986,-0.9193627174902164,-0.049091540960736195,53.0,1.0,285.0
Zebrafish,subject_14,rMON,134,500,17822,-0.010324877276651113,0.0007128917229083627,-0.9681456067373807,0.4537734536752559,36.0,5.0,1243.0
Zebrafish,subject_14,rMOS1,134,500,17822,0.0005958304870126501,0.0006251898071257115,0.14701824659625148,0.3452144194804226,38.0,3.0,1911.0
Zebrafish,subject_14,rMOS2,134,500,17822,-0.007078871882018961,0.0009515522384009674,-0.6366810201778974,0.7491918015084668,39.0,3.0,910.0
Zebrafish,subject_14,rMOS3,134,500,17822,0.004872384142856351,0.00026258588828782055,0.5837168706274409,-0.10362333820160465,40.0,3.0,1490.0
Zebrafish,subject_14,rMOS4,134,500,17822,0.007801673603013003,0.00026760552896983443,0.8828401319225468,-0.09740993522652029,41.0,3.0,1279.0
Zebrafish,subject_14,rMOS5,134,500,17822,0.009749755855886923,0.0002338511669969998,1.0817677984016396,-0.13919170137077366,42.0,4.0,1707.0
Zebrafish,subject_14,rNX,134,500,17822,-0.006287330389212755,0.0009824303944054372,-0.5558530665054983,0.7874133473395754,71.0,4.0,771.0
Zebrafish,subject_14,rP,134,500,17822,0.005070731532429006,0.00046888624269525534,0.6039710376687446,0.15173901082650143,58.0,4.0,1122.0
Zebrafish,subject_14,rPO,134,500,17822,-0.001228026695898199,0.0003244339035452279,-0.03922422486630665,-0.027066734582466587,61.0,1.0,624.0
Zebrafish,subject_14,rPT,134,500,17822,0.01448303055792434,0.00013181970690787475,1.565104315579883,-0.2654881073947249,60.0,1.0,435.0
Zebrafish,subject_14,rPrT,134,500,17822,0.002623249309086145,0.00029013983136131944,0.35404733618211787,-0.0695165638897239,62.0,3.0,617.0
Zebrafish,subject_14,rRa,134,500,17822,-0.005547720988879252,0.00045770998675398445,-0.48032813838847843,0.13790483696528869,46.0,2.0,378.0
Zebrafish,subject_14,rSP,134,500,17822,0.008726562382253682,0.0005063548187518762,0.9772847922214732,0.19811829904459344,64.0,3.0,895.0
Zebrafish,subject_14,rT,134,500,17822,0.004695795449800559,0.00014652610146866104,0.5656845844730148,-0.24728426343350868,47.0,2.0,1603.0
Zebrafish,subject_14,rTS,134,500,17822,-0.02126687474179533,-0.0001812656244419921,-2.0854834497109755,-0.6530308524830176,68.0,2.0,76.0
Zebrafish,subject_14,rTeO,134,500,17822,0.009003251089615718,0.00015495892933222046,1.0055387526563815,-0.2368459549857429,65.0,10.0,6097.0
Zebrafish,subject_14,rTh,134,500,17822,0.009131132340435666,0.0005170600108896137,1.0185972971683037,0.2113693815206367,66.0,3.0,1386.0
Zebrafish,subject_14,raRF,134,500,17822,-0.01727549416568825,0.000431018406789637,-1.6779051645212146,0.1048655114704525,48.0,2.0,451.0
Zebrafish,subject_14,rimRF,134,500,17822,-0.006319047230156421,0.0002905547974874187,-0.5590918194625175,-0.06900291123492272,49.0,1.0,660.0
Zebrafish,subject_14,rpRF,134,500,17822,-0.00621084312660598,0.0015138108880534847,-0.5480425992404263,1.4451658338800917,50.0,3.0,917.0
Zebrafish,subject_15,Cb,118,600,13806,-0.00402053631163055,0.00035013014974792064,-0.793155672158412,-0.3170470268641515,1.0,5.0,1306.0
Zebrafish,subject_15,MON,118,600,13806,-0.0021386699087536896,-0.00027050173650110693,-0.48997232264348634,-1.5135605014955995,0.0,5.0,810.0
Zebrafish,subject_15,MOS1,118,600,13806,0.006278313943084496,0.000571574259672241,0.866069399081392,0.10987409541911729,2.0,2.0,1366.0
Zebrafish,subject_15,MOS2,118,600,13806,0.013017138042590288,0.0002318595422071264,1.9517465008972952,-0.5450604092101343,3.0,1.0,511.0
Zebrafish,subject_15,MOS3,118,600,13806,0.007640084339480846,0.00023267836092248195,1.0854612270127233,-0.5434818122222731,4.0,2.0,1235.0
Zebrafish,subject_15,MOS4,118,600,13806,0.0033124788229169666,0.00027946061863325295,0.3882502380257643,-0.4532905040332537,5.0,3.0,917.0
Zebrafish,subject_15,MOS5,118,600,13806,0.002527114986174579,-0.0006368780592566815,0.26172200082069697,-2.2198957973058255,6.0,4.0,1046.0
Zebrafish,subject_15,NX,118,600,13806,-0.001606388518188652,0.0005455478108883875,-0.4042176406802682,0.05969781966426403,35.0,3.0,432.0
Zebrafish,subject_15,P,118,600,13806,-0.0011738533982198114,0.0008402465261014255,-0.3345328605840191,0.6278461722087721,22.0,2.0,689.0
Zebrafish,subject_15,PO,118,600,13806,0.004006071721656648,0.0004816616079415558,0.4999934616245243,-0.06346810906510804,25.0,2.0,419.0
Zebrafish,subject_15,PT,118,600,13806,0.00270296575601509,0.0005730492499325534,0.2900529308662731,0.11271772263279521,24.0,1.0,328.0
Zebrafish,subject_15,PrT,118,600,13806,-0.0009009030943942196,0.0011680159641517546,-0.29055843857486313,1.259751425369153,26.0,2.0,348.0
Zebrafish,subject_15,Ra,118,600,13806,-0.000603321951941815,0.001457941128504853,-0.24261579642806988,1.8186968702766138,10.0,2.0,312.0
Zebrafish,subject_15,SP,118,600,13806,0.013233617304830289,0.0008479311457645835,1.9866229978293348,0.642661316544906,28.0,2.0,545.0
Zebrafish,subject_15,T,118,600,13806,-0.006376240944991266,0.00029527272114497887,-1.1726780548941358,-0.4228064213802035,11.0,2.0,600.0
Zebrafish,subject_15,TeO,118,600,13806,-0.0020149575902260897,-0.0005066219930723065,-0.47004130360296553,-1.9687757021330894,29.0,20.0,4112.0
Zebrafish,subject_15,Th,118,600,13806,-0.003422544289166057,0.00040807209886681664,-0.6968144950818514,-0.20534099885747745,30.0,2.0,984.0
Zebrafish,subject_15,aRF,118,600,13806,-0.007388864561739527,0.0004952264246895712,-1.335819614493861,-0.03731655871857241,12.0,2.0,416.0
Zebrafish,subject_15,imRF,118,600,13806,-0.00015369672902548152,0.0012593110647163184,-0.17017766750362837,1.4357588468594227,13.0,2.0,539.0
Zebrafish,subject_15,pRF,118,600,13806,0.002925247941941949,0.0012309283228772788,0.32586432404688376,1.3810398841218714,14.0,3.0,728.0
Zebrafish,subject_15,rCb,118,600,13806,-0.0007999327395429977,-0.00016731636010431598,-0.2742913271908106,-1.3146298697005405,37.0,3.0,1570.0
Zebrafish,subject_15,rHi,118,600,13806,-0.010922662117611691,0.0005216600928086162,-1.905141952072724,0.01364479339552482,53.0,1.0,214.0
Zebrafish,subject_15,rMON,118,600,13806,-0.004697045123714497,0.00016675999079354982,-0.902146516200488,-0.6705655470939988,36.0,5.0,909.0
Zebrafish,subject_15,rMOS1,118,600,13806,0.007104968586315499,0.0005913251169764871,0.9992499071364271,0.1479516860548182,38.0,2.0,1275.0
Zebrafish,subject_15,rMOS2,118,600,13806,0.015271203852663473,0.0007519900268069324,2.314894076772149,0.45769685669762883,39.0,1.0,536.0
Zebrafish,subject_15,rMOS3,118,600,13806,0.0100551742907074,0.00030025630028393475,1.4745510474555283,-0.41319860115090207,40.0,2.0,1293.0
Zebrafish,subject_15,rMOS4,118,600,13806,0.003273079535642638,0.0006330613279772388,0.38190270566848816,0.22841474305995438,41.0,2.0,1070.0
Zebrafish,subject_15,rMOS5,118,600,13806,0.004218686815822144,0.00026925617164610146,0.5342474109526928,-0.47296361234723727,42.0,3.0,1282.0
Zebrafish,subject_15,rNX,118,600,13806,0.0011120198553404188,0.000843487853590485,0.03373914242400753,0.6340951131708499,71.0,3.0,821.0
Zebrafish,subject_15,rP,118,600,13806,-0.0004696102899561699,0.000745160195846524,-0.2210738051963639,0.4445296557293165,58.0,2.0,705.0
Zebrafish,subject_15,rPO,118,600,13806,0.014421008575191678,0.0002929124742139467,2.1779209890058664,-0.42735673102269645,61.0,1.0,372.0
Zebrafish,subject_15,rPT,118,600,13806,-0.007178850929982254,0.0007130714239757176,-1.3019847810420144,0.3826658540483493,60.0,2.0,352.0
Zebrafish,subject_15,rPrT,118,600,13806,-0.005701517813530667,0.0008243239807881446,-1.063974897922578,0.5971491673659916,62.0,2.0,406.0
Zebrafish,subject_15,rRa,118,600,13806,-0.002954307062494597,0.0010892570749052595,-0.6213778272435755,1.1079125103562926,46.0,2.0,197.0
Zebrafish,subject_15,rSP,118,600,13806,0.00671617036571534,0.0012519251016601765,0.9366114825241395,1.4215194812779741,64.0,2.0,515.0
Zebrafish,subject_15,rT,118,600,13806,-0.0022929673600848113,0.0003344391708930747,-0.5148308450362934,-0.3472975957536253,47.0,2.0,876.0
Zebrafish,subject_15,rTeO,118,600,13806,0.0007763324658182979,-0.0009485399690901985,-0.020342713221883284,-2.820747417900043,65.0,10.0,4145.0
Zebrafish,subject_15,rTh,118,600,13806,-0.004382119609232796,0.0009407129844042842,-0.8514095604940094,0.8215350138092102,66.0,2.0,1026.0
Zebrafish,subject_15,raRF,118,600,13806,-0.006032522529832711,0.00021754482717721793,-1.1173023384041532,-0.5726576851450067,48.0,1.0,513.0
Zebrafish,subject_15,rimRF,118,600,13806,-0.002854905588887413,0.000518848319099751,-0.6053634748597535,0.00822398727064944,49.0,1.0,616.0
Zebrafish,subject_15,rpRF,118,600,13806,-0.003498651354105692,0.0013528426026407207,-0.7090759366139783,1.6160778860662564,50.0,2.0,859.0
Zebrafish,subject_16,Cb,154,517,23562,-0.00040568619734572103,-0.0004667051945082505,-0.011341190137137766,-0.39647016475643826,1.0,3.0,1731.0
Zebrafish,subject_16,Hb,154,517,23562,-0.001587095967562402,0.001197705275514847,-0.3507808593053342,1.282317777025806,16.0,3.0,252.0
Zebrafish,subject_16,Hi,154,517,23562,-0.00400825230354229,-0.002057207178690362,-1.0464213782920393,-2.0007111861365847,17.0,1.0,35.0
Zebrafish,subject_16,MON,154,517,23562,0.0007996943761371947,-0.00014954648979983374,0.33498570963936347,-0.07657178711142339,0.0,5.0,938.0
Zebrafish,subject_16,MOS1,154,517,23562,0.0025618350060456693,-0.000839825258925609,0.841279501618302,-0.7728133062245301,2.0,2.0,1365.0
Zebrafish,subject_16,MOS2,154,517,23562,-0.0005142829129885635,-0.0009418119280052368,-0.04254292399769177,-0.8756809541738002,3.0,2.0,544.0
Zebrafish,subject_16,MOS3,154,517,23562,0.007493973851818781,-0.0008858100391146161,2.2583691688163134,-0.819195311070811,4.0,3.0,1312.0
Zebrafish,subject_16,MOS4,154,517,23562,-0.005428580053065017,-0.0005828821800259572,-1.4545063574098092,-0.5136507076047597,5.0,3.0,970.0
Zebrafish,subject_16,MOS5,154,517,23562,0.0026797896781544516,-0.0003400307455732637,0.8751699398784366,-0.2687014795468245,6.0,5.0,1178.0
Zebrafish,subject_16,NX,154,517,23562,-0.0007537998153739548,-0.0006805698409004489,-0.11136031501264589,-0.6121822117563372,35.0,3.0,600.0
Zebrafish,subject_16,OB,154,517,23562,0.002137949716755007,0.0023111490315089666,0.7194898516683967,2.405379656941594,20.0,4.0,328.0
Zebrafish,subject_16,P,154,517,23562,0.0049081010258409455,0.0013126281683727265,1.5154027242439452,1.3982333941402934,22.0,4.0,859.0
Zebrafish,subject_16,PO,154,517,23562,-0.0025332977635560204,0.0010553170013741673,-0.6226411678073708,1.1386995278115721,25.0,3.0,535.0
Zebrafish,subject_16,PT,154,517,23562,-0.006081985806385338,-0.0005161059513530194,-1.6422412469722742,-0.44629765406847305,24.0,3.0,325.0
Zebrafish,subject_16,PrT,154,517,23562,-0.004009709461683973,-0.0010043393137483326,-1.046840045286344,-0.9387484625242011,26.0,3.0,337.0
Zebrafish,subject_16,Ra,154,517,23562,-0.0007412942916654969,0.001060083777675698,-0.107767259548414,1.1435074803691356,10.0,4.0,206.0
Zebrafish,subject_16,SP,154,517,23562,0.006990701966615848,0.001806597755143805,2.113770362778332,1.8964699774915963,28.0,4.0,819.0
Zebrafish,subject_16,T,154,517,23562,-0.004559318199633461,-0.0005423051642698948,-1.2047522387391776,-0.47272318041620487,11.0,4.0,1081.0
Zebrafish,subject_16,TS,154,517,23562,-0.0012980754443804381,-0.0009399123196227733,-0.2677402130833959,-0.873764936638448,32.0,3.0,152.0
Zebrafish,subject_16,TeO,154,517,23562,0.00025439003387880694,-0.0008960089515069979,0.17831024427714667,-0.8294823234706948,29.0,8.0,5996.0
Zebrafish,subject_16,Th,154,517,23562,-0.0033622316060060164,5.990892311302147e-05,-0.8608083442917353,0.13469293867117918,30.0,4.0,813.0
Zebrafish,subject_16,aRF,154,517,23562,-0.008157073285653835,-0.00025452593696302916,-2.2384501367368967,-0.1824580652902028,12.0,2.0,284.0
Zebrafish,subject_16,imRF,154,517,23562,-0.0021916923641738537,-0.0009318448448278392,-0.5244919678637432,-0.8656277735706264,13.0,2.0,422.0
Zebrafish,subject_16,pRF,154,517,23562,-0.002624263147385264,-0.0001530098615977455,-0.648777111974392,-0.08006507612694025,14.0,3.0,707.0
Zebrafish,subject_16,rCb,154,517,23562,-0.0008848287228185586,-0.0005054825656175393,-0.1490072095243691,-0.43558250164974427,37.0,4.0,1860.0
Zebrafish,subject_16,rHb,154,517,23562,-0.0021218196779449693,0.0008607733548701948,-0.5044163242595129,0.9424753789111604,52.0,4.0,285.0
Zebrafish,subject_16,rMON,154,517,23562,-0.0001525337001362716,7.827529405114695e-05,0.06139394551873036,0.15321796156700188,36.0,5.0,1173.0
Zebrafish,subject_16,rMOS1,154,517,23562,0.004982278232292582,-0.0007065241359865481,1.5367151317189116,-0.638360704629791,38.0,3.0,1340.0
Zebrafish,subject_16,rMOS2,154,517,23562,0.0013392343343936594,-0.000881995887126503,0.49000496675961497,-0.8153482117638233,39.0,3.0,523.0
Zebrafish,subject_16,rMOS3,154,517,23562,0.0029987395499848895,-0.0005359569878714884,0.966809810907695,-0.4663201673482785,40.0,3.0,1282.0
Zebrafish,subject_16,rMOS4,154,517,23562,-0.000727777220244845,0.00030070462096549593,-0.10388356875219905,0.37756867231287217,41.0,5.0,1243.0
Zebrafish,subject_16,rMOS5,154,517,23562,0.002399422784873817,-0.00010842875542298576,0.7946156327277186,-0.035098870479085845,42.0,4.0,1424.0
Zebrafish,subject_16,rNX,154,517,23562,-0.0021697127744935026,-0.00026426904948329477,-0.5181768477101467,-0.1922853405381304,71.0,3.0,492.0
Zebrafish,subject_16,rP,154,517,23562,-0.001963680248430478,0.00183550924446373,-0.45898010306845144,1.9256312093652355,58.0,4.0,690.0
Zebrafish,subject_16,rPO,154,517,23562,0.0049372321396132035,0.0013382089325640375,1.5237726022241678,1.4240351294930829,61.0,4.0,507.0
Zebrafish,subject_16,rPT,154,517,23562,-0.0023047903598258242,-0.0004813130229149613,-0.5569869981195451,-0.4112041781662854,60.0,3.0,391.0
Zebrafish,subject_16,rPrT,154,517,23562,-0.006528894933727596,-0.0008187249802395912,-1.7706460478784665,-0.7515307596025781,62.0,2.0,410.0
Zebrafish,subject_16,rRa,154,517,23562,-0.0009785621378763357,0.0015166515170429423,-0.17593845742777997,1.6040191325494246,46.0,3.0,144.0
Zebrafish,subject_16,rSP,154,517,23562,0.005386357620425858,0.001978624045051308,1.6528142002076462,2.0699822608902014,64.0,4.0,613.0
Zebrafish,subject_16,rT,154,517,23562,-0.001740443607003718,-0.0006737018001297633,-0.3948403154838093,-0.6052548436358184,47.0,4.0,1110.0
Zebrafish,subject_16,rTeO,154,517,23562,0.0025457086966873105,-0.0008948156644488464,0.8366461311726681,-0.8282787285880686,65.0,6.0,6156.0
Zebrafish,subject_16,rTh,154,517,23562,0.0007475742704040454,-0.0006605618643489029,0.32001069259356163,-0.5920014027677161,66.0,3.0,1079.0
Zebrafish,subject_16,rimRF,154,517,23562,-0.00022147749196410228,-0.0007449369565576654,0.041585189506032356,-0.6771053419329569,49.0,3.0,280.0
Zebrafish,subject_16,rpRF,154,517,23562,-0.0012252186308814755,-0.0004927251308938914,-0.24680717757430146,-0.4227148659505787,50.0,3.0,607.0
Zebrafish,subject_17,Cb,196,800,38220,0.0008776212003295832,-7.754425173447546e-06,0.4013084477620821,-0.21773618860302021,1.0,11.0,1615.0
Zebrafish,subject_17,Hb,196,800,38220,0.0015715853144899897,0.000727488541176702,0.6520340044630814,2.4213085015643308,16.0,4.0,385.0
Zebrafish,subject_17,Hi,196,800,38220,-0.007624326110071991,-4.670925485988715e-05,-2.670400058407555,-0.3575587250234681,17.0,2.0,72.0
Zebrafish,subject_17,MON,196,800,38220,-0.0009217140227577627,0.0002576760302390193,-0.2487818325488861,0.7349867424877303,0.0,7.0,644.0
Zebrafish,subject_17,MOS1,196,800,38220,0.0055188293893909035,-0.00018422364490284457,2.078152369836501,-0.8511460661795336,2.0,2.0,1166.0
Zebrafish,subject_17,MOS2,196,800,38220,0.00190819280669373,-8.80750788039538e-05,0.7736485075049523,-0.5060351648266306,3.0,2.0,310.0
Zebrafish,subject_17,MOS3,196,800,38220,0.002003354884623868,-0.00013872050416227383,0.808030061938389,-0.687819346369538,4.0,3.0,939.0
Zebrafish,subject_17,MOS4,196,800,38220,-0.0010956165226826133,-6.164429223424864e-05,-0.31161188415480434,-0.41116580851032886,5.0,3.0,582.0
Zebrafish,subject_17,MOS5,196,800,38220,-0.0009496678540928567,0.0004397351461311675,-0.25888140366560997,1.3884607165086156,6.0,5.0,507.0
Zebrafish,subject_17,NX,196,800,38220,0.0007022330866366396,8.491523250784383e-05,0.3379416517749384,0.11488769117030904,35.0,3.0,165.0
Zebrafish,subject_17,OB,196,800,38220,-0.0009204923738241159,0.0008343743025600707,-0.248340457263433,2.804958959906749,20.0,4.0,136.0
Zebrafish,subject_17,P,196,800,38220,2.7601709632928085e-05,0.0004944188487313912,0.09420091055251882,1.5847396903860533,22.0,4.0,802.0
Zebrafish,subject_17,PO,196,800,38220,-0.0038019167491778324,-0.0002278832420934238,-1.2893838136283984,-1.0078556620735415,25.0,2.0,538.0
Zebrafish,subject_17,PT,196,800,38220,-0.005934053266137601,2.037816922389671e-05,-2.0597134376955317,-0.11675844755301494,24.0,2.0,299.0
Zebrafish,subject_17,PrT,196,800,38220,-0.0009713795187619115,-0.00015943404414399032,-0.26672571304699666,-0.7621675009322096,26.0,3.0,302.0
Zebrafish,subject_17,Ra,196,800,38220,-0.002106709816582164,-0.00020827970349465854,-0.6769145328318437,-0.9374916915015002,10.0,2.0,147.0
Zebrafish,subject_17,SP,196,800,38220,0.0035133714603904132,8.195511063827083e-05,1.3535910482508486,0.10426277633307608,28.0,3.0,797.0
Zebrafish,subject_17,T,196,800,38220,-0.0004925982679736547,-0.00033044099252496135,-0.09374458449524112,-1.3759713722522118,11.0,4.0,1014.0
Zebrafish,subject_17,TS,196,800,38220,-0.000838739515171863,-0.00018881983254790747,-0.21880358269134767,-0.8676433944843915,32.0,4.0,242.0
Zebrafish,subject_17,TeO,196,800,38220,-0.000629628229324196,5.521908237642052e-05,-0.14325278332465416,0.008297800604225379,29.0,34.0,6831.0
Zebrafish,subject_17,Th,196,800,38220,-0.001487844624395893,8.404325627725322e-05,-0.45332181864445287,0.11175786287325552,30.0,3.0,508.0
Zebrafish,subject_17,aRF,196,800,38220,-0.007723428122808882,-0.00030732704157516793,-2.70620509040652,-1.2930073014421946,12.0,2.0,128.0
Zebrafish,subject_17,imRF,196,800,38220,-0.0021863274366262946,-0.00019714508768424815,-0.7056799570107648,-0.8975256529586401,13.0,2.0,273.0
Zebrafish,subject_17,pRF,196,800,38220,0.0014694729627774475,-0.00020299431974353817,0.6151413529458625,-0.9185205968263175,14.0,3.0,504.0
Zebrafish,subject_17,rCb,196,800,38220,0.0008310116148774524,0.00021258221850377302,0.38446865155125515,0.5731292479372371,37.0,6.0,1400.0
Zebrafish,subject_17,rHb,196,800,38220,0.004091549650010388,0.0009354280501839407,1.562483764036634,3.167676276894016,52.0,3.0,317.0
Zebrafish,subject_17,rHi,196,800,38220,-0.005467866815099379,-0.00011994679873362941,-1.8912827435458286,-0.620433937880455,53.0,2.0,111.0
Zebrafish,subject_17,rMON,196,800,38220,0.0008078335087521845,0.00020498360776519402,0.37609452464331916,0.5458551708769126,36.0,8.0,696.0
Zebrafish,subject_17,rMOS1,196,800,38220,0.0022658762511261993,-0.00010558411786105375,0.9028776403925538,-0.5688812424748821,38.0,3.0,1272.0
Zebrafish,subject_17,rMOS2,196,800,38220,0.0008427575366915881,-3.6360600153615265e-07,0.3887123908537962,-0.19120794830111845,39.0,2.0,352.0
Zebrafish,subject_17,rMOS3,196,800,38220,0.0026541200619841806,-4.782407503482812e-05,1.0431480717114052,-0.36156020534741357,40.0,3.0,1132.0
Zebrafish,subject_17,rMOS4,196,800,38220,-0.0010696213211411482,-5.2571697351632286e-05,-0.3022199556025276,-0.37860108576314705,41.0,4.0,739.0
Zebrafish,subject_17,rMOS5,196,800,38220,0.0010062911197974555,0.00023536758946589127,0.4477962077643206,0.6549139300125697,42.0,6.0,535.0
Zebrafish,subject_17,rNX,196,800,38220,-0.001836817719473394,-9.515410811468816e-05,-0.579403948471634,-0.5314442820423614,71.0,3.0,393.0
Zebrafish,subject_17,rP,196,800,38220,0.0017056988952534075,0.0003964011980744772,0.7004885304420716,1.2329199894878637,58.0,4.0,993.0
Zebrafish,subject_17,rPO,196,800,38220,-0.0003574095411674383,-0.00019652362076126798,-0.04490161394885179,-0.8952949903637335,61.0,3.0,530.0
Zebrafish,subject_17,rPT,196,800,38220,0.0013534005527877124,-4.87231452690876e-05,0.5732050063560788,-0.36478728351939305,60.0,2.0,349.0
Zebrafish,subject_17,rPrT,196,800,38220,-0.001455562935919157,-4.750140756787343e-07,-0.44165861567844616,-0.19160783092490916,62.0,2.0,381.0
Zebrafish,subject_17,rRa,196,800,38220,-0.0009152129026187008,9.362842767295223e-06,-0.24643301229610054,-0.15629631479717424,46.0,2.0,113.0
Zebrafish,subject_17,rSP,196,800,38220,0.004541877991354781,-5.2161219918873156e-05,1.7251850071958907,-0.3771277383950872,64.0,4.0,788.0
Zebrafish,subject_17,rT,196,800,38220,0.0021154950340077252,-5.8186747587018706e-05,0.8485457036107507,-0.39875546899006853,47.0,3.0,933.0
Zebrafish,subject_17,rTeO,196,800,38220,0.0006054526720820181,0.0002473206031583144,0.3029754008956427,0.6978174853815908,65.0,13.0,5361.0
Zebrafish,subject_17,rTh,196,800,38220,-0.0004960412823682049,-2.5869305362796424e-06,-0.09498852734932885,-0.19918823927494508,66.0,4.0,930.0
Zebrafish,subject_17,rimRF,196,800,38220,-0.002329122032508066,1.9762853858262424e-06,-0.7572708877459466,-0.18280925803952913,49.0,2.0,182.0
Zebrafish,subject_17,rpRF,196,800,38220,0.000707628538589891,0.00018675488696601801,0.3398909999718103,0.48042590322622614,50.0,3.0,402.0
Zebrafish,subject_18,Cb,177,1000,31152,-0.00020907778362178202,7.909871467974912e-05,-0.06902172475801184,-0.721471786587127,1.0,12.0,1411.0
Zebrafish,subject_18,Hb,177,1000,31152,-0.00046643294228914273,0.0007114568105972967,-0.28922008729074733,1.9121979981658932,16.0,4.0,196.0
Zebrafish,subject_18,MON,177,1000,31152,0.0006754229695857612,0.00012428348422595598,0.6877752966182438,-0.5332844872497118,0.0,9.0,482.0
Zebrafish,subject_18,MOS1,177,1000,31152,0.0010943255928538198,4.687642769454858e-05,1.0461969897443528,-0.8556724304571602,2.0,4.0,496.0
Zebrafish,subject_18,MOS2,177,1000,31152,-0.002905374703104273,0.0007276054879647839,-2.3760287793144923,1.979454642654274,3.0,1.0,31.0
Zebrafish,subject_18,MOS3,177,1000,31152,0.0009970815172718158,0.00013801334744997687,0.9629929602621081,-0.47610181471758,4.0,4.0,549.0
Zebrafish,subject_18,MOS4,177,1000,31152,-4.729802535301631e-05,0.00037279536943889157,0.06940036107151144,0.50172755333727,5.0,4.0,152.0
Zebrafish,subject_18,MOS5,177,1000,31152,-0.00028709737706983954,-1.452937061404008e-05,-0.13577689225375025,-1.1114177062084094,6.0,7.0,389.0
Zebrafish,subject_18,P,177,1000,31152,0.00020954465775608737,0.0004390404608805048,0.2891602389849738,0.7776277068172791,22.0,5.0,713.0
Zebrafish,subject_18,PO,177,1000,31152,-0.00035128728264363385,0.0004137842263389895,-0.19069909459728168,0.6724395512167577,25.0,5.0,246.0
Zebrafish,subject_18,PrT,177,1000,31152,-0.0007832209442783473,1.5562240295075878e-05,-0.5602704119442422,-0.9860909855772931,26.0,4.0,163.0
Zebrafish,subject_18,Ra,177,1000,31152,-0.0014364605668178104,0.0008896697243914687,-1.119195657389244,2.654426127041947,10.0,3.0,125.0
Zebrafish,subject_18,SP,177,1000,31152,-0.00015760225480602574,0.0005136892856114608,-0.024978204455445137,1.088528058106333,28.0,4.0,479.0
Zebrafish,subject_18,T,177,1000,31152,-0.001808942790854938,-4.489231697773657e-05,-1.4378991029709987,-1.2378744953764422,11.0,5.0,267.0
Zebrafish,subject_18,TeO,177,1000,31152,-0.00015633847732206854,0.00015931865828644004,-0.023896890468913384,-0.38736862103031133,29.0,14.0,5432.0
Zebrafish,subject_18,Th,177,1000,31152,-0.0005281972267928167,0.00033468035603063495,-0.34206687839896033,0.3429846514801704,30.0,4.0,223.0
Zebrafish,subject_18,pRF,177,1000,31152,0.0014160253255845409,0.0004200614359387678,1.3214498921588071,0.6985831198090278,14.0,3.0,303.0
Zebrafish,subject_18,rCb,177,1000,31152,-0.0005370688982034451,0.00016610290511406638,-0.34965766277516885,-0.35911332391689266,37.0,8.0,1221.0
Zebrafish,subject_18,rHb,177,1000,31152,-0.000988559346136103,0.00034917428797563715,-0.7359621683803687,0.40334954737105194,52.0,3.0,144.0
Zebrafish,subject_18,rMON,177,1000,31152,-0.0005826598470665156,0.00012835749823425117,-0.38866621553916286,-0.5163168740166765,36.0,8.0,434.0
Zebrafish,subject_18,rMOS1,177,1000,31152,-0.00011699703890394234,0.00023338972032265444,0.00976445272782792,-0.07887455845918796,38.0,6.0,680.0
Zebrafish,subject_18,rMOS2,177,1000,31152,-0.0005946118131713938,-0.00013002401083338788,-0.39889256335736467,-1.5924343108986072,39.0,1.0,63.0
Zebrafish,subject_18,rMOS3,177,1000,31152,0.0007567380548806528,0.00016831204776023606,0.7573501546621355,-0.3499126000311894,40.0,6.0,576.0
Zebrafish,subject_18,rMOS4,177,1000,31152,-0.0022564158138899315,0.00022332176711892883,-1.8207662172736705,-0.12080596460096503,41.0,4.0,258.0
Zebrafish,subject_18,rMOS5,177,1000,31152,-5.839592113953271e-05,0.000146988307080946,0.059904773369271275,-0.43872255105026775,42.0,6.0,345.0
Zebrafish,subject_18,rNX,177,1000,31152,-0.00010477691973646211,0.0003987263547542431,0.020220237817071253,0.6097259374092284,71.0,1.0,31.0
Zebrafish,subject_18,rP,177,1000,31152,0.0014882675162839088,0.00022901744708271645,1.3832617951342572,-0.09708437343119446,58.0,5.0,880.0
Zebrafish,subject_18,rPO,177,1000,31152,0.0018701830217835599,0.00030044541254353524,1.7100365501939883,0.20040161691986322,61.0,5.0,424.0
Zebrafish,subject_18,rPT,177,1000,31152,-0.0014571991600064171,0.00019383107642343667,-1.1369400239098555,-0.24362994917179256,60.0,3.0,258.0
Zebrafish,subject_18,rPrT,177,1000,31152,-0.0015789233855280599,8.40410603683999e-05,-1.241089772759753,-0.7008877115352894,62.0,4.0,314.0
Zebrafish,subject_18,rSP,177,1000,31152,0.0019465348096605346,0.0004505533820289171,1.7753647089688716,0.8255771720942621,64.0,4.0,556.0
Zebrafish,subject_18,rT,177,1000,31152,-0.0011833697684468123,0.0004055061675338962,-0.9026459691608086,0.6379627674258443,47.0,4.0,359.0
Zebrafish,subject_18,rTeO,177,1000,31152,0.0015250262800435678,-0.0002724487581817406,1.4147133488179608,-2.1856104813533745,65.0,11.0,4204.0
Zebrafish,subject_18,rTh,177,1000,31152,0.00044796743332602455,2.048651417835943e-05,0.4931596654696329,-0.9655821766888192,66.0,4.0,997.0
Zebrafish,subject_18,rpRF,177,1000,31152,0.0016748702057235744,0.0004091816960134404,1.5429228909972257,0.6532707525090891,50.0,2.0,157.0
