species,node,EdgeStdFCV,PostDCA,PreDCA,Modularity,modularity_definition,modularity_edges,modularity_n_modules,LogOutIn,recording_id,Subject,class_order,class_label,class_short,fine_class,anatomy_group,OO_fraction,OO_count,II_fraction,II_count,out_degree,DCA_recomputed,cell_class,OO_minus_II,oo_level,oo_source,OO_fraction_edgecheck,n_oo_cells,n_cells,big_group,PostDCA_from_oo_source,oo_node,Division,InterOutDegree,NN_fraction,ON_fraction,NO_fraction,n_subjects
C. elegans,ADAL,-0.5633888275944742,-0.0506460303835138,0.0264221825014289,0.3572965606407512,1-hop induced structural neighborhood modularity Q,129.0,5.0,0.9694005571881036,node_mean,,4.0,integrative relay,integrative relay,interneuron / integrative,interneurons,0.5238095238095238,11.0,0.0,0.0,21.0,0.04323153152314494,Interneuron,0.5238095238095238,neuron,fcv_postdca_raw_recompute/out_data/celegans/post_dca/celegans_sc_matrix_full297_no_diagonal.npz,,,,,,,,,,,,
C. elegans,ADAR,-1.1131455752456976,-0.0456181331762736,0.0322677412610034,0.3931455113085331,1-hop induced structural neighborhood modularity Q,120.0,6.0,0.7348198769605134,node_mean,,4.0,integrative relay,integrative relay,interneuron / integrative,interneurons,0.4444444444444444,8.0,0.0,0.0,18.0,0.03445533250061957,Interneuron,0.4444444444444444,neuron,fcv_postdca_raw_recompute/out_data/celegans/post_dca/celegans_sc_matrix_full297_no_diagonal.npz,,,,,,,,,,,,
C. elegans,ADEL,-0.9583976106838344,-0.03157723490657,0.1383355165121818,0.5232073289505723,1-hop induced structural neighborhood modularity Q,114.0,5.0,1.170932950247736,node_mean,,2.0,other sensory,other sensory,mechanosensory / other sensory,sensory neurons,0.5294117647058824,18.0,0.0,0.0,34.0,0.023733010158860923,Sensory,0.5294117647058824,neuron,fcv_postdca_raw_recompute/out_data/celegans/post_dca/celegans_sc_matrix_full297_no_diagonal.npz,,,,,,,,,,,,
C. elegans,ADER,-1.2200912755419644,-0.0379609791744908,0.055715481108768,0.4472562074928453,1-hop induced structural neighborhood modularity Q,97.0,4.0,0.8434293836092832,node_mean,,2.0,other sensory,other sensory,mechanosensory / other sensory,sensory neurons,0.68,17.0,0.0,0.0,25.0,0.0307085258137396,Sensory,0.68,neuron,fcv_postdca_raw_recompute/out_data/celegans/post_dca/celegans_sc_matrix_full297_no_diagonal.npz,,,,,,,,,,,,
C. elegans,ADLL,-0.239247555449999,-0.0220011079190079,0.0364596536509274,0.4298889504713291,1-hop induced structural neighborhood modularity Q,105.0,4.0,2.0082140323914683,node_mean,,0.0,olfactory / chemosensory,olfactory / chemosensory,chemosensory,olf./chemo,0.6666666666666666,16.0,0.0,0.0,24.0,0.06100334008966253,Sensory,0.6666666666666666,neuron,fcv_postdca_raw_recompute/out_data/celegans/post_dca/celegans_sc_matrix_full297_no_diagonal.npz,,,,,,,,,,,,
C. elegans,ADLR,0.3055545828186178,-0.0163826686176243,0.0130064956132039,0.4564707756039977,1-hop induced structural neighborhood modularity Q,127.0,5.0,1.0601460078403135,node_mean,,0.0,olfactory / chemosensory,olfactory / chemosensory,chemosensory,olf./chemo,0.56,14.0,0.0,0.0,25.0,0.054201907660213114,Sensory,0.56,neuron,fcv_postdca_raw_recompute/out_data/celegans/post_dca/celegans_sc_matrix_full297_no_diagonal.npz,,,,,,,,,,,,
C. elegans,AIBL,0.9820569098964484,-0.0362443906814683,0.0210420056080165,0.4803576556739287,1-hop induced structural neighborhood modularity Q,171.0,6.0,-0.4093335848860847,node_mean,,5.0,associative / learning,associative / learning,associative interneuron,interneurons,0.5,11.0,0.0,0.0,22.0,0.01771605837546812,Interneuron,0.5,neuron,fcv_postdca_raw_recompute/out_data/celegans/post_dca/celegans_sc_matrix_full297_no_diagonal.npz,,,,,,,,,,,,
C. elegans,AIBR,0.8827592495661705,-0.018654001099111,0.0187936784794491,0.4907818875041301,1-hop induced structural neighborhood modularity Q,212.0,6.0,-0.7919477653040387,node_mean,,5.0,associative / learning,associative / learning,associative interneuron,interneurons,0.0,0.0,0.4,10.0,25.0,-0.008892964148591531,Interneuron,-0.4,neuron,fcv_postdca_raw_recompute/out_data/celegans/post_dca/celegans_sc_matrix_full297_no_diagonal.npz,,,,,,,,,,,,
C. elegans,AIML,0.9681821108084344,0.003309356207847,0.0051363806056891,0.4884764542936288,1-hop induced structural neighborhood modularity Q,41.0,4.0,1.0498221244986776,node_mean,,5.0,associative / learning,associative / learning,associative interneuron,interneurons,0.7222222222222222,13.0,0.0,0.0,18.0,0.0018642364000560146,Interneuron,0.7222222222222222,neuron,fcv_postdca_raw_recompute/out_data/celegans/post_dca/celegans_sc_matrix_full297_no_diagonal.npz,,,,,,,,,,,,
C. elegans,AIMR,0.7860068505129321,0.006319478465967,0.0144970585762402,0.565523928277917,1-hop induced structural neighborhood modularity Q,71.0,5.0,1.3564413979702097,node_mean,,5.0,associative / learning,associative / learning,associative interneuron,interneurons,0.8181818181818182,18.0,0.0,0.0,22.0,0.005007474122541194,Interneuron,0.8181818181818182,neuron,fcv_postdca_raw_recompute/out_data/celegans/post_dca/celegans_sc_matrix_full297_no_diagonal.npz,,,,,,,,,,,,
C. elegans,AINL,0.364216525156013,-0.0027406274381846,0.0163902618178463,0.4471630420855222,1-hop induced structural neighborhood modularity Q,28.0,5.0,1.6739764335716716,node_mean,,5.0,associative / learning,associative / learning,associative interneuron,interneurons,0.5714285714285714,8.0,0.0,0.0,14.0,0.005575436439138644,Interneuron,0.5714285714285714,neuron,fcv_postdca_raw_recompute/out_data/celegans/post_dca/celegans_sc_matrix_full297_no_diagonal.npz,,,,,,,,,,,,
C. elegans,AINR,-0.4216258862265929,0.0050045042788847,0.0082381453760399,0.5147724614921984,1-hop induced structural neighborhood modularity Q,34.0,4.0,2.0243817644968085,node_mean,,5.0,associative / learning,associative / learning,associative interneuron,interneurons,0.7058823529411765,12.0,0.0,0.0,17.0,0.005342359420865202,Interneuron,0.7058823529411765,neuron,fcv_postdca_raw_recompute/out_data/celegans/post_dca/celegans_sc_matrix_full297_no_diagonal.npz,,,,,,,,,,,,
C. elegans,AIYL,-0.7231062055225451,0.0387711934053101,0.014331784418101,0.3995716822787896,1-hop induced structural neighborhood modularity Q,64.0,3.0,0.4534743272945249,node_mean,,5.0,associative / learning,associative / learning,associative interneuron,interneurons,0.8333333333333334,10.0,0.0,0.0,12.0,0.0796415296769194,Interneuron,0.8333333333333334,neuron,fcv_postdca_raw_recompute/out_data/celegans/post_dca/celegans_sc_matrix_full297_no_diagonal.npz,,,,,,,,,,,,
C. elegans,AIYR,-0.1312169578002816,0.0538733599112803,0.0090704486755844,0.4216142261088249,1-hop induced structural neighborhood modularity Q,62.0,3.0,0.4380086558406358,node_mean,,5.0,associative / learning,associative / learning,associative interneuron,interneurons,0.7857142857142857,11.0,0.0,0.0,14.0,0.08128233102269465,Interneuron,0.7857142857142857,neuron,fcv_postdca_raw_recompute/out_data/celegans/post_dca/celegans_sc_matrix_full297_no_diagonal.npz,,,,,,,,,,,,
C. elegans,AIZL,-0.8887195903046528,0.0204181099660161,0.0474467650663529,0.403145092335744,1-hop induced structural neighborhood modularity Q,153.0,5.0,0.1375555429242481,node_mean,,5.0,associative / learning,associative / learning,associative interneuron,interneurons,0.55,11.0,0.0,0.0,20.0,0.024022533131526858,Interneuron,0.55,neuron,fcv_postdca_raw_recompute/out_data/celegans/post_dca/celegans_sc_matrix_full297_no_diagonal.npz,,,,,,,,,,,,
C. elegans,AIZR,-1.316377113314144,0.020458202282866,0.0485028683518328,0.3995200126791898,1-hop induced structural neighborhood modularity Q,107.0,4.0,-0.0962768304354198,node_mean,,5.0,associative / learning,associative / learning,associative interneuron,interneurons,0.5625,9.0,0.0,0.0,16.0,0.01441738008668493,Interneuron,0.5625,neuron,fcv_postdca_raw_recompute/out_data/celegans/post_dca/celegans_sc_matrix_full297_no_diagonal.npz,,,,,,,,,,,,
C. elegans,ALA,-0.3617826300444622,-0.0440910493247112,0.0339861142347755,0.5251595457003787,1-hop induced structural neighborhood modularity Q,17.0,3.0,0.6931471805599453,node_mean,,6.0,state-dependent / modulatory,state-dependent / modulatory,state-modulatory interneuron,state-modulatory,0.42857142857142855,3.0,0.0,0.0,7.0,0.014358898927532495,Interneuron,0.42857142857142855,neuron,fcv_postdca_raw_recompute/out_data/celegans/post_dca/celegans_sc_matrix_full297_no_diagonal.npz,,,,,,,,,,,,
C. elegans,AQR,-0.5066244403314731,-0.0209444244297973,0.0392952149138182,0.330075863261283,1-hop induced structural neighborhood modularity Q,99.0,3.0,0.9162907318741552,node_mean,,2.0,other sensory,other sensory,thermo/gas sensory,sensory neurons,0.5789473684210527,11.0,0.0,0.0,19.0,0.03954519495184712,Sensory,0.5789473684210527,neuron,fcv_postdca_raw_recompute/out_data/celegans/post_dca/celegans_sc_matrix_full297_no_diagonal.npz,,,,,,,,,,,,
C. elegans,ASEL,0.5999583936775703,0.0406559890302322,0.0092507197028675,0.3711846860219897,1-hop induced structural neighborhood modularity Q,80.0,5.0,1.2299482907291963,node_mean,,0.0,olfactory / chemosensory,olfactory / chemosensory,chemosensory,olf./chemo,0.7647058823529411,13.0,0.0,0.0,17.0,0.012281635219342798,Sensory,0.7647058823529411,neuron,fcv_postdca_raw_recompute/out_data/celegans/post_dca/celegans_sc_matrix_full297_no_diagonal.npz,,,,,,,,,,,,
C. elegans,ASER,0.7767642771058964,0.0341258340724581,0.0167177457883876,0.3970476139049279,1-hop induced structural neighborhood modularity Q,109.0,3.0,0.3841423386393431,node_mean,,0.0,olfactory / chemosensory,olfactory / chemosensory,chemosensory,olf./chemo,0.7058823529411765,12.0,0.0,0.0,17.0,0.00661983007540916,Sensory,0.7058823529411765,neuron,fcv_postdca_raw_recompute/out_data/celegans/post_dca/celegans_sc_matrix_full297_no_diagonal.npz,,,,,,,,,,,,
C. elegans,ASGL,0.879999177469131,-0.005239233925971,0.0084972584535816,0.0621280276816608,1-hop induced structural neighborhood modularity Q,13.0,3.0,1.329135947279942,node_mean,,0.0,olfactory / chemosensory,olfactory / chemosensory,chemosensory,olf./chemo,0.75,3.0,0.0,0.0,4.0,0.010990308402165718,Sensory,0.75,neuron,fcv_postdca_raw_recompute/out_data/celegans/post_dca/celegans_sc_matrix_full297_no_diagonal.npz,,,,,,,,,,,,
C. elegans,ASGR,0.2448407951202664,-0.0032007243294031,0.0077206012072321,0.22562269161503,1-hop induced structural neighborhood modularity Q,44.0,3.0,1.203972804325936,node_mean,,0.0,olfactory / chemosensory,olfactory / chemosensory,chemosensory,olf./chemo,0.6,3.0,0.0,0.0,5.0,0.011285970431131484,Sensory,0.6,neuron,fcv_postdca_raw_recompute/out_data/celegans/post_dca/celegans_sc_matrix_full297_no_diagonal.npz,,,,,,,,,,,,
C. elegans,ASHL,0.6738876331718797,-0.0173948774511532,0.0224048983033459,0.4376725188340011,1-hop induced structural neighborhood modularity Q,103.0,5.0,1.820332841672111,node_mean,,0.0,olfactory / chemosensory,olfactory / chemosensory,chemosensory,olf./chemo,0.75,15.0,0.0,0.0,20.0,0.07718054378694279,Sensory,0.75,neuron,fcv_postdca_raw_recompute/out_data/celegans/post_dca/celegans_sc_matrix_full297_no_diagonal.npz,,,,,,,,,,,,
C. elegans,ASIL,1.1971120119688037,0.0315659701679215,0.0068757177773338,0.4106647427926599,1-hop induced structural neighborhood modularity Q,53.0,4.0,0.8938178760220965,node_mean,,0.0,olfactory / chemosensory,olfactory / chemosensory,chemosensory,olf./chemo,0.8823529411764706,15.0,0.0,0.0,17.0,0.005532606860316848,Sensory,0.8823529411764706,neuron,fcv_postdca_raw_recompute/out_data/celegans/post_dca/celegans_sc_matrix_full297_no_diagonal.npz,,,,,,,,,,,,
C. elegans,ASIR,0.4849856275222814,0.0078253633617394,0.019999902767536,0.1967643229166666,1-hop induced structural neighborhood modularity Q,40.0,3.0,1.3862943611198906,node_mean,,0.0,olfactory / chemosensory,olfactory / chemosensory,chemosensory,olf./chemo,0.75,9.0,0.0,0.0,12.0,0.0012844460562063678,Sensory,0.75,neuron,fcv_postdca_raw_recompute/out_data/celegans/post_dca/celegans_sc_matrix_full297_no_diagonal.npz,,,,,,,,,,,,
C. elegans,ASKL,0.5883323255348336,-0.0047926839170861,0.0005737168630484,0.2275627364270872,1-hop induced structural neighborhood modularity Q,22.0,3.0,-0.0400053346136991,node_mean,,0.0,olfactory / chemosensory,olfactory / chemosensory,chemosensory,olf./chemo,0.6,3.0,0.0,0.0,5.0,0.005637188684039821,Sensory,0.6,neuron,fcv_postdca_raw_recompute/out_data/celegans/post_dca/celegans_sc_matrix_full297_no_diagonal.npz,,,,,,,,,,,,
C. elegans,ASKR,-0.1070390691932407,-0.0025467418219997,0.0013774354586308,0.1938461441825114,1-hop induced structural neighborhood modularity Q,47.0,3.0,0.7295148247308201,node_mean,,0.0,olfactory / chemosensory,olfactory / chemosensory,chemosensory,olf./chemo,0.75,9.0,0.0,0.0,12.0,0.005236449599415745,Sensory,0.75,neuron,fcv_postdca_raw_recompute/out_data/celegans/post_dca/celegans_sc_matrix_full297_no_diagonal.npz,,,,,,,,,,,,
C. elegans,AUAL,-0.2364454208258091,-0.0233954949985874,0.017243294126609,0.2726225337780541,1-hop induced structural neighborhood modularity Q,51.0,3.0,0.5679840376059393,node_mean,,5.0,associative / learning,associative / learning,associative interneuron,interneurons,0.6666666666666666,8.0,0.0,0.0,12.0,0.05539819959873225,Interneuron,0.6666666666666666,neuron,fcv_postdca_raw_recompute/out_data/celegans/post_dca/celegans_sc_matrix_full297_no_diagonal.npz,,,,,,,,,,,,
C. elegans,AUAR,-0.1618779789119584,0.0397360446297983,0.0408527209317716,0.2167766360194699,1-hop induced structural neighborhood modularity Q,43.0,3.0,0.4432054360910114,node_mean,,5.0,associative / learning,associative / learning,associative interneuron,interneurons,0.8,8.0,0.0,0.0,10.0,0.030088362586873467,Interneuron,0.8,neuron,fcv_postdca_raw_recompute/out_data/celegans/post_dca/celegans_sc_matrix_full297_no_diagonal.npz,,,,,,,,,,,,
C. elegans,AVAL,0.9541331639757188,-0.0295817709980234,0.086423045263819,0.3749229961531944,1-hop induced structural neighborhood modularity Q,541.0,7.0,-0.9065051814514368,node_mean,,3.0,sensorimotor output,sensorimotor output,locomotor command interneuron,motor / command,0.0,0.0,0.8095238095238095,34.0,42.0,-0.3475908601190945,Interneuron,-0.8095238095238095,neuron,fcv_postdca_raw_recompute/out_data/celegans/post_dca/celegans_sc_matrix_full297_no_diagonal.npz,,,,,,,,,,,,
C. elegans,AVAR,0.680299247823455,-0.0148945580873344,0.0847952555575249,0.3763742404559555,1-hop induced structural neighborhood modularity Q,511.0,7.0,-0.8751742299154585,node_mean,,3.0,sensorimotor output,sensorimotor output,locomotor command interneuron,motor / command,0.0,0.0,0.8636363636363636,38.0,44.0,-0.3775425686691953,Interneuron,-0.8636363636363636,neuron,fcv_postdca_raw_recompute/out_data/celegans/post_dca/celegans_sc_matrix_full297_no_diagonal.npz,,,,,,,,,,,,
C. elegans,AVBL,0.9244595349435024,-0.1313519933416719,0.0403147503096905,0.2947976277139517,1-hop induced structural neighborhood modularity Q,326.0,5.0,-1.6671170240207784,node_mean,,3.0,sensorimotor output,sensorimotor output,locomotor command interneuron,motor / command,0.0,0.0,0.5714285714285714,12.0,21.0,-0.0648104421844022,Interneuron,-0.5714285714285714,neuron,fcv_postdca_raw_recompute/out_data/celegans/post_dca/celegans_sc_matrix_full297_no_diagonal.npz,,,,,,,,,,,,
C. elegans,AVBR,0.1153840283642345,-0.1595382746962184,0.0233360646545585,0.3390416079285745,1-hop induced structural neighborhood modularity Q,367.0,6.0,-1.774059892128654,node_mean,,3.0,sensorimotor output,sensorimotor output,locomotor command interneuron,motor / command,0.0,0.0,0.8421052631578947,16.0,19.0,-0.04980696158817375,Interneuron,-0.8421052631578947,neuron,fcv_postdca_raw_recompute/out_data/celegans/post_dca/celegans_sc_matrix_full297_no_diagonal.npz,,,,,,,,,,,,
C. elegans,AVDL,-1.1411473796480909,-0.1976308639164232,0.0793065898466523,0.2478297628653375,1-hop induced structural neighborhood modularity Q,313.0,5.0,-0.6218223997380151,node_mean,,3.0,sensorimotor output,sensorimotor output,locomotor command interneuron,motor / command,0.16666666666666666,4.0,0.0,0.0,24.0,0.02388262839015906,Interneuron,0.16666666666666666,neuron,fcv_postdca_raw_recompute/out_data/celegans/post_dca/celegans_sc_matrix_full297_no_diagonal.npz,,,,,,,,,,,,
C. elegans,AVDR,-1.3809838429296766,-0.2185806460870022,0.0660833213264959,0.2689782065733802,1-hop induced structural neighborhood modularity Q,331.0,5.0,-0.3879974150677734,node_mean,,3.0,sensorimotor output,sensorimotor output,locomotor command interneuron,motor / command,0.2857142857142857,8.0,0.0,0.0,28.0,0.08840366001836858,Interneuron,0.2857142857142857,neuron,fcv_postdca_raw_recompute/out_data/celegans/post_dca/celegans_sc_matrix_full297_no_diagonal.npz,,,,,,,,,,,,
C. elegans,AVEL,0.6137646863542995,-0.0709595308692543,0.0383452695813948,0.4592745296765282,1-hop induced structural neighborhood modularity Q,251.0,6.0,-0.9393560048051512,node_mean,,3.0,sensorimotor output,sensorimotor output,locomotor command interneuron,motor / command,0.0,0.0,0.8,16.0,20.0,-0.04588920595657902,Interneuron,-0.8,neuron,fcv_postdca_raw_recompute/out_data/celegans/post_dca/celegans_sc_matrix_full297_no_diagonal.npz,,,,,,,,,,,,
C. elegans,AVER,0.6500604998307045,-0.1345850558722683,0.0269708710480729,0.4598192064406438,1-hop induced structural neighborhood modularity Q,320.0,5.0,-0.7925196543731491,node_mean,,3.0,sensorimotor output,sensorimotor output,locomotor command interneuron,motor / command,0.28,7.0,0.0,0.0,25.0,0.018169440667509168,Interneuron,0.28,neuron,fcv_postdca_raw_recompute/out_data/celegans/post_dca/celegans_sc_matrix_full297_no_diagonal.npz,,,,,,,,,,,,
C. elegans,AVHL,-1.539286605141349,-0.0037987991755094,0.0136927022851149,0.3631997106388109,1-hop induced structural neighborhood modularity Q,120.0,5.0,0.2336148511815051,node_mean,,4.0,integrative relay,integrative relay,interneuron / integrative,interneurons,0.5652173913043478,13.0,0.0,0.0,23.0,0.003425589490492287,Interneuron,0.5652173913043478,neuron,fcv_postdca_raw_recompute/out_data/celegans/post_dca/celegans_sc_matrix_full297_no_diagonal.npz,,,,,,,,,,,,
C. elegans,AVJL,-1.0180439962076575,-0.0429685802419464,0.0227191287952742,0.2941566448083891,1-hop induced structural neighborhood modularity Q,182.0,6.0,-1.0379876668516748,node_mean,,4.0,integrative relay,integrative relay,interneuron / integrative,interneurons,0.0,0.0,0.4666666666666667,7.0,15.0,-0.0050489541893962014,Interneuron,-0.4666666666666667,neuron,fcv_postdca_raw_recompute/out_data/celegans/post_dca/celegans_sc_matrix_full297_no_diagonal.npz,,,,,,,,,,,,
C. elegans,AVJR,-1.250302221827035,-0.069185953467657,0.0337457433925746,0.239504463800185,1-hop induced structural neighborhood modularity Q,203.0,4.0,-0.3513978868378886,node_mean,,4.0,integrative relay,integrative relay,interneuron / integrative,interneurons,0.4,6.0,0.0,0.0,15.0,0.02366575705739005,Interneuron,0.4,neuron,fcv_postdca_raw_recompute/out_data/celegans/post_dca/celegans_sc_matrix_full297_no_diagonal.npz,,,,,,,,,,,,
C. elegans,AVKL,0.7325166341555567,0.0133027442023605,0.0023213032229562,0.4062744801512287,1-hop induced structural neighborhood modularity Q,70.0,4.0,-0.7205461547480597,node_mean,,4.0,integrative relay,integrative relay,interneuron / integrative,interneurons,0.6,9.0,0.0,0.0,15.0,0.002367153516685353,Interneuron,0.6,neuron,fcv_postdca_raw_recompute/out_data/celegans/post_dca/celegans_sc_matrix_full297_no_diagonal.npz,,,,,,,,,,,,
C. elegans,AVKR,0.1289578386435944,-0.0135462210341531,0.0070625858229213,0.370024052329843,1-hop induced structural neighborhood modularity Q,75.0,5.0,-0.7062192621272981,node_mean,,4.0,integrative relay,integrative relay,interneuron / integrative,interneurons,0.0,0.0,0.5294117647058824,9.0,17.0,-0.0011708820484423836,Interneuron,-0.5294117647058824,neuron,fcv_postdca_raw_recompute/out_data/celegans/post_dca/celegans_sc_matrix_full297_no_diagonal.npz,,,,,,,,,,,,
C. elegans,AVL,-0.1539672773458583,-0.0069589402806569,0.0202975222955369,0.4892679477790965,1-hop induced structural neighborhood modularity Q,79.0,6.0,-0.1541506798272583,node_mean,,4.0,integrative relay,integrative relay,interneuron / integrative,interneurons,0.0,0.0,0.5,9.0,18.0,-0.003229846207938719,Interneuron,-0.5,neuron,fcv_postdca_raw_recompute/out_data/celegans/post_dca/celegans_sc_matrix_full297_no_diagonal.npz,,,,,,,,,,,,
C. elegans,AWAL,0.577224714145049,0.0234944405480528,0.06721188019773,0.1805368927110395,1-hop induced structural neighborhood modularity Q,18.0,3.0,1.0628942060660305,node_mean,,0.0,olfactory / chemosensory,olfactory / chemosensory,chemosensory,olf./chemo,0.875,7.0,0.0,0.0,8.0,0.0010226965550776757,Sensory,0.875,neuron,fcv_postdca_raw_recompute/out_data/celegans/post_dca/celegans_sc_matrix_full297_no_diagonal.npz,,,,,,,,,,,,
C. elegans,AWAR,-0.4659730577520273,0.0178208159686248,0.010277817085978,0.411385050847887,1-hop induced structural neighborhood modularity Q,58.0,3.0,1.452252328911688,node_mean,,0.0,olfactory / chemosensory,olfactory / chemosensory,chemosensory,olf./chemo,0.7692307692307693,10.0,0.0,0.0,13.0,0.009157517687842941,Sensory,0.7692307692307693,neuron,fcv_postdca_raw_recompute/out_data/celegans/post_dca/celegans_sc_matrix_full297_no_diagonal.npz,,,,,,,,,,,,
C. elegans,AWBL,0.2060838325176514,0.0439161015987454,0.0144368852043384,0.2960149572649572,1-hop induced structural neighborhood modularity Q,71.0,3.0,0.9501922835498364,node_mean,,0.0,olfactory / chemosensory,olfactory / chemosensory,chemosensory,olf./chemo,0.625,10.0,0.0,0.0,16.0,0.01618125366253606,Sensory,0.625,neuron,fcv_postdca_raw_recompute/out_data/celegans/post_dca/celegans_sc_matrix_full297_no_diagonal.npz,,,,,,,,,,,,
C. elegans,AWBR,-0.6363961913476046,0.0412973584883009,0.0262123003665272,0.3115502037054492,1-hop induced structural neighborhood modularity Q,63.0,3.0,0.7178397931503168,node_mean,,0.0,olfactory / chemosensory,olfactory / chemosensory,chemosensory,olf./chemo,0.9333333333333333,14.0,0.0,0.0,15.0,0.004407860223208721,Sensory,0.9333333333333333,neuron,fcv_postdca_raw_recompute/out_data/celegans/post_dca/celegans_sc_matrix_full297_no_diagonal.npz,,,,,,,,,,,,
C. elegans,AWCL,0.3832651283528502,0.0358871084858854,0.014307224674721,0.3206295091278699,1-hop induced structural neighborhood modularity Q,78.0,4.0,0.1590646946296872,node_mean,,0.0,olfactory / chemosensory,olfactory / chemosensory,chemosensory,olf./chemo,0.5714285714285714,8.0,0.0,0.0,14.0,0.010027103081071295,Sensory,0.5714285714285714,neuron,fcv_postdca_raw_recompute/out_data/celegans/post_dca/celegans_sc_matrix_full297_no_diagonal.npz,,,,,,,,,,,,
C. elegans,AWCR,-0.358798074346615,0.0309666411000357,0.0160595269847305,0.4016662639712923,1-hop induced structural neighborhood modularity Q,82.0,4.0,0.5753641449035618,node_mean,,0.0,olfactory / chemosensory,olfactory / chemosensory,chemosensory,olf./chemo,0.7647058823529411,13.0,0.0,0.0,17.0,0.005196214265681164,Sensory,0.7647058823529411,neuron,fcv_postdca_raw_recompute/out_data/celegans/post_dca/celegans_sc_matrix_full297_no_diagonal.npz,,,,,,,,,,,,
C. elegans,BAGL,1.4517242918919655,0.0300907143407224,0.0161606786518617,0.2745214862075436,1-hop induced structural neighborhood modularity Q,69.0,5.0,0.758529939822797,node_mean,,2.0,other sensory,other sensory,thermo/gas sensory,sensory neurons,0.5789473684210527,11.0,0.0,0.0,19.0,0.0305157019919445,Sensory,0.5789473684210527,neuron,fcv_postdca_raw_recompute/out_data/celegans/post_dca/celegans_sc_matrix_full297_no_diagonal.npz,,,,,,,,,,,,
C. elegans,CEPDL,-0.5275338256369175,0.0018778648141152,0.0311642340545337,0.5219449779456764,1-hop induced structural neighborhood modularity Q,99.0,6.0,1.4328143767547836,node_mean,,2.0,other sensory,other sensory,mechanosensory / other sensory,sensory neurons,0.6538461538461539,17.0,0.0,0.0,26.0,0.020025083833197413,Sensory,0.6538461538461539,neuron,fcv_postdca_raw_recompute/out_data/celegans/post_dca/celegans_sc_matrix_full297_no_diagonal.npz,,,,,,,,,,,,
C. elegans,CEPDR,-1.0329413187362904,0.0292962675616043,0.0358032711083191,0.4627199006949319,1-hop induced structural neighborhood modularity Q,88.0,5.0,1.8899514954072687,node_mean,,2.0,other sensory,other sensory,mechanosensory / other sensory,sensory neurons,0.5714285714285714,12.0,0.0,0.0,21.0,0.010027908579408953,Sensory,0.5714285714285714,neuron,fcv_postdca_raw_recompute/out_data/celegans/post_dca/celegans_sc_matrix_full297_no_diagonal.npz,,,,,,,,,,,,
C. elegans,CEPVL,-0.628128208327382,0.008011582336464,0.040540942258045,0.3108368991671182,1-hop induced structural neighborhood modularity Q,89.0,5.0,1.127811443360372,node_mean,,2.0,other sensory,other sensory,mechanosensory / other sensory,sensory neurons,0.5714285714285714,12.0,0.0,0.0,21.0,0.01366389689277623,Sensory,0.5714285714285714,neuron,fcv_postdca_raw_recompute/out_data/celegans/post_dca/celegans_sc_matrix_full297_no_diagonal.npz,,,,,,,,,,,,
C. elegans,CEPVR,-0.5960980289885239,0.0209005380391964,0.0403269229414609,0.4548282521767759,1-hop induced structural neighborhood modularity Q,120.0,5.0,0.7013104911991062,node_mean,,2.0,other sensory,other sensory,mechanosensory / other sensory,sensory neurons,0.6190476190476191,13.0,0.0,0.0,21.0,0.0045425003663694015,Sensory,0.6190476190476191,neuron,fcv_postdca_raw_recompute/out_data/celegans/post_dca/celegans_sc_matrix_full297_no_diagonal.npz,,,,,,,,,,,,
C. elegans,FLPL,-0.8676020066572243,-0.1149491501054033,0.080275585349633,0.1677120656435911,1-hop induced structural neighborhood modularity Q,57.0,5.0,2.2308411881352046,node_mean,,2.0,other sensory,other sensory,mechanosensory / other sensory,sensory neurons,0.5,8.0,0.0,0.0,16.0,0.24195272790295164,Sensory,0.5,neuron,fcv_postdca_raw_recompute/out_data/celegans/post_dca/celegans_sc_matrix_full297_no_diagonal.npz,,,,,,,,,,,,
C. elegans,FLPR,-1.3991211090469498,-0.0595770609716446,0.0560912591379397,0.2001232642756367,1-hop induced structural neighborhood modularity Q,93.0,3.0,2.6567569067146595,node_mean,,2.0,other sensory,other sensory,mechanosensory / other sensory,sensory neurons,0.5294117647058824,9.0,0.0,0.0,17.0,0.1331344089125136,Sensory,0.5294117647058824,neuron,fcv_postdca_raw_recompute/out_data/celegans/post_dca/celegans_sc_matrix_full297_no_diagonal.npz,,,,,,,,,,,,
C. elegans,IL1DL,-0.2897206377630093,-0.0470399069015458,0.0336350446821504,0.4077692557422286,1-hop induced structural neighborhood modularity Q,16.0,3.0,-0.5465437063680699,node_mean,,2.0,other sensory,other sensory,mechanosensory / other sensory,sensory neurons,0.0,0.0,0.7142857142857143,5.0,7.0,-0.002286561017776228,Sensory,-0.7142857142857143,neuron,fcv_postdca_raw_recompute/out_data/celegans/post_dca/celegans_sc_matrix_full297_no_diagonal.npz,,,,,,,,,,,,
C. elegans,IL1DR,0.3375285923488725,-0.0867933481889604,0.002643577751553,0.496813322368421,1-hop induced structural neighborhood modularity Q,28.0,3.0,0.394993808240869,node_mean,,2.0,other sensory,other sensory,mechanosensory / other sensory,sensory neurons,0.5555555555555556,5.0,0.0,0.0,9.0,0.048586853975854424,Sensory,0.5555555555555556,neuron,fcv_postdca_raw_recompute/out_data/celegans/post_dca/celegans_sc_matrix_full297_no_diagonal.npz,,,,,,,,,,,,
C. elegans,IL1L,0.3664814278559613,-0.1317128809018447,-0.0039304772272032,0.4727970679012345,1-hop induced structural neighborhood modularity Q,37.0,3.0,0.8174448972375224,node_mean,,2.0,other sensory,other sensory,mechanosensory / other sensory,sensory neurons,0.5,6.0,0.0,0.0,12.0,0.06389880565266123,Sensory,0.5,neuron,fcv_postdca_raw_recompute/out_data/celegans/post_dca/celegans_sc_matrix_full297_no_diagonal.npz,,,,,,,,,,,,
C. elegans,IL1R,0.9055717120515602,-0.1190846052040121,-0.0438247959518256,0.3314422053193013,1-hop induced structural neighborhood modularity Q,74.0,3.0,0.7731898882334817,node_mean,,2.0,other sensory,other sensory,mechanosensory / other sensory,sensory neurons,0.25,3.0,0.0,0.0,12.0,0.056220637215180794,Sensory,0.25,neuron,fcv_postdca_raw_recompute/out_data/celegans/post_dca/celegans_sc_matrix_full297_no_diagonal.npz,,,,,,,,,,,,
C. elegans,IL1VL,-0.0328099686223652,-0.1106772305974841,0.0182299836093793,0.2959274074471797,1-hop induced structural neighborhood modularity Q,30.0,4.0,0.1017826943099423,node_mean,,2.0,other sensory,other sensory,mechanosensory / other sensory,sensory neurons,0.4444444444444444,4.0,0.0,0.0,9.0,0.035234275876598053,Sensory,0.4444444444444444,neuron,fcv_postdca_raw_recompute/out_data/celegans/post_dca/celegans_sc_matrix_full297_no_diagonal.npz,,,,,,,,,,,,
C. elegans,IL1VR,0.97918895787414,-0.115110472722582,0.0178492388328706,0.3972229377406172,1-hop induced structural neighborhood modularity Q,28.0,3.0,0.1978257433299198,node_mean,,2.0,other sensory,other sensory,mechanosensory / other sensory,sensory neurons,0.625,5.0,0.0,0.0,8.0,0.04818672931313099,Sensory,0.625,neuron,fcv_postdca_raw_recompute/out_data/celegans/post_dca/celegans_sc_matrix_full297_no_diagonal.npz,,,,,,,,,,,,
C. elegans,IL2DL,-1.0430143798119822,-0.0110232982195794,0.0088692614077106,0.319031330557208,1-hop induced structural neighborhood modularity Q,26.0,3.0,3.355735007585398,node_mean,,2.0,other sensory,other sensory,mechanosensory / other sensory,sensory neurons,0.23076923076923078,3.0,0.0,0.0,13.0,0.008095403591378059,Sensory,0.23076923076923078,neuron,fcv_postdca_raw_recompute/out_data/celegans/post_dca/celegans_sc_matrix_full297_no_diagonal.npz,,,,,,,,,,,,
C. elegans,IL2DR,-0.7607315312840984,-0.000330936826991,0.0282467465529814,0.3780383613140245,1-hop induced structural neighborhood modularity Q,22.0,4.0,2.0455399900041544,node_mean,,2.0,other sensory,other sensory,mechanosensory / other sensory,sensory neurons,0.4166666666666667,5.0,0.0,0.0,12.0,0.007372917880918766,Sensory,0.4166666666666667,neuron,fcv_postdca_raw_recompute/out_data/celegans/post_dca/celegans_sc_matrix_full297_no_diagonal.npz,,,,,,,,,,,,
C. elegans,IL2L,-0.5413112599527531,0.0214399059599486,0.0207946452853961,0.4087534626038781,1-hop induced structural neighborhood modularity Q,29.0,4.0,1.9095425048844383,node_mean,,2.0,other sensory,other sensory,mechanosensory / other sensory,sensory neurons,0.6153846153846154,8.0,0.0,0.0,13.0,0.008435088848926214,Sensory,0.6153846153846154,neuron,fcv_postdca_raw_recompute/out_data/celegans/post_dca/celegans_sc_matrix_full297_no_diagonal.npz,,,,,,,,,,,,
C. elegans,IL2R,0.0582789090686981,0.0348992853034019,0.0434480259894494,0.4042315455594002,1-hop induced structural neighborhood modularity Q,37.0,4.0,1.992430164690206,node_mean,,2.0,other sensory,other sensory,mechanosensory / other sensory,sensory neurons,0.6666666666666666,10.0,0.0,0.0,15.0,0.0034833091252868343,Sensory,0.6666666666666666,neuron,fcv_postdca_raw_recompute/out_data/celegans/post_dca/celegans_sc_matrix_full297_no_diagonal.npz,,,,,,,,,,,,
C. elegans,IL2VL,-1.204093230845751,0.0085666374188124,0.0879947238929901,0.2679792014600299,1-hop induced structural neighborhood modularity Q,23.0,3.0,3.0349529867072724,node_mean,,2.0,other sensory,other sensory,mechanosensory / other sensory,sensory neurons,0.6666666666666666,8.0,0.0,0.0,12.0,0.010511189643480159,Sensory,0.6666666666666666,neuron,fcv_postdca_raw_recompute/out_data/celegans/post_dca/celegans_sc_matrix_full297_no_diagonal.npz,,,,,,,,,,,,
C. elegans,IL2VR,-0.6781661036004579,0.0041169460878454,0.0259245979936007,0.2110145552044431,1-hop induced structural neighborhood modularity Q,39.0,4.0,2.3092296357127142,node_mean,,2.0,other sensory,other sensory,mechanosensory / other sensory,sensory neurons,0.5714285714285714,8.0,0.0,0.0,14.0,0.011741347025814454,Sensory,0.5714285714285714,neuron,fcv_postdca_raw_recompute/out_data/celegans/post_dca/celegans_sc_matrix_full297_no_diagonal.npz,,,,,,,,,,,,
C. elegans,OLLL,0.606781154693357,-0.0479790230159389,0.0389772717467841,0.3420431302239842,1-hop induced structural neighborhood modularity Q,50.0,5.0,1.4744016286301571,node_mean,,2.0,other sensory,other sensory,mechanosensory / other sensory,sensory neurons,0.42857142857142855,6.0,0.0,0.0,14.0,0.08079480062900302,Sensory,0.42857142857142855,neuron,fcv_postdca_raw_recompute/out_data/celegans/post_dca/celegans_sc_matrix_full297_no_diagonal.npz,,,,,,,,,,,,
C. elegans,OLLR,0.4687836997370606,-0.0655555465092243,0.0191452047984926,0.4398517435566541,1-hop induced structural neighborhood modularity Q,98.0,6.0,0.8945169323245945,node_mean,,2.0,other sensory,other sensory,mechanosensory / other sensory,sensory neurons,0.42857142857142855,9.0,0.0,0.0,21.0,0.07557513449095356,Sensory,0.42857142857142855,neuron,fcv_postdca_raw_recompute/out_data/celegans/post_dca/celegans_sc_matrix_full297_no_diagonal.npz,,,,,,,,,,,,
C. elegans,OLQDL,1.045968953881444,-0.0326671478443268,0.0288424075297569,0.5248762226784205,1-hop induced structural neighborhood modularity Q,15.0,5.0,-0.4542552722775964,node_mean,,2.0,other sensory,other sensory,mechanosensory / other sensory,sensory neurons,0.5,5.0,0.0,0.0,10.0,0.002673657414921895,Sensory,0.5,neuron,fcv_postdca_raw_recompute/out_data/celegans/post_dca/celegans_sc_matrix_full297_no_diagonal.npz,,,,,,,,,,,,
C. elegans,OLQDR,0.2279380724054969,-0.0663809698349078,0.0168308790072615,0.4286439550435909,1-hop induced structural neighborhood modularity Q,35.0,4.0,-0.5447271754416722,node_mean,,2.0,other sensory,other sensory,mechanosensory / other sensory,sensory neurons,0.5,4.0,0.0,0.0,8.0,0.008224630707768311,Sensory,0.5,neuron,fcv_postdca_raw_recompute/out_data/celegans/post_dca/celegans_sc_matrix_full297_no_diagonal.npz,,,,,,,,,,,,
C. elegans,OLQVL,1.1540407671462405,-0.0640467284785841,0.0290035707616337,0.4910206881106351,1-hop induced structural neighborhood modularity Q,43.0,4.0,-0.7835312420282143,node_mean,,2.0,other sensory,other sensory,mechanosensory / other sensory,sensory neurons,0.42857142857142855,3.0,0.0,0.0,7.0,0.00260143941448809,Sensory,0.42857142857142855,neuron,fcv_postdca_raw_recompute/out_data/celegans/post_dca/celegans_sc_matrix_full297_no_diagonal.npz,,,,,,,,,,,,
C. elegans,OLQVR,0.3997094468964087,0.0031116311161349,0.0084779199831973,0.400503363506727,1-hop induced structural neighborhood modularity Q,43.0,4.0,0.2341933875007947,node_mean,,2.0,other sensory,other sensory,mechanosensory / other sensory,sensory neurons,0.5555555555555556,5.0,0.0,0.0,9.0,0.026669718946225066,Sensory,0.5555555555555556,neuron,fcv_postdca_raw_recompute/out_data/celegans/post_dca/celegans_sc_matrix_full297_no_diagonal.npz,,,,,,,,,,,,
C. elegans,RIAL,-0.1331966993083439,-0.1068063283929411,0.0354208623053253,0.4201204210446024,1-hop induced structural neighborhood modularity Q,221.0,5.0,-0.0813846037821148,node_mean,,5.0,associative / learning,associative / learning,associative interneuron,interneurons,0.37037037037037035,10.0,0.0,0.0,27.0,0.14027806010013943,Interneuron,0.37037037037037035,neuron,fcv_postdca_raw_recompute/out_data/celegans/post_dca/celegans_sc_matrix_full297_no_diagonal.npz,,,,,,,,,,,,
C. elegans,RIAR,-0.8979664995613836,-0.1128020250203805,0.0216750078415792,0.4450689391668671,1-hop induced structural neighborhood modularity Q,219.0,5.0,0.0597879183789734,node_mean,,5.0,associative / learning,associative / learning,associative interneuron,interneurons,0.32,8.0,0.0,0.0,25.0,0.24414464139458333,Interneuron,0.32,neuron,fcv_postdca_raw_recompute/out_data/celegans/post_dca/celegans_sc_matrix_full297_no_diagonal.npz,,,,,,,,,,,,
C. elegans,RIBL,1.0583050683591275,-0.0017944493823752,0.0543817177280561,0.4358090848488012,1-hop induced structural neighborhood modularity Q,108.0,5.0,-0.9702311220199028,node_mean,,5.0,associative / learning,associative / learning,associative interneuron,interneurons,0.0,0.0,0.4117647058823529,7.0,17.0,-0.038091810804664235,Interneuron,-0.4117647058823529,neuron,fcv_postdca_raw_recompute/out_data/celegans/post_dca/celegans_sc_matrix_full297_no_diagonal.npz,,,,,,,,,,,,
C. elegans,RIBR,1.0345687486246304,-0.0082841723681434,0.0584895164387816,0.3769807638799111,1-hop induced structural neighborhood modularity Q,122.0,4.0,-1.297815632436311,node_mean,,5.0,associative / learning,associative / learning,associative interneuron,interneurons,0.0,0.0,0.45,9.0,20.0,-0.05110787395660542,Interneuron,-0.45,neuron,fcv_postdca_raw_recompute/out_data/celegans/post_dca/celegans_sc_matrix_full297_no_diagonal.npz,,,,,,,,,,,,
C. elegans,RICL,-0.580726360167759,-0.1487716846368256,0.0147470578981035,0.4306980168526355,1-hop induced structural neighborhood modularity Q,102.0,5.0,0.0652405218684009,node_mean,,6.0,state-dependent / modulatory,state-dependent / modulatory,state-modulatory interneuron,state-modulatory,0.45,9.0,0.0,0.0,20.0,0.08327284063157848,Interneuron,0.45,neuron,fcv_postdca_raw_recompute/out_data/celegans/post_dca/celegans_sc_matrix_full297_no_diagonal.npz,,,,,,,,,,,,
C. elegans,RICR,-0.9065410867481412,-0.125830984124138,0.0181399683287866,0.4578635417006111,1-hop induced structural neighborhood modularity Q,148.0,5.0,-0.0582689081239757,node_mean,,6.0,state-dependent / modulatory,state-dependent / modulatory,state-modulatory interneuron,state-modulatory,0.4090909090909091,9.0,0.0,0.0,22.0,0.0722051142690488,Interneuron,0.4090909090909091,neuron,fcv_postdca_raw_recompute/out_data/celegans/post_dca/celegans_sc_matrix_full297_no_diagonal.npz,,,,,,,,,,,,
C. elegans,RID,1.2079587676968455,0.0108227569268958,-0.0239406992120578,0.5330485344725288,1-hop induced structural neighborhood modularity Q,24.0,7.0,-1.1921383466789333,node_mean,,4.0,integrative relay,integrative relay,interneuron / integrative,interneurons,0.0,0.0,0.625,5.0,8.0,-0.015396036750789585,Interneuron,-0.625,neuron,fcv_postdca_raw_recompute/out_data/celegans/post_dca/celegans_sc_matrix_full297_no_diagonal.npz,,,,,,,,,,,,
C. elegans,RIH,0.4553865140885128,0.0518737270452255,0.0104559454494932,0.5957600475624257,1-hop induced structural neighborhood modularity Q,123.0,4.0,0.8777184570879153,node_mean,,4.0,integrative relay,integrative relay,interneuron / integrative,interneurons,0.7931034482758621,23.0,0.0,0.0,29.0,0.08799472389299011,Interneuron,0.7931034482758621,neuron,fcv_postdca_raw_recompute/out_data/celegans/post_dca/celegans_sc_matrix_full297_no_diagonal.npz,,,,,,,,,,,,
C. elegans,RIML,1.035451381066493,-0.0410927478715281,0.0277581148191426,0.3285938203888945,1-hop induced structural neighborhood modularity Q,194.0,4.0,-0.1727521057778039,node_mean,,6.0,state-dependent / modulatory,state-dependent / modulatory,state-modulatory interneuron,state-modulatory,0.375,9.0,0.0,0.0,24.0,0.024981787806985692,Interneuron,0.375,neuron,fcv_postdca_raw_recompute/out_data/celegans/post_dca/celegans_sc_matrix_full297_no_diagonal.npz,,,,,,,,,,,,
C. elegans,RIMR,0.9817674602349216,-0.043059513472717,0.0455336622273041,0.3778852103804485,1-hop induced structural neighborhood modularity Q,192.0,6.0,-0.4845083154486173,node_mean,,6.0,state-dependent / modulatory,state-dependent / modulatory,state-modulatory interneuron,state-modulatory,0.0,0.0,0.6190476190476191,13.0,21.0,-0.02260701695349207,Interneuron,-0.6190476190476191,neuron,fcv_postdca_raw_recompute/out_data/celegans/post_dca/celegans_sc_matrix_full297_no_diagonal.npz,,,,,,,,,,,,
C. elegans,RIR,0.4501143383908784,0.0444727599698452,0.0268520614976934,0.4274124142846671,1-hop induced structural neighborhood modularity Q,137.0,4.0,0.3817110221000572,node_mean,,4.0,integrative relay,integrative relay,interneuron / integrative,interneurons,0.8461538461538461,22.0,0.0,0.0,26.0,0.01304624935234858,Interneuron,0.8461538461538461,neuron,fcv_postdca_raw_recompute/out_data/celegans/post_dca/celegans_sc_matrix_full297_no_diagonal.npz,,,,,,,,,,,,
C. elegans,RIS,0.9586480487944484,-0.0219287788226396,-0.0137384618947002,0.4406477811510279,1-hop induced structural neighborhood modularity Q,133.0,5.0,1.5664205273504097,node_mean,,6.0,state-dependent / modulatory,state-dependent / modulatory,state-modulatory interneuron,state-modulatory,0.4,10.0,0.0,0.0,25.0,0.060000144058909875,Interneuron,0.4,neuron,fcv_postdca_raw_recompute/out_data/celegans/post_dca/celegans_sc_matrix_full297_no_diagonal.npz,,,,,,,,,,,,
C. elegans,RIVL,0.99887880595307,-0.01428840361736,0.0324876634470004,0.1368065837556789,1-hop induced structural neighborhood modularity Q,46.0,6.0,0.0454623740767574,node_mean,,3.0,sensorimotor output,sensorimotor output,head motor / premotor,motor / command,0.0,0.0,0.6,6.0,10.0,-0.0007743854946294336,Motorneuron,-0.6,neuron,fcv_postdca_raw_recompute/out_data/celegans/post_dca/celegans_sc_matrix_full297_no_diagonal.npz,,,,,,,,,,,,
C. elegans,RIVR,0.8779121806194595,0.0019053193605542,0.0898898680120462,0.1900786913704253,1-hop induced structural neighborhood modularity Q,48.0,5.0,0.3867729750960119,node_mean,,3.0,sensorimotor output,sensorimotor output,head motor / premotor,motor / command,0.0,0.0,0.7692307692307693,10.0,13.0,-0.01099532210407526,Motorneuron,-0.7692307692307693,neuron,fcv_postdca_raw_recompute/out_data/celegans/post_dca/celegans_sc_matrix_full297_no_diagonal.npz,,,,,,,,,,,,
C. elegans,RMDDL,-0.4259734633450009,-0.0754488343026982,0.0582212357254225,0.3166163176557123,1-hop induced structural neighborhood modularity Q,97.0,4.0,-1.9989026791958235,node_mean,,3.0,sensorimotor output,sensorimotor output,head motor / premotor,motor / command,0.0,0.0,0.4444444444444444,4.0,9.0,-0.21252383908005368,Motorneuron,-0.4444444444444444,neuron,fcv_postdca_raw_recompute/out_data/celegans/post_dca/celegans_sc_matrix_full297_no_diagonal.npz,,,,,,,,,,,,
C. elegans,RMDDR,-0.8006551887531449,-0.1916640041512533,0.0618211414162167,0.2165272517464771,1-hop induced structural neighborhood modularity Q,66.0,4.0,-2.239336062686346,node_mean,,3.0,sensorimotor output,sensorimotor output,head motor / premotor,motor / command,0.0,0.0,1.0,3.0,3.0,-0.19607345472060347,Motorneuron,-1.0,neuron,fcv_postdca_raw_recompute/out_data/celegans/post_dca/celegans_sc_matrix_full297_no_diagonal.npz,,,,,,,,,,,,
C. elegans,RMDL,0.9874034751941082,0.059394912417754,0.0471625234151796,0.3100312388510368,1-hop induced structural neighborhood modularity Q,172.0,6.0,-0.6341488397979895,node_mean,,3.0,sensorimotor output,sensorimotor output,head motor / premotor,motor / command,0.0,0.0,0.5384615384615384,14.0,26.0,-0.040983000064432895,Motorneuron,-0.5384615384615384,neuron,fcv_postdca_raw_recompute/out_data/celegans/post_dca/celegans_sc_matrix_full297_no_diagonal.npz,,,,,,,,,,,,
C. elegans,RMDR,-0.1332431479505051,0.0535552292500498,0.0671156029426061,0.3189549395574071,1-hop induced structural neighborhood modularity Q,125.0,4.0,-1.0266387890430204,node_mean,,3.0,sensorimotor output,sensorimotor output,head motor / premotor,motor / command,0.0,0.0,0.5384615384615384,7.0,13.0,-0.08345486895009985,Motorneuron,-0.5384615384615384,neuron,fcv_postdca_raw_recompute/out_data/celegans/post_dca/celegans_sc_matrix_full297_no_diagonal.npz,,,,,,,,,,,,
C. elegans,RMDVL,-0.2463479700141454,-0.1382482450584931,0.0752928416535763,0.3450067584209044,1-hop induced structural neighborhood modularity Q,79.0,3.0,-1.5500836697849176,node_mean,,3.0,sensorimotor output,sensorimotor output,head motor / premotor,motor / command,0.0,0.0,0.36363636363636365,4.0,11.0,-0.1937156378776067,Motorneuron,-0.36363636363636365,neuron,fcv_postdca_raw_recompute/out_data/celegans/post_dca/celegans_sc_matrix_full297_no_diagonal.npz,,,,,,,,,,,,
C. elegans,RMDVR,-0.7670583706691313,-0.1408615511985975,0.0708327969591204,0.3246346119509186,1-hop induced structural neighborhood modularity Q,88.0,4.0,-1.4240346891027378,node_mean,,3.0,sensorimotor output,sensorimotor output,head motor / premotor,motor / command,0.0,0.0,0.5,6.0,12.0,-0.166929900213257,Motorneuron,-0.5,neuron,fcv_postdca_raw_recompute/out_data/celegans/post_dca/celegans_sc_matrix_full297_no_diagonal.npz,,,,,,,,,,,,
C. elegans,RMED,0.3714234804910817,-0.1161553818148787,-0.0362869662245754,0.4534183673469387,1-hop induced structural neighborhood modularity Q,24.0,5.0,-2.2246235515243336,node_mean,,3.0,sensorimotor output,sensorimotor output,head motor / premotor,motor / command,0.0,0.0,1.0,4.0,4.0,-0.0036028994394709064,Motorneuron,-1.0,neuron,fcv_postdca_raw_recompute/out_data/celegans/post_dca/celegans_sc_matrix_full297_no_diagonal.npz,,,,,,,,,,,,
C. elegans,RMEL,1.208135070005396,0.0299403921694242,0.0152548246003602,0.441504385312918,1-hop induced structural neighborhood modularity Q,21.0,5.0,-2.512305623976115,node_mean,,3.0,sensorimotor output,sensorimotor output,head motor / premotor,motor / command,0.0,0.0,0.5,2.0,4.0,-0.006675661804275558,Motorneuron,-0.5,neuron,fcv_postdca_raw_recompute/out_data/celegans/post_dca/celegans_sc_matrix_full297_no_diagonal.npz,,,,,,,,,,,,
C. elegans,RMER,0.8615438524198483,0.0352811430380435,0.0176861883629082,0.3342415229030339,1-hop induced structural neighborhood modularity Q,28.0,5.0,-2.3632097148104805,node_mean,,3.0,sensorimotor output,sensorimotor output,head motor / premotor,motor / command,0.0,0.0,0.5,1.0,2.0,-0.01067720077622093,Motorneuron,-0.5,neuron,fcv_postdca_raw_recompute/out_data/celegans/post_dca/celegans_sc_matrix_full297_no_diagonal.npz,,,,,,,,,,,,
C. elegans,RMEV,0.8770372523427571,-0.0497425749578728,0.005031462257574,0.4738242407954851,1-hop induced structural neighborhood modularity Q,44.0,7.0,-2.145399509471633,node_mean,,3.0,sensorimotor output,sensorimotor output,head motor / premotor,motor / command,0.0,0.0,0.75,6.0,8.0,-0.005927391760151614,Motorneuron,-0.75,neuron,fcv_postdca_raw_recompute/out_data/celegans/post_dca/celegans_sc_matrix_full297_no_diagonal.npz,,,,,,,,,,,,
C. elegans,RMGL,-1.184630788789381,-0.064570897442933,0.0069226372171253,0.4805985521401792,1-hop induced structural neighborhood modularity Q,177.0,6.0,0.461345566502621,node_mean,,6.0,state-dependent / modulatory,state-dependent / modulatory,state-modulatory interneuron,state-modulatory,0.4666666666666667,14.0,0.0,0.0,30.0,0.039147801484308874,Interneuron,0.4666666666666667,neuron,fcv_postdca_raw_recompute/out_data/celegans/post_dca/celegans_sc_matrix_full297_no_diagonal.npz,,,,,,,,,,,,
C. elegans,SAADL,0.4228558155914764,-0.1010687288441655,-0.0008080246668527,0.516926347114465,1-hop induced structural neighborhood modularity Q,59.0,6.0,-0.2363887780642304,node_mean,,3.0,sensorimotor output,sensorimotor output,head motor / premotor,motor / command,0.2857142857142857,4.0,0.0,0.0,14.0,0.04214701084564488,Interneuron,0.2857142857142857,neuron,fcv_postdca_raw_recompute/out_data/celegans/post_dca/celegans_sc_matrix_full297_no_diagonal.npz,,,,,,,,,,,,
C. elegans,SAADR,0.2322001526469293,-0.1204589684187786,0.0181883324272895,0.4569661924387638,1-hop induced structural neighborhood modularity Q,72.0,6.0,0.243230309880947,node_mean,,3.0,sensorimotor output,sensorimotor output,head motor / premotor,motor / command,0.4,6.0,0.0,0.0,15.0,0.065246215908528,Interneuron,0.4,neuron,fcv_postdca_raw_recompute/out_data/celegans/post_dca/celegans_sc_matrix_full297_no_diagonal.npz,,,,,,,,,,,,
C. elegans,SAAVL,0.0230766114130068,-0.1512837405952934,0.0015495056890599,0.4653281804756967,1-hop induced structural neighborhood modularity Q,74.0,7.0,0.8807457944547437,node_mean,,3.0,sensorimotor output,sensorimotor output,head motor / premotor,motor / command,0.25,5.0,0.0,0.0,20.0,0.14342174162597207,Interneuron,0.25,neuron,fcv_postdca_raw_recompute/out_data/celegans/post_dca/celegans_sc_matrix_full297_no_diagonal.npz,,,,,,,,,,,,
C. elegans,SAAVR,-0.0947303247555859,-0.1553687869686358,-0.0550444047887704,0.3556266497146253,1-hop induced structural neighborhood modularity Q,28.0,6.0,0.8846853924588238,node_mean,,3.0,sensorimotor output,sensorimotor output,head motor / premotor,motor / command,0.2857142857142857,4.0,0.0,0.0,14.0,0.10082055190878605,Interneuron,0.2857142857142857,neuron,fcv_postdca_raw_recompute/out_data/celegans/post_dca/celegans_sc_matrix_full297_no_diagonal.npz,,,,,,,,,,,,
C. elegans,SMBVR,0.720566827203706,0.0171129176168821,0.0277254575230129,0.3268780381530752,1-hop induced structural neighborhood modularity Q,52.0,5.0,-0.5212969236332861,node_mean,,3.0,sensorimotor output,sensorimotor output,head motor / premotor,motor / command,0.0,0.0,0.35714285714285715,5.0,14.0,-0.018634273508525912,Motorneuron,-0.35714285714285715,neuron,fcv_postdca_raw_recompute/out_data/celegans/post_dca/celegans_sc_matrix_full297_no_diagonal.npz,,,,,,,,,,,,
C. elegans,SMDDL,0.4548987190159245,0.0352876123337124,0.0629079901978605,0.3894483134515569,1-hop induced structural neighborhood modularity Q,122.0,5.0,-0.8338145100499166,node_mean,,3.0,sensorimotor output,sensorimotor output,head motor / premotor,motor / command,0.0,0.0,0.5789473684210527,11.0,19.0,-0.11295185192578158,Motorneuron,-0.5789473684210527,neuron,fcv_postdca_raw_recompute/out_data/celegans/post_dca/celegans_sc_matrix_full297_no_diagonal.npz,,,,,,,,,,,,
C. elegans,SMDDR,0.2208586436124091,0.0087023418880462,0.0624276012326744,0.4206810395498433,1-hop induced structural neighborhood modularity Q,130.0,5.0,-1.1997974329154553,node_mean,,3.0,sensorimotor output,sensorimotor output,head motor / premotor,motor / command,0.0,0.0,0.5,9.0,18.0,-0.15273403400427518,Motorneuron,-0.5,neuron,fcv_postdca_raw_recompute/out_data/celegans/post_dca/celegans_sc_matrix_full297_no_diagonal.npz,,,,,,,,,,,,
C. elegans,SMDVL,1.1515477577291289,0.0353375882419749,0.0865327352777593,0.4092896338557481,1-hop induced structural neighborhood modularity Q,122.0,4.0,-0.0359320092260633,node_mean,,3.0,sensorimotor output,sensorimotor output,head motor / premotor,motor / command,0.0,0.0,0.47058823529411764,8.0,17.0,-0.0662653662660051,Motorneuron,-0.47058823529411764,neuron,fcv_postdca_raw_recompute/out_data/celegans/post_dca/celegans_sc_matrix_full297_no_diagonal.npz,,,,,,,,,,,,
C. elegans,SMDVR,0.4971143493714456,0.0272627736396793,0.0623310882135218,0.4294394768133175,1-hop induced structural neighborhood modularity Q,131.0,5.0,-0.1987345864352847,node_mean,,3.0,sensorimotor output,sensorimotor output,head motor / premotor,motor / command,0.0,0.0,0.625,10.0,16.0,-0.07210158980284595,Motorneuron,-0.625,neuron,fcv_postdca_raw_recompute/out_data/celegans/post_dca/celegans_sc_matrix_full297_no_diagonal.npz,,,,,,,,,,,,
C. elegans,URADL,-1.7373366046987515,-0.006445655224464,0.008569245915579,0.1052260952668376,1-hop induced structural neighborhood modularity Q,12.0,4.0,-0.1643030512912763,node_mean,,3.0,sensorimotor output,sensorimotor output,head motor / premotor,motor / command,0.0,0.0,0.75,3.0,4.0,-1.983602367512747e-05,Motorneuron,-0.75,neuron,fcv_postdca_raw_recompute/out_data/celegans/post_dca/celegans_sc_matrix_full297_no_diagonal.npz,,,,,,,,,,,,
C. elegans,URADR,-1.6302583024171546,-0.0164230688380995,0.0245333262156602,0.0996444444444444,1-hop induced structural neighborhood modularity Q,9.0,3.0,0.0,node_mean,,3.0,sensorimotor output,sensorimotor output,head motor / premotor,motor / command,0.0,0.0,0.5,2.0,4.0,-0.00014855766793979604,Motorneuron,-0.5,neuron,fcv_postdca_raw_recompute/out_data/celegans/post_dca/celegans_sc_matrix_full297_no_diagonal.npz,,,,,,,,,,,,
C. elegans,URAVL,-1.038814546608589,-0.0316193482880172,-0.0198106262262553,0.3676983310470965,1-hop induced structural neighborhood modularity Q,31.0,4.0,0.5340824859302579,node_mean,,3.0,sensorimotor output,sensorimotor output,head motor / premotor,motor / command,0.4166666666666667,5.0,0.0,0.0,12.0,0.007618045087915563,Motorneuron,0.4166666666666667,neuron,fcv_postdca_raw_recompute/out_data/celegans/post_dca/celegans_sc_matrix_full297_no_diagonal.npz,,,,,,,,,,,,
C. elegans,URAVR,-0.976791306592615,-0.0013509457379679,0.0179200981281793,0.3436472084557694,1-hop induced structural neighborhood modularity Q,42.0,3.0,0.4289956055183586,node_mean,,3.0,sensorimotor output,sensorimotor output,head motor / premotor,motor / command,0.5384615384615384,7.0,0.0,0.0,13.0,0.0022284768658990778,Motorneuron,0.5384615384615384,neuron,fcv_postdca_raw_recompute/out_data/celegans/post_dca/celegans_sc_matrix_full297_no_diagonal.npz,,,,,,,,,,,,
C. elegans,URBL,-0.4708821787532142,0.0151356690304579,0.0224793630567143,0.4615051903114187,1-hop induced structural neighborhood modularity Q,36.0,6.0,1.3256697393034558,node_mean,,4.0,integrative relay,integrative relay,interneuron / integrative,interneurons,0.5882352941176471,10.0,0.0,0.0,17.0,0.003745916632138625,Interneuron,0.5882352941176471,neuron,fcv_postdca_raw_recompute/out_data/celegans/post_dca/celegans_sc_matrix_full297_no_diagonal.npz,,,,,,,,,,,,
C. elegans,URBR,-0.4622202745889068,0.0219748405314457,0.0282070519255408,0.4083706942616221,1-hop induced structural neighborhood modularity Q,96.0,4.0,0.6390799592896695,node_mean,,4.0,integrative relay,integrative relay,interneuron / integrative,interneurons,0.0,0.0,0.2916666666666667,7.0,24.0,-0.0002280372017873086,Interneuron,-0.2916666666666667,neuron,fcv_postdca_raw_recompute/out_data/celegans/post_dca/celegans_sc_matrix_full297_no_diagonal.npz,,,,,,,,,,,,
C. elegans,URXL,-0.0909094352724155,0.0381057915407909,0.0200050339790527,0.421987918367347,1-hop induced structural neighborhood modularity Q,117.0,4.0,0.2371297932889497,node_mean,,2.0,other sensory,other sensory,thermo/gas sensory,sensory neurons,0.782608695652174,18.0,0.0,0.0,23.0,0.016822834396032153,Sensory,0.782608695652174,neuron,fcv_postdca_raw_recompute/out_data/celegans/post_dca/celegans_sc_matrix_full297_no_diagonal.npz,,,,,,,,,,,,
C. elegans,URXR,-0.6359483473090639,0.0304554844923096,0.0238950085354862,0.4099608935115988,1-hop induced structural neighborhood modularity Q,154.0,5.0,0.5520685823000399,node_mean,,2.0,other sensory,other sensory,thermo/gas sensory,sensory neurons,0.6153846153846154,16.0,0.0,0.0,26.0,0.02738398812795164,Sensory,0.6153846153846154,neuron,fcv_postdca_raw_recompute/out_data/celegans/post_dca/celegans_sc_matrix_full297_no_diagonal.npz,,,,,,,,,,,,
C. elegans,URYDL,0.0421846537445722,-0.1082198964317172,0.0173016284798848,0.4225650867402339,1-hop induced structural neighborhood modularity Q,32.0,3.0,1.0541605260972755,node_mean,,2.0,other sensory,other sensory,mechanosensory / other sensory,sensory neurons,0.36363636363636365,4.0,0.0,0.0,11.0,0.047358728182215974,Sensory,0.36363636363636365,neuron,fcv_postdca_raw_recompute/out_data/celegans/post_dca/celegans_sc_matrix_full297_no_diagonal.npz,,,,,,,,,,,,
C. elegans,URYDR,-0.2078325105817385,-0.0869393635161708,0.0284466316757938,0.5109393195012282,1-hop induced structural neighborhood modularity Q,41.0,6.0,1.840549633397487,node_mean,,2.0,other sensory,other sensory,mechanosensory / other sensory,sensory neurons,0.42857142857142855,6.0,0.0,0.0,14.0,0.03822509427323811,Sensory,0.42857142857142855,neuron,fcv_postdca_raw_recompute/out_data/celegans/post_dca/celegans_sc_matrix_full297_no_diagonal.npz,,,,,,,,,,,,
C. elegans,URYVL,0.3352270176992441,-0.050768606334913,0.0151823209815332,0.3645391330038312,1-hop induced structural neighborhood modularity Q,70.0,4.0,2.1365999555197845,node_mean,,2.0,other sensory,other sensory,mechanosensory / other sensory,sensory neurons,0.5909090909090909,13.0,0.0,0.0,22.0,0.07802874892011742,Sensory,0.5909090909090909,neuron,fcv_postdca_raw_recompute/out_data/celegans/post_dca/celegans_sc_matrix_full297_no_diagonal.npz,,,,,,,,,,,,
C. elegans,URYVR,-0.3294070467994306,-0.0965866123587528,0.0231846249185374,0.3099703980873698,1-hop induced structural neighborhood modularity Q,56.0,4.0,1.8899514954072687,node_mean,,2.0,other sensory,other sensory,mechanosensory / other sensory,sensory neurons,0.3125,5.0,0.0,0.0,16.0,0.09583432237804461,Sensory,0.3125,neuron,fcv_postdca_raw_recompute/out_data/celegans/post_dca/celegans_sc_matrix_full297_no_diagonal.npz,,,,,,,,,,,,
Drosophila,AL_R,1.101799983131912,0.0561545807743888,0.1873230453747798,0.3539310216217944,within-region cell-level induced sub-SC modularity Q,,,0.942654171698268,node_mean,,0.0,olfactory / chemosensory,olfactory / chemosensory,olfactory system,olfactory neuropil,0.3711851594333449,,0.08943452854036212,2059.0,,,,0.2817506308929828,side-aware region,figure15_drosophila_final/results/drosophila_flywire783_matched41_sc_cell_measures.csv,0.3711851594333449,2464.0,2608.0,olfactory system,0.0561545807743888,,,,,,,
Drosophila,AME_L,-1.4109663844433546,0.0009690628463992,-0.0382219113075164,0.1346819197896122,within-region cell-level induced sub-SC modularity Q,,,-0.7256292855814004,node_mean,,1.0,visual / optic,visual / optic,visual / optic,optic neuropil,0.1224451876625789,,0.05141113653699467,27.0,,,,0.07103405112558424,side-aware region,figure15_drosophila_final/results/drosophila_flywire783_matched41_sc_cell_measures.csv,0.12244518766257896,23.0,24.0,optic/lateral protocerebrum,0.0009690628463992,,,,,,,
Drosophila,ATL_L,-0.519659204549771,-0.0252259685261034,-0.0016520549505539,0.3500566893424038,within-region cell-level induced sub-SC modularity Q,,,-0.4284893371053548,node_mean,,4.0,integrative relay,integrative relay,lateral/inferior protocerebrum,protocerebrum,0.1764035918957859,,0.0744360902255639,17.0,,,,0.10196750167022199,side-aware region,figure15_drosophila_final/results/drosophila_flywire783_matched41_sc_cell_measures.csv,0.17640359189578592,38.0,42.0,inferior/ventrolateral protocerebrum,-0.0252259685261034,,,,,,,
Drosophila,ATL_R,-0.3261889824466816,-0.0228575836458514,-0.0009534527839901,,within-region cell-level induced sub-SC modularity Q,,,-0.714653385780909,node_mean,,4.0,integrative relay,integrative relay,lateral/inferior protocerebrum,protocerebrum,0.2467423086702262,,0.10447570332480818,16.0,,,,0.14226660534541802,side-aware region,figure15_drosophila_final/results/drosophila_flywire783_matched41_sc_cell_measures.csv,0.24674230867022628,23.0,23.0,inferior/ventrolateral protocerebrum,-0.0228575836458514,,,,,,,
Drosophila,AVLP_L,1.6328346151869817,-0.0056654989765472,0.0074025770754116,0.4619114472657809,within-region cell-level induced sub-SC modularity Q,,,-0.9574654046017432,node_mean,,4.0,integrative relay,integrative relay,visual-association protocerebrum,protocerebrum,0.3473514066846243,,0.18154111926442387,4080.0,,,,0.1658102874202004,side-aware region,figure15_drosophila_final/results/drosophila_flywire783_matched41_sc_cell_measures.csv,0.34735140668462433,1788.0,2005.0,optic/lateral protocerebrum,-0.0056654989765472,,,,,,,
Drosophila,AVLP_R,1.072540610741776,-0.0051064366906135,0.0045977105237307,0.4687638123558457,within-region cell-level induced sub-SC modularity Q,,,-0.8040388641656668,node_mean,,4.0,integrative relay,integrative relay,visual-association protocerebrum,protocerebrum,0.3487519979741278,,0.1788026937304329,4254.0,,,,0.16994930424369492,side-aware region,figure15_drosophila_final/results/drosophila_flywire783_matched41_sc_cell_measures.csv,0.3487519979741278,1954.0,2172.0,optic/lateral protocerebrum,-0.0051064366906135,,,,,,,
Drosophila,CRE_L,0.3426909346216281,-0.0049864930875445,0.0044296497939522,0.6798796339364515,within-region cell-level induced sub-SC modularity Q,,,-0.2499975964008988,node_mean,,4.0,integrative relay,integrative relay,lateral/inferior protocerebrum,protocerebrum,0.2945235122547201,,0.1724977069888199,2102.0,,,,0.12202580526590023,side-aware region,figure15_drosophila_final/results/drosophila_flywire783_matched41_sc_cell_measures.csv,0.2945235122547201,675.0,704.0,inferior/ventrolateral protocerebrum,-0.0049864930875445,,,,,,,
Drosophila,CRE_R,0.4577458268980124,-0.0242509560105475,0.0078540617629382,0.6880708011823461,within-region cell-level induced sub-SC modularity Q,,,-0.1475011659076173,node_mean,,4.0,integrative relay,integrative relay,lateral/inferior protocerebrum,protocerebrum,0.2327141542897895,,0.22186159339268818,2697.0,,,,0.010852560897101321,side-aware region,figure15_drosophila_final/results/drosophila_flywire783_matched41_sc_cell_measures.csv,0.23271415428978956,699.0,741.0,inferior/ventrolateral protocerebrum,-0.0242509560105475,,,,,,,
Drosophila,EPA_L,-1.074794799671396,0.0446293887503689,-0.1424074460071397,0.0,within-region cell-level induced sub-SC modularity Q,,,0.6677190033906197,node_mean,,4.0,integrative relay,integrative relay,lateral/inferior protocerebrum,protocerebrum,0.1099173553719008,,0.12708938120702828,29.0,,,,-0.01717202583512749,side-aware region,figure15_drosophila_final/results/drosophila_flywire783_matched41_sc_cell_measures.csv,0.10991735537190082,11.0,11.0,inferior/ventrolateral protocerebrum,0.0446293887503689,,,,,,,
Drosophila,EPA_R,-0.8769280731410657,-0.0065737971737475,0.0274642239025094,,within-region cell-level induced sub-SC modularity Q,,,0.7640989165322297,node_mean,,4.0,integrative relay,integrative relay,lateral/inferior protocerebrum,protocerebrum,0.109090909090909,,0.07619047619047618,8.0,,,,0.03290043290043282,side-aware region,figure15_drosophila_final/results/drosophila_flywire783_matched41_sc_cell_measures.csv,0.10909090909090909,5.0,6.0,inferior/ventrolateral protocerebrum,-0.0065737971737475,,,,,,,
Drosophila,IB_L,-0.4219520522595418,0.028330329238535,-0.0112393599724275,0.6332533087103724,within-region cell-level induced sub-SC modularity Q,,,-0.4207842534305047,node_mean,,4.0,integrative relay,integrative relay,lateral/inferior protocerebrum,protocerebrum,0.1509279369332476,,0.07923929518757106,87.0,,,,0.07168864174567655,side-aware region,figure15_drosophila_final/results/drosophila_flywire783_matched41_sc_cell_measures.csv,0.15092793693324769,116.0,128.0,inferior/ventrolateral protocerebrum,0.028330329238535,,,,,,,
Drosophila,IB_R,-0.2840659556148842,0.0179025717583879,0.0050167115837163,0.7451676798032922,within-region cell-level induced sub-SC modularity Q,,,-0.4550297502883675,node_mean,,4.0,integrative relay,integrative relay,lateral/inferior protocerebrum,protocerebrum,0.1994586858602876,,0.04857302664655606,76.0,,,,0.15088565921373154,side-aware region,figure15_drosophila_final/results/drosophila_flywire783_matched41_sc_cell_measures.csv,0.19945868586028767,120.0,127.0,inferior/ventrolateral protocerebrum,0.0179025717583879,,,,,,,
Drosophila,ICL_L,-0.1041283831034324,0.0042850023490588,-0.0121913594953167,0.6097806223515823,within-region cell-level induced sub-SC modularity Q,,,-0.6267717884052632,node_mean,,4.0,integrative relay,integrative relay,lateral/inferior protocerebrum,protocerebrum,0.2761837283357335,,0.1871261408502821,1221.0,,,,0.08905758748545142,side-aware region,figure15_drosophila_final/results/drosophila_flywire783_matched41_sc_cell_measures.csv,0.2761837283357335,525.0,566.0,optic/lateral protocerebrum,0.0042850023490588,,,,,,,
Drosophila,ICL_R,-0.1088552069202965,0.0022242635918467,-0.0086050511719919,0.6107673882222713,within-region cell-level induced sub-SC modularity Q,,,-0.7938958604702551,node_mean,,4.0,integrative relay,integrative relay,lateral/inferior protocerebrum,protocerebrum,0.2650779642408256,,0.17741582138837558,1041.0,,,,0.08766214285245,side-aware region,figure15_drosophila_final/results/drosophila_flywire783_matched41_sc_cell_measures.csv,0.2650779642408256,523.0,555.0,optic/lateral protocerebrum,0.0022242635918467,,,,,,,
Drosophila,LAL_L,0.4396997499677837,0.0158525861949458,0.0086456898469944,0.512502300539257,within-region cell-level induced sub-SC modularity Q,,,-0.0812935021817268,node_mean,,3.0,sensorimotor output,sensorimotor output,premotor / descending interface,premotor interface,0.420132672835049,,0.1312611141184819,2685.0,,,,0.2888715587165671,side-aware region,figure15_drosophila_final/results/drosophila_flywire783_matched41_sc_cell_measures.csv,0.420132672835049,673.0,678.0,inferior/ventrolateral protocerebrum,0.0158525861949458,,,,,,,
Drosophila,LAL_R,0.4937769585849373,-0.009054463137215,0.0088199377500919,0.4809981122500806,within-region cell-level induced sub-SC modularity Q,,,-0.0874163681621682,node_mean,,3.0,sensorimotor output,sensorimotor output,premotor / descending interface,premotor interface,0.4092528730598157,,0.13680602834269762,1567.0,,,,0.2724468447171181,side-aware region,figure15_drosophila_final/results/drosophila_flywire783_matched41_sc_cell_measures.csv,0.4092528730598157,558.0,564.0,inferior/ventrolateral protocerebrum,-0.009054463137215,,,,,,,
Drosophila,LH_L,0.4949474512208566,0.0073878421151655,0.0056421025584574,0.4319583341899644,within-region cell-level induced sub-SC modularity Q,,,0.1697042064397107,node_mean,,0.0,olfactory / chemosensory,olfactory / chemosensory,olfactory system,olfactory neuropil,0.1937890192518078,,0.2302892424806885,2584.0,,,,-0.03650022322888069,side-aware region,figure15_drosophila_final/results/drosophila_flywire783_matched41_sc_cell_measures.csv,0.1937890192518078,1600.0,1973.0,olfactory system,0.0073878421151655,,,,,,,
Drosophila,LH_R,0.4310021709390036,-0.0006085538974333,-0.0015620659733197,0.4362525278078802,within-region cell-level induced sub-SC modularity Q,,,0.4521889501029338,node_mean,,0.0,olfactory / chemosensory,olfactory / chemosensory,olfactory system,olfactory neuropil,0.2139114372327897,,0.24083575130687015,2606.0,,,,-0.02692431407408047,side-aware region,figure15_drosophila_final/results/drosophila_flywire783_matched41_sc_cell_measures.csv,0.21391143723278971,869.0,883.0,olfactory system,-0.0006085538974333,,,,,,,
Drosophila,LO_R,-0.8641622978631396,0.0041107082158664,0.0038012121671988,0.5729150161006623,within-region cell-level induced sub-SC modularity Q,,,-0.2235359787234082,node_mean,,1.0,visual / optic,visual / optic,visual / optic,optic neuropil,0.414743417216865,,0.09868718116966185,16603.0,,,,0.3160562360472031,side-aware region,figure15_drosophila_final/results/drosophila_flywire783_matched41_sc_cell_measures.csv,0.414743417216865,11532.0,13874.0,optic/lateral protocerebrum,0.0041107082158664,,,,,,,
Drosophila,MB_L,0.8450483728176931,-0.0569564167101986,0.0720069799873095,0.5360304662100134,within-region cell-level induced sub-SC modularity Q,,,0.1604609447818444,node_mean,,5.0,associative / learning,associative / learning,mushroom body,mushroom body,0.3863794711483893,,0.1279196113383661,1314.0,,,,0.2584598598100232,side-aware region,figure15_drosophila_final/results/drosophila_flywire783_matched41_sc_cell_measures.csv,0.3863794711483893,2145.0,2472.0,mushroom body,-0.0569564167101986,,,,,,,
Drosophila,MB_R,1.2804103580774668,-0.1252192110285077,0.0910220732211369,0.6690961905940654,within-region cell-level induced sub-SC modularity Q,,,0.2967367759402225,node_mean,,5.0,associative / learning,associative / learning,mushroom body,mushroom body,0.1938807620106232,,0.12653023427023893,956.0,,,,0.06735052774038428,side-aware region,figure15_drosophila_final/results/drosophila_flywire783_matched41_sc_cell_measures.csv,0.19388076201062326,1744.0,2148.0,mushroom body,-0.1252192110285077,,,,,,,
Drosophila,ME_L,-1.3709621098174984,-0.0075254645606196,-0.0847664824764092,0.699855754045594,within-region cell-level induced sub-SC modularity Q,,,1.2959829059602028,node_mean,,1.0,visual / optic,visual / optic,visual / optic,optic neuropil,0.2850896602549164,,0.11249645384285614,12009.0,,,,0.17259320641206025,side-aware region,figure15_drosophila_final/results/drosophila_flywire783_matched41_sc_cell_measures.csv,0.28508966025491644,17370.0,36515.0,optic/lateral protocerebrum,-0.0075254645606195,,,,,,,
Drosophila,ME_R,-0.7648873512860052,-0.0003966732874369,-0.005914078063496,0.7066598264728003,within-region cell-level induced sub-SC modularity Q,,,0.9373619920999618,node_mean,,1.0,visual / optic,visual / optic,visual / optic,optic neuropil,0.3364828566672179,,0.21525938153878926,34094.0,,,,0.12122347512842863,side-aware region,figure15_drosophila_final/results/drosophila_flywire783_matched41_sc_cell_measures.csv,0.33648285666721794,21836.0,31830.0,optic/lateral protocerebrum,-0.0003966732874369,,,,,,,
Drosophila,PLP_L,0.3684434293372752,-0.0039640878380056,-0.0169436020564553,0.614643522557888,within-region cell-level induced sub-SC modularity Q,,,-0.1261519291271758,node_mean,,4.0,integrative relay,integrative relay,visual-association protocerebrum,protocerebrum,0.3495930834277095,,0.14884394426122463,5722.0,,,,0.20074913916648487,side-aware region,figure15_drosophila_final/results/drosophila_flywire783_matched41_sc_cell_measures.csv,0.34959308342770956,1985.0,2059.0,optic/lateral protocerebrum,-0.0039640878380056,,,,,,,
Drosophila,PLP_R,0.2849500985973232,-0.0210679244802576,-0.0077008022147407,0.6707137994634418,within-region cell-level induced sub-SC modularity Q,,,-0.260895861122119,node_mean,,4.0,integrative relay,integrative relay,visual-association protocerebrum,protocerebrum,0.3819252443430352,,0.14035911321154643,2971.0,,,,0.24156613113148878,side-aware region,figure15_drosophila_final/results/drosophila_flywire783_matched41_sc_cell_measures.csv,0.3819252443430352,1245.0,1281.0,optic/lateral protocerebrum,-0.0210679244802576,,,,,,,
Drosophila,PVLP_L,0.2930105331063098,0.0093178293041694,-0.040215805784619,0.616346227653427,within-region cell-level induced sub-SC modularity Q,,,-0.4537985828842031,node_mean,,4.0,integrative relay,integrative relay,visual-association protocerebrum,protocerebrum,0.4690685616850422,,0.09891047005041916,4265.0,,,,0.37015809163462304,side-aware region,figure15_drosophila_final/results/drosophila_flywire783_matched41_sc_cell_measures.csv,0.46906856168504224,1466.0,1481.0,optic/lateral protocerebrum,0.0093178293041694,,,,,,,
Drosophila,PVLP_R,0.1177895177903817,0.0094069448566929,-0.0195708393470987,0.5693315887799352,within-region cell-level induced sub-SC modularity Q,,,-0.443064624230007,node_mean,,4.0,integrative relay,integrative relay,visual-association protocerebrum,protocerebrum,0.5387473556838729,,0.06863757144287268,1598.0,,,,0.4701097842410002,side-aware region,figure15_drosophila_final/results/drosophila_flywire783_matched41_sc_cell_measures.csv,0.5387473556838729,777.0,779.0,optic/lateral protocerebrum,0.0094069448566929,,,,,,,
Drosophila,SIP_L,0.150938837554705,0.010544627094206,0.0108933200094632,0.685881533133319,within-region cell-level induced sub-SC modularity Q,,,-0.05049679231685,node_mean,,4.0,integrative relay,integrative relay,superior protocerebrum,protocerebrum,0.2246803542622009,,0.14979155708603728,549.0,,,,0.07488879717616362,side-aware region,figure15_drosophila_final/results/drosophila_flywire783_matched41_sc_cell_measures.csv,0.22468035426220098,367.0,390.0,superior protocerebrum,0.0105446270942061,,,,,,,
Drosophila,SIP_R,0.3441416109096894,-0.0268607093638766,0.0146383486123922,0.7060751613556515,within-region cell-level induced sub-SC modularity Q,,,0.3251339878495997,node_mean,,4.0,integrative relay,integrative relay,superior protocerebrum,protocerebrum,0.2065837311331543,,0.19664627598814216,555.0,,,,0.009937455145012153,side-aware region,figure15_drosophila_final/results/drosophila_flywire783_matched41_sc_cell_measures.csv,0.20658373113315437,200.0,204.0,superior protocerebrum,-0.0268607093638766,,,,,,,
Drosophila,SLP_R,0.6664468040176648,0.003032188244531,0.0198000811772012,0.5310439716454235,within-region cell-level induced sub-SC modularity Q,,,-0.2879574200798989,node_mean,,4.0,integrative relay,integrative relay,superior protocerebrum,protocerebrum,0.297732579246418,,0.16664843738381677,2614.0,,,,0.13108414186260123,side-aware region,figure15_drosophila_final/results/drosophila_flywire783_matched41_sc_cell_measures.csv,0.29773257924641805,1772.0,2109.0,superior protocerebrum,0.003032188244531,,,,,,,
Drosophila,SMP_L,0.4981025441101815,0.0110350037003574,0.0143517291906118,0.5441031191264883,within-region cell-level induced sub-SC modularity Q,,,-0.2233168384504957,node_mean,,4.0,integrative relay,integrative relay,superior protocerebrum,protocerebrum,0.3542849313792078,,0.14090806018013236,3868.0,,,,0.21337687119907545,side-aware region,figure15_drosophila_final/results/drosophila_flywire783_matched41_sc_cell_measures.csv,0.3542849313792078,1918.0,2354.0,superior protocerebrum,0.0110350037003574,,,,,,,
Drosophila,SMP_R,0.5561460857546392,0.0035258651882899,0.0011968900350566,0.5331272562763391,within-region cell-level induced sub-SC modularity Q,,,-0.2546318686030869,node_mean,,4.0,integrative relay,integrative relay,superior protocerebrum,protocerebrum,0.3349505653192761,,0.1612075409795784,3927.0,,,,0.17374302433969768,side-aware region,figure15_drosophila_final/results/drosophila_flywire783_matched41_sc_cell_measures.csv,0.33495056531927614,1858.0,2223.0,superior protocerebrum,0.0035258651882899,,,,,,,
Drosophila,SPS_L,0.3901537089516166,-0.0036950516419438,0.002763559566441,0.553493252753705,within-region cell-level induced sub-SC modularity Q,,,-0.3802312760180888,node_mean,,3.0,sensorimotor output,sensorimotor output,premotor / descending interface,premotor interface,0.434056145794664,,0.10231746340825873,2420.0,,,,0.33173868238640525,side-aware region,figure15_drosophila_final/results/drosophila_flywire783_matched41_sc_cell_measures.csv,0.434056145794664,1090.0,1212.0,superior protocerebrum,-0.0036950516419438,,,,,,,
Drosophila,SPS_R,0.36874158204957,-0.0038048179207285,0.0033001177521604,0.5525320679799299,within-region cell-level induced sub-SC modularity Q,,,-0.5613998628214417,node_mean,,3.0,sensorimotor output,sensorimotor output,premotor / descending interface,premotor interface,0.4217757249101971,,0.10421691461447753,2327.0,,,,0.3175588102957196,side-aware region,figure15_drosophila_final/results/drosophila_flywire783_matched41_sc_cell_measures.csv,0.4217757249101971,1191.0,1338.0,superior protocerebrum,-0.0038048179207285,,,,,,,
Drosophila,VES_L,0.5288246271017737,0.0055564777536826,0.0040039655541395,0.5031407090493887,within-region cell-level induced sub-SC modularity Q,,,-0.3450533381467631,node_mean,,3.0,sensorimotor output,sensorimotor output,premotor / descending interface,premotor interface,0.4007849319879829,,0.12416398232724477,1064.0,,,,0.27662094966073814,side-aware region,figure15_drosophila_final/results/drosophila_flywire783_matched41_sc_cell_measures.csv,0.40078493198798293,570.0,590.0,inferior/ventrolateral protocerebrum,0.0055564777536826,,,,,,,
Drosophila,VES_R,0.5249681128180895,-0.0027180829781906,0.0082556116800339,0.4737140683548883,within-region cell-level induced sub-SC modularity Q,,,-0.1630100254701345,node_mean,,3.0,sensorimotor output,sensorimotor output,premotor / descending interface,premotor interface,0.3767154910227328,,0.14033324135362427,971.0,,,,0.2363822496691085,side-aware region,figure15_drosophila_final/results/drosophila_flywire783_matched41_sc_cell_measures.csv,0.37671549102273283,496.0,515.0,inferior/ventrolateral protocerebrum,-0.0027180829781906,,,,,,,
Drosophila,WED_R,-0.8475651159819618,0.0018852715074512,0.0056389201270123,0.5134644864506052,within-region cell-level induced sub-SC modularity Q,,,0.5137179705089414,node_mean,,4.0,integrative relay,integrative relay,visual-association protocerebrum,protocerebrum,0.3277507255299897,,0.17897252663230648,1705.0,,,,0.1487781988976832,side-aware region,figure15_drosophila_final/results/drosophila_flywire783_matched41_sc_cell_measures.csv,0.32775072552998974,756.0,789.0,optic/lateral protocerebrum,0.0018852715074512,,,,,,,
Zebrafish,MON,-0.0485059589189159,-0.0081498736819999,-0.0037052569870558,0.3816946286328523,subject-specific within-region cell-level induced sub-SC modularity Q,11364.0,27.0,1.0058150350700736,subject_12,12.0,3.0,sensorimotor output,sensorimotor output,hindbrain / cerebellar / motor,hindbrain / motor,0.1641770264443805,36555.0,0.3606864400689853,,,,,-0.1965094136246048,subject-region,figure14_postdca_oo_motif_summary.csv,,,,,,lMON,Hind,222656.0,0.3606864400689853,0.2691326530612244,0.2060038804254096,
Zebrafish,Cb,0.1114205260948803,-0.0146911731870507,0.0018912372191444,0.5470736324592994,subject-specific within-region cell-level induced sub-SC modularity Q,8017.0,70.0,0.6230282433061092,subject_12,12.0,3.0,sensorimotor output,sensorimotor output,hindbrain / cerebellar / motor,hindbrain / motor,0.1685690662035038,32416.0,0.3245952959162979,,,,,-0.1560262297127941,subject-region,figure14_postdca_oo_motif_summary.csv,,,,,,lCb,Hind,192301.0,0.3245952959162979,0.342140706496586,0.1646949313836121,
Zebrafish,MOS1,-0.2209273106523823,-0.0128950749172522,0.0060380915834536,0.2839931983397028,subject-specific within-region cell-level induced sub-SC modularity Q,59459.0,48.0,-0.3583924096154478,subject_12,12.0,3.0,sensorimotor output,sensorimotor output,hindbrain / cerebellar / motor,hindbrain / motor,0.2192074096931684,91639.0,0.2282805521867158,,,,,-0.009073142493547404,subject-region,figure14_postdca_oo_motif_summary.csv,,,,,,lMOS1,Hind,418047.0,0.2282805521867158,0.3461859551677204,0.2063260829523953,
Zebrafish,MOS2,-1.4783958240682236,-0.0137643588580832,0.0089971950450604,0.642400253401164,subject-specific within-region cell-level induced sub-SC modularity Q,2232.0,42.0,-0.3378477557787159,subject_12,12.0,3.0,sensorimotor output,sensorimotor output,hindbrain / cerebellar / motor,hindbrain / motor,0.1384560591220728,21770.0,0.4154826564229111,,,,,-0.27702659730083834,subject-region,figure14_postdca_oo_motif_summary.csv,,,,,,lMOS2,Hind,157234.0,0.4154826564229111,0.188260808730936,0.25780047572408,
Zebrafish,MOS3,0.2946490777628568,-0.0166393506344257,0.0011620437751158,0.4742031092100615,subject-specific within-region cell-level induced sub-SC modularity Q,13725.0,19.0,1.8163958166971603,subject_12,12.0,3.0,sensorimotor output,sensorimotor output,hindbrain / cerebellar / motor,hindbrain / motor,0.2001361971545837,152236.0,0.2555918397395952,,,,,-0.05545564258501151,subject-region,figure14_postdca_oo_motif_summary.csv,,,,,,lMOS3,Hind,760662.0,0.2555918397395952,0.4093552721182338,0.1349166909875871,
Zebrafish,MOS4,-0.4674297616298554,-0.0085777130945021,0.0001203396362036,0.5849726151171405,subject-specific within-region cell-level induced sub-SC modularity Q,4185.0,82.0,1.359648797061377,subject_12,12.0,3.0,sensorimotor output,sensorimotor output,hindbrain / cerebellar / motor,hindbrain / motor,0.1430135582164655,36834.0,0.3782400720619981,,,,,-0.23522651384553261,subject-region,figure14_postdca_oo_motif_summary.csv,,,,,,lMOS4,Hind,257556.0,0.3782400720619981,0.2578623677957415,0.2208840019257947,
Zebrafish,MOS5,-0.0183892144424287,-0.0089172562314277,0.0016914416682765,0.508629175652095,subject-specific within-region cell-level induced sub-SC modularity Q,13198.0,50.0,0.8072747960377941,subject_12,12.0,3.0,sensorimotor output,sensorimotor output,hindbrain / cerebellar / motor,hindbrain / motor,0.1526915244919144,42216.0,0.3597741600627895,,,,,-0.2070826355708751,subject-region,figure14_postdca_oo_motif_summary.csv,,,,,,lMOS5,Hind,276479.0,0.3597741600627895,0.2687220367550519,0.2188122786902441,
Zebrafish,Ra,0.4570643024824198,-0.0173340178968715,0.0098060264116956,0.5618643517503918,subject-specific within-region cell-level induced sub-SC modularity Q,702.0,22.0,-1.2007986801650008,subject_12,12.0,6.0,state-dependent / modulatory,state-dependent / modulatory,habenular / hypothalamic / raphe state system,state system,0.1864785368334918,8432.0,0.2898246234823186,,,,,-0.10334608664882677,subject-region,figure14_postdca_oo_motif_summary.csv,,,,,,lRa,Hind,45217.0,0.2898246234823186,0.3066766923944534,0.2170201472897361,
Zebrafish,T,0.1377761921380512,-0.0195673195556618,-0.0025909532523295,0.6126484479146361,subject-specific within-region cell-level induced sub-SC modularity Q,7283.0,18.0,0.995958430039042,subject_12,12.0,4.0,integrative relay,integrative relay,diencephalic / state relay,diencephalon,0.1955713827949245,177606.0,0.2596199480476006,,,,,-0.06404856525267608,subject-region,figure14_postdca_oo_motif_summary.csv,,,,,,lT,Hind,908139.0,0.2596199480476006,0.4117387316258855,0.1330699375315893,
Zebrafish,aRF,-0.4619441683767811,-0.0115367696742229,,0.6079484541958315,subject-specific within-region cell-level induced sub-SC modularity Q,605.0,38.0,0.865845153576944,subject_12,12.0,3.0,sensorimotor output,sensorimotor output,hindbrain / cerebellar / motor,hindbrain / motor,0.1845200355059599,34923.0,0.3158286837433426,,,,,-0.1313086482373827,subject-region,figure14_postdca_oo_motif_summary.csv,,,,,,laRF,Hind,189264.0,0.3158286837433426,0.3341945642066108,0.1654567165440865,
Zebrafish,imRF,-1.5216686181602517,-0.0253455148241204,0.0047203886788537,0.5304630089913489,subject-specific within-region cell-level induced sub-SC modularity Q,1789.0,36.0,-0.0461468840264877,subject_12,12.0,3.0,sensorimotor output,sensorimotor output,hindbrain / cerebellar / motor,hindbrain / motor,0.188497310891062,27583.0,0.261168173524407,,,,,-0.07267086263334502,subject-region,figure14_postdca_oo_motif_summary.csv,,,,,,limRF,Hind,146331.0,0.261168173524407,0.4378224709733412,0.1125120446111897,
Zebrafish,pRF,-0.7666941770659025,-0.018807737050673,0.0103657707726246,0.4354281368756768,subject-specific within-region cell-level induced sub-SC modularity Q,3884.0,18.0,-1.2276844113191725,subject_12,12.0,3.0,sensorimotor output,sensorimotor output,hindbrain / cerebellar / motor,hindbrain / motor,0.2020883865980755,30327.0,0.2381320468054482,,,,,-0.03604366020737271,subject-region,figure14_postdca_oo_motif_summary.csv,,,,,,lpRF,Hind,150068.0,0.2381320468054482,0.4082016152677453,0.1515779513287309,
Zebrafish,Hb,1.12169179527971,0.0186515271394251,0.0057461675495969,0.6233737387350288,subject-specific within-region cell-level induced sub-SC modularity Q,633.0,35.0,6.966361057582602,subject_12,12.0,6.0,state-dependent / modulatory,state-dependent / modulatory,habenular / hypothalamic / raphe state system,state system,0.3798841282673134,5639.0,0.0922258151441659,,,,,0.2876583131231475,subject-region,figure14_postdca_oo_motif_summary.csv,,,,,,lHb,Di,14844.0,0.0922258151441659,0.0891269199676637,0.4387631366208569,
Zebrafish,OB,1.4015370830351677,-0.011268234181219,0.0124696400603259,0.665295752363179,subject-specific within-region cell-level induced sub-SC modularity Q,314.0,36.0,0.0909717782057267,subject_12,12.0,0.0,olfactory / chemosensory,olfactory / chemosensory,olfactory sensory,telencephalon,0.1333333333333333,6.0,0.3111111111111111,,,,,-0.1777777777777778,subject-region,figure14_postdca_oo_motif_summary.csv,,,,,,lOB,Tel,45.0,0.3111111111111111,0.2888888888888888,0.2666666666666666,
Zebrafish,P,1.413908092978533,0.0021209007051267,-0.0353708364349897,0.7464498332581097,subject-specific within-region cell-level induced sub-SC modularity Q,1793.0,70.0,0.8371839685261714,subject_12,12.0,5.0,associative / learning,associative / learning,telencephalic associative,telencephalon,0.1813959173695147,2968.0,0.2792445911257792,,,,,-0.09784867375626452,subject-region,figure14_postdca_oo_motif_summary.csv,,,,,,lP,Tel,16362.0,0.2792445911257792,0.2673878498961007,0.2719716416086053,
Zebrafish,PT,0.4310411088760969,-0.0010064012229707,-0.003171979262783,0.6502271896337626,subject-specific within-region cell-level induced sub-SC modularity Q,1081.0,27.0,-0.8924317474598463,subject_12,12.0,1.0,visual / optic,visual / optic,visual / optic midbrain,diencephalon,0.2480255498568327,15765.0,0.2323872754161291,,,,,0.015638274440703592,subject-region,figure14_postdca_oo_motif_summary.csv,,,,,,lPT,Di,63562.0,0.2323872754161291,0.2306566816651458,0.2889304930618923,
Zebrafish,PO,1.1458410580561946,0.0111828476799098,0.0097053071968879,0.6597730499016918,subject-specific within-region cell-level induced sub-SC modularity Q,941.0,18.0,0.4108181169883061,subject_12,12.0,6.0,state-dependent / modulatory,state-dependent / modulatory,habenular / hypothalamic / raphe state system,state system,0.2694974500028652,28218.0,0.2321070425763566,,,,,0.03739040742650859,subject-region,figure14_postdca_oo_motif_summary.csv,,,,,,lPO,Tel,104706.0,0.2321070425763566,0.2186407655721735,0.2797547418486046,
Zebrafish,PrT,-0.0496344164529149,-0.0207133338803738,-0.0011977726742538,0.5971857435693977,subject-specific within-region cell-level induced sub-SC modularity Q,1064.0,36.0,-0.6611911330446445,subject_12,12.0,1.0,visual / optic,visual / optic,visual / optic midbrain,diencephalon,0.1649757434053992,16017.0,0.3445363436917404,,,,,-0.17956060028634122,subject-region,figure14_postdca_oo_motif_summary.csv,,,,,,lPrT,Di,97087.0,0.3445363436917404,0.297897761801271,0.1925901511015893,
Zebrafish,SP,1.372034006630669,0.0074266641881975,-0.0269616278680874,0.6077296729606863,subject-specific within-region cell-level induced sub-SC modularity Q,1845.0,35.0,2.167288943798912,subject_12,12.0,5.0,associative / learning,associative / learning,telencephalic associative,telencephalon,0.2624881291547958,6910.0,0.2521177587844254,,,,,0.010370370370370419,subject-region,figure14_postdca_oo_motif_summary.csv,,,,,,lSP,Tel,26325.0,0.2521177587844254,0.2572079772079772,0.2281861348528015,
Zebrafish,TeO,0.9259729461039689,-0.0137110832178088,-0.0021293717616123,0.7544254655180782,subject-specific within-region cell-level induced sub-SC modularity Q,33899.0,116.0,-0.450237969466813,subject_12,12.0,1.0,visual / optic,visual / optic,visual / optic midbrain,mesencephalon,0.1313588199524061,82303.0,0.3798573460101412,,,,,-0.24849852605773512,subject-region,figure14_postdca_oo_motif_summary.csv,,,,,,lTeO,Mes,626551.0,0.3798573460101412,0.240556634655439,0.2482271993820136,
Zebrafish,Th,0.3267101914527281,-0.0108948167065223,0.0018405110541925,0.7217172714674105,subject-specific within-region cell-level induced sub-SC modularity Q,3807.0,40.0,-1.145905838877875,subject_12,12.0,4.0,integrative relay,integrative relay,diencephalic / state relay,diencephalon,0.2596744826566355,28096.0,0.2240450289749253,,,,,0.03562945368171022,subject-region,figure14_postdca_oo_motif_summary.csv,,,,,,lTh,Di,108197.0,0.2240450289749253,0.347902437220995,0.168378051147444,
Zebrafish,TS,0.3533996893571254,-0.0062887845052633,-0.008874993542266,0.5233370637557895,subject-specific within-region cell-level induced sub-SC modularity Q,1205.0,45.0,-0.4918456823724306,subject_12,12.0,1.0,visual / optic,visual / optic,visual / optic midbrain,mesencephalon,0.2780466724286949,9651.0,0.180092192451743,,,,,0.09795447997695192,subject-region,figure14_postdca_oo_motif_summary.csv,,,,,,lTS,Mes,34710.0,0.180092192451743,0.4343993085566119,0.1074618265629501,
Zebrafish,NX,-1.703406432616742,-0.0079134852688787,0.0054636320805868,0.4526783465566031,subject-specific within-region cell-level induced sub-SC modularity Q,2285.0,16.0,-0.0453278342994466,subject_12,12.0,3.0,sensorimotor output,sensorimotor output,hindbrain / cerebellar / motor,hindbrain / motor,0.256866194392938,16208.0,0.238767650834403,,,,,0.01809854355853502,subject-region,figure14_postdca_oo_motif_summary.csv,,,,,,lNX,Hind,63099.0,0.238767650834403,0.3132220795892169,0.1911440751834419,
Zebrafish,rMON,0.2122739622791029,-0.0151562291475228,0.0004101664268373,0.3652390033494128,subject-specific within-region cell-level induced sub-SC modularity Q,18942.0,21.0,0.4366432428080851,subject_12,12.0,3.0,sensorimotor output,sensorimotor output,hindbrain / cerebellar / motor,hindbrain / motor,0.1378967648571603,31636.0,0.4038392802657158,,,,,-0.2659425154085555,subject-region,figure14_postdca_oo_motif_summary.csv,,,,,,rMON,Hind,229418.0,0.4038392802657158,0.2803616106844275,0.1779023441926963,
Zebrafish,rCb,-0.2501981309719711,-0.0209590758390974,0.0006335989592044,0.5729433146575015,subject-specific within-region cell-level induced sub-SC modularity Q,8598.0,70.0,-0.0817124365156155,subject_12,12.0,3.0,sensorimotor output,sensorimotor output,hindbrain / cerebellar / motor,hindbrain / motor,0.1359831288837374,16894.0,0.3551869023471457,,,,,-0.21920377346340833,subject-region,figure14_postdca_oo_motif_summary.csv,,,,,,rCb,Hind,124236.0,0.3551869023471457,0.3865707202421198,0.122259248526997,
Zebrafish,rMOS1,-0.6512411431874241,-0.0155807357402673,0.007104684103571,0.2580314314417926,subject-specific within-region cell-level induced sub-SC modularity Q,69892.0,45.0,-0.3969417863818234,subject_12,12.0,3.0,sensorimotor output,sensorimotor output,hindbrain / cerebellar / motor,hindbrain / motor,0.2757760869420924,124645.0,0.161573878432405,,,,,0.11420220850968738,subject-region,figure14_postdca_oo_motif_summary.csv,,,,,,rMOS1,Hind,451979.0,0.161573878432405,0.4443348031656338,0.1183152314598687,
Zebrafish,rMOS2,-1.5511732609683813,-0.0027174214035982,0.0108366527366991,0.6140998061960692,subject-specific within-region cell-level induced sub-SC modularity Q,2341.0,39.0,-1.5709923210256982,subject_12,12.0,3.0,sensorimotor output,sensorimotor output,hindbrain / cerebellar / motor,hindbrain / motor,0.2810082195306342,17470.0,0.2120992777750969,,,,,0.0689089417555373,subject-region,figure14_postdca_oo_motif_summary.csv,,,,,,rMOS2,Hind,62169.0,0.2120992777750969,0.3545175248114012,0.1523749778828676,
Zebrafish,rMOS3,0.1936392302177765,-0.0157988160115232,-0.0064582562268182,0.4836004117393987,subject-specific within-region cell-level induced sub-SC modularity Q,21243.0,20.0,1.214855148514053,subject_12,12.0,3.0,sensorimotor output,sensorimotor output,hindbrain / cerebellar / motor,hindbrain / motor,0.2074077209916002,176376.0,0.256618488375238,,,,,-0.04921076738363778,subject-region,figure14_postdca_oo_motif_summary.csv,,,,,,rMOS3,Hind,850383.0,0.256618488375238,0.3923243997116593,0.1436493909215024,
Zebrafish,rMOS4,-0.913241257418463,-0.0072648287622253,0.0019011104413411,0.69819493715206,subject-specific within-region cell-level induced sub-SC modularity Q,4225.0,88.0,1.2713792552729262,subject_12,12.0,3.0,sensorimotor output,sensorimotor output,hindbrain / cerebellar / motor,hindbrain / motor,0.2210193856864889,70539.0,0.2372279126312458,,,,,-0.016208526944756885,subject-region,figure14_postdca_oo_motif_summary.csv,,,,,,rMOS4,Hind,319153.0,0.2372279126312458,0.3870588714503702,0.154693830231895,
Zebrafish,rMOS5,-0.3982422063450121,-0.0071607958962447,-0.0035011333147442,0.4782731360943263,subject-specific within-region cell-level induced sub-SC modularity Q,21437.0,26.0,1.4489679259131043,subject_12,12.0,3.0,sensorimotor output,sensorimotor output,hindbrain / cerebellar / motor,hindbrain / motor,0.194608429697081,78391.0,0.2806183499083944,,,,,-0.0860099202113134,subject-region,figure14_postdca_oo_motif_summary.csv,,,,,,rMOS5,Hind,402814.0,0.2806183499083944,0.3366144175723783,0.1881588028221462,
Zebrafish,rRa,1.005331607897487,-0.0313273456302005,0.005887051287661,0.669765831781198,subject-specific within-region cell-level induced sub-SC modularity Q,404.0,21.0,-1.1292189333746434,subject_12,12.0,6.0,state-dependent / modulatory,state-dependent / modulatory,habenular / hypothalamic / raphe state system,state system,0.1761579805543813,5834.0,0.311250679388852,,,,,-0.13509269883447067,subject-region,figure14_postdca_oo_motif_summary.csv,,,,,,rRa,Hind,33118.0,0.311250679388852,0.3325985868711879,0.1799927531855788,
Zebrafish,rT,-0.2383937803259069,-0.0238812517382032,-0.0018451255021339,0.5267826025151051,subject-specific within-region cell-level induced sub-SC modularity Q,12095.0,30.0,0.6269606412664458,subject_12,12.0,4.0,integrative relay,integrative relay,diencephalic / state relay,diencephalon,0.1606068502198097,124505.0,0.3277022146085736,,,,,-0.16709536438876393,subject-region,figure14_postdca_oo_motif_summary.csv,,,,,,rT,Hind,775216.0,0.3277022146085736,0.3583710862520897,0.1533198489195269,
Zebrafish,raRF,-1.8660905728687651,-0.0230319581080262,-0.0044652265507074,0.6858324661810611,subject-specific within-region cell-level induced sub-SC modularity Q,310.0,39.0,0.3880953861591228,subject_12,12.0,3.0,sensorimotor output,sensorimotor output,hindbrain / cerebellar / motor,hindbrain / motor,0.1586663828428503,11926.0,0.3398302378798361,,,,,-0.18116385503698576,subject-region,figure14_postdca_oo_motif_summary.csv,,,,,,raRF,Hind,75164.0,0.3398302378798361,0.3556888936192858,0.1458144856580278,
Zebrafish,rimRF,-1.9022635815887252,-0.0269817417522108,0.0055850784790989,0.4313650913673598,subject-specific within-region cell-level induced sub-SC modularity Q,3448.0,20.0,-0.333271606827308,subject_12,12.0,3.0,sensorimotor output,sensorimotor output,hindbrain / cerebellar / motor,hindbrain / motor,0.1626223521251178,27430.0,0.2476329940180111,,,,,-0.08501064189289328,subject-region,figure14_postdca_oo_motif_summary.csv,,,,,,rimRF,Hind,168673.0,0.2476329940180111,0.4740355599295678,0.1157090939273031,
Zebrafish,rpRF,-1.6846919069993604,-0.011002932108895,0.0101622221956036,0.4424560244325993,subject-specific within-region cell-level induced sub-SC modularity Q,6138.0,17.0,-1.5138897971992478,subject_12,12.0,3.0,sensorimotor output,sensorimotor output,hindbrain / cerebellar / motor,hindbrain / motor,0.1707007310049472,23118.0,0.2983681606734106,,,,,-0.1276674296684634,subject-region,figure14_postdca_oo_motif_summary.csv,,,,,,rpRF,Hind,135430.0,0.2983681606734106,0.3383962194491619,0.1925348888724802,
Zebrafish,rHb,0.8307410044719223,0.0079966378606949,-0.0001799350782608,0.7400826718126395,subject-specific within-region cell-level induced sub-SC modularity Q,302.0,54.0,6.186208623900494,subject_12,12.0,6.0,state-dependent / modulatory,state-dependent / modulatory,habenular / hypothalamic / raphe state system,state system,0.2579590848565549,2131.0,0.2395593753782835,,,,,0.01839970947827138,subject-region,figure14_postdca_oo_motif_summary.csv,,,,,,rHb,Di,8261.0,0.2395593753782835,0.2243069846265585,0.278174555138603,
Zebrafish,rP,1.4131764843116308,0.0124691783687306,-0.0100604873170358,0.7533066860465114,subject-specific within-region cell-level induced sub-SC modularity Q,1720.0,94.0,1.703852513424284,subject_12,12.0,5.0,associative / learning,associative / learning,telencephalic associative,telencephalon,0.3104475678476585,14379.0,0.1868860245698123,,,,,0.12356154327784619,subject-region,figure14_postdca_oo_motif_summary.csv,,,,,,rP,Tel,46317.0,0.1868860245698123,0.2461083403501953,0.2565580672323337,
Zebrafish,rPT,0.5937476842032691,-0.0053433703552153,-0.0030900947608857,0.6089811670148493,subject-specific within-region cell-level induced sub-SC modularity Q,1014.0,13.0,-0.3282966368233946,subject_12,12.0,1.0,visual / optic,visual / optic,visual / optic midbrain,diencephalon,0.1879009955752212,13589.0,0.3134817477876106,,,,,-0.12558075221238943,subject-region,figure14_postdca_oo_motif_summary.csv,,,,,,rPT,Di,72320.0,0.3134817477876106,0.2504839601769911,0.2481332964601769,
Zebrafish,rPO,1.3003466497584495,0.0083990595499287,0.006597132165117,0.6809273347734885,subject-specific within-region cell-level induced sub-SC modularity Q,819.0,14.0,0.3828792551696962,subject_12,12.0,6.0,state-dependent / modulatory,state-dependent / modulatory,habenular / hypothalamic / raphe state system,state system,0.2909136404361969,36041.0,0.2116249223094867,,,,,0.07928871812671018,subject-region,figure14_postdca_oo_motif_summary.csv,,,,,,rPO,Tel,123889.0,0.2116249223094867,0.2149989103148786,0.2824625269394377,
Zebrafish,rPrT,-0.0310504582238283,-0.0210293300388905,-0.0016900788683603,0.5993057711826772,subject-specific within-region cell-level induced sub-SC modularity Q,1927.0,36.0,-0.3145630619212531,subject_12,12.0,1.0,visual / optic,visual / optic,visual / optic midbrain,diencephalon,0.1640834167090532,29356.0,0.3289605330084009,,,,,-0.1648771162993477,subject-region,figure14_postdca_oo_motif_summary.csv,,,,,,rPrT,Di,178909.0,0.3289605330084009,0.3741231575829052,0.1328328926996406,
Zebrafish,rSP,1.6720341405480297,0.0042632002587752,-0.0055404229839743,0.5767617899322266,subject-specific within-region cell-level induced sub-SC modularity Q,1922.0,26.0,2.6451334207355144,subject_12,12.0,5.0,associative / learning,associative / learning,telencephalic associative,telencephalon,0.2310674906094753,1907.0,0.2855931176541864,,,,,-0.05452562704471109,subject-region,figure14_postdca_oo_motif_summary.csv,,,,,,rSP,Tel,8253.0,0.2855931176541864,0.2654792196776929,0.2178601720586453,
Zebrafish,rTeO,0.5186311059449296,-0.0221648373012576,-0.0036723258459201,0.691686373515378,subject-specific within-region cell-level induced sub-SC modularity Q,52155.0,161.0,-0.8524180188540805,subject_12,12.0,1.0,visual / optic,visual / optic,visual / optic midbrain,mesencephalon,0.1373105621911926,85956.0,0.3969651611748938,,,,,-0.2596545989837012,subject-region,figure14_postdca_oo_motif_summary.csv,,,,,,rTeO,Mes,625997.0,0.3969651611748938,0.3055653621343233,0.1601589144995902,
Zebrafish,rTh,0.5498776740835688,-0.009248086832887,-0.0019979202698031,0.5813392455490988,subject-specific within-region cell-level induced sub-SC modularity Q,6023.0,30.0,-0.364092667261627,subject_12,12.0,4.0,integrative relay,integrative relay,diencephalic / state relay,diencephalon,0.2388436683886463,50118.0,0.2035542042356888,,,,,0.0352894641529575,subject-region,figure14_postdca_oo_motif_summary.csv,,,,,,rTh,Di,209836.0,0.2035542042356888,0.4208858346518233,0.1367162927238414,
Zebrafish,rNX,-1.5592634326823338,-0.0170182325660309,0.003871711837465,0.4396548906969246,subject-specific within-region cell-level induced sub-SC modularity Q,3555.0,8.0,-1.074228319224646,subject_12,12.0,3.0,sensorimotor output,sensorimotor output,hindbrain / cerebellar / motor,hindbrain / motor,0.2541709496323239,6429.0,0.2363801692100893,,,,,0.017790780422234587,subject-region,figure14_postdca_oo_motif_summary.csv,,,,,,rNX,Hind,25294.0,0.2363801692100893,0.3806436309006088,0.1288052502569779,
Zebrafish,MON,-0.3087716793696696,-0.0122596033579903,-0.0038772067435236,0.3910374011230573,subject-specific within-region cell-level induced sub-SC modularity Q,15653.0,23.0,0.9271913263435252,subject_13,13.0,3.0,sensorimotor output,sensorimotor output,hindbrain / cerebellar / motor,hindbrain / motor,0.1085307121149086,30783.0,0.4669397886008024,,,,,-0.35840907648589376,subject-region,figure14_postdca_oo_motif_summary.csv,,,,,,lMON,Hind,283634.0,0.4669397886008024,0.2242009068024285,0.2003285924818604,
Zebrafish,Cb,0.1265336620115923,-0.0172463688142824,-0.0003457946494874,0.5760486591550458,subject-specific within-region cell-level induced sub-SC modularity Q,11144.0,56.0,0.3115870849762359,subject_13,13.0,3.0,sensorimotor output,sensorimotor output,hindbrain / cerebellar / motor,hindbrain / motor,0.1521815352492761,38629.0,0.3492386786692142,,,,,-0.1970571434199381,subject-region,figure14_postdca_oo_motif_summary.csv,,,,,,lCb,Hind,253835.0,0.3492386786692142,0.3401737349065338,0.1584060511749758,
Zebrafish,MOS1,-0.0759371918524936,-0.0106631679650979,0.005260656038404,0.2831350075819316,subject-specific within-region cell-level induced sub-SC modularity Q,56057.0,26.0,-0.381481719062348,subject_13,13.0,3.0,sensorimotor output,sensorimotor output,hindbrain / cerebellar / motor,hindbrain / motor,0.2084325722027246,90926.0,0.2601773806440077,,,,,-0.0517448084412831,subject-region,figure14_postdca_oo_motif_summary.csv,,,,,,lMOS1,Hind,436237.0,0.2601773806440077,0.293957183824389,0.2374328633288785,
Zebrafish,MOS2,-1.3712640489729266,-0.0120306921347963,0.00939456717382,0.6429102430555554,subject-specific within-region cell-level induced sub-SC modularity Q,2400.0,33.0,-0.3018223435539328,subject_13,13.0,3.0,sensorimotor output,sensorimotor output,hindbrain / cerebellar / motor,hindbrain / motor,0.1606477234460095,27669.0,0.3662226970284613,,,,,-0.20557497358245178,subject-region,figure14_postdca_oo_motif_summary.csv,,,,,,lMOS2,Hind,172234.0,0.3662226970284613,0.2186095660554826,0.2545200134700465,
Zebrafish,MOS3,0.6929165713875982,-0.0203468062520584,0.0016646657700744,0.4763689772055499,subject-specific within-region cell-level induced sub-SC modularity Q,12624.0,27.0,1.7223814789081011,subject_13,13.0,3.0,sensorimotor output,sensorimotor output,hindbrain / cerebellar / motor,hindbrain / motor,0.1852772836567138,139778.0,0.2918496976509293,,,,,-0.10657241399421546,subject-region,figure14_postdca_oo_motif_summary.csv,,,,,,lMOS3,Hind,754426.0,0.2918496976509293,0.3749777976898993,0.1478952210024575,
Zebrafish,MOS4,-0.4690830787442632,-0.015983948357271,-9.547773367553678e-05,0.5282368446907643,subject-specific within-region cell-level induced sub-SC modularity Q,4218.0,97.0,1.2207125910277816,subject_13,13.0,3.0,sensorimotor output,sensorimotor output,hindbrain / cerebellar / motor,hindbrain / motor,0.1437516741401442,41323.0,0.3657400482152361,,,,,-0.2219883740750919,subject-region,figure14_postdca_oo_motif_summary.csv,,,,,,lMOS4,Hind,287461.0,0.3657400482152361,0.2805702338752039,0.2099380437694157,
Zebrafish,MOS5,0.1145067947536036,-0.0117434969239391,0.000837140660268,0.4991971651001549,subject-specific within-region cell-level induced sub-SC modularity Q,15126.0,41.0,0.6665060144610625,subject_13,13.0,3.0,sensorimotor output,sensorimotor output,hindbrain / cerebellar / motor,hindbrain / motor,0.1513945678681577,49726.0,0.3649532809869296,,,,,-0.2135587131187719,subject-region,figure14_postdca_oo_motif_summary.csv,,,,,,lMOS5,Hind,328453.0,0.3649532809869296,0.279635138056282,0.2040170130886306,
Zebrafish,Ra,0.2165658678172828,-0.0107429693302277,0.0094467670694891,0.530818842575823,subject-specific within-region cell-level induced sub-SC modularity Q,1358.0,28.0,-1.179799861450518,subject_13,13.0,6.0,state-dependent / modulatory,state-dependent / modulatory,habenular / hypothalamic / raphe state system,state system,0.2187645743876747,13603.0,0.2549010147794342,,,,,-0.03613644039175953,subject-region,figure14_postdca_oo_motif_summary.csv,,,,,,lRa,Hind,62181.0,0.2549010147794342,0.3225422556729547,0.2037921551599363,
Zebrafish,T,-0.057478353719544,-0.0163188937874973,-0.0049725446275425,0.6309114990514976,subject-specific within-region cell-level induced sub-SC modularity Q,9032.0,35.0,1.1417903465431771,subject_13,13.0,4.0,integrative relay,integrative relay,diencephalic / state relay,diencephalon,0.2258830009409496,246060.0,0.228737979941707,,,,,-0.0028549790007574016,subject-region,figure14_postdca_oo_motif_summary.csv,,,,,,lT,Hind,1089325.0,0.228737979941707,0.4174603538888761,0.1279186652284671,
Zebrafish,aRF,-0.9198055976436812,-0.0172320584406476,-0.0043226167030018,0.6160854307866577,subject-specific within-region cell-level induced sub-SC modularity Q,2379.0,44.0,0.5037757059422757,subject_13,13.0,3.0,sensorimotor output,sensorimotor output,hindbrain / cerebellar / motor,hindbrain / motor,0.1918374834098846,53336.0,0.3125236038226503,,,,,-0.12068612041276572,subject-region,figure14_postdca_oo_motif_summary.csv,,,,,,laRF,Hind,278027.0,0.3125236038226503,0.3324713067435896,0.1631676060238753,
Zebrafish,imRF,-1.4650088425518673,-0.0234701011769656,0.0015337284085443,0.5953712263622716,subject-specific within-region cell-level induced sub-SC modularity Q,5295.0,23.0,-0.3040750174211989,subject_13,13.0,3.0,sensorimotor output,sensorimotor output,hindbrain / cerebellar / motor,hindbrain / motor,0.1736947943734456,34291.0,0.3004391630069749,,,,,-0.12674436863352928,subject-region,figure14_postdca_oo_motif_summary.csv,,,,,,limRF,Hind,197421.0,0.3004391630069749,0.3852123127732105,0.1406537298463689,
Zebrafish,pRF,-1.1346564009153253,-0.0160181694163133,0.0056277294501661,0.5696370087660745,subject-specific within-region cell-level induced sub-SC modularity Q,6645.0,42.0,-1.2130905977028033,subject_13,13.0,3.0,sensorimotor output,sensorimotor output,hindbrain / cerebellar / motor,hindbrain / motor,0.2418966234052464,48292.0,0.1816829377025531,,,,,0.06021368570269331,subject-region,figure14_postdca_oo_motif_summary.csv,,,,,,lpRF,Hind,199639.0,0.1816829377025531,0.4570399571226063,0.1193804817695941,
Zebrafish,Hb,1.060654210555954,0.017656068142614,-0.0012642853454947,0.6055363341872726,subject-specific within-region cell-level induced sub-SC modularity Q,1608.0,20.0,5.13219718909209,subject_13,13.0,6.0,state-dependent / modulatory,state-dependent / modulatory,habenular / hypothalamic / raphe state system,state system,0.3945224949434209,7217.0,0.1088394467829224,,,,,0.2856830481604985,subject-region,figure14_postdca_oo_motif_summary.csv,,,,,,lHb,Di,18293.0,0.1088394467829224,0.1096594325698354,0.3869786257038211,
Zebrafish,HR,-0.985950426847413,-0.0127770151378172,-0.0037055762916402,,,,,-0.6471585009721723,subject_13,13.0,6.0,state-dependent / modulatory,state-dependent / modulatory,habenular / hypothalamic / raphe state system,state system,,,,,,,,,subject-region,figure14_postdca_oo_motif_summary.csv,,,,,,lHR,,,,,,
Zebrafish,OB,1.173132576823508,-0.0159731109914859,7.447734217106065e-05,0.6793849431251814,subject-specific within-region cell-level induced sub-SC modularity Q,419.0,29.0,-0.1728428128394108,subject_13,13.0,0.0,olfactory / chemosensory,olfactory / chemosensory,olfactory sensory,telencephalon,0.3846153846153846,20.0,0.1923076923076923,,,,,0.1923076923076923,subject-region,figure14_postdca_oo_motif_summary.csv,,,,,,lOB,Tel,52.0,0.1923076923076923,0.2115384615384615,0.2115384615384615,
Zebrafish,P,1.7954765531481436,-0.0032145905468949,-0.0315288110750346,0.6913448981415194,subject-specific within-region cell-level induced sub-SC modularity Q,5554.0,44.0,0.5473134404629583,subject_13,13.0,5.0,associative / learning,associative / learning,telencephalic associative,telencephalon,0.3114948366345014,3680.0,0.1796174030810902,,,,,0.1318774335534112,subject-region,figure14_postdca_oo_motif_summary.csv,,,,,,lP,Tel,11814.0,0.1796174030810902,0.3337565600135432,0.175131200270865,
Zebrafish,PT,-0.370075128232761,-0.0056694761026185,-0.0034944713222827,0.5822834146542036,subject-specific within-region cell-level induced sub-SC modularity Q,1498.0,35.0,-1.0195230411290237,subject_13,13.0,1.0,visual / optic,visual / optic,visual / optic midbrain,diencephalon,0.2308752034021822,23127.0,0.2696089686635852,,,,,-0.038733765261402986,subject-region,figure14_postdca_oo_motif_summary.csv,,,,,,lPT,Di,100171.0,0.2696089686635852,0.2261333120364177,0.2733825158978147,
Zebrafish,PO,1.3337618954850663,0.0073275669279805,0.009532968768143,0.685357205230173,subject-specific within-region cell-level induced sub-SC modularity Q,1182.0,43.0,0.2496688913863003,subject_13,13.0,6.0,state-dependent / modulatory,state-dependent / modulatory,habenular / hypothalamic / raphe state system,state system,0.2421793995437823,31532.0,0.2492530779333492,,,,,-0.007073678389566906,subject-region,figure14_postdca_oo_motif_summary.csv,,,,,,lPO,Tel,130201.0,0.2492530779333492,0.205152034162564,0.3034154883603044,
Zebrafish,PrT,-0.0842244278085082,-0.0194152973147023,-0.0031135810487908,0.6798879215551769,subject-specific within-region cell-level induced sub-SC modularity Q,1646.0,49.0,-0.1323008782538565,subject_13,13.0,1.0,visual / optic,visual / optic,visual / optic midbrain,diencephalon,0.1587001966496312,28165.0,0.3535185633871067,,,,,-0.1948183667374755,subject-region,figure14_postdca_oo_motif_summary.csv,,,,,,lPrT,Di,177473.0,0.3535185633871067,0.2952843531128679,0.1924968868503941,
Zebrafish,SP,2.0015244680560365,2.004027378927806e-05,-0.0241635549842642,0.6879524557739451,subject-specific within-region cell-level induced sub-SC modularity Q,2266.0,42.0,1.5249935328657476,subject_13,13.0,5.0,associative / learning,associative / learning,telencephalic associative,telencephalon,0.2636279165806318,5107.0,0.2483997522196985,,,,,0.015228164360933272,subject-region,figure14_postdca_oo_motif_summary.csv,,,,,,lSP,Tel,19372.0,0.2483997522196985,0.2416890357216601,0.2462832954780095,
Zebrafish,TeO,0.7825910642396717,-0.0130887983409648,-0.0013687150862847,0.7517666799876073,subject-specific within-region cell-level induced sub-SC modularity Q,54381.0,100.0,-0.2033274500507977,subject_13,13.0,1.0,visual / optic,visual / optic,visual / optic midbrain,mesencephalon,0.181302177756888,162008.0,0.3205678282862195,,,,,-0.1392656505293315,subject-region,figure14_postdca_oo_motif_summary.csv,,,,,,lTeO,Mes,893580.0,0.3205678282862195,0.2934253228586136,0.2047046710982788,
Zebrafish,Th,-0.0541835648230552,-0.0158361295217665,0.0019635737328919,0.7644303253822714,subject-specific within-region cell-level induced sub-SC modularity Q,1915.0,64.0,-0.9941211925531462,subject_13,13.0,4.0,integrative relay,integrative relay,diencephalic / state relay,diencephalon,0.2030902439472765,22095.0,0.2994650440281633,,,,,-0.09637480008088681,subject-region,figure14_postdca_oo_motif_summary.csv,,,,,,lTh,Di,108794.0,0.2994650440281633,0.2863301284997334,0.2111145835248267,
Zebrafish,NX,-1.5840400236350245,-0.0014158128922831,0.0039459220653358,0.4701679102573262,subject-specific within-region cell-level induced sub-SC modularity Q,1565.0,14.0,-0.1938511386648138,subject_13,13.0,3.0,sensorimotor output,sensorimotor output,hindbrain / cerebellar / motor,hindbrain / motor,0.2941709398612042,16235.0,0.214988494083966,,,,,0.07918244577723818,subject-region,figure14_postdca_oo_motif_summary.csv,,,,,,lNX,Hind,55189.0,0.214988494083966,0.313377665839207,0.1774629002156226,
Zebrafish,rMON,-0.7462776311804715,-0.0243524361601455,-0.0044310638312441,0.3629507920289521,subject-specific within-region cell-level induced sub-SC modularity Q,21613.0,24.0,0.3864642294500682,subject_13,13.0,3.0,sensorimotor output,sensorimotor output,hindbrain / cerebellar / motor,hindbrain / motor,0.1434020152774421,40944.0,0.3902612435599732,,,,,-0.24685922828253112,subject-region,figure14_postdca_oo_motif_summary.csv,,,,,,rMON,Hind,285519.0,0.3902612435599732,0.2674287875763084,0.1989079535862762,
Zebrafish,rCb,-0.4108796881690603,-0.0241398183951215,-0.001860585249835,0.6414883126226777,subject-specific within-region cell-level induced sub-SC modularity Q,10600.0,41.0,0.215427850491484,subject_13,13.0,3.0,sensorimotor output,sensorimotor output,hindbrain / cerebellar / motor,hindbrain / motor,0.1385516253388297,33173.0,0.3738425490859426,,,,,-0.2352909237471129,subject-region,figure14_postdca_oo_motif_summary.csv,,,,,,rCb,Hind,239427.0,0.3738425490859426,0.331123891624587,0.1564819339506405,
Zebrafish,rMOS1,-0.5293933644405441,-0.0121288604002305,0.0051080660543602,0.274527574247287,subject-specific within-region cell-level induced sub-SC modularity Q,73992.0,33.0,-0.5408407696460618,subject_13,13.0,3.0,sensorimotor output,sensorimotor output,hindbrain / cerebellar / motor,hindbrain / motor,0.316901983558064,139698.0,0.118328403172241,,,,,0.19857358038582298,subject-region,figure14_postdca_oo_motif_summary.csv,,,,,,rMOS1,Hind,440824.0,0.118328403172241,0.4756456091319891,0.0891240041377057,
Zebrafish,rMOS2,-1.4385666385209033,-0.0028037944859753,0.0095508774386899,0.4708874125239002,subject-specific within-region cell-level induced sub-SC modularity Q,4306.0,41.0,-1.6714408743777387,subject_13,13.0,3.0,sensorimotor output,sensorimotor output,hindbrain / cerebellar / motor,hindbrain / motor,0.2488367030395385,18289.0,0.2254755231434869,,,,,0.023361179896051604,subject-region,figure14_postdca_oo_motif_summary.csv,,,,,,rMOS2,Hind,73498.0,0.2254755231434869,0.3657242373942148,0.1599635364227598,
Zebrafish,rMOS3,0.323701160832735,-0.0212143316773092,-0.0071363267344743,0.4912514240294502,subject-specific within-region cell-level induced sub-SC modularity Q,19694.0,23.0,1.2333698053725566,subject_13,13.0,3.0,sensorimotor output,sensorimotor output,hindbrain / cerebellar / motor,hindbrain / motor,0.1914033970987302,171396.0,0.2736842105263158,,,,,-0.08228081342758561,subject-region,figure14_postdca_oo_motif_summary.csv,,,,,,rMOS3,Hind,895470.0,0.2736842105263158,0.3921102884518744,0.1428021039230795,
Zebrafish,rMOS4,-0.5239845054794127,-0.0169785812008207,0.0023301044523131,0.6747545019078133,subject-specific within-region cell-level induced sub-SC modularity Q,6569.0,77.0,1.1043851732763776,subject_13,13.0,3.0,sensorimotor output,sensorimotor output,hindbrain / cerebellar / motor,hindbrain / motor,0.1894793768878688,71825.0,0.2739160829936818,,,,,-0.084436706105813,subject-region,figure14_postdca_oo_motif_summary.csv,,,,,,rMOS4,Hind,379065.0,0.2739160829936818,0.3743131125268753,0.162291427591574,
Zebrafish,rMOS5,0.0041740593480224,-0.0171418721210539,-0.0053723695904568,0.4873739376922867,subject-specific within-region cell-level induced sub-SC modularity Q,25116.0,36.0,1.2907602756535488,subject_13,13.0,3.0,sensorimotor output,sensorimotor output,hindbrain / cerebellar / motor,hindbrain / motor,0.1900926730490237,99320.0,0.2943948308267079,,,,,-0.10430215777768423,subject-region,figure14_postdca_oo_motif_summary.csv,,,,,,rMOS5,Hind,522482.0,0.2943948308267079,0.3259193618153352,0.1895931343089331,
Zebrafish,rRa,0.7381591561172312,-0.0190345072292582,0.0061566753726774,0.7199340844748205,subject-specific within-region cell-level induced sub-SC modularity Q,374.0,34.0,-1.1016551812787536,subject_13,13.0,6.0,state-dependent / modulatory,state-dependent / modulatory,habenular / hypothalamic / raphe state system,state system,0.1589106037151702,6570.0,0.3383562306501548,,,,,-0.1794456269349846,subject-region,figure14_postdca_oo_motif_summary.csv,,,,,,rRa,Hind,41344.0,0.3383562306501548,0.2967056888544891,0.2060274767801857,
Zebrafish,rT,-0.111651925680901,-0.0162431597703142,-0.0024439823818074,0.5743175363135318,subject-specific within-region cell-level induced sub-SC modularity Q,10466.0,30.0,0.6606424606944424,subject_13,13.0,4.0,integrative relay,integrative relay,diencephalic / state relay,diencephalon,0.1957965722898611,150687.0,0.2942425384285547,,,,,-0.09844596613869358,subject-region,figure14_postdca_oo_motif_summary.csv,,,,,,rT,Hind,769610.0,0.2942425384285547,0.3378568365795663,0.1721040527020179,
Zebrafish,raRF,-1.1552827777137606,-0.027619399326916,-0.0042729512611175,0.6287514588153394,subject-specific within-region cell-level induced sub-SC modularity Q,2210.0,35.0,0.3114064672751511,subject_13,13.0,3.0,sensorimotor output,sensorimotor output,hindbrain / cerebellar / motor,hindbrain / motor,0.1552489587797668,28255.0,0.3689875712919922,,,,,-0.21373861251222542,subject-region,figure14_postdca_oo_motif_summary.csv,,,,,,raRF,Hind,181998.0,0.3689875712919922,0.3013604545104891,0.1744030154177518,
Zebrafish,rimRF,-1.0568927471996912,-0.0230054703316894,0.0029015270158264,0.5642604565809655,subject-specific within-region cell-level induced sub-SC modularity Q,5307.0,23.0,-0.4198466616694207,subject_13,13.0,3.0,sensorimotor output,sensorimotor output,hindbrain / cerebellar / motor,hindbrain / motor,0.1826634468814005,34871.0,0.2494617685421392,,,,,-0.06679832166073871,subject-region,figure14_postdca_oo_motif_summary.csv,,,,,,rimRF,Hind,190903.0,0.2494617685421392,0.4591808405315788,0.1086939440448814,
Zebrafish,rpRF,-0.1820179444994959,-0.0101222299398859,0.0067124301655567,0.5418283627673023,subject-specific within-region cell-level induced sub-SC modularity Q,10711.0,30.0,-1.6903639808178874,subject_13,13.0,3.0,sensorimotor output,sensorimotor output,hindbrain / cerebellar / motor,hindbrain / motor,0.1777487152878963,25008.0,0.2667865494374276,,,,,-0.08903783414953129,subject-region,figure14_postdca_oo_motif_summary.csv,,,,,,rpRF,Hind,140693.0,0.2667865494374276,0.3878728863553979,0.1675918489192781,
Zebrafish,rHb,1.465675503840431,0.0079227805028606,0.0004084221046614,0.6956437317251463,subject-specific within-region cell-level induced sub-SC modularity Q,912.0,28.0,4.849640257350118,subject_13,13.0,6.0,state-dependent / modulatory,state-dependent / modulatory,habenular / hypothalamic / raphe state system,state system,0.3068639181986294,2821.0,0.1992820624388121,,,,,0.1075818557598173,subject-region,figure14_postdca_oo_motif_summary.csv,,,,,,rHb,Di,9193.0,0.1992820624388121,0.2418144240182747,0.2520395953442837,
Zebrafish,rHi,-1.1074950048447476,-0.0126194662043961,0.0011674244152986,,,,,0.9271237363127992,subject_13,13.0,6.0,state-dependent / modulatory,state-dependent / modulatory,habenular / hypothalamic / raphe state system,state system,,,,,,,,,subject-region,figure14_postdca_oo_motif_summary.csv,,,,,,rHi,,,,,,
Zebrafish,rHR,-0.8388825910754142,-0.0133811987294619,-0.0044765221483374,,,,,-2.149402401208464,subject_13,13.0,6.0,state-dependent / modulatory,state-dependent / modulatory,habenular / hypothalamic / raphe state system,state system,,,,,,,,,subject-region,figure14_postdca_oo_motif_summary.csv,,,,,,rHR,,,,,,
Zebrafish,rP,1.3662052682270769,0.0101179791556935,-0.0113465628278732,0.6871876062546832,subject-specific within-region cell-level induced sub-SC modularity Q,3882.0,78.0,1.692554445162189,subject_13,13.0,5.0,associative / learning,associative / learning,telencephalic associative,telencephalon,0.2945088538025008,18112.0,0.2089464869347469,,,,,0.0855623668677539,subject-region,figure14_postdca_oo_motif_summary.csv,,,,,,rP,Tel,61499.0,0.2089464869347469,0.2176458153791118,0.2788988438836404,
Zebrafish,rPT,0.2528818668628766,-0.0064871506149012,-0.0030329758170915,0.6235612323136296,subject-specific within-region cell-level induced sub-SC modularity Q,1482.0,12.0,-0.6271888855215467,subject_13,13.0,1.0,visual / optic,visual / optic,visual / optic midbrain,diencephalon,0.2054255380421218,21400.0,0.2872981742085357,,,,,-0.08187263616641391,subject-region,figure14_postdca_oo_motif_summary.csv,,,,,,rPT,Di,104174.0,0.2872981742085357,0.2456467064718643,0.261629581277478,
Zebrafish,rPO,1.1965368452453171,0.0068769214256743,0.0073595536203965,0.6799865247258298,subject-specific within-region cell-level induced sub-SC modularity Q,1442.0,33.0,0.472832604567278,subject_13,13.0,6.0,state-dependent / modulatory,state-dependent / modulatory,habenular / hypothalamic / raphe state system,state system,0.3042445016437727,47753.0,0.1996801651418231,,,,,0.1045643365019496,subject-region,figure14_postdca_oo_motif_summary.csv,,,,,,rPO,Tel,156956.0,0.1996801651418231,0.22078799153903,0.275287341675374,
Zebrafish,rPrT,0.485893306061157,-0.0212097871472893,-0.0044268574252284,0.6809599998643374,subject-specific within-region cell-level induced sub-SC modularity Q,1086.0,49.0,-0.1737567420549298,subject_13,13.0,1.0,visual / optic,visual / optic,visual / optic midbrain,diencephalon,0.1687383862516302,29240.0,0.3344759530487171,,,,,-0.16573756679708687,subject-region,figure14_postdca_oo_motif_summary.csv,,,,,,rPrT,Di,173286.0,0.3344759530487171,0.3268238634396316,0.169961797260021,
Zebrafish,rSP,2.3670138215342043,0.0097014729097683,1.2826985882739475e-05,0.6566100976405033,subject-specific within-region cell-level induced sub-SC modularity Q,3097.0,33.0,2.082182020237939,subject_13,13.0,5.0,associative / learning,associative / learning,telencephalic associative,telencephalon,0.1253592445600109,916.0,0.3638976324072807,,,,,-0.23853838784726977,subject-region,figure14_postdca_oo_motif_summary.csv,,,,,,rSP,Tel,7307.0,0.3638976324072807,0.3253045025318188,0.1854386205008895,
Zebrafish,rTeO,0.6886008536349898,-0.0218807882980858,-0.0051702952012688,0.715193872749447,subject-specific within-region cell-level induced sub-SC modularity Q,55103.0,114.0,-0.6640242779572929,subject_13,13.0,1.0,visual / optic,visual / optic,visual / optic midbrain,mesencephalon,0.1445242657115943,103868.0,0.3961769277114301,,,,,-0.2516526619998358,subject-region,figure14_postdca_oo_motif_summary.csv,,,,,,rTeO,Mes,718689.0,0.3961769277114301,0.2593110510944233,0.1999877554825522,
Zebrafish,rTh,0.454119593708238,-0.0122124107809828,-0.0031448814705737,0.5601718803469649,subject-specific within-region cell-level induced sub-SC modularity Q,6513.0,25.0,-0.3177109838736652,subject_13,13.0,4.0,integrative relay,integrative relay,diencephalic / state relay,diencephalon,0.2816198987103233,76515.0,0.1684014486779341,,,,,0.11321845003238917,subject-region,figure14_postdca_oo_motif_summary.csv,,,,,,rTh,Di,271696.0,0.1684014486779341,0.4116402155350097,0.1383384370767328,
Zebrafish,rNX,-1.6588215157697663,-0.0196565135181114,0.0039551509964247,0.5594320051818914,subject-specific within-region cell-level induced sub-SC modularity Q,2028.0,12.0,-1.0401149706725137,subject_13,13.0,3.0,sensorimotor output,sensorimotor output,hindbrain / cerebellar / motor,hindbrain / motor,0.1571519495254171,5679.0,0.3434706810194537,,,,,-0.1863187314940366,subject-region,figure14_postdca_oo_motif_summary.csv,,,,,,rNX,Hind,36137.0,0.3434706810194537,0.2818994382488862,0.2174779312062429,
Zebrafish,MON,-1.7859690189063309,-0.009392155495924,0.0001679530621366,0.3797673855045439,subject-specific within-region cell-level induced sub-SC modularity Q,22740.0,19.0,0.7532915301205393,subject_14,14.0,3.0,sensorimotor output,sensorimotor output,hindbrain / cerebellar / motor,hindbrain / motor,0.1487730796419884,49667.0,0.3806178933873306,,,,,-0.2318448137453422,subject-region,figure14_postdca_oo_motif_summary.csv,,,,,,lMON,Hind,333844.0,0.3806178933873306,0.2753411773163513,0.1952678496543295,
Zebrafish,Cb,0.2585214257551015,-0.0127072102717642,0.0017310928469649,0.5707460977225274,subject-specific within-region cell-level induced sub-SC modularity Q,8671.0,79.0,0.4513891584861684,subject_14,14.0,3.0,sensorimotor output,sensorimotor output,hindbrain / cerebellar / motor,hindbrain / motor,0.1693711355217689,47690.0,0.3168224000340944,,,,,-0.1474512645123255,subject-region,figure14_postdca_oo_motif_summary.csv,,,,,,lCb,Hind,281571.0,0.3168224000340944,0.3614754360356713,0.1523310284084653,
Zebrafish,MOS1,0.6895843670056834,-0.0106625481781517,0.0049054784219183,0.2988902576067585,subject-specific within-region cell-level induced sub-SC modularity Q,124738.0,33.0,-0.4737625207745025,subject_14,14.0,3.0,sensorimotor output,sensorimotor output,hindbrain / cerebellar / motor,hindbrain / motor,0.1891702555268446,131776.0,0.2413494114269308,,,,,-0.052179155900086205,subject-region,figure14_postdca_oo_motif_summary.csv,,,,,,lMOS1,Hind,696600.0,0.2413494114269308,0.3450459374102785,0.224434395635946,
Zebrafish,MOS2,-0.1582404932354434,-0.0088681549382734,0.0078618102539114,0.6053314556520824,subject-specific within-region cell-level induced sub-SC modularity Q,8412.0,16.0,-0.3150641776087525,subject_14,14.0,3.0,sensorimotor output,sensorimotor output,hindbrain / cerebellar / motor,hindbrain / motor,0.1544064713121003,43540.0,0.3586280023973076,,,,,-0.20422153108520727,subject-region,figure14_postdca_oo_motif_summary.csv,,,,,,lMOS2,Hind,281983.0,0.3586280023973076,0.2426210090679225,0.2443445172226694,
Zebrafish,MOS3,1.257818360332138,-0.0126345318254343,0.0027390368667071,0.5346181149846203,subject-specific within-region cell-level induced sub-SC modularity Q,13419.0,31.0,1.7084430786315528,subject_14,14.0,3.0,sensorimotor output,sensorimotor output,hindbrain / cerebellar / motor,hindbrain / motor,0.1779784823696636,171166.0,0.2755096841814119,,,,,-0.09753120181174832,subject-region,figure14_postdca_oo_motif_summary.csv,,,,,,lMOS3,Hind,961723.0,0.2755096841814119,0.4201324081882205,0.1263794252607039,
Zebrafish,MOS4,0.0162278248767292,-0.005634499315689,0.0007238885834105,0.5063377824477991,subject-specific within-region cell-level induced sub-SC modularity Q,8080.0,66.0,1.245007035585261,subject_14,14.0,3.0,sensorimotor output,sensorimotor output,hindbrain / cerebellar / motor,hindbrain / motor,0.1482401026888258,52662.0,0.3581216502274467,,,,,-0.2098815475386209,subject-region,figure14_postdca_oo_motif_summary.csv,,,,,,lMOS4,Hind,355248.0,0.3581216502274467,0.2919312705490249,0.2017069765347025,
Zebrafish,MOS5,0.5172810653164193,-0.0087511360007752,0.0036146783609035,0.47123142430725,subject-specific within-region cell-level induced sub-SC modularity Q,18785.0,37.0,0.6517421710427548,subject_14,14.0,3.0,sensorimotor output,sensorimotor output,hindbrain / cerebellar / motor,hindbrain / motor,0.1493880540258862,53035.0,0.3586947030407166,,,,,-0.2093066490148304,subject-region,figure14_postdca_oo_motif_summary.csv,,,,,,lMOS5,Hind,355015.0,0.3586947030407166,0.2846668450628846,0.2072503978705125,
Zebrafish,Ra,0.4436998147995219,-0.0086575977394652,0.0093862373882594,0.5584326226191336,subject-specific within-region cell-level induced sub-SC modularity Q,3428.0,14.0,-1.2080106094204126,subject_14,14.0,6.0,state-dependent / modulatory,state-dependent / modulatory,habenular / hypothalamic / raphe state system,state system,0.1937068346832446,20783.0,0.2653344642141466,,,,,-0.07162762953090199,subject-region,figure14_postdca_oo_motif_summary.csv,,,,,,lRa,Hind,107291.0,0.2653344642141466,0.3305030244848123,0.2104556766177964,
Zebrafish,T,0.9871848562706056,-0.0156795012410955,8.487888971979926e-05,0.586064844876204,subject-specific within-region cell-level induced sub-SC modularity Q,11688.0,24.0,1.1557087479361312,subject_14,14.0,4.0,integrative relay,integrative relay,diencephalic / state relay,diencephalon,0.1817238724853722,275020.0,0.2791597699212697,,,,,-0.09743589743589748,subject-region,figure14_postdca_oo_motif_summary.csv,,,,,,lT,Hind,1513395.0,0.2791597699212697,0.4061167111031819,0.132999646490176,
Zebrafish,aRF,0.4030101272010627,-0.0149807771300542,-0.0030948603921244,0.576672074995493,subject-specific within-region cell-level induced sub-SC modularity Q,1284.0,34.0,0.6234582231401998,subject_14,14.0,3.0,sensorimotor output,sensorimotor output,hindbrain / cerebellar / motor,hindbrain / motor,0.1333387919587328,37455.0,0.4108173342209533,,,,,-0.27747854226222046,subject-region,figure14_postdca_oo_motif_summary.csv,,,,,,laRF,Hind,280901.0,0.4108173342209533,0.2591518008123858,0.196692073007928,
Zebrafish,imRF,0.1349131609923448,-0.0180648404918513,0.0020981625037515,0.5156732927673269,subject-specific within-region cell-level induced sub-SC modularity Q,4217.0,24.0,-0.1039574652349825,subject_14,14.0,3.0,sensorimotor output,sensorimotor output,hindbrain / cerebellar / motor,hindbrain / motor,0.1629630198710094,42424.0,0.2882736844531343,,,,,-0.1253106645821249,subject-region,figure14_postdca_oo_motif_summary.csv,,,,,,limRF,Hind,260329.0,0.2882736844531343,0.4311928367565657,0.1175704589192905,
Zebrafish,pRF,1.2282608445633172,-0.0163494833081252,,0.5075192718469073,subject-specific within-region cell-level induced sub-SC modularity Q,5513.0,23.0,-1.25113248183213,subject_14,14.0,3.0,sensorimotor output,sensorimotor output,hindbrain / cerebellar / motor,hindbrain / motor,0.1880739376086307,39712.0,0.2411354907151754,,,,,-0.0530615531065447,subject-region,figure14_postdca_oo_motif_summary.csv,,,,,,lpRF,Hind,211151.0,0.2411354907151754,0.4438956007785897,0.1268949708976041,
Zebrafish,Hb,1.8385866220098372,0.0153734493759316,-0.0003958577497052,0.5767988437151335,subject-specific within-region cell-level induced sub-SC modularity Q,1603.0,22.0,5.997417382011513,subject_14,14.0,6.0,state-dependent / modulatory,state-dependent / modulatory,habenular / hypothalamic / raphe state system,state system,0.3668791298754458,12548.0,0.1054616689082509,,,,,0.26141746096719487,subject-region,figure14_postdca_oo_motif_summary.csv,,,,,,lHb,Di,34202.0,0.1054616689082509,0.0836793169990059,0.4439798842172972,
Zebrafish,Hi,-0.5396025067112621,-0.0137856070468642,-0.0030127508436555,,,,,1.6158143694424751,subject_14,14.0,6.0,state-dependent / modulatory,state-dependent / modulatory,habenular / hypothalamic / raphe state system,state system,,,,,,,,,subject-region,figure14_postdca_oo_motif_summary.csv,,,,,,lHi,,,,,,
Zebrafish,HR,-1.085571129104807,-0.0152520211271655,0.0010539262673303,,,,,-0.7710639147415058,subject_14,14.0,6.0,state-dependent / modulatory,state-dependent / modulatory,habenular / hypothalamic / raphe state system,state system,,,,,,,,,subject-region,figure14_postdca_oo_motif_summary.csv,,,,,,lHR,,,,,,
Zebrafish,P,1.0432765334342324,0.0011121227995439,-0.031655661846853,0.7428043781811634,subject-specific within-region cell-level induced sub-SC modularity Q,2831.0,61.0,0.7016558771458417,subject_14,14.0,5.0,associative / learning,associative / learning,telencephalic associative,telencephalon,0.2299440298507462,2958.0,0.2755752487562189,,,,,-0.045631218905472726,subject-region,figure14_postdca_oo_motif_summary.csv,,,,,,lP,Tel,12864.0,0.2755752487562189,0.2846703980099502,0.2098103233830845,
Zebrafish,PT,-0.861224160532743,-0.0054177483368254,-0.0036682576153279,0.601158665313481,subject-specific within-region cell-level induced sub-SC modularity Q,1649.0,22.0,-0.8545246692181121,subject_14,14.0,1.0,visual / optic,visual / optic,visual / optic midbrain,diencephalon,0.2388021106900146,29552.0,0.2402000791912792,,,,,-0.0013979685012645848,subject-region,figure14_postdca_oo_motif_summary.csv,,,,,,lPT,Di,123751.0,0.2402000791912792,0.2569595397208911,0.2640382703978149,
Zebrafish,PO,0.4095856988257349,0.0051048129924978,0.0070408566713996,0.6993365472910927,subject-specific within-region cell-level induced sub-SC modularity Q,1320.0,39.0,0.3370860276274106,subject_14,14.0,6.0,state-dependent / modulatory,state-dependent / modulatory,habenular / hypothalamic / raphe state system,state system,0.2940969636799868,42657.0,0.2111083533272662,,,,,0.08298861035272057,subject-region,figure14_postdca_oo_motif_summary.csv,,,,,,lPO,Tel,145044.0,0.2111083533272662,0.2203951904249745,0.2743994925677725,
Zebrafish,PrT,0.0225496939170884,-0.0178723616954835,-0.0015817446917765,0.709775098988605,subject-specific within-region cell-level induced sub-SC modularity Q,1701.0,27.0,-0.2866349052541413,subject_14,14.0,1.0,visual / optic,visual / optic,visual / optic midbrain,diencephalon,0.1576401439159053,38031.0,0.3615762770878583,,,,,-0.20393613317195297,subject-region,figure14_postdca_oo_motif_summary.csv,,,,,,lPrT,Di,241252.0,0.3615762770878583,0.2650589425165387,0.2157246364796975,
Zebrafish,SP,1.2721491723727123,0.0011577562197159,-0.0169603388122871,0.6690919843904025,subject-specific within-region cell-level induced sub-SC modularity Q,2487.0,42.0,2.148683229017034,subject_14,14.0,5.0,associative / learning,associative / learning,telencephalic associative,telencephalon,0.225809192082236,5316.0,0.2848950811315946,,,,,-0.05908588904935863,subject-region,figure14_postdca_oo_motif_summary.csv,,,,,,lSP,Tel,23542.0,0.2848950811315946,0.2496389431654065,0.2396567836207629,
Zebrafish,TeO,-0.115993655265279,-0.011559526157302,-0.0020433640035767,0.7456084416164742,subject-specific within-region cell-level induced sub-SC modularity Q,43383.0,127.0,-0.2649599962229643,subject_14,14.0,1.0,visual / optic,visual / optic,visual / optic midbrain,mesencephalon,0.140140879709141,136759.0,0.3810884258936659,,,,,-0.24094754618452494,subject-region,figure14_postdca_oo_motif_summary.csv,,,,,,lTeO,Mes,975868.0,0.3810884258936659,0.2448312681633171,0.2339394262338759,
Zebrafish,Th,1.1233982033086027,-0.0139923330415729,0.0014485614115617,0.7046798991501677,subject-specific within-region cell-level induced sub-SC modularity Q,4084.0,34.0,-0.9856246980080458,subject_14,14.0,4.0,integrative relay,integrative relay,diencephalic / state relay,diencephalon,0.2072263212894645,32720.0,0.299008834985275,,,,,-0.09178251369581047,subject-region,figure14_postdca_oo_motif_summary.csv,,,,,,lTh,Di,157895.0,0.299008834985275,0.2864245226257956,0.2073403210994648,
Zebrafish,TS,-1.421374548632168,-0.0102969783550204,-0.0059176310637187,0.7026706979087932,subject-specific within-region cell-level induced sub-SC modularity Q,315.0,52.0,-0.421743726264575,subject_14,14.0,1.0,visual / optic,visual / optic,visual / optic midbrain,mesencephalon,0.1747819078323535,7373.0,0.3348425943485681,,,,,-0.1600606865162146,subject-region,figure14_postdca_oo_motif_summary.csv,,,,,,lTS,Mes,42184.0,0.3348425943485681,0.2948985397307035,0.1954769580883747,
Zebrafish,NX,-0.6661204055180323,-0.0046467263225931,0.0006868553350092,0.4000573436745148,subject-specific within-region cell-level induced sub-SC modularity Q,9005.0,11.0,-0.430478059620807,subject_14,14.0,3.0,sensorimotor output,sensorimotor output,hindbrain / cerebellar / motor,hindbrain / motor,0.2232832945709117,19009.0,0.2771043296450302,,,,,-0.05382103507411848,subject-region,figure14_postdca_oo_motif_summary.csv,,,,,,lNX,Hind,85134.0,0.2771043296450302,0.2858082552211807,0.2138041205628773,
Zebrafish,rMON,-1.478356253417906,-0.0118586997352598,0.000856970077747,0.34923640972177,subject-specific within-region cell-level induced sub-SC modularity Q,29170.0,19.0,0.3800218662745125,subject_14,14.0,3.0,sensorimotor output,sensorimotor output,hindbrain / cerebellar / motor,hindbrain / motor,0.1175662215806568,40722.0,0.4502287982677733,,,,,-0.3326625766871165,subject-region,figure14_postdca_oo_motif_summary.csv,,,,,,rMON,Hind,346375.0,0.4502287982677733,0.2425146156622158,0.189690364489354,
Zebrafish,rCb,-0.4163533597813659,-0.015554684380978,-0.0014052604960603,0.5639729728289726,subject-specific within-region cell-level induced sub-SC modularity Q,8696.0,63.0,0.2136759994533258,subject_14,14.0,3.0,sensorimotor output,sensorimotor output,hindbrain / cerebellar / motor,hindbrain / motor,0.1412474674698534,26074.0,0.3468997497264325,,,,,-0.2056522822565791,subject-region,figure14_postdca_oo_motif_summary.csv,,,,,,rCb,Hind,184598.0,0.3468997497264325,0.3911580840529149,0.120694698750799,
Zebrafish,rMOS1,-0.6888165446828172,-0.0102808891516404,0.0060471206047898,0.2934869996710739,subject-specific within-region cell-level induced sub-SC modularity Q,125994.0,22.0,-0.7321138372480324,subject_14,14.0,3.0,sensorimotor output,sensorimotor output,hindbrain / cerebellar / motor,hindbrain / motor,0.2930855840298404,165477.0,0.1081892940703467,,,,,0.1848962899594937,subject-region,figure14_postdca_oo_motif_summary.csv,,,,,,rMOS1,Hind,564603.0,0.1081892940703467,0.509710362856733,0.0890147590430798,
Zebrafish,rMOS2,-0.1918095908809999,-0.0034138057699124,0.0088431298510108,0.4302090626735902,subject-specific within-region cell-level induced sub-SC modularity Q,11375.0,20.0,-1.552712173926844,subject_14,14.0,3.0,sensorimotor output,sensorimotor output,hindbrain / cerebellar / motor,hindbrain / motor,0.2552525504744239,28623.0,0.2079974316900906,,,,,0.047255118784333305,subject-region,figure14_postdca_oo_motif_summary.csv,,,,,,rMOS2,Hind,112136.0,0.2079974316900906,0.3802525504744239,0.1564974673610615,
Zebrafish,rMOS3,-0.1832156742977215,-0.0140848887543284,-0.0062902631403345,0.5201874481746108,subject-specific within-region cell-level induced sub-SC modularity Q,19218.0,21.0,1.2442300384750622,subject_14,14.0,3.0,sensorimotor output,sensorimotor output,hindbrain / cerebellar / motor,hindbrain / motor,0.1813031107285465,189566.0,0.2814652224852354,,,,,-0.10016211175668893,subject-region,figure14_postdca_oo_motif_summary.csv,,,,,,rMOS3,Hind,1045575.0,0.2814652224852354,0.3979398895344667,0.1392917772517514,
Zebrafish,rMOS4,-0.9028101872135668,-0.0071628210808754,-0.0011092156828308,0.7249199547806238,subject-specific within-region cell-level induced sub-SC modularity Q,5606.0,64.0,1.0677361022055778,subject_14,14.0,3.0,sensorimotor output,sensorimotor output,hindbrain / cerebellar / motor,hindbrain / motor,0.2064094544777013,77547.0,0.2609749930129493,,,,,-0.05456553853524801,subject-region,figure14_postdca_oo_motif_summary.csv,,,,,,rMOS4,Hind,375695.0,0.2609749930129493,0.3828744061006934,0.1497411464086559,
Zebrafish,rMOS5,-0.7957111127988129,-0.0063988599359977,-0.0030611609028153,0.4849441756410922,subject-specific within-region cell-level induced sub-SC modularity Q,32526.0,31.0,1.2470608415518945,subject_14,14.0,3.0,sensorimotor output,sensorimotor output,hindbrain / cerebellar / motor,hindbrain / motor,0.18854705135314,105411.0,0.284120056522439,,,,,-0.09557300516929898,subject-region,figure14_postdca_oo_motif_summary.csv,,,,,,rMOS5,Hind,559070.0,0.284120056522439,0.3574489777666482,0.1698839143577727,
Zebrafish,rRa,0.2171129188258374,-0.0166615668384918,0.0056330647583689,0.6717059365243366,subject-specific within-region cell-level induced sub-SC modularity Q,1055.0,23.0,-0.9803592996264436,subject_14,14.0,6.0,state-dependent / modulatory,state-dependent / modulatory,habenular / hypothalamic / raphe state system,state system,0.1756040925912488,12100.0,0.2961178434075902,,,,,-0.12051375081634139,subject-region,figure14_postdca_oo_motif_summary.csv,,,,,,rRa,Hind,68905.0,0.2961178434075902,0.377955155649082,0.1503229083520789,
Zebrafish,rT,-0.4504175113875718,-0.0169599826439189,-0.0018227454584885,0.5506343163779561,subject-specific within-region cell-level induced sub-SC modularity Q,14433.0,24.0,0.910326237055838,subject_14,14.0,4.0,integrative relay,integrative relay,diencephalic / state relay,diencephalon,0.1524096963412381,192247.0,0.3374589636930258,,,,,-0.1850492673517877,subject-region,figure14_postdca_oo_motif_summary.csv,,,,,,rT,Hind,1261383.0,0.3374589636930258,0.3607556150669543,0.1493757248987817,
Zebrafish,raRF,-1.1982927002939527,-0.0191558753376233,-0.0072160325387638,0.6547761330226326,subject-specific within-region cell-level induced sub-SC modularity Q,1161.0,29.0,0.5440402308447937,subject_14,14.0,3.0,sensorimotor output,sensorimotor output,hindbrain / cerebellar / motor,hindbrain / motor,0.1306450071667463,27344.0,0.3964787386526517,,,,,-0.2658337314859054,subject-region,figure14_postdca_oo_motif_summary.csv,,,,,,raRF,Hind,209300.0,0.3964787386526517,0.3129144768275203,0.1599617773530817,
Zebrafish,rimRF,-1.4108002020239592,-0.0209074329982654,-0.0002463961238982,0.5323389964383782,subject-specific within-region cell-level induced sub-SC modularity Q,4912.0,16.0,-0.2107216038776369,subject_14,14.0,3.0,sensorimotor output,sensorimotor output,hindbrain / cerebellar / motor,hindbrain / motor,0.1592435418140177,47281.0,0.2407766663298642,,,,,-0.08153312451584649,subject-region,figure14_postdca_oo_motif_summary.csv,,,,,,rimRF,Hind,296910.0,0.2407766663298642,0.5095719241521,0.090407867704018,
Zebrafish,rpRF,-0.1540754997277911,-0.0069540464655237,0.0062686754132932,0.4591935847244751,subject-specific within-region cell-level induced sub-SC modularity Q,14119.0,19.0,-1.5027374388106542,subject_14,14.0,3.0,sensorimotor output,sensorimotor output,hindbrain / cerebellar / motor,hindbrain / motor,0.1825604150956946,40673.0,0.2596233257926676,,,,,-0.07706291069697302,subject-region,figure14_postdca_oo_motif_summary.csv,,,,,,rpRF,Hind,222792.0,0.2596233257926676,0.3756463427771194,0.1821699163345183,
Zebrafish,rHb,2.478561089740435,0.0062232765087732,-0.0074001338413912,0.6995929751680648,subject-specific within-region cell-level induced sub-SC modularity Q,802.0,38.0,5.221608467534455,subject_14,14.0,6.0,state-dependent / modulatory,state-dependent / modulatory,habenular / hypothalamic / raphe state system,state system,0.257981220657277,3297.0,0.2338810641627543,,,,,0.024100156494522712,subject-region,figure14_postdca_oo_motif_summary.csv,,,,,,rHb,Di,12780.0,0.2338810641627543,0.2168231611893583,0.2913145539906103,
Zebrafish,rHi,-0.8945749214295837,-0.0160800205353299,0.0006309842347518,,,,,0.6944743207680079,subject_14,14.0,6.0,state-dependent / modulatory,state-dependent / modulatory,habenular / hypothalamic / raphe state system,state system,,,,,,,,,subject-region,figure14_postdca_oo_motif_summary.csv,,,,,,rHi,,,,,,
Zebrafish,rHR,-0.701236803338449,-0.0286332033202884,-0.0027760863621656,,,,,-2.124355658790756,subject_14,14.0,6.0,state-dependent / modulatory,state-dependent / modulatory,habenular / hypothalamic / raphe state system,state system,,,,,,,,,subject-region,figure14_postdca_oo_motif_summary.csv,,,,,,rHR,,,,,,
Zebrafish,rP,1.2808205693169512,0.005268785346293,-0.015297413487845,0.7467937037233573,subject-specific within-region cell-level induced sub-SC modularity Q,2264.0,88.0,1.6392952559099845,subject_14,14.0,5.0,associative / learning,associative / learning,telencephalic associative,telencephalon,0.3128261466630047,21641.0,0.2002052646034201,,,,,0.11262088205958456,subject-region,figure14_postdca_oo_motif_summary.csv,,,,,,rP,Tel,69179.0,0.2002052646034201,0.2637650153948452,0.2232035733387299,
Zebrafish,rPT,-0.9315409261598624,-0.0069761662586783,-0.0031248268959364,0.6361505331607494,subject-specific within-region cell-level induced sub-SC modularity Q,1248.0,19.0,-0.5617260249814282,subject_14,14.0,1.0,visual / optic,visual / optic,visual / optic midbrain,diencephalon,0.2042945770106042,21635.0,0.2918669323235852,,,,,-0.08757235531298099,subject-region,figure14_postdca_oo_motif_summary.csv,,,,,,rPT,Di,105901.0,0.2918669323235852,0.2404321016798708,0.2634063889859397,
Zebrafish,rPO,0.1746530457297105,0.0032899255843591,0.0044202402775782,0.6783355512479994,subject-specific within-region cell-level induced sub-SC modularity Q,1549.0,27.0,0.4153749191997887,subject_14,14.0,6.0,state-dependent / modulatory,state-dependent / modulatory,habenular / hypothalamic / raphe state system,state system,0.3009402324476616,63982.0,0.2019782979864256,,,,,0.098961934461236,subject-region,figure14_postdca_oo_motif_summary.csv,,,,,,rPO,Tel,212607.0,0.2019782979864256,0.2220340816624099,0.2750473879035027,
Zebrafish,rPrT,0.8971221752304847,-0.0179043055243578,-0.0013449188504186,0.6908306848737678,subject-specific within-region cell-level induced sub-SC modularity Q,1458.0,44.0,-0.1003940643548887,subject_14,14.0,1.0,visual / optic,visual / optic,visual / optic midbrain,diencephalon,0.1839205124767951,45277.0,0.3009948126754327,,,,,-0.1170743001986376,subject-region,figure14_postdca_oo_motif_summary.csv,,,,,,rPrT,Di,246177.0,0.3009948126754327,0.3598792738558029,0.1552054009919692,
Zebrafish,rSP,0.4440002160455236,0.0112353267694618,-0.0033952064956306,0.6324038722412673,subject-specific within-region cell-level induced sub-SC modularity Q,2512.0,30.0,2.302918370784166,subject_14,14.0,5.0,associative / learning,associative / learning,telencephalic associative,telencephalon,0.1910686514107976,1720.0,0.3341479671184181,,,,,-0.1430793157076205,subject-region,figure14_postdca_oo_motif_summary.csv,,,,,,rSP,Tel,9002.0,0.3341479671184181,0.2819373472561653,0.1928460342146189,
Zebrafish,rTeO,0.4123540720735898,-0.0186269903254124,-0.0027028050211798,0.7178667870678586,subject-specific within-region cell-level induced sub-SC modularity Q,42465.0,131.0,-0.6438911928752412,subject_14,14.0,1.0,visual / optic,visual / optic,visual / optic midbrain,mesencephalon,0.1380916461939413,118265.0,0.3854048929035151,,,,,-0.2473132467095738,subject-region,figure14_postdca_oo_motif_summary.csv,,,,,,rTeO,Mes,856424.0,0.3854048929035151,0.3125846543300982,0.1639188065724454,
Zebrafish,rTh,1.7241906324684078,-0.0101136138986354,-0.0003279082270046,0.6529469632351552,subject-specific within-region cell-level induced sub-SC modularity Q,5832.0,41.0,-0.1045099312613758,subject_14,14.0,4.0,integrative relay,integrative relay,diencephalic / state relay,diencephalon,0.2429156571906646,69684.0,0.2086068359681383,,,,,0.03430882122252629,subject-region,figure14_postdca_oo_motif_summary.csv,,,,,,rTh,Di,286865.0,0.2086068359681383,0.3772610809962874,0.1712164258449096,
Zebrafish,rTS,-2.2703376196209306,-0.0038580661551267,-0.015784412181488,0.8356276521099938,subject-specific within-region cell-level induced sub-SC modularity Q,173.0,60.0,1.0549023232654466,subject_14,14.0,1.0,visual / optic,visual / optic,visual / optic midbrain,mesencephalon,0.1969090326713645,2459.0,0.3398462524023062,,,,,-0.1429372197309417,subject-region,figure14_postdca_oo_motif_summary.csv,,,,,,rTS,Mes,12488.0,0.3398462524023062,0.239509929532351,0.2237347853939782,
Zebrafish,rNX,0.0275823345492476,-0.0178672490534446,0.0052303265515132,0.4919985342533466,subject-specific within-region cell-level induced sub-SC modularity Q,8931.0,10.0,-0.9081580834721436,subject_14,14.0,3.0,sensorimotor output,sensorimotor output,hindbrain / cerebellar / motor,hindbrain / motor,0.2493555849306014,15091.0,0.2548248512888301,,,,,-0.005469266358228697,subject-region,figure14_postdca_oo_motif_summary.csv,,,,,,rNX,Hind,60520.0,0.2548248512888301,0.365680766688698,0.1301387970918704,
Zebrafish,MON,-0.9064706718065128,-0.0108860571231844,0.001810838330195,0.310557363768855,subject-specific within-region cell-level induced sub-SC modularity Q,16583.0,31.0,0.8980081831396923,subject_15,15.0,3.0,sensorimotor output,sensorimotor output,hindbrain / cerebellar / motor,hindbrain / motor,0.1195638568627178,25791.0,0.411406107301967,,,,,-0.29184225043924916,subject-region,figure14_postdca_oo_motif_summary.csv,,,,,,lMON,Hind,215709.0,0.411406107301967,0.2345891919205967,0.2344408439147184,
Zebrafish,Cb,-2.0343591441459625,-0.0133987364924786,0.004744780364368,0.639683075589026,subject-specific within-region cell-level induced sub-SC modularity Q,5948.0,95.0,0.4500389395946819,subject_15,15.0,3.0,sensorimotor output,sensorimotor output,hindbrain / cerebellar / motor,hindbrain / motor,0.1870109163129296,26742.0,0.3040133709098792,,,,,-0.11700245459694958,subject-region,figure14_postdca_oo_motif_summary.csv,,,,,,lCb,Hind,142997.0,0.3040133709098792,0.3380280705189619,0.1709476422582292,
Zebrafish,MOS1,0.9595812466413234,-0.0099541257317571,0.0060018396536724,0.2944041356439489,subject-specific within-region cell-level induced sub-SC modularity Q,65781.0,36.0,-0.5758721346711801,subject_15,15.0,3.0,sensorimotor output,sensorimotor output,hindbrain / cerebellar / motor,hindbrain / motor,0.1998847178278811,63113.0,0.2190424612110328,,,,,-0.01915774338315171,subject-region,figure14_postdca_oo_motif_summary.csv,,,,,,lMOS1,Hind,315747.0,0.2190424612110328,0.3098208375693197,0.2712519833917662,
Zebrafish,MOS2,0.413462564464276,-0.0108553485607514,0.0123266349827198,0.6481418553688825,subject-specific within-region cell-level induced sub-SC modularity Q,1850.0,31.0,-0.204648438640551,subject_15,15.0,3.0,sensorimotor output,sensorimotor output,hindbrain / cerebellar / motor,hindbrain / motor,0.1844185515193054,16144.0,0.3077450308430431,,,,,-0.12332647932373772,subject-region,figure14_postdca_oo_motif_summary.csv,,,,,,lMOS2,Hind,87540.0,0.3077450308430431,0.2584532785012565,0.2493831391363948,
Zebrafish,MOS3,1.0953026633039735,-0.0155852509473334,0.0055727189605019,0.4896975434662602,subject-specific within-region cell-level induced sub-SC modularity Q,11399.0,26.0,1.7597056941703733,subject_15,15.0,3.0,sensorimotor output,sensorimotor output,hindbrain / cerebellar / motor,hindbrain / motor,0.1958865516520492,98385.0,0.2677066430398901,,,,,-0.0718200913878409,subject-region,figure14_postdca_oo_motif_summary.csv,,,,,,lMOS3,Hind,502255.0,0.2677066430398901,0.3844919413445361,0.1519148639635245,
Zebrafish,MOS4,-0.3348985668658997,,0.0086227482942287,0.6012682846033379,subject-specific within-region cell-level induced sub-SC modularity Q,4781.0,108.0,1.2692189514771766,subject_15,15.0,3.0,sensorimotor output,sensorimotor output,hindbrain / cerebellar / motor,hindbrain / motor,0.1512140362547813,29096.0,0.3522420172958589,,,,,-0.2010279810410776,subject-region,figure14_postdca_oo_motif_summary.csv,,,,,,lMOS4,Hind,192416.0,0.3522420172958589,0.2537314984200898,0.2428124480292699,
Zebrafish,MOS5,-0.910803185648524,,,0.5353569232021385,subject-specific within-region cell-level induced sub-SC modularity Q,12395.0,55.0,0.6896996542973665,subject_15,15.0,3.0,sensorimotor output,sensorimotor output,hindbrain / cerebellar / motor,hindbrain / motor,0.171161946428987,36775.0,0.3268576481813316,,,,,-0.15569570175234462,subject-region,figure14_postdca_oo_motif_summary.csv,,,,,,lMOS5,Hind,214855.0,0.3268576481813316,0.2831258290474971,0.2188545763421842,
Zebrafish,Ra,0.0719467385801732,-0.015692619068055,0.0123442222909928,0.5598415497886398,subject-specific within-region cell-level induced sub-SC modularity Q,945.0,36.0,-1.0732532121995395,subject_15,15.0,6.0,state-dependent / modulatory,state-dependent / modulatory,habenular / hypothalamic / raphe state system,state system,0.1581862745098039,6454.0,0.2915441176470588,,,,,-0.13335784313725488,subject-region,figure14_postdca_oo_motif_summary.csv,,,,,,lRa,Hind,40800.0,0.2915441176470588,0.3320833333333333,0.2181862745098039,
Zebrafish,T,-0.7618382544717689,-0.0162354810314531,-0.0036829635126848,0.7029220430325783,subject-specific within-region cell-level induced sub-SC modularity Q,1447.0,48.0,0.9277063359947684,subject_15,15.0,4.0,integrative relay,integrative relay,diencephalic / state relay,diencephalon,0.1905963212928997,58401.0,0.2760498936073,,,,,-0.08545357231440029,subject-region,figure14_postdca_oo_motif_summary.csv,,,,,,lT,Hind,306412.0,0.2760498936073,0.3883627273083299,0.1449910577914703,
Zebrafish,aRF,-0.5577979719961745,-0.0165664989294073,-0.0005546350752722,0.5769860681492553,subject-specific within-region cell-level induced sub-SC modularity Q,1326.0,43.0,0.691164081183474,subject_15,15.0,3.0,sensorimotor output,sensorimotor output,hindbrain / cerebellar / motor,hindbrain / motor,0.169379407954709,28243.0,0.3555990020630427,,,,,-0.1862195941083337,subject-region,figure14_postdca_oo_motif_summary.csv,,,,,,laRF,Hind,166744.0,0.3555990020630427,0.3076872331238305,0.1673343568584177,
Zebrafish,imRF,-1.747677944091058,-0.0206078315963131,0.0052019636086177,0.5678112719545244,subject-specific within-region cell-level induced sub-SC modularity Q,3419.0,41.0,0.0945613538740357,subject_15,15.0,3.0,sensorimotor output,sensorimotor output,hindbrain / cerebellar / motor,hindbrain / motor,0.1897927704379317,28300.0,0.2726980081818791,,,,,-0.08290523774394742,subject-region,figure14_postdca_oo_motif_summary.csv,,,,,,limRF,Hind,149110.0,0.2726980081818791,0.4249547314063443,0.1125544899738448,
Zebrafish,pRF,0.0313675332673431,-0.0149925315940941,0.0109636125632128,0.5409809396716301,subject-specific within-region cell-level induced sub-SC modularity Q,5334.0,40.0,-0.9993968423468972,subject_15,15.0,3.0,sensorimotor output,sensorimotor output,hindbrain / cerebellar / motor,hindbrain / motor,0.2244865281881832,30844.0,0.2425290033333818,,,,,-0.018042475145198578,subject-region,figure14_postdca_oo_motif_summary.csv,,,,,,lpRF,Hind,137398.0,0.2425290033333818,0.3848454853782442,0.1481389831001907,
Zebrafish,P,0.9612859948810304,-0.0018581544380635,-0.0371114281121089,0.7985081242638777,subject-specific within-region cell-level induced sub-SC modularity Q,843.0,121.0,0.620877782191287,subject_15,15.0,5.0,associative / learning,associative / learning,telencephalic associative,telencephalon,0.2214329454990814,1808.0,0.2824249846907532,,,,,-0.060992039191671815,subject-region,figure14_postdca_oo_motif_summary.csv,,,,,,lP,Tel,8165.0,0.2824249846907532,0.2351500306184935,0.2609920391916717,
Zebrafish,PT,0.42887993895004,-0.010807781535401,-0.0070577306138928,0.6368430607622166,subject-specific within-region cell-level induced sub-SC modularity Q,957.0,36.0,-0.6912684630492095,subject_15,15.0,1.0,visual / optic,visual / optic,visual / optic midbrain,diencephalon,0.2010095962896055,15689.0,0.2955503452870559,,,,,-0.09454074899745044,subject-region,figure14_postdca_oo_motif_summary.csv,,,,,,lPT,Di,78051.0,0.2955503452870559,0.2310796786716377,0.2723603797517008,
Zebrafish,PO,0.94078996054789,,,0.7017568299786345,subject-specific within-region cell-level induced sub-SC modularity Q,806.0,44.0,0.3100325652279685,subject_15,15.0,6.0,state-dependent / modulatory,state-dependent / modulatory,habenular / hypothalamic / raphe state system,state system,0.3134784422996675,23288.0,0.1979431678983429,,,,,0.11553527440132458,subject-region,figure14_postdca_oo_motif_summary.csv,,,,,,lPO,Tel,74289.0,0.1979431678983429,0.2170173242337358,0.2715610655682537,
Zebrafish,PrT,-0.5095960787432262,-0.0161305078071485,-0.0027013363612703,0.6930982312600157,subject-specific within-region cell-level induced sub-SC modularity Q,549.0,65.0,-0.5049565631305462,subject_15,15.0,1.0,visual / optic,visual / optic,visual / optic midbrain,diencephalon,0.1704468397348312,16841.0,0.3383533222002935,,,,,-0.1679064824654623,subject-region,figure14_postdca_oo_motif_summary.csv,,,,,,lPrT,Di,98805.0,0.3383533222002935,0.284368199989879,0.2068316380749962,
Zebrafish,SP,1.2920085850186984,0.0064983971163566,-0.0311795928604765,0.6819529087162379,subject-specific within-region cell-level induced sub-SC modularity Q,867.0,76.0,1.521777832227459,subject_15,15.0,5.0,associative / learning,associative / learning,telencephalic associative,telencephalon,0.310739351985386,3232.0,0.2090183636188828,,,,,0.1017209883665032,subject-region,figure14_postdca_oo_motif_summary.csv,,,,,,lSP,Tel,10401.0,0.2090183636188828,0.2425728295356215,0.2376694548601096,
Zebrafish,TeO,-2.583794906727187,-0.0140634688505035,-0.0034083969193655,0.8148523932807851,subject-specific within-region cell-level induced sub-SC modularity Q,12221.0,317.0,-0.1317061285014219,subject_15,15.0,1.0,visual / optic,visual / optic,visual / optic midbrain,mesencephalon,0.180577274209822,59240.0,0.3249354536836362,,,,,-0.14435817947381419,subject-region,figure14_postdca_oo_motif_summary.csv,,,,,,lTeO,Mes,328059.0,0.3249354536836362,0.2885212720882524,0.2059660000182893,
Zebrafish,Th,-0.3083335204962832,,-0.0002493624428914,0.703222132114944,subject-specific within-region cell-level induced sub-SC modularity Q,2783.0,65.0,-0.9748110555806132,subject_15,15.0,4.0,integrative relay,integrative relay,diencephalic / state relay,diencephalon,0.2299752670194685,33288.0,0.251378276429055,,,,,-0.021403009409586532,subject-region,figure14_postdca_oo_motif_summary.csv,,,,,,lTh,Di,144746.0,0.251378276429055,0.3500269437497409,0.1686195128017354,
Zebrafish,NX,-0.544120464228047,,,0.3911031496170284,subject-specific within-region cell-level induced sub-SC modularity Q,4009.0,11.0,-0.3724295210308386,subject_15,15.0,3.0,sensorimotor output,sensorimotor output,hindbrain / cerebellar / motor,hindbrain / motor,0.2398839328367451,13558.0,0.2484120384295546,,,,,-0.008528105592809476,subject-region,figure14_postdca_oo_motif_summary.csv,,,,,,lNX,Hind,56519.0,0.2484120384295546,0.2799412586917674,0.2317627700419328,
Zebrafish,rMON,-1.863126704121279,-0.0184926460991344,-0.0032137185492174,0.3138655274492717,subject-specific within-region cell-level induced sub-SC modularity Q,22301.0,31.0,0.1632747347176691,subject_15,15.0,3.0,sensorimotor output,sensorimotor output,hindbrain / cerebellar / motor,hindbrain / motor,0.1377329680445843,24986.0,0.4138107811630073,,,,,-0.276077813118423,subject-region,figure14_postdca_oo_motif_summary.csv,,,,,,rMON,Hind,181409.0,0.4138107811630073,0.2446515883996935,0.2038046623927148,
Zebrafish,rCb,-1.1344110919020838,-0.0166914189847568,-2.3106711531857185e-05,0.6628856749342972,subject-specific within-region cell-level induced sub-SC modularity Q,7223.0,102.0,0.159981135486316,subject_15,15.0,3.0,sensorimotor output,sensorimotor output,hindbrain / cerebellar / motor,hindbrain / motor,0.1529266354727642,17322.0,0.3665666107530679,,,,,-0.2136399752803037,subject-region,figure14_postdca_oo_motif_summary.csv,,,,,,rCb,Hind,113270.0,0.3665666107530679,0.298922927518319,0.1815838262558488,
Zebrafish,rMOS1,0.8919836062112172,-0.0106205266409192,0.008815419785142,0.2802467253434486,subject-specific within-region cell-level induced sub-SC modularity Q,49623.0,37.0,-0.5235423884841512,subject_15,15.0,3.0,sensorimotor output,sensorimotor output,hindbrain / cerebellar / motor,hindbrain / motor,0.3059097414368858,80156.0,0.1139814903158095,,,,,0.1919282511210763,subject-region,figure14_postdca_oo_motif_summary.csv,,,,,,rMOS1,Hind,262025.0,0.1139814903158095,0.4724892662913844,0.1076195019559202,
Zebrafish,rMOS2,0.4199515554550133,-0.0006264455908755,0.0118913017227425,0.55903636258743,subject-specific within-region cell-level induced sub-SC modularity Q,2643.0,30.0,-1.4793938551907708,subject_15,15.0,3.0,sensorimotor output,sensorimotor output,hindbrain / cerebellar / motor,hindbrain / motor,0.3420890718917128,14456.0,0.1462208339249373,,,,,0.1958682379667755,subject-region,figure14_postdca_oo_motif_summary.csv,,,,,,rMOS2,Hind,42258.0,0.1462208339249373,0.3670310947039614,0.1446589994793885,
Zebrafish,rMOS3,1.205448265795276,-0.0168823152257718,-0.0085566079418407,0.5239511581686822,subject-specific within-region cell-level induced sub-SC modularity Q,13432.0,21.0,1.220715436728271,subject_15,15.0,3.0,sensorimotor output,sensorimotor output,hindbrain / cerebellar / motor,hindbrain / motor,0.2245456393364014,129246.0,0.2138939416840836,,,,,0.010651697652317799,subject-region,figure14_postdca_oo_motif_summary.csv,,,,,,rMOS3,Hind,575589.0,0.2138939416840836,0.422280481385155,0.1392799375943598,
Zebrafish,rMOS4,0.2844762860905664,-0.010504792298498,0.0005179955545119,0.6822002541942683,subject-specific within-region cell-level induced sub-SC modularity Q,4455.0,100.0,0.87105675597929,subject_15,15.0,3.0,sensorimotor output,sensorimotor output,hindbrain / cerebellar / motor,hindbrain / motor,0.2412999686239558,53065.0,0.223570230045518,,,,,0.01772973857843782,subject-region,figure14_postdca_oo_motif_summary.csv,,,,,,rMOS4,Hind,219913.0,0.223570230045518,0.3711376771723363,0.1639921241581898,
Zebrafish,rMOS5,-0.3466615445009393,,-0.0072078853378426,0.4148205912791731,subject-specific within-region cell-level induced sub-SC modularity Q,21808.0,42.0,1.0725628718013818,subject_15,15.0,3.0,sensorimotor output,sensorimotor output,hindbrain / cerebellar / motor,hindbrain / motor,0.1916496017386501,53439.0,0.2822007122440709,,,,,-0.0905511105054208,subject-region,figure14_postdca_oo_motif_summary.csv,,,,,,rMOS5,Hind,278837.0,0.2822007122440709,0.3235582078418574,0.2025914781754214,
Zebrafish,rRa,-0.4054402004187641,-0.0206526168823533,0.0104195874534922,0.7362369010720659,subject-specific within-region cell-level induced sub-SC modularity Q,273.0,42.0,-1.131341281885866,subject_15,15.0,6.0,state-dependent / modulatory,state-dependent / modulatory,habenular / hypothalamic / raphe state system,state system,0.1458877983971199,3404.0,0.3421763168045257,,,,,-0.1962885184074058,subject-region,figure14_postdca_oo_motif_summary.csv,,,,,,rRa,Hind,23333.0,0.3421763168045257,0.3373333904770068,0.1746024943213474,
Zebrafish,rT,0.2123800100436431,-0.0209693085801675,-0.0015901178023219,0.548396612116181,subject-specific within-region cell-level induced sub-SC modularity Q,4542.0,72.0,0.8917221452466781,subject_15,15.0,4.0,integrative relay,integrative relay,diencephalic / state relay,diencephalon,0.1801440448530558,90094.0,0.3035259396707203,,,,,-0.12338189481766448,subject-region,figure14_postdca_oo_motif_summary.csv,,,,,,rT,Hind,500122.0,0.3035259396707203,0.3618477091589652,0.1544823063172586,
Zebrafish,raRF,0.0925811643200843,,-0.0081744945491599,0.6770763509847106,subject-specific within-region cell-level induced sub-SC modularity Q,1062.0,68.0,0.3915737442773611,subject_15,15.0,3.0,sensorimotor output,sensorimotor output,hindbrain / cerebellar / motor,hindbrain / motor,0.1552082361621112,18302.0,0.3713735699929613,,,,,-0.21616533383085007,subject-region,figure14_postdca_oo_motif_summary.csv,,,,,,raRF,Hind,117919.0,0.3713735699929613,0.2878925364021065,0.1855256574428209,
Zebrafish,rimRF,-0.4883233267182869,-0.0239724919637183,-0.000482131001817,0.55098818472874,subject-specific within-region cell-level induced sub-SC modularity Q,3769.0,30.0,-0.1001685105701624,subject_15,15.0,3.0,sensorimotor output,sensorimotor output,hindbrain / cerebellar / motor,hindbrain / motor,0.1950013714117513,29149.0,0.2274469665041042,,,,,-0.0324455950923529,subject-region,figure14_postdca_oo_motif_summary.csv,,,,,,rimRF,Hind,149481.0,0.2274469665041042,0.4615569871756276,0.1159946749085168,
Zebrafish,rpRF,1.4768847106556815,-0.0064394599194731,0.009188609312681,0.4765957074928604,subject-specific within-region cell-level induced sub-SC modularity Q,8498.0,21.0,-1.4746984784405217,subject_15,15.0,3.0,sensorimotor output,sensorimotor output,hindbrain / cerebellar / motor,hindbrain / motor,0.2582582866656576,27301.0,0.171437490540336,,,,,0.08682079612532159,subject-region,figure14_postdca_oo_motif_summary.csv,,,,,,rpRF,Hind,105712.0,0.171437490540336,0.4216645224761616,0.1486397003178447,
Zebrafish,rHi,0.0525565831748301,-0.01863785586144,-0.0017460102966314,,,,,0.7468816957833387,subject_15,15.0,6.0,state-dependent / modulatory,state-dependent / modulatory,habenular / hypothalamic / raphe state system,state system,,,,,,,,,subject-region,figure14_postdca_oo_motif_summary.csv,,,,,,rHi,,,,,,
Zebrafish,rP,0.9462999041802224,,-0.0206527039183289,0.8065770479837281,subject-specific within-region cell-level induced sub-SC modularity Q,821.0,146.0,1.4039277142719522,subject_15,15.0,5.0,associative / learning,associative / learning,telencephalic associative,telencephalon,0.2801510989010989,8158.0,0.2164491758241758,,,,,0.0637019230769231,subject-region,figure14_postdca_oo_motif_summary.csv,,,,,,rP,Tel,29120.0,0.2164491758241758,0.2025755494505494,0.3008241758241758,
Zebrafish,rPT,0.375468872645347,-0.006000876031484,-0.0055749395533733,0.6412636381670304,subject-specific within-region cell-level induced sub-SC modularity Q,710.0,38.0,-0.537910406804127,subject_15,15.0,1.0,visual / optic,visual / optic,visual / optic midbrain,diencephalon,0.1966994094159442,12956.0,0.2901908391151866,,,,,-0.09349142969924243,subject-region,figure14_postdca_oo_motif_summary.csv,,,,,,rPT,Di,65867.0,0.2901908391151866,0.2257579668119088,0.2873517846569602,
Zebrafish,rPO,1.5294282735376523,,,0.6941365286407203,subject-specific within-region cell-level induced sub-SC modularity Q,649.0,34.0,0.5375433859364096,subject_15,15.0,6.0,state-dependent / modulatory,state-dependent / modulatory,habenular / hypothalamic / raphe state system,state system,0.3226808376404358,26596.0,0.1839314746062944,,,,,0.13874936303414143,subject-region,figure14_postdca_oo_motif_summary.csv,,,,,,rPO,Tel,82422.0,0.1839314746062944,0.2166411880323214,0.2767464997209483,
Zebrafish,rPrT,-0.2556617407538397,-0.0216401391272797,-0.0040628975187954,0.6561821130493259,subject-specific within-region cell-level induced sub-SC modularity Q,795.0,60.0,-0.0982725005285932,subject_15,15.0,1.0,visual / optic,visual / optic,visual / optic midbrain,diencephalon,0.186435776898355,22566.0,0.306347540875255,,,,,-0.11991176397690001,subject-region,figure14_postdca_oo_motif_summary.csv,,,,,,rPrT,Di,121039.0,0.306347540875255,0.349284115037302,0.1579325671890878,
Zebrafish,rSP,1.8562369626116295,0.0145122419134045,-0.0033170722222282,0.6634341750219113,subject-specific within-region cell-level induced sub-SC modularity Q,917.0,54.0,2.666550470195457,subject_15,15.0,5.0,associative / learning,associative / learning,telencephalic associative,telencephalon,0.2512009042102289,889.0,0.262786097767731,,,,,-0.011585193557502094,subject-region,figure14_postdca_oo_motif_summary.csv,,,,,,rSP,Tel,3539.0,0.262786097767731,0.2814354337383442,0.2045775642836959,
Zebrafish,rTeO,-0.6982772164886392,,-0.0047009650128242,0.7787717262024947,subject-specific within-region cell-level induced sub-SC modularity Q,14431.0,309.0,-0.6724583421513419,subject_15,15.0,1.0,visual / optic,visual / optic,visual / optic midbrain,mesencephalon,0.1632883041910147,57815.0,0.3411868375194525,,,,,-0.1778985333284378,subject-region,figure14_postdca_oo_motif_summary.csv,,,,,,rTeO,Mes,354067.0,0.3411868375194525,0.3315530676397405,0.1639717906497922,
Zebrafish,rTh,0.6527408815222356,-0.0071339273890906,-0.0030444360501284,0.6351231200690334,subject-specific within-region cell-level induced sub-SC modularity Q,3119.0,66.0,-0.2776605226416416,subject_15,15.0,4.0,integrative relay,integrative relay,diencephalic / state relay,diencephalon,0.2915952694455968,48499.0,0.1829151710827726,,,,,0.10868009836282422,subject-region,figure14_postdca_oo_motif_summary.csv,,,,,,rTh,Di,166323.0,0.1829151710827726,0.3490737901553002,0.1764157693163302,
Zebrafish,rNX,0.20053023222629,-0.0307486147759096,0.0062969642811081,0.3724110538953052,subject-specific within-region cell-level induced sub-SC modularity Q,17535.0,12.0,-0.7212278229321927,subject_15,15.0,3.0,sensorimotor output,sensorimotor output,hindbrain / cerebellar / motor,hindbrain / motor,0.0944553346401568,3373.0,0.3962195463455614,,,,,-0.3017642117054046,subject-region,figure14_postdca_oo_motif_summary.csv,,,,,,rNX,Hind,35710.0,0.3962195463455614,0.2464015681881825,0.2629235508260991,
Zebrafish,MON,-1.1266946602816816,-0.0124100185505509,-0.0014117768694663,0.360982071374571,subject-specific within-region cell-level induced sub-SC modularity Q,17079.0,36.0,0.9529906662317784,subject_16,16.0,3.0,sensorimotor output,sensorimotor output,hindbrain / cerebellar / motor,hindbrain / motor,0.1339571480185246,36706.0,0.40137876670085,,,,,-0.2674216186823254,subject-region,figure14_postdca_oo_motif_summary.csv,,,,,,lMON,Hind,274013.0,0.40137876670085,0.2714141299865334,0.1932499552940919,
Zebrafish,Cb,-0.7359305543727644,-0.0166637684342718,0.0006884914570073,0.5931217214894134,subject-specific within-region cell-level induced sub-SC modularity Q,9126.0,89.0,0.4709221350992387,subject_16,16.0,3.0,sensorimotor output,sensorimotor output,hindbrain / cerebellar / motor,hindbrain / motor,0.1643531344937615,34407.0,0.3236572596824426,,,,,-0.1593041251886811,subject-region,figure14_postdca_oo_motif_summary.csv,,,,,,lCb,Hind,209348.0,0.3236572596824426,0.3662131952538357,0.14577641056996,
Zebrafish,MOS1,0.7306886911473776,,,0.2807956398174577,subject-specific within-region cell-level induced sub-SC modularity Q,79310.0,34.0,-0.7152677562329874,subject_16,16.0,3.0,sensorimotor output,sensorimotor output,hindbrain / cerebellar / motor,hindbrain / motor,0.2040593836407462,85165.0,0.2460644920139737,,,,,-0.04200510837322752,subject-region,figure14_postdca_oo_motif_summary.csv,,,,,,lMOS1,Hind,417354.0,0.2460644920139737,0.2792281851857176,0.2706479391595623,
Zebrafish,MOS2,0.5409894685369045,-0.0096395674837345,0.0101158401988135,0.6574916246529068,subject-specific within-region cell-level induced sub-SC modularity Q,2178.0,51.0,-0.2330251354306952,subject_16,16.0,3.0,sensorimotor output,sensorimotor output,hindbrain / cerebellar / motor,hindbrain / motor,0.1618223449390531,24029.0,0.3700720587244932,,,,,-0.20824971378544013,subject-region,figure14_postdca_oo_motif_summary.csv,,,,,,lMOS2,Hind,148490.0,0.3700720587244932,0.2342514647451006,0.2338541315913529,
Zebrafish,MOS3,0.941574602714312,-0.0155389212531289,0.0001378627862991,0.4814461484527423,subject-specific within-region cell-level induced sub-SC modularity Q,13480.0,34.0,1.8732224326373867,subject_16,16.0,3.0,sensorimotor output,sensorimotor output,hindbrain / cerebellar / motor,hindbrain / motor,0.1706765991587327,126151.0,0.3034271697674135,,,,,-0.1327505706086808,subject-region,figure14_postdca_oo_motif_summary.csv,,,,,,lMOS3,Hind,739123.0,0.3034271697674135,0.380848654418818,0.1450475766550357,
Zebrafish,MOS4,-0.156480093526333,-0.007043935239816,-0.0006821508683748,0.6425827370930949,subject-specific within-region cell-level induced sub-SC modularity Q,6184.0,120.0,1.3716877698405776,subject_16,16.0,3.0,sensorimotor output,sensorimotor output,hindbrain / cerebellar / motor,hindbrain / motor,0.1391396260643122,38043.0,0.3772164028440179,,,,,-0.2380767767797057,subject-region,figure14_postdca_oo_motif_summary.csv,,,,,,lMOS4,Hind,273416.0,0.3772164028440179,0.2667217719518975,0.2169221991397723,
Zebrafish,MOS5,-1.0593437251192257,-0.0091215897421818,,0.5568070130701661,subject-specific within-region cell-level induced sub-SC modularity Q,14187.0,39.0,0.6918122989367396,subject_16,16.0,3.0,sensorimotor output,sensorimotor output,hindbrain / cerebellar / motor,hindbrain / motor,0.1443996479669395,41511.0,0.3663544054572081,,,,,-0.2219547574902686,subject-region,figure14_postdca_oo_motif_summary.csv,,,,,,lMOS5,Hind,287473.0,0.3663544054572081,0.2856546527847832,0.203591293791069,
Zebrafish,Ra,-0.4022705881672306,-0.0138342284850853,0.0103957195981993,0.5756222923945831,subject-specific within-region cell-level induced sub-SC modularity Q,906.0,33.0,-1.2451198280724656,subject_16,16.0,6.0,state-dependent / modulatory,state-dependent / modulatory,habenular / hypothalamic / raphe state system,state system,0.1810943588006098,8552.0,0.2806835507369134,,,,,-0.09958919193630361,subject-region,figure14_postdca_oo_motif_summary.csv,,,,,,lRa,Hind,47224.0,0.2806835507369134,0.3259783161104523,0.2122437743520244,
Zebrafish,T,-0.072596191777256,,-0.0042119067010986,0.6259837130446574,subject-specific within-region cell-level induced sub-SC modularity Q,5119.0,45.0,1.1389826534713352,subject_16,16.0,4.0,integrative relay,integrative relay,diencephalic / state relay,diencephalon,0.1962162764443342,186668.0,0.249803960316943,,,,,-0.05358768387260879,subject-region,figure14_postdca_oo_motif_summary.csv,,,,,,lT,Hind,951338.0,0.249803960316943,0.4338500091450147,0.120129754093708,
Zebrafish,aRF,-1.643396881646144,-0.0151065299873008,-0.0044835767206892,0.6361803281951256,subject-specific within-region cell-level induced sub-SC modularity Q,1263.0,45.0,0.627218716128936,subject_16,16.0,3.0,sensorimotor output,sensorimotor output,hindbrain / cerebellar / motor,hindbrain / motor,0.1329811387083701,27236.0,0.4165645399905278,,,,,-0.28358340128215764,subject-region,figure14_postdca_oo_motif_summary.csv,,,,,,laRF,Hind,204811.0,0.4165645399905278,0.2657181499040579,0.1847361713970441,
Zebrafish,imRF,-0.6214149217459248,-0.0225134812393206,0.0011715935251862,0.510668383761644,subject-specific within-region cell-level induced sub-SC modularity Q,3076.0,35.0,-0.1472258016456945,subject_16,16.0,3.0,sensorimotor output,sensorimotor output,hindbrain / cerebellar / motor,hindbrain / motor,0.1584431787987661,27430.0,0.3077829507514931,,,,,-0.149339771952727,subject-region,figure14_postdca_oo_motif_summary.csv,,,,,,limRF,Hind,173122.0,0.3077829507514931,0.426797287462021,0.1069765829877196,
Zebrafish,pRF,0.6812212958397116,,0.007125334077089,0.5297720655345621,subject-specific within-region cell-level induced sub-SC modularity Q,4772.0,48.0,-1.1272868104104192,subject_16,16.0,3.0,sensorimotor output,sensorimotor output,hindbrain / cerebellar / motor,hindbrain / motor,0.233000652355491,38217.0,0.1768188219801123,,,,,0.05618183037537869,subject-region,figure14_postdca_oo_motif_summary.csv,,,,,,lpRF,Hind,164021.0,0.1768188219801123,0.483602709409161,0.1065778162552356,
Zebrafish,Hb,-0.5125922695098877,0.0177224078003818,-0.0021462623049889,0.6923232829659342,subject-specific within-region cell-level induced sub-SC modularity Q,433.0,45.0,5.254713729065905,subject_16,16.0,6.0,state-dependent / modulatory,state-dependent / modulatory,habenular / hypothalamic / raphe state system,state system,0.3357130419641302,1928.0,0.1426083928260491,,,,,0.19310464913808112,subject-region,figure14_postdca_oo_motif_summary.csv,,,,,,lHb,Di,5743.0,0.1426083928260491,0.0926345115793139,0.4290440536305067,
Zebrafish,Hi,-2.411797645116312,-0.0239457148107445,0.0036780240868391,,,,,1.2967669263902937,subject_16,16.0,6.0,state-dependent / modulatory,state-dependent / modulatory,habenular / hypothalamic / raphe state system,state system,,,,,,,,,subject-region,figure14_postdca_oo_motif_summary.csv,,,,,,lHi,,,,,,
Zebrafish,OB,1.1633473396242748,-0.0010232915972284,0.0007383194816829,0.5728089194089734,subject-specific within-region cell-level induced sub-SC modularity Q,805.0,16.0,0.1177830356563834,subject_16,16.0,0.0,olfactory / chemosensory,olfactory / chemosensory,olfactory sensory,telencephalon,0.1886792452830188,10.0,0.2264150943396226,,,,,-0.03773584905660379,subject-region,figure14_postdca_oo_motif_summary.csv,,,,,,lOB,Tel,53.0,0.2264150943396226,0.320754716981132,0.2641509433962264,
Zebrafish,P,1.4588561906851545,0.0046497248463185,-0.0393101363398967,0.766898181990179,subject-specific within-region cell-level induced sub-SC modularity Q,1364.0,103.0,0.7738385593983167,subject_16,16.0,5.0,associative / learning,associative / learning,telencephalic associative,telencephalon,0.2822112913882975,3844.0,0.2201013141472726,,,,,0.06210997724102488,subject-region,figure14_postdca_oo_motif_summary.csv,,,,,,lP,Tel,13621.0,0.2201013141472726,0.2524043755965054,0.2452830188679245,
Zebrafish,PT,-1.0421789046348982,-0.0108838789448988,-0.0051718599933914,0.623906853928519,subject-specific within-region cell-level induced sub-SC modularity Q,1244.0,28.0,-0.7866754940504198,subject_16,16.0,1.0,visual / optic,visual / optic,visual / optic midbrain,diencephalon,0.2073324766329478,18877.0,0.2804265928586334,,,,,-0.07309411622568562,subject-region,figure14_postdca_oo_motif_summary.csv,,,,,,lPT,Di,91047.0,0.2804265928586334,0.2710907553241732,0.2411501751842455,
Zebrafish,PO,0.8270718301402664,0.0073731921277183,,0.6889527477928377,subject-specific within-region cell-level induced sub-SC modularity Q,1332.0,30.0,0.3125187769952357,subject_16,16.0,6.0,state-dependent / modulatory,state-dependent / modulatory,habenular / hypothalamic / raphe state system,state system,0.3220437605637705,34868.0,0.1855621542241228,,,,,0.13648160633964768,subject-region,figure14_postdca_oo_motif_summary.csv,,,,,,lPO,Tel,108271.0,0.1855621542241228,0.2269490445271587,0.2654450406849479,
Zebrafish,PrT,-1.083688916187785,-0.020453891113026,-0.0014850257353444,0.4565070655605638,subject-specific within-region cell-level induced sub-SC modularity Q,1129.0,71.0,-0.488782167476817,subject_16,16.0,1.0,visual / optic,visual / optic,visual / optic midbrain,diencephalon,0.1610167514348373,13803.0,0.3301642480518874,,,,,-0.16914749661705009,subject-region,figure14_postdca_oo_motif_summary.csv,,,,,,lPrT,Di,85724.0,0.3301642480518874,0.3186038915589566,0.1902151089543185,
Zebrafish,SP,1.8520617440630696,0.0106115750827743,-0.0219689276902355,0.6412115478489023,subject-specific within-region cell-level induced sub-SC modularity Q,1916.0,43.0,2.1800549979836905,subject_16,16.0,5.0,associative / learning,associative / learning,telencephalic associative,telencephalon,0.2420970266040688,4641.0,0.2526343244653103,,,,,-0.010537297861241524,subject-region,figure14_postdca_oo_motif_summary.csv,,,,,,lSP,Tel,19170.0,0.2526343244653103,0.2232133541992697,0.282055294731351,
Zebrafish,TeO,-0.228386243148501,-0.0110271518518184,-0.0022026520170567,0.7329485343881813,subject-specific within-region cell-level induced sub-SC modularity Q,36862.0,175.0,-0.4082220918859268,subject_16,16.0,1.0,visual / optic,visual / optic,visual / optic midbrain,mesencephalon,0.1509096436254793,103256.0,0.3695953371995136,,,,,-0.2186856935740343,subject-region,figure14_postdca_oo_motif_summary.csv,,,,,,lTeO,Mes,684224.0,0.3695953371995136,0.2561164180151529,0.223378601159854,
Zebrafish,Th,-0.5758925345350493,-0.0176772935158277,0.0023046521900481,0.7461319777534029,subject-specific within-region cell-level induced sub-SC modularity Q,2102.0,62.0,-1.0150904632452276,subject_16,16.0,4.0,integrative relay,integrative relay,diencephalic / state relay,diencephalon,0.2166219346674694,21227.0,0.2834546029737425,,,,,-0.06683266830627307,subject-region,figure14_postdca_oo_motif_summary.csv,,,,,,lTh,Di,97991.0,0.2834546029737425,0.3195089344939841,0.1804145278648039,
Zebrafish,TS,-1.5848791761247203,-0.0110212672415344,-0.009690554729964,0.6431846812799197,subject-specific within-region cell-level induced sub-SC modularity Q,315.0,54.0,-0.6304951809494403,subject_16,16.0,1.0,visual / optic,visual / optic,visual / optic midbrain,mesencephalon,0.1693511606135529,7055.0,0.3506085119662018,,,,,-0.1812573513526489,subject-region,figure14_postdca_oo_motif_summary.csv,,,,,,lTS,Mes,41659.0,0.3506085119662018,0.2600158429150964,0.2200244845051489,
Zebrafish,NX,-0.1681046323649973,-0.0077815126846051,,0.3451509360377625,subject-specific within-region cell-level induced sub-SC modularity Q,10853.0,8.0,-0.4371570652657694,subject_16,16.0,3.0,sensorimotor output,sensorimotor output,hindbrain / cerebellar / motor,hindbrain / motor,0.2502594966241632,26280.0,0.2599822875698736,,,,,-0.009722790945710436,subject-region,figure14_postdca_oo_motif_summary.csv,,,,,,lNX,Hind,105011.0,0.2599822875698736,0.3387835560084181,0.150974659797545,
Zebrafish,rMON,-1.0585122063548391,-0.0113596667598018,-0.0016042033407504,0.3232917566272991,subject-specific within-region cell-level induced sub-SC modularity Q,27544.0,20.0,0.4158669911247618,subject_16,16.0,3.0,sensorimotor output,sensorimotor output,hindbrain / cerebellar / motor,hindbrain / motor,0.1327486882436365,37722.0,0.4204975348482022,,,,,-0.2877488466045657,subject-region,figure14_postdca_oo_motif_summary.csv,,,,,,rMON,Hind,284161.0,0.4204975348482022,0.2432529446335,0.2035008322746612,
Zebrafish,rCb,-0.8225115525448067,-0.0226718472193532,0.0020816537065072,0.5968907132684241,subject-specific within-region cell-level induced sub-SC modularity Q,12271.0,68.0,0.1886028281021641,subject_16,16.0,3.0,sensorimotor output,sensorimotor output,hindbrain / cerebellar / motor,hindbrain / motor,0.1419306738566497,27794.0,0.3527891823436893,,,,,-0.21085850848703958,subject-region,figure14_postdca_oo_motif_summary.csv,,,,,,rCb,Hind,195828.0,0.3527891823436893,0.3781788099761015,0.1271013338235594,
Zebrafish,rMOS1,0.6327890547933956,-0.0147406606344109,0.0061342395441588,0.2730676998184747,subject-specific within-region cell-level induced sub-SC modularity Q,65666.0,46.0,-0.4279815975482602,subject_16,16.0,3.0,sensorimotor output,sensorimotor output,hindbrain / cerebellar / motor,hindbrain / motor,0.2908579404195926,120033.0,0.1162675738939532,,,,,0.17459036652563942,subject-region,figure14_postdca_oo_motif_summary.csv,,,,,,rMOS1,Hind,412686.0,0.1162675738939532,0.5105310090480414,0.0823434766384127,
Zebrafish,rMOS2,-0.6470160021432271,-0.0026234666040952,0.0107233691580869,0.5450215163419295,subject-specific within-region cell-level induced sub-SC modularity Q,4041.0,39.0,-1.453291015816313,subject_16,16.0,3.0,sensorimotor output,sensorimotor output,hindbrain / cerebellar / motor,hindbrain / motor,0.2463500662271367,16553.0,0.2585834833985683,,,,,-0.012233417171431588,subject-region,figure14_postdca_oo_motif_summary.csv,,,,,,rMOS2,Hind,67193.0,0.2585834833985683,0.3360022621404015,0.1590641882338934,
Zebrafish,rMOS3,0.8925633797094683,-0.0164847054366043,-0.0075616730130933,0.5033082843975799,subject-specific within-region cell-level induced sub-SC modularity Q,16484.0,17.0,1.1971226798420296,subject_16,16.0,3.0,sensorimotor output,sensorimotor output,hindbrain / cerebellar / motor,hindbrain / motor,0.1947524216605002,157967.0,0.2685666802693076,,,,,-0.07381425860880739,subject-region,figure14_postdca_oo_motif_summary.csv,,,,,,rMOS3,Hind,811117.0,0.2685666802693076,0.3871093812606566,0.1495715168095354,
Zebrafish,rMOS4,0.5001874457026785,-0.0085209846883733,0.0007851860095915,0.7091129436004445,subject-specific within-region cell-level induced sub-SC modularity Q,8551.0,97.0,1.2531794578582744,subject_16,16.0,3.0,sensorimotor output,sensorimotor output,hindbrain / cerebellar / motor,hindbrain / motor,0.2024187624791798,78264.0,0.2796681184759106,,,,,-0.0772493559967308,subject-region,figure14_postdca_oo_motif_summary.csv,,,,,,rMOS4,Hind,386644.0,0.2796681184759106,0.3502550149491522,0.1676581040957573,
Zebrafish,rMOS5,-0.4715813750227542,-0.0080181006542016,-0.0025257968568838,0.3562513984615534,subject-specific within-region cell-level induced sub-SC modularity Q,36194.0,32.0,1.3200017960224253,subject_16,16.0,3.0,sensorimotor output,sensorimotor output,hindbrain / cerebellar / motor,hindbrain / motor,0.17996803620802,81753.0,0.2999577338287867,,,,,-0.11998969762076672,subject-region,figure14_postdca_oo_motif_summary.csv,,,,,,rMOS5,Hind,454264.0,0.2999577338287867,0.3335329235862846,0.1865413063769085,
Zebrafish,rRa,-0.7547579468185316,-0.0198811637402325,0.008435250103286,0.6974234693877551,subject-specific within-region cell-level induced sub-SC modularity Q,280.0,38.0,-1.1685598141655118,subject_16,16.0,6.0,state-dependent / modulatory,state-dependent / modulatory,habenular / hypothalamic / raphe state system,state system,0.177520040934675,5204.0,0.3293535732560123,,,,,-0.15183353232133728,subject-region,figure14_postdca_oo_motif_summary.csv,,,,,,rRa,Hind,29315.0,0.3293535732560123,0.2971516288589459,0.1959747569503667,
Zebrafish,rT,-0.1531036670451388,-0.0198655489821491,-0.0009601234524792,0.5011148564591925,subject-specific within-region cell-level induced sub-SC modularity Q,9216.0,39.0,0.7506739470650821,subject_16,16.0,4.0,integrative relay,integrative relay,diencephalic / state relay,diencephalon,0.1579747647252861,120206.0,0.3527694800629239,,,,,-0.1947947153376378,subject-region,figure14_postdca_oo_motif_summary.csv,,,,,,rT,Hind,760919.0,0.3527694800629239,0.3235232659455211,0.1657324892662688,
Zebrafish,rimRF,0.1995048721622149,-0.0239927077739265,0.0035706491312224,0.5184136640239131,subject-specific within-region cell-level induced sub-SC modularity Q,2288.0,30.0,-0.3896389340382766,subject_16,16.0,3.0,sensorimotor output,sensorimotor output,hindbrain / cerebellar / motor,hindbrain / motor,0.1757375644491719,23791.0,0.2429419846651598,,,,,-0.06720442021598788,subject-region,figure14_postdca_oo_motif_summary.csv,,,,,,rimRF,Hind,135378.0,0.2429419846651598,0.470534355656015,0.1107860952296532,
Zebrafish,rpRF,0.7153388773129243,-0.009252681572599,0.0090829554437422,0.4891284204470335,subject-specific within-region cell-level induced sub-SC modularity Q,7088.0,33.0,-1.5758724001406683,subject_16,16.0,3.0,sensorimotor output,sensorimotor output,hindbrain / cerebellar / motor,hindbrain / motor,0.1813209688084179,22212.0,0.246789822123901,,,,,-0.0654688533154831,subject-region,figure14_postdca_oo_motif_summary.csv,,,,,,rpRF,Hind,122501.0,0.246789822123901,0.4131149949796328,0.1587742140880482,
Zebrafish,rHb,0.3806630084847278,0.0048200558513521,-0.0087327422453623,0.7258235670022103,subject-specific within-region cell-level induced sub-SC modularity Q,413.0,43.0,5.109306821603285,subject_16,16.0,6.0,state-dependent / modulatory,state-dependent / modulatory,habenular / hypothalamic / raphe state system,state system,0.1591137965760322,474.0,0.328633769721383,,,,,-0.16951997314535078,subject-region,figure14_postdca_oo_motif_summary.csv,,,,,,rHb,Di,2979.0,0.328633769721383,0.1336018798254447,0.37865055387714,
Zebrafish,rP,1.6091165386086987,0.0066192392747327,-0.0141929453786083,0.8059611551996556,subject-specific within-region cell-level induced sub-SC modularity Q,944.0,106.0,1.8587146426079912,subject_16,16.0,5.0,associative / learning,associative / learning,telencephalic associative,telencephalon,0.3336813987372511,13741.0,0.1914764448761534,,,,,0.14220495386109772,subject-region,figure14_postdca_oo_motif_summary.csv,,,,,,rP,Tel,41180.0,0.1914764448761534,0.2293346284604177,0.2455075279261777,
Zebrafish,rPT,0.6155920930666678,-0.0107529213075884,-0.0041051916083601,0.6049400466289635,subject-specific within-region cell-level induced sub-SC modularity Q,1244.0,26.0,-0.7379515078139074,subject_16,16.0,1.0,visual / optic,visual / optic,visual / optic midbrain,diencephalon,0.1885006703998738,14340.0,0.3166390619659805,,,,,-0.1281383915661067,subject-region,figure14_postdca_oo_motif_summary.csv,,,,,,rPT,Di,76074.0,0.3166390619659805,0.2452743381444383,0.2495859294897074,
Zebrafish,rPO,1.2689320803543278,0.0084019355443779,,0.6314108269353023,subject-specific within-region cell-level induced sub-SC modularity Q,1430.0,28.0,0.7447388106626245,subject_16,16.0,6.0,state-dependent / modulatory,state-dependent / modulatory,habenular / hypothalamic / raphe state system,state system,0.3222846428647524,45378.0,0.1883083216738517,,,,,0.1339763211909007,subject-region,figure14_postdca_oo_motif_summary.csv,,,,,,rPO,Tel,140801.0,0.1883083216738517,0.2056306418278279,0.2837763936335679,
Zebrafish,rPrT,-0.5449979625824322,-0.0212028674182455,-0.0031065396212039,0.6862325626092282,subject-specific within-region cell-level induced sub-SC modularity Q,946.0,55.0,-0.323775951266672,subject_16,16.0,1.0,visual / optic,visual / optic,visual / optic midbrain,diencephalon,0.1697531094759646,22724.0,0.3252007619616778,,,,,-0.1554476524857132,subject-region,figure14_postdca_oo_motif_summary.csv,,,,,,rPrT,Di,133865.0,0.3252007619616778,0.3560377992753893,0.1490083292869682,
Zebrafish,rSP,1.9545379069124025,-0.0022085665495317,-0.0016056656917991,0.6671175746383503,subject-specific within-region cell-level induced sub-SC modularity Q,1140.0,73.0,2.619427989411732,subject_16,16.0,5.0,associative / learning,associative / learning,telencephalic associative,telencephalon,0.2040133779264214,854.0,0.3220258002866698,,,,,-0.11801242236024842,subject-region,figure14_postdca_oo_motif_summary.csv,,,,,,rSP,Tel,4186.0,0.3220258002866698,0.2907310081223124,0.1832298136645962,
Zebrafish,rTeO,1.1847544725759018,-0.0212136399348867,-0.0036371169258184,0.6794808606429392,subject-specific within-region cell-level induced sub-SC modularity Q,44819.0,183.0,-0.7255241327407493,subject_16,16.0,1.0,visual / optic,visual / optic,visual / optic midbrain,mesencephalon,0.1289944470541114,87600.0,0.3968419921101341,,,,,-0.2678475450560227,subject-region,figure14_postdca_oo_motif_summary.csv,,,,,,rTeO,Mes,679099.0,0.3968419921101341,0.2868477202882054,0.187315840547549,
Zebrafish,rTh,0.712793562162534,-0.0112954475682798,-0.002722484486155,0.6462817250861791,subject-specific within-region cell-level induced sub-SC modularity Q,4306.0,35.0,-0.3873067411896781,subject_16,16.0,4.0,integrative relay,integrative relay,diencephalic / state relay,diencephalon,0.2718457670886942,47688.0,0.1830204705198292,,,,,0.08882529656886498,subject-region,figure14_postdca_oo_motif_summary.csv,,,,,,rTh,Di,175423.0,0.1830204705198292,0.3987390479013584,0.1463947144901181,
Zebrafish,rNX,-0.9844558038265172,-0.017303047663416,0.0111644868050843,0.4148750721582763,subject-specific within-region cell-level induced sub-SC modularity Q,7751.0,20.0,-0.9201200607567288,subject_16,16.0,3.0,sensorimotor output,sensorimotor output,hindbrain / cerebellar / motor,hindbrain / motor,0.1844545764709531,11894.0,0.2701684190937005,,,,,-0.0857138426227474,subject-region,figure14_postdca_oo_motif_summary.csv,,,,,,rNX,Hind,64482.0,0.2701684190937005,0.3954747061195372,0.149902298315809,
Zebrafish,MON,-0.8572005051787633,-0.0083785025878565,-0.00653636974829,0.2943033827208982,subject-specific within-region cell-level induced sub-SC modularity Q,16681.0,52.0,1.02114723528258,subject_17,17.0,3.0,sensorimotor output,sensorimotor output,hindbrain / cerebellar / motor,hindbrain / motor,0.1382141888392967,33630.0,0.3941344249089669,,,,,-0.2559202360696702,subject-region,figure14_postdca_oo_motif_summary.csv,,,,,,lMON,Hind,243318.0,0.3941344249089669,0.2643659737462908,0.2032854125054455,
Zebrafish,Cb,-1.637198197564894,-0.0121444764435234,-0.0024720959674152,0.6054185377805161,subject-specific within-region cell-level induced sub-SC modularity Q,14287.0,100.0,0.4432726760907677,subject_17,17.0,3.0,sensorimotor output,sensorimotor output,hindbrain / cerebellar / motor,hindbrain / motor,0.175688517535681,39194.0,0.3106218173994119,,,,,-0.13493329986373093,subject-region,figure14_postdca_oo_motif_summary.csv,,,,,,lCb,Hind,223088.0,0.3106218173994119,0.3605169260560855,0.1531727390088216,
Zebrafish,MOS1,1.2080459399244572,-0.0096639890714432,0.0063573198747965,0.2699415974384612,subject-specific within-region cell-level induced sub-SC modularity Q,47394.0,34.0,-0.3701345061580254,subject_17,17.0,3.0,sensorimotor output,sensorimotor output,hindbrain / cerebellar / motor,hindbrain / motor,0.2206601433067107,79514.0,0.2331814422804748,,,,,-0.012521298973764111,subject-region,figure14_postdca_oo_motif_summary.csv,,,,,,lMOS1,Hind,360346.0,0.2331814422804748,0.3164125590404777,0.2297458553723365,
Zebrafish,MOS2,0.96319731649052,-0.0074515959554193,0.0124537373426252,0.5455166429334286,subject-specific within-region cell-level induced sub-SC modularity Q,1060.0,62.0,-0.1964336319520648,subject_17,17.0,3.0,sensorimotor output,sensorimotor output,hindbrain / cerebellar / motor,hindbrain / motor,0.1757466312751113,24233.0,0.3458291632217919,,,,,-0.1700825319466806,subject-region,figure14_postdca_oo_motif_summary.csv,,,,,,lMOS2,Hind,137886.0,0.3458291632217919,0.2146193232090277,0.263804882294069,
Zebrafish,MOS3,0.7987123547833067,-0.0164283968292685,0.0030569295629503,0.4090794950102029,subject-specific within-region cell-level induced sub-SC modularity Q,10000.0,27.0,1.6779879067933132,subject_17,17.0,3.0,sensorimotor output,sensorimotor output,hindbrain / cerebellar / motor,hindbrain / motor,0.1855827821076038,92557.0,0.2742587776724005,,,,,-0.08867599556479669,subject-region,figure14_postdca_oo_motif_summary.csv,,,,,,lMOS3,Hind,498737.0,0.2742587776724005,0.4055383899730719,0.1346200502469237,
Zebrafish,MOS4,-0.0956430092315781,-0.006616246393561,-7.690905813514227e-05,0.6267752600973538,subject-specific within-region cell-level induced sub-SC modularity Q,3117.0,114.0,1.1537084969849656,subject_17,17.0,3.0,sensorimotor output,sensorimotor output,hindbrain / cerebellar / motor,hindbrain / motor,0.1408126166846811,28661.0,0.3842340571877763,,,,,-0.24342144050309522,subject-region,figure14_postdca_oo_motif_summary.csv,,,,,,lMOS4,Hind,203540.0,0.3842340571877763,0.2595116439029183,0.2154416822246241,
Zebrafish,MOS5,-1.250002202674829,-0.0076799326031148,-0.0002707224565474,0.5850137334624708,subject-specific within-region cell-level induced sub-SC modularity Q,11247.0,67.0,0.8613237457105629,subject_17,17.0,3.0,sensorimotor output,sensorimotor output,hindbrain / cerebellar / motor,hindbrain / motor,0.166806665405945,37929.0,0.323449862126896,,,,,-0.15664319672095103,subject-region,figure14_postdca_oo_motif_summary.csv,,,,,,lMOS5,Hind,227383.0,0.323449862126896,0.2965085340592744,0.2132349384078845,
Zebrafish,Ra,-0.3986433378290749,-0.0148270503115894,0.0086080184280231,0.6853691914083417,subject-specific within-region cell-level induced sub-SC modularity Q,686.0,35.0,-1.095236787403114,subject_17,17.0,6.0,state-dependent / modulatory,state-dependent / modulatory,habenular / hypothalamic / raphe state system,state system,0.2336173428176867,8966.0,0.2486776622632168,,,,,-0.015060319445530101,subject-region,figure14_postdca_oo_motif_summary.csv,,,,,,lRa,Hind,38379.0,0.2486776622632168,0.3551421350217567,0.1625628598973396,
Zebrafish,T,-0.4828312887748238,-0.0198084327127755,-0.00382316534479,0.6774488983789894,subject-specific within-region cell-level induced sub-SC modularity Q,5882.0,33.0,1.1407264284932506,subject_17,17.0,4.0,integrative relay,integrative relay,diencephalic / state relay,diencephalon,0.1860234562047656,142419.0,0.2658017207486445,,,,,-0.0797782645438789,subject-region,figure14_postdca_oo_motif_summary.csv,,,,,,lT,Hind,765597.0,0.2658017207486445,0.4296555498519456,0.1185192731946441,
Zebrafish,aRF,-1.249511674448936,-0.0161749224951703,0.0008244245873031,0.6621001984778779,subject-specific within-region cell-level induced sub-SC modularity Q,804.0,53.0,0.278268617564606,subject_17,17.0,3.0,sensorimotor output,sensorimotor output,hindbrain / cerebellar / motor,hindbrain / motor,0.1650203243148739,22653.0,0.3443405160481956,,,,,-0.1793201917333217,subject-region,figure14_postdca_oo_motif_summary.csv,,,,,,laRF,Hind,137274.0,0.3443405160481956,0.3250214898669814,0.1656176697699491,
Zebrafish,imRF,-0.5902783243715068,-0.0259227485936307,0.0025686940998444,0.5718881179582408,subject-specific within-region cell-level induced sub-SC modularity Q,1430.0,48.0,-0.5275702052429987,subject_17,17.0,3.0,sensorimotor output,sensorimotor output,hindbrain / cerebellar / motor,hindbrain / motor,0.1703838706002961,14958.0,0.2894065383301059,,,,,-0.11902266772980977,subject-region,figure14_postdca_oo_motif_summary.csv,,,,,,limRF,Hind,87790.0,0.2894065383301059,0.4345825264836542,0.1056270645859437,
Zebrafish,pRF,0.8974925013681563,-0.0154757857690795,0.0064137709090651,0.61620458033217,subject-specific within-region cell-level induced sub-SC modularity Q,2412.0,69.0,-1.5588923448670176,subject_17,17.0,3.0,sensorimotor output,sensorimotor output,hindbrain / cerebellar / motor,hindbrain / motor,0.2097494588200908,22964.0,0.2425308038690938,,,,,-0.032781345049002986,subject-region,figure14_postdca_oo_motif_summary.csv,,,,,,lpRF,Hind,109483.0,0.2425308038690938,0.3971118803832558,0.1506078569275595,
Zebrafish,Hb,1.1138428987932671,0.0238138945209611,-0.0001451404465394,0.5224302747701259,subject-specific within-region cell-level induced sub-SC modularity Q,1233.0,46.0,6.702295355676824,subject_17,17.0,6.0,state-dependent / modulatory,state-dependent / modulatory,habenular / hypothalamic / raphe state system,state system,0.4301027244305493,3852.0,0.0754801250558284,,,,,0.3546225993747209,subject-region,figure14_postdca_oo_motif_summary.csv,,,,,,lHb,Di,8956.0,0.0754801250558284,0.0809513175524787,0.4134658329611433,
Zebrafish,Hi,-1.445836930547041,-0.022321317002284,-0.0028178913911625,,,,,1.2394125378455432,subject_17,17.0,6.0,state-dependent / modulatory,state-dependent / modulatory,habenular / hypothalamic / raphe state system,state system,,,,,,,,,subject-region,figure14_postdca_oo_motif_summary.csv,,,,,,lHi,,,,,,
Zebrafish,OB,0.414914452472924,-0.0001047495137277,-0.0001782641764432,0.6655229591836735,subject-specific within-region cell-level induced sub-SC modularity Q,280.0,36.0,0.2097205309820691,subject_17,17.0,0.0,olfactory / chemosensory,olfactory / chemosensory,olfactory sensory,telencephalon,0.1666666666666666,6.0,0.1666666666666666,,,,,0.0,subject-region,figure14_postdca_oo_motif_summary.csv,,,,,,lOB,Tel,36.0,0.1666666666666666,0.4444444444444444,0.2222222222222222,
Zebrafish,P,1.144526680534113,0.0017029381473925,-0.0266376026912718,0.8128739185271499,subject-specific within-region cell-level induced sub-SC modularity Q,1258.0,101.0,1.0361519262872796,subject_17,17.0,5.0,associative / learning,associative / learning,telencephalic associative,telencephalon,0.2527774722252777,2298.0,0.2407875921240787,,,,,0.011989880101199002,subject-region,figure14_postdca_oo_motif_summary.csv,,,,,,lP,Tel,9091.0,0.2407875921240787,0.2171378286217138,0.2892971070289297,
Zebrafish,PT,0.3164367929748182,-0.0102926654150442,-0.0029069604277006,0.6589986196642871,subject-specific within-region cell-level induced sub-SC modularity Q,752.0,33.0,-0.8599124626599185,subject_17,17.0,1.0,visual / optic,visual / optic,visual / optic midbrain,diencephalon,0.2218744797735974,13328.0,0.2703512568669885,,,,,-0.04847677709339113,subject-region,figure14_postdca_oo_motif_summary.csv,,,,,,lPT,Di,60070.0,0.2703512568669885,0.2207258198768104,0.2870484434826036,
Zebrafish,PO,1.0165557760967203,0.0069157633930777,0.0041861005993259,0.6688622892512605,subject-specific within-region cell-level induced sub-SC modularity Q,1502.0,33.0,0.6713666242349513,subject_17,17.0,6.0,state-dependent / modulatory,state-dependent / modulatory,habenular / hypothalamic / raphe state system,state system,0.2958585788007945,29640.0,0.2079993611690606,,,,,0.08785921763173393,subject-region,figure14_postdca_oo_motif_summary.csv,,,,,,lPO,Tel,100183.0,0.2079993611690606,0.2078196899673597,0.2883223700627851,
Zebrafish,PrT,-0.9591987232086794,-0.0214360218561846,-0.0001860897202898,0.4430542894916361,subject-specific within-region cell-level induced sub-SC modularity Q,1218.0,64.0,-0.4359191840588264,subject_17,17.0,1.0,visual / optic,visual / optic,visual / optic midbrain,diencephalon,0.1448027423129028,14109.0,0.3507841044377848,,,,,-0.205981362124882,subject-region,figure14_postdca_oo_motif_summary.csv,,,,,,lPrT,Di,97436.0,0.3507841044377848,0.3251570261504988,0.1792561270988135,
Zebrafish,SP,1.4376797851405774,-7.66211532735504e-05,-0.0224241516274004,0.6041934011500659,subject-specific within-region cell-level induced sub-SC modularity Q,2068.0,68.0,1.7335936588924228,subject_17,17.0,5.0,associative / learning,associative / learning,telencephalic associative,telencephalon,0.3305570291777188,6231.0,0.1678514588859416,,,,,0.16270557029177718,subject-region,figure14_postdca_oo_motif_summary.csv,,,,,,lSP,Tel,18850.0,0.1678514588859416,0.2479045092838196,0.2536870026525198,
Zebrafish,TeO,-1.5167322820868363,-0.0118519793495643,-0.002531538923418,0.6170977935782895,subject-specific within-region cell-level induced sub-SC modularity Q,99357.0,117.0,0.0725686566056256,subject_17,17.0,1.0,visual / optic,visual / optic,visual / optic midbrain,mesencephalon,0.1830811453663891,200126.0,0.3171603695910712,,,,,-0.1340792242246821,subject-region,figure14_postdca_oo_motif_summary.csv,,,,,,lTeO,Mes,1093100.0,0.3171603695910712,0.30406184246638,0.1956966425761595,
Zebrafish,Th,0.3473625300607789,-0.0213735692441697,0.0026026510862324,0.7869713116856472,subject-specific within-region cell-level induced sub-SC modularity Q,1368.0,80.0,-1.060385930359646,subject_17,17.0,4.0,integrative relay,integrative relay,diencephalic / state relay,diencephalon,0.2058242748413565,10736.0,0.3233258564828128,,,,,-0.1175015816414563,subject-region,figure14_postdca_oo_motif_summary.csv,,,,,,lTh,Di,52161.0,0.3233258564828128,0.2611146258699028,0.2097352428059278,
Zebrafish,TS,-1.3059178860559215,-0.0133084040031716,-0.0096519904601769,0.5790326752029249,subject-specific within-region cell-level induced sub-SC modularity Q,789.0,56.0,-0.0468870948967984,subject_17,17.0,1.0,visual / optic,visual / optic,visual / optic midbrain,mesencephalon,0.1649410065013243,7535.0,0.3434975811571044,,,,,-0.1785565746557801,subject-region,figure14_postdca_oo_motif_summary.csv,,,,,,lTS,Mes,45683.0,0.3434975811571044,0.3036140358557888,0.1879473764857824,
Zebrafish,NX,-0.5672235777455936,-0.002703459718899,0.0085613845457553,0.5065244731209674,subject-specific within-region cell-level induced sub-SC modularity Q,1518.0,22.0,-0.0797528967637966,subject_17,17.0,3.0,sensorimotor output,sensorimotor output,hindbrain / cerebellar / motor,hindbrain / motor,0.2200898920002587,13613.0,0.2782610101532691,,,,,-0.058171118153010404,subject-region,figure14_postdca_oo_motif_summary.csv,,,,,,lNX,Hind,61852.0,0.2782610101532691,0.2703873763176615,0.2312617215288107,
Zebrafish,rMON,-0.9467550609675534,-0.0094166527618355,-0.0004689165126372,0.359901655432725,subject-specific within-region cell-level induced sub-SC modularity Q,14154.0,35.0,0.5230935667068793,subject_17,17.0,3.0,sensorimotor output,sensorimotor output,hindbrain / cerebellar / motor,hindbrain / motor,0.1484775426377355,33256.0,0.375524600410751,,,,,-0.22704705777301548,subject-region,figure14_postdca_oo_motif_summary.csv,,,,,,rMON,Hind,223980.0,0.375524600410751,0.2322216269309759,0.2437762300205375,
Zebrafish,rCb,-0.6747411935545725,-0.0147869115426434,0.0004331931869796,0.5828445125599304,subject-specific within-region cell-level induced sub-SC modularity Q,18957.0,65.0,-0.087940402854966,subject_17,17.0,3.0,sensorimotor output,sensorimotor output,hindbrain / cerebellar / motor,hindbrain / motor,0.1700719227920123,32372.0,0.3318272802256978,,,,,-0.1617553574336855,subject-region,figure14_postdca_oo_motif_summary.csv,,,,,,rCb,Hind,190343.0,0.3318272802256978,0.3517439569619056,0.1463568400203842,
Zebrafish,rMOS1,0.7167075690733667,-0.0104284531640851,0.0059649297107073,0.2657204949337494,subject-specific within-region cell-level induced sub-SC modularity Q,61628.0,31.0,-0.5745453397017325,subject_17,17.0,3.0,sensorimotor output,sensorimotor output,hindbrain / cerebellar / motor,hindbrain / motor,0.2767825432656132,91961.0,0.1313348382242287,,,,,0.1454477050413845,subject-region,figure14_postdca_oo_motif_summary.csv,,,,,,rMOS1,Hind,332250.0,0.1313348382242287,0.4791271632806621,0.1127554552294958,
Zebrafish,rMOS2,-0.7695741515032047,-0.0015124441446586,0.0094613710600982,0.4840799329844966,subject-specific within-region cell-level induced sub-SC modularity Q,1435.0,48.0,-1.5684014652457563,subject_17,17.0,3.0,sensorimotor output,sensorimotor output,hindbrain / cerebellar / motor,hindbrain / motor,0.2719531051672013,11784.0,0.2182732916387805,,,,,0.05367981352842077,subject-region,figure14_postdca_oo_motif_summary.csv,,,,,,rMOS2,Hind,43331.0,0.2182732916387805,0.3619348734162608,0.1478387297777572,
Zebrafish,rMOS3,1.0289325783914658,-0.018052166721634,-0.0075972219402655,0.5214523292825683,subject-specific within-region cell-level induced sub-SC modularity Q,13932.0,18.0,1.139834898485904,subject_17,17.0,3.0,sensorimotor output,sensorimotor output,hindbrain / cerebellar / motor,hindbrain / motor,0.1905387816341055,118868.0,0.2594974449068048,,,,,-0.06895866327269931,subject-region,figure14_postdca_oo_motif_summary.csv,,,,,,rMOS3,Hind,623852.0,0.2594974449068048,0.4205725075819265,0.1293912658771631,
Zebrafish,rMOS4,-0.5093715331332289,-0.0110361717858804,-0.0002730172080916,0.6503415763865554,subject-specific within-region cell-level induced sub-SC modularity Q,5462.0,94.0,1.2582441423033293,subject_17,17.0,3.0,sensorimotor output,sensorimotor output,hindbrain / cerebellar / motor,hindbrain / motor,0.209295051263733,54198.0,0.2429456855438203,,,,,-0.0336506342800873,subject-region,figure14_postdca_oo_motif_summary.csv,,,,,,rMOS4,Hind,258955.0,0.2429456855438203,0.3986213820934139,0.1491378810990326,
Zebrafish,rMOS5,-0.5064376709034859,-0.0082240762427154,0.0016121472176498,0.3833805044413987,subject-specific within-region cell-level induced sub-SC modularity Q,31237.0,38.0,1.160197051306573,subject_17,17.0,3.0,sensorimotor output,sensorimotor output,hindbrain / cerebellar / motor,hindbrain / motor,0.203476942088412,79695.0,0.2724183360312102,,,,,-0.06894139394279819,subject-region,figure14_postdca_oo_motif_summary.csv,,,,,,rMOS5,Hind,391666.0,0.2724183360312102,0.3302660940699473,0.1938386278104303,
Zebrafish,rRa,-0.6388496498737797,-0.0204033974797751,0.0057943244074423,0.6533908317580341,subject-specific within-region cell-level induced sub-SC modularity Q,460.0,29.0,-1.0544990443533195,subject_17,17.0,6.0,state-dependent / modulatory,state-dependent / modulatory,habenular / hypothalamic / raphe state system,state system,0.1615868243012369,4729.0,0.3258730267204264,,,,,-0.1642862024191895,subject-region,figure14_postdca_oo_motif_summary.csv,,,,,,rRa,Hind,29266.0,0.3258730267204264,0.3231053099159434,0.1894348390623932,
Zebrafish,rT,0.6515906002601446,-0.024441773486817,-0.0020668188758269,0.5517275297477777,subject-specific within-region cell-level induced sub-SC modularity Q,7814.0,29.0,0.6765290105250404,subject_17,17.0,4.0,integrative relay,integrative relay,diencephalic / state relay,diencephalon,0.1484406176263608,89647.0,0.3435840543113797,,,,,-0.19514343668501893,subject-region,figure14_postdca_oo_motif_summary.csv,,,,,,rT,Hind,603925.0,0.3435840543113797,0.3679976818313532,0.1399776462309061,
Zebrafish,rimRF,-1.3984865678143257,-0.0285760802397077,0.002461199119543,0.4979068964070351,subject-specific within-region cell-level induced sub-SC modularity Q,1319.0,45.0,-0.7385689176546191,subject_17,17.0,3.0,sensorimotor output,sensorimotor output,hindbrain / cerebellar / motor,hindbrain / motor,0.1694449676649714,10795.0,0.1994098072455578,,,,,-0.029964839580586378,subject-region,figure14_postdca_oo_motif_summary.csv,,,,,,rimRF,Hind,63708.0,0.1994098072455578,0.5525208764990268,0.0786243485904439,
Zebrafish,rpRF,-0.8826560970228262,-0.0070983116274345,0.0081979605187281,0.5252083728432756,subject-specific within-region cell-level induced sub-SC modularity Q,3175.0,51.0,-1.8562988657276431,subject_17,17.0,3.0,sensorimotor output,sensorimotor output,hindbrain / cerebellar / motor,hindbrain / motor,0.1415725930698338,10108.0,0.3435810526905515,,,,,-0.2020084596207177,subject-region,figure14_postdca_oo_motif_summary.csv,,,,,,rpRF,Hind,71398.0,0.3435810526905515,0.2906944172105661,0.2241519370290484,
Zebrafish,rHb,1.4219456625636642,0.00196196894792,1.8146975249186552e-05,0.7062687043336837,subject-specific within-region cell-level induced sub-SC modularity Q,537.0,48.0,5.354077233432499,subject_17,17.0,6.0,state-dependent / modulatory,state-dependent / modulatory,habenular / hypothalamic / raphe state system,state system,0.2785988767366243,1885.0,0.2202187407626367,,,,,0.05838013597398761,subject-region,figure14_postdca_oo_motif_summary.csv,,,,,,rHb,Di,6766.0,0.2202187407626367,0.3049068873780668,0.1962754951226721,
Zebrafish,rHi,-0.6114079271392213,-0.0008173009333734,0.002992506686199,,,,,0.2099436065578121,subject_17,17.0,6.0,state-dependent / modulatory,state-dependent / modulatory,habenular / hypothalamic / raphe state system,state system,,,,,,,,,subject-region,figure14_postdca_oo_motif_summary.csv,,,,,,rHi,,,,,,
Zebrafish,rP,1.454753806643802,0.0054106305636886,-0.0073275688314985,0.7815428833792474,subject-specific within-region cell-level induced sub-SC modularity Q,1650.0,104.0,1.2313135766478145,subject_17,17.0,5.0,associative / learning,associative / learning,telencephalic associative,telencephalon,0.3163940809968847,11375.0,0.1906152647975078,,,,,0.12577881619937692,subject-region,figure14_postdca_oo_motif_summary.csv,,,,,,rP,Tel,35952.0,0.1906152647975078,0.2337839341344014,0.259206720071206,
Zebrafish,rPT,1.310097589046713,-0.0136538024037795,-0.0027287950493053,0.5712776851946324,subject-specific within-region cell-level induced sub-SC modularity Q,891.0,24.0,-0.5954773070665802,subject_17,17.0,1.0,visual / optic,visual / optic,visual / optic midbrain,diencephalon,0.2355459985041136,12597.0,0.2598167539267015,,,,,-0.024270755422587914,subject-region,figure14_postdca_oo_motif_summary.csv,,,,,,rPT,Di,53480.0,0.2598167539267015,0.281301421091997,0.2233358264771877,
Zebrafish,rPO,0.993839321401512,0.0068985057439075,0.0027682995898966,0.6386620891950194,subject-specific within-region cell-level induced sub-SC modularity Q,1439.0,26.0,0.4991382989244441,subject_17,17.0,6.0,state-dependent / modulatory,state-dependent / modulatory,habenular / hypothalamic / raphe state system,state system,0.2922322902280459,34702.0,0.2060918920739717,,,,,0.08614039815407423,subject-region,figure14_postdca_oo_motif_summary.csv,,,,,,rPO,Tel,118748.0,0.2060918920739717,0.2054181965169939,0.2962576211809883,
Zebrafish,rPrT,0.4660221197091493,-0.0223277546688356,-0.0009853648315283,0.7019933317656545,subject-specific within-region cell-level induced sub-SC modularity Q,976.0,65.0,-0.2646400806120124,subject_17,17.0,1.0,visual / optic,visual / optic,visual / optic midbrain,diencephalon,0.1540470194534115,18229.0,0.3360995149323102,,,,,-0.1820524954788987,subject-region,figure14_postdca_oo_motif_summary.csv,,,,,,rPrT,Di,118334.0,0.3360995149323102,0.3802710970642419,0.1295823685500363,
Zebrafish,rSP,1.6549564206941814,-0.0042866103333149,-0.0023470415803456,0.572842049204755,subject-specific within-region cell-level induced sub-SC modularity Q,2408.0,50.0,2.2521437688390726,subject_17,17.0,5.0,associative / learning,associative / learning,telencephalic associative,telencephalon,0.2272146507666098,1067.0,0.2674616695059625,,,,,-0.04024701873935271,subject-region,figure14_postdca_oo_motif_summary.csv,,,,,,rSP,Tel,4696.0,0.2674616695059625,0.344335604770017,0.1609880749574105,
Zebrafish,rTeO,-0.6168410140836638,-0.0218913908469203,-0.0031434679394961,0.7442232088138271,subject-specific within-region cell-level induced sub-SC modularity Q,57376.0,123.0,-0.7754723082795963,subject_17,17.0,1.0,visual / optic,visual / optic,visual / optic midbrain,mesencephalon,0.1400891524652346,100346.0,0.3892511667581086,,,,,-0.24916201429287402,subject-region,figure14_postdca_oo_motif_summary.csv,,,,,,rTeO,Mes,716301.0,0.3892511667581086,0.3086802894313982,0.1619793913452585,
Zebrafish,rTh,1.324032803629629,-0.0161646158073484,-0.0009029777787503,0.6891986018478514,subject-specific within-region cell-level induced sub-SC modularity Q,2903.0,58.0,-0.3316154384509759,subject_17,17.0,4.0,integrative relay,integrative relay,diencephalic / state relay,diencephalon,0.2329098158767926,25059.0,0.2126664869738175,,,,,0.020243328902975116,subject-region,figure14_postdca_oo_motif_summary.csv,,,,,,rTh,Di,107591.0,0.2126664869738175,0.401093028227268,0.1533306689221217,
Zebrafish,rNX,-0.7703066943389805,-0.0272097380125648,0.0061054766591879,0.566671615718624,subject-specific within-region cell-level induced sub-SC modularity Q,6780.0,13.0,-0.731077266690547,subject_17,17.0,3.0,sensorimotor output,sensorimotor output,hindbrain / cerebellar / motor,hindbrain / motor,0.1857965199947669,8521.0,0.3119576119663337,,,,,-0.1261610919715668,subject-region,figure14_postdca_oo_motif_summary.csv,,,,,,rNX,Hind,45862.0,0.3119576119663337,0.3636125768610178,0.1386332911778814,
Zebrafish,MON,-1.7057646936817514,-0.0111828525728056,-0.0074190639881882,0.3281973342942779,subject-specific within-region cell-level induced sub-SC modularity Q,13898.0,44.0,0.7997260091952875,subject_18,18.0,3.0,sensorimotor output,sensorimotor output,hindbrain / cerebellar / motor,hindbrain / motor,0.1354702608293088,25751.0,0.4025493723893396,,,,,-0.2670791115600308,subject-region,figure14_postdca_oo_motif_summary.csv,,,,,,lMON,Hind,190086.0,0.4025493723893396,0.2695201119493282,0.1924602548320234,
Zebrafish,Cb,-1.510477178782983,-0.0120562955285139,-0.0008794531432777,0.595460972886627,subject-specific within-region cell-level induced sub-SC modularity Q,12720.0,73.0,0.3107320844965925,subject_18,18.0,3.0,sensorimotor output,sensorimotor output,hindbrain / cerebellar / motor,hindbrain / motor,0.1657506682283689,33114.0,0.329198826721126,,,,,-0.1634481584927571,subject-region,figure14_postdca_oo_motif_summary.csv,,,,,,lCb,Hind,199782.0,0.329198826721126,0.3534752880639897,0.1515752169865153,
Zebrafish,MOS1,0.6262065829735098,-0.0133963982199079,0.0064501621952827,0.2595047157471697,subject-specific within-region cell-level induced sub-SC modularity Q,57128.0,34.0,-0.4757234716459431,subject_18,18.0,3.0,sensorimotor output,sensorimotor output,hindbrain / cerebellar / motor,hindbrain / motor,0.1958531809407418,70514.0,0.2449817378865943,,,,,-0.0491285569458525,subject-region,figure14_postdca_oo_motif_summary.csv,,,,,,lMOS1,Hind,360035.0,0.2449817378865943,0.3177635507658977,0.241401530406766,
Zebrafish,MOS2,0.1862073319649295,-0.017577789871505,0.0120377250488065,0.4868080355430054,subject-specific within-region cell-level induced sub-SC modularity Q,3610.0,57.0,-0.2086708570920076,subject_18,18.0,3.0,sensorimotor output,sensorimotor output,hindbrain / cerebellar / motor,hindbrain / motor,0.1304337440056375,21841.0,0.4410238341226283,,,,,-0.3105900901169908,subject-region,figure14_postdca_oo_motif_summary.csv,,,,,,lMOS2,Hind,167449.0,0.4410238341226283,0.1709953478372519,0.2575470740344821,
Zebrafish,MOS3,1.0826760982931338,-0.0163561342331094,0.0034958210008534,0.4671204101656969,subject-specific within-region cell-level induced sub-SC modularity Q,9409.0,27.0,1.7156024675504211,subject_18,18.0,3.0,sensorimotor output,sensorimotor output,hindbrain / cerebellar / motor,hindbrain / motor,0.1938571003725712,104949.0,0.2660901079292835,,,,,-0.0722330075567123,subject-region,figure14_postdca_oo_motif_summary.csv,,,,,,lMOS3,Hind,541373.0,0.2660901079292835,0.4097840121321159,0.1302687795660293,
Zebrafish,MOS4,-2.40206421478701,-0.010927789368984,-0.0013298955933485,0.6574359089738935,subject-specific within-region cell-level induced sub-SC modularity Q,3961.0,138.0,1.0951872432086909,subject_18,18.0,3.0,sensorimotor output,sensorimotor output,hindbrain / cerebellar / motor,hindbrain / motor,0.1372842191110507,29290.0,0.3865003070029482,,,,,-0.24921608789189748,subject-region,figure14_postdca_oo_motif_summary.csv,,,,,,lMOS4,Hind,213353.0,0.3865003070029482,0.2378311999362558,0.2383842739497452,
Zebrafish,MOS5,-1.7043949808900316,-0.0111337572969434,-0.0012450286516079,0.5889734429425058,subject-specific within-region cell-level induced sub-SC modularity Q,10636.0,47.0,0.5609047532874618,subject_18,18.0,3.0,sensorimotor output,sensorimotor output,hindbrain / cerebellar / motor,hindbrain / motor,0.1504291589016719,33983.0,0.3698336040937199,,,,,-0.219404445192048,subject-region,figure14_postdca_oo_motif_summary.csv,,,,,,lMOS5,Hind,225907.0,0.3698336040937199,0.2652020521719114,0.2145351848326966,
Zebrafish,Ra,0.1679409449595816,-0.0136903709857461,0.0109072103673495,0.6023410355877886,subject-specific within-region cell-level induced sub-SC modularity Q,770.0,47.0,-1.1131823901310216,subject_18,18.0,6.0,state-dependent / modulatory,state-dependent / modulatory,habenular / hypothalamic / raphe state system,state system,0.1858140839324868,7288.0,0.2567946560603742,,,,,-0.07098057212788741,subject-region,figure14_postdca_oo_motif_summary.csv,,,,,,lRa,Hind,39222.0,0.2567946560603742,0.3738463107439702,0.1835449492631686,
Zebrafish,T,-1.643309701915688,-0.0189931781359318,-0.00448880940704,0.629946442063102,subject-specific within-region cell-level induced sub-SC modularity Q,3577.0,56.0,1.132421148783001,subject_18,18.0,4.0,integrative relay,integrative relay,diencephalic / state relay,diencephalon,0.1641954826320396,113121.0,0.2964491879565884,,,,,-0.13225370532454883,subject-region,figure14_postdca_oo_motif_summary.csv,,,,,,lT,Hind,688941.0,0.2964491879565884,0.4167962133187022,0.1225591160926697,
Zebrafish,pRF,1.3403413970275009,-0.0180094293007557,0.0092010113008455,0.563875188120315,subject-specific within-region cell-level induced sub-SC modularity Q,4555.0,61.0,-1.2655368737636608,subject_18,18.0,3.0,sensorimotor output,sensorimotor output,hindbrain / cerebellar / motor,hindbrain / motor,0.195251024200847,28262.0,0.259293802289512,,,,,-0.06404277808866499,subject-region,figure14_postdca_oo_motif_summary.csv,,,,,,lpRF,Hind,144747.0,0.259293802289512,0.3940323460935287,0.1514228274161122,
Zebrafish,Hb,0.1324394851883473,0.0131758857481709,-0.0004978782246833,0.5709469636276235,subject-specific within-region cell-level induced sub-SC modularity Q,395.0,61.0,5.622496304144611,subject_18,18.0,6.0,state-dependent / modulatory,state-dependent / modulatory,habenular / hypothalamic / raphe state system,state system,0.3444994290064712,1810.0,0.1555005709935287,,,,,0.18899885801294247,subject-region,figure14_postdca_oo_motif_summary.csv,,,,,,lHb,Di,5254.0,0.1555005709935287,0.1416063951275218,0.3583936048724781,
Zebrafish,P,0.5692542616861624,0.0009609493785259,-0.0372832135518386,0.7629021755834704,subject-specific within-region cell-level induced sub-SC modularity Q,1061.0,137.0,0.4242549755149607,subject_18,18.0,5.0,associative / learning,associative / learning,telencephalic associative,telencephalon,0.1942585797539391,1800.0,0.277466004748543,,,,,-0.0832074249946039,subject-region,figure14_postdca_oo_motif_summary.csv,,,,,,lP,Tel,9266.0,0.277466004748543,0.1639326570256853,0.3643427584718325,
Zebrafish,PO,0.5608864225080643,0.0080067484820118,0.0033517057375302,0.670008866807089,subject-specific within-region cell-level induced sub-SC modularity Q,1034.0,36.0,0.5601169154828681,subject_18,18.0,6.0,state-dependent / modulatory,state-dependent / modulatory,habenular / hypothalamic / raphe state system,state system,0.2762237036114053,26602.0,0.2247315847403069,,,,,0.05149211887109839,subject-region,figure14_postdca_oo_motif_summary.csv,,,,,,lPO,Tel,96306.0,0.2247315847403069,0.19846115506822,0.3005835565800677,
Zebrafish,PrT,-1.5341112752484354,-0.0231945293322192,-0.0033538636489673,0.434568717720066,subject-specific within-region cell-level induced sub-SC modularity Q,855.0,74.0,-0.4270381950470352,subject_18,18.0,1.0,visual / optic,visual / optic,visual / optic midbrain,diencephalon,0.1428571428571428,10134.0,0.3517578730722603,,,,,-0.2089007302151175,subject-region,figure14_postdca_oo_motif_summary.csv,,,,,,lPrT,Di,70938.0,0.3517578730722603,0.3359835349178156,0.1694014491527813,
Zebrafish,SP,1.0640845833115176,0.0062076087374373,-0.0367667343131638,0.649814987541019,subject-specific within-region cell-level induced sub-SC modularity Q,1084.0,58.0,1.605112022486978,subject_18,18.0,5.0,associative / learning,associative / learning,telencephalic associative,telencephalon,0.271012398265764,3563.0,0.223929413554423,,,,,0.04708298471134101,subject-region,figure14_postdca_oo_motif_summary.csv,,,,,,lSP,Tel,13147.0,0.223929413554423,0.2181486270632083,0.2869095611166045,
Zebrafish,TeO,-1.018387646797146,-0.0150799893794718,-0.0051039877183423,0.7581178055463125,subject-specific within-region cell-level induced sub-SC modularity Q,44691.0,164.0,-0.1372622300330341,subject_18,18.0,1.0,visual / optic,visual / optic,visual / optic midbrain,mesencephalon,0.1793171687904442,133925.0,0.3170000843530456,,,,,-0.1376829155626014,subject-region,figure14_postdca_oo_motif_summary.csv,,,,,,lTeO,Mes,746861.0,0.3170000843530456,0.3110592198548324,0.1926235270016776,
Zebrafish,Th,-0.3410256699033271,-0.0208142146865424,-0.0005273436622652,0.778710816902269,subject-specific within-region cell-level induced sub-SC modularity Q,1354.0,83.0,-0.9403687596494008,subject_18,18.0,4.0,integrative relay,integrative relay,diencephalic / state relay,diencephalon,0.2149494184232808,19293.0,0.2598154997994563,,,,,-0.04486608137617548,subject-region,figure14_postdca_oo_motif_summary.csv,,,,,,lTh,Di,89756.0,0.2598154997994563,0.3863474308124248,0.138887650964838,
Zebrafish,rMON,-0.7962493915168808,-0.0100668251318369,-0.002028573950515,0.3313978229731842,subject-specific within-region cell-level induced sub-SC modularity Q,14257.0,39.0,0.4359754711443172,subject_18,18.0,3.0,sensorimotor output,sensorimotor output,hindbrain / cerebellar / motor,hindbrain / motor,0.1231693763339333,25046.0,0.4222753336677387,,,,,-0.2991059573338054,subject-region,figure14_postdca_oo_motif_summary.csv,,,,,,rMON,Hind,203346.0,0.4222753336677387,0.2060281490661237,0.2485271409322042,
Zebrafish,rCb,-0.4505759269857778,-0.0170961834707093,0.0003965805874292,0.6132699851385225,subject-specific within-region cell-level induced sub-SC modularity Q,13164.0,92.0,0.1776794259132323,subject_18,18.0,3.0,sensorimotor output,sensorimotor output,hindbrain / cerebellar / motor,hindbrain / motor,0.1425001432911102,24862.0,0.3622571215681779,,,,,-0.21975697827706772,subject-region,figure14_postdca_oo_motif_summary.csv,,,,,,rCb,Hind,174470.0,0.3622571215681779,0.3398865134407061,0.1553562217000057,
Zebrafish,rMOS1,0.5181565891665938,-0.0115829579622008,0.007104103460063,0.2810273140176066,subject-specific within-region cell-level induced sub-SC modularity Q,66318.0,34.0,-0.6558200148462817,subject_18,18.0,3.0,sensorimotor output,sensorimotor output,hindbrain / cerebellar / motor,hindbrain / motor,0.2843976278519943,86369.0,0.1194931690435343,,,,,0.16490445880846,subject-region,figure14_postdca_oo_motif_summary.csv,,,,,,rMOS1,Hind,303691.0,0.1194931690435343,0.4990467284180301,0.0970624746864411,
Zebrafish,rMOS2,0.5333191791566282,-0.001553617416103,0.0102247471876378,0.6097379035069176,subject-specific within-region cell-level induced sub-SC modularity Q,1629.0,65.0,-1.368262616341577,subject_18,18.0,3.0,sensorimotor output,sensorimotor output,hindbrain / cerebellar / motor,hindbrain / motor,0.2674579480084468,11019.0,0.2169955581446151,,,,,0.0504623898638317,subject-region,figure14_postdca_oo_motif_summary.csv,,,,,,rMOS2,Hind,41199.0,0.2169955581446151,0.3554455205223428,0.1601009733245952,
Zebrafish,rMOS3,0.7432187343151164,-0.0182509796078251,-0.0082280846695731,0.5182733696023332,subject-specific within-region cell-level induced sub-SC modularity Q,10202.0,19.0,1.2164560356783407,subject_18,18.0,3.0,sensorimotor output,sensorimotor output,hindbrain / cerebellar / motor,hindbrain / motor,0.1916922750874218,108540.0,0.2465260852672106,,,,,-0.054833810179788806,subject-region,figure14_postdca_oo_motif_summary.csv,,,,,,rMOS3,Hind,566220.0,0.2465260852672106,0.4259881318215535,0.135793507823814,
Zebrafish,rMOS4,-0.4310381205837383,-0.0108733375368089,-6.60905319473585e-05,0.6827013576827058,subject-specific within-region cell-level induced sub-SC modularity Q,4275.0,106.0,1.1106281965537492,subject_18,18.0,3.0,sensorimotor output,sensorimotor output,hindbrain / cerebellar / motor,hindbrain / motor,0.2070208222103577,51183.0,0.2691962335582197,,,,,-0.062175411347862,subject-region,figure14_postdca_oo_motif_summary.csv,,,,,,rMOS4,Hind,247236.0,0.2691962335582197,0.343412771602841,0.1803701726285816,
Zebrafish,rMOS5,-0.6293080208390327,-0.0105126893420797,-0.0047645977695566,0.304285827639999,subject-specific within-region cell-level induced sub-SC modularity Q,23675.0,56.0,1.0898453440802858,subject_18,18.0,3.0,sensorimotor output,sensorimotor output,hindbrain / cerebellar / motor,hindbrain / motor,0.1999863025314226,61321.0,0.2749571138781447,,,,,-0.0749708113467221,subject-region,figure14_postdca_oo_motif_summary.csv,,,,,,rMOS5,Hind,306626.0,0.2749571138781447,0.3389895181752362,0.1860670654151963,
Zebrafish,rT,0.0907694076551134,-0.0248616023613117,-0.0034319852380419,0.6183591852186933,subject-specific within-region cell-level induced sub-SC modularity Q,4907.0,71.0,0.7468494794933032,subject_18,18.0,4.0,integrative relay,integrative relay,diencephalic / state relay,diencephalon,0.1614043901308705,82891.0,0.3188248328825592,,,,,-0.1574204427516887,subject-region,figure14_postdca_oo_motif_summary.csv,,,,,,rT,Hind,513561.0,0.3188248328825592,0.3912174016329121,0.128553375353658,
Zebrafish,rpRF,1.1285856508917154,-0.0072699438575574,0.0086489323744127,0.5210451432198578,subject-specific within-region cell-level induced sub-SC modularity Q,5873.0,52.0,-1.690039399378406,subject_18,18.0,3.0,sensorimotor output,sensorimotor output,hindbrain / cerebellar / motor,hindbrain / motor,0.1333004307250538,11884.0,0.3596105527638191,,,,,-0.2263101220387653,subject-region,figure14_postdca_oo_motif_summary.csv,,,,,,rpRF,Hind,89152.0,0.3596105527638191,0.266971015793252,0.2401180007178751,
Zebrafish,rHb,0.8319174155054894,0.0053306727364464,-0.000415644311019,0.8105477591670441,subject-specific within-region cell-level induced sub-SC modularity Q,188.0,76.0,5.368465126450118,subject_18,18.0,6.0,state-dependent / modulatory,state-dependent / modulatory,habenular / hypothalamic / raphe state system,state system,0.3307429281939695,1064.0,0.1815355921666148,,,,,0.1492073360273547,subject-region,figure14_postdca_oo_motif_summary.csv,,,,,,rHb,Di,3217.0,0.1815355921666148,0.2359341000932545,0.251787379546161,
Zebrafish,rP,0.846343205412804,0.008568707222774,-0.0166221288023735,0.7969977986735469,subject-specific within-region cell-level induced sub-SC modularity Q,1159.0,145.0,1.3137843272435594,subject_18,18.0,5.0,associative / learning,associative / learning,telencephalic associative,telencephalon,0.2790024993681372,9935.0,0.2212081215423067,,,,,0.057794377825830495,subject-region,figure14_postdca_oo_motif_summary.csv,,,,,,rP,Tel,35609.0,0.2212081215423067,0.1834929371788031,0.3162964419107529,
Zebrafish,rPT,0.255768338368477,-0.0098606323409244,-0.0046470539129834,0.6493586704137762,subject-specific within-region cell-level induced sub-SC modularity Q,701.0,32.0,-0.6204918022517817,subject_18,18.0,1.0,visual / optic,visual / optic,visual / optic midbrain,diencephalon,0.1950577777777777,10972.0,0.2950577777777777,,,,,-0.1,subject-region,figure14_postdca_oo_motif_summary.csv,,,,,,rPT,Di,56250.0,0.2950577777777777,0.27952,0.2303644444444444,
Zebrafish,rPO,1.120870674795565,0.0084514090657385,0.0022638864366296,0.6438898375994202,subject-specific within-region cell-level induced sub-SC modularity Q,1134.0,21.0,0.5870985416995219,subject_18,18.0,6.0,state-dependent / modulatory,state-dependent / modulatory,habenular / hypothalamic / raphe state system,state system,0.3259819321688378,46693.0,0.1840363590667281,,,,,0.1419455731021097,subject-region,figure14_postdca_oo_motif_summary.csv,,,,,,rPO,Tel,143238.0,0.1840363590667281,0.2246261466929167,0.2653555620715173,
Zebrafish,rPrT,0.4455026211248917,-0.0259520606570214,-0.0030077019088246,0.6487528934570708,subject-specific within-region cell-level induced sub-SC modularity Q,868.0,55.0,-0.1572930778162242,subject_18,18.0,1.0,visual / optic,visual / optic,visual / optic midbrain,diencephalon,0.1397654464386076,18651.0,0.3651092210273896,,,,,-0.22534377458878196,subject-region,figure14_postdca_oo_motif_summary.csv,,,,,,rPrT,Di,133445.0,0.3651092210273896,0.3530143504814718,0.142110982052531,
Zebrafish,rSP,1.4300186184221046,0.0047638318603937,0.0084862004204375,0.6117725358833248,subject-specific within-region cell-level induced sub-SC modularity Q,1206.0,57.0,2.10444949562984,subject_18,18.0,5.0,associative / learning,associative / learning,telencephalic associative,telencephalon,0.1631044148563419,931.0,0.3358444288717589,,,,,-0.17274001401541703,subject-region,figure14_postdca_oo_motif_summary.csv,,,,,,rSP,Tel,5708.0,0.3358444288717589,0.270322354590049,0.23072880168185,
Zebrafish,rTeO,-0.3722821587861553,-0.0238742627943315,-0.0041129238660788,0.7297443869007962,subject-specific within-region cell-level induced sub-SC modularity Q,30863.0,251.0,-0.5965570840594967,subject_18,18.0,1.0,visual / optic,visual / optic,visual / optic midbrain,mesencephalon,0.1349520508250319,74049.0,0.3951460344884145,,,,,-0.26019398366338264,subject-region,figure14_postdca_oo_motif_summary.csv,,,,,,rTeO,Mes,548706.0,0.3951460344884145,0.3091892561772607,0.1607126585092927,
Zebrafish,rTh,0.8918467806026869,-0.0143704603670719,-0.0018861478868911,0.5924722889745077,subject-specific within-region cell-level induced sub-SC modularity Q,3813.0,57.0,-0.3588418425631263,subject_18,18.0,4.0,integrative relay,integrative relay,diencephalic / state relay,diencephalon,0.2436275899642533,43823.0,0.1941493353791757,,,,,0.0494782545850776,subject-region,figure14_postdca_oo_motif_summary.csv,,,,,,rTh,Di,179877.0,0.1941493353791757,0.4239063359962641,0.1383167386603067,
Zebrafish,rNX,-0.0273653426119026,-0.0321629545428664,0.0078260878482202,0.4147070221960318,subject-specific within-region cell-level induced sub-SC modularity Q,11246.0,12.0,-0.71690891350649,subject_18,18.0,3.0,sensorimotor output,sensorimotor output,hindbrain / cerebellar / motor,hindbrain / motor,0.183831513973824,6433.0,0.3430873864090987,,,,,-0.1592558724352747,subject-region,figure14_postdca_oo_motif_summary.csv,,,,,,rNX,Hind,34994.0,0.3430873864090987,0.330942447276676,0.1421386523404012,
Zebrafish,Cb,-0.7744984944292899,-0.014129718453126428,0.0007654654467577571,,,,,,,,,,,,,0.1689892819350414,36027.42857142857,0.3225925213332094,,,,,-0.15360323939816806,region mean,figure14_postdca_oo_motif_summary.csv,,,,,,,,214703.14285714287,,,,7.0
Zebrafish,HR,-1.03576077797611,-0.01401451813249135,-0.00132582501215495,,,,,,,,,,,,,,,,,,,,,region mean,figure14_postdca_oo_motif_summary.csv,,,,,,,,,,,,2.0
Zebrafish,Hb,0.7924371237195381,0.017732205454580752,0.00021612391303089997,,,,,,,,,,,,,0.37526682474788847,5499.0,0.1133526699517909,,,,,0.26191415479609753,region mean,figure14_postdca_oo_motif_summary.csv,,,,,,,,14548.666666666666,,,,6.0
Zebrafish,Hi,-1.4657456941248717,-0.0200175462866309,-0.0007175393826596333,,,,,,,,,,,,,,,,,,,,,region mean,figure14_postdca_oo_motif_summary.csv,,,,,,,,,,,,3.0
Zebrafish,MON,-0.9627681697348036,-0.0103798661957588,-0.0029958404205989,,,,,,,,,,,,,0.13552661039301792,34126.142857142855,0.4025303990511774,,,,,-0.2670037886581595,region mean,figure14_postdca_oo_motif_summary.csv,,,,,,,,251894.2857142857,,,,7.0
Zebrafish,MOS1,0.5596060464553536,-0.011205884013935,0.005835591294587917,,,,,,,,,,,,,0.20532395187697391,87521.0,0.2390110682356757,,,,,-0.033687116358701794,region mean,figure14_postdca_oo_motif_summary.csv,,,,,,,,429195.14285714284,,,,7.0
Zebrafish,MOS2,-0.12914909783142337,-0.011455358257509015,0.010455358577965257,,,,,,,,,,,,,0.15799021794561283,25603.714285714286,0.3721433489658052,,,,,-0.21415313102019237,region mean,figure14_postdca_oo_motif_summary.csv,,,,,,,,164688.0,,,,7.0
Zebrafish,MOS3,0.8805213897967599,-0.01621848456782266,0.0025470112460717143,,,,,,,,,,,,,0.18705642806741687,126460.28571428571,0.27634770285441773,,,,,-0.08929127478700086,region mean,figure14_postdca_oo_motif_summary.csv,,,,,,,,679757.0,,,,7.0
Zebrafish,MOS4,-0.5584815571297443,-0.00913068862830385,0.00104036332290126,,,,,,,,,,,,,0.14335083330860868,36558.42857142857,0.3717563649764689,,,,,-0.2284055316678602,region mean,figure14_postdca_oo_motif_summary.csv,,,,,,,,254712.85714285713,,,,7.0
Zebrafish,MOS5,-0.6158779212435738,-0.009557861466397,0.00092550191625854,,,,,,,,,,,,,0.15518165215564309,42167.857142857145,0.3528453805642274,,,,,-0.19766372840858423,region mean,figure14_postdca_oo_motif_summary.csv,,,,,,,,273652.14285714284,,,,7.0
Zebrafish,NX,-0.8721692560180728,-0.004892199377451801,0.004664448506671776,,,,,,,,,,,,,0.2474256250477035,17483.833333333332,0.25291930178601607,,,,,-0.005493676738312599,region mean,figure14_postdca_oo_motif_summary.csv,,,,,,,,71134.0,,,,6.0
Zebrafish,OB,1.0382328629889686,-0.007092346570915249,0.003276043176934165,,,,,,,,,,,,,0.2183236574746008,10.5,0.22412514110627316,,,,,-0.005801483631672329,region mean,figure14_postdca_oo_motif_summary.csv,,,,,,,,46.5,,,,4.0
Zebrafish,P,1.1980834724781957,0.0007819844131355857,-0.03412824143599904,,,,,,,,,,,,,0.23907358181733684,2765.1428571428573,0.2507453055248194,,,,,-0.011671723707482555,region mean,figure14_postdca_oo_motif_summary.csv,,,,,,,,11597.57142857143,,,,7.0
Zebrafish,PO,0.8906418059514196,0.007651821933865983,0.00676338779465732,,,,,,,,,,,,,0.2876254712146103,30972.14285714286,0.21552924883840077,,,,,0.07209622237620954,region mean,figure14_postdca_oo_motif_summary.csv,,,,,,,,108428.57142857143,,,,7.0
Zebrafish,PT,-0.18285339209990784,-0.007346325259626433,-0.004245209872563067,,,,,,,,,,,,,0.22465323610753005,19389.666666666668,0.2647540863806119,,,,,-0.04010085027308186,region mean,figure14_postdca_oo_motif_summary.csv,,,,,,,,86108.66666666667,,,,6.0
Zebrafish,PrT,-0.59970059196178,-0.0198879918570197,-0.0019456305543847,,,,,,,,,,,,,0.15720565147295,19585.714285714286,0.3472415331327045,,,,,-0.19003588165975452,region mean,figure14_postdca_oo_motif_summary.csv,,,,,,,,124102.14285714286,,,,7.0
Zebrafish,Ra,0.07947196323466768,-0.013539836259577174,0.010127743079144115,,,,,,,,,,,,,0.1939517151378569,10582.57142857143,0.26968001274049463,,,,,-0.07572829760263776,region mean,figure14_postdca_oo_motif_summary.csv,,,,,,,,54330.57142857143,,,,7.0
Zebrafish,SP,1.4702203349418974,0.004549345780713904,-0.025774989736559274,,,,,,,,,,,,,0.27233300626437157,5000.0,0.23412087895146802,,,,,0.03821212731290356,region mean,figure14_postdca_oo_motif_summary.csv,,,,,,,,18686.714285714286,,,,7.0
Zebrafish,T,-0.2704418203214891,-0.017767134410735835,-0.0033836377079665145,,,,,,,,,,,,,0.19145854182789793,171327.85714285713,0.2650889229342933,,,,,-0.0736303811063954,region mean,figure14_postdca_oo_motif_summary.csv,,,,,,,,889021.0,,,,7.0
Zebrafish,TS,-0.9896929803639212,-0.010228858526247425,-0.0085337924490314,,,,,,,,,,,,,0.1967801868439814,7903.5,0.30226021998090435,,,,,-0.10548003313692292,region mean,figure14_postdca_oo_motif_summary.csv,,,,,,,,41059.0,,,,4.0
Zebrafish,TeO,-0.536390103383044,-0.0129117138782048,-0.0026840037756651713,,,,,,,,,,,,,0.16381244420150995,125373.85714285714,0.34431497785961335,,,,,-0.18050253365810337,region mean,figure14_postdca_oo_motif_summary.csv,,,,,,,,764034.7142857143,,,,7.0
Zebrafish,Th,0.07400509072348498,-0.01676472611940025,0.0013404633385385716,,,,,,,,,,,,,0.21962313469213596,23922.14285714286,0.27721330623906143,,,,,-0.05759017154692549,region mean,figure14_postdca_oo_motif_summary.csv,,,,,,,,108505.71428571429,,,,7.0
Zebrafish,aRF,-0.7382410278184425,-0.015266259442800518,-0.0023262528607569,,,,,,,,,,,,,0.16284619697542171,33974.333333333336,0.3592789466481187,,,,,-0.19643274967269697,region mean,figure14_postdca_oo_motif_summary.csv,,,,,,,,209503.5,,,,6.0
Zebrafish,imRF,-0.9685225816547106,-0.02265408632036695,0.0028824218041329664,,,,,,,,,,,,,0.17396249082875181,29164.333333333332,0.2866280863746657,,,,,-0.11266559554591389,region mean,figure14_postdca_oo_motif_summary.csv,,,,,,,,169017.16666666666,,,,6.0
Zebrafish,pRF,0.3253332848692573,-0.016608856073173466,0.008282871512167183,,,,,,,,,,,,,0.21350665873950922,34088.28571428572,0.22601755809932525,,,,,-0.012510899359815994,region mean,figure14_postdca_oo_motif_summary.csv,,,,,,,,159501.0,,,,7.0
Zebrafish,rCb,-0.5942387062728054,-0.0188428485475228,3.6581997527606104e-05,,,,,,,,,,,,,0.14617308530070813,25498.714285714286,0.3556241994357362,,,,,-0.20945111413502812,region mean,figure14_postdca_oo_motif_summary.csv,,,,,,,,174596.0,,,,7.0
Zebrafish,rHR,-0.7700596972069316,-0.02100720102487515,-0.0036263042552515,,,,,,,,,,,,,,,,,,,,,region mean,figure14_postdca_oo_motif_summary.csv,,,,,,,,,,,,2.0
Zebrafish,rHb,1.2349172807677784,0.005709232068007867,-0.002716981066020452,,,,,,,,,,,,,0.2652099708698479,1945.3333333333333,0.23385176743841407,,,,,0.03135820343143382,region mean,figure14_postdca_oo_motif_summary.csv,,,,,,,,7199.333333333333,,,,6.0
Zebrafish,rHi,-0.6402303175596806,-0.01203866088363485,0.0007612262599045001,,,,,,,,,,,,,,,,,,,,,region mean,figure14_postdca_oo_motif_summary.csv,,,,,,,,,,,,4.0
Zebrafish,rMON,-0.9538576121828325,-0.0143861651136481,-0.0014970485256828284,,,,,,,,,,,,,0.13442765385359268,33473.142857142855,0.41091965316902307,,,,,-0.2764919993154304,region mean,figure14_postdca_oo_motif_summary.csv,,,,,,,,250601.14285714287,,,,7.0
Zebrafish,rMOS1,0.12716939527625543,-0.012194726241964885,0.006611223323256014,,,,,,,,,,,,,0.29195878678629755,115477.0,0.12416694959321692,,,,,0.1677918371930806,region mean,figure14_postdca_oo_motif_summary.csv,,,,,,,,395436.85714285716,,,,7.0
Zebrafish,rMOS2,-0.5206955584864392,-0.0021787136307454573,0.010218778450709315,,,,,,,,,,,,,0.27327823776272775,16884.85714285714,0.2122350571022251,,,,,0.06104318066050266,region mean,figure14_postdca_oo_motif_summary.csv,,,,,,,,63112.0,,,,7.0
Zebrafish,rMOS3,0.6006125249948738,-0.017252600490713716,-0.0074040619523428,,,,,,,,,,,,,0.19737762093390082,150279.85714285713,0.2571788676448851,,,,,-0.05980124671098429,region mean,figure14_postdca_oo_motif_summary.csv,,,,,,,,766886.5714285715,,,,7.0
Zebrafish,rMOS4,-0.35654026743359496,-0.010334502479068858,0.0005837247192696916,,,,,,,,,,,,,0.21099183166132646,65231.57142857143,0.25535703660876363,,,,,-0.04436520494743717,region mean,figure14_postdca_oo_motif_summary.csv,,,,,,,,312380.14285714284,,,,7.0
Zebrafish,rMOS5,-0.44910969586600213,-0.009576065698715499,-0.003545828079235643,,,,,,,,,,,,,0.19261843380939278,79904.28571428571,0.2840953047485363,,,,,-0.09147687093914349,region mean,figure14_postdca_oo_motif_summary.csv,,,,,,,,416537.0,,,,7.0
Zebrafish,rNX,-0.681728603207709,-0.02313805001890624,0.006350029282714771,,,,,,,,,,,,,0.1870309184525776,8202.857142857143,0.30801552361900963,,,,,-0.12098460516643203,region mean,figure14_postdca_oo_motif_summary.csv,,,,,,,,43285.57142857143,,,,7.0
Zebrafish,rP,1.2738165395287406,0.0080757533219854,-0.013642830080509028,,,,,,,,,,,,,0.303858806616648,13905.857142857143,0.20225525473544614,,,,,0.10160355188120183,region mean,figure14_postdca_oo_motif_summary.csv,,,,,,,,45550.857142857145,,,,7.0
Zebrafish,rPO,1.0835152701175048,0.007052959485664333,0.00468182241792358,,,,,,,,,,,,,0.3084682967756719,43020.71428571428,0.1965216332655116,,,,,0.11194666351016026,region mean,figure14_postdca_oo_motif_summary.csv,,,,,,,,139808.7142857143,,,,7.0
Zebrafish,rPT,0.353145074004784,-0.008439274187510157,-0.0037576967997051,,,,,,,,,,,,,0.20191785238937948,15355.57142857143,0.2934787553007682,,,,,-0.09156090291138877,region mean,figure14_postdca_oo_motif_summary.csv,,,,,,,,76295.14285714286,,,,7.0
Zebrafish,rPrT,0.20897572293794037,-0.021609463511702832,-0.002660622717765643,,,,,,,,,,,,,0.16667766681483104,26577.571428571428,0.32816976250416907,,,,,-0.161492095689338,region mean,figure14_postdca_oo_motif_summary.csv,,,,,,,,157865.0,,,,7.0
Zebrafish,rRa,0.02692598095491335,-0.0213267663000519,0.0070543255638213,,,,,,,,,,,,,0.16594455674897202,6306.833333333333,0.32385461170459356,,,,,-0.15791005495562152,region mean,figure14_postdca_oo_motif_summary.csv,,,,,,,,37546.833333333336,,,,6.0
Zebrafish,rSP,1.6255425838240107,0.005425842404136701,-0.0011009116525225089,,,,,,,,,,,,,0.19900410490569795,1183.4285714285713,0.31025095908742967,,,,,-0.11124685418173165,region mean,figure14_postdca_oo_motif_summary.csv,,,,,,,,6098.714285714285,,,,7.0
Zebrafish,rT,0.00016759050276894474,-0.021031803937554515,-0.0020229855301571,,,,,,,,,,,,,0.1652538480266403,121468.14285714286,0.3254440033796767,,,,,-0.16019015535303646,region mean,figure14_postdca_oo_motif_summary.csv,,,,,,,,740676.5714285715,,,,7.0
Zebrafish,rTS,-2.2703376196209306,-0.0038580661551267,-0.015784412181488,,,,,,,,,,,,,0.1969090326713645,2459.0,0.3398462524023062,,,,,-0.1429372197309417,region mean,figure14_postdca_oo_motif_summary.csv,,,,,,,,12488.0,,,,1.0
Zebrafish,rTeO,0.15956287355299326,-0.021608651583482383,-0.0038771285446551717,,,,,,,,,,,,,0.1410357755188744,89699.85714285714,0.38585328752370696,,,,,-0.24481751200483257,region mean,figure14_postdca_oo_motif_summary.csv,,,,,,,,642754.7142857143,,,,7.0
Zebrafish,rTh,0.9013717040253286,-0.01150550894918513,-0.002003822309900886,,,,,,,,,,,,,0.2576225238092816,51626.57142857143,0.19333056469105087,,,,,0.0642919591182307,region mean,figure14_postdca_oo_motif_summary.csv,,,,,,,,199658.7142857143,,,,7.0
Zebrafish,raRF,-1.0317712216390986,-0.02326907759085517,-0.00603217622493715,,,,,,,,,,,,,0.14994214623786867,21456.75,0.3691675294543603,,,,,-0.21922538321649165,region mean,figure14_postdca_oo_motif_summary.csv,,,,,,,,146095.25,,,,4.0
Zebrafish,rimRF,-1.0095435921971287,-0.024572654176586353,0.00229832110332925,,,,,,,,,,,,,0.17411887405773843,28886.166666666668,0.23461169788413938,,,,,-0.06049282382640094,region mean,figure14_postdca_oo_motif_summary.csv,,,,,,,,167508.83333333334,,,,6.0
Zebrafish,rpRF,0.059623970087263944,-0.008305657927338372,0.008323112203431071,,,,,,,,,,,,,0.17792316295107158,22900.571428571428,0.27802813628887335,,,,,-0.10010497333780174,region mean,figure14_postdca_oo_motif_summary.csv,,,,,,,,126811.14285714286,,,,7.0
