species,node,EdgeStdFCV,PostDCA,PreDCA,Modularity,modularity_definition,modularity_edges,modularity_n_modules,LogOutIn,recording_id,Subject,class_order,class_label,class_short,fine_class,anatomy_group
C. elegans,ADAL,-0.5645734043288303,-0.0506460303835138,0.0264221825014289,0.35729656064075127,1-hop induced structural neighborhood modularity Q,129.0,5.0,0.9694005571881036,node_mean,,4,integrative relay,integrative relay,interneuron / integrative,interneurons
C. elegans,ADAR,-1.1131455752456976,-0.0456181331762736,0.0322677412610034,0.3931455113085331,1-hop induced structural neighborhood modularity Q,120.0,6.0,0.7348198769605134,node_mean,,4,integrative relay,integrative relay,interneuron / integrative,interneurons
C. elegans,ADEL,-0.9594206912803368,-0.03157723490657,0.1383355165121818,0.5232073289505723,1-hop induced structural neighborhood modularity Q,114.0,5.0,1.170932950247736,node_mean,,2,other sensory,other sensory,mechanosensory / other sensory,sensory neurons
C. elegans,ADER,-1.2232546837023324,-0.0379609791744908,0.055715481108768,0.44725620749284534,1-hop induced structural neighborhood modularity Q,97.0,4.0,0.8434293836092832,node_mean,,2,other sensory,other sensory,mechanosensory / other sensory,sensory neurons
C. elegans,ADLL,-0.239247555449999,-0.0220011079190079,0.0364596536509274,0.42988895047132913,1-hop induced structural neighborhood modularity Q,105.0,4.0,2.0082140323914683,node_mean,,0,olfactory / chemosensory,olfactory / chemosensory,chemosensory,olf./chemo
C. elegans,ADLR,0.3055545828186178,-0.0163826686176243,0.0130064956132039,0.4564707756039977,1-hop induced structural neighborhood modularity Q,127.0,5.0,1.0601460078403135,node_mean,,0,olfactory / chemosensory,olfactory / chemosensory,chemosensory,olf./chemo
C. elegans,AIBL,0.9811485212148382,-0.0362443906814683,0.0210420056080165,0.48035765567392874,1-hop induced structural neighborhood modularity Q,171.0,6.0,-0.4093335848860847,node_mean,,5,associative / learning,associative / learning,associative interneuron,interneurons
C. elegans,AIBR,0.8820471275512428,-0.018654001099111,0.0187936784794491,0.4907818875041301,1-hop induced structural neighborhood modularity Q,212.0,6.0,-0.7919477653040387,node_mean,,5,associative / learning,associative / learning,associative interneuron,interneurons
C. elegans,AIML,0.9681821108084344,0.003309356207847,0.0051363806056891,0.4884764542936288,1-hop induced structural neighborhood modularity Q,41.0,4.0,1.0498221244986776,node_mean,,5,associative / learning,associative / learning,associative interneuron,interneurons
C. elegans,AIMR,0.7860068505129321,0.006319478465967,0.0144970585762402,0.565523928277917,1-hop induced structural neighborhood modularity Q,71.0,5.0,1.3564413979702097,node_mean,,5,associative / learning,associative / learning,associative interneuron,interneurons
C. elegans,AINL,0.364216525156013,-0.0027406274381846,0.0163902618178463,0.4471630420855222,1-hop induced structural neighborhood modularity Q,28.0,5.0,1.6739764335716716,node_mean,,5,associative / learning,associative / learning,associative interneuron,interneurons
C. elegans,AINR,-0.4216258862265929,0.0050045042788847,0.0082381453760399,0.5147724614921984,1-hop induced structural neighborhood modularity Q,34.0,4.0,2.0243817644968085,node_mean,,5,associative / learning,associative / learning,associative interneuron,interneurons
C. elegans,AIYL,-0.7231062055225451,0.0387711934053101,0.014331784418101,0.3995716822787896,1-hop induced structural neighborhood modularity Q,64.0,3.0,0.4534743272945249,node_mean,,5,associative / learning,associative / learning,associative interneuron,interneurons
C. elegans,AIYR,-0.1312169578002816,0.0538733599112803,0.0090704486755844,0.4216142261088249,1-hop induced structural neighborhood modularity Q,62.0,3.0,0.4380086558406358,node_mean,,5,associative / learning,associative / learning,associative interneuron,interneurons
C. elegans,AIZL,-0.8896008985456061,0.0204181099660161,0.0474467650663529,0.403145092335744,1-hop induced structural neighborhood modularity Q,153.0,5.0,0.1375555429242481,node_mean,,5,associative / learning,associative / learning,associative interneuron,interneurons
C. elegans,AIZR,-1.3167952854281442,0.020458202282866,0.0485028683518328,0.3995200126791898,1-hop induced structural neighborhood modularity Q,107.0,4.0,-0.0962768304354198,node_mean,,5,associative / learning,associative / learning,associative interneuron,interneurons
C. elegans,ALA,-0.3667136375340386,-0.0440910493247112,0.0339861142347755,0.5251595457003787,1-hop induced structural neighborhood modularity Q,17.0,3.0,0.6931471805599453,node_mean,,6,state-dependent / modulatory,state-dependent / modulatory,state-modulatory interneuron,state-modulatory
C. elegans,AQR,-0.5066244403314731,-0.0209444244297973,0.0392952149138182,0.330075863261283,1-hop induced structural neighborhood modularity Q,99.0,3.0,0.9162907318741552,node_mean,,2,other sensory,other sensory,thermo/gas sensory,sensory neurons
C. elegans,ASEL,0.5999583936775703,0.0406559890302322,0.0092507197028675,0.3711846860219897,1-hop induced structural neighborhood modularity Q,80.0,5.0,1.2299482907291963,node_mean,,0,olfactory / chemosensory,olfactory / chemosensory,chemosensory,olf./chemo
C. elegans,ASER,0.7767642771058964,0.0341258340724581,0.0167177457883876,0.39704761390492793,1-hop induced structural neighborhood modularity Q,109.0,3.0,0.3841423386393431,node_mean,,0,olfactory / chemosensory,olfactory / chemosensory,chemosensory,olf./chemo
C. elegans,ASGL,0.8773969832466972,-0.005239233925971,0.0084972584535816,0.06212802768166084,1-hop induced structural neighborhood modularity Q,13.0,3.0,1.329135947279942,node_mean,,0,olfactory / chemosensory,olfactory / chemosensory,chemosensory,olf./chemo
C. elegans,ASGR,0.2448407951202664,-0.0032007243294031,0.0077206012072321,0.22562269161503007,1-hop induced structural neighborhood modularity Q,44.0,3.0,1.203972804325936,node_mean,,0,olfactory / chemosensory,olfactory / chemosensory,chemosensory,olf./chemo
C. elegans,ASHL,0.6738876331718797,-0.0173948774511532,0.0224048983033459,0.4376725188340011,1-hop induced structural neighborhood modularity Q,103.0,5.0,1.820332841672111,node_mean,,0,olfactory / chemosensory,olfactory / chemosensory,chemosensory,olf./chemo
C. elegans,ASIL,1.1971120119688037,0.0315659701679215,0.0068757177773338,0.41066474279265996,1-hop induced structural neighborhood modularity Q,53.0,4.0,0.8938178760220965,node_mean,,0,olfactory / chemosensory,olfactory / chemosensory,chemosensory,olf./chemo
C. elegans,ASIR,0.4849856275222814,0.0078253633617394,0.019999902767536,0.19676432291666668,1-hop induced structural neighborhood modularity Q,40.0,3.0,1.3862943611198906,node_mean,,0,olfactory / chemosensory,olfactory / chemosensory,chemosensory,olf./chemo
C. elegans,ASKL,0.5828654075667257,-0.0047926839170861,0.0005737168630484,0.22756273642708721,1-hop induced structural neighborhood modularity Q,22.0,3.0,-0.0400053346136991,node_mean,,0,olfactory / chemosensory,olfactory / chemosensory,chemosensory,olf./chemo
C. elegans,ASKR,-0.111505099651864,-0.0025467418219997,0.0013774354586308,0.19384614418251142,1-hop induced structural neighborhood modularity Q,47.0,3.0,0.7295148247308201,node_mean,,0,olfactory / chemosensory,olfactory / chemosensory,chemosensory,olf./chemo
C. elegans,AUAL,-0.2375001825649381,-0.0233954949985874,0.017243294126609,0.2726225337780541,1-hop induced structural neighborhood modularity Q,51.0,3.0,0.5679840376059393,node_mean,,5,associative / learning,associative / learning,associative interneuron,interneurons
C. elegans,AUAR,-0.1618779789119584,0.0397360446297983,0.0408527209317716,0.21677663601946998,1-hop induced structural neighborhood modularity Q,43.0,3.0,0.4432054360910114,node_mean,,5,associative / learning,associative / learning,associative interneuron,interneurons
C. elegans,AVAL,0.9531506706687886,-0.0295817709980234,0.086423045263819,0.37492299615319447,1-hop induced structural neighborhood modularity Q,541.0,7.0,-0.9065051814514368,node_mean,,3,sensorimotor output,sensorimotor output,locomotor command interneuron,motor / command
C. elegans,AVAR,0.6793322880147115,-0.0148945580873344,0.0847952555575249,0.3763742404559555,1-hop induced structural neighborhood modularity Q,511.0,7.0,-0.8751742299154585,node_mean,,3,sensorimotor output,sensorimotor output,locomotor command interneuron,motor / command
C. elegans,AVBL,0.9244595349435024,-0.1313519933416719,0.0403147503096905,0.29479762771395174,1-hop induced structural neighborhood modularity Q,326.0,5.0,-1.6671170240207784,node_mean,,3,sensorimotor output,sensorimotor output,locomotor command interneuron,motor / command
C. elegans,AVBR,0.1153840283642345,-0.1595382746962184,0.0233360646545585,0.3390416079285745,1-hop induced structural neighborhood modularity Q,367.0,6.0,-1.774059892128654,node_mean,,3,sensorimotor output,sensorimotor output,locomotor command interneuron,motor / command
C. elegans,AVDL,-1.1411070088143918,-0.1976308639164232,0.0793065898466523,0.2478297628653375,1-hop induced structural neighborhood modularity Q,313.0,5.0,-0.6218223997380151,node_mean,,3,sensorimotor output,sensorimotor output,locomotor command interneuron,motor / command
C. elegans,AVDR,-1.3811287570778246,-0.2185806460870022,0.0660833213264959,0.2689782065733802,1-hop induced structural neighborhood modularity Q,331.0,5.0,-0.3879974150677734,node_mean,,3,sensorimotor output,sensorimotor output,locomotor command interneuron,motor / command
C. elegans,AVEL,0.6126277611952423,-0.0709595308692543,0.0383452695813948,0.45927452967652826,1-hop induced structural neighborhood modularity Q,251.0,6.0,-0.9393560048051512,node_mean,,3,sensorimotor output,sensorimotor output,locomotor command interneuron,motor / command
C. elegans,AVER,0.6490924362642085,-0.1345850558722683,0.0269708710480729,0.45981920644064384,1-hop induced structural neighborhood modularity Q,320.0,5.0,-0.7925196543731491,node_mean,,3,sensorimotor output,sensorimotor output,locomotor command interneuron,motor / command
C. elegans,AVHL,-1.5393466206490338,-0.0037987991755094,0.0136927022851149,0.3631997106388109,1-hop induced structural neighborhood modularity Q,120.0,5.0,0.2336148511815051,node_mean,,4,integrative relay,integrative relay,interneuron / integrative,interneurons
C. elegans,AVJL,-1.0183124792536458,-0.0429685802419464,0.0227191287952742,0.2941566448083891,1-hop induced structural neighborhood modularity Q,182.0,6.0,-1.0379876668516748,node_mean,,4,integrative relay,integrative relay,interneuron / integrative,interneurons
C. elegans,AVJR,-1.2501322912349255,-0.069185953467657,0.0337457433925746,0.23950446380018503,1-hop induced structural neighborhood modularity Q,203.0,4.0,-0.3513978868378886,node_mean,,4,integrative relay,integrative relay,interneuron / integrative,interneurons
C. elegans,AVKL,0.7325166341555567,0.0133027442023605,0.0023213032229562,0.40627448015122875,1-hop induced structural neighborhood modularity Q,70.0,4.0,-0.7205461547480597,node_mean,,4,integrative relay,integrative relay,interneuron / integrative,interneurons
C. elegans,AVKR,0.1289578386435944,-0.0135462210341531,0.0070625858229213,0.370024052329843,1-hop induced structural neighborhood modularity Q,75.0,5.0,-0.7062192621272981,node_mean,,4,integrative relay,integrative relay,interneuron / integrative,interneurons
C. elegans,AVL,-0.1539672773458583,-0.0069589402806569,0.0202975222955369,0.48926794777909655,1-hop induced structural neighborhood modularity Q,79.0,6.0,-0.1541506798272583,node_mean,,4,integrative relay,integrative relay,interneuron / integrative,interneurons
C. elegans,AWAL,0.5762403946624005,0.0234944405480528,0.06721188019773,0.1805368927110395,1-hop induced structural neighborhood modularity Q,18.0,3.0,1.0628942060660305,node_mean,,0,olfactory / chemosensory,olfactory / chemosensory,chemosensory,olf./chemo
C. elegans,AWAR,-0.4659730577520273,0.0178208159686248,0.010277817085978,0.411385050847887,1-hop induced structural neighborhood modularity Q,58.0,3.0,1.452252328911688,node_mean,,0,olfactory / chemosensory,olfactory / chemosensory,chemosensory,olf./chemo
C. elegans,AWBL,0.2047008282547995,0.0439161015987454,0.0144368852043384,0.29601495726495725,1-hop induced structural neighborhood modularity Q,71.0,3.0,0.9501922835498364,node_mean,,0,olfactory / chemosensory,olfactory / chemosensory,chemosensory,olf./chemo
C. elegans,AWBR,-0.6363961913476046,0.0412973584883009,0.0262123003665272,0.3115502037054492,1-hop induced structural neighborhood modularity Q,63.0,3.0,0.7178397931503168,node_mean,,0,olfactory / chemosensory,olfactory / chemosensory,chemosensory,olf./chemo
C. elegans,AWCL,0.3811994243559774,0.0358871084858854,0.014307224674721,0.3206295091278699,1-hop induced structural neighborhood modularity Q,78.0,4.0,0.1590646946296872,node_mean,,0,olfactory / chemosensory,olfactory / chemosensory,chemosensory,olf./chemo
C. elegans,AWCR,-0.358798074346615,0.0309666411000357,0.0160595269847305,0.40166626397129235,1-hop induced structural neighborhood modularity Q,82.0,4.0,0.5753641449035618,node_mean,,0,olfactory / chemosensory,olfactory / chemosensory,chemosensory,olf./chemo
C. elegans,BAGL,1.4517242918919655,0.0300907143407224,0.0161606786518617,0.27452148620754363,1-hop induced structural neighborhood modularity Q,69.0,5.0,0.758529939822797,node_mean,,2,other sensory,other sensory,thermo/gas sensory,sensory neurons
C. elegans,CEPDL,-0.5279938050716838,0.0018778648141152,0.0311642340545337,0.5219449779456764,1-hop induced structural neighborhood modularity Q,99.0,6.0,1.4328143767547836,node_mean,,2,other sensory,other sensory,mechanosensory / other sensory,sensory neurons
C. elegans,CEPDR,-1.0336978149852607,0.0292962675616043,0.0358032711083191,0.46271990069493196,1-hop induced structural neighborhood modularity Q,88.0,5.0,1.8899514954072687,node_mean,,2,other sensory,other sensory,mechanosensory / other sensory,sensory neurons
C. elegans,CEPVL,-0.6287699083132322,0.008011582336464,0.040540942258045,0.31083689916711826,1-hop induced structural neighborhood modularity Q,89.0,5.0,1.127811443360372,node_mean,,2,other sensory,other sensory,mechanosensory / other sensory,sensory neurons
C. elegans,CEPVR,-0.5960980289885239,0.0209005380391964,0.0403269229414609,0.45482825217677597,1-hop induced structural neighborhood modularity Q,120.0,5.0,0.7013104911991062,node_mean,,2,other sensory,other sensory,mechanosensory / other sensory,sensory neurons
C. elegans,FLPL,-0.8686396013499773,-0.1149491501054033,0.080275585349633,0.1677120656435911,1-hop induced structural neighborhood modularity Q,57.0,5.0,2.2308411881352046,node_mean,,2,other sensory,other sensory,mechanosensory / other sensory,sensory neurons
C. elegans,FLPR,-1.3991211090469498,-0.0595770609716446,0.0560912591379397,0.20012326427563676,1-hop induced structural neighborhood modularity Q,93.0,3.0,2.6567569067146595,node_mean,,2,other sensory,other sensory,mechanosensory / other sensory,sensory neurons
C. elegans,IL1DL,-0.290695203170446,-0.0470399069015458,0.0336350446821504,0.40776925574222866,1-hop induced structural neighborhood modularity Q,16.0,3.0,-0.5465437063680699,node_mean,,2,other sensory,other sensory,mechanosensory / other sensory,sensory neurons
C. elegans,IL1DR,0.336274529306921,-0.0867933481889604,0.002643577751553,0.496813322368421,1-hop induced structural neighborhood modularity Q,28.0,3.0,0.394993808240869,node_mean,,2,other sensory,other sensory,mechanosensory / other sensory,sensory neurons
C. elegans,IL1L,0.3664802206317709,-0.1317128809018447,-0.0039304772272032,0.47279706790123455,1-hop induced structural neighborhood modularity Q,37.0,3.0,0.8174448972375224,node_mean,,2,other sensory,other sensory,mechanosensory / other sensory,sensory neurons
C. elegans,IL1R,0.9045791661704076,-0.1190846052040121,-0.0438247959518256,0.33144220531930135,1-hop induced structural neighborhood modularity Q,74.0,3.0,0.7731898882334817,node_mean,,2,other sensory,other sensory,mechanosensory / other sensory,sensory neurons
C. elegans,IL1VL,-0.0340689282916831,-0.1106772305974841,0.0182299836093793,0.29592740744717977,1-hop induced structural neighborhood modularity Q,30.0,4.0,0.1017826943099423,node_mean,,2,other sensory,other sensory,mechanosensory / other sensory,sensory neurons
C. elegans,IL1VR,0.9773081250372956,-0.115110472722582,0.0178492388328706,0.39722293774061723,1-hop induced structural neighborhood modularity Q,28.0,3.0,0.1978257433299198,node_mean,,2,other sensory,other sensory,mechanosensory / other sensory,sensory neurons
C. elegans,IL2DL,-1.0430143798119822,-0.0110232982195794,0.0088692614077106,0.31903133055720806,1-hop induced structural neighborhood modularity Q,26.0,3.0,3.355735007585398,node_mean,,2,other sensory,other sensory,mechanosensory / other sensory,sensory neurons
C. elegans,IL2DR,-0.7618633025286567,-0.000330936826991,0.0282467465529814,0.3780383613140245,1-hop induced structural neighborhood modularity Q,22.0,4.0,2.0455399900041544,node_mean,,2,other sensory,other sensory,mechanosensory / other sensory,sensory neurons
C. elegans,IL2L,-0.5413112599527531,0.0214399059599486,0.0207946452853961,0.4087534626038781,1-hop induced structural neighborhood modularity Q,29.0,4.0,1.9095425048844383,node_mean,,2,other sensory,other sensory,mechanosensory / other sensory,sensory neurons
C. elegans,IL2R,0.0582789090686981,0.0348992853034019,0.0434480259894494,0.4042315455594002,1-hop induced structural neighborhood modularity Q,37.0,4.0,1.992430164690206,node_mean,,2,other sensory,other sensory,mechanosensory / other sensory,sensory neurons
C. elegans,IL2VL,-1.204093230845751,0.0085666374188124,0.0879947238929901,0.26797920146002996,1-hop induced structural neighborhood modularity Q,23.0,3.0,3.0349529867072724,node_mean,,2,other sensory,other sensory,mechanosensory / other sensory,sensory neurons
C. elegans,IL2VR,-0.6951096324652956,0.0041169460878454,0.0259245979936007,0.21101455520444315,1-hop induced structural neighborhood modularity Q,39.0,4.0,2.3092296357127142,node_mean,,2,other sensory,other sensory,mechanosensory / other sensory,sensory neurons
C. elegans,OLLL,0.6043314415104001,-0.0479790230159389,0.0389772717467841,0.34204313022398425,1-hop induced structural neighborhood modularity Q,50.0,5.0,1.4744016286301571,node_mean,,2,other sensory,other sensory,mechanosensory / other sensory,sensory neurons
C. elegans,OLLR,0.4679520859572197,-0.0655555465092243,0.0191452047984926,0.43985174355665413,1-hop induced structural neighborhood modularity Q,98.0,6.0,0.8945169323245945,node_mean,,2,other sensory,other sensory,mechanosensory / other sensory,sensory neurons
C. elegans,OLQDL,1.044455240180571,-0.0326671478443268,0.0288424075297569,0.5248762226784205,1-hop induced structural neighborhood modularity Q,15.0,5.0,-0.4542552722775964,node_mean,,2,other sensory,other sensory,mechanosensory / other sensory,sensory neurons
C. elegans,OLQDR,0.2260494381273295,-0.0663809698349078,0.0168308790072615,0.4286439550435909,1-hop induced structural neighborhood modularity Q,35.0,4.0,-0.5447271754416722,node_mean,,2,other sensory,other sensory,mechanosensory / other sensory,sensory neurons
C. elegans,OLQVL,1.1522735251549137,-0.0640467284785841,0.0290035707616337,0.49102068811063515,1-hop induced structural neighborhood modularity Q,43.0,4.0,-0.7835312420282143,node_mean,,2,other sensory,other sensory,mechanosensory / other sensory,sensory neurons
C. elegans,OLQVR,0.3974154971940922,0.0031116311161349,0.0084779199831973,0.400503363506727,1-hop induced structural neighborhood modularity Q,43.0,4.0,0.2341933875007947,node_mean,,2,other sensory,other sensory,mechanosensory / other sensory,sensory neurons
C. elegans,RIAL,-0.135090286859046,-0.1068063283929411,0.0354208623053253,0.42012042104460245,1-hop induced structural neighborhood modularity Q,221.0,5.0,-0.0813846037821148,node_mean,,5,associative / learning,associative / learning,associative interneuron,interneurons
C. elegans,RIAR,-0.9000943161439778,-0.1128020250203805,0.0216750078415792,0.4450689391668671,1-hop induced structural neighborhood modularity Q,219.0,5.0,0.0597879183789734,node_mean,,5,associative / learning,associative / learning,associative interneuron,interneurons
C. elegans,RIBL,1.0562991765375076,-0.0017944493823752,0.0543817177280561,0.4358090848488012,1-hop induced structural neighborhood modularity Q,108.0,5.0,-0.9702311220199028,node_mean,,5,associative / learning,associative / learning,associative interneuron,interneurons
C. elegans,RIBR,1.0345687486246304,-0.0082841723681434,0.0584895164387816,0.3769807638799111,1-hop induced structural neighborhood modularity Q,122.0,4.0,-1.297815632436311,node_mean,,5,associative / learning,associative / learning,associative interneuron,interneurons
C. elegans,RICL,-0.5805296414732438,-0.1487716846368256,0.0147470578981035,0.4306980168526355,1-hop induced structural neighborhood modularity Q,102.0,5.0,0.0652405218684009,node_mean,,6,state-dependent / modulatory,state-dependent / modulatory,state-modulatory interneuron,state-modulatory
C. elegans,RICR,-0.9067290125922598,-0.125830984124138,0.0181399683287866,0.4578635417006111,1-hop induced structural neighborhood modularity Q,148.0,5.0,-0.0582689081239757,node_mean,,6,state-dependent / modulatory,state-dependent / modulatory,state-modulatory interneuron,state-modulatory
C. elegans,RID,1.206516453563277,0.0108227569268958,-0.0239406992120578,0.5330485344725288,1-hop induced structural neighborhood modularity Q,24.0,7.0,-1.1921383466789333,node_mean,,4,integrative relay,integrative relay,interneuron / integrative,interneurons
C. elegans,RIH,0.4543163228650999,0.0518737270452255,0.0104559454494932,0.5957600475624257,1-hop induced structural neighborhood modularity Q,123.0,4.0,0.8777184570879153,node_mean,,4,integrative relay,integrative relay,interneuron / integrative,interneurons
C. elegans,RIML,1.033370210717337,-0.0410927478715281,0.0277581148191426,0.3285938203888945,1-hop induced structural neighborhood modularity Q,194.0,4.0,-0.1727521057778039,node_mean,,6,state-dependent / modulatory,state-dependent / modulatory,state-modulatory interneuron,state-modulatory
C. elegans,RIMR,0.9796523400915012,-0.043059513472717,0.0455336622273041,0.3778852103804485,1-hop induced structural neighborhood modularity Q,192.0,6.0,-0.4845083154486173,node_mean,,6,state-dependent / modulatory,state-dependent / modulatory,state-modulatory interneuron,state-modulatory
C. elegans,RIR,0.4412472230242808,0.0444727599698452,0.0268520614976934,0.42741241428466714,1-hop induced structural neighborhood modularity Q,137.0,4.0,0.3817110221000572,node_mean,,4,integrative relay,integrative relay,interneuron / integrative,interneurons
C. elegans,RIS,0.9586480487944484,-0.0219287788226396,-0.0137384618947002,0.4406477811510279,1-hop induced structural neighborhood modularity Q,133.0,5.0,1.5664205273504097,node_mean,,6,state-dependent / modulatory,state-dependent / modulatory,state-modulatory interneuron,state-modulatory
C. elegans,RIVL,0.997230902250066,-0.01428840361736,0.0324876634470004,0.1368065837556789,1-hop induced structural neighborhood modularity Q,46.0,6.0,0.0454623740767574,node_mean,,3,sensorimotor output,sensorimotor output,head motor / premotor,motor / command
C. elegans,RIVR,0.876074376911276,0.0019053193605542,0.0898898680120462,0.19007869137042535,1-hop induced structural neighborhood modularity Q,48.0,5.0,0.3867729750960119,node_mean,,3,sensorimotor output,sensorimotor output,head motor / premotor,motor / command
C. elegans,RMDDL,-0.4266990564743954,-0.0754488343026982,0.0582212357254225,0.3166163176557123,1-hop induced structural neighborhood modularity Q,97.0,4.0,-1.9989026791958235,node_mean,,3,sensorimotor output,sensorimotor output,head motor / premotor,motor / command
C. elegans,RMDDR,-0.8017471487953932,-0.1916640041512533,0.0618211414162167,0.2165272517464771,1-hop induced structural neighborhood modularity Q,66.0,4.0,-2.239336062686346,node_mean,,3,sensorimotor output,sensorimotor output,head motor / premotor,motor / command
C. elegans,RMDL,0.9849602606250734,0.059394912417754,0.0471625234151796,0.3100312388510368,1-hop induced structural neighborhood modularity Q,172.0,6.0,-0.6341488397979895,node_mean,,3,sensorimotor output,sensorimotor output,head motor / premotor,motor / command
C. elegans,RMDR,-0.1332431479505051,0.0535552292500498,0.0671156029426061,0.31895493955740717,1-hop induced structural neighborhood modularity Q,125.0,4.0,-1.0266387890430204,node_mean,,3,sensorimotor output,sensorimotor output,head motor / premotor,motor / command
C. elegans,RMDVL,-0.248109221383357,-0.1382482450584931,0.0752928416535763,0.34500675842090445,1-hop induced structural neighborhood modularity Q,79.0,3.0,-1.5500836697849176,node_mean,,3,sensorimotor output,sensorimotor output,head motor / premotor,motor / command
C. elegans,RMDVR,-0.7670583706691313,-0.1408615511985975,0.0708327969591204,0.3246346119509186,1-hop induced structural neighborhood modularity Q,88.0,4.0,-1.4240346891027378,node_mean,,3,sensorimotor output,sensorimotor output,head motor / premotor,motor / command
C. elegans,RMED,0.3662126499559935,-0.1161553818148787,-0.0362869662245754,0.45341836734693874,1-hop induced structural neighborhood modularity Q,24.0,5.0,-2.2246235515243336,node_mean,,3,sensorimotor output,sensorimotor output,head motor / premotor,motor / command
C. elegans,RMEL,1.206894611334205,0.0299403921694242,0.0152548246003602,0.441504385312918,1-hop induced structural neighborhood modularity Q,21.0,5.0,-2.512305623976115,node_mean,,3,sensorimotor output,sensorimotor output,head motor / premotor,motor / command
C. elegans,RMER,0.8615438524198483,0.0352811430380435,0.0176861883629082,0.3342415229030339,1-hop induced structural neighborhood modularity Q,28.0,5.0,-2.3632097148104805,node_mean,,3,sensorimotor output,sensorimotor output,head motor / premotor,motor / command
C. elegans,RMEV,0.8770372523427571,-0.0497425749578728,0.005031462257574,0.47382424079548513,1-hop induced structural neighborhood modularity Q,44.0,7.0,-2.145399509471633,node_mean,,3,sensorimotor output,sensorimotor output,head motor / premotor,motor / command
C. elegans,RMGL,-1.184630788789381,-0.064570897442933,0.0069226372171253,0.4805985521401792,1-hop induced structural neighborhood modularity Q,177.0,6.0,0.461345566502621,node_mean,,6,state-dependent / modulatory,state-dependent / modulatory,state-modulatory interneuron,state-modulatory
C. elegans,SAADL,0.4228558155914764,-0.1010687288441655,-0.0008080246668527,0.516926347114465,1-hop induced structural neighborhood modularity Q,59.0,6.0,-0.2363887780642304,node_mean,,3,sensorimotor output,sensorimotor output,head motor / premotor,motor / command
C. elegans,SAADR,0.2322001526469293,-0.1204589684187786,0.0181883324272895,0.4569661924387638,1-hop induced structural neighborhood modularity Q,72.0,6.0,0.243230309880947,node_mean,,3,sensorimotor output,sensorimotor output,head motor / premotor,motor / command
C. elegans,SAAVL,0.0230766114130068,-0.1512837405952934,0.0015495056890599,0.46532818047569674,1-hop induced structural neighborhood modularity Q,74.0,7.0,0.8807457944547437,node_mean,,3,sensorimotor output,sensorimotor output,head motor / premotor,motor / command
C. elegans,SAAVR,-0.0947303247555859,-0.1553687869686358,-0.0550444047887704,0.3556266497146253,1-hop induced structural neighborhood modularity Q,28.0,6.0,0.8846853924588238,node_mean,,3,sensorimotor output,sensorimotor output,head motor / premotor,motor / command
C. elegans,SMBVR,0.720566827203706,0.0171129176168821,0.0277254575230129,0.32687803815307526,1-hop induced structural neighborhood modularity Q,52.0,5.0,-0.5212969236332861,node_mean,,3,sensorimotor output,sensorimotor output,head motor / premotor,motor / command
C. elegans,SMDDL,0.4548987190159245,0.0352876123337124,0.0629079901978605,0.3894483134515569,1-hop induced structural neighborhood modularity Q,122.0,5.0,-0.8338145100499166,node_mean,,3,sensorimotor output,sensorimotor output,head motor / premotor,motor / command
C. elegans,SMDDR,0.2208586436124091,0.0087023418880462,0.0624276012326744,0.42068103954984337,1-hop induced structural neighborhood modularity Q,130.0,5.0,-1.1997974329154553,node_mean,,3,sensorimotor output,sensorimotor output,head motor / premotor,motor / command
C. elegans,SMDVL,1.1500043900545958,0.0353375882419749,0.0865327352777593,0.4092896338557481,1-hop induced structural neighborhood modularity Q,122.0,4.0,-0.0359320092260633,node_mean,,3,sensorimotor output,sensorimotor output,head motor / premotor,motor / command
C. elegans,SMDVR,0.4941198092821146,0.0272627736396793,0.0623310882135218,0.4294394768133175,1-hop induced structural neighborhood modularity Q,131.0,5.0,-0.1987345864352847,node_mean,,3,sensorimotor output,sensorimotor output,head motor / premotor,motor / command
C. elegans,URADL,-1.7373366046987515,-0.006445655224464,0.008569245915579,0.10522609526683764,1-hop induced structural neighborhood modularity Q,12.0,4.0,-0.1643030512912763,node_mean,,3,sensorimotor output,sensorimotor output,head motor / premotor,motor / command
C. elegans,URADR,-1.6302583024171546,-0.0164230688380995,0.0245333262156602,0.09964444444444444,1-hop induced structural neighborhood modularity Q,9.0,3.0,0.0,node_mean,,3,sensorimotor output,sensorimotor output,head motor / premotor,motor / command
C. elegans,URAVL,-1.038814546608589,-0.0316193482880172,-0.0198106262262553,0.36769833104709654,1-hop induced structural neighborhood modularity Q,31.0,4.0,0.5340824859302579,node_mean,,3,sensorimotor output,sensorimotor output,head motor / premotor,motor / command
C. elegans,URAVR,-0.976791306592615,-0.0013509457379679,0.0179200981281793,0.34364720845576946,1-hop induced structural neighborhood modularity Q,42.0,3.0,0.4289956055183586,node_mean,,3,sensorimotor output,sensorimotor output,head motor / premotor,motor / command
C. elegans,URBL,-0.4708821787532142,0.0151356690304579,0.0224793630567143,0.4615051903114187,1-hop induced structural neighborhood modularity Q,36.0,6.0,1.3256697393034558,node_mean,,4,integrative relay,integrative relay,interneuron / integrative,interneurons
C. elegans,URBR,-0.4622202745889068,0.0219748405314457,0.0282070519255408,0.4083706942616221,1-hop induced structural neighborhood modularity Q,96.0,4.0,0.6390799592896695,node_mean,,4,integrative relay,integrative relay,interneuron / integrative,interneurons
C. elegans,URXL,-0.0922453345713533,0.0381057915407909,0.0200050339790527,0.421987918367347,1-hop induced structural neighborhood modularity Q,117.0,4.0,0.2371297932889497,node_mean,,2,other sensory,other sensory,thermo/gas sensory,sensory neurons
C. elegans,URXR,-0.6372974753910494,0.0304554844923096,0.0238950085354862,0.40996089351159887,1-hop induced structural neighborhood modularity Q,154.0,5.0,0.5520685823000399,node_mean,,2,other sensory,other sensory,thermo/gas sensory,sensory neurons
C. elegans,URYDL,0.0412032610255655,-0.1082198964317172,0.0173016284798848,0.4225650867402339,1-hop induced structural neighborhood modularity Q,32.0,3.0,1.0541605260972755,node_mean,,2,other sensory,other sensory,mechanosensory / other sensory,sensory neurons
C. elegans,URYDR,-0.2085975773899617,-0.0869393635161708,0.0284466316757938,0.5109393195012282,1-hop induced structural neighborhood modularity Q,41.0,6.0,1.840549633397487,node_mean,,2,other sensory,other sensory,mechanosensory / other sensory,sensory neurons
C. elegans,URYVL,0.3340720082360938,-0.050768606334913,0.0151823209815332,0.36453913300383123,1-hop induced structural neighborhood modularity Q,70.0,4.0,2.1365999555197845,node_mean,,2,other sensory,other sensory,mechanosensory / other sensory,sensory neurons
C. elegans,URYVR,-0.3294070467994306,-0.0965866123587528,0.0231846249185374,0.30997039808736987,1-hop induced structural neighborhood modularity Q,56.0,4.0,1.8899514954072687,node_mean,,2,other sensory,other sensory,mechanosensory / other sensory,sensory neurons
Drosophila,AL_R,1.101799983131912,0.0561545807743888,0.1873230453747798,0.3539310216217944,within-region cell-level induced sub-SC modularity Q,,,0.942654171698268,node_mean,,0,olfactory / chemosensory,olfactory / chemosensory,olfactory system,olfactory neuropil
Drosophila,AME_L,-1.4109663844433546,0.0009690628463992,-0.0382219113075164,0.1346819197896122,within-region cell-level induced sub-SC modularity Q,,,-0.7256292855814004,node_mean,,1,visual / optic,visual / optic,visual / optic,optic neuropil
Drosophila,ATL_L,-0.519659204549771,-0.0252259685261034,-0.0016520549505539,0.3500566893424038,within-region cell-level induced sub-SC modularity Q,,,-0.4284893371053548,node_mean,,4,integrative relay,integrative relay,lateral/inferior protocerebrum,protocerebrum
Drosophila,ATL_R,-0.3261889824466816,-0.0228575836458514,-0.0009534527839901,,within-region cell-level induced sub-SC modularity Q,,,-0.714653385780909,node_mean,,4,integrative relay,integrative relay,lateral/inferior protocerebrum,protocerebrum
Drosophila,AVLP_L,1.6328346151869817,-0.0056654989765472,0.0074025770754116,0.4619114472657809,within-region cell-level induced sub-SC modularity Q,,,-0.9574654046017432,node_mean,,4,integrative relay,integrative relay,visual-association protocerebrum,protocerebrum
Drosophila,AVLP_R,1.072540610741776,-0.0051064366906135,0.0045977105237307,0.4687638123558457,within-region cell-level induced sub-SC modularity Q,,,-0.8040388641656668,node_mean,,4,integrative relay,integrative relay,visual-association protocerebrum,protocerebrum
Drosophila,CRE_L,0.3426909346216281,-0.0049864930875445,0.0044296497939522,0.6798796339364515,within-region cell-level induced sub-SC modularity Q,,,-0.2499975964008988,node_mean,,4,integrative relay,integrative relay,lateral/inferior protocerebrum,protocerebrum
Drosophila,CRE_R,0.4577458268980124,-0.0242509560105475,0.0078540617629382,0.6880708011823461,within-region cell-level induced sub-SC modularity Q,,,-0.1475011659076173,node_mean,,4,integrative relay,integrative relay,lateral/inferior protocerebrum,protocerebrum
Drosophila,EPA_L,-1.074794799671396,0.0446293887503689,-0.1424074460071397,0.0,within-region cell-level induced sub-SC modularity Q,,,0.6677190033906197,node_mean,,4,integrative relay,integrative relay,lateral/inferior protocerebrum,protocerebrum
Drosophila,EPA_R,-0.8769280731410657,-0.0065737971737475,0.0274642239025094,,within-region cell-level induced sub-SC modularity Q,,,0.7640989165322297,node_mean,,4,integrative relay,integrative relay,lateral/inferior protocerebrum,protocerebrum
Drosophila,IB_L,-0.4219520522595418,0.028330329238535,-0.0112393599724275,0.6332533087103724,within-region cell-level induced sub-SC modularity Q,,,-0.4207842534305047,node_mean,,4,integrative relay,integrative relay,lateral/inferior protocerebrum,protocerebrum
Drosophila,IB_R,-0.2840659556148842,0.0179025717583879,0.0050167115837163,0.7451676798032922,within-region cell-level induced sub-SC modularity Q,,,-0.4550297502883675,node_mean,,4,integrative relay,integrative relay,lateral/inferior protocerebrum,protocerebrum
Drosophila,ICL_L,-0.1041283831034324,0.0042850023490588,-0.0121913594953167,0.6097806223515823,within-region cell-level induced sub-SC modularity Q,,,-0.6267717884052632,node_mean,,4,integrative relay,integrative relay,lateral/inferior protocerebrum,protocerebrum
Drosophila,ICL_R,-0.1088552069202965,0.0022242635918467,-0.0086050511719919,0.6107673882222713,within-region cell-level induced sub-SC modularity Q,,,-0.7938958604702551,node_mean,,4,integrative relay,integrative relay,lateral/inferior protocerebrum,protocerebrum
Drosophila,LAL_L,0.4396997499677837,0.0158525861949458,0.0086456898469944,0.512502300539257,within-region cell-level induced sub-SC modularity Q,,,-0.0812935021817268,node_mean,,3,sensorimotor output,sensorimotor output,premotor / descending interface,premotor interface
Drosophila,LAL_R,0.4937769585849373,-0.009054463137215,0.0088199377500919,0.4809981122500806,within-region cell-level induced sub-SC modularity Q,,,-0.0874163681621682,node_mean,,3,sensorimotor output,sensorimotor output,premotor / descending interface,premotor interface
Drosophila,LH_L,0.4949474512208566,0.0073878421151655,0.0056421025584574,0.4319583341899644,within-region cell-level induced sub-SC modularity Q,,,0.1697042064397107,node_mean,,0,olfactory / chemosensory,olfactory / chemosensory,olfactory system,olfactory neuropil
Drosophila,LH_R,0.4310021709390036,-0.0006085538974333,-0.0015620659733197,0.4362525278078802,within-region cell-level induced sub-SC modularity Q,,,0.4521889501029338,node_mean,,0,olfactory / chemosensory,olfactory / chemosensory,olfactory system,olfactory neuropil
Drosophila,LO_R,-0.8641622978631396,0.0041107082158664,0.0038012121671988,0.5729150161006623,within-region cell-level induced sub-SC modularity Q,,,-0.2235359787234082,node_mean,,1,visual / optic,visual / optic,visual / optic,optic neuropil
Drosophila,MB_L,0.8450483728176931,-0.0569564167101986,0.0720069799873095,0.5360304662100134,within-region cell-level induced sub-SC modularity Q,,,0.1604609447818444,node_mean,,5,associative / learning,associative / learning,mushroom body,mushroom body
Drosophila,MB_R,1.2804103580774668,-0.1252192110285077,0.0910220732211369,0.6690961905940654,within-region cell-level induced sub-SC modularity Q,,,0.2967367759402225,node_mean,,5,associative / learning,associative / learning,mushroom body,mushroom body
Drosophila,ME_L,-1.3709621098174984,-0.0075254645606196,-0.0847664824764092,0.699855754045594,within-region cell-level induced sub-SC modularity Q,,,1.2959829059602028,node_mean,,1,visual / optic,visual / optic,visual / optic,optic neuropil
Drosophila,ME_R,-0.7648873512860052,-0.0003966732874369,-0.005914078063496,0.7066598264728003,within-region cell-level induced sub-SC modularity Q,,,0.9373619920999618,node_mean,,1,visual / optic,visual / optic,visual / optic,optic neuropil
Drosophila,PLP_L,0.3684434293372752,-0.0039640878380056,-0.0169436020564553,0.614643522557888,within-region cell-level induced sub-SC modularity Q,,,-0.1261519291271758,node_mean,,4,integrative relay,integrative relay,visual-association protocerebrum,protocerebrum
Drosophila,PLP_R,0.2849500985973232,-0.0210679244802576,-0.0077008022147407,0.6707137994634418,within-region cell-level induced sub-SC modularity Q,,,-0.260895861122119,node_mean,,4,integrative relay,integrative relay,visual-association protocerebrum,protocerebrum
Drosophila,PVLP_L,0.2930105331063098,0.0093178293041694,-0.040215805784619,0.616346227653427,within-region cell-level induced sub-SC modularity Q,,,-0.4537985828842031,node_mean,,4,integrative relay,integrative relay,visual-association protocerebrum,protocerebrum
Drosophila,PVLP_R,0.1177895177903817,0.0094069448566929,-0.0195708393470987,0.5693315887799352,within-region cell-level induced sub-SC modularity Q,,,-0.443064624230007,node_mean,,4,integrative relay,integrative relay,visual-association protocerebrum,protocerebrum
Drosophila,SIP_L,0.150938837554705,0.010544627094206,0.0108933200094632,0.685881533133319,within-region cell-level induced sub-SC modularity Q,,,-0.05049679231685,node_mean,,4,integrative relay,integrative relay,superior protocerebrum,protocerebrum
Drosophila,SIP_R,0.3441416109096894,-0.0268607093638766,0.0146383486123922,0.7060751613556515,within-region cell-level induced sub-SC modularity Q,,,0.3251339878495997,node_mean,,4,integrative relay,integrative relay,superior protocerebrum,protocerebrum
Drosophila,SLP_R,0.6664468040176648,0.003032188244531,0.0198000811772012,0.5310439716454235,within-region cell-level induced sub-SC modularity Q,,,-0.2879574200798989,node_mean,,4,integrative relay,integrative relay,superior protocerebrum,protocerebrum
Drosophila,SMP_L,0.4981025441101815,0.0110350037003574,0.0143517291906118,0.5441031191264883,within-region cell-level induced sub-SC modularity Q,,,-0.2233168384504957,node_mean,,4,integrative relay,integrative relay,superior protocerebrum,protocerebrum
Drosophila,SMP_R,0.5561460857546392,0.0035258651882899,0.0011968900350566,0.5331272562763391,within-region cell-level induced sub-SC modularity Q,,,-0.2546318686030869,node_mean,,4,integrative relay,integrative relay,superior protocerebrum,protocerebrum
Drosophila,SPS_L,0.3901537089516166,-0.0036950516419438,0.002763559566441,0.553493252753705,within-region cell-level induced sub-SC modularity Q,,,-0.3802312760180888,node_mean,,3,sensorimotor output,sensorimotor output,premotor / descending interface,premotor interface
Drosophila,SPS_R,0.36874158204957,-0.0038048179207285,0.0033001177521604,0.5525320679799299,within-region cell-level induced sub-SC modularity Q,,,-0.5613998628214417,node_mean,,3,sensorimotor output,sensorimotor output,premotor / descending interface,premotor interface
Drosophila,VES_L,0.5288246271017737,0.0055564777536826,0.0040039655541395,0.5031407090493887,within-region cell-level induced sub-SC modularity Q,,,-0.3450533381467631,node_mean,,3,sensorimotor output,sensorimotor output,premotor / descending interface,premotor interface
Drosophila,VES_R,0.5249681128180895,-0.0027180829781906,0.0082556116800339,0.4737140683548883,within-region cell-level induced sub-SC modularity Q,,,-0.1630100254701345,node_mean,,3,sensorimotor output,sensorimotor output,premotor / descending interface,premotor interface
Drosophila,WED_R,-0.8475651159819618,0.0018852715074512,0.0056389201270123,0.5134644864506052,within-region cell-level induced sub-SC modularity Q,,,0.5137179705089414,node_mean,,4,integrative relay,integrative relay,visual-association protocerebrum,protocerebrum
Zebrafish,MON,-0.05228083189883842,-0.0081498736819999,-0.0037052569870558,0.3816946286328523,subject-specific within-region cell-level induced sub-SC modularity Q,11364.0,27.0,1.0058150350700736,subject_12,12,3,sensorimotor output,sensorimotor output,hindbrain / cerebellar / motor,hindbrain / motor
Zebrafish,Cb,-0.33618120902746046,-0.0146911731870507,0.0018912372191444,0.5470736324592994,subject-specific within-region cell-level induced sub-SC modularity Q,8017.0,70.0,0.6230282433061092,subject_12,12,3,sensorimotor output,sensorimotor output,hindbrain / cerebellar / motor,hindbrain / motor
Zebrafish,MOS1,-0.1794900839625175,-0.0128950749172522,0.0060380915834536,0.2839931983397028,subject-specific within-region cell-level induced sub-SC modularity Q,59459.0,48.0,-0.3583924096154478,subject_12,12,3,sensorimotor output,sensorimotor output,hindbrain / cerebellar / motor,hindbrain / motor
Zebrafish,MOS2,-1.2259381340339042,-0.0137643588580832,0.0089971950450604,0.642400253401164,subject-specific within-region cell-level induced sub-SC modularity Q,2232.0,42.0,-0.3378477557787159,subject_12,12,3,sensorimotor output,sensorimotor output,hindbrain / cerebellar / motor,hindbrain / motor
Zebrafish,MOS3,0.10198340537619252,-0.0166393506344257,0.0011620437751158,0.4742031092100615,subject-specific within-region cell-level induced sub-SC modularity Q,13725.0,19.0,1.8163958166971603,subject_12,12,3,sensorimotor output,sensorimotor output,hindbrain / cerebellar / motor,hindbrain / motor
Zebrafish,MOS4,-0.8603827539244627,-0.0085777130945021,0.0001203396362036,0.5849726151171405,subject-specific within-region cell-level induced sub-SC modularity Q,4185.0,82.0,1.359648797061377,subject_12,12,3,sensorimotor output,sensorimotor output,hindbrain / cerebellar / motor,hindbrain / motor
Zebrafish,MOS5,-0.21794814806735063,-0.0089172562314277,0.0016914416682765,0.508629175652095,subject-specific within-region cell-level induced sub-SC modularity Q,13198.0,50.0,0.8072747960377941,subject_12,12,3,sensorimotor output,sensorimotor output,hindbrain / cerebellar / motor,hindbrain / motor
Zebrafish,IPN,0.4054107177100456,-0.0186476834432564,-0.000809655534538,,,,,-1.5661252566013932,subject_12,12,6,state-dependent / modulatory,state-dependent / modulatory,habenular / hypothalamic / raphe state system,state system
Zebrafish,IO,0.30826988504805547,,,,,,,0.0,subject_12,12,3,sensorimotor output,sensorimotor output,hindbrain / cerebellar / motor,hindbrain / motor
Zebrafish,Ra,0.7226232539509563,-0.0173340178968715,0.0098060264116956,0.5618643517503918,subject-specific within-region cell-level induced sub-SC modularity Q,702.0,22.0,-1.2007986801650008,subject_12,12,6,state-dependent / modulatory,state-dependent / modulatory,habenular / hypothalamic / raphe state system,state system
Zebrafish,T,0.0841548856113102,-0.0195673195556618,-0.0025909532523295,0.6126484479146361,subject-specific within-region cell-level induced sub-SC modularity Q,7283.0,18.0,0.995958430039042,subject_12,12,4,integrative relay,integrative relay,diencephalic / state relay,diencephalon
Zebrafish,aRF,-0.5596484527379519,-0.0115367696742229,,0.6079484541958315,subject-specific within-region cell-level induced sub-SC modularity Q,605.0,38.0,0.865845153576944,subject_12,12,3,sensorimotor output,sensorimotor output,hindbrain / cerebellar / motor,hindbrain / motor
Zebrafish,imRF,-1.1339876418370431,-0.0253455148241204,0.0047203886788537,0.5304630089913489,subject-specific within-region cell-level induced sub-SC modularity Q,1789.0,36.0,-0.0461468840264877,subject_12,12,3,sensorimotor output,sensorimotor output,hindbrain / cerebellar / motor,hindbrain / motor
Zebrafish,pRF,-1.1392719682295818,-0.018807737050673,0.0103657707726246,0.4354281368756768,subject-specific within-region cell-level induced sub-SC modularity Q,3884.0,18.0,-1.2276844113191725,subject_12,12,3,sensorimotor output,sensorimotor output,hindbrain / cerebellar / motor,hindbrain / motor
Zebrafish,Hb,1.0498844249500718,0.0186515271394251,0.0057461675495969,0.6233737387350288,subject-specific within-region cell-level induced sub-SC modularity Q,633.0,35.0,6.966361057582602,subject_12,12,6,state-dependent / modulatory,state-dependent / modulatory,habenular / hypothalamic / raphe state system,state system
Zebrafish,Hi,-0.7870264028479187,-0.020548032283871,-0.0078025431370055,,,,,4.75633769718494,subject_12,12,6,state-dependent / modulatory,state-dependent / modulatory,habenular / hypothalamic / raphe state system,state system
Zebrafish,OG,-1.9868263234983259,,,,,,,0.0,subject_12,12,0,olfactory / chemosensory,olfactory / chemosensory,olfactory sensory,telencephalon
Zebrafish,OB,1.6767872937393808,-0.011268234181219,0.0124696400603259,0.665295752363179,subject-specific within-region cell-level induced sub-SC modularity Q,314.0,36.0,0.0909717782057267,subject_12,12,0,olfactory / chemosensory,olfactory / chemosensory,olfactory sensory,telencephalon
Zebrafish,OE,1.4904099955221355,-0.0069102448050651,0.0126988538986042,,,,,-0.1823215567939546,subject_12,12,0,olfactory / chemosensory,olfactory / chemosensory,olfactory sensory,telencephalon
Zebrafish,P,1.28787260794144,0.0021209007051267,-0.0353708364349897,0.7464498332581097,subject-specific within-region cell-level induced sub-SC modularity Q,1793.0,70.0,0.8371839685261714,subject_12,12,5,associative / learning,associative / learning,telencephalic associative,telencephalon
Zebrafish,PT,0.4160851089848457,-0.0010064012229707,-0.003171979262783,0.6502271896337626,subject-specific within-region cell-level induced sub-SC modularity Q,1081.0,27.0,-0.8924317474598463,subject_12,12,1,visual / optic,visual / optic,visual / optic midbrain,diencephalon
Zebrafish,PO,1.2933955249966367,0.0111828476799098,0.0097053071968879,0.6597730499016918,subject-specific within-region cell-level induced sub-SC modularity Q,941.0,18.0,0.4108181169883061,subject_12,12,6,state-dependent / modulatory,state-dependent / modulatory,habenular / hypothalamic / raphe state system,state system
Zebrafish,PrT,-0.12739858496835657,-0.0207133338803738,-0.0011977726742538,0.5971857435693977,subject-specific within-region cell-level induced sub-SC modularity Q,1064.0,36.0,-0.6611911330446445,subject_12,12,1,visual / optic,visual / optic,visual / optic midbrain,diencephalon
Zebrafish,SP,1.5596743357174754,0.0074266641881975,-0.0269616278680874,0.6077296729606863,subject-specific within-region cell-level induced sub-SC modularity Q,1845.0,35.0,2.167288943798912,subject_12,12,5,associative / learning,associative / learning,telencephalic associative,telencephalon
Zebrafish,TeO,0.7291121943487686,-0.0137110832178088,-0.0021293717616123,0.7544254655180782,subject-specific within-region cell-level induced sub-SC modularity Q,33899.0,116.0,-0.450237969466813,subject_12,12,1,visual / optic,visual / optic,visual / optic midbrain,mesencephalon
Zebrafish,Th,0.8056253752492459,-0.0108948167065223,0.0018405110541925,0.7217172714674105,subject-specific within-region cell-level induced sub-SC modularity Q,3807.0,40.0,-1.145905838877875,subject_12,12,4,integrative relay,integrative relay,diencephalic / state relay,diencephalon
Zebrafish,TL,-0.9363144558735496,-0.0589630694969621,-0.0053170136625896,0.7482009847241511,subject-specific within-region cell-level induced sub-SC modularity Q,89.0,33.0,1.959257730426967,subject_12,12,1,visual / optic,visual / optic,visual / optic midbrain,mesencephalon
Zebrafish,TS,0.755790728063377,-0.0062887845052633,-0.008874993542266,0.5233370637557895,subject-specific within-region cell-level induced sub-SC modularity Q,1205.0,45.0,-0.4918456823724306,subject_12,12,1,visual / optic,visual / optic,visual / optic midbrain,mesencephalon
Zebrafish,TG,-1.4792079617862979,1.1248284507888156e-57,0.0012321035135091,,,,,0.0,subject_12,12,3,sensorimotor output,sensorimotor output,hindbrain / cerebellar / motor,hindbrain / motor
Zebrafish,VR,-0.41672299946853514,-0.0127174220206225,-0.0008823461571406,,,,,3.888900588007292,subject_12,12,3,sensorimotor output,sensorimotor output,hindbrain / cerebellar / motor,hindbrain / motor
Zebrafish,NX,-1.4509971054386215,-0.0079134852688787,0.0054636320805868,0.4526783465566031,subject-specific within-region cell-level induced sub-SC modularity Q,2285.0,16.0,-0.0453278342994466,subject_12,12,3,sensorimotor output,sensorimotor output,hindbrain / cerebellar / motor,hindbrain / motor
Zebrafish,rMON,0.3338494647241887,-0.0151562291475228,0.0004101664268373,0.3652390033494128,subject-specific within-region cell-level induced sub-SC modularity Q,18942.0,21.0,0.4366432428080851,subject_12,12,3,sensorimotor output,sensorimotor output,hindbrain / cerebellar / motor,hindbrain / motor
Zebrafish,rCb,-0.2997603920212963,-0.0209590758390974,0.0006335989592044,0.5729433146575015,subject-specific within-region cell-level induced sub-SC modularity Q,8598.0,70.0,-0.0817124365156155,subject_12,12,3,sensorimotor output,sensorimotor output,hindbrain / cerebellar / motor,hindbrain / motor
Zebrafish,rMOS1,-0.6234319173458078,-0.0155807357402673,0.007104684103571,0.2580314314417926,subject-specific within-region cell-level induced sub-SC modularity Q,69892.0,45.0,-0.3969417863818234,subject_12,12,3,sensorimotor output,sensorimotor output,hindbrain / cerebellar / motor,hindbrain / motor
Zebrafish,rMOS2,-1.361798530614629,-0.0027174214035982,0.0108366527366991,0.6140998061960692,subject-specific within-region cell-level induced sub-SC modularity Q,2341.0,39.0,-1.5709923210256982,subject_12,12,3,sensorimotor output,sensorimotor output,hindbrain / cerebellar / motor,hindbrain / motor
Zebrafish,rMOS3,-0.08100781342858632,-0.0157988160115232,-0.0064582562268182,0.4836004117393987,subject-specific within-region cell-level induced sub-SC modularity Q,21243.0,20.0,1.214855148514053,subject_12,12,3,sensorimotor output,sensorimotor output,hindbrain / cerebellar / motor,hindbrain / motor
Zebrafish,rMOS4,-1.0745982551726547,-0.0072648287622253,0.0019011104413411,0.69819493715206,subject-specific within-region cell-level induced sub-SC modularity Q,4225.0,88.0,1.2713792552729262,subject_12,12,3,sensorimotor output,sensorimotor output,hindbrain / cerebellar / motor,hindbrain / motor
Zebrafish,rMOS5,-0.03860446462188201,-0.0071607958962447,-0.0035011333147442,0.4782731360943263,subject-specific within-region cell-level induced sub-SC modularity Q,21437.0,26.0,1.4489679259131043,subject_12,12,3,sensorimotor output,sensorimotor output,hindbrain / cerebellar / motor,hindbrain / motor
Zebrafish,rIPN,1.0446843997152087,-0.0235380304402276,0.001114250945417,,,,,-0.9756885678457496,subject_12,12,6,state-dependent / modulatory,state-dependent / modulatory,habenular / hypothalamic / raphe state system,state system
Zebrafish,rIO,0.3208629903907115,0.0209341003395068,,,,,,2.772588722239781,subject_12,12,3,sensorimotor output,sensorimotor output,hindbrain / cerebellar / motor,hindbrain / motor
Zebrafish,rRa,1.0623216086529619,-0.0313273456302005,0.005887051287661,0.669765831781198,subject-specific within-region cell-level induced sub-SC modularity Q,404.0,21.0,-1.1292189333746434,subject_12,12,6,state-dependent / modulatory,state-dependent / modulatory,habenular / hypothalamic / raphe state system,state system
Zebrafish,rT,-0.1372764359668227,-0.0238812517382032,-0.0018451255021339,0.5267826025151051,subject-specific within-region cell-level induced sub-SC modularity Q,12095.0,30.0,0.6269606412664458,subject_12,12,4,integrative relay,integrative relay,diencephalic / state relay,diencephalon
Zebrafish,raRF,-0.9363913251762701,-0.0230319581080262,-0.0044652265507074,0.6858324661810611,subject-specific within-region cell-level induced sub-SC modularity Q,310.0,39.0,0.3880953861591228,subject_12,12,3,sensorimotor output,sensorimotor output,hindbrain / cerebellar / motor,hindbrain / motor
Zebrafish,rimRF,-1.5782879388111153,-0.0269817417522108,0.0055850784790989,0.4313650913673598,subject-specific within-region cell-level induced sub-SC modularity Q,3448.0,20.0,-0.333271606827308,subject_12,12,3,sensorimotor output,sensorimotor output,hindbrain / cerebellar / motor,hindbrain / motor
Zebrafish,rpRF,-1.4772155661418136,-0.011002932108895,0.0101622221956036,0.4424560244325993,subject-specific within-region cell-level induced sub-SC modularity Q,6138.0,17.0,-1.5138897971992478,subject_12,12,3,sensorimotor output,sensorimotor output,hindbrain / cerebellar / motor,hindbrain / motor
Zebrafish,rHb,1.067502431907215,0.0079966378606949,-0.0001799350782608,0.7400826718126395,subject-specific within-region cell-level induced sub-SC modularity Q,302.0,54.0,6.186208623900494,subject_12,12,6,state-dependent / modulatory,state-dependent / modulatory,habenular / hypothalamic / raphe state system,state system
Zebrafish,rHi,-0.849271622720436,-0.024329913433303,-0.0076650591504005,,,,,3.853078006737476,subject_12,12,6,state-dependent / modulatory,state-dependent / modulatory,habenular / hypothalamic / raphe state system,state system
Zebrafish,rOB,1.6582948188085447,0.0188482661747228,-0.0081411704122888,0.7785996055226824,subject-specific within-region cell-level induced sub-SC modularity Q,156.0,49.0,-4.103561217327025,subject_12,12,0,olfactory / chemosensory,olfactory / chemosensory,olfactory sensory,telencephalon
Zebrafish,rOE,0.781681142852735,0.0015638991193397,0.0095064099935225,,,,,0.2231435513142097,subject_12,12,0,olfactory / chemosensory,olfactory / chemosensory,olfactory sensory,telencephalon
Zebrafish,rP,1.643123942082198,0.0124691783687306,-0.0100604873170358,0.7533066860465114,subject-specific within-region cell-level induced sub-SC modularity Q,1720.0,94.0,1.703852513424284,subject_12,12,5,associative / learning,associative / learning,telencephalic associative,telencephalon
Zebrafish,rPT,0.6194279656954824,-0.0053433703552153,-0.0030900947608857,0.6089811670148493,subject-specific within-region cell-level induced sub-SC modularity Q,1014.0,13.0,-0.3282966368233946,subject_12,12,1,visual / optic,visual / optic,visual / optic midbrain,diencephalon
Zebrafish,rPO,1.3680317328712728,0.0083990595499287,0.006597132165117,0.6809273347734885,subject-specific within-region cell-level induced sub-SC modularity Q,819.0,14.0,0.3828792551696962,subject_12,12,6,state-dependent / modulatory,state-dependent / modulatory,habenular / hypothalamic / raphe state system,state system
Zebrafish,rPrT,0.0020220145465971403,-0.0210293300388905,-0.0016900788683603,0.5993057711826772,subject-specific within-region cell-level induced sub-SC modularity Q,1927.0,36.0,-0.3145630619212531,subject_12,12,1,visual / optic,visual / optic,visual / optic midbrain,diencephalon
Zebrafish,rSP,1.6614066398338785,0.0042632002587752,-0.0055404229839743,0.5767617899322266,subject-specific within-region cell-level induced sub-SC modularity Q,1922.0,26.0,2.6451334207355144,subject_12,12,5,associative / learning,associative / learning,telencephalic associative,telencephalon
Zebrafish,rTeO,0.6989688597466945,-0.0221648373012576,-0.0036723258459201,0.691686373515378,subject-specific within-region cell-level induced sub-SC modularity Q,52155.0,161.0,-0.8524180188540805,subject_12,12,1,visual / optic,visual / optic,visual / optic midbrain,mesencephalon
Zebrafish,rTh,0.8431391260165352,-0.009248086832887,-0.0019979202698031,0.5813392455490988,subject-specific within-region cell-level induced sub-SC modularity Q,6023.0,30.0,-0.364092667261627,subject_12,12,4,integrative relay,integrative relay,diencephalic / state relay,diencephalon
Zebrafish,rTL,-0.5582391470621302,-0.0472627453639681,-0.0136026040750468,,,,,0.2614613778246426,subject_12,12,1,visual / optic,visual / optic,visual / optic midbrain,mesencephalon
Zebrafish,rTS,-0.026007579510421912,-0.0121777813277059,-0.0142974398448738,0.7796093750000002,subject-specific within-region cell-level induced sub-SC modularity Q,80.0,62.0,0.4873522675803485,subject_12,12,1,visual / optic,visual / optic,visual / optic midbrain,mesencephalon
Zebrafish,rTG,-1.4894841054993193,,,,,,,0.0,subject_12,12,3,sensorimotor output,sensorimotor output,hindbrain / cerebellar / motor,hindbrain / motor
Zebrafish,rVR,-0.9250388385496505,-0.011957004527774,-0.0045582200008408,,,,,1.6854238194120224,subject_12,12,3,sensorimotor output,sensorimotor output,hindbrain / cerebellar / motor,hindbrain / motor
Zebrafish,rNX,-1.4463598848106862,-0.0170182325660309,0.003871711837465,0.4396548906969246,subject-specific within-region cell-level induced sub-SC modularity Q,3555.0,8.0,-1.074228319224646,subject_12,12,3,sensorimotor output,sensorimotor output,hindbrain / cerebellar / motor,hindbrain / motor
Zebrafish,MON,0.31307274700710536,-0.0122596033579903,-0.0038772067435236,0.3910374011230573,subject-specific within-region cell-level induced sub-SC modularity Q,15653.0,23.0,0.9271913263435252,subject_13,13,3,sensorimotor output,sensorimotor output,hindbrain / cerebellar / motor,hindbrain / motor
Zebrafish,Cb,0.07615288648363319,-0.0172463688142824,-0.0003457946494874,0.5760486591550458,subject-specific within-region cell-level induced sub-SC modularity Q,11144.0,56.0,0.3115870849762359,subject_13,13,3,sensorimotor output,sensorimotor output,hindbrain / cerebellar / motor,hindbrain / motor
Zebrafish,MOS1,-0.5533432560530817,-0.0106631679650979,0.005260656038404,0.2831350075819316,subject-specific within-region cell-level induced sub-SC modularity Q,56057.0,26.0,-0.381481719062348,subject_13,13,3,sensorimotor output,sensorimotor output,hindbrain / cerebellar / motor,hindbrain / motor
Zebrafish,MOS2,-1.1733928695349363,-0.0120306921347963,0.00939456717382,0.6429102430555554,subject-specific within-region cell-level induced sub-SC modularity Q,2400.0,33.0,-0.3018223435539328,subject_13,13,3,sensorimotor output,sensorimotor output,hindbrain / cerebellar / motor,hindbrain / motor
Zebrafish,MOS3,0.14952170339658005,-0.0203468062520584,0.0016646657700744,0.4763689772055499,subject-specific within-region cell-level induced sub-SC modularity Q,12624.0,27.0,1.7223814789081011,subject_13,13,3,sensorimotor output,sensorimotor output,hindbrain / cerebellar / motor,hindbrain / motor
Zebrafish,MOS4,-0.439436339900265,-0.015983948357271,-9.547773367553678e-05,0.5282368446907643,subject-specific within-region cell-level induced sub-SC modularity Q,4218.0,97.0,1.2207125910277816,subject_13,13,3,sensorimotor output,sensorimotor output,hindbrain / cerebellar / motor,hindbrain / motor
Zebrafish,MOS5,0.11444508540690794,-0.0117434969239391,0.000837140660268,0.4991971651001549,subject-specific within-region cell-level induced sub-SC modularity Q,15126.0,41.0,0.6665060144610625,subject_13,13,3,sensorimotor output,sensorimotor output,hindbrain / cerebellar / motor,hindbrain / motor
Zebrafish,IPN,-4.313903993026869e-05,-0.0069333609097344,-0.0032463939039655,,,,,-0.8193317358920869,subject_13,13,6,state-dependent / modulatory,state-dependent / modulatory,habenular / hypothalamic / raphe state system,state system
Zebrafish,IO,-0.31787087258986785,2.7061522564495844e-06,-0.0089046775493501,,,,,-2.763620052257021,subject_13,13,3,sensorimotor output,sensorimotor output,hindbrain / cerebellar / motor,hindbrain / motor
Zebrafish,Hc,0.18599526178161135,-0.0450227611838262,0.000475644677513,,,,,-0.3488650825977142,subject_13,13,6,state-dependent / modulatory,state-dependent / modulatory,habenular / hypothalamic / raphe state system,state system
Zebrafish,Ra,-0.14767623436746163,-0.0107429693302277,0.0094467670694891,0.530818842575823,subject-specific within-region cell-level induced sub-SC modularity Q,1358.0,28.0,-1.179799861450518,subject_13,13,6,state-dependent / modulatory,state-dependent / modulatory,habenular / hypothalamic / raphe state system,state system
Zebrafish,T,0.24352782644549043,-0.0163188937874973,-0.0049725446275425,0.6309114990514976,subject-specific within-region cell-level induced sub-SC modularity Q,9032.0,35.0,1.1417903465431771,subject_13,13,4,integrative relay,integrative relay,diencephalic / state relay,diencephalon
Zebrafish,aRF,-0.30526238356449165,-0.0172320584406476,-0.0043226167030018,0.6160854307866577,subject-specific within-region cell-level induced sub-SC modularity Q,2379.0,44.0,0.5037757059422757,subject_13,13,3,sensorimotor output,sensorimotor output,hindbrain / cerebellar / motor,hindbrain / motor
Zebrafish,imRF,-1.0287095725801314,-0.0234701011769656,0.0015337284085443,0.5953712263622716,subject-specific within-region cell-level induced sub-SC modularity Q,5295.0,23.0,-0.3040750174211989,subject_13,13,3,sensorimotor output,sensorimotor output,hindbrain / cerebellar / motor,hindbrain / motor
Zebrafish,pRF,-0.95342358644026,-0.0160181694163133,0.0056277294501661,0.5696370087660745,subject-specific within-region cell-level induced sub-SC modularity Q,6645.0,42.0,-1.2130905977028033,subject_13,13,3,sensorimotor output,sensorimotor output,hindbrain / cerebellar / motor,hindbrain / motor
Zebrafish,Hb,1.3900967967656956,0.017656068142614,-0.0012642853454947,0.6055363341872726,subject-specific within-region cell-level induced sub-SC modularity Q,1608.0,20.0,5.13219718909209,subject_13,13,6,state-dependent / modulatory,state-dependent / modulatory,habenular / hypothalamic / raphe state system,state system
Zebrafish,Hi,-0.1973968324499954,-0.0297047546441667,-0.0006591392449458,,,,,0.8962197293266718,subject_13,13,6,state-dependent / modulatory,state-dependent / modulatory,habenular / hypothalamic / raphe state system,state system
Zebrafish,HR,-0.37338598659873773,-0.0127770151378172,-0.0037055762916402,,,,,-0.6471585009721723,subject_13,13,6,state-dependent / modulatory,state-dependent / modulatory,habenular / hypothalamic / raphe state system,state system
Zebrafish,OG,-1.9355978636376658,-0.0026349486687687,-1.532697134943395e-07,,,,,0.7964895320615344,subject_13,13,0,olfactory / chemosensory,olfactory / chemosensory,olfactory sensory,telencephalon
Zebrafish,OB,1.7165035880700117,-0.0159731109914859,7.447734217106065e-05,0.6793849431251814,subject-specific within-region cell-level induced sub-SC modularity Q,419.0,29.0,-0.1728428128394108,subject_13,13,0,olfactory / chemosensory,olfactory / chemosensory,olfactory sensory,telencephalon
Zebrafish,OE,1.578416524517975,-0.0050392175125066,-0.0001113997529178,,,,,-0.4054651081081644,subject_13,13,0,olfactory / chemosensory,olfactory / chemosensory,olfactory sensory,telencephalon
Zebrafish,P,1.7650299922627002,-0.0032145905468949,-0.0315288110750346,0.6913448981415194,subject-specific within-region cell-level induced sub-SC modularity Q,5554.0,44.0,0.5473134404629583,subject_13,13,5,associative / learning,associative / learning,telencephalic associative,telencephalon
Zebrafish,PT,-0.10009826084297478,-0.0056694761026185,-0.0034944713222827,0.5822834146542036,subject-specific within-region cell-level induced sub-SC modularity Q,1498.0,35.0,-1.0195230411290237,subject_13,13,1,visual / optic,visual / optic,visual / optic midbrain,diencephalon
Zebrafish,PO,1.0969474412635467,0.0073275669279805,0.009532968768143,0.685357205230173,subject-specific within-region cell-level induced sub-SC modularity Q,1182.0,43.0,0.2496688913863003,subject_13,13,6,state-dependent / modulatory,state-dependent / modulatory,habenular / hypothalamic / raphe state system,state system
Zebrafish,PrT,0.23497676082832195,-0.0194152973147023,-0.0031135810487908,0.6798879215551769,subject-specific within-region cell-level induced sub-SC modularity Q,1646.0,49.0,-0.1323008782538565,subject_13,13,1,visual / optic,visual / optic,visual / optic midbrain,diencephalon
Zebrafish,SP,1.6152278580821762,2.004027378927806e-05,-0.0241635549842642,0.6879524557739451,subject-specific within-region cell-level induced sub-SC modularity Q,2266.0,42.0,1.5249935328657476,subject_13,13,5,associative / learning,associative / learning,telencephalic associative,telencephalon
Zebrafish,TeO,0.42873261123097073,-0.0130887983409648,-0.0013687150862847,0.7517666799876073,subject-specific within-region cell-level induced sub-SC modularity Q,54381.0,100.0,-0.2033274500507977,subject_13,13,1,visual / optic,visual / optic,visual / optic midbrain,mesencephalon
Zebrafish,Th,0.11202932483143478,-0.0158361295217665,0.0019635737328919,0.7644303253822714,subject-specific within-region cell-level induced sub-SC modularity Q,1915.0,64.0,-0.9941211925531462,subject_13,13,4,integrative relay,integrative relay,diencephalic / state relay,diencephalon
Zebrafish,TL,0.44280651282225536,-0.056301524459998,-0.0061684703721117,0.6819852941176471,subject-specific within-region cell-level induced sub-SC modularity Q,340.0,20.0,1.8257942933436808,subject_13,13,1,visual / optic,visual / optic,visual / optic midbrain,mesencephalon
Zebrafish,TS,0.2964142786923257,-0.0110438135982646,-0.0063503695585649,0.804332908538379,subject-specific within-region cell-level induced sub-SC modularity Q,101.0,44.0,-0.6266236444588617,subject_13,13,1,visual / optic,visual / optic,visual / optic midbrain,mesencephalon
Zebrafish,TG,-1.9193345275097409,,,,,,,0.0,subject_13,13,3,sensorimotor output,sensorimotor output,hindbrain / cerebellar / motor,hindbrain / motor
Zebrafish,VR,-1.075666715271551,-0.0137257683626915,0.0199776383654134,,,,,1.5217323320149947,subject_13,13,3,sensorimotor output,sensorimotor output,hindbrain / cerebellar / motor,hindbrain / motor
Zebrafish,NX,-1.227690596342853,-0.0014158128922831,0.0039459220653358,0.4701679102573262,subject-specific within-region cell-level induced sub-SC modularity Q,1565.0,14.0,-0.1938511386648138,subject_13,13,3,sensorimotor output,sensorimotor output,hindbrain / cerebellar / motor,hindbrain / motor
Zebrafish,rMON,-0.021758042406352603,-0.0243524361601455,-0.0044310638312441,0.3629507920289521,subject-specific within-region cell-level induced sub-SC modularity Q,21613.0,24.0,0.3864642294500682,subject_13,13,3,sensorimotor output,sensorimotor output,hindbrain / cerebellar / motor,hindbrain / motor
Zebrafish,rCb,-0.18208803044170646,-0.0241398183951215,-0.001860585249835,0.6414883126226777,subject-specific within-region cell-level induced sub-SC modularity Q,10600.0,41.0,0.215427850491484,subject_13,13,3,sensorimotor output,sensorimotor output,hindbrain / cerebellar / motor,hindbrain / motor
Zebrafish,rMOS1,-0.4699127345823169,-0.0121288604002305,0.0051080660543602,0.274527574247287,subject-specific within-region cell-level induced sub-SC modularity Q,73992.0,33.0,-0.5408407696460618,subject_13,13,3,sensorimotor output,sensorimotor output,hindbrain / cerebellar / motor,hindbrain / motor
Zebrafish,rMOS2,-1.190884882990475,-0.0028037944859753,0.0095508774386899,0.4708874125239002,subject-specific within-region cell-level induced sub-SC modularity Q,4306.0,41.0,-1.6714408743777387,subject_13,13,3,sensorimotor output,sensorimotor output,hindbrain / cerebellar / motor,hindbrain / motor
Zebrafish,rMOS3,0.3758737318816626,-0.0212143316773092,-0.0071363267344743,0.4912514240294502,subject-specific within-region cell-level induced sub-SC modularity Q,19694.0,23.0,1.2333698053725566,subject_13,13,3,sensorimotor output,sensorimotor output,hindbrain / cerebellar / motor,hindbrain / motor
Zebrafish,rMOS4,-0.5581636825120094,-0.0169785812008207,0.0023301044523131,0.6747545019078133,subject-specific within-region cell-level induced sub-SC modularity Q,6569.0,77.0,1.1043851732763776,subject_13,13,3,sensorimotor output,sensorimotor output,hindbrain / cerebellar / motor,hindbrain / motor
Zebrafish,rMOS5,0.26253578050528914,-0.0171418721210539,-0.0053723695904568,0.4873739376922867,subject-specific within-region cell-level induced sub-SC modularity Q,25116.0,36.0,1.2907602756535488,subject_13,13,3,sensorimotor output,sensorimotor output,hindbrain / cerebellar / motor,hindbrain / motor
Zebrafish,rIPN,0.5564678036278625,-0.0159969134428244,-0.0005640615097778,,,,,-0.7611215565149954,subject_13,13,6,state-dependent / modulatory,state-dependent / modulatory,habenular / hypothalamic / raphe state system,state system
Zebrafish,rIO,-0.03449601101319558,0.0158364817464941,-0.0098134195914606,,,,,3.4258899942525267,subject_13,13,3,sensorimotor output,sensorimotor output,hindbrain / cerebellar / motor,hindbrain / motor
Zebrafish,rHc,-0.5026128836189625,-0.0018179674710998,-0.0070079616231432,,,,,-0.7455772159998912,subject_13,13,6,state-dependent / modulatory,state-dependent / modulatory,habenular / hypothalamic / raphe state system,state system
Zebrafish,rRa,0.3103400269978873,-0.0190345072292582,0.0061566753726774,0.7199340844748205,subject-specific within-region cell-level induced sub-SC modularity Q,374.0,34.0,-1.1016551812787536,subject_13,13,6,state-dependent / modulatory,state-dependent / modulatory,habenular / hypothalamic / raphe state system,state system
Zebrafish,rT,0.16734149312332097,-0.0162431597703142,-0.0024439823818074,0.5743175363135318,subject-specific within-region cell-level induced sub-SC modularity Q,10466.0,30.0,0.6606424606944424,subject_13,13,4,integrative relay,integrative relay,diencephalic / state relay,diencephalon
Zebrafish,raRF,-0.9495237284786451,-0.027619399326916,-0.0042729512611175,0.6287514588153394,subject-specific within-region cell-level induced sub-SC modularity Q,2210.0,35.0,0.3114064672751511,subject_13,13,3,sensorimotor output,sensorimotor output,hindbrain / cerebellar / motor,hindbrain / motor
Zebrafish,rimRF,-0.9703053727497055,-0.0230054703316894,0.0029015270158264,0.5642604565809655,subject-specific within-region cell-level induced sub-SC modularity Q,5307.0,23.0,-0.4198466616694207,subject_13,13,3,sensorimotor output,sensorimotor output,hindbrain / cerebellar / motor,hindbrain / motor
Zebrafish,rpRF,-0.17669434683135707,-0.0101222299398859,0.0067124301655567,0.5418283627673023,subject-specific within-region cell-level induced sub-SC modularity Q,10711.0,30.0,-1.6903639808178874,subject_13,13,3,sensorimotor output,sensorimotor output,hindbrain / cerebellar / motor,hindbrain / motor
Zebrafish,rHb,1.3538500162054568,0.0079227805028606,0.0004084221046614,0.6956437317251463,subject-specific within-region cell-level induced sub-SC modularity Q,912.0,28.0,4.849640257350118,subject_13,13,6,state-dependent / modulatory,state-dependent / modulatory,habenular / hypothalamic / raphe state system,state system
Zebrafish,rHi,-0.00761800585485874,-0.0126194662043961,0.0011674244152986,,,,,0.9271237363127992,subject_13,13,6,state-dependent / modulatory,state-dependent / modulatory,habenular / hypothalamic / raphe state system,state system
Zebrafish,rHR,-0.22289542010975022,-0.0133811987294619,-0.0044765221483374,,,,,-2.149402401208464,subject_13,13,6,state-dependent / modulatory,state-dependent / modulatory,habenular / hypothalamic / raphe state system,state system
Zebrafish,rOG,-2.5473650209242704,-0.0016526553453508,,,,,,4.927253685157205,subject_13,13,0,olfactory / chemosensory,olfactory / chemosensory,olfactory sensory,telencephalon
Zebrafish,rOB,1.5237468699105718,0.0082677277079413,-0.0061825970173802,0.7772740784780025,subject-specific within-region cell-level induced sub-SC modularity Q,116.0,45.0,-3.824054232482189,subject_13,13,0,olfactory / chemosensory,olfactory / chemosensory,olfactory sensory,telencephalon
Zebrafish,rOE,1.7361668174698226,0.0374469497103284,0.0666746552073565,,,,,0.3184537311185346,subject_13,13,0,olfactory / chemosensory,olfactory / chemosensory,olfactory sensory,telencephalon
Zebrafish,rP,1.6582926702808334,0.0101179791556935,-0.0113465628278732,0.6871876062546832,subject-specific within-region cell-level induced sub-SC modularity Q,3882.0,78.0,1.692554445162189,subject_13,13,5,associative / learning,associative / learning,telencephalic associative,telencephalon
Zebrafish,rPT,0.14493769994646152,-0.0064871506149012,-0.0030329758170915,0.6235612323136296,subject-specific within-region cell-level induced sub-SC modularity Q,1482.0,12.0,-0.6271888855215467,subject_13,13,1,visual / optic,visual / optic,visual / optic midbrain,diencephalon
Zebrafish,rPO,1.1919105225375966,0.0068769214256743,0.0073595536203965,0.6799865247258298,subject-specific within-region cell-level induced sub-SC modularity Q,1442.0,33.0,0.472832604567278,subject_13,13,6,state-dependent / modulatory,state-dependent / modulatory,habenular / hypothalamic / raphe state system,state system
Zebrafish,rPrT,0.4493934813374578,-0.0212097871472893,-0.0044268574252284,0.6809599998643374,subject-specific within-region cell-level induced sub-SC modularity Q,1086.0,49.0,-0.1737567420549298,subject_13,13,1,visual / optic,visual / optic,visual / optic midbrain,diencephalon
Zebrafish,rSP,2.031462000859965,0.0097014729097683,1.2826985882739475e-05,0.6566100976405033,subject-specific within-region cell-level induced sub-SC modularity Q,3097.0,33.0,2.082182020237939,subject_13,13,5,associative / learning,associative / learning,telencephalic associative,telencephalon
Zebrafish,rTeO,0.5271018714697508,-0.0218807882980858,-0.0051702952012688,0.715193872749447,subject-specific within-region cell-level induced sub-SC modularity Q,55103.0,114.0,-0.6640242779572929,subject_13,13,1,visual / optic,visual / optic,visual / optic midbrain,mesencephalon
Zebrafish,rTh,0.4827554925585667,-0.0122124107809828,-0.0031448814705737,0.5601718803469649,subject-specific within-region cell-level induced sub-SC modularity Q,6513.0,25.0,-0.3177109838736652,subject_13,13,4,integrative relay,integrative relay,diencephalic / state relay,diencephalon
Zebrafish,rTL,0.39709427535968445,-0.0305578248461885,-0.0131472459112185,,,,,0.9063006387990687,subject_13,13,1,visual / optic,visual / optic,visual / optic midbrain,mesencephalon
Zebrafish,rTS,-0.5959841301662615,,,0.7885984950282174,subject-specific within-region cell-level induced sub-SC modularity Q,122.0,50.0,0.1596369337438435,subject_13,13,1,visual / optic,visual / optic,visual / optic midbrain,mesencephalon
Zebrafish,rTG,-2.40973907062256,-8.184983912749155e-10,-0.6852306290148186,,,,,0.0,subject_13,13,3,sensorimotor output,sensorimotor output,hindbrain / cerebellar / motor,hindbrain / motor
Zebrafish,rVR,-1.036025982675134,-0.0047473271195812,-0.0070298353263242,,,,,2.389656636645346,subject_13,13,3,sensorimotor output,sensorimotor output,hindbrain / cerebellar / motor,hindbrain / motor
Zebrafish,rNX,-1.3047713712594915,-0.0196565135181114,0.0039551509964247,0.5594320051818914,subject-specific within-region cell-level induced sub-SC modularity Q,2028.0,12.0,-1.0401149706725137,subject_13,13,3,sensorimotor output,sensorimotor output,hindbrain / cerebellar / motor,hindbrain / motor
Zebrafish,MON,-1.1111478579393133,-0.009392155495924,0.0001679530621366,0.3797673855045439,subject-specific within-region cell-level induced sub-SC modularity Q,22740.0,19.0,0.7532915301205393,subject_14,14,3,sensorimotor output,sensorimotor output,hindbrain / cerebellar / motor,hindbrain / motor
Zebrafish,Cb,-0.09262296341597977,-0.0127072102717642,0.0017310928469649,0.5707460977225274,subject-specific within-region cell-level induced sub-SC modularity Q,8671.0,79.0,0.4513891584861684,subject_14,14,3,sensorimotor output,sensorimotor output,hindbrain / cerebellar / motor,hindbrain / motor
Zebrafish,MOS1,0.284075677914049,-0.0106625481781517,0.0049054784219183,0.2988902576067585,subject-specific within-region cell-level induced sub-SC modularity Q,124738.0,33.0,-0.4737625207745025,subject_14,14,3,sensorimotor output,sensorimotor output,hindbrain / cerebellar / motor,hindbrain / motor
Zebrafish,MOS2,-0.06221754426638245,-0.0088681549382734,0.0078618102539114,0.6053314556520824,subject-specific within-region cell-level induced sub-SC modularity Q,8412.0,16.0,-0.3150641776087525,subject_14,14,3,sensorimotor output,sensorimotor output,hindbrain / cerebellar / motor,hindbrain / motor
Zebrafish,MOS3,0.6610481032327641,-0.0126345318254343,0.0027390368667071,0.5346181149846203,subject-specific within-region cell-level induced sub-SC modularity Q,13419.0,31.0,1.7084430786315528,subject_14,14,3,sensorimotor output,sensorimotor output,hindbrain / cerebellar / motor,hindbrain / motor
Zebrafish,MOS4,0.42675099374729564,-0.005634499315689,0.0007238885834105,0.5063377824477991,subject-specific within-region cell-level induced sub-SC modularity Q,8080.0,66.0,1.245007035585261,subject_14,14,3,sensorimotor output,sensorimotor output,hindbrain / cerebellar / motor,hindbrain / motor
Zebrafish,MOS5,0.6895794730039341,-0.0087511360007752,0.0036146783609035,0.47123142430725,subject-specific within-region cell-level induced sub-SC modularity Q,18785.0,37.0,0.6517421710427548,subject_14,14,3,sensorimotor output,sensorimotor output,hindbrain / cerebellar / motor,hindbrain / motor
Zebrafish,IPN,0.8584137379663177,-0.0077241019173498,0.0016562329413654,,,,,-1.0781084033104629,subject_14,14,6,state-dependent / modulatory,state-dependent / modulatory,habenular / hypothalamic / raphe state system,state system
Zebrafish,IO,-0.15904392753055616,3.21270387095212e-98,,,,,,1.0986122886681098,subject_14,14,3,sensorimotor output,sensorimotor output,hindbrain / cerebellar / motor,hindbrain / motor
Zebrafish,Hc,0.038336357601680214,-0.0148949256685373,-0.0002090300703837,,,,,0.2979022474212662,subject_14,14,6,state-dependent / modulatory,state-dependent / modulatory,habenular / hypothalamic / raphe state system,state system
Zebrafish,Ra,-0.37283312106126937,-0.0086575977394652,0.0093862373882594,0.5584326226191336,subject-specific within-region cell-level induced sub-SC modularity Q,3428.0,14.0,-1.2080106094204126,subject_14,14,6,state-dependent / modulatory,state-dependent / modulatory,habenular / hypothalamic / raphe state system,state system
Zebrafish,T,0.6020703487706892,-0.0156795012410955,8.487888971979926e-05,0.586064844876204,subject-specific within-region cell-level induced sub-SC modularity Q,11688.0,24.0,1.1557087479361312,subject_14,14,4,integrative relay,integrative relay,diencephalic / state relay,diencephalon
Zebrafish,aRF,0.18037121434121728,-0.0149807771300542,-0.0030948603921244,0.576672074995493,subject-specific within-region cell-level induced sub-SC modularity Q,1284.0,34.0,0.6234582231401998,subject_14,14,3,sensorimotor output,sensorimotor output,hindbrain / cerebellar / motor,hindbrain / motor
Zebrafish,imRF,-0.05431611335223148,-0.0180648404918513,0.0020981625037515,0.5156732927673269,subject-specific within-region cell-level induced sub-SC modularity Q,4217.0,24.0,-0.1039574652349825,subject_14,14,3,sensorimotor output,sensorimotor output,hindbrain / cerebellar / motor,hindbrain / motor
Zebrafish,pRF,0.06925474551761526,-0.0163494833081252,,0.5075192718469073,subject-specific within-region cell-level induced sub-SC modularity Q,5513.0,23.0,-1.25113248183213,subject_14,14,3,sensorimotor output,sensorimotor output,hindbrain / cerebellar / motor,hindbrain / motor
Zebrafish,Hb,1.391728274155565,0.0153734493759316,-0.0003958577497052,0.5767988437151335,subject-specific within-region cell-level induced sub-SC modularity Q,1603.0,22.0,5.997417382011513,subject_14,14,6,state-dependent / modulatory,state-dependent / modulatory,habenular / hypothalamic / raphe state system,state system
Zebrafish,Hi,-0.4803456824431331,-0.0137856070468642,-0.0030127508436555,,,,,1.6158143694424751,subject_14,14,6,state-dependent / modulatory,state-dependent / modulatory,habenular / hypothalamic / raphe state system,state system
Zebrafish,HR,-0.7859528067357279,-0.0152520211271655,0.0010539262673303,,,,,-0.7710639147415058,subject_14,14,6,state-dependent / modulatory,state-dependent / modulatory,habenular / hypothalamic / raphe state system,state system
Zebrafish,OG,-3.5045393589765883,-0.0024989539838195,-0.0097753005066954,,,,,-1.123003741792269,subject_14,14,0,olfactory / chemosensory,olfactory / chemosensory,olfactory sensory,telencephalon
Zebrafish,OB,2.5114161734200517,0.0009969218896953,0.0032648935426512,0.7187589773053722,subject-specific within-region cell-level induced sub-SC modularity Q,236.0,41.0,-0.1880522315029396,subject_14,14,0,olfactory / chemosensory,olfactory / chemosensory,olfactory sensory,telencephalon
Zebrafish,OE,1.6311910461155932,-3.105863459805812e-07,1.844832884325507e-06,,,,,0.4700036292457356,subject_14,14,0,olfactory / chemosensory,olfactory / chemosensory,olfactory sensory,telencephalon
Zebrafish,P,0.9450401991323698,0.0011121227995439,-0.031655661846853,0.7428043781811634,subject-specific within-region cell-level induced sub-SC modularity Q,2831.0,61.0,0.7016558771458417,subject_14,14,5,associative / learning,associative / learning,telencephalic associative,telencephalon
Zebrafish,PT,-0.6910059565870927,-0.0054177483368254,-0.0036682576153279,0.601158665313481,subject-specific within-region cell-level induced sub-SC modularity Q,1649.0,22.0,-0.8545246692181121,subject_14,14,1,visual / optic,visual / optic,visual / optic midbrain,diencephalon
Zebrafish,PO,0.09340653603328523,0.0051048129924978,0.0070408566713996,0.6993365472910927,subject-specific within-region cell-level induced sub-SC modularity Q,1320.0,39.0,0.3370860276274106,subject_14,14,6,state-dependent / modulatory,state-dependent / modulatory,habenular / hypothalamic / raphe state system,state system
Zebrafish,PrT,-0.7647195397344265,-0.0178723616954835,-0.0015817446917765,0.709775098988605,subject-specific within-region cell-level induced sub-SC modularity Q,1701.0,27.0,-0.2866349052541413,subject_14,14,1,visual / optic,visual / optic,visual / optic midbrain,diencephalon
Zebrafish,SP,0.9563782263656853,0.0011577562197159,-0.0169603388122871,0.6690919843904025,subject-specific within-region cell-level induced sub-SC modularity Q,2487.0,42.0,2.148683229017034,subject_14,14,5,associative / learning,associative / learning,telencephalic associative,telencephalon
Zebrafish,TeO,0.2459137707493167,-0.011559526157302,-0.0020433640035767,0.7456084416164742,subject-specific within-region cell-level induced sub-SC modularity Q,43383.0,127.0,-0.2649599962229643,subject_14,14,1,visual / optic,visual / optic,visual / optic midbrain,mesencephalon
Zebrafish,Th,0.4639913273444673,-0.0139923330415729,0.0014485614115617,0.7046798991501677,subject-specific within-region cell-level induced sub-SC modularity Q,4084.0,34.0,-0.9856246980080458,subject_14,14,4,integrative relay,integrative relay,diencephalic / state relay,diencephalon
Zebrafish,TL,-0.8771315382278315,-0.0575527941447903,-0.0060490813217382,0.6683163265306121,subject-specific within-region cell-level induced sub-SC modularity Q,140.0,24.0,1.4232544088716257,subject_14,14,1,visual / optic,visual / optic,visual / optic midbrain,mesencephalon
Zebrafish,TS,-0.5626285580270434,-0.0102969783550204,-0.0059176310637187,0.7026706979087932,subject-specific within-region cell-level induced sub-SC modularity Q,315.0,52.0,-0.421743726264575,subject_14,14,1,visual / optic,visual / optic,visual / optic midbrain,mesencephalon
Zebrafish,TG,-2.5903697523999583,,,,,,,0.0,subject_14,14,3,sensorimotor output,sensorimotor output,hindbrain / cerebellar / motor,hindbrain / motor
Zebrafish,VR,1.1653066669552612,-0.0195040539226013,0.0003926554444448,,,,,3.43552212420323,subject_14,14,3,sensorimotor output,sensorimotor output,hindbrain / cerebellar / motor,hindbrain / motor
Zebrafish,NX,0.03926403733220857,-0.0046467263225931,0.0006868553350092,0.4000573436745148,subject-specific within-region cell-level induced sub-SC modularity Q,9005.0,11.0,-0.430478059620807,subject_14,14,3,sensorimotor output,sensorimotor output,hindbrain / cerebellar / motor,hindbrain / motor
Zebrafish,rMON,-1.49151001812766,-0.0118586997352598,0.000856970077747,0.34923640972177,subject-specific within-region cell-level induced sub-SC modularity Q,29170.0,19.0,0.3800218662745125,subject_14,14,3,sensorimotor output,sensorimotor output,hindbrain / cerebellar / motor,hindbrain / motor
Zebrafish,rCb,-0.5486200321059566,-0.015554684380978,-0.0014052604960603,0.5639729728289726,subject-specific within-region cell-level induced sub-SC modularity Q,8696.0,63.0,0.2136759994533258,subject_14,14,3,sensorimotor output,sensorimotor output,hindbrain / cerebellar / motor,hindbrain / motor
Zebrafish,rMOS1,-0.658711368159327,-0.0102808891516404,0.0060471206047898,0.2934869996710739,subject-specific within-region cell-level induced sub-SC modularity Q,125994.0,22.0,-0.7321138372480324,subject_14,14,3,sensorimotor output,sensorimotor output,hindbrain / cerebellar / motor,hindbrain / motor
Zebrafish,rMOS2,0.08621371975961159,-0.0034138057699124,0.0088431298510108,0.4302090626735902,subject-specific within-region cell-level induced sub-SC modularity Q,11375.0,20.0,-1.552712173926844,subject_14,14,3,sensorimotor output,sensorimotor output,hindbrain / cerebellar / motor,hindbrain / motor
Zebrafish,rMOS3,-0.48712406307104406,-0.0140848887543284,-0.0062902631403345,0.5201874481746108,subject-specific within-region cell-level induced sub-SC modularity Q,19218.0,21.0,1.2442300384750622,subject_14,14,3,sensorimotor output,sensorimotor output,hindbrain / cerebellar / motor,hindbrain / motor
Zebrafish,rMOS4,-0.6744371022689508,-0.0071628210808754,-0.0011092156828308,0.7249199547806238,subject-specific within-region cell-level induced sub-SC modularity Q,5606.0,64.0,1.0677361022055778,subject_14,14,3,sensorimotor output,sensorimotor output,hindbrain / cerebellar / motor,hindbrain / motor
Zebrafish,rMOS5,-0.37691067912366266,-0.0063988599359977,-0.0030611609028153,0.4849441756410922,subject-specific within-region cell-level induced sub-SC modularity Q,32526.0,31.0,1.2470608415518945,subject_14,14,3,sensorimotor output,sensorimotor output,hindbrain / cerebellar / motor,hindbrain / motor
Zebrafish,rIPN,-0.4051095212318116,-0.0032842672597,0.0027237584315301,,,,,-0.9461858615394124,subject_14,14,6,state-dependent / modulatory,state-dependent / modulatory,habenular / hypothalamic / raphe state system,state system
Zebrafish,rIO,0.8812596005750395,0.0343384136324138,-0.0085159189276035,,,,,3.8122026701459353,subject_14,14,3,sensorimotor output,sensorimotor output,hindbrain / cerebellar / motor,hindbrain / motor
Zebrafish,rHc,-1.0612690895154893,-0.0017652779288319,-0.0035679882404143,,,,,-0.2289827256509041,subject_14,14,6,state-dependent / modulatory,state-dependent / modulatory,habenular / hypothalamic / raphe state system,state system
Zebrafish,rRa,-0.04604068214469877,-0.0166615668384918,0.0056330647583689,0.6717059365243366,subject-specific within-region cell-level induced sub-SC modularity Q,1055.0,23.0,-0.9803592996264436,subject_14,14,6,state-dependent / modulatory,state-dependent / modulatory,habenular / hypothalamic / raphe state system,state system
Zebrafish,rT,-0.0859788521461745,-0.0169599826439189,-0.0018227454584885,0.5506343163779561,subject-specific within-region cell-level induced sub-SC modularity Q,14433.0,24.0,0.910326237055838,subject_14,14,4,integrative relay,integrative relay,diencephalic / state relay,diencephalon
Zebrafish,raRF,-0.8866502468372133,-0.0191558753376233,-0.0072160325387638,0.6547761330226326,subject-specific within-region cell-level induced sub-SC modularity Q,1161.0,29.0,0.5440402308447937,subject_14,14,3,sensorimotor output,sensorimotor output,hindbrain / cerebellar / motor,hindbrain / motor
Zebrafish,rimRF,-1.0555333476191402,-0.0209074329982654,-0.0002463961238982,0.5323389964383782,subject-specific within-region cell-level induced sub-SC modularity Q,4912.0,16.0,-0.2107216038776369,subject_14,14,3,sensorimotor output,sensorimotor output,hindbrain / cerebellar / motor,hindbrain / motor
Zebrafish,rpRF,-0.10387095119484335,-0.0069540464655237,0.0062686754132932,0.4591935847244751,subject-specific within-region cell-level induced sub-SC modularity Q,14119.0,19.0,-1.5027374388106542,subject_14,14,3,sensorimotor output,sensorimotor output,hindbrain / cerebellar / motor,hindbrain / motor
Zebrafish,rHb,2.323127765928296,0.0062232765087732,-0.0074001338413912,0.6995929751680648,subject-specific within-region cell-level induced sub-SC modularity Q,802.0,38.0,5.221608467534455,subject_14,14,6,state-dependent / modulatory,state-dependent / modulatory,habenular / hypothalamic / raphe state system,state system
Zebrafish,rHi,-0.7033726036521741,-0.0160800205353299,0.0006309842347518,,,,,0.6944743207680079,subject_14,14,6,state-dependent / modulatory,state-dependent / modulatory,habenular / hypothalamic / raphe state system,state system
Zebrafish,rHR,-0.584923009556087,-0.0286332033202884,-0.0027760863621656,,,,,-2.1243556587907557,subject_14,14,6,state-dependent / modulatory,state-dependent / modulatory,habenular / hypothalamic / raphe state system,state system
Zebrafish,rOB,2.0330493770175533,-0.0003193659749531,-0.0061822603428277,0.8207644628099172,subject-specific within-region cell-level induced sub-SC modularity Q,88.0,53.0,-3.928409745542919,subject_14,14,0,olfactory / chemosensory,olfactory / chemosensory,olfactory sensory,telencephalon
Zebrafish,rOE,1.6501445312533831,3.237064101173385e-62,-2.881856324500032e-31,,,,,-0.916290731874155,subject_14,14,0,olfactory / chemosensory,olfactory / chemosensory,olfactory sensory,telencephalon
Zebrafish,rP,0.706842487419296,0.005268785346293,-0.015297413487845,0.7467937037233573,subject-specific within-region cell-level induced sub-SC modularity Q,2264.0,88.0,1.6392952559099845,subject_14,14,5,associative / learning,associative / learning,telencephalic associative,telencephalon
Zebrafish,rPT,-0.7583909530088747,-0.0069761662586783,-0.0031248268959364,0.6361505331607494,subject-specific within-region cell-level induced sub-SC modularity Q,1248.0,19.0,-0.5617260249814282,subject_14,14,1,visual / optic,visual / optic,visual / optic midbrain,diencephalon
Zebrafish,rPO,0.26043578650663995,0.0032899255843591,0.0044202402775782,0.6783355512479994,subject-specific within-region cell-level induced sub-SC modularity Q,1549.0,27.0,0.4153749191997887,subject_14,14,6,state-dependent / modulatory,state-dependent / modulatory,habenular / hypothalamic / raphe state system,state system
Zebrafish,rPrT,-0.33148736712263055,-0.0179043055243578,-0.0013449188504186,0.6908306848737678,subject-specific within-region cell-level induced sub-SC modularity Q,1458.0,44.0,-0.1003940643548887,subject_14,14,1,visual / optic,visual / optic,visual / optic midbrain,diencephalon
Zebrafish,rSP,0.45483211344567803,0.0112353267694618,-0.0033952064956306,0.6324038722412673,subject-specific within-region cell-level induced sub-SC modularity Q,2512.0,30.0,2.302918370784166,subject_14,14,5,associative / learning,associative / learning,telencephalic associative,telencephalon
Zebrafish,rTeO,0.14424042974500217,-0.0186269903254124,-0.0027028050211798,0.7178667870678586,subject-specific within-region cell-level induced sub-SC modularity Q,42465.0,131.0,-0.6438911928752412,subject_14,14,1,visual / optic,visual / optic,visual / optic midbrain,mesencephalon
Zebrafish,rTh,0.7488718750024934,-0.0101136138986354,-0.0003279082270046,0.6529469632351552,subject-specific within-region cell-level induced sub-SC modularity Q,5832.0,41.0,-0.1045099312613758,subject_14,14,4,integrative relay,integrative relay,diencephalic / state relay,diencephalon
Zebrafish,rTL,-0.22246537658557863,-0.0282668922514499,-0.013654607536201,,,,,0.5216817203936692,subject_14,14,1,visual / optic,visual / optic,visual / optic midbrain,mesencephalon
Zebrafish,rTS,-0.7820272776528728,-0.0038580661551267,-0.015784412181488,0.8356276521099938,subject-specific within-region cell-level induced sub-SC modularity Q,173.0,60.0,1.0549023232654466,subject_14,14,1,visual / optic,visual / optic,visual / optic midbrain,mesencephalon
Zebrafish,rVR,0.39145380487290027,0.0009028289375807,-0.006653893862854,,,,,2.5918787693401684,subject_14,14,3,sensorimotor output,sensorimotor output,hindbrain / cerebellar / motor,hindbrain / motor
Zebrafish,rNX,0.4392988605965385,-0.0178672490534446,0.0052303265515132,0.4919985342533466,subject-specific within-region cell-level induced sub-SC modularity Q,8931.0,10.0,-0.9081580834721436,subject_14,14,3,sensorimotor output,sensorimotor output,hindbrain / cerebellar / motor,hindbrain / motor
Zebrafish,MON,-0.32973273076442,-0.0108860571231844,0.001810838330195,0.310557363768855,subject-specific within-region cell-level induced sub-SC modularity Q,16583.0,31.0,0.8980081831396923,subject_15,15,3,sensorimotor output,sensorimotor output,hindbrain / cerebellar / motor,hindbrain / motor
Zebrafish,Cb,-0.2797277825771095,-0.0133987364924786,0.004744780364368,0.639683075589026,subject-specific within-region cell-level induced sub-SC modularity Q,5948.0,95.0,0.4500389395946819,subject_15,15,3,sensorimotor output,sensorimotor output,hindbrain / cerebellar / motor,hindbrain / motor
Zebrafish,MOS1,0.7645152556854151,-0.0099541257317571,0.0060018396536724,0.2944041356439489,subject-specific within-region cell-level induced sub-SC modularity Q,65781.0,36.0,-0.5758721346711801,subject_15,15,3,sensorimotor output,sensorimotor output,hindbrain / cerebellar / motor,hindbrain / motor
Zebrafish,MOS2,0.35246097393661163,-0.0108553485607514,0.0123266349827198,0.6481418553688825,subject-specific within-region cell-level induced sub-SC modularity Q,1850.0,31.0,-0.204648438640551,subject_15,15,3,sensorimotor output,sensorimotor output,hindbrain / cerebellar / motor,hindbrain / motor
Zebrafish,MOS3,0.8063603330205313,-0.0155852509473334,0.0055727189605019,0.4896975434662602,subject-specific within-region cell-level induced sub-SC modularity Q,11399.0,26.0,1.7597056941703733,subject_15,15,3,sensorimotor output,sensorimotor output,hindbrain / cerebellar / motor,hindbrain / motor
Zebrafish,MOS4,0.19459762500618824,,0.0086227482942287,0.6012682846033379,subject-specific within-region cell-level induced sub-SC modularity Q,4781.0,108.0,1.2692189514771766,subject_15,15,3,sensorimotor output,sensorimotor output,hindbrain / cerebellar / motor,hindbrain / motor
Zebrafish,MOS5,0.13516103670876942,,,0.5353569232021385,subject-specific within-region cell-level induced sub-SC modularity Q,12395.0,55.0,0.6896996542973665,subject_15,15,3,sensorimotor output,sensorimotor output,hindbrain / cerebellar / motor,hindbrain / motor
Zebrafish,IPN,1.084446703715744,-0.0145422816085841,,,,,,-1.1621419901918228,subject_15,15,6,state-dependent / modulatory,state-dependent / modulatory,habenular / hypothalamic / raphe state system,state system
Zebrafish,IO,-0.6481283123918354,6.524261735492306e-06,-0.0226862721162557,,,,,-3.0726933146901194,subject_15,15,3,sensorimotor output,sensorimotor output,hindbrain / cerebellar / motor,hindbrain / motor
Zebrafish,Hc,-2.4996709684420435,-0.0058644230107949,-5.077342925056883e-05,,,,,-0.2219686931410854,subject_15,15,6,state-dependent / modulatory,state-dependent / modulatory,habenular / hypothalamic / raphe state system,state system
Zebrafish,Ra,0.3472640455760088,-0.015692619068055,0.0123442222909928,0.5598415497886398,subject-specific within-region cell-level induced sub-SC modularity Q,945.0,36.0,-1.0732532121995395,subject_15,15,6,state-dependent / modulatory,state-dependent / modulatory,habenular / hypothalamic / raphe state system,state system
Zebrafish,T,-0.19021437961818746,-0.0162354810314531,-0.0036829635126848,0.7029220430325783,subject-specific within-region cell-level induced sub-SC modularity Q,1447.0,48.0,0.9277063359947684,subject_15,15,4,integrative relay,integrative relay,diencephalic / state relay,diencephalon
Zebrafish,aRF,0.233133017194559,-0.0165664989294073,-0.0005546350752722,0.5769860681492553,subject-specific within-region cell-level induced sub-SC modularity Q,1326.0,43.0,0.691164081183474,subject_15,15,3,sensorimotor output,sensorimotor output,hindbrain / cerebellar / motor,hindbrain / motor
Zebrafish,imRF,0.2577664990363942,-0.0206078315963131,0.0052019636086177,0.5678112719545244,subject-specific within-region cell-level induced sub-SC modularity Q,3419.0,41.0,0.0945613538740357,subject_15,15,3,sensorimotor output,sensorimotor output,hindbrain / cerebellar / motor,hindbrain / motor
Zebrafish,pRF,0.7317001602096499,-0.0149925315940941,0.0109636125632128,0.5409809396716301,subject-specific within-region cell-level induced sub-SC modularity Q,5334.0,40.0,-0.9993968423468972,subject_15,15,3,sensorimotor output,sensorimotor output,hindbrain / cerebellar / motor,hindbrain / motor
Zebrafish,Hb,-0.44123826764762086,0.0240612647681008,0.0008173437045405,0.8306508875739648,subject-specific within-region cell-level induced sub-SC modularity Q,130.0,61.0,4.970247233190968,subject_15,15,6,state-dependent / modulatory,state-dependent / modulatory,habenular / hypothalamic / raphe state system,state system
Zebrafish,Hi,0.11245187865257525,-0.0197917575589033,-0.0040064913836953,,,,,0.5814950655808191,subject_15,15,6,state-dependent / modulatory,state-dependent / modulatory,habenular / hypothalamic / raphe state system,state system
Zebrafish,HR,-0.2418117430631859,-0.0124263685314361,,,,,,-0.572571591314663,subject_15,15,6,state-dependent / modulatory,state-dependent / modulatory,habenular / hypothalamic / raphe state system,state system
Zebrafish,OG,-2.5628401926486544,-0.0008785795345574,0.0001180453756247,,,,,1.3641205036255686,subject_15,15,0,olfactory / chemosensory,olfactory / chemosensory,olfactory sensory,telencephalon
Zebrafish,OB,1.2743640686997704,-0.0001328771829485,4.44526035451208e-28,0.78125,subject-specific within-region cell-level induced sub-SC modularity Q,8.0,18.0,0.6931471805599453,subject_15,15,0,olfactory / chemosensory,olfactory / chemosensory,olfactory sensory,telencephalon
Zebrafish,P,0.649573083704096,-0.0018581544380635,-0.0371114281121089,0.7985081242638777,subject-specific within-region cell-level induced sub-SC modularity Q,843.0,121.0,0.620877782191287,subject_15,15,5,associative / learning,associative / learning,telencephalic associative,telencephalon
Zebrafish,PT,0.3566257333193164,-0.010807781535401,-0.0070577306138928,0.6368430607622166,subject-specific within-region cell-level induced sub-SC modularity Q,957.0,36.0,-0.6912684630492095,subject_15,15,1,visual / optic,visual / optic,visual / optic midbrain,diencephalon
Zebrafish,PO,0.9977985703908143,,,0.7017568299786345,subject-specific within-region cell-level induced sub-SC modularity Q,806.0,44.0,0.3100325652279685,subject_15,15,6,state-dependent / modulatory,state-dependent / modulatory,habenular / hypothalamic / raphe state system,state system
Zebrafish,PrT,0.5116749841700715,-0.0161305078071485,-0.0027013363612703,0.6930982312600157,subject-specific within-region cell-level induced sub-SC modularity Q,549.0,65.0,-0.5049565631305462,subject_15,15,1,visual / optic,visual / optic,visual / optic midbrain,diencephalon
Zebrafish,SP,1.0929523984979932,0.0064983971163566,-0.0311795928604765,0.6819529087162379,subject-specific within-region cell-level induced sub-SC modularity Q,867.0,76.0,1.521777832227459,subject_15,15,5,associative / learning,associative / learning,telencephalic associative,telencephalon
Zebrafish,TeO,-0.8537101133787219,-0.0140634688505035,-0.0034083969193655,0.8148523932807851,subject-specific within-region cell-level induced sub-SC modularity Q,12221.0,317.0,-0.1317061285014219,subject_15,15,1,visual / optic,visual / optic,visual / optic midbrain,mesencephalon
Zebrafish,Th,-0.07852033491049301,,-0.0002493624428914,0.703222132114944,subject-specific within-region cell-level induced sub-SC modularity Q,2783.0,65.0,-0.9748110555806132,subject_15,15,4,integrative relay,integrative relay,diencephalic / state relay,diencephalon
Zebrafish,TL,-0.337074593716003,-0.0648268025196061,0.0042464564562613,0.756695100178536,subject-specific within-region cell-level induced sub-SC modularity Q,71.0,36.0,1.662386086752196,subject_15,15,1,visual / optic,visual / optic,visual / optic midbrain,mesencephalon
Zebrafish,TS,-0.8000824394942317,-0.0059388470130551,-0.0094605564136859,0.7820512820512818,subject-specific within-region cell-level induced sub-SC modularity Q,39.0,34.0,0.5614584888505051,subject_15,15,1,visual / optic,visual / optic,visual / optic midbrain,mesencephalon
Zebrafish,TG,-3.0985443424980796,,,,,,,0.0,subject_15,15,3,sensorimotor output,sensorimotor output,hindbrain / cerebellar / motor,hindbrain / motor
Zebrafish,VR,0.33715919025727786,-0.0055651614010872,0.0021413954133487,,,,,1.3608692627540806,subject_15,15,3,sensorimotor output,sensorimotor output,hindbrain / cerebellar / motor,hindbrain / motor
Zebrafish,NX,0.17353065021647476,,,0.3911031496170284,subject-specific within-region cell-level induced sub-SC modularity Q,4009.0,11.0,-0.3724295210308386,subject_15,15,3,sensorimotor output,sensorimotor output,hindbrain / cerebellar / motor,hindbrain / motor
Zebrafish,rMON,-0.5881671881523965,-0.0184926460991344,-0.0032137185492174,0.3138655274492717,subject-specific within-region cell-level induced sub-SC modularity Q,22301.0,31.0,0.1632747347176691,subject_15,15,3,sensorimotor output,sensorimotor output,hindbrain / cerebellar / motor,hindbrain / motor
Zebrafish,rCb,0.08870260433504004,-0.0166914189847568,-2.3106711531857185e-05,0.6628856749342972,subject-specific within-region cell-level induced sub-SC modularity Q,7223.0,102.0,0.159981135486316,subject_15,15,3,sensorimotor output,sensorimotor output,hindbrain / cerebellar / motor,hindbrain / motor
Zebrafish,rMOS1,0.8570666044160457,-0.0106205266409192,0.008815419785142,0.2802467253434486,subject-specific within-region cell-level induced sub-SC modularity Q,49623.0,37.0,-0.5235423884841512,subject_15,15,3,sensorimotor output,sensorimotor output,hindbrain / cerebellar / motor,hindbrain / motor
Zebrafish,rMOS2,0.4467780288991956,-0.0006264455908755,0.0118913017227425,0.55903636258743,subject-specific within-region cell-level induced sub-SC modularity Q,2643.0,30.0,-1.4793938551907708,subject_15,15,3,sensorimotor output,sensorimotor output,hindbrain / cerebellar / motor,hindbrain / motor
Zebrafish,rMOS3,0.8270837078994016,-0.0168823152257718,-0.0085566079418407,0.5239511581686822,subject-specific within-region cell-level induced sub-SC modularity Q,13432.0,21.0,1.220715436728271,subject_15,15,3,sensorimotor output,sensorimotor output,hindbrain / cerebellar / motor,hindbrain / motor
Zebrafish,rMOS4,0.13164922509460952,-0.010504792298498,0.0005179955545119,0.6822002541942683,subject-specific within-region cell-level induced sub-SC modularity Q,4455.0,100.0,0.87105675597929,subject_15,15,3,sensorimotor output,sensorimotor output,hindbrain / cerebellar / motor,hindbrain / motor
Zebrafish,rMOS5,-0.1102223045648111,,-0.0072078853378426,0.4148205912791731,subject-specific within-region cell-level induced sub-SC modularity Q,21808.0,42.0,1.0725628718013818,subject_15,15,3,sensorimotor output,sensorimotor output,hindbrain / cerebellar / motor,hindbrain / motor
Zebrafish,rIPN,0.17030350522093193,-0.0086965923409178,0.0056111336727882,,,,,-0.9937461159827404,subject_15,15,6,state-dependent / modulatory,state-dependent / modulatory,habenular / hypothalamic / raphe state system,state system
Zebrafish,rIO,0.21221577455876772,0.0304129267019968,-0.0152630670780655,,,,,2.662587827025453,subject_15,15,3,sensorimotor output,sensorimotor output,hindbrain / cerebellar / motor,hindbrain / motor
Zebrafish,rHc,-0.8256287928978394,0.0001485833509089,-0.0051165906808008,,,,,-1.455287232606842,subject_15,15,6,state-dependent / modulatory,state-dependent / modulatory,habenular / hypothalamic / raphe state system,state system
Zebrafish,rRa,0.39029128454060286,-0.0206526168823533,0.0104195874534922,0.7362369010720659,subject-specific within-region cell-level induced sub-SC modularity Q,273.0,42.0,-1.131341281885866,subject_15,15,6,state-dependent / modulatory,state-dependent / modulatory,habenular / hypothalamic / raphe state system,state system
Zebrafish,rT,-0.05845411603729105,-0.0209693085801675,-0.0015901178023219,0.548396612116181,subject-specific within-region cell-level induced sub-SC modularity Q,4542.0,72.0,0.8917221452466781,subject_15,15,4,integrative relay,integrative relay,diencephalic / state relay,diencephalon
Zebrafish,raRF,0.17651466731791063,,-0.0081744945491599,0.6770763509847106,subject-specific within-region cell-level induced sub-SC modularity Q,1062.0,68.0,0.3915737442773611,subject_15,15,3,sensorimotor output,sensorimotor output,hindbrain / cerebellar / motor,hindbrain / motor
Zebrafish,rimRF,-0.23819465248100036,-0.0239724919637183,-0.000482131001817,0.55098818472874,subject-specific within-region cell-level induced sub-SC modularity Q,3769.0,30.0,-0.1001685105701624,subject_15,15,3,sensorimotor output,sensorimotor output,hindbrain / cerebellar / motor,hindbrain / motor
Zebrafish,rpRF,1.057887405561299,-0.0064394599194731,0.009188609312681,0.4765957074928604,subject-specific within-region cell-level induced sub-SC modularity Q,8498.0,21.0,-1.4746984784405217,subject_15,15,3,sensorimotor output,sensorimotor output,hindbrain / cerebellar / motor,hindbrain / motor
Zebrafish,rHb,-0.09667027500796521,0.0081818823664773,0.0168620719787823,0.8117585848074916,subject-specific within-region cell-level induced sub-SC modularity Q,155.0,73.0,5.472533244238822,subject_15,15,6,state-dependent / modulatory,state-dependent / modulatory,habenular / hypothalamic / raphe state system,state system
Zebrafish,rHi,0.018943603021611702,-0.01863785586144,-0.0017460102966314,,,,,0.7468816957833387,subject_15,15,6,state-dependent / modulatory,state-dependent / modulatory,habenular / hypothalamic / raphe state system,state system
Zebrafish,rHR,-0.03015094702973728,-0.0217738534674752,-0.0048531575735422,,,,,-2.226599186016124,subject_15,15,6,state-dependent / modulatory,state-dependent / modulatory,habenular / hypothalamic / raphe state system,state system
Zebrafish,rOG,-2.824753878222532,-0.0001466038220386,3.253702056994895e-05,,,,,0.0,subject_15,15,0,olfactory / chemosensory,olfactory / chemosensory,olfactory sensory,telencephalon
Zebrafish,rOB,-0.17015722786427556,,-0.0149899679904671,,subject-specific within-region cell-level induced sub-SC modularity Q,0.0,0.0,-4.04305126783455,subject_15,15,0,olfactory / chemosensory,olfactory / chemosensory,olfactory sensory,telencephalon
Zebrafish,rP,0.8358821739809937,,-0.0206527039183289,0.8065770479837281,subject-specific within-region cell-level induced sub-SC modularity Q,821.0,146.0,1.4039277142719522,subject_15,15,5,associative / learning,associative / learning,telencephalic associative,telencephalon
Zebrafish,rPT,0.8556463807070535,-0.006000876031484,-0.0055749395533733,0.6412636381670304,subject-specific within-region cell-level induced sub-SC modularity Q,710.0,38.0,-0.537910406804127,subject_15,15,1,visual / optic,visual / optic,visual / optic midbrain,diencephalon
Zebrafish,rPO,1.3197089733050869,,,0.6941365286407203,subject-specific within-region cell-level induced sub-SC modularity Q,649.0,34.0,0.5375433859364096,subject_15,15,6,state-dependent / modulatory,state-dependent / modulatory,habenular / hypothalamic / raphe state system,state system
Zebrafish,rPrT,0.4026677857208285,-0.0216401391272797,-0.0040628975187954,0.6561821130493259,subject-specific within-region cell-level induced sub-SC modularity Q,795.0,60.0,-0.0982725005285932,subject_15,15,1,visual / optic,visual / optic,visual / optic midbrain,diencephalon
Zebrafish,rSP,1.6873057361022605,0.0145122419134045,-0.0033170722222282,0.6634341750219113,subject-specific within-region cell-level induced sub-SC modularity Q,917.0,54.0,2.666550470195457,subject_15,15,5,associative / learning,associative / learning,telencephalic associative,telencephalon
Zebrafish,rTeO,0.017778004860486876,,-0.0047009650128242,0.7787717262024947,subject-specific within-region cell-level induced sub-SC modularity Q,14431.0,309.0,-0.6724583421513419,subject_15,15,1,visual / optic,visual / optic,visual / optic midbrain,mesencephalon
Zebrafish,rTh,0.3975449752057245,-0.0071339273890906,-0.0030444360501284,0.6351231200690334,subject-specific within-region cell-level induced sub-SC modularity Q,3119.0,66.0,-0.2776605226416416,subject_15,15,4,integrative relay,integrative relay,diencephalic / state relay,diencephalon
Zebrafish,rTL,0.2355477067954713,-0.0295584573091689,-0.0131002423523222,,,,,0.6192612907997039,subject_15,15,1,visual / optic,visual / optic,visual / optic midbrain,mesencephalon
Zebrafish,rTS,-0.8257314987694409,,-0.0077714625742217,0.8138013087447951,subject-specific within-region cell-level induced sub-SC modularity Q,41.0,55.0,1.375707380761981,subject_15,15,1,visual / optic,visual / optic,visual / optic midbrain,mesencephalon
Zebrafish,rTG,-3.36816611143167,,0.0842289350290606,,,,,-1.0986122886681098,subject_15,15,3,sensorimotor output,sensorimotor output,hindbrain / cerebellar / motor,hindbrain / motor
Zebrafish,rVR,0.6033995085583432,-0.0003162109520233,-0.0147443542791848,,,,,1.7086255689848455,subject_15,15,3,sensorimotor output,sensorimotor output,hindbrain / cerebellar / motor,hindbrain / motor
Zebrafish,rNX,0.3511393295095195,-0.0307486147759096,0.0062969642811081,0.3724110538953052,subject-specific within-region cell-level induced sub-SC modularity Q,17535.0,12.0,-0.7212278229321927,subject_15,15,3,sensorimotor output,sensorimotor output,hindbrain / cerebellar / motor,hindbrain / motor
Zebrafish,MON,-0.1456230972496952,-0.0124100185505509,-0.0014117768694663,0.360982071374571,subject-specific within-region cell-level induced sub-SC modularity Q,17079.0,36.0,0.9529906662317784,subject_16,16,3,sensorimotor output,sensorimotor output,hindbrain / cerebellar / motor,hindbrain / motor
Zebrafish,Cb,-0.18277302305267698,-0.0166637684342718,0.0006884914570073,0.5931217214894134,subject-specific within-region cell-level induced sub-SC modularity Q,9126.0,89.0,0.4709221350992387,subject_16,16,3,sensorimotor output,sensorimotor output,hindbrain / cerebellar / motor,hindbrain / motor
Zebrafish,MOS1,0.635314479752855,,,0.2807956398174577,subject-specific within-region cell-level induced sub-SC modularity Q,79310.0,34.0,-0.7152677562329874,subject_16,16,3,sensorimotor output,sensorimotor output,hindbrain / cerebellar / motor,hindbrain / motor
Zebrafish,MOS2,0.5494320817417925,-0.0096395674837345,0.0101158401988135,0.6574916246529068,subject-specific within-region cell-level induced sub-SC modularity Q,2178.0,51.0,-0.2330251354306952,subject_16,16,3,sensorimotor output,sensorimotor output,hindbrain / cerebellar / motor,hindbrain / motor
Zebrafish,MOS3,0.910160715128015,-0.0155389212531289,0.0001378627862991,0.4814461484527423,subject-specific within-region cell-level induced sub-SC modularity Q,13480.0,34.0,1.8732224326373867,subject_16,16,3,sensorimotor output,sensorimotor output,hindbrain / cerebellar / motor,hindbrain / motor
Zebrafish,MOS4,0.20432832409931595,-0.007043935239816,-0.0006821508683748,0.6425827370930949,subject-specific within-region cell-level induced sub-SC modularity Q,6184.0,120.0,1.3716877698405776,subject_16,16,3,sensorimotor output,sensorimotor output,hindbrain / cerebellar / motor,hindbrain / motor
Zebrafish,MOS5,0.5270250991370471,-0.0091215897421818,,0.5568070130701661,subject-specific within-region cell-level induced sub-SC modularity Q,14187.0,39.0,0.6918122989367396,subject_16,16,3,sensorimotor output,sensorimotor output,hindbrain / cerebellar / motor,hindbrain / motor
Zebrafish,IPN,0.29554764293910235,-0.0316437632416669,0.0018095144967943,,,,,-1.1435206702073082,subject_16,16,6,state-dependent / modulatory,state-dependent / modulatory,habenular / hypothalamic / raphe state system,state system
Zebrafish,IO,-1.1615519588052288,-0.0024511905218647,-0.0122744915824028,,,,,-3.198673117550681,subject_16,16,3,sensorimotor output,sensorimotor output,hindbrain / cerebellar / motor,hindbrain / motor
Zebrafish,Hc,-2.8428377437932797,-0.00122467443907,,,,,,4.820281565605037,subject_16,16,6,state-dependent / modulatory,state-dependent / modulatory,habenular / hypothalamic / raphe state system,state system
Zebrafish,Ra,-0.05360592171132748,-0.0138342284850853,0.0103957195981993,0.5756222923945831,subject-specific within-region cell-level induced sub-SC modularity Q,906.0,33.0,-1.2451198280724656,subject_16,16,6,state-dependent / modulatory,state-dependent / modulatory,habenular / hypothalamic / raphe state system,state system
Zebrafish,T,0.25046942923428783,,-0.0042119067010986,0.6259837130446574,subject-specific within-region cell-level induced sub-SC modularity Q,5119.0,45.0,1.1389826534713352,subject_16,16,4,integrative relay,integrative relay,diencephalic / state relay,diencephalon
Zebrafish,aRF,-0.5544529015728664,-0.0151065299873008,-0.0044835767206892,0.6361803281951256,subject-specific within-region cell-level induced sub-SC modularity Q,1263.0,45.0,0.627218716128936,subject_16,16,3,sensorimotor output,sensorimotor output,hindbrain / cerebellar / motor,hindbrain / motor
Zebrafish,imRF,0.29360532862725924,-0.0225134812393206,0.0011715935251862,0.510668383761644,subject-specific within-region cell-level induced sub-SC modularity Q,3076.0,35.0,-0.1472258016456945,subject_16,16,3,sensorimotor output,sensorimotor output,hindbrain / cerebellar / motor,hindbrain / motor
Zebrafish,pRF,1.372403118580096,,0.007125334077089,0.5297720655345621,subject-specific within-region cell-level induced sub-SC modularity Q,4772.0,48.0,-1.1272868104104192,subject_16,16,3,sensorimotor output,sensorimotor output,hindbrain / cerebellar / motor,hindbrain / motor
Zebrafish,Hb,-0.2807490000221713,0.0177224078003818,-0.0021462623049889,0.6923232829659342,subject-specific within-region cell-level induced sub-SC modularity Q,433.0,45.0,5.254713729065905,subject_16,16,6,state-dependent / modulatory,state-dependent / modulatory,habenular / hypothalamic / raphe state system,state system
Zebrafish,Hi,-1.3920490382371422,-0.0239457148107445,0.0036780240868391,,,,,1.2967669263902937,subject_16,16,6,state-dependent / modulatory,state-dependent / modulatory,habenular / hypothalamic / raphe state system,state system
Zebrafish,HR,-0.8554462741663839,-0.0165590610296081,,,,,,-0.6909361072890466,subject_16,16,6,state-dependent / modulatory,state-dependent / modulatory,habenular / hypothalamic / raphe state system,state system
Zebrafish,OG,-2.59641996906935,,,,,,,0.0,subject_16,16,0,olfactory / chemosensory,olfactory / chemosensory,olfactory sensory,telencephalon
Zebrafish,OB,1.0016049215565481,-0.0010232915972284,0.0007383194816829,0.5728089194089734,subject-specific within-region cell-level induced sub-SC modularity Q,805.0,16.0,0.1177830356563834,subject_16,16,0,olfactory / chemosensory,olfactory / chemosensory,olfactory sensory,telencephalon
Zebrafish,OE,0.9400579916704219,-0.0085054228262582,-0.010121884798787,,,,,-0.0870113769896298,subject_16,16,0,olfactory / chemosensory,olfactory / chemosensory,olfactory sensory,telencephalon
Zebrafish,P,1.1199367023089974,0.0046497248463185,-0.0393101363398967,0.766898181990179,subject-specific within-region cell-level induced sub-SC modularity Q,1364.0,103.0,0.7738385593983167,subject_16,16,5,associative / learning,associative / learning,telencephalic associative,telencephalon
Zebrafish,PT,-0.6268142664636887,-0.0108838789448988,-0.0051718599933914,0.623906853928519,subject-specific within-region cell-level induced sub-SC modularity Q,1244.0,28.0,-0.7866754940504198,subject_16,16,1,visual / optic,visual / optic,visual / optic midbrain,diencephalon
Zebrafish,PO,0.9958521729112583,0.0073731921277183,,0.6889527477928377,subject-specific within-region cell-level induced sub-SC modularity Q,1332.0,30.0,0.3125187769952357,subject_16,16,6,state-dependent / modulatory,state-dependent / modulatory,habenular / hypothalamic / raphe state system,state system
Zebrafish,PrT,-0.2757637643619779,-0.020453891113026,-0.0014850257353444,0.4565070655605638,subject-specific within-region cell-level induced sub-SC modularity Q,1129.0,71.0,-0.488782167476817,subject_16,16,1,visual / optic,visual / optic,visual / optic midbrain,diencephalon
Zebrafish,SP,1.6377993821819108,0.0106115750827743,-0.0219689276902355,0.6412115478489023,subject-specific within-region cell-level induced sub-SC modularity Q,1916.0,43.0,2.1800549979836905,subject_16,16,5,associative / learning,associative / learning,telencephalic associative,telencephalon
Zebrafish,TeO,-0.14948621688673217,-0.0110271518518184,-0.0022026520170567,0.7329485343881813,subject-specific within-region cell-level induced sub-SC modularity Q,36862.0,175.0,-0.4082220918859268,subject_16,16,1,visual / optic,visual / optic,visual / optic midbrain,mesencephalon
Zebrafish,Th,-0.35753722688156503,-0.0176772935158277,0.0023046521900481,0.7461319777534029,subject-specific within-region cell-level induced sub-SC modularity Q,2102.0,62.0,-1.0150904632452276,subject_16,16,4,integrative relay,integrative relay,diencephalic / state relay,diencephalon
Zebrafish,TL,1.0875055524748847,-0.0585688498318023,-0.013320331879973,0.711483875380459,subject-specific within-region cell-level induced sub-SC modularity Q,171.0,28.0,2.01563389330328,subject_16,16,1,visual / optic,visual / optic,visual / optic midbrain,mesencephalon
Zebrafish,TS,-0.38150800152139414,-0.0110212672415344,-0.009690554729964,0.6431846812799197,subject-specific within-region cell-level induced sub-SC modularity Q,315.0,54.0,-0.6304951809494403,subject_16,16,1,visual / optic,visual / optic,visual / optic midbrain,mesencephalon
Zebrafish,TG,-1.3949138160353474,-0.0013596807484462,0.0089970053629761,,,,,0.7780466243464316,subject_16,16,3,sensorimotor output,sensorimotor output,hindbrain / cerebellar / motor,hindbrain / motor
Zebrafish,VR,-0.729754852979735,0.0023514089090976,0.001862513395079,,,,,2.501350118513116,subject_16,16,3,sensorimotor output,sensorimotor output,hindbrain / cerebellar / motor,hindbrain / motor
Zebrafish,NX,0.32880693621504575,-0.0077815126846051,,0.3451509360377625,subject-specific within-region cell-level induced sub-SC modularity Q,10853.0,8.0,-0.4371570652657694,subject_16,16,3,sensorimotor output,sensorimotor output,hindbrain / cerebellar / motor,hindbrain / motor
Zebrafish,rMON,-0.329170951943136,-0.0113596667598018,-0.0016042033407504,0.3232917566272991,subject-specific within-region cell-level induced sub-SC modularity Q,27544.0,20.0,0.4158669911247618,subject_16,16,3,sensorimotor output,sensorimotor output,hindbrain / cerebellar / motor,hindbrain / motor
Zebrafish,rCb,-0.1661478650032462,-0.0226718472193532,0.0020816537065072,0.5968907132684241,subject-specific within-region cell-level induced sub-SC modularity Q,12271.0,68.0,0.1886028281021641,subject_16,16,3,sensorimotor output,sensorimotor output,hindbrain / cerebellar / motor,hindbrain / motor
Zebrafish,rMOS1,0.6244058233714407,-0.0147406606344109,0.0061342395441588,0.2730676998184747,subject-specific within-region cell-level induced sub-SC modularity Q,65666.0,46.0,-0.4279815975482602,subject_16,16,3,sensorimotor output,sensorimotor output,hindbrain / cerebellar / motor,hindbrain / motor
Zebrafish,rMOS2,0.12925733311603238,-0.0026234666040952,0.0107233691580869,0.5450215163419295,subject-specific within-region cell-level induced sub-SC modularity Q,4041.0,39.0,-1.453291015816313,subject_16,16,3,sensorimotor output,sensorimotor output,hindbrain / cerebellar / motor,hindbrain / motor
Zebrafish,rMOS3,0.5855024595828006,-0.0164847054366043,-0.0075616730130933,0.5033082843975799,subject-specific within-region cell-level induced sub-SC modularity Q,16484.0,17.0,1.1971226798420296,subject_16,16,3,sensorimotor output,sensorimotor output,hindbrain / cerebellar / motor,hindbrain / motor
Zebrafish,rMOS4,-0.0004908583780632136,-0.0085209846883733,0.0007851860095915,0.7091129436004445,subject-specific within-region cell-level induced sub-SC modularity Q,8551.0,97.0,1.2531794578582744,subject_16,16,3,sensorimotor output,sensorimotor output,hindbrain / cerebellar / motor,hindbrain / motor
Zebrafish,rMOS5,0.13290051125738125,-0.0080181006542016,-0.0025257968568838,0.3562513984615534,subject-specific within-region cell-level induced sub-SC modularity Q,36194.0,32.0,1.3200017960224253,subject_16,16,3,sensorimotor output,sensorimotor output,hindbrain / cerebellar / motor,hindbrain / motor
Zebrafish,rIPN,-0.3871422242182533,-0.0306784867293414,0.0008625219138304,,,,,-1.1143100780146862,subject_16,16,6,state-dependent / modulatory,state-dependent / modulatory,habenular / hypothalamic / raphe state system,state system
Zebrafish,rIO,-0.2143421529547639,0.0103285405513743,-0.0008655979877643,,,,,2.6390573296152584,subject_16,16,3,sensorimotor output,sensorimotor output,hindbrain / cerebellar / motor,hindbrain / motor
Zebrafish,rRa,-0.6881293184775819,-0.0198811637402325,0.008435250103286,0.6974234693877551,subject-specific within-region cell-level induced sub-SC modularity Q,280.0,38.0,-1.1685598141655118,subject_16,16,6,state-dependent / modulatory,state-dependent / modulatory,habenular / hypothalamic / raphe state system,state system
Zebrafish,rT,0.3244219337868169,-0.0198655489821491,-0.0009601234524792,0.5011148564591925,subject-specific within-region cell-level induced sub-SC modularity Q,9216.0,39.0,0.7506739470650821,subject_16,16,4,integrative relay,integrative relay,diencephalic / state relay,diencephalon
Zebrafish,raRF,-0.8487954135749098,-0.0188852804757023,-0.0046508056337094,0.7189781983590302,subject-specific within-region cell-level induced sub-SC modularity Q,551.0,66.0,0.237435685327753,subject_16,16,3,sensorimotor output,sensorimotor output,hindbrain / cerebellar / motor,hindbrain / motor
Zebrafish,rimRF,0.655451399156599,-0.0239927077739265,0.0035706491312224,0.5184136640239131,subject-specific within-region cell-level induced sub-SC modularity Q,2288.0,30.0,-0.3896389340382766,subject_16,16,3,sensorimotor output,sensorimotor output,hindbrain / cerebellar / motor,hindbrain / motor
Zebrafish,rpRF,1.0120196409731983,-0.009252681572599,0.0090829554437422,0.4891284204470335,subject-specific within-region cell-level induced sub-SC modularity Q,7088.0,33.0,-1.5758724001406683,subject_16,16,3,sensorimotor output,sensorimotor output,hindbrain / cerebellar / motor,hindbrain / motor
Zebrafish,rHb,0.7505961046674405,0.0048200558513521,-0.0087327422453623,0.7258235670022103,subject-specific within-region cell-level induced sub-SC modularity Q,413.0,43.0,5.109306821603285,subject_16,16,6,state-dependent / modulatory,state-dependent / modulatory,habenular / hypothalamic / raphe state system,state system
Zebrafish,rHi,-0.6834311949992008,-0.0090770376229974,0.0034295135193085,,,,,0.7111194229643757,subject_16,16,6,state-dependent / modulatory,state-dependent / modulatory,habenular / hypothalamic / raphe state system,state system
Zebrafish,rHR,-0.9004993132069993,-0.0274308828904556,-0.0039819940599679,,,,,-2.4410012757185857,subject_16,16,6,state-dependent / modulatory,state-dependent / modulatory,habenular / hypothalamic / raphe state system,state system
Zebrafish,rOG,-1.8638563952383898,-3.882100265894594e-07,-2.9359378652219088e-08,,,,,-1.0986122886681098,subject_16,16,0,olfactory / chemosensory,olfactory / chemosensory,olfactory sensory,telencephalon
Zebrafish,rOB,1.5271112642824205,0.0043878204140337,-0.0036731218444257,0.8073926592797782,subject-specific within-region cell-level induced sub-SC modularity Q,76.0,51.0,-4.31748811353631,subject_16,16,0,olfactory / chemosensory,olfactory / chemosensory,olfactory sensory,telencephalon
Zebrafish,rOE,0.9610770092479639,3.917497940863771e-10,-1.6946663958903768e-10,,,,,0.0,subject_16,16,0,olfactory / chemosensory,olfactory / chemosensory,olfactory sensory,telencephalon
Zebrafish,rP,1.184175100538224,0.0066192392747327,-0.0141929453786083,0.8059611551996556,subject-specific within-region cell-level induced sub-SC modularity Q,944.0,106.0,1.8587146426079912,subject_16,16,5,associative / learning,associative / learning,telencephalic associative,telencephalon
Zebrafish,rPT,0.6162058920731861,-0.0107529213075884,-0.0041051916083601,0.6049400466289635,subject-specific within-region cell-level induced sub-SC modularity Q,1244.0,26.0,-0.7379515078139074,subject_16,16,1,visual / optic,visual / optic,visual / optic midbrain,diencephalon
Zebrafish,rPO,1.4386511837089004,0.0084019355443779,,0.6314108269353023,subject-specific within-region cell-level induced sub-SC modularity Q,1430.0,28.0,0.7447388106626245,subject_16,16,6,state-dependent / modulatory,state-dependent / modulatory,habenular / hypothalamic / raphe state system,state system
Zebrafish,rPrT,0.24196980980750987,-0.0212028674182455,-0.0031065396212039,0.6862325626092282,subject-specific within-region cell-level induced sub-SC modularity Q,946.0,55.0,-0.323775951266672,subject_16,16,1,visual / optic,visual / optic,visual / optic midbrain,diencephalon
Zebrafish,rSP,1.6724770397728066,-0.0022085665495317,-0.0016056656917991,0.6671175746383503,subject-specific within-region cell-level induced sub-SC modularity Q,1140.0,73.0,2.619427989411732,subject_16,16,5,associative / learning,associative / learning,telencephalic associative,telencephalon
Zebrafish,rTeO,0.2854772894364714,-0.0212136399348867,-0.0036371169258184,0.6794808606429392,subject-specific within-region cell-level induced sub-SC modularity Q,44819.0,183.0,-0.7255241327407493,subject_16,16,1,visual / optic,visual / optic,visual / optic midbrain,mesencephalon
Zebrafish,rTh,0.6820650408186992,-0.0112954475682798,-0.002722484486155,0.6462817250861791,subject-specific within-region cell-level induced sub-SC modularity Q,4306.0,35.0,-0.3873067411896781,subject_16,16,4,integrative relay,integrative relay,diencephalic / state relay,diencephalon
Zebrafish,rTL,-0.48138789693464484,-0.0322271889211204,-0.0172200364688304,,,,,0.7945232368492389,subject_16,16,1,visual / optic,visual / optic,visual / optic midbrain,mesencephalon
Zebrafish,rTS,-0.578030888134149,,,0.8264000000000004,subject-specific within-region cell-level induced sub-SC modularity Q,50.0,52.0,0.6136929678276244,subject_16,16,1,visual / optic,visual / optic,visual / optic midbrain,mesencephalon
Zebrafish,rTG,-3.145146622566949,1.1312263970522351e-14,0.0,,,,,0.0,subject_16,16,3,sensorimotor output,sensorimotor output,hindbrain / cerebellar / motor,hindbrain / motor
Zebrafish,rVR,-0.416883902209134,-0.0070916661966419,-0.0069594113781546,,,,,2.454645678006191,subject_16,16,3,sensorimotor output,sensorimotor output,hindbrain / cerebellar / motor,hindbrain / motor
Zebrafish,rNX,-0.2888726435067594,-0.017303047663416,0.0111644868050843,0.4148750721582763,subject-specific within-region cell-level induced sub-SC modularity Q,7751.0,20.0,-0.9201200607567288,subject_16,16,3,sensorimotor output,sensorimotor output,hindbrain / cerebellar / motor,hindbrain / motor
Zebrafish,MON,-0.08980429394830558,-0.0083785025878565,-0.00653636974829,0.2943033827208982,subject-specific within-region cell-level induced sub-SC modularity Q,16681.0,52.0,1.02114723528258,subject_17,17,3,sensorimotor output,sensorimotor output,hindbrain / cerebellar / motor,hindbrain / motor
Zebrafish,Cb,-0.21623992922827565,-0.0121444764435234,-0.0024720959674152,0.6054185377805161,subject-specific within-region cell-level induced sub-SC modularity Q,14287.0,100.0,0.4432726760907677,subject_17,17,3,sensorimotor output,sensorimotor output,hindbrain / cerebellar / motor,hindbrain / motor
Zebrafish,MOS1,0.9795290483019106,-0.0096639890714432,0.0063573198747965,0.2699415974384612,subject-specific within-region cell-level induced sub-SC modularity Q,47394.0,34.0,-0.3701345061580254,subject_17,17,3,sensorimotor output,sensorimotor output,hindbrain / cerebellar / motor,hindbrain / motor
Zebrafish,MOS2,1.4457934244575683,-0.0074515959554193,0.0124537373426252,0.5455166429334286,subject-specific within-region cell-level induced sub-SC modularity Q,1060.0,62.0,-0.1964336319520648,subject_17,17,3,sensorimotor output,sensorimotor output,hindbrain / cerebellar / motor,hindbrain / motor
Zebrafish,MOS3,1.1134952193391436,-0.0164283968292685,0.0030569295629503,0.4090794950102029,subject-specific within-region cell-level induced sub-SC modularity Q,10000.0,27.0,1.6779879067933132,subject_17,17,3,sensorimotor output,sensorimotor output,hindbrain / cerebellar / motor,hindbrain / motor
Zebrafish,MOS4,0.215763141735448,-0.006616246393561,-7.690905813514227e-05,0.6267752600973538,subject-specific within-region cell-level induced sub-SC modularity Q,3117.0,114.0,1.1537084969849656,subject_17,17,3,sensorimotor output,sensorimotor output,hindbrain / cerebellar / motor,hindbrain / motor
Zebrafish,MOS5,0.015470282416206347,-0.0076799326031148,-0.0002707224565474,0.5850137334624708,subject-specific within-region cell-level induced sub-SC modularity Q,11247.0,67.0,0.8613237457105629,subject_17,17,3,sensorimotor output,sensorimotor output,hindbrain / cerebellar / motor,hindbrain / motor
Zebrafish,IPN,-0.47744822279131494,-0.0240436119904435,0.003998151101089,,,,,-1.1249813238546935,subject_17,17,6,state-dependent / modulatory,state-dependent / modulatory,habenular / hypothalamic / raphe state system,state system
Zebrafish,IO,0.7568154847477434,-0.0001658361435414,-0.0016426354559304,,,,,-3.8892660183055296,subject_17,17,3,sensorimotor output,sensorimotor output,hindbrain / cerebellar / motor,hindbrain / motor
Zebrafish,Hc,-2.643122218989466,-0.0078510433868905,0.0011328275812671,,,,,-0.4687006974653195,subject_17,17,6,state-dependent / modulatory,state-dependent / modulatory,habenular / hypothalamic / raphe state system,state system
Zebrafish,Ra,-0.16619575126610403,-0.0148270503115894,0.0086080184280231,0.6853691914083417,subject-specific within-region cell-level induced sub-SC modularity Q,686.0,35.0,-1.095236787403114,subject_17,17,6,state-dependent / modulatory,state-dependent / modulatory,habenular / hypothalamic / raphe state system,state system
Zebrafish,T,0.3626425935959274,-0.0198084327127755,-0.00382316534479,0.6774488983789894,subject-specific within-region cell-level induced sub-SC modularity Q,5882.0,33.0,1.1407264284932506,subject_17,17,4,integrative relay,integrative relay,diencephalic / state relay,diencephalon
Zebrafish,aRF,0.006177258265019236,-0.0161749224951703,0.0008244245873031,0.6621001984778779,subject-specific within-region cell-level induced sub-SC modularity Q,804.0,53.0,0.278268617564606,subject_17,17,3,sensorimotor output,sensorimotor output,hindbrain / cerebellar / motor,hindbrain / motor
Zebrafish,imRF,0.0003830866258714102,-0.0259227485936307,0.0025686940998444,0.5718881179582408,subject-specific within-region cell-level induced sub-SC modularity Q,1430.0,48.0,-0.5275702052429987,subject_17,17,3,sensorimotor output,sensorimotor output,hindbrain / cerebellar / motor,hindbrain / motor
Zebrafish,pRF,1.138568907313117,-0.0154757857690795,0.0064137709090651,0.61620458033217,subject-specific within-region cell-level induced sub-SC modularity Q,2412.0,69.0,-1.5588923448670176,subject_17,17,3,sensorimotor output,sensorimotor output,hindbrain / cerebellar / motor,hindbrain / motor
Zebrafish,Hb,1.39242566511877,0.0238138945209611,-0.0001451404465394,0.5224302747701259,subject-specific within-region cell-level induced sub-SC modularity Q,1233.0,46.0,6.702295355676824,subject_17,17,6,state-dependent / modulatory,state-dependent / modulatory,habenular / hypothalamic / raphe state system,state system
Zebrafish,Hi,-0.7684201843013194,-0.022321317002284,-0.0028178913911625,,,,,1.2394125378455432,subject_17,17,6,state-dependent / modulatory,state-dependent / modulatory,habenular / hypothalamic / raphe state system,state system
Zebrafish,HR,-0.3606146639988976,-0.0074267306345181,-0.0022705173207937,,,,,-0.55351912824019,subject_17,17,6,state-dependent / modulatory,state-dependent / modulatory,habenular / hypothalamic / raphe state system,state system
Zebrafish,OG,-1.5565903384401045,0.0009948208168121,2.737158528539588e-05,,,,,2.5649493574615367,subject_17,17,0,olfactory / chemosensory,olfactory / chemosensory,olfactory sensory,telencephalon
Zebrafish,OB,0.8237602592643614,-0.0001047495137277,-0.0001782641764432,0.6655229591836735,subject-specific within-region cell-level induced sub-SC modularity Q,280.0,36.0,0.2097205309820691,subject_17,17,0,olfactory / chemosensory,olfactory / chemosensory,olfactory sensory,telencephalon
Zebrafish,OE,0.9129075400428529,3.3535971624666745e-41,-5.903361985157811e-05,,,,,-0.2876820724517809,subject_17,17,0,olfactory / chemosensory,olfactory / chemosensory,olfactory sensory,telencephalon
Zebrafish,P,1.4048017170331897,0.0017029381473925,-0.0266376026912718,0.8128739185271499,subject-specific within-region cell-level induced sub-SC modularity Q,1258.0,101.0,1.0361519262872796,subject_17,17,5,associative / learning,associative / learning,telencephalic associative,telencephalon
Zebrafish,PT,0.7424296391233344,-0.0102926654150442,-0.0029069604277006,0.6589986196642871,subject-specific within-region cell-level induced sub-SC modularity Q,752.0,33.0,-0.8599124626599185,subject_17,17,1,visual / optic,visual / optic,visual / optic midbrain,diencephalon
Zebrafish,PO,0.7894810432747364,0.0069157633930777,0.0041861005993259,0.6688622892512605,subject-specific within-region cell-level induced sub-SC modularity Q,1502.0,33.0,0.6713666242349513,subject_17,17,6,state-dependent / modulatory,state-dependent / modulatory,habenular / hypothalamic / raphe state system,state system
Zebrafish,PrT,0.15250962552706693,-0.0214360218561846,-0.0001860897202898,0.4430542894916361,subject-specific within-region cell-level induced sub-SC modularity Q,1218.0,64.0,-0.4359191840588264,subject_17,17,1,visual / optic,visual / optic,visual / optic midbrain,diencephalon
Zebrafish,SP,1.3671565595826682,-7.66211532735504e-05,-0.0224241516274004,0.6041934011500659,subject-specific within-region cell-level induced sub-SC modularity Q,2068.0,68.0,1.7335936588924228,subject_17,17,5,associative / learning,associative / learning,telencephalic associative,telencephalon
Zebrafish,TeO,-0.2950914064187023,-0.0118519793495643,-0.002531538923418,0.6170977935782895,subject-specific within-region cell-level induced sub-SC modularity Q,99357.0,117.0,0.0725686566056256,subject_17,17,1,visual / optic,visual / optic,visual / optic midbrain,mesencephalon
Zebrafish,Th,0.16554776596111842,-0.0213735692441697,0.0026026510862324,0.7869713116856472,subject-specific within-region cell-level induced sub-SC modularity Q,1368.0,80.0,-1.060385930359646,subject_17,17,4,integrative relay,integrative relay,diencephalic / state relay,diencephalon
Zebrafish,TL,-0.3725430822215455,-0.0377045046555244,-0.0090447102804519,0.7370200108166576,subject-specific within-region cell-level induced sub-SC modularity Q,86.0,32.0,2.2567579125159973,subject_17,17,1,visual / optic,visual / optic,visual / optic midbrain,mesencephalon
Zebrafish,TS,-0.04593281386966752,-0.0133084040031716,-0.0096519904601769,0.5790326752029249,subject-specific within-region cell-level induced sub-SC modularity Q,789.0,56.0,-0.0468870948967984,subject_17,17,1,visual / optic,visual / optic,visual / optic midbrain,mesencephalon
Zebrafish,TG,-2.036539280812502,0.0277608056597682,-0.0150064838034189,,,,,1.1210851445201684,subject_17,17,3,sensorimotor output,sensorimotor output,hindbrain / cerebellar / motor,hindbrain / motor
Zebrafish,VR,-0.617384808942358,9.39790510604212e-05,0.0276852235910382,,,,,1.851319533115651,subject_17,17,3,sensorimotor output,sensorimotor output,hindbrain / cerebellar / motor,hindbrain / motor
Zebrafish,NX,-0.08046836081270854,-0.002703459718899,0.0085613845457553,0.5065244731209674,subject-specific within-region cell-level induced sub-SC modularity Q,1518.0,22.0,-0.0797528967637966,subject_17,17,3,sensorimotor output,sensorimotor output,hindbrain / cerebellar / motor,hindbrain / motor
Zebrafish,rMON,0.061090890336953,-0.0094166527618355,-0.0004689165126372,0.359901655432725,subject-specific within-region cell-level induced sub-SC modularity Q,14154.0,35.0,0.5230935667068793,subject_17,17,3,sensorimotor output,sensorimotor output,hindbrain / cerebellar / motor,hindbrain / motor
Zebrafish,rCb,0.04737456573174685,-0.0147869115426434,0.0004331931869796,0.5828445125599304,subject-specific within-region cell-level induced sub-SC modularity Q,18957.0,65.0,-0.087940402854966,subject_17,17,3,sensorimotor output,sensorimotor output,hindbrain / cerebellar / motor,hindbrain / motor
Zebrafish,rMOS1,0.250933486786998,-0.0104284531640851,0.0059649297107073,0.2657204949337494,subject-specific within-region cell-level induced sub-SC modularity Q,61628.0,31.0,-0.5745453397017325,subject_17,17,3,sensorimotor output,sensorimotor output,hindbrain / cerebellar / motor,hindbrain / motor
Zebrafish,rMOS2,-0.5518817681304204,-0.0015124441446586,0.0094613710600982,0.4840799329844966,subject-specific within-region cell-level induced sub-SC modularity Q,1435.0,48.0,-1.5684014652457563,subject_17,17,3,sensorimotor output,sensorimotor output,hindbrain / cerebellar / motor,hindbrain / motor
Zebrafish,rMOS3,0.4527189431757313,-0.018052166721634,-0.0075972219402655,0.5214523292825683,subject-specific within-region cell-level induced sub-SC modularity Q,13932.0,18.0,1.139834898485904,subject_17,17,3,sensorimotor output,sensorimotor output,hindbrain / cerebellar / motor,hindbrain / motor
Zebrafish,rMOS4,-0.3876387378433024,-0.0110361717858804,-0.0002730172080916,0.6503415763865554,subject-specific within-region cell-level induced sub-SC modularity Q,5462.0,94.0,1.2582441423033293,subject_17,17,3,sensorimotor output,sensorimotor output,hindbrain / cerebellar / motor,hindbrain / motor
Zebrafish,rMOS5,0.0055657742743108396,-0.0082240762427154,0.0016121472176498,0.3833805044413987,subject-specific within-region cell-level induced sub-SC modularity Q,31237.0,38.0,1.160197051306573,subject_17,17,3,sensorimotor output,sensorimotor output,hindbrain / cerebellar / motor,hindbrain / motor
Zebrafish,rIPN,0.1517569737133329,-0.0261345386287601,0.0047207604259747,,,,,-0.439965965926252,subject_17,17,6,state-dependent / modulatory,state-dependent / modulatory,habenular / hypothalamic / raphe state system,state system
Zebrafish,rIO,-1.4690644327805238,0.0,-2.97250938198205e-71,,,,,0.0,subject_17,17,3,sensorimotor output,sensorimotor output,hindbrain / cerebellar / motor,hindbrain / motor
Zebrafish,rRa,-0.4584187554989816,-0.0204033974797751,0.0057943244074423,0.6533908317580341,subject-specific within-region cell-level induced sub-SC modularity Q,460.0,29.0,-1.0544990443533195,subject_17,17,6,state-dependent / modulatory,state-dependent / modulatory,habenular / hypothalamic / raphe state system,state system
Zebrafish,rT,0.7113694935095315,-0.024441773486817,-0.0020668188758269,0.5517275297477777,subject-specific within-region cell-level induced sub-SC modularity Q,7814.0,29.0,0.6765290105250404,subject_17,17,4,integrative relay,integrative relay,diencephalic / state relay,diencephalon
Zebrafish,raRF,-0.836022681858026,-0.0202032334575056,-0.0060455132670405,0.8420209256291825,subject-specific within-region cell-level induced sub-SC modularity Q,206.0,69.0,0.0691572087971196,subject_17,17,3,sensorimotor output,sensorimotor output,hindbrain / cerebellar / motor,hindbrain / motor
Zebrafish,rimRF,-0.6574317483168195,-0.0285760802397077,0.002461199119543,0.4979068964070351,subject-specific within-region cell-level induced sub-SC modularity Q,1319.0,45.0,-0.7385689176546191,subject_17,17,3,sensorimotor output,sensorimotor output,hindbrain / cerebellar / motor,hindbrain / motor
Zebrafish,rpRF,-0.7998791222478433,-0.0070983116274345,0.0081979605187281,0.5252083728432756,subject-specific within-region cell-level induced sub-SC modularity Q,3175.0,51.0,-1.8562988657276431,subject_17,17,3,sensorimotor output,sensorimotor output,hindbrain / cerebellar / motor,hindbrain / motor
Zebrafish,rHb,1.2342373011780987,0.00196196894792,1.8146975249186552e-05,0.7062687043336837,subject-specific within-region cell-level induced sub-SC modularity Q,537.0,48.0,5.354077233432499,subject_17,17,6,state-dependent / modulatory,state-dependent / modulatory,habenular / hypothalamic / raphe state system,state system
Zebrafish,rHi,-0.5170617497599529,-0.0008173009333734,0.002992506686199,,,,,0.2099436065578121,subject_17,17,6,state-dependent / modulatory,state-dependent / modulatory,habenular / hypothalamic / raphe state system,state system
Zebrafish,rHR,-0.4541656081056237,-0.0183690249038575,-0.0012053534389431,,,,,-2.280189465342036,subject_17,17,6,state-dependent / modulatory,state-dependent / modulatory,habenular / hypothalamic / raphe state system,state system
Zebrafish,rOG,-2.4189893646311798,-0.0002857952265054,-0.0017149037930624,,,,,1.252762968495368,subject_17,17,0,olfactory / chemosensory,olfactory / chemosensory,olfactory sensory,telencephalon
Zebrafish,rOB,0.8382987870367816,2.195168305882971e-07,-0.0028243916483958,0.8256044391597305,subject-specific within-region cell-level induced sub-SC modularity Q,87.0,54.0,-3.746558565700614,subject_17,17,0,olfactory / chemosensory,olfactory / chemosensory,olfactory sensory,telencephalon
Zebrafish,rOE,0.8372410017730291,0.3661236767414836,-0.165397484978872,,,,,0.4054651081081644,subject_17,17,0,olfactory / chemosensory,olfactory / chemosensory,olfactory sensory,telencephalon
Zebrafish,rP,1.4897599905582186,0.0054106305636886,-0.0073275688314985,0.7815428833792474,subject-specific within-region cell-level induced sub-SC modularity Q,1650.0,104.0,1.2313135766478145,subject_17,17,5,associative / learning,associative / learning,telencephalic associative,telencephalon
Zebrafish,rPT,1.1980870839423232,-0.0136538024037795,-0.0027287950493053,0.5712776851946324,subject-specific within-region cell-level induced sub-SC modularity Q,891.0,24.0,-0.5954773070665802,subject_17,17,1,visual / optic,visual / optic,visual / optic midbrain,diencephalon
Zebrafish,rPO,0.8797349439397625,0.0068985057439075,0.0027682995898966,0.6386620891950194,subject-specific within-region cell-level induced sub-SC modularity Q,1439.0,26.0,0.4991382989244441,subject_17,17,6,state-dependent / modulatory,state-dependent / modulatory,habenular / hypothalamic / raphe state system,state system
Zebrafish,rPrT,0.27089912269283967,-0.0223277546688356,-0.0009853648315283,0.7019933317656545,subject-specific within-region cell-level induced sub-SC modularity Q,976.0,65.0,-0.2646400806120124,subject_17,17,1,visual / optic,visual / optic,visual / optic midbrain,diencephalon
Zebrafish,rSP,1.351100082780531,-0.0042866103333149,-0.0023470415803456,0.572842049204755,subject-specific within-region cell-level induced sub-SC modularity Q,2408.0,50.0,2.2521437688390726,subject_17,17,5,associative / learning,associative / learning,telencephalic associative,telencephalon
Zebrafish,rTeO,0.14572445959707128,-0.0218913908469203,-0.0031434679394961,0.7442232088138271,subject-specific within-region cell-level induced sub-SC modularity Q,57376.0,123.0,-0.7754723082795963,subject_17,17,1,visual / optic,visual / optic,visual / optic midbrain,mesencephalon
Zebrafish,rTh,1.1714534023996181,-0.0161646158073484,-0.0009029777787503,0.6891986018478514,subject-specific within-region cell-level induced sub-SC modularity Q,2903.0,58.0,-0.3316154384509759,subject_17,17,4,integrative relay,integrative relay,diencephalic / state relay,diencephalon
Zebrafish,rTL,-0.4883539440014784,-0.0287540734622788,-0.0132543271548887,,,,,0.2891515804311408,subject_17,17,1,visual / optic,visual / optic,visual / optic midbrain,mesencephalon
Zebrafish,rTS,-1.8462178028077998,-0.0091871758401281,-0.0075609411636347,0.8900935374149664,subject-specific within-region cell-level induced sub-SC modularity Q,84.0,67.0,1.5709280576722249,subject_17,17,1,visual / optic,visual / optic,visual / optic midbrain,mesencephalon
Zebrafish,rTG,-2.792030341155998,2.0825599009953738e-103,-4.879258668188298e-194,,,,,-0.4054651081081644,subject_17,17,3,sensorimotor output,sensorimotor output,hindbrain / cerebellar / motor,hindbrain / motor
Zebrafish,rVR,-0.8700727121583208,-0.0009176720943901,0.0006567827209745,,,,,2.086330202675021,subject_17,17,3,sensorimotor output,sensorimotor output,hindbrain / cerebellar / motor,hindbrain / motor
Zebrafish,rNX,-0.6093804398154701,-0.0272097380125648,0.0061054766591879,0.566671615718624,subject-specific within-region cell-level induced sub-SC modularity Q,6780.0,13.0,-0.731077266690547,subject_17,17,3,sensorimotor output,sensorimotor output,hindbrain / cerebellar / motor,hindbrain / motor
Zebrafish,MON,-0.25540885344745634,-0.0111828525728056,-0.0074190639881882,0.3281973342942779,subject-specific within-region cell-level induced sub-SC modularity Q,13898.0,44.0,0.7997260091952875,subject_18,18,3,sensorimotor output,sensorimotor output,hindbrain / cerebellar / motor,hindbrain / motor
Zebrafish,Cb,-0.2808478674617808,-0.0120562955285139,-0.0008794531432777,0.595460972886627,subject-specific within-region cell-level induced sub-SC modularity Q,12720.0,73.0,0.3107320844965925,subject_18,18,3,sensorimotor output,sensorimotor output,hindbrain / cerebellar / motor,hindbrain / motor
Zebrafish,MOS1,-0.0630167361786575,-0.0133963982199079,0.0064501621952827,0.2595047157471697,subject-specific within-region cell-level induced sub-SC modularity Q,57128.0,34.0,-0.4757234716459431,subject_18,18,3,sensorimotor output,sensorimotor output,hindbrain / cerebellar / motor,hindbrain / motor
Zebrafish,MOS2,-0.23285693633795357,-0.017577789871505,0.0120377250488065,0.4868080355430054,subject-specific within-region cell-level induced sub-SC modularity Q,3610.0,57.0,-0.2086708570920076,subject_18,18,3,sensorimotor output,sensorimotor output,hindbrain / cerebellar / motor,hindbrain / motor
Zebrafish,MOS3,1.0220311144310488,-0.0163561342331094,0.0034958210008534,0.4671204101656969,subject-specific within-region cell-level induced sub-SC modularity Q,9409.0,27.0,1.7156024675504211,subject_18,18,3,sensorimotor output,sensorimotor output,hindbrain / cerebellar / motor,hindbrain / motor
Zebrafish,MOS4,-0.37865274349068145,-0.010927789368984,-0.0013298955933485,0.6574359089738935,subject-specific within-region cell-level induced sub-SC modularity Q,3961.0,138.0,1.0951872432086909,subject_18,18,3,sensorimotor output,sensorimotor output,hindbrain / cerebellar / motor,hindbrain / motor
Zebrafish,MOS5,-0.4673884393392151,-0.0111337572969434,-0.0012450286516079,0.5889734429425058,subject-specific within-region cell-level induced sub-SC modularity Q,10636.0,47.0,0.5609047532874618,subject_18,18,3,sensorimotor output,sensorimotor output,hindbrain / cerebellar / motor,hindbrain / motor
Zebrafish,IPN,0.15329733733802262,-0.0077302110973172,0.0034650955183167,,,,,-0.969161979112297,subject_18,18,6,state-dependent / modulatory,state-dependent / modulatory,habenular / hypothalamic / raphe state system,state system
Zebrafish,IO,-0.6404246192393273,-2.6879228426786134e-05,-0.0072208314739815,,,,,-1.9636097261547143,subject_18,18,3,sensorimotor output,sensorimotor output,hindbrain / cerebellar / motor,hindbrain / motor
Zebrafish,Hc,-1.9107341679654162,0.0041181054606896,7.003593975531979e-05,,,,,-0.6178835397233419,subject_18,18,6,state-dependent / modulatory,state-dependent / modulatory,habenular / hypothalamic / raphe state system,state system
Zebrafish,Ra,0.23785346859651124,-0.0136903709857461,0.0109072103673495,0.6023410355877886,subject-specific within-region cell-level induced sub-SC modularity Q,770.0,47.0,-1.1131823901310216,subject_18,18,6,state-dependent / modulatory,state-dependent / modulatory,habenular / hypothalamic / raphe state system,state system
Zebrafish,T,0.01996503002924887,-0.0189931781359318,-0.00448880940704,0.629946442063102,subject-specific within-region cell-level induced sub-SC modularity Q,3577.0,56.0,1.132421148783001,subject_18,18,4,integrative relay,integrative relay,diencephalic / state relay,diencephalon
Zebrafish,aRF,-0.5259805806170201,-0.0172838191448186,0.0001318891626198,0.683566722398081,subject-specific within-region cell-level induced sub-SC modularity Q,1162.0,76.0,0.5927476277813838,subject_18,18,3,sensorimotor output,sensorimotor output,hindbrain / cerebellar / motor,hindbrain / motor
Zebrafish,imRF,-0.5640649612228195,-0.0260176644951672,0.0035430632629107,0.5779322484393443,subject-specific within-region cell-level induced sub-SC modularity Q,2154.0,56.0,-0.2991364271301981,subject_18,18,3,sensorimotor output,sensorimotor output,hindbrain / cerebellar / motor,hindbrain / motor
Zebrafish,pRF,1.6957177657712326,-0.0180094293007557,0.0092010113008455,0.563875188120315,subject-specific within-region cell-level induced sub-SC modularity Q,4555.0,61.0,-1.2655368737636608,subject_18,18,3,sensorimotor output,sensorimotor output,hindbrain / cerebellar / motor,hindbrain / motor
Zebrafish,Hb,-0.008529724870691069,0.0131758857481709,-0.0004978782246833,0.5709469636276235,subject-specific within-region cell-level induced sub-SC modularity Q,395.0,61.0,5.622496304144611,subject_18,18,6,state-dependent / modulatory,state-dependent / modulatory,habenular / hypothalamic / raphe state system,state system
Zebrafish,Hi,-1.077877671503601,-0.0170367301407756,-0.0004573744575022,,,,,0.8092521924400357,subject_18,18,6,state-dependent / modulatory,state-dependent / modulatory,habenular / hypothalamic / raphe state system,state system
Zebrafish,HR,-1.2688362279236396,-0.0103868016412779,-0.0087819157132493,,,,,-0.4317488116133255,subject_18,18,6,state-dependent / modulatory,state-dependent / modulatory,habenular / hypothalamic / raphe state system,state system
Zebrafish,OG,-1.7320029921927498,-0.0012323592211549,0.0028897724094337,,,,,1.6928195213731514,subject_18,18,0,olfactory / chemosensory,olfactory / chemosensory,olfactory sensory,telencephalon
Zebrafish,OB,0.933444419202466,-3.506092575982367e-08,-4.5585324307457784e-09,0.6446124763705103,subject-specific within-region cell-level induced sub-SC modularity Q,23.0,15.0,0.3566749439387324,subject_18,18,0,olfactory / chemosensory,olfactory / chemosensory,olfactory sensory,telencephalon
Zebrafish,OE,0.6450919457891205,,,,,,,0.0,subject_18,18,0,olfactory / chemosensory,olfactory / chemosensory,olfactory sensory,telencephalon
Zebrafish,P,1.1246572707177753,0.0009609493785259,-0.0372832135518386,0.7629021755834704,subject-specific within-region cell-level induced sub-SC modularity Q,1061.0,137.0,0.4242549755149607,subject_18,18,5,associative / learning,associative / learning,telencephalic associative,telencephalon
Zebrafish,PT,-0.051482803182015896,-0.0088043265796131,-0.0085379242343288,0.6154196848875904,subject-specific within-region cell-level induced sub-SC modularity Q,866.0,43.0,-0.8288415522050027,subject_18,18,1,visual / optic,visual / optic,visual / optic midbrain,diencephalon
Zebrafish,PO,0.9909825206202171,0.0080067484820118,0.0033517057375302,0.670008866807089,subject-specific within-region cell-level induced sub-SC modularity Q,1034.0,36.0,0.5601169154828681,subject_18,18,6,state-dependent / modulatory,state-dependent / modulatory,habenular / hypothalamic / raphe state system,state system
Zebrafish,PrT,-0.3043302004978352,-0.0231945293322192,-0.0033538636489673,0.434568717720066,subject-specific within-region cell-level induced sub-SC modularity Q,855.0,74.0,-0.4270381950470352,subject_18,18,1,visual / optic,visual / optic,visual / optic midbrain,diencephalon
Zebrafish,SP,1.7531692412530064,0.0062076087374373,-0.0367667343131638,0.649814987541019,subject-specific within-region cell-level induced sub-SC modularity Q,1084.0,58.0,1.605112022486978,subject_18,18,5,associative / learning,associative / learning,telencephalic associative,telencephalon
Zebrafish,TeO,-0.33583031854638296,-0.0150799893794718,-0.0051039877183423,0.7581178055463125,subject-specific within-region cell-level induced sub-SC modularity Q,44691.0,164.0,-0.1372622300330341,subject_18,18,1,visual / optic,visual / optic,visual / optic midbrain,mesencephalon
Zebrafish,Th,0.3371943193251787,-0.0208142146865424,-0.0005273436622652,0.778710816902269,subject-specific within-region cell-level induced sub-SC modularity Q,1354.0,83.0,-0.9403687596494008,subject_18,18,4,integrative relay,integrative relay,diencephalic / state relay,diencephalon
Zebrafish,TL,-0.7662494392422918,-0.0479349757506916,-0.0138187556619153,0.7897621858660817,subject-specific within-region cell-level induced sub-SC modularity Q,77.0,31.0,1.6583094733721255,subject_18,18,1,visual / optic,visual / optic,visual / optic midbrain,mesencephalon
Zebrafish,TS,-0.14936846086256356,-0.011966565055276,-0.0120271370282894,0.562305951164794,subject-specific within-region cell-level induced sub-SC modularity Q,387.0,58.0,-0.5172488586964492,subject_18,18,1,visual / optic,visual / optic,visual / optic midbrain,mesencephalon
Zebrafish,TG,-2.112893188737093,-0.0024227115644352,-0.0094630300754104,,,,,-0.5096053673607613,subject_18,18,3,sensorimotor output,sensorimotor output,hindbrain / cerebellar / motor,hindbrain / motor
Zebrafish,VR,-1.5337247702994623,-0.0061371249385091,-0.0037778580178121,,,,,2.4167774605197003,subject_18,18,3,sensorimotor output,sensorimotor output,hindbrain / cerebellar / motor,hindbrain / motor
Zebrafish,NX,-1.0467961746815664,-0.0064678810466935,0.0055359529119225,0.4104548957077315,subject-specific within-region cell-level induced sub-SC modularity Q,14201.0,6.0,-0.0865897807846739,subject_18,18,3,sensorimotor output,sensorimotor output,hindbrain / cerebellar / motor,hindbrain / motor
Zebrafish,rMON,0.35757497962289014,-0.0100668251318369,-0.002028573950515,0.3313978229731842,subject-specific within-region cell-level induced sub-SC modularity Q,14257.0,39.0,0.4359754711443172,subject_18,18,3,sensorimotor output,sensorimotor output,hindbrain / cerebellar / motor,hindbrain / motor
Zebrafish,rCb,0.14158776976603193,-0.0170961834707093,0.0003965805874292,0.6132699851385225,subject-specific within-region cell-level induced sub-SC modularity Q,13164.0,92.0,0.1776794259132323,subject_18,18,3,sensorimotor output,sensorimotor output,hindbrain / cerebellar / motor,hindbrain / motor
Zebrafish,rMOS1,0.9418932331278658,-0.0115829579622008,0.007104103460063,0.2810273140176066,subject-specific within-region cell-level induced sub-SC modularity Q,66318.0,34.0,-0.6558200148462817,subject_18,18,3,sensorimotor output,sensorimotor output,hindbrain / cerebellar / motor,hindbrain / motor
Zebrafish,rMOS2,0.5460889309927167,-0.001553617416103,0.0102247471876378,0.6097379035069176,subject-specific within-region cell-level induced sub-SC modularity Q,1629.0,65.0,-1.368262616341577,subject_18,18,3,sensorimotor output,sensorimotor output,hindbrain / cerebellar / motor,hindbrain / motor
Zebrafish,rMOS3,0.9507277941756974,-0.0182509796078251,-0.0082280846695731,0.5182733696023332,subject-specific within-region cell-level induced sub-SC modularity Q,10202.0,19.0,1.2164560356783407,subject_18,18,3,sensorimotor output,sensorimotor output,hindbrain / cerebellar / motor,hindbrain / motor
Zebrafish,rMOS4,0.5045955749926153,-0.0108733375368089,-6.60905319473585e-05,0.6827013576827058,subject-specific within-region cell-level induced sub-SC modularity Q,4275.0,106.0,1.1106281965537492,subject_18,18,3,sensorimotor output,sensorimotor output,hindbrain / cerebellar / motor,hindbrain / motor
Zebrafish,rMOS5,0.3460175055335126,-0.0105126893420797,-0.0047645977695566,0.304285827639999,subject-specific within-region cell-level induced sub-SC modularity Q,23675.0,56.0,1.0898453440802858,subject_18,18,3,sensorimotor output,sensorimotor output,hindbrain / cerebellar / motor,hindbrain / motor
Zebrafish,rIPN,0.048411473645013456,-0.0079569084671741,0.0042188714951858,,,,,-0.6830955066461896,subject_18,18,6,state-dependent / modulatory,state-dependent / modulatory,habenular / hypothalamic / raphe state system,state system
Zebrafish,rIO,0.9148776220231448,0.0342048824404465,-0.0016100607371327,,,,,3.3202283191284883,subject_18,18,3,sensorimotor output,sensorimotor output,hindbrain / cerebellar / motor,hindbrain / motor
Zebrafish,rHc,-2.0341022300794194,-0.0014701233331513,-0.0056092850883923,,,,,-1.2714957659647572,subject_18,18,6,state-dependent / modulatory,state-dependent / modulatory,habenular / hypothalamic / raphe state system,state system
Zebrafish,rRa,0.035940887668619095,-0.0201237637248414,0.0058026772067929,0.7121861223587294,subject-specific within-region cell-level induced sub-SC modularity Q,269.0,44.0,-0.8932132158011126,subject_18,18,6,state-dependent / modulatory,state-dependent / modulatory,habenular / hypothalamic / raphe state system,state system
Zebrafish,rT,0.6049629179840313,-0.0248616023613117,-0.0034319852380419,0.6183591852186933,subject-specific within-region cell-level induced sub-SC modularity Q,4907.0,71.0,0.7468494794933032,subject_18,18,4,integrative relay,integrative relay,diencephalic / state relay,diencephalon
Zebrafish,raRF,-0.8219342813283552,-0.0207270492778414,-0.0061110965454662,0.6955839643015642,subject-specific within-region cell-level induced sub-SC modularity Q,861.0,69.0,0.216853571651138,subject_18,18,3,sensorimotor output,sensorimotor output,hindbrain / cerebellar / motor,hindbrain / motor
Zebrafish,rimRF,0.07644450330370019,-0.026693117996108,0.0012366609405543,0.571446733756316,subject-specific within-region cell-level induced sub-SC modularity Q,2035.0,52.0,-0.3795870375224782,subject_18,18,3,sensorimotor output,sensorimotor output,hindbrain / cerebellar / motor,hindbrain / motor
Zebrafish,rpRF,1.2214130306840092,-0.0072699438575574,0.0086489323744127,0.5210451432198578,subject-specific within-region cell-level induced sub-SC modularity Q,5873.0,52.0,-1.690039399378406,subject_18,18,3,sensorimotor output,sensorimotor output,hindbrain / cerebellar / motor,hindbrain / motor
Zebrafish,rHb,1.2300227684166787,0.0053306727364464,-0.000415644311019,0.8105477591670441,subject-specific within-region cell-level induced sub-SC modularity Q,188.0,76.0,5.368465126450118,subject_18,18,6,state-dependent / modulatory,state-dependent / modulatory,habenular / hypothalamic / raphe state system,state system
Zebrafish,rHi,-0.4165299983566905,-0.0121136485918336,0.0054653294731765,,,,,0.4030265608189136,subject_18,18,6,state-dependent / modulatory,state-dependent / modulatory,habenular / hypothalamic / raphe state system,state system
Zebrafish,rHR,-0.27818562897379695,-0.0181338971272122,-0.0030489476622331,,,,,-2.096615698323126,subject_18,18,6,state-dependent / modulatory,state-dependent / modulatory,habenular / hypothalamic / raphe state system,state system
Zebrafish,rOG,-2.3312864724901083,-1.6310963490933286e-11,0.0,,,,,0.0,subject_18,18,0,olfactory / chemosensory,olfactory / chemosensory,olfactory sensory,telencephalon
Zebrafish,rOB,1.1009487321768463,7.677946093135198e-85,-0.0061195803255579,0.4765625,subject-specific within-region cell-level induced sub-SC modularity Q,8.0,12.0,-3.756538102587751,subject_18,18,0,olfactory / chemosensory,olfactory / chemosensory,olfactory sensory,telencephalon
Zebrafish,rP,0.9516655522887059,0.008568707222774,-0.0166221288023735,0.7969977986735469,subject-specific within-region cell-level induced sub-SC modularity Q,1159.0,145.0,1.3137843272435594,subject_18,18,5,associative / learning,associative / learning,telencephalic associative,telencephalon
Zebrafish,rPT,0.7224870998550837,-0.0098606323409244,-0.0046470539129834,0.6493586704137762,subject-specific within-region cell-level induced sub-SC modularity Q,701.0,32.0,-0.6204918022517817,subject_18,18,1,visual / optic,visual / optic,visual / optic midbrain,diencephalon
Zebrafish,rPO,1.540218198906405,0.0084514090657385,0.0022638864366296,0.6438898375994202,subject-specific within-region cell-level induced sub-SC modularity Q,1134.0,21.0,0.5870985416995219,subject_18,18,6,state-dependent / modulatory,state-dependent / modulatory,habenular / hypothalamic / raphe state system,state system
Zebrafish,rPrT,1.16054290987269,-0.0259520606570214,-0.0030077019088246,0.6487528934570708,subject-specific within-region cell-level induced sub-SC modularity Q,868.0,55.0,-0.1572930778162242,subject_18,18,1,visual / optic,visual / optic,visual / optic midbrain,diencephalon
Zebrafish,rSP,1.5916087889883308,0.0047638318603937,0.0084862004204375,0.6117725358833248,subject-specific within-region cell-level induced sub-SC modularity Q,1206.0,57.0,2.10444949562984,subject_18,18,5,associative / learning,associative / learning,telencephalic associative,telencephalon
Zebrafish,rTeO,0.33752273241899505,-0.0238742627943315,-0.0041129238660788,0.7297443869007962,subject-specific within-region cell-level induced sub-SC modularity Q,30863.0,251.0,-0.5965570840594967,subject_18,18,1,visual / optic,visual / optic,visual / optic midbrain,mesencephalon
Zebrafish,rTh,1.3419911871817443,-0.0143704603670719,-0.0018861478868911,0.5924722889745077,subject-specific within-region cell-level induced sub-SC modularity Q,3813.0,57.0,-0.3588418425631263,subject_18,18,4,integrative relay,integrative relay,diencephalic / state relay,diencephalon
Zebrafish,rTL,0.2841168899617299,-0.0385448255538786,-0.0175587599875957,,,,,0.7622437273359846,subject_18,18,1,visual / optic,visual / optic,visual / optic midbrain,mesencephalon
Zebrafish,rTS,-0.9584111272385508,-0.0207010990709213,-0.0111401846545554,0.8885237770475538,subject-specific within-region cell-level induced sub-SC modularity Q,127.0,100.0,1.2049268278085623,subject_18,18,1,visual / optic,visual / optic,visual / optic midbrain,mesencephalon
Zebrafish,rTG,-2.017152652800798,-0.010568775715967,0.0,,,,,3.258096538021482,subject_18,18,3,sensorimotor output,sensorimotor output,hindbrain / cerebellar / motor,hindbrain / motor
Zebrafish,rVR,-1.1541715637601595,-0.0012427422096966,0.000420414925933,,,,,2.90898824050393,subject_18,18,3,sensorimotor output,sensorimotor output,hindbrain / cerebellar / motor,hindbrain / motor
Zebrafish,rNX,-0.14599368379278602,-0.0321629545428664,0.0078260878482202,0.4147070221960318,subject-specific within-region cell-level induced sub-SC modularity Q,11246.0,12.0,-0.71690891350649,subject_18,18,3,sensorimotor output,sensorimotor output,hindbrain / cerebellar / motor,hindbrain / motor
