species,node,EdgeStdFCV,FCS,ProfileCorrDistFCV,ObservedNetTE,NeighborNetTE,PostDCA,PreDCA,Modularity,LogOutIn,OO_fraction,class_order,class_label,class_short,fine_class,anatomy_group
C. elegans,ADAL,-0.5633888275944742,0.2033817605912378,0.9006594460487305,-0.2132818767015855,0.8337789466609936,-0.0506460303835138,0.0264221825014289,0.3572965606407512,0.9694005571881036,0.5238095238095238,4,integrative relay,integrative relay,interneuron / integrative,interneurons
C. elegans,ADAR,-1.1131455752456976,0.2141654556094629,1.919578850130052,-0.6793580447065811,-1.3522503345743968,-0.0456181331762736,0.0322677412610034,0.3931455113085331,0.7348198769605134,0.4444444444444444,4,integrative relay,integrative relay,interneuron / integrative,interneurons
C. elegans,ADEL,-0.9583976106838344,-0.064911602300625,1.018040673597253,-0.2176332887962328,0.4942254083235189,-0.03157723490657,0.1383355165121818,0.5232073289505723,1.170932950247736,0.5294117647058824,2,other sensory,other sensory,mechanosensory / other sensory,sensory neurons
C. elegans,ADER,-1.2200912755419644,-0.63206413571546,1.259262468579745,-0.2955419912336096,0.4395484880776998,-0.0379609791744908,0.055715481108768,0.4472562074928453,0.8434293836092832,0.68,2,other sensory,other sensory,mechanosensory / other sensory,sensory neurons
C. elegans,ADLL,-0.239247555449999,-0.4870459327494272,1.754868713546535,-0.0486743520522009,0.0635377653920349,-0.0220011079190079,0.0364596536509274,0.4298889504713291,2.0082140323914683,0.6666666666666666,0,olfactory / chemosensory,olfactory / chemosensory,chemosensory,olf./chemo
C. elegans,ADLR,0.3055545828186178,-0.2572444944395016,1.0847968182072416,-0.3281148687322128,-0.9223364159310292,-0.0163826686176243,0.0130064956132039,0.4564707756039977,1.0601460078403135,0.56,0,olfactory / chemosensory,olfactory / chemosensory,chemosensory,olf./chemo
C. elegans,AIBL,0.9820569098964484,-0.3747629664811975,-1.4599047262818814,1.4417466559474972,-0.2522708679161414,-0.0362443906814683,0.0210420056080165,0.4803576556739287,-0.4093335848860847,0.5,5,associative / learning,associative / learning,associative interneuron,interneurons
C. elegans,AIBR,0.8827592495661705,-0.4564328155579609,-1.342647067397087,0.9975964315583956,-0.1836121357217245,-0.018654001099111,0.0187936784794491,0.4907818875041301,-0.7919477653040387,0.0,5,associative / learning,associative / learning,associative interneuron,interneurons
C. elegans,AIML,0.9681821108084344,-1.505868031541553,0.1390251511711777,-0.1397088147829918,0.819937782427495,0.003309356207847,0.0051363806056891,0.4884764542936288,1.0498221244986776,0.7222222222222222,5,associative / learning,associative / learning,associative interneuron,interneurons
C. elegans,AIMR,0.7860068505129321,-0.7064674115554626,0.0585674559894783,0.2202357396586161,0.6882119534214624,0.006319478465967,0.0144970585762402,0.565523928277917,1.3564413979702097,0.8181818181818182,5,associative / learning,associative / learning,associative interneuron,interneurons
C. elegans,AINL,0.364216525156013,-0.6589906732249817,0.8319645191688704,-0.4635351903899516,-0.0470183767467158,-0.0027406274381846,0.0163902618178463,0.4471630420855222,1.6739764335716716,0.5714285714285714,5,associative / learning,associative / learning,associative interneuron,interneurons
C. elegans,AINR,-0.4216258862265929,-0.4445522043094712,0.499293536069961,-0.6669280178430627,-0.1050630204120062,0.0050045042788847,0.0082381453760399,0.5147724614921984,2.0243817644968085,0.7058823529411765,5,associative / learning,associative / learning,associative interneuron,interneurons
C. elegans,AIYL,-0.7231062055225451,-0.3847643188607111,0.6696625427354942,-0.7700563156186179,1.0148094122713822,0.0387711934053101,0.014331784418101,0.3995716822787896,0.4534743272945249,0.8333333333333334,5,associative / learning,associative / learning,associative interneuron,interneurons
C. elegans,AIYR,-0.1312169578002816,-0.7718486355879797,0.0424250289397256,-0.6071510307366352,-0.1866328583307618,0.0538733599112803,0.0090704486755844,0.4216142261088249,0.4380086558406358,0.7857142857142857,5,associative / learning,associative / learning,associative interneuron,interneurons
C. elegans,AIZL,-0.8887195903046528,0.3246659599590268,0.7344502148481464,-0.3610583444712801,0.0131369852524128,0.0204181099660161,0.0474467650663529,0.403145092335744,0.1375555429242481,0.55,5,associative / learning,associative / learning,associative interneuron,interneurons
C. elegans,AIZR,-1.316377113314144,0.0960115743887343,0.8888211301101686,-0.500715658557288,-0.694485808741311,0.020458202282866,0.0485028683518328,0.3995200126791898,-0.0962768304354198,0.5625,5,associative / learning,associative / learning,associative interneuron,interneurons
C. elegans,ALA,-0.3617826300444622,-0.4090532296357489,1.2081293131907451,0.2118497894725179,-0.05710591639063,-0.0440910493247112,0.0339861142347755,0.5251595457003787,0.6931471805599453,0.4285714285714285,6,state-dependent / modulatory,state-dependent / modulatory,state-modulatory interneuron,state-modulatory
C. elegans,AQR,-0.5066244403314731,-0.5581972137863191,0.0966462451544539,-0.4332392485383755,0.1029824570171755,-0.0209444244297973,0.0392952149138182,0.330075863261283,0.9162907318741552,0.5789473684210527,2,other sensory,other sensory,thermo/gas sensory,sensory neurons
C. elegans,ASEL,0.5999583936775703,-0.5180904408485838,0.4927206992630867,0.1671808327193268,0.4189530060888308,0.0406559890302322,0.0092507197028675,0.3711846860219897,1.2299482907291963,0.7647058823529411,0,olfactory / chemosensory,olfactory / chemosensory,chemosensory,olf./chemo
C. elegans,ASER,0.7767642771058964,-0.2354860781975471,1.463901926799282,-0.1317297493893244,0.1398738334201192,0.0341258340724581,0.0167177457883876,0.3970476139049279,0.3841423386393431,0.7058823529411765,0,olfactory / chemosensory,olfactory / chemosensory,chemosensory,olf./chemo
C. elegans,ASGL,0.879999177469131,-0.402518660251175,-0.2617369140805302,0.3310915101472098,-0.2318511387424855,-0.005239233925971,0.0084972584535816,0.0621280276816608,1.329135947279942,0.75,0,olfactory / chemosensory,olfactory / chemosensory,chemosensory,olf./chemo
C. elegans,ASGR,0.2448407951202664,-0.293484572425871,-0.5765816763306326,-0.0838639500981662,0.0515834948094006,-0.0032007243294031,0.0077206012072321,0.22562269161503,1.203972804325936,0.6,0,olfactory / chemosensory,olfactory / chemosensory,chemosensory,olf./chemo
C. elegans,ASHL,0.6738876331718797,0.3110970173835121,0.9232957410990386,0.3694228454559929,0.8885555916733329,-0.0173948774511532,0.0224048983033459,0.4376725188340011,1.820332841672111,0.75,0,olfactory / chemosensory,olfactory / chemosensory,chemosensory,olf./chemo
C. elegans,ASIL,1.1971120119688037,-0.6522530977963871,1.5971933407842314,1.3934127227055448e-06,0.2664501950299685,0.0315659701679215,0.0068757177773338,0.4106647427926599,0.8938178760220965,0.8823529411764706,0,olfactory / chemosensory,olfactory / chemosensory,chemosensory,olf./chemo
C. elegans,ASIR,0.4849856275222814,-0.7324724324560794,1.188799583291816,-0.3305150498282085,0.438168909980047,0.0078253633617394,0.019999902767536,0.1967643229166666,1.3862943611198906,0.75,0,olfactory / chemosensory,olfactory / chemosensory,chemosensory,olf./chemo
C. elegans,ASKL,0.5883323255348336,-0.0405582235481815,1.7006827256193724,-0.1453260012664819,0.2942794375769891,-0.0047926839170861,0.0005737168630484,0.2275627364270872,-0.0400053346136991,0.6,0,olfactory / chemosensory,olfactory / chemosensory,chemosensory,olf./chemo
C. elegans,ASKR,-0.1070390691932407,-0.3394402378414176,1.1962671623462937,-0.3213907986109077,0.1535581661537108,-0.0025467418219997,0.0013774354586308,0.1938461441825114,0.7295148247308201,0.75,0,olfactory / chemosensory,olfactory / chemosensory,chemosensory,olf./chemo
C. elegans,AUAL,-0.2364454208258091,-0.7280754674897846,-0.3911956095432944,-0.537250531672984,0.2295686119986413,-0.0233954949985874,0.017243294126609,0.2726225337780541,0.5679840376059393,0.6666666666666666,5,associative / learning,associative / learning,associative interneuron,interneurons
C. elegans,AUAR,-0.1618779789119584,-0.6984340366500934,-0.4978240832981086,0.4424584765894702,-0.1869439769096969,0.0397360446297983,0.0408527209317716,0.2167766360194699,0.4432054360910114,0.8,5,associative / learning,associative / learning,associative interneuron,interneurons
C. elegans,AVAL,0.9541331639757188,-1.0577515080913111,-1.3897406180383018,0.023278323915903,-0.2642536459629574,-0.0295817709980234,0.086423045263819,0.3749229961531944,-0.9065051814514368,0.0,3,sensorimotor output,sensorimotor output,locomotor command interneuron,motor / command
C. elegans,AVAR,0.680299247823455,-1.058271284985749,-1.3727743576573137,-0.0545976675214359,-0.2183220002080393,-0.0148945580873344,0.0847952555575249,0.3763742404559555,-0.8751742299154585,0.0,3,sensorimotor output,sensorimotor output,locomotor command interneuron,motor / command
C. elegans,AVBL,0.9244595349435024,-0.0656278450462523,-0.6814856633326419,1.6017573618646446,-0.0936744643796898,-0.1313519933416719,0.0403147503096905,0.2947976277139517,-1.6671170240207784,0.0,3,sensorimotor output,sensorimotor output,locomotor command interneuron,motor / command
C. elegans,AVBR,0.1153840283642345,-0.852651431839577,-0.6925924168404154,-0.1267869095426117,-0.3875421966612523,-0.1595382746962184,0.0233360646545585,0.3390416079285745,-1.774059892128654,0.0,3,sensorimotor output,sensorimotor output,locomotor command interneuron,motor / command
C. elegans,AVDL,-1.1411473796480909,-0.3613369340307018,0.2713603274793815,-0.2781965105920073,-0.6666910126268065,-0.1976308639164232,0.0793065898466523,0.2478297628653375,-0.6218223997380151,0.1666666666666666,3,sensorimotor output,sensorimotor output,locomotor command interneuron,motor / command
C. elegans,AVDR,-1.3809838429296766,-0.5815045202331895,0.1597309938906917,-0.3943269917699638,-0.7897359033844,-0.2185806460870022,0.0660833213264959,0.2689782065733802,-0.3879974150677734,0.2857142857142857,3,sensorimotor output,sensorimotor output,locomotor command interneuron,motor / command
C. elegans,AVEL,0.6137646863542995,-0.6807863352407204,-1.682380187332189,0.5690981606822318,-0.2083350907944174,-0.0709595308692543,0.0383452695813948,0.4592745296765282,-0.9393560048051512,0.0,3,sensorimotor output,sensorimotor output,locomotor command interneuron,motor / command
C. elegans,AVER,0.6500604998307045,-0.9997458522336068,-1.5589994612432625,-0.0239385868524218,-0.1402566211819325,-0.1345850558722683,0.0269708710480729,0.4598192064406438,-0.7925196543731491,0.28,3,sensorimotor output,sensorimotor output,locomotor command interneuron,motor / command
C. elegans,AVHL,-1.539286605141349,-0.3431220801722641,0.5333465312090074,-0.0517953098701005,-0.032822104209333,-0.0037987991755094,0.0136927022851149,0.3631997106388109,0.2336148511815051,0.5652173913043478,4,integrative relay,integrative relay,interneuron / integrative,interneurons
C. elegans,AVJL,-1.0180439962076575,-0.2467661733730889,0.2291898468137942,-0.5293537245202772,0.1977996850480728,-0.0429685802419464,0.0227191287952742,0.2941566448083891,-1.0379876668516748,0.0,4,integrative relay,integrative relay,interneuron / integrative,interneurons
C. elegans,AVJR,-1.250302221827035,0.0190005757630466,0.5551065536079356,-0.1993039978935305,-0.8065040342734919,-0.069185953467657,0.0337457433925746,0.239504463800185,-0.3513978868378886,0.4,4,integrative relay,integrative relay,interneuron / integrative,interneurons
C. elegans,AVKL,0.7325166341555567,-1.2345667629408483,0.7069632184108839,-0.6622073857016985,-0.2975895221253454,0.0133027442023605,0.0023213032229562,0.4062744801512287,-0.7205461547480597,0.6,4,integrative relay,integrative relay,interneuron / integrative,interneurons
C. elegans,AVKR,0.1289578386435944,-1.3090211686767117,0.5777294006618098,-0.2892964711175182,0.4135859260828563,-0.0135462210341531,0.0070625858229213,0.370024052329843,-0.7062192621272981,0.0,4,integrative relay,integrative relay,interneuron / integrative,interneurons
C. elegans,AVL,-0.1539672773458583,-0.8685571452574423,0.2611303397803158,-0.2792900857220637,-0.0284008732754542,-0.0069589402806569,0.0202975222955369,0.4892679477790965,-0.1541506798272583,0.0,4,integrative relay,integrative relay,interneuron / integrative,interneurons
C. elegans,AWAL,0.577224714145049,-0.6439779148503378,0.2008519534919967,-0.3689596329737668,0.201596098502643,0.0234944405480528,0.06721188019773,0.1805368927110395,1.0628942060660305,0.875,0,olfactory / chemosensory,olfactory / chemosensory,chemosensory,olf./chemo
C. elegans,AWAR,-0.4659730577520273,-0.6023137487513459,0.5305123295912358,-0.4026528102318711,0.2083121320729949,0.0178208159686248,0.010277817085978,0.411385050847887,1.452252328911688,0.7692307692307693,0,olfactory / chemosensory,olfactory / chemosensory,chemosensory,olf./chemo
C. elegans,AWBL,0.2060838325176514,-0.0970805494221019,0.4849779925798668,-0.1444180463333277,0.5715693105134416,0.0439161015987454,0.0144368852043384,0.2960149572649572,0.9501922835498364,0.625,0,olfactory / chemosensory,olfactory / chemosensory,chemosensory,olf./chemo
C. elegans,AWBR,-0.6363961913476046,0.1347073234239444,0.824913654416557,-0.1243646032434238,0.1735990757885495,0.0412973584883009,0.0262123003665272,0.3115502037054492,0.7178397931503168,0.9333333333333332,0,olfactory / chemosensory,olfactory / chemosensory,chemosensory,olf./chemo
C. elegans,AWCL,0.3832651283528502,-0.0368229523874476,0.6876512903565858,-0.1418960017650895,0.4279441383280103,0.0358871084858854,0.014307224674721,0.3206295091278699,0.1590646946296872,0.5714285714285714,0,olfactory / chemosensory,olfactory / chemosensory,chemosensory,olf./chemo
C. elegans,AWCR,-0.358798074346615,-0.3353024425423923,0.4590733814301125,-0.1767815242208828,0.4455443185579406,0.0309666411000357,0.0160595269847305,0.4016662639712923,0.5753641449035618,0.7647058823529411,0,olfactory / chemosensory,olfactory / chemosensory,chemosensory,olf./chemo
C. elegans,BAGL,1.4517242918919655,0.0985685780897919,-0.6664114420577424,1.3293630009149144,-0.2200654543681742,0.0300907143407224,0.0161606786518617,0.2745214862075436,0.758529939822797,0.5789473684210527,2,other sensory,other sensory,thermo/gas sensory,sensory neurons
C. elegans,CEPDL,-0.5275338256369175,0.4576363909757719,-0.0264345708169923,-0.5234602574775682,-0.2642411779466063,0.0018778648141152,0.0311642340545337,0.5219449779456764,1.4328143767547836,0.6538461538461539,2,other sensory,other sensory,mechanosensory / other sensory,sensory neurons
C. elegans,CEPDR,-1.0329413187362904,-0.1834858555720446,-0.0097271859197868,-0.3163056572459141,0.2491747878467987,0.0292962675616043,0.0358032711083191,0.4627199006949319,1.8899514954072687,0.5714285714285714,2,other sensory,other sensory,mechanosensory / other sensory,sensory neurons
C. elegans,CEPVL,-0.628128208327382,0.599295338927981,-0.4699080302342536,-0.1676048970908758,0.1023082229524177,0.008011582336464,0.040540942258045,0.3108368991671182,1.127811443360372,0.5714285714285714,2,other sensory,other sensory,mechanosensory / other sensory,sensory neurons
C. elegans,CEPVR,-0.5960980289885239,0.3688116747578833,0.1443595993448608,-0.2156082518824462,-0.1245198220065066,0.0209005380391964,0.0403269229414609,0.4548282521767759,0.7013104911991062,0.6190476190476191,2,other sensory,other sensory,mechanosensory / other sensory,sensory neurons
C. elegans,FLPL,-0.8676020066572243,0.1382852747439371,0.6936493459073346,-0.1672576331473153,-0.4090390455859898,-0.1149491501054033,0.080275585349633,0.1677120656435911,2.2308411881352046,0.5,2,other sensory,other sensory,mechanosensory / other sensory,sensory neurons
C. elegans,FLPR,-1.3991211090469498,-0.1591616473617133,0.7358401758548199,-0.2079571950698238,-0.3185760681398512,-0.0595770609716446,0.0560912591379397,0.2001232642756367,2.6567569067146595,0.5294117647058824,2,other sensory,other sensory,mechanosensory / other sensory,sensory neurons
C. elegans,IL1DL,-0.2897206377630093,0.7632964272808476,-0.3423299681349454,-0.0476539143863037,-0.2466292375945761,-0.0470399069015458,0.0336350446821504,0.4077692557422286,-0.5465437063680699,0.0,2,other sensory,other sensory,mechanosensory / other sensory,sensory neurons
C. elegans,IL1DR,0.3375285923488725,0.8802678325309023,-0.4589107407115689,-0.0650553805023231,0.14904015351577,-0.0867933481889604,0.002643577751553,0.496813322368421,0.394993808240869,0.5555555555555556,2,other sensory,other sensory,mechanosensory / other sensory,sensory neurons
C. elegans,IL1L,0.3664814278559613,1.142381404417109,-0.2236623483221606,-0.4102881362463168,-0.0934248572143096,-0.1317128809018447,-0.0039304772272032,0.4727970679012345,0.8174448972375224,0.5,2,other sensory,other sensory,mechanosensory / other sensory,sensory neurons
C. elegans,IL1R,0.9055717120515602,0.3130009440896273,-0.8533743167112325,0.6068082105246047,-0.1334212892116199,-0.1190846052040121,-0.0438247959518256,0.3314422053193013,0.7731898882334817,0.25,2,other sensory,other sensory,mechanosensory / other sensory,sensory neurons
C. elegans,IL1VL,-0.0328099686223652,0.5357058192127078,0.4271002403077341,-0.0537994039724457,-0.2825203824229936,-0.1106772305974841,0.0182299836093793,0.2959274074471797,0.1017826943099423,0.4444444444444444,2,other sensory,other sensory,mechanosensory / other sensory,sensory neurons
C. elegans,IL1VR,0.97918895787414,0.3614779384750793,-0.3292390205210991,0.3677860541978319,-0.0599437601367438,-0.115110472722582,0.0178492388328706,0.3972229377406172,0.1978257433299198,0.625,2,other sensory,other sensory,mechanosensory / other sensory,sensory neurons
C. elegans,IL2DL,-1.0430143798119822,-0.2641170217931796,1.2194933257406817,-0.2221483832240097,-0.5712793281285181,-0.0110232982195794,0.0088692614077106,0.319031330557208,3.355735007585398,0.2307692307692307,2,other sensory,other sensory,mechanosensory / other sensory,sensory neurons
C. elegans,IL2DR,-0.7607315312840984,-0.3987117614640131,1.2195192438472982,-0.2506449278963979,0.1981831149697668,-0.000330936826991,0.0282467465529814,0.3780383613140245,2.0455399900041544,0.4166666666666667,2,other sensory,other sensory,mechanosensory / other sensory,sensory neurons
C. elegans,IL2L,-0.5413112599527531,0.0319483694565215,0.521285163455919,-0.0519952855497733,0.2584196501561636,0.0214399059599486,0.0207946452853961,0.4087534626038781,1.9095425048844383,0.6153846153846154,2,other sensory,other sensory,mechanosensory / other sensory,sensory neurons
C. elegans,IL2R,0.0582789090686981,-0.2003930804868129,0.377270928152838,0.3266077732848199,0.2510140578601518,0.0348992853034019,0.0434480259894494,0.4042315455594002,1.992430164690206,0.6666666666666666,2,other sensory,other sensory,mechanosensory / other sensory,sensory neurons
C. elegans,IL2VL,-1.204093230845751,-0.0206014527146196,0.9915123080559116,-0.2543062968388231,-0.6715415650519541,0.0085666374188124,0.0879947238929901,0.2679792014600299,3.0349529867072724,0.6666666666666666,2,other sensory,other sensory,mechanosensory / other sensory,sensory neurons
C. elegans,IL2VR,-0.6781661036004579,-0.2660905030024747,1.0389065368547723,-0.4330578645958198,-0.1755033739079866,0.0041169460878454,0.0259245979936007,0.2110145552044431,2.3092296357127142,0.5714285714285714,2,other sensory,other sensory,mechanosensory / other sensory,sensory neurons
C. elegans,OLLL,0.606781154693357,1.5048215061347388,-0.6700856975062432,-0.1285480283490352,-0.1302216278606139,-0.0479790230159389,0.0389772717467841,0.3420431302239842,1.4744016286301571,0.4285714285714285,2,other sensory,other sensory,mechanosensory / other sensory,sensory neurons
C. elegans,OLLR,0.4687836997370606,1.65761470114874,-0.585916147975814,0.4533935019539206,-0.1414947653965428,-0.0655555465092243,0.0191452047984926,0.4398517435566541,0.8945169323245945,0.4285714285714285,2,other sensory,other sensory,mechanosensory / other sensory,sensory neurons
C. elegans,OLQDL,1.045968953881444,1.309108913272731,-0.511329591479642,0.6112659414104895,-0.1720660130249535,-0.0326671478443268,0.0288424075297569,0.5248762226784205,-0.4542552722775964,0.5,2,other sensory,other sensory,mechanosensory / other sensory,sensory neurons
C. elegans,OLQDR,0.2279380724054969,1.3268014963819696,-0.1666160400501981,-0.2139089126990023,0.1635668994547793,-0.0663809698349078,0.0168308790072615,0.4286439550435909,-0.5447271754416722,0.5,2,other sensory,other sensory,mechanosensory / other sensory,sensory neurons
C. elegans,OLQVL,1.1540407671462405,1.3228807285101376,-0.3388963148180512,0.2457113481509564,-0.0425434946521571,-0.0640467284785841,0.0290035707616337,0.4910206881106351,-0.7835312420282143,0.4285714285714285,2,other sensory,other sensory,mechanosensory / other sensory,sensory neurons
C. elegans,OLQVR,0.3997094468964087,1.169836548472417,-0.280919419485687,0.1447338146185192,-0.2504332222364676,0.0031116311161349,0.0084779199831973,0.400503363506727,0.2341933875007947,0.5555555555555556,2,other sensory,other sensory,mechanosensory / other sensory,sensory neurons
C. elegans,RIAL,-0.1331966993083439,0.2821615524219915,0.540596609072745,-0.2030244825058604,0.2416238618702878,-0.1068063283929411,0.0354208623053253,0.4201204210446024,-0.0813846037821148,0.3703703703703703,5,associative / learning,associative / learning,associative interneuron,interneurons
C. elegans,RIAR,-0.8979664995613836,-0.2042021415363777,0.6938821199794281,-0.3069245662873844,0.0146764237298133,-0.1128020250203805,0.0216750078415792,0.4450689391668671,0.0597879183789734,0.32,5,associative / learning,associative / learning,associative interneuron,interneurons
C. elegans,RIBL,1.0583050683591275,-0.5215289588180163,-1.5475996490657922,3.2744167504232458,-0.2280495002685401,-0.0017944493823752,0.0543817177280561,0.4358090848488012,-0.9702311220199028,0.0,5,associative / learning,associative / learning,associative interneuron,interneurons
C. elegans,RIBR,1.0345687486246304,-0.8557706601690084,-1.344162851070242,2.741313327266395,-0.1231311580520326,-0.0082841723681434,0.0584895164387816,0.3769807638799111,-1.297815632436311,0.0,5,associative / learning,associative / learning,associative interneuron,interneurons
C. elegans,RICL,-0.580726360167759,-1.0222955636155842,0.1602280194829735,-0.6965000901242635,0.1153861483098488,-0.1487716846368256,0.0147470578981035,0.4306980168526355,0.0652405218684009,0.45,6,state-dependent / modulatory,state-dependent / modulatory,state-modulatory interneuron,state-modulatory
C. elegans,RICR,-0.9065410867481412,-0.6853163565381463,0.5306569612933691,-0.5169490997300102,-0.3264879453077185,-0.125830984124138,0.0181399683287866,0.4578635417006111,-0.0582689081239757,0.4090909090909091,6,state-dependent / modulatory,state-dependent / modulatory,state-modulatory interneuron,state-modulatory
C. elegans,RID,1.2079587676968455,-0.6440325876870145,-0.99022915284638,1.031601985030332,-0.1863609011895195,0.0108227569268958,-0.0239406992120578,0.5330485344725288,-1.1921383466789333,0.0,4,integrative relay,integrative relay,interneuron / integrative,interneurons
C. elegans,RIH,0.4553865140885128,0.2470007453712704,0.0763291155660195,-0.3245226734687025,0.2756416135607064,0.0518737270452255,0.0104559454494932,0.5957600475624257,0.8777184570879153,0.7931034482758621,4,integrative relay,integrative relay,interneuron / integrative,interneurons
C. elegans,RIML,1.035451381066493,-1.1602646570799493,-1.3132276566794605,-0.5726283378014833,-0.3819478795617144,-0.0410927478715281,0.0277581148191426,0.3285938203888945,-0.1727521057778039,0.375,6,state-dependent / modulatory,state-dependent / modulatory,state-modulatory interneuron,state-modulatory
C. elegans,RIMR,0.9817674602349216,-1.3178343733161757,-1.277154914889045,0.2534022530301826,-0.3152236996099029,-0.043059513472717,0.0455336622273041,0.3778852103804485,-0.4845083154486173,0.0,6,state-dependent / modulatory,state-dependent / modulatory,state-modulatory interneuron,state-modulatory
C. elegans,RIR,0.4501143383908784,-0.4133623066227784,0.5532807774816366,-0.5821799983110687,0.4530658263679225,0.0444727599698452,0.0268520614976934,0.4274124142846671,0.3817110221000572,0.8461538461538461,4,integrative relay,integrative relay,interneuron / integrative,interneurons
C. elegans,RIS,0.9586480487944484,0.6190337477532756,-0.0931597218919479,0.5314600098273278,0.5059346444878415,-0.0219287788226396,-0.0137384618947002,0.4406477811510279,1.5664205273504097,0.4,6,state-dependent / modulatory,state-dependent / modulatory,state-modulatory interneuron,state-modulatory
C. elegans,RIVL,0.99887880595307,0.6595184107290701,0.1221082447542772,0.1608156354409753,0.2457401741860699,-0.01428840361736,0.0324876634470004,0.1368065837556789,0.0454623740767574,0.0,3,sensorimotor output,sensorimotor output,head motor / premotor,motor / command
C. elegans,RIVR,0.8779121806194595,0.6655469013907368,0.2318854280206808,0.0691678434885559,-0.0199555288344229,0.0019053193605542,0.0898898680120462,0.1900786913704253,0.3867729750960119,0.0,3,sensorimotor output,sensorimotor output,head motor / premotor,motor / command
C. elegans,RMDDL,-0.4259734633450009,-0.3250884868645826,-0.2940169619324344,-0.2806893899268851,-0.011823974020582,-0.0754488343026982,0.0582212357254225,0.3166163176557123,-1.9989026791958235,0.0,3,sensorimotor output,sensorimotor output,head motor / premotor,motor / command
C. elegans,RMDDR,-0.8006551887531449,-0.2833116114827634,0.2447890782102875,-0.418523782274835,0.1388757923056228,-0.1916640041512533,0.0618211414162167,0.2165272517464771,-2.239336062686346,0.0,3,sensorimotor output,sensorimotor output,head motor / premotor,motor / command
C. elegans,RMDL,0.9874034751941082,0.8855331846875518,-0.2508496921628675,0.4754046072374341,0.1308620531245428,0.059394912417754,0.0471625234151796,0.3100312388510368,-0.6341488397979895,0.0,3,sensorimotor output,sensorimotor output,head motor / premotor,motor / command
C. elegans,RMDR,-0.1332431479505051,0.2980752276824749,-0.2082605686799274,-0.28550644715545,0.1932457212897936,0.0535552292500498,0.0671156029426061,0.3189549395574071,-1.0266387890430204,0.0,3,sensorimotor output,sensorimotor output,head motor / premotor,motor / command
C. elegans,RMDVL,-0.2463479700141454,0.0935598343952173,-0.1080953768077949,0.1169306908793963,-0.0747819077526251,-0.1382482450584931,0.0752928416535763,0.3450067584209044,-1.5500836697849176,0.0,3,sensorimotor output,sensorimotor output,head motor / premotor,motor / command
C. elegans,RMDVR,-0.7670583706691313,0.1341848085249258,0.2773348549927065,-0.2224651308388231,0.550617673967191,-0.1408615511985975,0.0708327969591204,0.3246346119509186,-1.4240346891027378,0.0,3,sensorimotor output,sensorimotor output,head motor / premotor,motor / command
C. elegans,RMED,0.3714234804910817,0.3737084421110566,-0.6177560374109412,-0.6785169637075152,0.097709604841688,-0.1161553818148787,-0.0362869662245754,0.4534183673469387,-2.2246235515243336,0.0,3,sensorimotor output,sensorimotor output,head motor / premotor,motor / command
C. elegans,RMEL,1.208135070005396,0.0654673714802056,-0.815173567436752,0.5411635219109919,-0.118435883130835,0.0299403921694242,0.0152548246003602,0.441504385312918,-2.512305623976115,0.0,3,sensorimotor output,sensorimotor output,head motor / premotor,motor / command
C. elegans,RMER,0.8615438524198483,0.2162371135521146,-1.155689138985431,1.233332960967268,-0.306630557449902,0.0352811430380435,0.0176861883629082,0.3342415229030339,-2.3632097148104805,0.0,3,sensorimotor output,sensorimotor output,head motor / premotor,motor / command
C. elegans,RMEV,0.8770372523427571,0.7674447800460324,-0.6370976415793018,0.6187493526056151,-0.0619270268404788,-0.0497425749578728,0.005031462257574,0.4738242407954851,-2.145399509471633,0.0,3,sensorimotor output,sensorimotor output,head motor / premotor,motor / command
C. elegans,RMGL,-1.184630788789381,-0.6077008932256337,1.020797357844083,-0.4445390631910209,0.5383939646302275,-0.064570897442933,0.0069226372171253,0.4805985521401792,0.461345566502621,0.4666666666666667,6,state-dependent / modulatory,state-dependent / modulatory,state-modulatory interneuron,state-modulatory
C. elegans,SAADL,0.4228558155914764,-0.9479740658005468,-0.2374596257026009,0.6213578038514113,0.4785706160446045,-0.1010687288441655,-0.0008080246668527,0.516926347114465,-0.2363887780642304,0.2857142857142857,3,sensorimotor output,sensorimotor output,head motor / premotor,motor / command
C. elegans,SAADR,0.2322001526469293,-0.6256141440743301,0.3697926737804053,-0.3967657821537811,0.4871642957632618,-0.1204589684187786,0.0181883324272895,0.4569661924387638,0.243230309880947,0.4,3,sensorimotor output,sensorimotor output,head motor / premotor,motor / command
C. elegans,SAAVL,0.0230766114130068,-0.5407873685184807,0.2970488436451473,-0.6243855273774274,-0.1549022446132764,-0.1512837405952934,0.0015495056890599,0.4653281804756967,0.8807457944547437,0.25,3,sensorimotor output,sensorimotor output,head motor / premotor,motor / command
C. elegans,SAAVR,-0.0947303247555859,-0.8488371510378795,0.2649441186615183,-0.2320031141456247,-0.1905431367462601,-0.1553687869686358,-0.0550444047887704,0.3556266497146253,0.8846853924588238,0.2857142857142857,3,sensorimotor output,sensorimotor output,head motor / premotor,motor / command
C. elegans,SMBVR,0.720566827203706,-0.480964095465369,-0.2318325545025621,-0.0280914315897513,0.0876888120242255,0.0171129176168821,0.0277254575230129,0.3268780381530752,-0.5212969236332861,0.0,3,sensorimotor output,sensorimotor output,head motor / premotor,motor / command
C. elegans,SMDDL,0.4548987190159245,-0.520839040346125,-0.526715154887189,0.0381536851275416,0.4006612159992047,0.0352876123337124,0.0629079901978605,0.3894483134515569,-0.8338145100499166,0.0,3,sensorimotor output,sensorimotor output,head motor / premotor,motor / command
C. elegans,SMDDR,0.2208586436124091,0.4540655258241586,-0.4870311869473076,-0.2682134754821467,-0.2977203688872631,0.0087023418880462,0.0624276012326744,0.4206810395498433,-1.1997974329154553,0.0,3,sensorimotor output,sensorimotor output,head motor / premotor,motor / command
C. elegans,SMDVL,1.1515477577291289,0.4559076296597836,-0.5433162988750084,1.19026475988859,0.0855972764224506,0.0353375882419749,0.0865327352777593,0.4092896338557481,-0.0359320092260633,0.0,3,sensorimotor output,sensorimotor output,head motor / premotor,motor / command
C. elegans,SMDVR,0.4971143493714456,0.0591979456405028,0.0958033352295101,0.225981210243427,0.3551907022721045,0.0272627736396793,0.0623310882135218,0.4294394768133175,-0.1987345864352847,0.0,3,sensorimotor output,sensorimotor output,head motor / premotor,motor / command
C. elegans,URADL,-1.7373366046987515,-0.0301314848490947,0.8443340942486321,-0.6253054244490925,0.7613634381938461,-0.006445655224464,0.008569245915579,0.1052260952668376,-0.1643030512912763,0.0,3,sensorimotor output,sensorimotor output,head motor / premotor,motor / command
C. elegans,URADR,-1.6302583024171546,-0.1216645429157455,1.2969315864834443,-0.0549249132936479,-0.4589734398099614,-0.0164230688380995,0.0245333262156602,0.0996444444444444,0.0,0.0,3,sensorimotor output,sensorimotor output,head motor / premotor,motor / command
C. elegans,URAVL,-1.038814546608589,-0.5958984517947064,0.738506854856855,-0.3536720152933084,0.335205808129258,-0.0316193482880172,-0.0198106262262553,0.3676983310470965,0.5340824859302579,0.4166666666666667,3,sensorimotor output,sensorimotor output,head motor / premotor,motor / command
C. elegans,URAVR,-0.976791306592615,-0.7415949321296799,1.4611258695451457,-0.6063299102413139,1.4473652790233416,-0.0013509457379679,0.0179200981281793,0.3436472084557694,0.4289956055183586,0.5384615384615384,3,sensorimotor output,sensorimotor output,head motor / premotor,motor / command
C. elegans,URBL,-0.4708821787532142,0.6680420054433431,-0.1616949286864054,-0.3509258073890821,-0.2472782282282849,0.0151356690304579,0.0224793630567143,0.4615051903114187,1.3256697393034558,0.5882352941176471,4,integrative relay,integrative relay,interneuron / integrative,interneurons
C. elegans,URBR,-0.4622202745889068,0.1650740187100424,0.0488808997570914,-0.3368023003911525,-0.0089409304758876,0.0219748405314457,0.0282070519255408,0.4083706942616221,0.6390799592896695,0.0,4,integrative relay,integrative relay,interneuron / integrative,interneurons
C. elegans,URXL,-0.0909094352724155,0.0347595126881832,-0.945578657526678,0.5338155153379271,0.0058772447915438,0.0381057915407909,0.0200050339790527,0.421987918367347,0.2371297932889497,0.782608695652174,2,other sensory,other sensory,thermo/gas sensory,sensory neurons
C. elegans,URXR,-0.6359483473090639,-0.182403293752298,-0.2489937708681412,0.0104433721919455,0.0912335668735033,0.0304554844923096,0.0238950085354862,0.4099608935115988,0.5520685823000399,0.6153846153846154,2,other sensory,other sensory,thermo/gas sensory,sensory neurons
C. elegans,URYDL,0.0421846537445722,0.0742500319968193,-0.421461685951213,-0.0778993555234801,0.2286604542866223,-0.1082198964317172,0.0173016284798848,0.4225650867402339,1.0541605260972755,0.3636363636363636,2,other sensory,other sensory,mechanosensory / other sensory,sensory neurons
C. elegans,URYDR,-0.2078325105817385,1.10580372924572,0.0562074121863166,-0.042636648980828,-0.039713539156961,-0.0869393635161708,0.0284466316757938,0.5109393195012282,1.840549633397487,0.4285714285714285,2,other sensory,other sensory,mechanosensory / other sensory,sensory neurons
C. elegans,URYVL,0.3352270176992441,0.0061249137831991,-0.8090521680405129,-0.5867913336960952,-0.0058817706658885,-0.050768606334913,0.0151823209815332,0.3645391330038312,2.1365999555197845,0.5909090909090909,2,other sensory,other sensory,mechanosensory / other sensory,sensory neurons
C. elegans,URYVR,-0.3294070467994306,0.0351418773605478,-0.0064841586152484,-0.439033648293219,0.1763404476760711,-0.0965866123587528,0.0231846249185374,0.3099703980873698,1.8899514954072687,0.3125,2,other sensory,other sensory,mechanosensory / other sensory,sensory neurons
Drosophila,AL_R,1.101799983131912,0.6524900749192728,-0.9791295721958332,0.5797275109009007,-0.3183683793881232,0.0561545807743888,0.1873230453747798,0.3539310216217944,0.942654171698268,0.3711851594333449,0,olfactory / chemosensory,olfactory / chemosensory,olfactory system,olfactory neuropil
Drosophila,AME_L,-1.4109663844433546,-1.5388945295188932,1.6208583922589674,-0.0397133158573596,1.0646141934433455,0.0009690628463992,-0.0382219113075164,0.1346819197896122,-0.7256292855814004,0.1224451876625789,1,visual / optic,visual / optic,visual / optic,optic neuropil
Drosophila,ATL_L,-0.519659204549771,-0.534516405894771,0.3200832825298122,-0.2733218448606699,0.2263061707200396,-0.0252259685261034,-0.0016520549505539,0.3500566893424038,-0.4284893371053548,0.1764035918957859,4,integrative relay,integrative relay,lateral/inferior protocerebrum,protocerebrum
Drosophila,AVLP_L,1.6328346151869817,0.2905075904079016,-0.4646533906905917,0.3317792006544209,-0.4556167764285316,-0.0056654989765472,0.0074025770754116,0.4619114472657809,-0.9574654046017432,0.3473514066846243,4,integrative relay,integrative relay,visual-association protocerebrum,protocerebrum
Drosophila,AVLP_R,1.072540610741776,0.0687976049303839,-0.2147836350412668,0.004159117349011,-0.2292929859307987,-0.0051064366906135,0.0045977105237307,0.4687638123558457,-0.8040388641656668,0.3487519979741278,4,integrative relay,integrative relay,visual-association protocerebrum,protocerebrum
Drosophila,CRE_L,0.3426909346216281,0.6994282388678797,-1.142905585288427,-0.691559114364249,-0.0974110778245264,-0.0049864930875445,0.0044296497939522,0.6798796339364515,-0.2499975964008988,0.2945235122547201,4,integrative relay,integrative relay,lateral/inferior protocerebrum,protocerebrum
Drosophila,CRE_R,0.4577458268980124,0.7577204218349758,-1.0229794113885031,-0.8437620101097989,-0.1125460873560447,-0.0242509560105475,0.0078540617629382,0.6880708011823461,-0.1475011659076173,0.2327141542897895,4,integrative relay,integrative relay,lateral/inferior protocerebrum,protocerebrum
Drosophila,EPA_L,-1.074794799671396,-0.6412792572027193,0.6144364258082898,-0.3124092969239042,0.3154918546161608,0.0446293887503689,-0.1424074460071397,0.0,0.6677190033906197,0.1099173553719008,4,integrative relay,integrative relay,lateral/inferior protocerebrum,protocerebrum
Drosophila,IB_L,-0.4219520522595418,0.2993958636080322,0.0192550565885071,0.0065844302791013,0.049592688091681,0.028330329238535,-0.0112393599724275,0.6332533087103724,-0.4207842534305047,0.1509279369332476,4,integrative relay,integrative relay,lateral/inferior protocerebrum,protocerebrum
Drosophila,IB_R,-0.2840659556148842,0.3330060007082405,0.1647024068784611,-0.081956024341202,-0.0170587488234167,0.0179025717583879,0.0050167115837163,0.7451676798032922,-0.4550297502883675,0.1994586858602876,4,integrative relay,integrative relay,lateral/inferior protocerebrum,protocerebrum
Drosophila,ICL_L,-0.1041283831034324,0.5953267583877345,-0.3661776222434336,-0.1915494009526599,-0.0445180700056524,0.0042850023490588,-0.0121913594953167,0.6097806223515823,-0.6267717884052632,0.2761837283357335,4,integrative relay,integrative relay,lateral/inferior protocerebrum,protocerebrum
Drosophila,ICL_R,-0.1088552069202965,0.6783361579749723,-0.3652208102377914,-0.3778580513032573,0.0749313721307582,0.0022242635918467,-0.0086050511719919,0.6107673882222713,-0.7938958604702551,0.2650779642408256,4,integrative relay,integrative relay,lateral/inferior protocerebrum,protocerebrum
Drosophila,LAL_L,0.4396997499677837,0.978350540010649,-0.6667077480314775,0.0980135055798757,-0.226530898988775,0.0158525861949458,0.0086456898469944,0.512502300539257,-0.0812935021817268,0.420132672835049,3,sensorimotor output,sensorimotor output,premotor / descending interface,premotor interface
Drosophila,LAL_R,0.4937769585849373,0.9874930957423318,-0.5832986820271789,0.1993584377499336,-0.3096483549687145,-0.009054463137215,0.0088199377500919,0.4809981122500806,-0.0874163681621682,0.4092528730598157,3,sensorimotor output,sensorimotor output,premotor / descending interface,premotor interface
Drosophila,LH_L,0.4949474512208566,0.3322948287576177,-0.4139265629141889,-0.3214747643477784,-0.1288268642277906,0.0073878421151655,0.0056421025584574,0.4319583341899644,0.1697042064397107,0.1937890192518078,0,olfactory / chemosensory,olfactory / chemosensory,olfactory system,olfactory neuropil
Drosophila,LH_R,0.4310021709390036,-0.1804497675008425,0.0579142930810058,-0.540003615107674,-0.0733906155432213,-0.0006085538974333,-0.0015620659733197,0.4362525278078802,0.4521889501029338,0.2139114372327897,0,olfactory / chemosensory,olfactory / chemosensory,olfactory system,olfactory neuropil
Drosophila,LO_R,-0.8641622978631396,-1.605854958533527,1.4798171484857876,-0.0721479997783866,0.8974207883743813,0.0041107082158664,0.0038012121671988,0.5729150161006623,-0.2235359787234082,0.414743417216865,1,visual / optic,visual / optic,visual / optic,optic neuropil
Drosophila,MB_L,0.8450483728176931,1.2951800471754982,-1.3739505503122484,1.8491695280101617,-0.4967367608432327,-0.0569564167101986,0.0720069799873095,0.5360304662100134,0.1604609447818444,0.3863794711483893,5,associative / learning,associative / learning,mushroom body,mushroom body
Drosophila,MB_R,1.2804103580774668,1.0918925824522308,-1.33507169189508,1.685950403375582,-0.2426394495459584,-0.1252192110285077,0.0910220732211369,0.6690961905940654,0.2967367759402225,0.1938807620106232,5,associative / learning,associative / learning,mushroom body,mushroom body
Drosophila,ME_L,-1.3709621098174984,-1.678825399224009,1.7140250360039886,-0.2287734079663094,0.8211860276473902,-0.0075254645606196,-0.0847664824764092,0.699855754045594,1.2959829059602028,0.2850896602549164,1,visual / optic,visual / optic,visual / optic,optic neuropil
Drosophila,ME_R,-0.7648873512860052,-1.4114313870504875,1.3194612248799131,-0.3460615246924839,-0.2878382242980065,-0.0003966732874369,-0.005914078063496,0.7066598264728003,0.9373619920999618,0.3364828566672179,1,visual / optic,visual / optic,visual / optic,optic neuropil
Drosophila,PLP_L,0.3684434293372752,0.8191728047090207,-0.5615787450908492,0.5667451011858544,-0.2195503148218848,-0.0039640878380056,-0.0169436020564553,0.614643522557888,-0.1261519291271758,0.3495930834277095,4,integrative relay,integrative relay,visual-association protocerebrum,protocerebrum
Drosophila,PLP_R,0.2849500985973232,0.5285909944926259,-0.3214594519311159,-0.0428701114356739,0.0849208666734363,-0.0210679244802576,-0.0077008022147407,0.6707137994634418,-0.260895861122119,0.3819252443430352,4,integrative relay,integrative relay,visual-association protocerebrum,protocerebrum
Drosophila,PVLP_L,0.2930105331063098,0.5697311186671901,-0.3037444064918707,-0.0112127247154702,-0.1003409605804141,0.0093178293041694,-0.040215805784619,0.616346227653427,-0.4537985828842031,0.4690685616850422,4,integrative relay,integrative relay,visual-association protocerebrum,protocerebrum
Drosophila,PVLP_R,0.1177895177903817,0.4865566200780858,-0.1650534226784979,0.0699321109422291,-0.2348775471157663,0.0094069448566929,-0.0195708393470987,0.5693315887799352,-0.443064624230007,0.5387473556838729,4,integrative relay,integrative relay,visual-association protocerebrum,protocerebrum
Drosophila,SIP_L,0.150938837554705,0.2308576423277401,-0.3412616723824904,-0.5433069708885297,-0.1128809140072707,0.010544627094206,0.0108933200094632,0.685881533133319,-0.05049679231685,0.2246803542622009,4,integrative relay,integrative relay,superior protocerebrum,protocerebrum
Drosophila,SIP_R,0.3441416109096894,0.5086695320597057,-0.6695813169357729,-0.3513623332392205,-0.3488715672260166,-0.0268607093638766,0.0146383486123922,0.7060751613556515,0.3251339878495997,0.2065837311331543,4,integrative relay,integrative relay,superior protocerebrum,protocerebrum
Drosophila,SLP_R,0.6664468040176648,0.6313431683980313,-0.533079906794747,0.1788489843804341,0.0235635769737104,0.003032188244531,0.0198000811772012,0.5310439716454235,-0.2879574200798989,0.297732579246418,4,integrative relay,integrative relay,superior protocerebrum,protocerebrum
Drosophila,SMP_L,0.4981025441101815,0.991869014011766,-0.8107295377229133,0.6122500865138267,-0.314726396657086,0.0110350037003574,0.0143517291906118,0.5441031191264883,-0.2233168384504957,0.3542849313792078,4,integrative relay,integrative relay,superior protocerebrum,protocerebrum
Drosophila,SMP_R,0.5561460857546392,1.0704002126206429,-0.8879626429852954,0.8685150659695559,-0.4813547523866271,0.0035258651882899,0.0011968900350566,0.5331272562763391,-0.2546318686030869,0.3349505653192761,4,integrative relay,integrative relay,superior protocerebrum,protocerebrum
Drosophila,SPS_L,0.3901537089516166,0.8376384376140423,-0.4284417818015839,0.3918398233584614,-0.1059988992348096,-0.0036950516419438,0.002763559566441,0.553493252753705,-0.3802312760180888,0.434056145794664,3,sensorimotor output,sensorimotor output,premotor / descending interface,premotor interface
Drosophila,SPS_R,0.36874158204957,0.6706172708987681,-0.3020202623330361,0.1750949330748588,-0.0131384522679384,-0.0038048179207285,0.0033001177521604,0.5525320679799299,-0.5613998628214417,0.4217757249101971,3,sensorimotor output,sensorimotor output,premotor / descending interface,premotor interface
Drosophila,VES_L,0.5288246271017737,0.972233990814679,-0.6454399024006771,0.424539969488424,-0.1674905296086346,0.0055564777536826,0.0040039655541395,0.5031407090493887,-0.3450533381467631,0.4007849319879829,3,sensorimotor output,sensorimotor output,premotor / descending interface,premotor interface
Drosophila,VES_R,0.5249681128180895,0.8104662438698801,-0.5961193777328161,0.5120353066851188,-0.1633249470105814,-0.0027180829781906,0.0082556116800339,0.4737140683548883,-0.1630100254701345,0.3767154910227328,3,sensorimotor output,sensorimotor output,premotor / descending interface,premotor interface
Drosophila,WED_R,-0.8475651159819618,-1.1448089595846451,1.0801405570772205,-0.1765841106735634,0.955708252967689,0.0018852715074512,0.0056389201270123,0.5134644864506052,0.5137179705089414,0.3277507255299897,4,integrative relay,integrative relay,visual-association protocerebrum,protocerebrum
Zebrafish,Cb,-0.7744984944292899,-0.3216913377930852,0.830343611352203,0.0315523191400319,-0.1610510520030609,-0.0146911731870507,0.0018912372191444,0.5470736324592994,0.6230282433061092,0.1685690662035038,3,sensorimotor output,sensorimotor output,hindbrain / cerebellar / motor,hindbrain / motor
Zebrafish,Cb,-0.7744984944292899,-0.3216913377930852,0.830343611352203,0.0315523191400319,-0.1610510520030609,-0.0172463688142824,-0.0003457946494874,0.5760486591550458,0.3115870849762359,0.1521815352492761,3,sensorimotor output,sensorimotor output,hindbrain / cerebellar / motor,hindbrain / motor
Zebrafish,Cb,-0.7744984944292899,-0.3216913377930852,0.830343611352203,0.0315523191400319,-0.1610510520030609,-0.0127072102717642,0.0017310928469649,0.5707460977225274,0.4513891584861684,0.1693711355217689,3,sensorimotor output,sensorimotor output,hindbrain / cerebellar / motor,hindbrain / motor
Zebrafish,Cb,-0.7744984944292899,-0.3216913377930852,0.830343611352203,0.0315523191400319,-0.1610510520030609,-0.0133987364924786,0.004744780364368,0.639683075589026,0.4500389395946819,0.1870109163129296,3,sensorimotor output,sensorimotor output,hindbrain / cerebellar / motor,hindbrain / motor
Zebrafish,Cb,-0.7744984944292899,-0.3216913377930852,0.830343611352203,0.0315523191400319,-0.1610510520030609,-0.0166637684342718,0.0006884914570073,0.5931217214894134,0.4709221350992387,0.1643531344937615,3,sensorimotor output,sensorimotor output,hindbrain / cerebellar / motor,hindbrain / motor
Zebrafish,Cb,-0.7744984944292899,-0.3216913377930852,0.830343611352203,0.0315523191400319,-0.1610510520030609,-0.0121444764435234,-0.0024720959674152,0.6054185377805161,0.4432726760907677,0.175688517535681,3,sensorimotor output,sensorimotor output,hindbrain / cerebellar / motor,hindbrain / motor
Zebrafish,Cb,-0.7744984944292899,-0.3216913377930852,0.830343611352203,0.0315523191400319,-0.1610510520030609,-0.0120562955285139,-0.0008794531432777,0.595460972886627,0.3107320844965925,0.1657506682283689,3,sensorimotor output,sensorimotor output,hindbrain / cerebellar / motor,hindbrain / motor
Zebrafish,Hb,0.7924371237195381,-1.7073556462379729,1.8485231130082331,0.0291257222371149,0.6897712985463894,0.0186515271394251,0.0057461675495969,0.6233737387350288,6.966361057582602,0.3798841282673134,6,state-dependent / modulatory,state-dependent / modulatory,habenular / hypothalamic / raphe state system,state system
Zebrafish,Hb,0.7924371237195381,-1.7073556462379729,1.8485231130082331,0.0291257222371149,0.6897712985463894,0.017656068142614,-0.0012642853454947,0.6055363341872726,5.13219718909209,0.3945224949434209,6,state-dependent / modulatory,state-dependent / modulatory,habenular / hypothalamic / raphe state system,state system
Zebrafish,Hb,0.7924371237195381,-1.7073556462379729,1.8485231130082331,0.0291257222371149,0.6897712985463894,0.0153734493759316,-0.0003958577497052,0.5767988437151335,5.997417382011513,0.3668791298754458,6,state-dependent / modulatory,state-dependent / modulatory,habenular / hypothalamic / raphe state system,state system
Zebrafish,Hb,0.7924371237195381,-1.7073556462379729,1.8485231130082331,0.0291257222371149,0.6897712985463894,0.0177224078003818,-0.0021462623049889,0.6923232829659342,5.254713729065905,0.3357130419641302,6,state-dependent / modulatory,state-dependent / modulatory,habenular / hypothalamic / raphe state system,state system
Zebrafish,Hb,0.7924371237195381,-1.7073556462379729,1.8485231130082331,0.0291257222371149,0.6897712985463894,0.0238138945209611,-0.0001451404465394,0.5224302747701259,6.702295355676824,0.4301027244305493,6,state-dependent / modulatory,state-dependent / modulatory,habenular / hypothalamic / raphe state system,state system
Zebrafish,Hb,0.7924371237195381,-1.7073556462379729,1.8485231130082331,0.0291257222371149,0.6897712985463894,0.0131758857481709,-0.0004978782246833,0.5709469636276235,5.622496304144611,0.3444994290064712,6,state-dependent / modulatory,state-dependent / modulatory,habenular / hypothalamic / raphe state system,state system
Zebrafish,MON,-0.9627681697348036,-1.7351753964823595,0.3694731403072712,-0.4251937509146928,-0.7011211389533003,-0.0081498736819999,-0.0037052569870558,0.3816946286328523,1.0058150350700736,0.1641770264443805,3,sensorimotor output,sensorimotor output,hindbrain / cerebellar / motor,hindbrain / motor
Zebrafish,MON,-0.9627681697348036,-1.7351753964823595,0.3694731403072712,-0.4251937509146928,-0.7011211389533003,-0.0122596033579903,-0.0038772067435236,0.3910374011230573,0.9271913263435252,0.1085307121149086,3,sensorimotor output,sensorimotor output,hindbrain / cerebellar / motor,hindbrain / motor
Zebrafish,MON,-0.9627681697348036,-1.7351753964823595,0.3694731403072712,-0.4251937509146928,-0.7011211389533003,-0.009392155495924,0.0001679530621366,0.3797673855045439,0.7532915301205393,0.1487730796419884,3,sensorimotor output,sensorimotor output,hindbrain / cerebellar / motor,hindbrain / motor
Zebrafish,MON,-0.9627681697348036,-1.7351753964823595,0.3694731403072712,-0.4251937509146928,-0.7011211389533003,-0.0108860571231844,0.001810838330195,0.310557363768855,0.8980081831396923,0.1195638568627178,3,sensorimotor output,sensorimotor output,hindbrain / cerebellar / motor,hindbrain / motor
Zebrafish,MON,-0.9627681697348036,-1.7351753964823595,0.3694731403072712,-0.4251937509146928,-0.7011211389533003,-0.0124100185505509,-0.0014117768694663,0.360982071374571,0.9529906662317784,0.1339571480185246,3,sensorimotor output,sensorimotor output,hindbrain / cerebellar / motor,hindbrain / motor
Zebrafish,MON,-0.9627681697348036,-1.7351753964823595,0.3694731403072712,-0.4251937509146928,-0.7011211389533003,-0.0083785025878565,-0.00653636974829,0.2943033827208982,1.02114723528258,0.1382141888392967,3,sensorimotor output,sensorimotor output,hindbrain / cerebellar / motor,hindbrain / motor
Zebrafish,MON,-0.9627681697348036,-1.7351753964823595,0.3694731403072712,-0.4251937509146928,-0.7011211389533003,-0.0111828525728056,-0.0074190639881882,0.3281973342942779,0.7997260091952875,0.1354702608293088,3,sensorimotor output,sensorimotor output,hindbrain / cerebellar / motor,hindbrain / motor
Zebrafish,MOS1,0.5596060464553536,0.6964195772532633,-0.8397669867838887,1.039511699498348,-0.2000453311766014,-0.0128950749172522,0.0060380915834536,0.2839931983397028,-0.3583924096154478,0.2192074096931684,3,sensorimotor output,sensorimotor output,hindbrain / cerebellar / motor,hindbrain / motor
Zebrafish,MOS1,0.5596060464553536,0.6964195772532633,-0.8397669867838887,1.039511699498348,-0.2000453311766014,-0.0106631679650979,0.005260656038404,0.2831350075819316,-0.381481719062348,0.2084325722027246,3,sensorimotor output,sensorimotor output,hindbrain / cerebellar / motor,hindbrain / motor
Zebrafish,MOS1,0.5596060464553536,0.6964195772532633,-0.8397669867838887,1.039511699498348,-0.2000453311766014,-0.0106625481781517,0.0049054784219183,0.2988902576067585,-0.4737625207745025,0.1891702555268446,3,sensorimotor output,sensorimotor output,hindbrain / cerebellar / motor,hindbrain / motor
Zebrafish,MOS1,0.5596060464553536,0.6964195772532633,-0.8397669867838887,1.039511699498348,-0.2000453311766014,-0.0099541257317571,0.0060018396536724,0.2944041356439489,-0.5758721346711801,0.1998847178278811,3,sensorimotor output,sensorimotor output,hindbrain / cerebellar / motor,hindbrain / motor
Zebrafish,MOS1,0.5596060464553536,0.6964195772532633,-0.8397669867838887,1.039511699498348,-0.2000453311766014,-0.0096639890714432,0.0063573198747965,0.2699415974384612,-0.3701345061580254,0.2206601433067107,3,sensorimotor output,sensorimotor output,hindbrain / cerebellar / motor,hindbrain / motor
Zebrafish,MOS1,0.5596060464553536,0.6964195772532633,-0.8397669867838887,1.039511699498348,-0.2000453311766014,-0.0133963982199079,0.0064501621952827,0.2595047157471697,-0.4757234716459431,0.1958531809407418,3,sensorimotor output,sensorimotor output,hindbrain / cerebellar / motor,hindbrain / motor
Zebrafish,MOS2,-0.1291490978314234,0.8021520562842867,-1.5271413266456229,0.6156947231523004,0.1514940391057459,-0.0137643588580832,0.0089971950450604,0.642400253401164,-0.3378477557787159,0.1384560591220728,3,sensorimotor output,sensorimotor output,hindbrain / cerebellar / motor,hindbrain / motor
Zebrafish,MOS2,-0.1291490978314234,0.8021520562842867,-1.5271413266456229,0.6156947231523004,0.1514940391057459,-0.0120306921347963,0.00939456717382,0.6429102430555554,-0.3018223435539328,0.1606477234460095,3,sensorimotor output,sensorimotor output,hindbrain / cerebellar / motor,hindbrain / motor
Zebrafish,MOS2,-0.1291490978314234,0.8021520562842867,-1.5271413266456229,0.6156947231523004,0.1514940391057459,-0.0088681549382734,0.0078618102539114,0.6053314556520824,-0.3150641776087525,0.1544064713121003,3,sensorimotor output,sensorimotor output,hindbrain / cerebellar / motor,hindbrain / motor
Zebrafish,MOS2,-0.1291490978314234,0.8021520562842867,-1.5271413266456229,0.6156947231523004,0.1514940391057459,-0.0108553485607514,0.0123266349827198,0.6481418553688825,-0.204648438640551,0.1844185515193054,3,sensorimotor output,sensorimotor output,hindbrain / cerebellar / motor,hindbrain / motor
Zebrafish,MOS2,-0.1291490978314234,0.8021520562842867,-1.5271413266456229,0.6156947231523004,0.1514940391057459,-0.0096395674837345,0.0101158401988135,0.6574916246529068,-0.2330251354306952,0.1618223449390531,3,sensorimotor output,sensorimotor output,hindbrain / cerebellar / motor,hindbrain / motor
Zebrafish,MOS2,-0.1291490978314234,0.8021520562842867,-1.5271413266456229,0.6156947231523004,0.1514940391057459,-0.0074515959554193,0.0124537373426252,0.5455166429334286,-0.1964336319520648,0.1757466312751113,3,sensorimotor output,sensorimotor output,hindbrain / cerebellar / motor,hindbrain / motor
Zebrafish,MOS2,-0.1291490978314234,0.8021520562842867,-1.5271413266456229,0.6156947231523004,0.1514940391057459,-0.017577789871505,0.0120377250488065,0.4868080355430054,-0.2086708570920076,0.1304337440056375,3,sensorimotor output,sensorimotor output,hindbrain / cerebellar / motor,hindbrain / motor
Zebrafish,MOS3,0.88052138979676,0.4943150180626335,-0.3897729231405951,1.2101895584606168,-0.27239647616773,-0.0166393506344257,0.0011620437751158,0.4742031092100615,1.8163958166971603,0.2001361971545837,3,sensorimotor output,sensorimotor output,hindbrain / cerebellar / motor,hindbrain / motor
Zebrafish,MOS3,0.88052138979676,0.4943150180626335,-0.3897729231405951,1.2101895584606168,-0.27239647616773,-0.0203468062520584,0.0016646657700744,0.4763689772055499,1.7223814789081011,0.1852772836567138,3,sensorimotor output,sensorimotor output,hindbrain / cerebellar / motor,hindbrain / motor
Zebrafish,MOS3,0.88052138979676,0.4943150180626335,-0.3897729231405951,1.2101895584606168,-0.27239647616773,-0.0126345318254343,0.0027390368667071,0.5346181149846203,1.7084430786315528,0.1779784823696636,3,sensorimotor output,sensorimotor output,hindbrain / cerebellar / motor,hindbrain / motor
Zebrafish,MOS3,0.88052138979676,0.4943150180626335,-0.3897729231405951,1.2101895584606168,-0.27239647616773,-0.0155852509473334,0.0055727189605019,0.4896975434662602,1.7597056941703733,0.1958865516520492,3,sensorimotor output,sensorimotor output,hindbrain / cerebellar / motor,hindbrain / motor
Zebrafish,MOS3,0.88052138979676,0.4943150180626335,-0.3897729231405951,1.2101895584606168,-0.27239647616773,-0.0155389212531289,0.0001378627862991,0.4814461484527423,1.8732224326373867,0.1706765991587327,3,sensorimotor output,sensorimotor output,hindbrain / cerebellar / motor,hindbrain / motor
Zebrafish,MOS3,0.88052138979676,0.4943150180626335,-0.3897729231405951,1.2101895584606168,-0.27239647616773,-0.0164283968292685,0.0030569295629503,0.4090794950102029,1.6779879067933132,0.1855827821076038,3,sensorimotor output,sensorimotor output,hindbrain / cerebellar / motor,hindbrain / motor
Zebrafish,MOS3,0.88052138979676,0.4943150180626335,-0.3897729231405951,1.2101895584606168,-0.27239647616773,-0.0163561342331094,0.0034958210008534,0.4671204101656969,1.7156024675504211,0.1938571003725712,3,sensorimotor output,sensorimotor output,hindbrain / cerebellar / motor,hindbrain / motor
Zebrafish,MOS4,-0.5584815571297443,0.3697110705899095,-0.3782180882069096,0.1336713104537664,-0.0276395975240267,-0.0085777130945021,0.0001203396362036,0.5849726151171405,1.359648797061377,0.1430135582164655,3,sensorimotor output,sensorimotor output,hindbrain / cerebellar / motor,hindbrain / motor
Zebrafish,MOS4,-0.5584815571297443,0.3697110705899095,-0.3782180882069096,0.1336713104537664,-0.0276395975240267,-0.015983948357271,-9.547773367553678e-05,0.5282368446907643,1.2207125910277816,0.1437516741401442,3,sensorimotor output,sensorimotor output,hindbrain / cerebellar / motor,hindbrain / motor
Zebrafish,MOS4,-0.5584815571297443,0.3697110705899095,-0.3782180882069096,0.1336713104537664,-0.0276395975240267,-0.005634499315689,0.0007238885834105,0.5063377824477991,1.245007035585261,0.1482401026888258,3,sensorimotor output,sensorimotor output,hindbrain / cerebellar / motor,hindbrain / motor
Zebrafish,MOS4,-0.5584815571297443,0.3697110705899095,-0.3782180882069096,0.1336713104537664,-0.0276395975240267,-0.007043935239816,-0.0006821508683748,0.6425827370930949,1.3716877698405776,0.1391396260643122,3,sensorimotor output,sensorimotor output,hindbrain / cerebellar / motor,hindbrain / motor
Zebrafish,MOS4,-0.5584815571297443,0.3697110705899095,-0.3782180882069096,0.1336713104537664,-0.0276395975240267,-0.006616246393561,-7.690905813514227e-05,0.6267752600973538,1.1537084969849656,0.1408126166846811,3,sensorimotor output,sensorimotor output,hindbrain / cerebellar / motor,hindbrain / motor
Zebrafish,MOS4,-0.5584815571297443,0.3697110705899095,-0.3782180882069096,0.1336713104537664,-0.0276395975240267,-0.010927789368984,-0.0013298955933485,0.6574359089738935,1.0951872432086909,0.1372842191110507,3,sensorimotor output,sensorimotor output,hindbrain / cerebellar / motor,hindbrain / motor
Zebrafish,MOS5,-0.6158779212435738,-0.4775191937166247,0.5198001457314998,0.095514274209225,-0.6410127840989409,-0.0089172562314277,0.0016914416682765,0.508629175652095,0.8072747960377941,0.1526915244919144,3,sensorimotor output,sensorimotor output,hindbrain / cerebellar / motor,hindbrain / motor
Zebrafish,MOS5,-0.6158779212435738,-0.4775191937166247,0.5198001457314998,0.095514274209225,-0.6410127840989409,-0.0117434969239391,0.000837140660268,0.4991971651001549,0.6665060144610625,0.1513945678681577,3,sensorimotor output,sensorimotor output,hindbrain / cerebellar / motor,hindbrain / motor
Zebrafish,MOS5,-0.6158779212435738,-0.4775191937166247,0.5198001457314998,0.095514274209225,-0.6410127840989409,-0.0087511360007752,0.0036146783609035,0.47123142430725,0.6517421710427548,0.1493880540258862,3,sensorimotor output,sensorimotor output,hindbrain / cerebellar / motor,hindbrain / motor
Zebrafish,MOS5,-0.6158779212435738,-0.4775191937166247,0.5198001457314998,0.095514274209225,-0.6410127840989409,-0.0076799326031148,-0.0002707224565474,0.5850137334624708,0.8613237457105629,0.166806665405945,3,sensorimotor output,sensorimotor output,hindbrain / cerebellar / motor,hindbrain / motor
Zebrafish,MOS5,-0.6158779212435738,-0.4775191937166247,0.5198001457314998,0.095514274209225,-0.6410127840989409,-0.0111337572969434,-0.0012450286516079,0.5889734429425058,0.5609047532874618,0.1504291589016719,3,sensorimotor output,sensorimotor output,hindbrain / cerebellar / motor,hindbrain / motor
Zebrafish,NX,-0.8721692560180728,0.1842231507954096,-0.833110813603548,0.3964618978901654,0.1765584737688672,-0.0079134852688787,0.0054636320805868,0.4526783465566031,-0.0453278342994466,0.256866194392938,3,sensorimotor output,sensorimotor output,hindbrain / cerebellar / motor,hindbrain / motor
Zebrafish,NX,-0.8721692560180728,0.1842231507954096,-0.833110813603548,0.3964618978901654,0.1765584737688672,-0.0014158128922831,0.0039459220653358,0.4701679102573262,-0.1938511386648138,0.2941709398612042,3,sensorimotor output,sensorimotor output,hindbrain / cerebellar / motor,hindbrain / motor
Zebrafish,NX,-0.8721692560180728,0.1842231507954096,-0.833110813603548,0.3964618978901654,0.1765584737688672,-0.0046467263225931,0.0006868553350092,0.4000573436745148,-0.430478059620807,0.2232832945709117,3,sensorimotor output,sensorimotor output,hindbrain / cerebellar / motor,hindbrain / motor
Zebrafish,NX,-0.8721692560180728,0.1842231507954096,-0.833110813603548,0.3964618978901654,0.1765584737688672,-0.002703459718899,0.0085613845457553,0.5065244731209674,-0.0797528967637966,0.2200898920002587,3,sensorimotor output,sensorimotor output,hindbrain / cerebellar / motor,hindbrain / motor
Zebrafish,OB,1.0382328629889686,-1.7160800539131662,1.511276292161842,0.1181607238415435,1.2767000250770937,-0.011268234181219,0.0124696400603259,0.665295752363179,0.0909717782057267,0.1333333333333333,0,olfactory / chemosensory,olfactory / chemosensory,olfactory sensory,telencephalon
Zebrafish,OB,1.0382328629889686,-1.7160800539131662,1.511276292161842,0.1181607238415435,1.2767000250770937,-0.0159731109914859,7.447734217106065e-05,0.6793849431251814,-0.1728428128394108,0.3846153846153846,0,olfactory / chemosensory,olfactory / chemosensory,olfactory sensory,telencephalon
Zebrafish,OB,1.0382328629889686,-1.7160800539131662,1.511276292161842,0.1181607238415435,1.2767000250770937,-0.0010232915972284,0.0007383194816829,0.5728089194089734,0.1177830356563834,0.1886792452830188,0,olfactory / chemosensory,olfactory / chemosensory,olfactory sensory,telencephalon
Zebrafish,OB,1.0382328629889686,-1.7160800539131662,1.511276292161842,0.1181607238415435,1.2767000250770937,-0.0001047495137277,-0.0001782641764432,0.6655229591836735,0.2097205309820691,0.1666666666666666,0,olfactory / chemosensory,olfactory / chemosensory,olfactory sensory,telencephalon
Zebrafish,P,1.1980834724781957,-0.7580809042849077,0.5680476666286128,0.2788504085163426,0.6836343486454864,0.0021209007051267,-0.0353708364349897,0.7464498332581097,0.8371839685261714,0.1813959173695147,5,associative / learning,associative / learning,telencephalic associative,telencephalon
Zebrafish,P,1.1980834724781957,-0.7580809042849077,0.5680476666286128,0.2788504085163426,0.6836343486454864,-0.0032145905468949,-0.0315288110750346,0.6913448981415194,0.5473134404629583,0.3114948366345014,5,associative / learning,associative / learning,telencephalic associative,telencephalon
Zebrafish,P,1.1980834724781957,-0.7580809042849077,0.5680476666286128,0.2788504085163426,0.6836343486454864,0.0011121227995439,-0.031655661846853,0.7428043781811634,0.7016558771458417,0.2299440298507462,5,associative / learning,associative / learning,telencephalic associative,telencephalon
Zebrafish,P,1.1980834724781957,-0.7580809042849077,0.5680476666286128,0.2788504085163426,0.6836343486454864,-0.0018581544380635,-0.0371114281121089,0.7985081242638777,0.620877782191287,0.2214329454990814,5,associative / learning,associative / learning,telencephalic associative,telencephalon
Zebrafish,P,1.1980834724781957,-0.7580809042849077,0.5680476666286128,0.2788504085163426,0.6836343486454864,0.0046497248463185,-0.0393101363398967,0.766898181990179,0.7738385593983167,0.2822112913882975,5,associative / learning,associative / learning,telencephalic associative,telencephalon
Zebrafish,P,1.1980834724781957,-0.7580809042849077,0.5680476666286128,0.2788504085163426,0.6836343486454864,0.0017029381473925,-0.0266376026912718,0.8128739185271499,1.0361519262872796,0.2527774722252777,5,associative / learning,associative / learning,telencephalic associative,telencephalon
Zebrafish,P,1.1980834724781957,-0.7580809042849077,0.5680476666286128,0.2788504085163426,0.6836343486454864,0.0009609493785259,-0.0372832135518386,0.7629021755834704,0.4242549755149607,0.1942585797539391,5,associative / learning,associative / learning,telencephalic associative,telencephalon
Zebrafish,PO,0.8906418059514196,0.0001089255196086,-0.2226208399688361,-0.2665341932633315,0.2018593160586888,0.0111828476799098,0.0097053071968879,0.6597730499016918,0.4108181169883061,0.2694974500028652,6,state-dependent / modulatory,state-dependent / modulatory,habenular / hypothalamic / raphe state system,state system
Zebrafish,PO,0.8906418059514196,0.0001089255196086,-0.2226208399688361,-0.2665341932633315,0.2018593160586888,0.0073275669279805,0.009532968768143,0.685357205230173,0.2496688913863003,0.2421793995437823,6,state-dependent / modulatory,state-dependent / modulatory,habenular / hypothalamic / raphe state system,state system
Zebrafish,PO,0.8906418059514196,0.0001089255196086,-0.2226208399688361,-0.2665341932633315,0.2018593160586888,0.0051048129924978,0.0070408566713996,0.6993365472910927,0.3370860276274106,0.2940969636799868,6,state-dependent / modulatory,state-dependent / modulatory,habenular / hypothalamic / raphe state system,state system
Zebrafish,PO,0.8906418059514196,0.0001089255196086,-0.2226208399688361,-0.2665341932633315,0.2018593160586888,0.0069157633930777,0.0041861005993259,0.6688622892512605,0.6713666242349513,0.2958585788007945,6,state-dependent / modulatory,state-dependent / modulatory,habenular / hypothalamic / raphe state system,state system
Zebrafish,PO,0.8906418059514196,0.0001089255196086,-0.2226208399688361,-0.2665341932633315,0.2018593160586888,0.0080067484820118,0.0033517057375302,0.670008866807089,0.5601169154828681,0.2762237036114053,6,state-dependent / modulatory,state-dependent / modulatory,habenular / hypothalamic / raphe state system,state system
Zebrafish,PT,-0.1828533920999078,0.5052633751759058,-0.1706405630130417,-0.9197974938999228,0.0666336459088428,-0.0010064012229707,-0.003171979262783,0.6502271896337626,-0.8924317474598463,0.2480255498568327,1,visual / optic,visual / optic,visual / optic midbrain,diencephalon
Zebrafish,PT,-0.1828533920999078,0.5052633751759058,-0.1706405630130417,-0.9197974938999228,0.0666336459088428,-0.0056694761026185,-0.0034944713222827,0.5822834146542036,-1.0195230411290237,0.2308752034021822,1,visual / optic,visual / optic,visual / optic midbrain,diencephalon
Zebrafish,PT,-0.1828533920999078,0.5052633751759058,-0.1706405630130417,-0.9197974938999228,0.0666336459088428,-0.0054177483368254,-0.0036682576153279,0.601158665313481,-0.8545246692181121,0.2388021106900146,1,visual / optic,visual / optic,visual / optic midbrain,diencephalon
Zebrafish,PT,-0.1828533920999078,0.5052633751759058,-0.1706405630130417,-0.9197974938999228,0.0666336459088428,-0.010807781535401,-0.0070577306138928,0.6368430607622166,-0.6912684630492095,0.2010095962896055,1,visual / optic,visual / optic,visual / optic midbrain,diencephalon
Zebrafish,PT,-0.1828533920999078,0.5052633751759058,-0.1706405630130417,-0.9197974938999228,0.0666336459088428,-0.0108838789448988,-0.0051718599933914,0.623906853928519,-0.7866754940504198,0.2073324766329478,1,visual / optic,visual / optic,visual / optic midbrain,diencephalon
Zebrafish,PT,-0.1828533920999078,0.5052633751759058,-0.1706405630130417,-0.9197974938999228,0.0666336459088428,-0.0102926654150442,-0.0029069604277006,0.6589986196642871,-0.8599124626599185,0.2218744797735974,1,visual / optic,visual / optic,visual / optic midbrain,diencephalon
Zebrafish,PrT,-0.5997005919617802,0.1541469852414994,0.5750538469153156,-0.45262704217319,-0.0337522946578975,-0.0207133338803738,-0.0011977726742538,0.5971857435693977,-0.6611911330446445,0.1649757434053992,1,visual / optic,visual / optic,visual / optic midbrain,diencephalon
Zebrafish,PrT,-0.5997005919617802,0.1541469852414994,0.5750538469153156,-0.45262704217319,-0.0337522946578975,-0.0194152973147023,-0.0031135810487908,0.6798879215551769,-0.1323008782538565,0.1587001966496312,1,visual / optic,visual / optic,visual / optic midbrain,diencephalon
Zebrafish,PrT,-0.5997005919617802,0.1541469852414994,0.5750538469153156,-0.45262704217319,-0.0337522946578975,-0.0178723616954835,-0.0015817446917765,0.709775098988605,-0.2866349052541413,0.1576401439159053,1,visual / optic,visual / optic,visual / optic midbrain,diencephalon
Zebrafish,PrT,-0.5997005919617802,0.1541469852414994,0.5750538469153156,-0.45262704217319,-0.0337522946578975,-0.0161305078071485,-0.0027013363612703,0.6930982312600157,-0.5049565631305462,0.1704468397348312,1,visual / optic,visual / optic,visual / optic midbrain,diencephalon
Zebrafish,PrT,-0.5997005919617802,0.1541469852414994,0.5750538469153156,-0.45262704217319,-0.0337522946578975,-0.020453891113026,-0.0014850257353444,0.4565070655605638,-0.488782167476817,0.1610167514348373,1,visual / optic,visual / optic,visual / optic midbrain,diencephalon
Zebrafish,PrT,-0.5997005919617802,0.1541469852414994,0.5750538469153156,-0.45262704217319,-0.0337522946578975,-0.0214360218561846,-0.0001860897202898,0.4430542894916361,-0.4359191840588264,0.1448027423129028,1,visual / optic,visual / optic,visual / optic midbrain,diencephalon
Zebrafish,PrT,-0.5997005919617802,0.1541469852414994,0.5750538469153156,-0.45262704217319,-0.0337522946578975,-0.0231945293322192,-0.0033538636489673,0.434568717720066,-0.4270381950470352,0.1428571428571428,1,visual / optic,visual / optic,visual / optic midbrain,diencephalon
Zebrafish,Ra,0.0794719632346676,-0.5475044365298958,0.7178768097418369,-0.4297474059423262,0.7903257774444109,-0.0173340178968715,0.0098060264116956,0.5618643517503918,-1.2007986801650008,0.1864785368334918,6,state-dependent / modulatory,state-dependent / modulatory,habenular / hypothalamic / raphe state system,state system
Zebrafish,Ra,0.0794719632346676,-0.5475044365298958,0.7178768097418369,-0.4297474059423262,0.7903257774444109,-0.0107429693302277,0.0094467670694891,0.530818842575823,-1.179799861450518,0.2187645743876747,6,state-dependent / modulatory,state-dependent / modulatory,habenular / hypothalamic / raphe state system,state system
Zebrafish,Ra,0.0794719632346676,-0.5475044365298958,0.7178768097418369,-0.4297474059423262,0.7903257774444109,-0.0086575977394652,0.0093862373882594,0.5584326226191336,-1.2080106094204126,0.1937068346832446,6,state-dependent / modulatory,state-dependent / modulatory,habenular / hypothalamic / raphe state system,state system
Zebrafish,Ra,0.0794719632346676,-0.5475044365298958,0.7178768097418369,-0.4297474059423262,0.7903257774444109,-0.015692619068055,0.0123442222909928,0.5598415497886398,-1.0732532121995395,0.1581862745098039,6,state-dependent / modulatory,state-dependent / modulatory,habenular / hypothalamic / raphe state system,state system
Zebrafish,Ra,0.0794719632346676,-0.5475044365298958,0.7178768097418369,-0.4297474059423262,0.7903257774444109,-0.0138342284850853,0.0103957195981993,0.5756222923945831,-1.2451198280724656,0.1810943588006098,6,state-dependent / modulatory,state-dependent / modulatory,habenular / hypothalamic / raphe state system,state system
Zebrafish,Ra,0.0794719632346676,-0.5475044365298958,0.7178768097418369,-0.4297474059423262,0.7903257774444109,-0.0148270503115894,0.0086080184280231,0.6853691914083417,-1.095236787403114,0.2336173428176867,6,state-dependent / modulatory,state-dependent / modulatory,habenular / hypothalamic / raphe state system,state system
Zebrafish,Ra,0.0794719632346676,-0.5475044365298958,0.7178768097418369,-0.4297474059423262,0.7903257774444109,-0.0136903709857461,0.0109072103673495,0.6023410355877886,-1.1131823901310216,0.1858140839324868,6,state-dependent / modulatory,state-dependent / modulatory,habenular / hypothalamic / raphe state system,state system
Zebrafish,SP,1.4702203349418974,-0.4193244379550248,-0.169463736162695,1.106374388488888,0.488012819583613,0.0074266641881975,-0.0269616278680874,0.6077296729606863,2.167288943798912,0.2624881291547958,5,associative / learning,associative / learning,telencephalic associative,telencephalon
Zebrafish,SP,1.4702203349418974,-0.4193244379550248,-0.169463736162695,1.106374388488888,0.488012819583613,2.004027378927806e-05,-0.0241635549842642,0.6879524557739451,1.5249935328657476,0.2636279165806318,5,associative / learning,associative / learning,telencephalic associative,telencephalon
Zebrafish,SP,1.4702203349418974,-0.4193244379550248,-0.169463736162695,1.106374388488888,0.488012819583613,0.0011577562197159,-0.0169603388122871,0.6690919843904025,2.148683229017034,0.225809192082236,5,associative / learning,associative / learning,telencephalic associative,telencephalon
Zebrafish,SP,1.4702203349418974,-0.4193244379550248,-0.169463736162695,1.106374388488888,0.488012819583613,0.0064983971163566,-0.0311795928604765,0.6819529087162379,1.521777832227459,0.310739351985386,5,associative / learning,associative / learning,telencephalic associative,telencephalon
Zebrafish,SP,1.4702203349418974,-0.4193244379550248,-0.169463736162695,1.106374388488888,0.488012819583613,0.0106115750827743,-0.0219689276902355,0.6412115478489023,2.1800549979836905,0.2420970266040688,5,associative / learning,associative / learning,telencephalic associative,telencephalon
Zebrafish,SP,1.4702203349418974,-0.4193244379550248,-0.169463736162695,1.106374388488888,0.488012819583613,-7.66211532735504e-05,-0.0224241516274004,0.6041934011500659,1.7335936588924228,0.3305570291777188,5,associative / learning,associative / learning,telencephalic associative,telencephalon
Zebrafish,SP,1.4702203349418974,-0.4193244379550248,-0.169463736162695,1.106374388488888,0.488012819583613,0.0062076087374373,-0.0367667343131638,0.649814987541019,1.605112022486978,0.271012398265764,5,associative / learning,associative / learning,telencephalic associative,telencephalon
Zebrafish,T,-0.2704418203214891,0.3606035396064913,0.2493961146343989,-0.6368599975742512,-0.5504078445576159,-0.0195673195556618,-0.0025909532523295,0.6126484479146361,0.995958430039042,0.1955713827949245,4,integrative relay,integrative relay,diencephalic / state relay,diencephalon
Zebrafish,T,-0.2704418203214891,0.3606035396064913,0.2493961146343989,-0.6368599975742512,-0.5504078445576159,-0.0163188937874973,-0.0049725446275425,0.6309114990514976,1.1417903465431771,0.2258830009409496,4,integrative relay,integrative relay,diencephalic / state relay,diencephalon
Zebrafish,T,-0.2704418203214891,0.3606035396064913,0.2493961146343989,-0.6368599975742512,-0.5504078445576159,-0.0156795012410955,8.487888971979926e-05,0.586064844876204,1.1557087479361312,0.1817238724853722,4,integrative relay,integrative relay,diencephalic / state relay,diencephalon
Zebrafish,T,-0.2704418203214891,0.3606035396064913,0.2493961146343989,-0.6368599975742512,-0.5504078445576159,-0.0162354810314531,-0.0036829635126848,0.7029220430325783,0.9277063359947684,0.1905963212928997,4,integrative relay,integrative relay,diencephalic / state relay,diencephalon
Zebrafish,T,-0.2704418203214891,0.3606035396064913,0.2493961146343989,-0.6368599975742512,-0.5504078445576159,-0.0198084327127755,-0.00382316534479,0.6774488983789894,1.1407264284932506,0.1860234562047656,4,integrative relay,integrative relay,diencephalic / state relay,diencephalon
Zebrafish,T,-0.2704418203214891,0.3606035396064913,0.2493961146343989,-0.6368599975742512,-0.5504078445576159,-0.0189931781359318,-0.00448880940704,0.629946442063102,1.132421148783001,0.1641954826320396,4,integrative relay,integrative relay,diencephalic / state relay,diencephalon
Zebrafish,TS,-0.9896929803639212,-1.8510866396045784,2.0681583286181064,-0.3999533667969784,-2.396216924428879,-0.0062887845052633,-0.008874993542266,0.5233370637557895,-0.4918456823724306,0.2780466724286949,1,visual / optic,visual / optic,visual / optic midbrain,mesencephalon
Zebrafish,TS,-0.9896929803639212,-1.8510866396045784,2.0681583286181064,-0.3999533667969784,-2.396216924428879,-0.0102969783550204,-0.0059176310637187,0.7026706979087932,-0.421743726264575,0.1747819078323535,1,visual / optic,visual / optic,visual / optic midbrain,mesencephalon
Zebrafish,TS,-0.9896929803639212,-1.8510866396045784,2.0681583286181064,-0.3999533667969784,-2.396216924428879,-0.0110212672415344,-0.009690554729964,0.6431846812799197,-0.6304951809494403,0.1693511606135529,1,visual / optic,visual / optic,visual / optic midbrain,mesencephalon
Zebrafish,TS,-0.9896929803639212,-1.8510866396045784,2.0681583286181064,-0.3999533667969784,-2.396216924428879,-0.0133084040031716,-0.0096519904601769,0.5790326752029249,-0.0468870948967984,0.1649410065013243,1,visual / optic,visual / optic,visual / optic midbrain,mesencephalon
Zebrafish,TeO,-0.536390103383044,-0.9601308362377582,1.252073244936465,-0.110422040750938,-0.8575317431619995,-0.0137110832178088,-0.0021293717616123,0.7544254655180782,-0.450237969466813,0.1313588199524061,1,visual / optic,visual / optic,visual / optic midbrain,mesencephalon
Zebrafish,TeO,-0.536390103383044,-0.9601308362377582,1.252073244936465,-0.110422040750938,-0.8575317431619995,-0.0130887983409648,-0.0013687150862847,0.7517666799876073,-0.2033274500507977,0.181302177756888,1,visual / optic,visual / optic,visual / optic midbrain,mesencephalon
Zebrafish,TeO,-0.536390103383044,-0.9601308362377582,1.252073244936465,-0.110422040750938,-0.8575317431619995,-0.011559526157302,-0.0020433640035767,0.7456084416164742,-0.2649599962229643,0.140140879709141,1,visual / optic,visual / optic,visual / optic midbrain,mesencephalon
Zebrafish,TeO,-0.536390103383044,-0.9601308362377582,1.252073244936465,-0.110422040750938,-0.8575317431619995,-0.0140634688505035,-0.0034083969193655,0.8148523932807851,-0.1317061285014219,0.180577274209822,1,visual / optic,visual / optic,visual / optic midbrain,mesencephalon
Zebrafish,TeO,-0.536390103383044,-0.9601308362377582,1.252073244936465,-0.110422040750938,-0.8575317431619995,-0.0110271518518184,-0.0022026520170567,0.7329485343881813,-0.4082220918859268,0.1509096436254793,1,visual / optic,visual / optic,visual / optic midbrain,mesencephalon
Zebrafish,TeO,-0.536390103383044,-0.9601308362377582,1.252073244936465,-0.110422040750938,-0.8575317431619995,-0.0118519793495643,-0.002531538923418,0.6170977935782895,0.0725686566056256,0.1830811453663891,1,visual / optic,visual / optic,visual / optic midbrain,mesencephalon
Zebrafish,TeO,-0.536390103383044,-0.9601308362377582,1.252073244936465,-0.110422040750938,-0.8575317431619995,-0.0150799893794718,-0.0051039877183423,0.7581178055463125,-0.1372622300330341,0.1793171687904442,1,visual / optic,visual / optic,visual / optic midbrain,mesencephalon
Zebrafish,Th,0.0740050907234849,-0.0904151908211885,0.7441898298052335,-0.5459591580017642,0.1569619258829433,-0.0108948167065223,0.0018405110541925,0.7217172714674105,-1.145905838877875,0.2596744826566355,4,integrative relay,integrative relay,diencephalic / state relay,diencephalon
Zebrafish,Th,0.0740050907234849,-0.0904151908211885,0.7441898298052335,-0.5459591580017642,0.1569619258829433,-0.0158361295217665,0.0019635737328919,0.7644303253822714,-0.9941211925531462,0.2030902439472765,4,integrative relay,integrative relay,diencephalic / state relay,diencephalon
Zebrafish,Th,0.0740050907234849,-0.0904151908211885,0.7441898298052335,-0.5459591580017642,0.1569619258829433,-0.0139923330415729,0.0014485614115617,0.7046798991501677,-0.9856246980080458,0.2072263212894645,4,integrative relay,integrative relay,diencephalic / state relay,diencephalon
Zebrafish,Th,0.0740050907234849,-0.0904151908211885,0.7441898298052335,-0.5459591580017642,0.1569619258829433,-0.0176772935158277,0.0023046521900481,0.7461319777534029,-1.0150904632452276,0.2166219346674694,4,integrative relay,integrative relay,diencephalic / state relay,diencephalon
Zebrafish,Th,0.0740050907234849,-0.0904151908211885,0.7441898298052335,-0.5459591580017642,0.1569619258829433,-0.0213735692441697,0.0026026510862324,0.7869713116856472,-1.060385930359646,0.2058242748413565,4,integrative relay,integrative relay,diencephalic / state relay,diencephalon
Zebrafish,Th,0.0740050907234849,-0.0904151908211885,0.7441898298052335,-0.5459591580017642,0.1569619258829433,-0.0208142146865424,-0.0005273436622652,0.778710816902269,-0.9403687596494008,0.2149494184232808,4,integrative relay,integrative relay,diencephalic / state relay,diencephalon
Zebrafish,aRF,-0.7382410278184425,-0.0171864170684237,0.1976514500153633,-1.211750434447492,-0.0411129051053701,-0.0172320584406476,-0.0043226167030018,0.6160854307866577,0.5037757059422757,0.1918374834098846,3,sensorimotor output,sensorimotor output,hindbrain / cerebellar / motor,hindbrain / motor
Zebrafish,aRF,-0.7382410278184425,-0.0171864170684237,0.1976514500153633,-1.211750434447492,-0.0411129051053701,-0.0149807771300542,-0.0030948603921244,0.576672074995493,0.6234582231401998,0.1333387919587328,3,sensorimotor output,sensorimotor output,hindbrain / cerebellar / motor,hindbrain / motor
Zebrafish,aRF,-0.7382410278184425,-0.0171864170684237,0.1976514500153633,-1.211750434447492,-0.0411129051053701,-0.0165664989294073,-0.0005546350752722,0.5769860681492553,0.691164081183474,0.169379407954709,3,sensorimotor output,sensorimotor output,hindbrain / cerebellar / motor,hindbrain / motor
Zebrafish,aRF,-0.7382410278184425,-0.0171864170684237,0.1976514500153633,-1.211750434447492,-0.0411129051053701,-0.0151065299873008,-0.0044835767206892,0.6361803281951256,0.627218716128936,0.1329811387083701,3,sensorimotor output,sensorimotor output,hindbrain / cerebellar / motor,hindbrain / motor
Zebrafish,aRF,-0.7382410278184425,-0.0171864170684237,0.1976514500153633,-1.211750434447492,-0.0411129051053701,-0.0161749224951703,0.0008244245873031,0.6621001984778779,0.278268617564606,0.1650203243148739,3,sensorimotor output,sensorimotor output,hindbrain / cerebellar / motor,hindbrain / motor
Zebrafish,imRF,-0.9685225816547106,0.4502385234738639,-0.79613948408391,-0.1220259670086189,0.3102170085430512,-0.0253455148241204,0.0047203886788537,0.5304630089913489,-0.0461468840264877,0.188497310891062,3,sensorimotor output,sensorimotor output,hindbrain / cerebellar / motor,hindbrain / motor
Zebrafish,imRF,-0.9685225816547106,0.4502385234738639,-0.79613948408391,-0.1220259670086189,0.3102170085430512,-0.0234701011769656,0.0015337284085443,0.5953712263622716,-0.3040750174211989,0.1736947943734456,3,sensorimotor output,sensorimotor output,hindbrain / cerebellar / motor,hindbrain / motor
Zebrafish,imRF,-0.9685225816547106,0.4502385234738639,-0.79613948408391,-0.1220259670086189,0.3102170085430512,-0.0180648404918513,0.0020981625037515,0.5156732927673269,-0.1039574652349825,0.1629630198710094,3,sensorimotor output,sensorimotor output,hindbrain / cerebellar / motor,hindbrain / motor
Zebrafish,imRF,-0.9685225816547106,0.4502385234738639,-0.79613948408391,-0.1220259670086189,0.3102170085430512,-0.0206078315963131,0.0052019636086177,0.5678112719545244,0.0945613538740357,0.1897927704379317,3,sensorimotor output,sensorimotor output,hindbrain / cerebellar / motor,hindbrain / motor
Zebrafish,imRF,-0.9685225816547106,0.4502385234738639,-0.79613948408391,-0.1220259670086189,0.3102170085430512,-0.0225134812393206,0.0011715935251862,0.510668383761644,-0.1472258016456945,0.1584431787987661,3,sensorimotor output,sensorimotor output,hindbrain / cerebellar / motor,hindbrain / motor
Zebrafish,imRF,-0.9685225816547106,0.4502385234738639,-0.79613948408391,-0.1220259670086189,0.3102170085430512,-0.0259227485936307,0.0025686940998444,0.5718881179582408,-0.5275702052429987,0.1703838706002961,3,sensorimotor output,sensorimotor output,hindbrain / cerebellar / motor,hindbrain / motor
Zebrafish,pRF,0.3253332848692573,-0.2233327988661183,-0.5794064945739549,0.3960485994230183,0.3579760217603596,-0.018807737050673,0.0103657707726246,0.4354281368756768,-1.2276844113191725,0.2020883865980755,3,sensorimotor output,sensorimotor output,hindbrain / cerebellar / motor,hindbrain / motor
Zebrafish,pRF,0.3253332848692573,-0.2233327988661183,-0.5794064945739549,0.3960485994230183,0.3579760217603596,-0.0160181694163133,0.0056277294501661,0.5696370087660745,-1.2130905977028033,0.2418966234052464,3,sensorimotor output,sensorimotor output,hindbrain / cerebellar / motor,hindbrain / motor
Zebrafish,pRF,0.3253332848692573,-0.2233327988661183,-0.5794064945739549,0.3960485994230183,0.3579760217603596,-0.0149925315940941,0.0109636125632128,0.5409809396716301,-0.9993968423468972,0.2244865281881832,3,sensorimotor output,sensorimotor output,hindbrain / cerebellar / motor,hindbrain / motor
Zebrafish,pRF,0.3253332848692573,-0.2233327988661183,-0.5794064945739549,0.3960485994230183,0.3579760217603596,-0.0154757857690795,0.0064137709090651,0.61620458033217,-1.5588923448670176,0.2097494588200908,3,sensorimotor output,sensorimotor output,hindbrain / cerebellar / motor,hindbrain / motor
Zebrafish,pRF,0.3253332848692573,-0.2233327988661183,-0.5794064945739549,0.3960485994230183,0.3579760217603596,-0.0180094293007557,0.0092010113008455,0.563875188120315,-1.2655368737636608,0.195251024200847,3,sensorimotor output,sensorimotor output,hindbrain / cerebellar / motor,hindbrain / motor
Zebrafish,rCb,-0.5942387062728055,0.262977854843708,0.2684547085862389,0.0387565411987874,-0.1184873174130526,-0.0209590758390974,0.0006335989592044,0.5729433146575015,-0.0817124365156155,0.1359831288837374,3,sensorimotor output,sensorimotor output,hindbrain / cerebellar / motor,hindbrain / motor
Zebrafish,rCb,-0.5942387062728055,0.262977854843708,0.2684547085862389,0.0387565411987874,-0.1184873174130526,-0.0241398183951215,-0.001860585249835,0.6414883126226777,0.215427850491484,0.1385516253388297,3,sensorimotor output,sensorimotor output,hindbrain / cerebellar / motor,hindbrain / motor
Zebrafish,rCb,-0.5942387062728055,0.262977854843708,0.2684547085862389,0.0387565411987874,-0.1184873174130526,-0.015554684380978,-0.0014052604960603,0.5639729728289726,0.2136759994533258,0.1412474674698534,3,sensorimotor output,sensorimotor output,hindbrain / cerebellar / motor,hindbrain / motor
Zebrafish,rCb,-0.5942387062728055,0.262977854843708,0.2684547085862389,0.0387565411987874,-0.1184873174130526,-0.0166914189847568,-2.3106711531857185e-05,0.6628856749342972,0.159981135486316,0.1529266354727642,3,sensorimotor output,sensorimotor output,hindbrain / cerebellar / motor,hindbrain / motor
Zebrafish,rCb,-0.5942387062728055,0.262977854843708,0.2684547085862389,0.0387565411987874,-0.1184873174130526,-0.0226718472193532,0.0020816537065072,0.5968907132684241,0.1886028281021641,0.1419306738566497,3,sensorimotor output,sensorimotor output,hindbrain / cerebellar / motor,hindbrain / motor
Zebrafish,rCb,-0.5942387062728055,0.262977854843708,0.2684547085862389,0.0387565411987874,-0.1184873174130526,-0.0147869115426434,0.0004331931869796,0.5828445125599304,-0.087940402854966,0.1700719227920123,3,sensorimotor output,sensorimotor output,hindbrain / cerebellar / motor,hindbrain / motor
Zebrafish,rCb,-0.5942387062728055,0.262977854843708,0.2684547085862389,0.0387565411987874,-0.1184873174130526,-0.0170961834707093,0.0003965805874292,0.6132699851385225,0.1776794259132323,0.1425001432911102,3,sensorimotor output,sensorimotor output,hindbrain / cerebellar / motor,hindbrain / motor
Zebrafish,rHb,1.2349172807677784,-1.2675328053735366,1.456598742613128,0.1027141395517234,0.7769484413307053,0.0079966378606949,-0.0001799350782608,0.7400826718126395,6.186208623900494,0.2579590848565549,6,state-dependent / modulatory,state-dependent / modulatory,habenular / hypothalamic / raphe state system,state system
Zebrafish,rHb,1.2349172807677784,-1.2675328053735366,1.456598742613128,0.1027141395517234,0.7769484413307053,0.0079227805028606,0.0004084221046614,0.6956437317251463,4.849640257350118,0.3068639181986294,6,state-dependent / modulatory,state-dependent / modulatory,habenular / hypothalamic / raphe state system,state system
Zebrafish,rHb,1.2349172807677784,-1.2675328053735366,1.456598742613128,0.1027141395517234,0.7769484413307053,0.0062232765087732,-0.0074001338413912,0.6995929751680648,5.221608467534455,0.257981220657277,6,state-dependent / modulatory,state-dependent / modulatory,habenular / hypothalamic / raphe state system,state system
Zebrafish,rHb,1.2349172807677784,-1.2675328053735366,1.456598742613128,0.1027141395517234,0.7769484413307053,0.0048200558513521,-0.0087327422453623,0.7258235670022103,5.109306821603285,0.1591137965760322,6,state-dependent / modulatory,state-dependent / modulatory,habenular / hypothalamic / raphe state system,state system
Zebrafish,rHb,1.2349172807677784,-1.2675328053735366,1.456598742613128,0.1027141395517234,0.7769484413307053,0.00196196894792,1.8146975249186552e-05,0.7062687043336837,5.354077233432499,0.2785988767366243,6,state-dependent / modulatory,state-dependent / modulatory,habenular / hypothalamic / raphe state system,state system
Zebrafish,rHb,1.2349172807677784,-1.2675328053735366,1.456598742613128,0.1027141395517234,0.7769484413307053,0.0053306727364464,-0.000415644311019,0.8105477591670441,5.368465126450118,0.3307429281939695,6,state-dependent / modulatory,state-dependent / modulatory,habenular / hypothalamic / raphe state system,state system
Zebrafish,rMON,-0.9538576121828324,-1.4014446503545883,0.3869149264183935,-0.5538868429862396,-0.7991835466269313,-0.0151562291475228,0.0004101664268373,0.3652390033494128,0.4366432428080851,0.1378967648571603,3,sensorimotor output,sensorimotor output,hindbrain / cerebellar / motor,hindbrain / motor
Zebrafish,rMON,-0.9538576121828324,-1.4014446503545883,0.3869149264183935,-0.5538868429862396,-0.7991835466269313,-0.0243524361601455,-0.0044310638312441,0.3629507920289521,0.3864642294500682,0.1434020152774421,3,sensorimotor output,sensorimotor output,hindbrain / cerebellar / motor,hindbrain / motor
Zebrafish,rMON,-0.9538576121828324,-1.4014446503545883,0.3869149264183935,-0.5538868429862396,-0.7991835466269313,-0.0118586997352598,0.000856970077747,0.34923640972177,0.3800218662745125,0.1175662215806568,3,sensorimotor output,sensorimotor output,hindbrain / cerebellar / motor,hindbrain / motor
Zebrafish,rMON,-0.9538576121828324,-1.4014446503545883,0.3869149264183935,-0.5538868429862396,-0.7991835466269313,-0.0184926460991344,-0.0032137185492174,0.3138655274492717,0.1632747347176691,0.1377329680445843,3,sensorimotor output,sensorimotor output,hindbrain / cerebellar / motor,hindbrain / motor
Zebrafish,rMON,-0.9538576121828324,-1.4014446503545883,0.3869149264183935,-0.5538868429862396,-0.7991835466269313,-0.0113596667598018,-0.0016042033407504,0.3232917566272991,0.4158669911247618,0.1327486882436365,3,sensorimotor output,sensorimotor output,hindbrain / cerebellar / motor,hindbrain / motor
Zebrafish,rMON,-0.9538576121828324,-1.4014446503545883,0.3869149264183935,-0.5538868429862396,-0.7991835466269313,-0.0094166527618355,-0.0004689165126372,0.359901655432725,0.5230935667068793,0.1484775426377355,3,sensorimotor output,sensorimotor output,hindbrain / cerebellar / motor,hindbrain / motor
Zebrafish,rMON,-0.9538576121828324,-1.4014446503545883,0.3869149264183935,-0.5538868429862396,-0.7991835466269313,-0.0100668251318369,-0.002028573950515,0.3313978229731842,0.4359754711443172,0.1231693763339333,3,sensorimotor output,sensorimotor output,hindbrain / cerebellar / motor,hindbrain / motor
Zebrafish,rMOS1,0.1271693952762554,1.1251800210027396,-1.0276538871248284,0.769355104067202,-0.0045274857886018,-0.0155807357402673,0.007104684103571,0.2580314314417926,-0.3969417863818234,0.2757760869420924,3,sensorimotor output,sensorimotor output,hindbrain / cerebellar / motor,hindbrain / motor
Zebrafish,rMOS1,0.1271693952762554,1.1251800210027396,-1.0276538871248284,0.769355104067202,-0.0045274857886018,-0.0121288604002305,0.0051080660543602,0.274527574247287,-0.5408407696460618,0.316901983558064,3,sensorimotor output,sensorimotor output,hindbrain / cerebellar / motor,hindbrain / motor
Zebrafish,rMOS1,0.1271693952762554,1.1251800210027396,-1.0276538871248284,0.769355104067202,-0.0045274857886018,-0.0102808891516404,0.0060471206047898,0.2934869996710739,-0.7321138372480324,0.2930855840298404,3,sensorimotor output,sensorimotor output,hindbrain / cerebellar / motor,hindbrain / motor
Zebrafish,rMOS1,0.1271693952762554,1.1251800210027396,-1.0276538871248284,0.769355104067202,-0.0045274857886018,-0.0106205266409192,0.008815419785142,0.2802467253434486,-0.5235423884841512,0.3059097414368858,3,sensorimotor output,sensorimotor output,hindbrain / cerebellar / motor,hindbrain / motor
Zebrafish,rMOS1,0.1271693952762554,1.1251800210027396,-1.0276538871248284,0.769355104067202,-0.0045274857886018,-0.0147406606344109,0.0061342395441588,0.2730676998184747,-0.4279815975482602,0.2908579404195926,3,sensorimotor output,sensorimotor output,hindbrain / cerebellar / motor,hindbrain / motor
Zebrafish,rMOS1,0.1271693952762554,1.1251800210027396,-1.0276538871248284,0.769355104067202,-0.0045274857886018,-0.0104284531640851,0.0059649297107073,0.2657204949337494,-0.5745453397017325,0.2767825432656132,3,sensorimotor output,sensorimotor output,hindbrain / cerebellar / motor,hindbrain / motor
Zebrafish,rMOS1,0.1271693952762554,1.1251800210027396,-1.0276538871248284,0.769355104067202,-0.0045274857886018,-0.0115829579622008,0.007104103460063,0.2810273140176066,-0.6558200148462817,0.2843976278519943,3,sensorimotor output,sensorimotor output,hindbrain / cerebellar / motor,hindbrain / motor
Zebrafish,rMOS2,-0.5206955584864392,0.8984715128596904,-1.6339724092451735,0.8127103508184215,-0.0091047703539805,-0.0027174214035982,0.0108366527366991,0.6140998061960692,-1.5709923210256982,0.2810082195306342,3,sensorimotor output,sensorimotor output,hindbrain / cerebellar / motor,hindbrain / motor
Zebrafish,rMOS2,-0.5206955584864392,0.8984715128596904,-1.6339724092451735,0.8127103508184215,-0.0091047703539805,-0.0028037944859753,0.0095508774386899,0.4708874125239002,-1.6714408743777387,0.2488367030395385,3,sensorimotor output,sensorimotor output,hindbrain / cerebellar / motor,hindbrain / motor
Zebrafish,rMOS2,-0.5206955584864392,0.8984715128596904,-1.6339724092451735,0.8127103508184215,-0.0091047703539805,-0.0034138057699124,0.0088431298510108,0.4302090626735902,-1.552712173926844,0.2552525504744239,3,sensorimotor output,sensorimotor output,hindbrain / cerebellar / motor,hindbrain / motor
Zebrafish,rMOS2,-0.5206955584864392,0.8984715128596904,-1.6339724092451735,0.8127103508184215,-0.0091047703539805,-0.0006264455908755,0.0118913017227425,0.55903636258743,-1.4793938551907708,0.3420890718917128,3,sensorimotor output,sensorimotor output,hindbrain / cerebellar / motor,hindbrain / motor
Zebrafish,rMOS2,-0.5206955584864392,0.8984715128596904,-1.6339724092451735,0.8127103508184215,-0.0091047703539805,-0.0026234666040952,0.0107233691580869,0.5450215163419295,-1.453291015816313,0.2463500662271367,3,sensorimotor output,sensorimotor output,hindbrain / cerebellar / motor,hindbrain / motor
Zebrafish,rMOS2,-0.5206955584864392,0.8984715128596904,-1.6339724092451735,0.8127103508184215,-0.0091047703539805,-0.0015124441446586,0.0094613710600982,0.4840799329844966,-1.5684014652457563,0.2719531051672013,3,sensorimotor output,sensorimotor output,hindbrain / cerebellar / motor,hindbrain / motor
Zebrafish,rMOS2,-0.5206955584864392,0.8984715128596904,-1.6339724092451735,0.8127103508184215,-0.0091047703539805,-0.001553617416103,0.0102247471876378,0.6097379035069176,-1.368262616341577,0.2674579480084468,3,sensorimotor output,sensorimotor output,hindbrain / cerebellar / motor,hindbrain / motor
Zebrafish,rMOS3,0.6006125249948738,1.0886684717213655,-0.565714070093828,0.7583708013931002,-0.077771360816365,-0.0157988160115232,-0.0064582562268182,0.4836004117393987,1.214855148514053,0.2074077209916002,3,sensorimotor output,sensorimotor output,hindbrain / cerebellar / motor,hindbrain / motor
Zebrafish,rMOS3,0.6006125249948738,1.0886684717213655,-0.565714070093828,0.7583708013931002,-0.077771360816365,-0.0212143316773092,-0.0071363267344743,0.4912514240294502,1.2333698053725566,0.1914033970987302,3,sensorimotor output,sensorimotor output,hindbrain / cerebellar / motor,hindbrain / motor
Zebrafish,rMOS3,0.6006125249948738,1.0886684717213655,-0.565714070093828,0.7583708013931002,-0.077771360816365,-0.0140848887543284,-0.0062902631403345,0.5201874481746108,1.2442300384750622,0.1813031107285465,3,sensorimotor output,sensorimotor output,hindbrain / cerebellar / motor,hindbrain / motor
Zebrafish,rMOS3,0.6006125249948738,1.0886684717213655,-0.565714070093828,0.7583708013931002,-0.077771360816365,-0.0168823152257718,-0.0085566079418407,0.5239511581686822,1.220715436728271,0.2245456393364014,3,sensorimotor output,sensorimotor output,hindbrain / cerebellar / motor,hindbrain / motor
Zebrafish,rMOS3,0.6006125249948738,1.0886684717213655,-0.565714070093828,0.7583708013931002,-0.077771360816365,-0.0164847054366043,-0.0075616730130933,0.5033082843975799,1.1971226798420296,0.1947524216605002,3,sensorimotor output,sensorimotor output,hindbrain / cerebellar / motor,hindbrain / motor
Zebrafish,rMOS3,0.6006125249948738,1.0886684717213655,-0.565714070093828,0.7583708013931002,-0.077771360816365,-0.018052166721634,-0.0075972219402655,0.5214523292825683,1.139834898485904,0.1905387816341055,3,sensorimotor output,sensorimotor output,hindbrain / cerebellar / motor,hindbrain / motor
Zebrafish,rMOS3,0.6006125249948738,1.0886684717213655,-0.565714070093828,0.7583708013931002,-0.077771360816365,-0.0182509796078251,-0.0082280846695731,0.5182733696023332,1.2164560356783407,0.1916922750874218,3,sensorimotor output,sensorimotor output,hindbrain / cerebellar / motor,hindbrain / motor
Zebrafish,rMOS4,-0.356540267433595,1.0532084356645952,-0.7373102395805201,0.0809681096580856,0.0067397132040685,-0.0072648287622253,0.0019011104413411,0.69819493715206,1.2713792552729262,0.2210193856864889,3,sensorimotor output,sensorimotor output,hindbrain / cerebellar / motor,hindbrain / motor
Zebrafish,rMOS4,-0.356540267433595,1.0532084356645952,-0.7373102395805201,0.0809681096580856,0.0067397132040685,-0.0169785812008207,0.0023301044523131,0.6747545019078133,1.1043851732763776,0.1894793768878688,3,sensorimotor output,sensorimotor output,hindbrain / cerebellar / motor,hindbrain / motor
Zebrafish,rMOS4,-0.356540267433595,1.0532084356645952,-0.7373102395805201,0.0809681096580856,0.0067397132040685,-0.0071628210808754,-0.0011092156828308,0.7249199547806238,1.0677361022055778,0.2064094544777013,3,sensorimotor output,sensorimotor output,hindbrain / cerebellar / motor,hindbrain / motor
Zebrafish,rMOS4,-0.356540267433595,1.0532084356645952,-0.7373102395805201,0.0809681096580856,0.0067397132040685,-0.010504792298498,0.0005179955545119,0.6822002541942683,0.87105675597929,0.2412999686239558,3,sensorimotor output,sensorimotor output,hindbrain / cerebellar / motor,hindbrain / motor
Zebrafish,rMOS4,-0.356540267433595,1.0532084356645952,-0.7373102395805201,0.0809681096580856,0.0067397132040685,-0.0085209846883733,0.0007851860095915,0.7091129436004445,1.2531794578582744,0.2024187624791798,3,sensorimotor output,sensorimotor output,hindbrain / cerebellar / motor,hindbrain / motor
Zebrafish,rMOS4,-0.356540267433595,1.0532084356645952,-0.7373102395805201,0.0809681096580856,0.0067397132040685,-0.0110361717858804,-0.0002730172080916,0.6503415763865554,1.2582441423033293,0.209295051263733,3,sensorimotor output,sensorimotor output,hindbrain / cerebellar / motor,hindbrain / motor
Zebrafish,rMOS4,-0.356540267433595,1.0532084356645952,-0.7373102395805201,0.0809681096580856,0.0067397132040685,-0.0108733375368089,-6.60905319473585e-05,0.6827013576827058,1.1106281965537492,0.2070208222103577,3,sensorimotor output,sensorimotor output,hindbrain / cerebellar / motor,hindbrain / motor
Zebrafish,rMOS5,-0.4491096958660021,0.0733729684562357,0.1794236876257183,0.4278624404377062,-0.2213122528436386,-0.0071607958962447,-0.0035011333147442,0.4782731360943263,1.4489679259131043,0.194608429697081,3,sensorimotor output,sensorimotor output,hindbrain / cerebellar / motor,hindbrain / motor
Zebrafish,rMOS5,-0.4491096958660021,0.0733729684562357,0.1794236876257183,0.4278624404377062,-0.2213122528436386,-0.0171418721210539,-0.0053723695904568,0.4873739376922867,1.2907602756535488,0.1900926730490237,3,sensorimotor output,sensorimotor output,hindbrain / cerebellar / motor,hindbrain / motor
Zebrafish,rMOS5,-0.4491096958660021,0.0733729684562357,0.1794236876257183,0.4278624404377062,-0.2213122528436386,-0.0063988599359977,-0.0030611609028153,0.4849441756410922,1.2470608415518945,0.18854705135314,3,sensorimotor output,sensorimotor output,hindbrain / cerebellar / motor,hindbrain / motor
Zebrafish,rMOS5,-0.4491096958660021,0.0733729684562357,0.1794236876257183,0.4278624404377062,-0.2213122528436386,-0.0080181006542016,-0.0025257968568838,0.3562513984615534,1.3200017960224253,0.17996803620802,3,sensorimotor output,sensorimotor output,hindbrain / cerebellar / motor,hindbrain / motor
Zebrafish,rMOS5,-0.4491096958660021,0.0733729684562357,0.1794236876257183,0.4278624404377062,-0.2213122528436386,-0.0082240762427154,0.0016121472176498,0.3833805044413987,1.160197051306573,0.203476942088412,3,sensorimotor output,sensorimotor output,hindbrain / cerebellar / motor,hindbrain / motor
Zebrafish,rMOS5,-0.4491096958660021,0.0733729684562357,0.1794236876257183,0.4278624404377062,-0.2213122528436386,-0.0105126893420797,-0.0047645977695566,0.304285827639999,1.0898453440802858,0.1999863025314226,3,sensorimotor output,sensorimotor output,hindbrain / cerebellar / motor,hindbrain / motor
Zebrafish,rNX,-0.681728603207709,-0.1019511040394793,-0.8743774648726413,0.0473967579576862,0.437342767334591,-0.0170182325660309,0.003871711837465,0.4396548906969246,-1.074228319224646,0.2541709496323239,3,sensorimotor output,sensorimotor output,hindbrain / cerebellar / motor,hindbrain / motor
Zebrafish,rNX,-0.681728603207709,-0.1019511040394793,-0.8743774648726413,0.0473967579576862,0.437342767334591,-0.0196565135181114,0.0039551509964247,0.5594320051818914,-1.0401149706725137,0.1571519495254171,3,sensorimotor output,sensorimotor output,hindbrain / cerebellar / motor,hindbrain / motor
Zebrafish,rNX,-0.681728603207709,-0.1019511040394793,-0.8743774648726413,0.0473967579576862,0.437342767334591,-0.0178672490534446,0.0052303265515132,0.4919985342533466,-0.9081580834721436,0.2493555849306014,3,sensorimotor output,sensorimotor output,hindbrain / cerebellar / motor,hindbrain / motor
Zebrafish,rNX,-0.681728603207709,-0.1019511040394793,-0.8743774648726413,0.0473967579576862,0.437342767334591,-0.0307486147759096,0.0062969642811081,0.3724110538953052,-0.7212278229321927,0.0944553346401568,3,sensorimotor output,sensorimotor output,hindbrain / cerebellar / motor,hindbrain / motor
Zebrafish,rNX,-0.681728603207709,-0.1019511040394793,-0.8743774648726413,0.0473967579576862,0.437342767334591,-0.017303047663416,0.0111644868050843,0.4148750721582763,-0.9201200607567288,0.1844545764709531,3,sensorimotor output,sensorimotor output,hindbrain / cerebellar / motor,hindbrain / motor
Zebrafish,rNX,-0.681728603207709,-0.1019511040394793,-0.8743774648726413,0.0473967579576862,0.437342767334591,-0.0272097380125648,0.0061054766591879,0.566671615718624,-0.731077266690547,0.1857965199947669,3,sensorimotor output,sensorimotor output,hindbrain / cerebellar / motor,hindbrain / motor
Zebrafish,rNX,-0.681728603207709,-0.1019511040394793,-0.8743774648726413,0.0473967579576862,0.437342767334591,-0.0321629545428664,0.0078260878482202,0.4147070221960318,-0.71690891350649,0.183831513973824,3,sensorimotor output,sensorimotor output,hindbrain / cerebellar / motor,hindbrain / motor
Zebrafish,rP,1.2738165395287406,-0.430950826639782,0.3826596755689774,0.3547206473713294,0.3327969992528315,0.0124691783687306,-0.0100604873170358,0.7533066860465114,1.703852513424284,0.3104475678476585,5,associative / learning,associative / learning,telencephalic associative,telencephalon
Zebrafish,rP,1.2738165395287406,-0.430950826639782,0.3826596755689774,0.3547206473713294,0.3327969992528315,0.0101179791556935,-0.0113465628278732,0.6871876062546832,1.692554445162189,0.2945088538025008,5,associative / learning,associative / learning,telencephalic associative,telencephalon
Zebrafish,rP,1.2738165395287406,-0.430950826639782,0.3826596755689774,0.3547206473713294,0.3327969992528315,0.005268785346293,-0.015297413487845,0.7467937037233573,1.6392952559099845,0.3128261466630047,5,associative / learning,associative / learning,telencephalic associative,telencephalon
Zebrafish,rP,1.2738165395287406,-0.430950826639782,0.3826596755689774,0.3547206473713294,0.3327969992528315,0.0066192392747327,-0.0141929453786083,0.8059611551996556,1.8587146426079912,0.3336813987372511,5,associative / learning,associative / learning,telencephalic associative,telencephalon
Zebrafish,rP,1.2738165395287406,-0.430950826639782,0.3826596755689774,0.3547206473713294,0.3327969992528315,0.0054106305636886,-0.0073275688314985,0.7815428833792474,1.2313135766478145,0.3163940809968847,5,associative / learning,associative / learning,telencephalic associative,telencephalon
Zebrafish,rP,1.2738165395287406,-0.430950826639782,0.3826596755689774,0.3547206473713294,0.3327969992528315,0.008568707222774,-0.0166221288023735,0.7969977986735469,1.3137843272435594,0.2790024993681372,5,associative / learning,associative / learning,telencephalic associative,telencephalon
Zebrafish,rPO,1.083515270117505,0.2889078852669907,-0.2641181115191212,0.7251611180292079,-0.0035286183624302,0.0083990595499287,0.006597132165117,0.6809273347734885,0.3828792551696962,0.2909136404361969,6,state-dependent / modulatory,state-dependent / modulatory,habenular / hypothalamic / raphe state system,state system
Zebrafish,rPO,1.083515270117505,0.2889078852669907,-0.2641181115191212,0.7251611180292079,-0.0035286183624302,0.0068769214256743,0.0073595536203965,0.6799865247258298,0.472832604567278,0.3042445016437727,6,state-dependent / modulatory,state-dependent / modulatory,habenular / hypothalamic / raphe state system,state system
Zebrafish,rPO,1.083515270117505,0.2889078852669907,-0.2641181115191212,0.7251611180292079,-0.0035286183624302,0.0032899255843591,0.0044202402775782,0.6783355512479994,0.4153749191997887,0.3009402324476616,6,state-dependent / modulatory,state-dependent / modulatory,habenular / hypothalamic / raphe state system,state system
Zebrafish,rPO,1.083515270117505,0.2889078852669907,-0.2641181115191212,0.7251611180292079,-0.0035286183624302,0.0068985057439075,0.0027682995898966,0.6386620891950194,0.4991382989244441,0.2922322902280459,6,state-dependent / modulatory,state-dependent / modulatory,habenular / hypothalamic / raphe state system,state system
Zebrafish,rPO,1.083515270117505,0.2889078852669907,-0.2641181115191212,0.7251611180292079,-0.0035286183624302,0.0084514090657385,0.0022638864366296,0.6438898375994202,0.5870985416995219,0.3259819321688378,6,state-dependent / modulatory,state-dependent / modulatory,habenular / hypothalamic / raphe state system,state system
Zebrafish,rPT,0.353145074004784,0.7055852588323897,-0.1128612952712912,-0.3860842129776369,-0.118668947066589,-0.0053433703552153,-0.0030900947608857,0.6089811670148493,-0.3282966368233946,0.1879009955752212,1,visual / optic,visual / optic,visual / optic midbrain,diencephalon
Zebrafish,rPT,0.353145074004784,0.7055852588323897,-0.1128612952712912,-0.3860842129776369,-0.118668947066589,-0.0064871506149012,-0.0030329758170915,0.6235612323136296,-0.6271888855215467,0.2054255380421218,1,visual / optic,visual / optic,visual / optic midbrain,diencephalon
Zebrafish,rPT,0.353145074004784,0.7055852588323897,-0.1128612952712912,-0.3860842129776369,-0.118668947066589,-0.0069761662586783,-0.0031248268959364,0.6361505331607494,-0.5617260249814282,0.2042945770106042,1,visual / optic,visual / optic,visual / optic midbrain,diencephalon
Zebrafish,rPT,0.353145074004784,0.7055852588323897,-0.1128612952712912,-0.3860842129776369,-0.118668947066589,-0.006000876031484,-0.0055749395533733,0.6412636381670304,-0.537910406804127,0.1966994094159442,1,visual / optic,visual / optic,visual / optic midbrain,diencephalon
Zebrafish,rPT,0.353145074004784,0.7055852588323897,-0.1128612952712912,-0.3860842129776369,-0.118668947066589,-0.0107529213075884,-0.0041051916083601,0.6049400466289635,-0.7379515078139074,0.1885006703998738,1,visual / optic,visual / optic,visual / optic midbrain,diencephalon
Zebrafish,rPT,0.353145074004784,0.7055852588323897,-0.1128612952712912,-0.3860842129776369,-0.118668947066589,-0.0136538024037795,-0.0027287950493053,0.5712776851946324,-0.5954773070665802,0.2355459985041136,1,visual / optic,visual / optic,visual / optic midbrain,diencephalon
Zebrafish,rPT,0.353145074004784,0.7055852588323897,-0.1128612952712912,-0.3860842129776369,-0.118668947066589,-0.0098606323409244,-0.0046470539129834,0.6493586704137762,-0.6204918022517817,0.1950577777777777,1,visual / optic,visual / optic,visual / optic midbrain,diencephalon
Zebrafish,rPrT,0.2089757229379403,0.7595810771794304,-0.3178299277722134,-0.5210501517860583,-0.2031842443825288,-0.0210293300388905,-0.0016900788683603,0.5993057711826772,-0.3145630619212531,0.1640834167090532,1,visual / optic,visual / optic,visual / optic midbrain,diencephalon
Zebrafish,rPrT,0.2089757229379403,0.7595810771794304,-0.3178299277722134,-0.5210501517860583,-0.2031842443825288,-0.0212097871472893,-0.0044268574252284,0.6809599998643374,-0.1737567420549298,0.1687383862516302,1,visual / optic,visual / optic,visual / optic midbrain,diencephalon
Zebrafish,rPrT,0.2089757229379403,0.7595810771794304,-0.3178299277722134,-0.5210501517860583,-0.2031842443825288,-0.0179043055243578,-0.0013449188504186,0.6908306848737678,-0.1003940643548887,0.1839205124767951,1,visual / optic,visual / optic,visual / optic midbrain,diencephalon
Zebrafish,rPrT,0.2089757229379403,0.7595810771794304,-0.3178299277722134,-0.5210501517860583,-0.2031842443825288,-0.0216401391272797,-0.0040628975187954,0.6561821130493259,-0.0982725005285932,0.186435776898355,1,visual / optic,visual / optic,visual / optic midbrain,diencephalon
Zebrafish,rPrT,0.2089757229379403,0.7595810771794304,-0.3178299277722134,-0.5210501517860583,-0.2031842443825288,-0.0212028674182455,-0.0031065396212039,0.6862325626092282,-0.323775951266672,0.1697531094759646,1,visual / optic,visual / optic,visual / optic midbrain,diencephalon
Zebrafish,rPrT,0.2089757229379403,0.7595810771794304,-0.3178299277722134,-0.5210501517860583,-0.2031842443825288,-0.0223277546688356,-0.0009853648315283,0.7019933317656545,-0.2646400806120124,0.1540470194534115,1,visual / optic,visual / optic,visual / optic midbrain,diencephalon
Zebrafish,rPrT,0.2089757229379403,0.7595810771794304,-0.3178299277722134,-0.5210501517860583,-0.2031842443825288,-0.0259520606570214,-0.0030077019088246,0.6487528934570708,-0.1572930778162242,0.1397654464386076,1,visual / optic,visual / optic,visual / optic midbrain,diencephalon
Zebrafish,rRa,0.0269259809549133,-0.5069136582041928,0.8029159503417844,-0.2643162780103101,0.3452293770895476,-0.0313273456302005,0.005887051287661,0.669765831781198,-1.1292189333746434,0.1761579805543813,6,state-dependent / modulatory,state-dependent / modulatory,habenular / hypothalamic / raphe state system,state system
Zebrafish,rRa,0.0269259809549133,-0.5069136582041928,0.8029159503417844,-0.2643162780103101,0.3452293770895476,-0.0190345072292582,0.0061566753726774,0.7199340844748205,-1.1016551812787536,0.1589106037151702,6,state-dependent / modulatory,state-dependent / modulatory,habenular / hypothalamic / raphe state system,state system
Zebrafish,rRa,0.0269259809549133,-0.5069136582041928,0.8029159503417844,-0.2643162780103101,0.3452293770895476,-0.0166615668384918,0.0056330647583689,0.6717059365243366,-0.9803592996264436,0.1756040925912488,6,state-dependent / modulatory,state-dependent / modulatory,habenular / hypothalamic / raphe state system,state system
Zebrafish,rRa,0.0269259809549133,-0.5069136582041928,0.8029159503417844,-0.2643162780103101,0.3452293770895476,-0.0206526168823533,0.0104195874534922,0.7362369010720659,-1.131341281885866,0.1458877983971199,6,state-dependent / modulatory,state-dependent / modulatory,habenular / hypothalamic / raphe state system,state system
Zebrafish,rRa,0.0269259809549133,-0.5069136582041928,0.8029159503417844,-0.2643162780103101,0.3452293770895476,-0.0198811637402325,0.008435250103286,0.6974234693877551,-1.1685598141655118,0.177520040934675,6,state-dependent / modulatory,state-dependent / modulatory,habenular / hypothalamic / raphe state system,state system
Zebrafish,rRa,0.0269259809549133,-0.5069136582041928,0.8029159503417844,-0.2643162780103101,0.3452293770895476,-0.0204033974797751,0.0057943244074423,0.6533908317580341,-1.0544990443533195,0.1615868243012369,6,state-dependent / modulatory,state-dependent / modulatory,habenular / hypothalamic / raphe state system,state system
Zebrafish,rSP,1.6255425838240107,-0.1574951752049005,-0.2393960301928908,1.2373570928776072,0.4124918134735601,0.0042632002587752,-0.0055404229839743,0.5767617899322266,2.6451334207355144,0.2310674906094753,5,associative / learning,associative / learning,telencephalic associative,telencephalon
Zebrafish,rSP,1.6255425838240107,-0.1574951752049005,-0.2393960301928908,1.2373570928776072,0.4124918134735601,0.0097014729097683,1.2826985882739475e-05,0.6566100976405033,2.082182020237939,0.1253592445600109,5,associative / learning,associative / learning,telencephalic associative,telencephalon
Zebrafish,rSP,1.6255425838240107,-0.1574951752049005,-0.2393960301928908,1.2373570928776072,0.4124918134735601,0.0112353267694618,-0.0033952064956306,0.6324038722412673,2.302918370784166,0.1910686514107976,5,associative / learning,associative / learning,telencephalic associative,telencephalon
Zebrafish,rSP,1.6255425838240107,-0.1574951752049005,-0.2393960301928908,1.2373570928776072,0.4124918134735601,0.0145122419134045,-0.0033170722222282,0.6634341750219113,2.666550470195457,0.2512009042102289,5,associative / learning,associative / learning,telencephalic associative,telencephalon
Zebrafish,rSP,1.6255425838240107,-0.1574951752049005,-0.2393960301928908,1.2373570928776072,0.4124918134735601,-0.0022085665495317,-0.0016056656917991,0.6671175746383503,2.619427989411732,0.2040133779264214,5,associative / learning,associative / learning,telencephalic associative,telencephalon
Zebrafish,rSP,1.6255425838240107,-0.1574951752049005,-0.2393960301928908,1.2373570928776072,0.4124918134735601,-0.0042866103333149,-0.0023470415803456,0.572842049204755,2.2521437688390726,0.2272146507666098,5,associative / learning,associative / learning,telencephalic associative,telencephalon
Zebrafish,rSP,1.6255425838240107,-0.1574951752049005,-0.2393960301928908,1.2373570928776072,0.4124918134735601,0.0047638318603937,0.0084862004204375,0.6117725358833248,2.10444949562984,0.1631044148563419,5,associative / learning,associative / learning,telencephalic associative,telencephalon
Zebrafish,rT,0.0001675905027689,0.971582462951488,-0.2230698310043855,-0.3020833547248165,-0.0828605649677342,-0.0238812517382032,-0.0018451255021339,0.5267826025151051,0.6269606412664458,0.1606068502198097,4,integrative relay,integrative relay,diencephalic / state relay,diencephalon
Zebrafish,rT,0.0001675905027689,0.971582462951488,-0.2230698310043855,-0.3020833547248165,-0.0828605649677342,-0.0162431597703142,-0.0024439823818074,0.5743175363135318,0.6606424606944424,0.1957965722898611,4,integrative relay,integrative relay,diencephalic / state relay,diencephalon
Zebrafish,rT,0.0001675905027689,0.971582462951488,-0.2230698310043855,-0.3020833547248165,-0.0828605649677342,-0.0169599826439189,-0.0018227454584885,0.5506343163779561,0.910326237055838,0.1524096963412381,4,integrative relay,integrative relay,diencephalic / state relay,diencephalon
Zebrafish,rT,0.0001675905027689,0.971582462951488,-0.2230698310043855,-0.3020833547248165,-0.0828605649677342,-0.0209693085801675,-0.0015901178023219,0.548396612116181,0.8917221452466781,0.1801440448530558,4,integrative relay,integrative relay,diencephalic / state relay,diencephalon
Zebrafish,rT,0.0001675905027689,0.971582462951488,-0.2230698310043855,-0.3020833547248165,-0.0828605649677342,-0.0198655489821491,-0.0009601234524792,0.5011148564591925,0.7506739470650821,0.1579747647252861,4,integrative relay,integrative relay,diencephalic / state relay,diencephalon
Zebrafish,rT,0.0001675905027689,0.971582462951488,-0.2230698310043855,-0.3020833547248165,-0.0828605649677342,-0.024441773486817,-0.0020668188758269,0.5517275297477777,0.6765290105250404,0.1484406176263608,4,integrative relay,integrative relay,diencephalic / state relay,diencephalon
Zebrafish,rT,0.0001675905027689,0.971582462951488,-0.2230698310043855,-0.3020833547248165,-0.0828605649677342,-0.0248616023613117,-0.0034319852380419,0.6183591852186933,0.7468494794933032,0.1614043901308705,4,integrative relay,integrative relay,diencephalic / state relay,diencephalon
Zebrafish,rTS,-2.2703376196209306,-1.930790588899463,1.937005503194012,-2.085483449710981,-0.6530308524828703,-0.0038580661551267,-0.015784412181488,0.8356276521099938,1.0549023232654466,0.1969090326713645,1,visual / optic,visual / optic,visual / optic midbrain,mesencephalon
Zebrafish,rTeO,0.1595628735529932,-0.5274194817084695,0.9202568185801256,0.5427007172755779,-0.8020438180261555,-0.0221648373012576,-0.0036723258459201,0.691686373515378,-0.8524180188540805,0.1373105621911926,1,visual / optic,visual / optic,visual / optic midbrain,mesencephalon
Zebrafish,rTeO,0.1595628735529932,-0.5274194817084695,0.9202568185801256,0.5427007172755779,-0.8020438180261555,-0.0218807882980858,-0.0051702952012688,0.715193872749447,-0.6640242779572929,0.1445242657115943,1,visual / optic,visual / optic,visual / optic midbrain,mesencephalon
Zebrafish,rTeO,0.1595628735529932,-0.5274194817084695,0.9202568185801256,0.5427007172755779,-0.8020438180261555,-0.0186269903254124,-0.0027028050211798,0.7178667870678586,-0.6438911928752412,0.1380916461939413,1,visual / optic,visual / optic,visual / optic midbrain,mesencephalon
Zebrafish,rTeO,0.1595628735529932,-0.5274194817084695,0.9202568185801256,0.5427007172755779,-0.8020438180261555,-0.0212136399348867,-0.0036371169258184,0.6794808606429392,-0.7255241327407493,0.1289944470541114,1,visual / optic,visual / optic,visual / optic midbrain,mesencephalon
Zebrafish,rTeO,0.1595628735529932,-0.5274194817084695,0.9202568185801256,0.5427007172755779,-0.8020438180261555,-0.0218913908469203,-0.0031434679394961,0.7442232088138271,-0.7754723082795963,0.1400891524652346,1,visual / optic,visual / optic,visual / optic midbrain,mesencephalon
Zebrafish,rTeO,0.1595628735529932,-0.5274194817084695,0.9202568185801256,0.5427007172755779,-0.8020438180261555,-0.0238742627943315,-0.0041129238660788,0.7297443869007962,-0.5965570840594967,0.1349520508250319,1,visual / optic,visual / optic,visual / optic midbrain,mesencephalon
Zebrafish,rTh,0.9013717040253286,0.3217400484925911,0.2632932520803065,0.1006794952568121,-0.0885849494746338,-0.009248086832887,-0.0019979202698031,0.5813392455490988,-0.364092667261627,0.2388436683886463,4,integrative relay,integrative relay,diencephalic / state relay,diencephalon
Zebrafish,rTh,0.9013717040253286,0.3217400484925911,0.2632932520803065,0.1006794952568121,-0.0885849494746338,-0.0122124107809828,-0.0031448814705737,0.5601718803469649,-0.3177109838736652,0.2816198987103233,4,integrative relay,integrative relay,diencephalic / state relay,diencephalon
Zebrafish,rTh,0.9013717040253286,0.3217400484925911,0.2632932520803065,0.1006794952568121,-0.0885849494746338,-0.0101136138986354,-0.0003279082270046,0.6529469632351552,-0.1045099312613758,0.2429156571906646,4,integrative relay,integrative relay,diencephalic / state relay,diencephalon
Zebrafish,rTh,0.9013717040253286,0.3217400484925911,0.2632932520803065,0.1006794952568121,-0.0885849494746338,-0.0071339273890906,-0.0030444360501284,0.6351231200690334,-0.2776605226416416,0.2915952694455968,4,integrative relay,integrative relay,diencephalic / state relay,diencephalon
Zebrafish,rTh,0.9013717040253286,0.3217400484925911,0.2632932520803065,0.1006794952568121,-0.0885849494746338,-0.0112954475682798,-0.002722484486155,0.6462817250861791,-0.3873067411896781,0.2718457670886942,4,integrative relay,integrative relay,diencephalic / state relay,diencephalon
Zebrafish,rTh,0.9013717040253286,0.3217400484925911,0.2632932520803065,0.1006794952568121,-0.0885849494746338,-0.0161646158073484,-0.0009029777787503,0.6891986018478514,-0.3316154384509759,0.2329098158767926,4,integrative relay,integrative relay,diencephalic / state relay,diencephalon
Zebrafish,rTh,0.9013717040253286,0.3217400484925911,0.2632932520803065,0.1006794952568121,-0.0885849494746338,-0.0143704603670719,-0.0018861478868911,0.5924722889745077,-0.3588418425631263,0.2436275899642533,4,integrative relay,integrative relay,diencephalic / state relay,diencephalon
Zebrafish,raRF,-1.0317712216390986,0.8282758720214032,-0.6453702041917926,-1.5168615395029186,-0.0126012890315443,-0.0230319581080262,-0.0044652265507074,0.6858324661810611,0.3880953861591228,0.1586663828428503,3,sensorimotor output,sensorimotor output,hindbrain / cerebellar / motor,hindbrain / motor
Zebrafish,raRF,-1.0317712216390986,0.8282758720214032,-0.6453702041917926,-1.5168615395029186,-0.0126012890315443,-0.027619399326916,-0.0042729512611175,0.6287514588153394,0.3114064672751511,0.1552489587797668,3,sensorimotor output,sensorimotor output,hindbrain / cerebellar / motor,hindbrain / motor
Zebrafish,raRF,-1.0317712216390986,0.8282758720214032,-0.6453702041917926,-1.5168615395029186,-0.0126012890315443,-0.0191558753376233,-0.0072160325387638,0.6547761330226326,0.5440402308447937,0.1306450071667463,3,sensorimotor output,sensorimotor output,hindbrain / cerebellar / motor,hindbrain / motor
Zebrafish,rimRF,-1.0095435921971287,1.2704261037003104,-1.5635353644084269,-0.311949762068345,0.0786296088382009,-0.0269817417522108,0.0055850784790989,0.4313650913673598,-0.333271606827308,0.1626223521251178,3,sensorimotor output,sensorimotor output,hindbrain / cerebellar / motor,hindbrain / motor
Zebrafish,rimRF,-1.0095435921971287,1.2704261037003104,-1.5635353644084269,-0.311949762068345,0.0786296088382009,-0.0230054703316894,0.0029015270158264,0.5642604565809655,-0.4198466616694207,0.1826634468814005,3,sensorimotor output,sensorimotor output,hindbrain / cerebellar / motor,hindbrain / motor
Zebrafish,rimRF,-1.0095435921971287,1.2704261037003104,-1.5635353644084269,-0.311949762068345,0.0786296088382009,-0.0209074329982654,-0.0002463961238982,0.5323389964383782,-0.2107216038776369,0.1592435418140177,3,sensorimotor output,sensorimotor output,hindbrain / cerebellar / motor,hindbrain / motor
Zebrafish,rimRF,-1.0095435921971287,1.2704261037003104,-1.5635353644084269,-0.311949762068345,0.0786296088382009,-0.0239724919637183,-0.000482131001817,0.55098818472874,-0.1001685105701624,0.1950013714117513,3,sensorimotor output,sensorimotor output,hindbrain / cerebellar / motor,hindbrain / motor
Zebrafish,rimRF,-1.0095435921971287,1.2704261037003104,-1.5635353644084269,-0.311949762068345,0.0786296088382009,-0.0239927077739265,0.0035706491312224,0.5184136640239131,-0.3896389340382766,0.1757375644491719,3,sensorimotor output,sensorimotor output,hindbrain / cerebellar / motor,hindbrain / motor
Zebrafish,rimRF,-1.0095435921971287,1.2704261037003104,-1.5635353644084269,-0.311949762068345,0.0786296088382009,-0.0285760802397077,0.002461199119543,0.4979068964070351,-0.7385689176546191,0.1694449676649714,3,sensorimotor output,sensorimotor output,hindbrain / cerebellar / motor,hindbrain / motor
Zebrafish,rpRF,0.0596239700872639,0.0464253547604364,-0.8035803531727199,0.3173520256789962,0.7720974666356809,-0.011002932108895,0.0101622221956036,0.4424560244325993,-1.5138897971992478,0.1707007310049472,3,sensorimotor output,sensorimotor output,hindbrain / cerebellar / motor,hindbrain / motor
Zebrafish,rpRF,0.0596239700872639,0.0464253547604364,-0.8035803531727199,0.3173520256789962,0.7720974666356809,-0.0101222299398859,0.0067124301655567,0.5418283627673023,-1.6903639808178874,0.1777487152878963,3,sensorimotor output,sensorimotor output,hindbrain / cerebellar / motor,hindbrain / motor
Zebrafish,rpRF,0.0596239700872639,0.0464253547604364,-0.8035803531727199,0.3173520256789962,0.7720974666356809,-0.0069540464655237,0.0062686754132932,0.4591935847244751,-1.5027374388106542,0.1825604150956946,3,sensorimotor output,sensorimotor output,hindbrain / cerebellar / motor,hindbrain / motor
Zebrafish,rpRF,0.0596239700872639,0.0464253547604364,-0.8035803531727199,0.3173520256789962,0.7720974666356809,-0.0064394599194731,0.009188609312681,0.4765957074928604,-1.4746984784405217,0.2582582866656576,3,sensorimotor output,sensorimotor output,hindbrain / cerebellar / motor,hindbrain / motor
Zebrafish,rpRF,0.0596239700872639,0.0464253547604364,-0.8035803531727199,0.3173520256789962,0.7720974666356809,-0.009252681572599,0.0090829554437422,0.4891284204470335,-1.5758724001406683,0.1813209688084179,3,sensorimotor output,sensorimotor output,hindbrain / cerebellar / motor,hindbrain / motor
Zebrafish,rpRF,0.0596239700872639,0.0464253547604364,-0.8035803531727199,0.3173520256789962,0.7720974666356809,-0.0070983116274345,0.0081979605187281,0.5252083728432756,-1.8562988657276431,0.1415725930698338,3,sensorimotor output,sensorimotor output,hindbrain / cerebellar / motor,hindbrain / motor
Zebrafish,rpRF,0.0596239700872639,0.0464253547604364,-0.8035803531727199,0.3173520256789962,0.7720974666356809,-0.0072699438575574,0.0086489323744127,0.5210451432198578,-1.690039399378406,0.1333004307250538,3,sensorimotor output,sensorimotor output,hindbrain / cerebellar / motor,hindbrain / motor
