species,recording_id,node,n_nodes_recording,n_time,n_finite_net_te_edges,NetTE,NetTE_z,root_area_id,n_communities,n_cells
C. elegans,2023-01-05-01,AVER,68,802,4556,0.020395505161327265,1.5529639760558795,,,
C. elegans,2023-01-05-01,RIH,68,802,4556,-0.011130954482459099,-0.8475382783434715,,,
C. elegans,2023-01-05-01,URYVL,68,802,4556,-0.002713488985405757,-0.20661173187069667,,,
C. elegans,2023-01-05-01,RMDDR,68,802,4556,-0.013420406400014729,-1.0218627839025471,,,
C. elegans,2023-01-05-01,RMDL,68,802,4556,0.029012585733836315,2.2090897058196957,,,
C. elegans,2023-01-05-01,RIBL,68,802,4556,0.046327557549016844,3.527494288726745,,,
C. elegans,2023-01-05-01,SMDVL,68,802,4556,0.005452414986764169,0.41516030076113697,,,
C. elegans,2023-01-05-01,IL2VR,68,802,4556,-0.015762512007828917,-1.2001964710695874,,,
C. elegans,2023-01-05-01,RMED,68,802,4556,0.007802780439051252,0.594122912821813,,,
C. elegans,2023-01-05-01,URXL,68,802,4556,0.011313613303311213,0.861446370663246,,,
C. elegans,2023-01-05-01,ADEL,68,802,4556,-0.00026269241044979327,-0.020002046871844488,,,
C. elegans,2023-01-05-01,RMDDL,68,802,4556,-0.005114264441661271,-0.3894126857413242,,,
C. elegans,2023-01-05-01,ASKR,68,802,4556,-0.005890723394051,-0.44853418199304373,,,
C. elegans,2023-01-05-01,AUAL,68,802,4556,-0.004493713361047275,-0.3421623986867343,,,
C. elegans,2023-01-05-01,AVAR,68,802,4556,0.002156924292966546,0.16423352594414792,,,
C. elegans,2023-01-05-01,AIZL,68,802,4556,-0.007114688945043434,-0.5417299324091095,,,
C. elegans,2023-01-05-01,RIVR,68,802,4556,0.00435360865555772,0.3314944814775173,,,
C. elegans,2023-01-05-01,RID,68,802,4556,0.023156689960700777,1.7632073846276286,,,
C. elegans,2023-01-05-01,RMDVL,68,802,4556,0.009611013661122724,0.7318062421618989,,,
C. elegans,2023-01-05-01,IL2DR,68,802,4556,-0.002996795602168742,-0.22818339516273514,,,
C. elegans,2023-01-05-01,SMDVR,68,802,4556,0.001101559939164417,0.08387548577283294,,,
C. elegans,2023-01-05-01,AIBR,68,802,4556,0.02477275324946752,1.8862584221297476,,,
C. elegans,2023-01-05-01,IL1DL,68,802,4556,-0.00792368190766562,-0.6033286482976066,,,
C. elegans,2023-01-05-01,RICL,68,802,4556,-0.005473263629289793,-0.41674776773171995,,,
C. elegans,2023-01-05-01,RICR,68,802,4556,-0.00708207252152442,-0.5392464376217946,,,
C. elegans,2023-01-05-01,IL1VL,68,802,4556,0.0013558786975231,0.10323994215880035,,,
C. elegans,2023-01-05-01,ALA,68,802,4556,0.006073656582137692,0.4624631653095423,,,
C. elegans,2023-01-05-01,AVJL,68,802,4556,-0.010750288310712208,-0.8185534188388908,,,
C. elegans,2023-01-05-01,URXR,68,802,4556,0.015917392786335242,1.211989474856514,,,
C. elegans,2023-01-05-01,URYDR,68,802,4556,-0.00865240737536573,-0.6588155995067669,,,
C. elegans,2023-01-05-01,CEPDL,68,802,4556,-0.008773962813706343,-0.6680711298475692,,,
C. elegans,2023-01-05-01,RIMR,68,802,4556,-0.0024042046862905934,-0.18306206388815166,,,
C. elegans,2023-01-05-01,AVJR,68,802,4556,-0.0007570312040738714,-0.05764221966446371,,,
C. elegans,2023-01-05-01,RIML,68,802,4556,-0.006044782669100059,-0.46026463448421917,,,
C. elegans,2023-01-05-01,OLLR,68,802,4556,0.039571315038748556,3.0130573503449156,,,
C. elegans,2023-01-05-01,OLQDR,68,802,4556,0.0025608097422357063,0.19498635840438266,,,
C. elegans,2023-01-05-01,AWCL,68,802,4556,-0.005260132971299914,-0.40051947471160093,,,
C. elegans,2023-01-05-01,AVEL,68,802,4556,0.01653503107195317,1.2590179745288965,,,
C. elegans,2023-01-05-01,AVHL,68,802,4556,-0.0063494015108982015,-0.48345906306044156,,,
C. elegans,2023-01-05-01,URYDL,68,802,4556,-0.015806778678825732,-1.2035670443823936,,,
C. elegans,2023-01-05-01,RIVL,68,802,4556,0.009046561693969722,0.6888274797204276,,,
C. elegans,2023-01-05-01,RIR,68,802,4556,-0.005097435329880757,-0.38813127573762835,,,
C. elegans,2023-01-05-01,OLQVL,68,802,4556,-0.005095507988059732,-0.3879845231863224,,,
C. elegans,2023-01-05-01,OLQDL,68,802,4556,0.006620735529157734,0.5041191032262778,,,
C. elegans,2023-01-05-01,IL2VR,68,802,4556,-0.015762512007828917,-1.2001964710695874,,,
C. elegans,2023-01-05-01,RMEL,68,802,4556,0.027476599828859926,2.092135957467297,,,
C. elegans,2023-01-05-01,RIAR,68,802,4556,-0.008171757304378207,-0.6222177197568862,,,
C. elegans,2023-01-05-01,AIZR,68,802,4556,-0.00048144172713316335,-0.03665815839784143,,,
C. elegans,2023-01-05-01,AWAL,68,802,4556,-0.00941539037451202,-0.716911003501171,,,
C. elegans,2023-01-05-01,AIBL,68,802,4556,-0.003538128758159005,-0.2694018344045121,,,
C. elegans,2023-01-05-01,ADER,68,802,4556,-0.001112848293140238,-0.08473500883611344,,,
C. elegans,2023-01-05-01,OLLL,68,802,4556,-0.004943739776924209,-0.3764285179420487,,,
C. elegans,2023-01-05-01,AVDL,68,802,4556,0.004677817170008684,0.3561805159586644,,,
C. elegans,2023-01-05-01,FLPL,68,802,4556,0.0028939697412452264,0.22035398095808298,,,
C. elegans,2023-01-05-01,ASGL,68,802,4556,-0.0013507022656903118,-0.10284579589484451,,,
C. elegans,2023-01-05-01,IL1DR,68,802,4556,-0.0015574515501564344,-0.11858819542412997,,,
C. elegans,2023-01-05-01,IL1L,68,802,4556,-0.012721248229968556,-0.9686271595304856,,,
C. elegans,2023-01-05-01,RIAL,68,802,4556,-0.008829838160315642,-0.672325616301693,,,
C. elegans,2023-01-05-01,ADAL,68,802,4556,0.005830012360773998,0.44391149445073735,,,
C. elegans,2023-01-05-01,AVDR,68,802,4556,-0.0031174877557978704,-0.23737319288022599,,,
C. elegans,2023-01-05-01,IL1VR,68,802,4556,-0.006115747617007356,-0.46566808033128165,,,
C. elegans,2023-01-05-01,ASKL,68,802,4556,-0.007891156993227814,-0.6008521212370272,,,
C. elegans,2023-01-05-01,CEPVL,68,802,4556,-0.024675491571364925,-1.878852678503918,,,
C. elegans,2023-01-05-01,AVAL,68,802,4556,-0.025345421134410535,-1.9298627647790738,,,
C. elegans,2023-01-05-01,AWBL,68,802,4556,-0.0019023262054468938,-0.14484780074816497,,,
C. elegans,2023-01-05-01,IL1R,68,802,4556,-0.01006608995570238,-0.7664568716142762,,,
C. elegans,2023-01-05-01,OLQVR,68,802,4556,-0.0056649144940796705,-0.4313405364150364,,,
C. elegans,2023-01-05-01,CEPDR,68,802,4556,-0.006981901373168377,-0.531619159767846,,,
C. elegans,2023-01-05-18,AVAL,69,802,4692,-0.0002879126063308169,-0.06359718186934195,,,
C. elegans,2023-01-05-18,URAVL,69,802,4692,-0.0025229899235771607,-0.5573047011352049,,,
C. elegans,2023-01-05-18,AVDR,69,802,4692,-0.00557201992001895,-1.2308066977305943,,,
C. elegans,2023-01-05-18,IL2DR,69,802,4692,0.004560639399853576,1.007402270603284,,,
C. elegans,2023-01-05-18,RMDL,69,802,4692,0.0024104465160694234,0.5324449228619291,,,
C. elegans,2023-01-05-18,OLQVL,69,802,4692,0.008442288844618388,1.864822057940032,,,
C. elegans,2023-01-05-18,CEPVL,69,802,4692,-0.005059588964515455,-1.1176155280629803,,,
C. elegans,2023-01-05-18,AWAL,69,802,4692,0.0020472869923433426,0.45222640595734626,,,
C. elegans,2023-01-05-18,URBL,69,802,4692,0.002229750290541634,0.4925308292609349,,,
C. elegans,2023-01-05-18,URBR,69,802,4692,-0.005359121145157725,-1.1837793644117747,,,
C. elegans,2023-01-05-18,FLPL,69,802,4692,-0.001486213836304422,-0.3282906325247205,,,
C. elegans,2023-01-05-18,ADLL,69,802,4692,0.004209111283028862,0.9297530218857724,,,
C. elegans,2023-01-05-18,RIAL,69,802,4692,-0.001287259697027398,-0.28434353781251176,,,
C. elegans,2023-01-05-18,RIVL,69,802,4692,-0.000987117069470261,-0.218044859492186,,,
C. elegans,2023-01-05-18,IL2VR,69,802,4692,0.0028602830104237364,0.6318095658607389,,,
C. elegans,2023-01-05-18,AVAR,69,802,4692,0.003119551409791274,0.6890795123131863,,,
C. elegans,2023-01-05-18,AIZR,69,802,4692,-0.007899520927436895,-1.7449297392890977,,,
C. elegans,2023-01-05-18,URADR,69,802,4692,0.0018071168566825165,0.3991750860034856,,,
C. elegans,2023-01-05-18,CEPDL,69,802,4692,-0.008361222085229877,-1.8469151746461987,,,
C. elegans,2023-01-05-18,AINR,69,802,4692,-0.0016269195000443177,-0.35937118783958794,,,
C. elegans,2023-01-05-18,RMER,69,802,4692,-0.0012635870199826764,-0.27911446651016836,,,
C. elegans,2023-01-05-18,OLLL,69,802,4692,-0.0032645795104249468,-0.7211148532095383,,,
C. elegans,2023-01-05-18,AVJR,69,802,4692,0.0010123286145021259,0.22361385223283836,,,
C. elegans,2023-01-05-18,OLLR,69,802,4692,-0.0018859258723073775,-0.41658325497361814,,,
C. elegans,2023-01-05-18,URYDL,69,802,4692,0.004818987210677704,1.064468867720778,,,
C. elegans,2023-01-05-18,IL2VL,69,802,4692,-0.0054682420999983454,-1.2078831551390943,,,
C. elegans,2023-01-05-18,ASEL,69,802,4692,0.003945924523322966,0.8716175465555032,,,
C. elegans,2023-01-05-18,ADER,69,802,4692,-0.0031746274631110805,-0.7012452935350084,,,
C. elegans,2023-01-05-18,CEPDR,69,802,4692,-0.0008637977134257918,-0.19080477572399296,,,
C. elegans,2023-01-05-18,IL1L,69,802,4692,0.008653925666806379,1.9115706378041386,,,
C. elegans,2023-01-05-18,URXL,69,802,4692,-0.0003345032580518698,-0.07388861783206735,,,
C. elegans,2023-01-05-18,OLQDL,69,802,4692,-0.0014038560501875835,-0.31009857359135545,,,
C. elegans,2023-01-05-18,IL2R,69,802,4692,0.002624673017102387,0.5797655383815278,,,
C. elegans,2023-01-05-18,AVER,69,802,4692,-0.006564065392681369,-1.4499401950498332,,,
C. elegans,2023-01-05-18,IL1DR,69,802,4692,-0.0014095887814585034,-0.31136487991219036,,,
C. elegans,2023-01-05-18,OLQDR,69,802,4692,-0.0001340907622773541,-0.02961938591099061,,,
C. elegans,2023-01-05-18,AVJL,69,802,4692,-0.00034444746948345147,-0.07608520043753625,,,
C. elegans,2023-01-05-18,AVEL,69,802,4692,-0.003561915666670634,-0.7867936084612636,,,
C. elegans,2023-01-05-18,URYDR,69,802,4692,0.004115073816274563,0.9089810315518942,,,
C. elegans,2023-01-05-18,URADL,69,802,4692,0.003250285094769375,0.7179573514809797,,,
C. elegans,2023-01-05-18,AVBL,69,802,4692,0.020477706280134435,4.523332365197933,,,
C. elegans,2023-01-05-18,IL1DL,69,802,4692,0.004529599807167443,1.0005459170508377,,,
C. elegans,2023-01-05-18,AWCL,69,802,4692,-0.0004095077916140245,-0.09045641256244677,,,
C. elegans,2023-01-05-18,AIBR,69,802,4692,-0.001476912295551665,-0.3262360098166114,,,
C. elegans,2023-01-05-18,IL2DL,69,802,4692,0.0037013376100993867,0.8175906020553103,,,
C. elegans,2023-01-05-18,IL2L,69,802,4692,0.006497753663138963,1.43529255881909,,,
C. elegans,2023-01-05-18,RICL,69,802,4692,-0.005557240708783208,-1.2275421092263836,,,
C. elegans,2023-01-05-18,RIAR,69,802,4692,-0.0032255372970232854,-0.712490796146076,,,
C. elegans,2023-01-05-18,ASGL,69,802,4692,0.0027005618622838587,0.5965286692161494,,,
C. elegans,2023-01-05-18,ADLR,69,802,4692,-0.0026528716780885343,-0.5859943568902504,,,
C. elegans,2023-01-05-18,URXR,69,802,4692,-0.0016313717117704195,-0.360354639458724,,,
C. elegans,2023-01-05-18,SMDVL,69,802,4692,0.0018804120707125057,0.41536530815534783,,,
C. elegans,2023-01-05-18,RMDVL,69,802,4692,0.0004040483489830255,0.08925047312709625,,,
C. elegans,2023-01-05-18,RID,69,802,4692,0.0046358580225843195,1.02401735561374,,,
C. elegans,2023-01-05-18,AWBL,69,802,4692,0.0038296097332842717,0.8459247054171561,,,
C. elegans,2023-01-05-18,AUAL,69,802,4692,-0.004146395450458773,-0.9158996854137172,,,
C. elegans,2023-01-05-18,URYVL,69,802,4692,-0.0004226774759134218,-0.09336547173225686,,,
C. elegans,2023-01-05-18,SAAVL,69,802,4692,-0.0003564508405287234,-0.07873663199914774,,,
C. elegans,2023-01-05-18,AWBR,69,802,4692,0.00010534194628942326,0.023269043346233715,,,
C. elegans,2023-01-05-18,ASER,69,802,4692,0.0004949638905807777,0.1093328596103695,,,
C. elegans,2023-01-05-18,ASIL,69,802,4692,-0.0007965282713034656,-0.17594558980843397,,,
C. elegans,2023-01-05-18,AVHL,69,802,4692,0.004736423129197662,1.0462312400855085,,,
C. elegans,2023-01-05-18,AIZL,69,802,4692,-0.004609737248769191,-1.0182475228021128,,,
C. elegans,2023-01-05-18,RMDDL,69,802,4692,-0.003212270839390241,-0.7095603606587143,,,
C. elegans,2023-01-05-18,RIVR,69,802,4692,-0.008216654007895645,-1.8149814485621034,,,
C. elegans,2023-01-05-18,OLQVR,69,802,4692,-0.0003141058727841774,-0.0693830276216896,,,
C. elegans,2023-01-05-18,RMEV,69,802,4692,-0.005799871822499799,-1.2811370360440892,,,
C. elegans,2023-01-05-18,FLPR,69,802,4692,-0.0010321706767221544,-0.22799677681454286,,,
C. elegans,2023-01-05-18,RMDVR,69,802,4692,-0.00011787218699333511,-0.026036855450986343,,,
C. elegans,2023-01-06-01,URADL,65,802,4160,-0.0030153476458760556,-0.5574229290509797,,,
C. elegans,2023-01-06-01,IL2L,65,802,4160,-0.0058184869601434,-1.0756166203269624,,,
C. elegans,2023-01-06-01,RMED,65,802,4160,-0.005533355034618763,-1.022906587601793,,,
C. elegans,2023-01-06-01,ADEL,65,802,4160,-0.001810445476921843,-0.334682411168438,,,
C. elegans,2023-01-06-01,URYDR,65,802,4160,0.0008270491696697399,0.15288989024432936,,,
C. elegans,2023-01-06-01,OLLR,65,802,4160,0.002202315665169721,0.40712428314948046,,,
C. elegans,2023-01-06-01,AIZL,65,802,4160,0.0032011931155590187,0.5917786777830416,,,
C. elegans,2023-01-06-01,ASKL,65,802,4160,0.004191253274331348,0.7748030910357996,,,
C. elegans,2023-01-06-01,URADR,65,802,4160,0.00021834375702568104,0.040363444244217464,,,
C. elegans,2023-01-06-01,IL2DL,65,802,4160,-0.0028581725580172773,-0.5283672419006409,,,
C. elegans,2023-01-06-01,URBL,65,802,4160,-0.008255146857064535,-1.5260622260601686,,,
C. elegans,2023-01-06-01,FLPL,65,802,4160,-0.0024055337371301153,-0.4446915643428052,,,
C. elegans,2023-01-06-01,CEPDR,65,802,4160,0.0006907906630898852,0.1277008822870768,,,
C. elegans,2023-01-06-01,ASKR,65,802,4160,-0.0005551812462588207,-0.10263186630139089,,,
C. elegans,2023-01-06-01,IL1VR,65,802,4160,-0.0022205226875072342,-0.4104900680978772,,,
C. elegans,2023-01-06-01,RIVL,65,802,4160,0.001308756234988745,0.24193917902597473,,,
C. elegans,2023-01-06-01,AVAR,65,802,4160,-0.012471317587927154,-2.3054716057350766,,,
C. elegans,2023-01-06-01,RMDL,65,802,4160,-0.0038085105799415056,-0.7040485450147337,,,
C. elegans,2023-01-06-01,SMDVL,65,802,4160,0.0034618175439331614,0.6399582077437882,,,
C. elegans,2023-01-06-01,SAAVL,65,802,4160,0.001777899498346877,0.32866589936393686,,,
C. elegans,2023-01-06-01,CEPDL,65,802,4160,-0.010353142701550938,-1.9139017477716445,,,
C. elegans,2023-01-06-01,RID,65,802,4160,-0.006106934382103621,-1.1289395620601224,,,
C. elegans,2023-01-06-01,RIH,65,802,4160,-0.0009132151275716913,-0.1688186939110902,,,
C. elegans,2023-01-06-01,AINL,65,802,4160,-0.006645582058433873,-1.2285150010239039,,,
C. elegans,2023-01-06-01,OLQDL,65,802,4160,0.005588202638489616,1.033045820483591,,,
C. elegans,2023-01-06-01,IL1L,65,802,4160,-0.003945534789703338,-0.7293791023256952,,,
C. elegans,2023-01-06-01,RICL,65,802,4160,-0.004894478525923923,-0.9048026551197141,,,
C. elegans,2023-01-06-01,AUAL,65,802,4160,0.0058308494204818775,1.0779019683735052,,,
C. elegans,2023-01-06-01,AVDL,65,802,4160,-0.0018804942925084445,-0.3476317691020871,,,
C. elegans,2023-01-06-01,AIBL,65,802,4160,0.008983574645450403,1.660720779265303,,,
C. elegans,2023-01-06-01,SMDVR,65,802,4160,0.0032609305103997455,0.6028218467693887,,,
C. elegans,2023-01-06-01,IL1R,65,802,4160,-0.00047407291116179084,-0.08763802445298295,,,
C. elegans,2023-01-06-01,URXR,65,802,4160,-0.0015394057756800625,-0.2845774939586676,,,
C. elegans,2023-01-06-01,URAVL,65,802,4160,0.004300528760394898,0.7950039662477575,,,
C. elegans,2023-01-06-01,ASEL,65,802,4160,0.0020201637478907963,0.3734513315743162,,,
C. elegans,2023-01-06-01,AVAL,65,802,4160,0.0009699473258479238,0.17930631651669218,,,
C. elegans,2023-01-06-01,AVER,65,802,4160,0.008138447539684297,1.504488967201838,,,
C. elegans,2023-01-06-01,CEPVL,65,802,4160,0.0009044133207383315,0.1671915750769808,,,
C. elegans,2023-01-06-01,RMGL,65,802,4160,0.0017687434679153347,0.32697329807843983,,,
C. elegans,2023-01-06-01,RMDVR,65,802,4160,0.0032439911053004436,0.5996903959664446,,,
C. elegans,2023-01-06-01,RMDVL,65,802,4160,0.0014922749773447763,0.2758648044973059,,,
C. elegans,2023-01-06-01,RMEL,65,802,4160,-0.00893142191578896,-1.65107972598057,,,
C. elegans,2023-01-06-01,RMER,65,802,4160,0.009696776967147207,1.7925647235978606,,,
C. elegans,2023-01-06-01,AVEL,65,802,4160,0.011174392516087456,2.0657195581417382,,,
C. elegans,2023-01-06-01,RMDDR,65,802,4160,-0.002477376590535492,-0.45797257153657783,,,
C. elegans,2023-01-06-01,SMBVR,65,802,4160,0.0030350051682143525,0.5610568562018622,,,
C. elegans,2023-01-06-01,RMDDL,65,802,4160,0.0035170789951344816,0.6501739452340828,,,
C. elegans,2023-01-06-01,IL1VL,65,802,4160,0.0004502555858807919,0.0832351081794807,,,
C. elegans,2023-01-06-01,ADAL,65,802,4160,-0.0052765139787468995,-0.9754264591129782,,,
C. elegans,2023-01-06-01,IL2DR,65,802,4160,0.0010977677290940416,0.2029354405639222,,,
C. elegans,2023-01-06-01,URYVR,65,802,4160,-0.007589154278364173,-1.4029455650499207,,,
C. elegans,2023-01-06-01,AWBL,65,802,4160,-0.0017541432732317494,-0.32427427818387833,,,
C. elegans,2023-01-06-01,OLQDR,65,802,4160,-0.0010572708516294674,-0.19544911039413407,,,
C. elegans,2023-01-06-01,IL1DL,65,802,4160,-0.005593900981661744,-1.0340992270936347,,,
C. elegans,2023-01-06-01,OLQVL,65,802,4160,-0.002447632276793968,-0.45247398084800916,,,
C. elegans,2023-01-06-01,RMDR,65,802,4160,0.001767272322860898,0.32670133939187695,,,
C. elegans,2023-01-06-01,ASHL,65,802,4160,0.002751895198761775,0.5087206061407388,,,
C. elegans,2023-01-06-01,RIAR,65,802,4160,-0.0005508466856002162,-0.10183057113339493,,,
C. elegans,2023-01-06-01,OLLL,65,802,4160,0.006128407179426393,1.1329090644141702,,,
C. elegans,2023-01-06-01,IL1DR,65,802,4160,-0.0045967636362668485,-0.8497665115952016,,,
C. elegans,2023-01-06-01,AWCL,65,802,4160,0.015237835029255811,2.816895307584223,,,
C. elegans,2023-01-06-01,URXL,65,802,4160,0.013708269460653073,2.534136893113459,,,
C. elegans,2023-01-06-01,AVJL,65,802,4160,0.0030545852351314476,0.5646764647955407,,,
C. elegans,2023-01-06-01,AWAR,65,802,4160,-0.002574174901965723,-0.4758668923981951,,,
C. elegans,2023-01-06-01,CEPVR,65,802,4160,-0.007646947463070722,-1.4136293236348945,,,
C. elegans,2023-01-06-08,ASIL,71,802,4970,-0.0033137450311502663,-0.5527770304173478,,,
C. elegans,2023-01-06-08,RMER,71,802,4970,0.010326548912657392,1.7226065942728217,,,
C. elegans,2023-01-06-08,URAVL,71,802,4970,-0.005333804355169499,-0.8897499670498981,,,
C. elegans,2023-01-06-08,IL2R,71,802,4970,-0.00012280213628966332,-0.020485040215524147,,,
C. elegans,2023-01-06-08,RMDDL,71,802,4970,0.0026362394301680477,0.43976002679106957,,,
C. elegans,2023-01-06-08,RIVL,71,802,4970,-0.003306070779732893,-0.5514968625500877,,,
C. elegans,2023-01-06-08,URYDR,71,802,4970,-0.0007493716637736522,-0.12500522493002952,,,
C. elegans,2023-01-06-08,IL2VL,71,802,4970,-0.0011514698547525372,-0.19208058584527204,,,
C. elegans,2023-01-06-08,IL2DL,71,802,4970,-0.006476789982483095,-1.0804152701848238,,,
C. elegans,2023-01-06-08,IL2VR,71,802,4970,0.00021073358672828922,0.03515318323704127,,,
C. elegans,2023-01-06-08,ADEL,71,802,4970,-0.0034295781961304846,-0.5720995529287982,,,
C. elegans,2023-01-06-08,URXL,71,802,4970,-0.005392541463288415,-0.8995481029644185,,,
C. elegans,2023-01-06-08,SMDVR,71,802,4970,0.010765360998871307,1.7958063243813176,,,
C. elegans,2023-01-06-08,IL2DR,71,802,4970,-0.0032059915309026444,-0.5348023041411746,,,
C. elegans,2023-01-06-08,URBL,71,802,4970,-0.007162451658816777,-1.1947928163604717,,,
C. elegans,2023-01-06-08,AWCR,71,802,4970,0.0011534689654890493,0.19241406427708158,,,
C. elegans,2023-01-06-08,SAAVR,71,802,4970,-0.0007219318566266469,-0.1204278977768052,,,
C. elegans,2023-01-06-08,AIZL,71,802,4970,-0.007723254718520677,-1.28834227387093,,,
C. elegans,2023-01-06-08,AUAL,71,802,4970,0.0012944431698584248,0.21593044870744965,,,
C. elegans,2023-01-06-08,ASGR,71,802,4970,0.00023962717765622089,0.039973020985901386,,,
C. elegans,2023-01-06-08,URYDL,71,802,4970,-0.00813487373838484,-1.3570058364941624,,,
C. elegans,2023-01-06-08,RIBL,71,802,4970,0.008664933143643326,1.4454268408952957,,,
C. elegans,2023-01-06-08,CEPDR,71,802,4970,0.0069264097617239805,1.1554178681666627,,,
C. elegans,2023-01-06-08,IL2L,71,802,4970,0.0007573133207057024,0.1263299996167435,,,
C. elegans,2023-01-06-08,AIZR,71,802,4970,-0.0007762398089660838,-0.12948719121671726,,,
C. elegans,2023-01-06-08,IL1DL,71,802,4970,7.561211231697586e-06,0.00126131125108477,,,
C. elegans,2023-01-06-08,FLPL,71,802,4970,-0.0007379784844600477,-0.12310469010650374,,,
C. elegans,2023-01-06-08,AIBR,71,802,4970,-0.0058899534563566745,-0.982523081979869,,,
C. elegans,2023-01-06-08,AVKL,71,802,4970,-0.0027294653293102084,-0.4553113547301122,,,
C. elegans,2023-01-06-08,AVER,71,802,4970,-0.0006549672970501749,-0.10925731282294754,,,
C. elegans,2023-01-06-08,AVDL,71,802,4970,-0.003433261865338322,-0.5727140382638517,,,
C. elegans,2023-01-06-08,RICL,71,802,4970,-0.0012753529295148043,-0.2127459410679355,,,
C. elegans,2023-01-06-08,AVKR,71,802,4970,0.00018744602447584262,0.03126850611597196,,,
C. elegans,2023-01-06-08,CEPDL,71,802,4970,-0.0016815236554982643,-0.28050065533865276,,,
C. elegans,2023-01-06-08,RIVR,71,802,4970,-0.0007857477968508013,-0.1310732508739184,,,
C. elegans,2023-01-06-08,AWBL,71,802,4970,0.0022851992888751013,0.38120183204853575,,,
C. elegans,2023-01-06-08,AINL,71,802,4970,0.001757810591140225,0.2932263374135843,,,
C. elegans,2023-01-06-08,IL1R,71,802,4970,0.012715784515320846,2.121163076136262,,,
C. elegans,2023-01-06-08,AIML,71,802,4970,-0.00335948938183322,-0.56040780046489,,,
C. elegans,2023-01-06-08,AWCL,71,802,4970,0.003983912565171721,0.6645699462440388,,,
C. elegans,2023-01-06-08,IL1VL,71,802,4970,0.0006423325148998746,0.10714966202562932,,,
C. elegans,2023-01-06-08,OLQDL,71,802,4970,0.003782724051495455,0.6310090089665432,,,
C. elegans,2023-01-06-08,IL1VR,71,802,4970,0.01585781616135053,2.6452960152859974,,,
C. elegans,2023-01-06-08,OLLL,71,802,4970,0.00029519814318393426,0.04924300193285772,,,
C. elegans,2023-01-06-08,OLLR,71,802,4970,0.004071716724430116,0.6792168553927186,,,
C. elegans,2023-01-06-08,ASHL,71,802,4970,-0.0004843729440510306,-0.08079989109303787,,,
C. elegans,2023-01-06-08,AIBL,71,802,4970,0.0030257388773983302,0.5047337485968226,,,
C. elegans,2023-01-06-08,ASEL,71,802,4970,-0.006860475262325818,-1.1444191110393773,,,
C. elegans,2023-01-06-08,RIAL,71,802,4970,-0.0017859585487221632,-0.29792179353896286,,,
C. elegans,2023-01-06-08,AVAL,71,802,4970,0.0010865206087487676,0.1812461821731986,,,
C. elegans,2023-01-06-08,IL1DR,71,802,4970,0.003452689815410537,0.5759548804068236,,,
C. elegans,2023-01-06-08,RIML,71,802,4970,-0.008075223329123617,-1.3470553497232616,,,
C. elegans,2023-01-06-08,AVAR,71,802,4970,-0.0127577952937542,-2.1281710363533612,,,
C. elegans,2023-01-06-08,RMDL,71,802,4970,0.006125258028538751,1.0217750345084202,,,
C. elegans,2023-01-06-08,SMDVL,71,802,4970,0.017510119031682075,2.920922252496797,,,
C. elegans,2023-01-06-08,RMGL,71,802,4970,-0.0004432294465533916,-0.07393660494581311,,,
C. elegans,2023-01-06-08,URYVL,71,802,4970,-0.005826213986712401,-0.9718904851991481,,,
C. elegans,2023-01-06-08,OLQDR,71,802,4970,0.001432435534621065,0.23894942237522207,,,
C. elegans,2023-01-06-08,AIMR,71,802,4970,0.01192917563313258,1.9899461847011943,,,
C. elegans,2023-01-06-08,OLQVL,71,802,4970,-0.009496713662076862,-1.5841789659430972,,,
C. elegans,2023-01-06-08,ADAL,71,802,4970,-0.0018184136948100743,-0.3033357463650224,,,
C. elegans,2023-01-06-08,ADLL,71,802,4970,0.0034088503258403705,0.5686418666921875,,,
C. elegans,2023-01-06-08,AVJL,71,802,4970,-0.002379255231707646,-0.39689162238645753,,,
C. elegans,2023-01-06-08,RMEV,71,802,4970,0.012064065967238274,2.012447698130267,,,
C. elegans,2023-01-06-08,AVL,71,802,4970,-0.0010926827033524767,-0.18227410204155572,,,
C. elegans,2023-01-06-08,RIMR,71,802,4970,-0.01077831249477764,-1.7979668072728094,,,
C. elegans,2023-01-06-08,URXR,71,802,4970,-0.002392019195311227,-0.3990208223794616,,,
C. elegans,2023-01-06-08,URYVR,71,802,4970,-0.010011993392972483,-1.6701345228134032,,,
C. elegans,2023-01-06-08,RIAR,71,802,4970,0.0013740036942880807,0.2292022092138414,,,
C. elegans,2023-01-06-08,AWAR,71,802,4970,-0.0026613402767192134,-0.4439471840065716,,,
C. elegans,2023-01-06-08,ASGL,71,802,4970,0.004441218658195023,0.7408547242570992,,,
C. elegans,2023-01-06-15,OLQVR,62,803,3782,0.023622602165556686,3.0275204733236034,,,
C. elegans,2023-01-06-15,BAGL,62,803,3782,0.0011302619130130107,0.14485665287349817,,,
C. elegans,2023-01-06-15,RMER,62,803,3782,-0.008465645781274874,-1.0849742861980456,,,
C. elegans,2023-01-06-15,CEPVL,62,803,3782,-0.008062073939167804,-1.0332517026370536,,,
C. elegans,2023-01-06-15,CEPDR,62,803,3782,-0.0026245049924627497,-0.33636186823678565,,,
C. elegans,2023-01-06-15,IL1VR,62,803,3782,-0.0005782626641544452,-0.07411131264949607,,,
C. elegans,2023-01-06-15,RMDVL,62,803,3782,0.014021016035331856,1.7969617744170052,,,
C. elegans,2023-01-06-15,IL1VL,62,803,3782,-0.00018731342087678103,-0.024006466885328932,,,
C. elegans,2023-01-06-15,AIBR,62,803,3782,0.009291813154718963,1.190857567809626,,,
C. elegans,2023-01-06-15,RMDVR,62,803,3782,-0.0004284271407099609,-0.054908088903013234,,,
C. elegans,2023-01-06-15,IL1L,62,803,3782,-0.0018195782732230736,-0.23320083183002907,,,
C. elegans,2023-01-06-15,RMDDL,62,803,3782,0.0030122946407484773,0.3860617739160942,,,
C. elegans,2023-01-06-15,IL2L,62,803,3782,0.006611077392577158,0.8472890503967262,,,
C. elegans,2023-01-06-15,RIBL,62,803,3782,0.01865201967198571,2.3904805672978484,,,
C. elegans,2023-01-06-15,RIH,62,803,3782,-0.00765201747408779,-0.9806980366798558,,,
C. elegans,2023-01-06-15,SAAVL,62,803,3782,0.005473053077235626,0.7014375523403362,,,
C. elegans,2023-01-06-15,IL2DL,62,803,3782,0.0022884828018274374,0.2932965846363714,,,
C. elegans,2023-01-06-15,RIVL,62,803,3782,-0.008804636849617112,-1.1284200671703206,,,
C. elegans,2023-01-06-15,RIR,62,803,3782,-0.004060574787775812,-0.5204114778420819,,,
C. elegans,2023-01-06-15,ASGL,62,803,3782,0.001586620197471929,0.20334445365374945,,,
C. elegans,2023-01-06-15,URXR,62,803,3782,-0.003885090620876606,-0.49792107207272396,,,
C. elegans,2023-01-06-15,URYDR,62,803,3782,0.013252795686810849,1.6985051007249632,,,
C. elegans,2023-01-06-15,AVAR,62,803,3782,-0.009726333668098542,-1.2465465956786164,,,
C. elegans,2023-01-06-15,URYVL,62,803,3782,-0.021917949804934604,-2.809048778905126,,,
C. elegans,2023-01-06-15,URAVL,62,803,3782,-0.002385903982793704,-0.30578228023601994,,,
C. elegans,2023-01-06-15,RID,62,803,3782,-0.008252056590719165,-1.057600263524503,,,
C. elegans,2023-01-06-15,OLQVL,62,803,3782,0.0002581991012976241,0.033091319063574036,,,
C. elegans,2023-01-06-15,RIAL,62,803,3782,0.0015817176521040455,0.20271613352336573,,,
C. elegans,2023-01-06-15,AVDL,62,803,3782,-0.0005576608178248487,-0.07147093835398076,,,
C. elegans,2023-01-06-15,AWCR,62,803,3782,0.004133245224081734,0.5297250679444596,,,
C. elegans,2023-01-06-15,ASGR,62,803,3782,-0.0028165679748867064,-0.36097704853660667,,,
C. elegans,2023-01-06-15,ADLL,62,803,3782,-0.005359314946919059,-0.6868606435088006,,,
C. elegans,2023-01-06-15,OLLL,62,803,3782,0.007400621001050364,0.9484785562133092,,,
C. elegans,2023-01-06-15,RICL,62,803,3782,-0.007958098181891176,-1.019925959279986,,,
C. elegans,2023-01-06-15,AINR,62,803,3782,-0.009250101242120055,-1.1855116847231806,,,
C. elegans,2023-01-06-15,AWCL,62,803,3782,0.0018290279378850515,0.23441191996628416,,,
C. elegans,2023-01-06-15,AIZR,62,803,3782,-0.0012524886254000776,-0.16052147555245055,,,
C. elegans,2023-01-06-15,AVL,62,803,3782,-0.005701554019404483,-0.7307226952615773,,,
C. elegans,2023-01-06-15,URYDL,62,803,3782,0.008428230220207826,1.0801790322138531,,,
C. elegans,2023-01-06-15,RMEL,62,803,3782,-0.006573536733793969,-0.8424777636362066,,,
C. elegans,2023-01-06-15,AVER,62,803,3782,0.007255012589836263,0.9298170877201567,,,
C. elegans,2023-01-06-15,IL2VL,62,803,3782,-0.0005535684127524986,-0.07094644744248674,,,
C. elegans,2023-01-06-15,IL2VR,62,803,3782,-0.0006209662851738424,-0.07958429509297069,,,
C. elegans,2023-01-06-15,AVAL,62,803,3782,-0.0017753359287647963,-0.22753064347835925,,,
C. elegans,2023-01-06-15,AWBL,62,803,3782,-0.004748846596999069,-0.6086217850314034,,,
C. elegans,2023-01-06-15,IL1DL,62,803,3782,-0.004034588190038506,-0.5170809829147942,,,
C. elegans,2023-01-06-15,ASHL,62,803,3782,0.008074724857285267,1.0348730698911153,,,
C. elegans,2023-01-06-15,IL1DR,62,803,3782,0.0038110085140777685,0.48842655942468677,,,
C. elegans,2023-01-06-15,ADEL,62,803,3782,0.0028469916295534785,0.36487620565449935,,,
C. elegans,2023-01-06-15,AUAL,62,803,3782,-0.01391934692469775,-1.7839316555591362,,,
C. elegans,2023-01-06-15,AVKL,62,803,3782,-0.006781286677893499,-0.8691034166732899,,,
C. elegans,2023-01-06-15,AIBL,62,803,3782,0.004830661515544393,0.6191073504734877,,,
C. elegans,2023-01-06-15,OLQDL,62,803,3782,0.008516453928793891,1.0914859611501706,,,
C. elegans,2023-01-06-15,OLQDR,62,803,3782,0.0020890784350725755,0.2677405176717968,,,
C. elegans,2023-01-06-15,CEPDL,62,803,3782,0.004633223296551537,0.5938032689828815,,,
C. elegans,2023-01-06-15,RMDR,62,803,3782,-0.0008596858750582178,-0.11017908057397695,,,
C. elegans,2023-01-06-15,OLLR,62,803,3782,-0.0020530821818253255,-0.2631271650485245,,,
C. elegans,2023-01-06-15,RMDL,62,803,3782,0.01087985100636016,1.3943837108890988,,,
C. elegans,2023-01-06-15,AVJL,62,803,3782,-0.00811229672256601,-1.0396883561394805,,,
C. elegans,2023-01-06-15,AVEL,62,803,3782,-0.011558341617601392,-1.4813404399612986,,,
C. elegans,2023-01-06-15,AWAL,62,803,3782,-0.0008099209441646567,-0.10380110637461168,,,
C. elegans,2023-01-06-15,URXL,62,803,3782,0.008636875243569287,1.1069194004195597,,,
C. elegans,2023-01-09-08,IL2DR,42,802,1722,-0.006396348624503827,-1.1528801946612308,,,
C. elegans,2023-01-09-08,RMDVR,42,802,1722,0.006287577322491923,1.133275215758636,,,
C. elegans,2023-01-09-08,IL1DL,42,802,1722,-0.0037910230272660693,-0.6832953646235547,,,
C. elegans,2023-01-09-08,SMDVL,42,802,1722,0.020015867067004627,3.6076671356092076,,,
C. elegans,2023-01-09-08,RIAL,42,802,1722,-0.001095578239259464,-0.1974674189748433,,,
C. elegans,2023-01-09-08,OLLR,42,802,1722,0.002198923637621831,0.3963347935218727,,,
C. elegans,2023-01-09-08,URYVL,42,802,1722,-0.002211843581232051,-0.39866348884146496,,,
C. elegans,2023-01-09-08,RIVL,42,802,1722,0.009133216443763052,1.6461742424781436,,,
C. elegans,2023-01-09-08,RIBR,42,802,1722,-0.0001316000566995976,-0.023719641922586795,,,
C. elegans,2023-01-09-08,OLQDL,42,802,1722,0.009625892699482573,1.7349743893968004,,,
C. elegans,2023-01-09-08,IL2R,42,802,1722,-0.000861660607347037,-0.15530602020730622,,,
C. elegans,2023-01-09-08,OLQDR,42,802,1722,-0.0043356653118608495,-0.781461887423596,,,
C. elegans,2023-01-09-08,AVDR,42,802,1722,0.0011495573564317461,0.20719663462059756,,,
C. elegans,2023-01-09-08,AVL,42,802,1722,0.004881141779691396,0.8797787637124307,,,
C. elegans,2023-01-09-08,URYDR,42,802,1722,-0.003326235551669925,-0.5995219015436009,,,
C. elegans,2023-01-09-08,AWBR,42,802,1722,-0.00018115930788432358,-0.03265221932060875,,,
C. elegans,2023-01-09-08,SAAVL,42,802,1722,-0.010354186912225834,-1.8662424022973996,,,
C. elegans,2023-01-09-08,RMER,42,802,1722,0.0006698788068652661,0.12073919897043892,,,
C. elegans,2023-01-09-08,AWCL,42,802,1722,-0.005631117640203585,-1.0149546846661746,,,
C. elegans,2023-01-09-08,CEPVR,42,802,1722,7.5603936705847e-05,0.013626880957157543,,,
C. elegans,2023-01-09-08,AVJR,42,802,1722,-0.001605828467905273,-0.28943510514403636,,,
C. elegans,2023-01-09-08,RIMR,42,802,1722,0.0070766224668602955,1.275492998596649,,,
C. elegans,2023-01-09-08,CEPVL,42,802,1722,0.004044575607532458,0.7289957735997848,,,
C. elegans,2023-01-09-08,RMEL,42,802,1722,0.0018303781367751694,0.32990801885704124,,,
C. elegans,2023-01-09-08,AVAL,42,802,1722,-0.0010143903522816366,-0.18283408479656554,,,
C. elegans,2023-01-09-08,CEPDR,42,802,1722,-0.0037503676351258335,-0.6759676220072273,,,
C. elegans,2023-01-09-08,AVJL,42,802,1722,-0.0016105917935737744,-0.29029364868916135,,,
C. elegans,2023-01-09-08,IL2DL,42,802,1722,0.001909539328144392,0.34417606068417717,,,
C. elegans,2023-01-09-08,URXL,42,802,1722,-0.0019454616282802617,-0.35065070908196266,,,
C. elegans,2023-01-09-08,URBL,42,802,1722,-0.0014258730201827082,-0.25699987001536434,,,
C. elegans,2023-01-09-08,AWBL,42,802,1722,-0.004575700341555205,-0.8247258881848131,,,
C. elegans,2023-01-09-08,RIH,42,802,1722,-0.010836946625342306,-1.9532551879826843,,,
C. elegans,2023-01-09-08,AVDL,42,802,1722,0.0005622822711678544,0.10134596037420333,,,
C. elegans,2023-01-09-08,AWAR,42,802,1722,0.0016604924981171178,0.29928776976431215,,,
C. elegans,2023-01-09-08,AVER,42,802,1722,0.006784221056053759,1.222790462321743,,,
C. elegans,2023-01-09-08,CEPDL,42,802,1722,-0.000554296499029689,-0.09990660190929757,,,
C. elegans,2023-01-09-08,RIVR,42,802,1722,0.0007597562681488936,0.13693874517143473,,,
C. elegans,2023-01-09-08,IL1DR,42,802,1722,0.003866545912085023,0.6969076367592385,,,
C. elegans,2023-01-09-08,AVBR,42,802,1722,-0.0073134663465848826,-1.3181818253305708,,,
C. elegans,2023-01-09-08,IL2L,42,802,1722,-0.006779196540338257,-1.2218848417878692,,,
C. elegans,2023-01-09-08,URXR,42,802,1722,0.0007205715993443063,0.12987608626223984,,,
C. elegans,2023-01-09-08,OLLL,42,802,1722,-0.003524106083935139,-0.6351861580041901,,,
C. elegans,2023-01-09-15,ASEL,83,803,6806,0.005555256724974177,0.5308592059538823,,,
C. elegans,2023-01-09-15,AIBL,83,803,6806,0.025980699268965693,2.4827103528890193,,,
C. elegans,2023-01-09-15,AINL,83,803,6806,-0.006587967008468493,-0.6295447911963445,,,
C. elegans,2023-01-09-15,AIZR,83,803,6806,-0.00260568400753437,-0.24899863529040692,,,
C. elegans,2023-01-09-15,AWBL,83,803,6806,-0.001984077357268089,-0.18959802986158325,,,
C. elegans,2023-01-09-15,AVJR,83,803,6806,-0.002504445750646748,-0.2393243279947764,,,
C. elegans,2023-01-09-15,RMDVL,83,803,6806,-0.0009902238420924582,-0.09462558951895216,,,
C. elegans,2023-01-09-15,URBR,83,803,6806,-0.003175817433571659,-0.3034804698514062,,,
C. elegans,2023-01-09-15,CEPVR,83,803,6806,-0.0068094196798711044,-0.6507067635618435,,,
C. elegans,2023-01-09-15,RIBR,83,803,6806,0.04007892355611876,3.8299338064500428,,,
C. elegans,2023-01-09-15,OLLR,83,803,6806,0.0030319096376211353,0.28972867005691083,,,
C. elegans,2023-01-09-15,AWCL,83,803,6806,0.004853170573781724,0.4637679957389348,,,
C. elegans,2023-01-09-15,SAAVL,83,803,6806,-0.008393908056344677,-0.8021201514610008,,,
C. elegans,2023-01-09-15,ADEL,83,803,6806,-0.005442300384244606,-0.5200651209429082,,,
C. elegans,2023-01-09-15,RMDVR,83,803,6806,0.0021342374292200833,0.20394729588272892,,,
C. elegans,2023-01-09-15,URYVR,83,803,6806,0.0034780264073628817,0.3323594980946403,,,
C. elegans,2023-01-09-15,IL1L,83,803,6806,-0.01160988887025191,-1.1094386257915727,,,
C. elegans,2023-01-09-15,ADAL,83,803,6806,-0.00030472372243695034,-0.029119337113793373,,,
C. elegans,2023-01-09-15,AWAR,83,803,6806,-0.004121902089876947,-0.3938881277285876,,,
C. elegans,2023-01-09-15,OLLL,83,803,6806,-0.0046845359226656575,-0.44765330267977627,,,
C. elegans,2023-01-09-15,OLQVR,83,803,6806,-0.004036518253419479,-0.38572886563376185,,,
C. elegans,2023-01-09-15,RIVR,83,803,6806,0.005012100580454594,0.47895531494334065,,,
C. elegans,2023-01-09-15,URYVL,83,803,6806,0.0010223275287620387,0.09769341130601542,,,
C. elegans,2023-01-09-15,IL2DR,83,803,6806,-0.006928699753536423,-0.6621051432096151,,,
C. elegans,2023-01-09-15,URYDR,83,803,6806,-0.005345064851011134,-0.5107733131078593,,,
C. elegans,2023-01-09-15,ASGR,83,803,6806,-0.006394854313514061,-0.6110909812324854,,,
C. elegans,2023-01-09-15,ASER,83,803,6806,0.006529736734763311,0.6239803180510006,,,
C. elegans,2023-01-09-15,FLPR,83,803,6806,-0.0059539728369478115,-0.5689604367488149,,,
C. elegans,2023-01-09-15,CEPDR,83,803,6806,-0.005723608532031019,-0.546946870492106,,,
C. elegans,2023-01-09-15,AWBR,83,803,6806,-0.005201656330286667,-0.4970692239527059,,,
C. elegans,2023-01-09-15,AQR,83,803,6806,-0.010795931609058257,-1.0316570349939542,,,
C. elegans,2023-01-09-15,AVER,83,803,6806,-0.028760018364014435,-2.7483015219266473,,,
C. elegans,2023-01-09-15,IL2VR,83,803,6806,-0.006640836405627285,-0.634596980066177,,,
C. elegans,2023-01-09-15,RICL,83,803,6806,0.0010515341999650272,0.1004843948826469,,,
C. elegans,2023-01-09-15,CEPDL,83,803,6806,-0.00526410364924275,-0.5030366770869495,,,
C. elegans,2023-01-09-15,RMDDL,83,803,6806,-0.017864849349019423,-1.7071613805481267,,,
C. elegans,2023-01-09-15,RMER,83,803,6806,0.02987063085353483,2.8544314261772925,,,
C. elegans,2023-01-09-15,AINR,83,803,6806,-0.010957275378936763,-1.0470750129207453,,,
C. elegans,2023-01-09-15,AVAR,83,803,6806,0.007018470672663344,0.6706836340345713,,,
C. elegans,2023-01-09-15,RIBL,83,803,6806,0.030181862302376978,2.8841726403065073,,,
C. elegans,2023-01-09-15,OLQDR,83,803,6806,-0.001500415235966248,-0.1433793756434995,,,
C. elegans,2023-01-09-15,AVDL,83,803,6806,0.00508145843297454,0.4855831372633931,,,
C. elegans,2023-01-09-15,ASIL,83,803,6806,0.00402129272159553,0.3842739169006185,,,
C. elegans,2023-01-09-15,AWCR,83,803,6806,0.002852862117742529,0.2726189253706811,,,
C. elegans,2023-01-09-15,AUAR,83,803,6806,-0.003616449033515464,-0.34558713617571446,,,
C. elegans,2023-01-09-15,CEPVL,83,803,6806,-0.0006730882907103845,-0.06432018054845731,,,
C. elegans,2023-01-09-15,SMDVL,83,803,6806,0.006643647037095932,0.6348655634392851,,,
C. elegans,2023-01-09-15,AUAL,83,803,6806,-0.003625124555709898,-0.3464161673170959,,,
C. elegans,2023-01-09-15,ASIR,83,803,6806,-0.006343548529514713,-0.6061882109190465,,,
C. elegans,2023-01-09-15,AIBR,83,803,6806,0.024917063513918366,2.3810695358570744,,,
C. elegans,2023-01-09-15,OLQVL,83,803,6806,0.002134790457017174,0.20400014310685702,,,
C. elegans,2023-01-09-15,RIVL,83,803,6806,0.0022472871867659145,0.2147503077857185,,,
C. elegans,2023-01-09-15,IL2DL,83,803,6806,-0.00461223877482087,-0.44074460189461273,,,
C. elegans,2023-01-09-15,OLQDL,83,803,6806,0.0006865570479888063,0.06560725226232873,,,
C. elegans,2023-01-09-15,URBL,83,803,6806,0.0006632850074034653,0.06338338078389259,,,
C. elegans,2023-01-09-15,SAAVR,83,803,6806,-0.00489168192023929,-0.46744813219577397,,,
C. elegans,2023-01-09-15,AVAL,83,803,6806,-0.006129365977880345,-0.5857209697241176,,,
C. elegans,2023-01-09-15,IL1R,83,803,6806,0.021593524512186157,2.06347282291227,,,
C. elegans,2023-01-09-15,AVDR,83,803,6806,5.837277105966222e-05,0.0055780901636375705,,,
C. elegans,2023-01-09-15,ASGL,83,803,6806,0.002958599412154091,0.28272315977963086,,,
C. elegans,2023-01-09-15,SMDVR,83,803,6806,0.001802435480075572,0.1722403689166085,,,
C. elegans,2023-01-09-15,ADLL,83,803,6806,-0.0015725087708679435,-0.1502686192171168,,,
C. elegans,2023-01-09-15,RMEL,83,803,6806,0.016873704646247333,1.6124477937693924,,,
C. elegans,2023-01-09-15,AVHL,83,803,6806,-0.011900273332690075,-1.1371877061280868,,,
C. elegans,2023-01-09-15,RID,83,803,6806,0.016057801833684434,1.5344802864775142,,,
C. elegans,2023-01-09-15,RIH,83,803,6806,-0.0002653750261887571,-0.025359183680788263,,,
C. elegans,2023-01-09-15,RIML,83,803,6806,-0.004832346630778689,-0.461778063968955,,,
C. elegans,2023-01-09-15,RMDDR,83,803,6806,-0.013101002670098859,-1.2519291580859748,,,
C. elegans,2023-01-09-15,URXL,83,803,6806,0.0069762223891377565,0.6666463966294158,,,
C. elegans,2023-01-09-15,ADER,83,803,6806,-0.0029846298720488168,-0.2852106252478255,,,
C. elegans,2023-01-09-15,URYDL,83,803,6806,-0.01202753849076063,-1.1493491388221349,,,
C. elegans,2023-01-09-15,RIAL,83,803,6806,0.0002172166448679244,0.020757178528970445,,,
C. elegans,2023-01-09-15,RIMR,83,803,6806,0.006849064983970472,0.6544952607809507,,,
C. elegans,2023-01-09-15,URADR,83,803,6806,-0.006098233825340566,-0.5827459875414572,,,
C. elegans,2023-01-09-15,AVL,83,803,6806,-0.01018776039451922,-0.9735403170783296,,,
C. elegans,2023-01-09-15,RICR,83,803,6806,0.00032371318596696323,0.030933966397389528,,,
C. elegans,2023-01-09-15,ADLR,83,803,6806,0.00020154290499277078,0.019259399125356937,,,
C. elegans,2023-01-09-15,IL1DL,83,803,6806,-0.00040005595712313494,-0.03822926612567938,,,
C. elegans,2023-01-09-15,URXR,83,803,6806,-0.0018762901430216027,-0.1792979055289608,,,
C. elegans,2023-01-09-15,RMEV,83,803,6806,-0.00736721068459911,-0.7040091588457453,,,
C. elegans,2023-01-09-15,IL1DR,83,803,6806,0.0013091834314339654,0.1251053031869097,,,
C. elegans,2023-01-09-15,FLPL,83,803,6806,-0.0007218916035122174,-0.06898381522179824,,,
C. elegans,2023-01-09-15,SMBVR,83,803,6806,-0.0064591987170179175,-0.6172397193813587,,,
C. elegans,2023-01-09-22,AVDR,81,802,6480,-0.0007791564252892736,-0.1260198470444231,,,
C. elegans,2023-01-09-22,URYVL,81,802,6480,0.0018472597795088142,0.2987736317243205,,,
C. elegans,2023-01-09-22,AIYR,81,802,6480,-0.009796949425368778,-1.5845471179019723,,,
C. elegans,2023-01-09-22,OLQDL,81,802,6480,0.005887182148277115,0.9521859408052726,,,
C. elegans,2023-01-09-22,AIZL,81,802,6480,-0.004200709301324634,-0.6794177991081548,,,
C. elegans,2023-01-09-22,RMDL,81,802,6480,0.007018929564758125,1.1352334415236387,,,
C. elegans,2023-01-09-22,URYDL,81,802,6480,0.003555062418043803,0.574991628913189,,,
C. elegans,2023-01-09-22,CEPVL,81,802,6480,-6.762056842350983e-05,-0.010936871484598132,,,
C. elegans,2023-01-09-22,OLLR,81,802,6480,0.008829963308206656,1.428147916632973,,,
C. elegans,2023-01-09-22,IL2DR,81,802,6480,-9.311709080401797e-05,-0.015060649132152595,,,
C. elegans,2023-01-09-22,BAGL,81,802,6480,0.002366115785471057,0.3826927940224001,,,
C. elegans,2023-01-09-22,URBL,81,802,6480,-0.002042060989490829,-0.3302805511171599,,,
C. elegans,2023-01-09-22,RMDVL,81,802,6480,0.0012603880420146262,0.2038536847236209,,,
C. elegans,2023-01-09-22,SMDVR,81,802,6480,0.003774486836156249,0.6104810771303115,,,
C. elegans,2023-01-09-22,AUAR,81,802,6480,-0.002762371472892583,-0.446782724488935,,,
C. elegans,2023-01-09-22,AWCL,81,802,6480,-0.0028042234769894204,-0.45355181858044286,,,
C. elegans,2023-01-09-22,CEPVR,81,802,6480,-0.001960899140963951,-0.31715352885920634,,,
C. elegans,2023-01-09-22,AVAL,81,802,6480,-0.00039338986740645174,-0.0636264160960766,,,
C. elegans,2023-01-09-22,IL1DR,81,802,6480,-0.006347491614897338,-1.0266358544475096,,,
C. elegans,2023-01-09-22,RIVL,81,802,6480,-0.00819863854858941,-1.3260381899336329,,,
C. elegans,2023-01-09-22,RIAR,81,802,6480,-0.005341757138190661,-0.8639695389193751,,,
C. elegans,2023-01-09-22,RMDDR,81,802,6480,-0.0013587283536213024,-0.21975913146671008,,,
C. elegans,2023-01-09-22,RMER,81,802,6480,0.008751675079432725,1.41548567026594,,,
C. elegans,2023-01-09-22,IL1VR,81,802,6480,0.002738541907761638,0.4429285585532285,,,
C. elegans,2023-01-09-22,ASEL,81,802,6480,-0.0008924799098250114,-0.1443486546165774,,,
C. elegans,2023-01-09-22,OLQVL,81,802,6480,0.003880864312050447,0.6276864454055993,,,
C. elegans,2023-01-09-22,FLPL,81,802,6480,0.00047698576790098366,0.07714711906653661,,,
C. elegans,2023-01-09-22,IL1VL,81,802,6480,0.002547410885799245,0.4120152510691727,,,
C. elegans,2023-01-09-22,ASGR,81,802,6480,-0.006362121983581192,-1.0290021531314464,,,
C. elegans,2023-01-09-22,URYDR,81,802,6480,-0.00586161628534263,-0.948050948097786,,,
C. elegans,2023-01-09-22,AVDL,81,802,6480,-0.010679225902343359,-1.7272454812478824,,,
C. elegans,2023-01-09-22,SMDDL,81,802,6480,-0.007915344634616484,-1.280218564311949,,,
C. elegans,2023-01-09-22,IL2DL,81,802,6480,-0.003989944842418741,-0.6453290025435109,,,
C. elegans,2023-01-09-22,RIH,81,802,6480,-0.0013464590881381022,-0.2177747148472023,,,
C. elegans,2023-01-09-22,RMEV,81,802,6480,0.007499190413400958,1.2129102683109232,,,
C. elegans,2023-01-09-22,AVER,81,802,6480,0.009383311250454968,1.5176457642809458,,,
C. elegans,2023-01-09-22,CEPDR,81,802,6480,-0.0019475612530990838,-0.31499627450812767,,,
C. elegans,2023-01-09-22,ADLL,81,802,6480,-0.002442784516915242,-0.3950931047893928,,,
C. elegans,2023-01-09-22,RIBL,81,802,6480,0.022915405689529194,3.706310859059185,,,
C. elegans,2023-01-09-22,CEPDL,81,802,6480,0.002567882333795063,0.4153262790752025,,,
C. elegans,2023-01-09-22,ADEL,81,802,6480,-0.0021390441968586137,-0.3459665014111952,,,
C. elegans,2023-01-09-22,SMDVL,81,802,6480,0.00299385449380381,0.4842225169898869,,,
C. elegans,2023-01-09-22,AVJL,81,802,6480,-0.011554531065362889,-1.8688163124451767,,,
C. elegans,2023-01-09-22,IL2VL,81,802,6480,-0.0012021043722471258,-0.19442695228467435,,,
C. elegans,2023-01-09-22,AVJR,81,802,6480,0.0005871596322247763,0.09496651075700839,,,
C. elegans,2023-01-09-22,RID,81,802,6480,0.0015281625865399828,0.2471632257197658,,,
C. elegans,2023-01-09-22,AVKR,81,802,6480,-0.003770655790840649,-0.6098614483510033,,,
C. elegans,2023-01-09-22,RMDR,81,802,6480,-0.012417297047376435,-2.0083590712026527,,,
C. elegans,2023-01-09-22,IL2R,81,802,6480,0.001886283258872906,0.3050852435406233,,,
C. elegans,2023-01-09-22,URXL,81,802,6480,-0.005103377572162215,-0.8254143072940083,,,
C. elegans,2023-01-09-22,AINR,81,802,6480,0.0022040455530875857,0.3564797445852009,,,
C. elegans,2023-01-09-22,ASHL,81,802,6480,0.001069592764797439,0.17299468020115732,,,
C. elegans,2023-01-09-22,AIZR,81,802,6480,-0.004162108450723079,-0.673174542772578,,,
C. elegans,2023-01-09-22,ADLR,81,802,6480,-0.0013501445967574188,-0.21837080469182463,,,
C. elegans,2023-01-09-22,OLQVR,81,802,6480,0.005084638692829368,0.8223835029129336,,,
C. elegans,2023-01-09-22,OLLL,81,802,6480,-0.004384276927155467,-0.7091078117662946,,,
C. elegans,2023-01-09-22,AINL,81,802,6480,-0.0008414577479059993,-0.13609638994645992,,,
C. elegans,2023-01-09-22,RMEL,81,802,6480,0.014477182145477812,2.3415224727563864,,,
C. elegans,2023-01-09-22,RMDVR,81,802,6480,-0.0013282748495433206,-0.2148336174090558,,,
C. elegans,2023-01-09-22,URXR,81,802,6480,-0.0030813108682387403,-0.4983676084909393,,,
C. elegans,2023-01-09-22,RIVR,81,802,6480,-0.004032243639784943,-0.6521703604547581,,,
C. elegans,2023-01-09-22,FLPR,81,802,6480,-0.0005557029274617986,-0.08987874019632766,,,
C. elegans,2023-01-09-22,URYVR,81,802,6480,0.005128391404627108,0.8294600152403303,,,
C. elegans,2023-01-09-22,ADAL,81,802,6480,-0.0015242944216255605,-0.24653759326004876,,,
C. elegans,2023-01-09-22,ASGL,81,802,6480,-0.004737189403045755,-0.7661874619985969,,,
C. elegans,2023-01-09-22,RIMR,81,802,6480,-0.005272294682253337,-0.8527347627070097,,,
C. elegans,2023-01-09-22,AIBR,81,802,6480,0.010511885995467008,1.7001801208343346,,,
C. elegans,2023-01-09-22,IL1R,81,802,6480,0.003938839654725734,0.6370633093820148,,,
C. elegans,2023-01-09-22,RIAL,81,802,6480,-0.007636018166228375,-1.2350406286892535,,,
C. elegans,2023-01-09-22,IL1L,81,802,6480,-0.0039892820915185204,-0.6452218099896622,,,
C. elegans,2023-01-09-22,AVEL,81,802,6480,0.008233176911786372,1.331624384317681,,,
C. elegans,2023-01-09-22,AVAR,81,802,6480,-0.003549225011005541,-0.5740474935403406,,,
C. elegans,2023-01-09-22,AIBL,81,802,6480,0.018919947493043508,3.060090133090612,,,
C. elegans,2023-01-09-22,RMDDL,81,802,6480,-0.00439082761654489,-0.7101673125906433,,,
C. elegans,2023-01-09-22,AIMR,81,802,6480,-0.004006984608173059,-0.6480849942857784,,,
C. elegans,2023-01-09-22,ADER,81,802,6480,0.0015737269140087885,0.2545327466425626,,,
C. elegans,2023-01-09-22,AWBL,81,802,6480,-0.0018601373559401335,-0.3008564358436284,,,
C. elegans,2023-01-09-22,AUAL,81,802,6480,0.003486564365756073,0.5639128342168149,,,
C. elegans,2023-01-09-22,AIYL,81,802,6480,-0.0009431713142770415,-0.15254742296163742,,,
C. elegans,2023-01-09-22,AWCR,81,802,6480,0.009997053383079314,1.6169116974975306,,,
C. elegans,2023-01-09-22,IL2L,81,802,6480,-0.0055045542191263395,-0.8903001479895319,,,
C. elegans,2023-01-10-07,ASGR,82,802,6642,0.004044678222056318,0.542273907631816,,,
C. elegans,2023-01-10-07,IL2L,82,802,6642,-0.0016591008056233772,-0.22243724410865026,,,
C. elegans,2023-01-10-07,RID,82,802,6642,0.0025461001087514505,0.34135809559962965,,,
C. elegans,2023-01-10-07,FLPL,82,802,6642,0.0014889181869864013,0.19962069640009855,,,
C. elegans,2023-01-10-07,AVER,82,802,6642,0.0011467052268650984,0.15373987499995162,,,
C. elegans,2023-01-10-07,OLQDR,82,802,6642,0.008065213405425948,1.0813109347970122,,,
C. elegans,2023-01-10-07,AIBL,82,802,6642,0.00974557420797676,1.306598527184844,,,
C. elegans,2023-01-10-07,AUAR,82,802,6642,0.010585655593945835,1.4192290483012053,,,
C. elegans,2023-01-10-07,OLQVR,82,802,6642,-0.0015084152147726293,-0.20223468170730768,,,
C. elegans,2023-01-10-07,IL2VL,82,802,6642,-0.0023163382533054433,-0.31055370218756256,,,
C. elegans,2023-01-10-07,ASEL,82,802,6642,0.0033131456665111475,0.44419663283350336,,,
C. elegans,2023-01-10-07,OLQDL,82,802,6642,-0.003636644972943791,-0.48756849664674523,,,
C. elegans,2023-01-10-07,AIBR,82,802,6642,-0.00013149433600911372,-0.01762957236752968,,,
C. elegans,2023-01-10-07,RIVL,82,802,6642,-0.0038559475472844866,-0.5169706041600064,,,
C. elegans,2023-01-10-07,RIVR,82,802,6642,-0.005771924975565136,-0.7738475446548881,,,
C. elegans,2023-01-10-07,AVDR,82,802,6642,0.001809000080186279,0.24253438432740246,,,
C. elegans,2023-01-10-07,CEPDL,82,802,6642,-0.006488239068727251,-0.8698844655334244,,,
C. elegans,2023-01-10-07,RIML,82,802,6642,-0.015232864612134378,-2.0422848405104843,,,
C. elegans,2023-01-10-07,RMDVL,82,802,6642,-0.001371420244732185,-0.18386763403349624,,,
C. elegans,2023-01-10-07,URXL,82,802,6642,-0.0004279484539616039,-0.057375461694149574,,,
C. elegans,2023-01-10-07,AWAR,82,802,6642,-0.0069942998206481075,-0.9377325183023045,,,
C. elegans,2023-01-10-07,ADLR,82,802,6642,-0.005604487830032745,-0.7513990851716501,,,
C. elegans,2023-01-10-07,URYVL,82,802,6642,-0.005507083461761537,-0.7383399876358311,,,
C. elegans,2023-01-10-07,ADAL,82,802,6642,-0.004391401556804539,-0.5887594393054488,,,
C. elegans,2023-01-10-07,CEPDR,82,802,6642,-0.002852145629591176,-0.38238991355586693,,,
C. elegans,2023-01-10-07,IL2DR,82,802,6642,0.001228770480445391,0.1647424426447905,,,
C. elegans,2023-01-10-07,AVAL,82,802,6642,0.013794631325892748,1.849459517605097,,,
C. elegans,2023-01-10-07,AWAL,82,802,6642,0.0001942874356359842,0.02604830375666484,,,
C. elegans,2023-01-10-07,IL1R,82,802,6642,0.00571955940071065,0.7668268415623956,,,
C. elegans,2023-01-10-07,AVDL,82,802,6642,0.001259308717068173,0.16883673346261527,,,
C. elegans,2023-01-10-07,IL1L,82,802,6642,-0.010462589033382815,-1.402729395910715,,,
C. elegans,2023-01-10-07,ASGL,82,802,6642,0.015438545212623599,2.069860636860149,,,
C. elegans,2023-01-10-07,IL2R,82,802,6642,0.0010597521092660113,0.14208198671502068,,,
C. elegans,2023-01-10-07,AVEL,82,802,6642,0.0019302342614959695,0.2587883678652886,,,
C. elegans,2023-01-10-07,SAADR,82,802,6642,0.0011686607468825965,0.15668347273018696,,,
C. elegans,2023-01-10-07,AINL,82,802,6642,-0.0004929877961332981,-0.06609534898627552,,,
C. elegans,2023-01-10-07,CEPVL,82,802,6642,-0.00018529595550694134,-0.02484280734946463,,,
C. elegans,2023-01-10-07,RMDL,82,802,6642,-0.001986614409264535,-0.2663473086177561,,,
C. elegans,2023-01-10-07,RICL,82,802,6642,-0.002979084850902213,-0.39940877730544844,,,
C. elegans,2023-01-10-07,AVL,82,802,6642,-0.002906610550082383,-0.3896920779412967,,,
C. elegans,2023-01-10-07,AVJL,82,802,6642,-0.0027073482623878593,-0.36297679097420904,,,
C. elegans,2023-01-10-07,RMEL,82,802,6642,-0.003244564065276975,-0.43500183145471916,,,
C. elegans,2023-01-10-07,CEPVR,82,802,6642,-0.0010704016861462194,-0.14350978575178058,,,
C. elegans,2023-01-10-07,SMDVL,82,802,6642,0.010553676108659121,1.4149415278858821,,,
C. elegans,2023-01-10-07,ADER,82,802,6642,-0.0017783495524778435,-0.2384250385354941,,,
C. elegans,2023-01-10-07,ASER,82,802,6642,-0.006728178727288304,-0.902053406818844,,,
C. elegans,2023-01-10-07,AUAL,82,802,6642,-0.011466634922422675,-1.5373427959884343,,,
C. elegans,2023-01-10-07,IL1DR,82,802,6642,-0.0017683619293992244,-0.23708598828292718,,,
C. elegans,2023-01-10-07,RMDDL,82,802,6642,-0.009626097576473628,-1.2905801800435102,,,
C. elegans,2023-01-10-07,RICR,82,802,6642,-0.004931944464572835,-0.6612305479438894,,,
C. elegans,2023-01-10-07,RMER,82,802,6642,0.018148014722283983,2.4331218255007165,,,
C. elegans,2023-01-10-07,RMDDR,82,802,6642,-0.002710488894741235,-0.36339785858087614,,,
C. elegans,2023-01-10-07,RMDVR,82,802,6642,-0.009711456169533873,-1.3020242888866609,,,
C. elegans,2023-01-10-07,AQR,82,802,6642,-0.0036678872765909753,-0.49175718240913574,,,
C. elegans,2023-01-10-07,OLQVL,82,802,6642,-0.0028677170254510407,-0.38447758560704876,,,
C. elegans,2023-01-10-07,AWBL,82,802,6642,0.004175258267648322,0.5597809002018991,,,
C. elegans,2023-01-10-07,URBL,82,802,6642,-0.004763839373831249,-0.6386925364026659,,,
C. elegans,2023-01-10-07,URYVR,82,802,6642,-0.007576871602419887,-1.0158384785872743,,,
C. elegans,2023-01-10-07,RIH,82,802,6642,-0.002547952130166301,-0.3416063978957609,,,
C. elegans,2023-01-10-07,RIBL,82,802,6642,0.024916946649060745,3.340639053054321,,,
C. elegans,2023-01-10-07,AVBR,82,802,6642,0.00794063066152712,1.06460800624534,,,
C. elegans,2023-01-10-07,AWBR,82,802,6642,0.00021399057988925595,0.028689923297272702,,,
C. elegans,2023-01-10-07,AVJR,82,802,6642,-0.0011255376517192214,-0.15090191779810305,,,
C. elegans,2023-01-10-07,OLLR,82,802,6642,0.0027662552983870174,0.3708745140672543,,,
C. elegans,2023-01-10-07,RIR,82,802,6642,-0.009409906587354896,-1.2615952457600113,,,
C. elegans,2023-01-10-07,URYDL,82,802,6642,0.00860123099707627,1.15317532994186,,,
C. elegans,2023-01-10-07,OLLL,82,802,6642,-0.0034187022192212657,-0.4583487015944043,,,
C. elegans,2023-01-10-07,AIZL,82,802,6642,0.0013707337748374074,0.18377559835305998,,,
C. elegans,2023-01-10-07,RMGL,82,802,6642,-0.0030813179838569183,-0.41311527197651426,,,
C. elegans,2023-01-10-07,IL2VR,82,802,6642,-0.003349602525927409,-0.44908443911382323,,,
C. elegans,2023-01-10-07,AWCR,82,802,6642,-0.002859991575283857,-0.3834418270570784,,,
C. elegans,2023-01-10-07,SMDVR,82,802,6642,-0.0016174807524876097,-0.21685720346989157,,,
C. elegans,2023-01-10-07,URXR,82,802,6642,-0.0004841184847779206,-0.06490623186431108,,,
C. elegans,2023-01-10-07,AIZR,82,802,6642,-0.0027335067349854546,-0.366483882607809,,,
C. elegans,2023-01-10-07,IL2DL,82,802,6642,-0.0016840519241432316,-0.2257824646173579,,,
C. elegans,2023-01-10-07,ADEL,82,802,6642,-0.005180888575692771,-0.6946067248626814,,,
C. elegans,2023-01-10-07,IL1DL,82,802,6642,-0.000895932933953448,-0.12011859198627968,,,
C. elegans,2023-01-10-07,SAAVR,82,802,6642,0.002237750779033714,0.3000174037666268,,,
C. elegans,2023-01-10-07,AVAR,82,802,6642,0.009687269026990271,1.2987814953734358,,,
C. elegans,2023-01-10-07,RIBR,82,802,6642,0.03295065307893565,4.417725817271693,,,
C. elegans,2023-01-10-07,AWCL,82,802,6642,-0.007019125066957442,-0.9410608630024279,,,
C. elegans,2023-01-10-07,AINR,82,802,6642,-0.0013099542783439823,-0.17562683267680618,,,
C. elegans,2023-01-10-14,AWAR,75,803,5550,-0.001903763466738766,-0.2757257710412802,,,
C. elegans,2023-01-10-14,AINR,75,803,5550,-0.0010301721649339933,-0.14920184121836957,,,
C. elegans,2023-01-10-14,IL1DR,75,803,5550,9.58139171105423e-05,0.013876916241619791,,,
C. elegans,2023-01-10-14,RIAR,75,803,5550,-0.0027349293065879066,-0.3961051385727744,,,
C. elegans,2023-01-10-14,AIZL,75,803,5550,-0.003362259009123119,-0.4869625213047404,,,
C. elegans,2023-01-10-14,IL2L,75,803,5550,-0.007643764469472614,-1.1070612966502948,,,
C. elegans,2023-01-10-14,IL2DL,75,803,5550,-0.007522711603818188,-1.0895289743306003,,,
C. elegans,2023-01-10-14,CEPDR,75,803,5550,-0.002296969004000539,-0.33267449488927286,,,
C. elegans,2023-01-10-14,AVEL,75,803,5550,0.007980665529929314,1.1558553334526593,,,
C. elegans,2023-01-10-14,RIH,75,803,5550,0.004473851661544324,0.6479566503168376,,,
C. elegans,2023-01-10-14,ADLL,75,803,5550,-0.004610760003383773,-0.6677853521357308,,,
C. elegans,2023-01-10-14,URYDR,75,803,5550,-0.002423230465658609,-0.35096118831348677,,,
C. elegans,2023-01-10-14,OLQVL,75,803,5550,0.0013893117142915806,0.20121672168441368,,,
C. elegans,2023-01-10-14,IL1L,75,803,5550,-0.0033747352612028174,-0.4887694811947067,,,
C. elegans,2023-01-10-14,IL2VR,75,803,5550,-0.0010776649658187274,-0.1560803160770586,,,
C. elegans,2023-01-10-14,RMDL,75,803,5550,0.011849551243080509,1.7161935871100849,,,
C. elegans,2023-01-10-14,AIBL,75,803,5550,-0.010452920304080519,-1.5139168078547547,,,
C. elegans,2023-01-10-14,ADAR,75,803,5550,-0.004690664283803393,-0.6793580447065887,,,
C. elegans,2023-01-10-14,AVAL,75,803,5550,0.01358644208550294,1.9677508709368676,,,
C. elegans,2023-01-10-14,RMDVL,75,803,5550,-0.0018267399479544738,-0.2645703047892189,,,
C. elegans,2023-01-10-14,IL2VL,75,803,5550,-0.0021672756153567055,-0.313890748794998,,,
C. elegans,2023-01-10-14,OLQDL,75,803,5550,0.011123309920281606,1.6110106417551175,,,
C. elegans,2023-01-10-14,ASGL,75,803,5550,-0.002153364534594624,-0.31187597987220056,,,
C. elegans,2023-01-10-14,RMDVR,75,803,5550,-0.0023937289440744886,-0.346688425479348,,,
C. elegans,2023-01-10-14,IL1R,75,803,5550,0.007567568713842829,1.096025716948219,,,
C. elegans,2023-01-10-14,OLQDR,75,803,5550,-0.0013811475096975425,-0.20003428403080847,,,
C. elegans,2023-01-10-14,AIYR,75,803,5550,-0.006981113378124607,-1.0110882483775145,,,
C. elegans,2023-01-10-14,IL2DR,75,803,5550,-0.0018400217723172742,-0.2664939372820419,,,
C. elegans,2023-01-10-14,URYVL,75,803,5550,-0.006690032501347758,-0.9689304380261292,,,
C. elegans,2023-01-10-14,AWBL,75,803,5550,-0.0023950487576738593,-0.34687957665367986,,,
C. elegans,2023-01-10-14,ADEL,75,803,5550,-0.0077059312707548665,-1.1160650355685977,,,
C. elegans,2023-01-10-14,CEPVR,75,803,5550,-0.002442095076815557,-0.3536933866918671,,,
C. elegans,2023-01-10-14,OLLL,75,803,5550,0.0016150359867614147,0.23390880773231623,,,
C. elegans,2023-01-10-14,ASIR,75,803,5550,-0.0015240783974639288,-0.22073524290702445,,,
C. elegans,2023-01-10-14,AVER,75,803,5550,-0.008031470873358829,-1.1632135703002846,,,
C. elegans,2023-01-10-14,CEPVL,75,803,5550,-0.0025906720516612426,-0.3752120793572354,,,
C. elegans,2023-01-10-14,URADL,75,803,5550,-0.0026305250093241234,-0.3809840608412046,,,
C. elegans,2023-01-10-14,AWAL,75,803,5550,-0.009291544250011182,-1.3457124518137697,,,
C. elegans,2023-01-10-14,BAGL,75,803,5550,0.020423702391851283,2.958004598731784,,,
C. elegans,2023-01-10-14,IL2R,75,803,5550,0.00303431123525912,0.4394652064388225,,,
C. elegans,2023-01-10-14,ADER,75,803,5550,-0.002016852642040203,-0.2921046965754626,,,
C. elegans,2023-01-10-14,RIBL,75,803,5550,0.027168259189866744,3.9348318968468083,,,
C. elegans,2023-01-10-14,RMDDL,75,803,5550,-0.003755222550051655,-0.5438761963524296,,,
C. elegans,2023-01-10-14,AVJL,75,803,5550,-0.001969947999106352,-0.28531140577841496,,,
C. elegans,2023-01-10-14,RMER,75,803,5550,0.011844526199121689,1.7154658002057404,,,
C. elegans,2023-01-10-14,AVJR,75,803,5550,-0.0029148654185009327,-0.4221656361409826,,,
C. elegans,2023-01-10-14,AVAR,75,803,5550,0.008119055768797423,1.1758986613046547,,,
C. elegans,2023-01-10-14,RID,75,803,5550,0.0063098379890716896,0.9138661262697113,,,
C. elegans,2023-01-10-14,URYDL,75,803,5550,-0.0003681736998577005,-0.0533233140797082,,,
C. elegans,2023-01-10-14,RMEL,75,803,5550,0.007216005288841962,1.0451081013295458,,,
C. elegans,2023-01-10-14,FLPL,75,803,5550,-0.0022692056476548857,-0.3286534739122223,,,
C. elegans,2023-01-10-14,AQR,75,803,5550,-0.005367604406255269,-0.7774006011863397,,,
C. elegans,2023-01-10-14,AIZR,75,803,5550,-0.0021288530781263474,-0.3083259378884462,,,
C. elegans,2023-01-10-14,OLLR,75,803,5550,-0.0008819085609570934,-0.12772853466631182,,,
C. elegans,2023-01-10-14,IL1DL,75,803,5550,-0.0002065181522706099,-0.02991042624973749,,,
C. elegans,2023-01-10-14,CEPDL,75,803,5550,-0.0078394903766817,-1.1354086610266196,,,
C. elegans,2023-01-10-14,AVBL,75,803,5550,0.002498871270049846,0.3619163933467485,,,
C. elegans,2023-01-10-14,AIML,75,803,5550,-0.004552872829413067,-0.6594014399768241,,,
C. elegans,2023-01-10-14,SMDVL,75,803,5550,0.009202494834302782,1.3328152514861287,,,
C. elegans,2023-01-10-14,AINL,75,803,5550,0.0028604345969031443,0.4142823142285341,,,
C. elegans,2023-01-10-14,AIMR,75,803,5550,-0.00496384532392222,-0.7189233868494623,,,
C. elegans,2023-01-10-14,URXL,75,803,5550,0.004443103174988713,0.6435032871170376,,,
C. elegans,2023-01-10-14,RICR,75,803,5550,-0.005171573387940216,-0.7490090469742418,,,
C. elegans,2023-01-10-14,ASER,75,803,5550,-0.0024628285368157505,-0.3566962540883614,,,
C. elegans,2023-01-10-14,AIBR,75,803,5550,-0.005907664122499479,-0.8556185018191619,,,
C. elegans,2023-01-10-14,RIVR,75,803,5550,0.01243014634172283,1.8002823061305075,,,
C. elegans,2023-01-10-14,RICL,75,803,5550,-0.007592634760293848,-1.0996560812794052,,,
C. elegans,2023-01-10-14,AWCL,75,803,5550,-0.007398247271748192,-1.071502562685079,,,
C. elegans,2023-01-10-14,URYVR,75,803,5550,-0.005342937010465518,-0.7738279742069174,,,
C. elegans,2023-01-10-14,RIVL,75,803,5550,0.0020526691211045747,0.29729206700175037,,,
C. elegans,2023-01-10-14,RMDDR,75,803,5550,-0.0032799546596505346,-0.47504222205808333,,,
C. elegans,2023-01-10-14,SMDVR,75,803,5550,0.012071199746169584,1.748295371539782,,,
C. elegans,2023-01-10-14,AWBR,75,803,5550,-0.0007239693674884525,-0.10485389364203662,,,
C. elegans,2023-01-10-14,URXR,75,803,5550,0.004969445389481322,0.7197344552522036,,,
C. elegans,2023-01-10-14,FLPR,75,803,5550,-0.00204110930898371,-0.29561783689606513,,,
C. elegans,2023-01-13-07,CEPDL,66,802,4290,0.0013042183574045912,0.13864583845426284,,,
C. elegans,2023-01-13-07,FLPL,66,802,4290,-0.0035069181723809896,-0.37280537238245576,,,
C. elegans,2023-01-13-07,URAVL,66,802,4290,-0.0017030372870948099,-0.18104256181304834,,,
C. elegans,2023-01-13-07,AIBR,66,802,4290,0.03513053829200377,3.7345762764275166,,,
C. elegans,2023-01-13-07,RMDVL,66,802,4290,0.006868482699839078,0.7301588245720207,,,
C. elegans,2023-01-13-07,RIVL,66,802,4290,0.010195414530215796,1.0838306238408781,,,
C. elegans,2023-01-13-07,URYDR,66,802,4290,0.0003383484302606991,0.03596836491132583,,,
C. elegans,2023-01-13-07,RICR,66,802,4290,-0.005028167639246295,-0.5345228536877823,,,
C. elegans,2023-01-13-07,AWAL,66,802,4290,0.0018787353797967887,0.1997202696057503,,,
C. elegans,2023-01-13-07,AIBL,66,802,4290,0.030438281661572933,3.235762675871178,,,
C. elegans,2023-01-13-07,ASGR,66,802,4290,-0.0013542078057013531,-0.14396000148043203,,,
C. elegans,2023-01-13-07,AVJR,66,802,4290,-0.0005954674538987348,-0.06330158132592818,,,
C. elegans,2023-01-13-07,AINR,66,802,4290,-0.01364105326745769,-1.4501216433033437,,,
C. elegans,2023-01-13-07,URADL,66,802,4290,-0.007476627174980965,-0.7948080454472474,,,
C. elegans,2023-01-13-07,SAADR,66,802,4290,-0.00786761743733702,-0.8363725368869201,,,
C. elegans,2023-01-13-07,SAAVR,66,802,4290,-0.006021820679568357,-0.6401538303765596,,,
C. elegans,2023-01-13-07,AWBR,66,802,4290,-0.006848415301208913,-0.7280255458208983,,,
C. elegans,2023-01-13-07,IL2L,66,802,4290,-0.0001952784568714172,-0.02075921200716028,,,
C. elegans,2023-01-13-07,IL2R,66,802,4290,0.002937361170892836,0.31225821969863254,,,
C. elegans,2023-01-13-07,AIZR,66,802,4290,-0.0016039953771770008,-0.1705138427801461,,,
C. elegans,2023-01-13-07,SAAVL,66,802,4290,-0.008414885011213633,-0.8945501964852317,,,
C. elegans,2023-01-13-07,RMDDR,66,802,4290,-0.001717770211513842,-0.182608755577584,,,
C. elegans,2023-01-13-07,RMDVR,66,802,4290,-0.013894426475846164,-1.4770566582258249,,,
C. elegans,2023-01-13-07,AVEL,66,802,4290,-0.010174300703578316,-1.0815861038335408,,,
C. elegans,2023-01-13-07,AUAL,66,802,4290,-0.010100685851833602,-1.0737604258825395,,,
C. elegans,2023-01-13-07,RIVR,66,802,4290,-0.006451560726962013,-0.6858376446320468,,,
C. elegans,2023-01-13-07,SMDDR,66,802,4290,0.010786015662773905,1.1466148874963193,,,
C. elegans,2023-01-13-07,ASER,66,802,4290,-0.0023940269137929415,-0.25449869407253384,,,
C. elegans,2023-01-13-07,CEPVL,66,802,4290,0.007050989611100349,0.7495603485513884,,,
C. elegans,2023-01-13-07,RMEL,66,802,4290,0.008062545064717555,0.85709445372135,,,
C. elegans,2023-01-13-07,URBR,66,802,4290,-0.00037815108380369995,-0.040199613644977844,,,
C. elegans,2023-01-13-07,ASIR,66,802,4290,-0.005270602785744186,-0.5602950903429016,,,
C. elegans,2023-01-13-07,ADER,66,802,4290,-0.004962974770559484,-0.5275924804960502,,,
C. elegans,2023-01-13-07,IL1VR,66,802,4290,0.014743277590383618,1.5672943656079572,,,
C. elegans,2023-01-13-07,OLLR,66,802,4290,0.017238957688962057,1.8325993721021152,,,
C. elegans,2023-01-13-07,ADAL,66,802,4290,-0.0018679627945074478,-0.1985750824434311,,,
C. elegans,2023-01-13-07,ADLR,66,802,4290,-0.0009789644513308515,-0.10406949603269364,,,
C. elegans,2023-01-13-07,RMDL,66,802,4290,0.006404605371495986,0.6808460229518701,,,
C. elegans,2023-01-13-07,ADEL,66,802,4290,0.00029601096833475893,0.03146765161173036,,,
C. elegans,2023-01-13-07,RMER,66,802,4290,0.02098264878228111,2.2305750543183094,,,
C. elegans,2023-01-13-07,SMDDL,66,802,4290,0.0014297301596519045,0.151988457778464,,,
C. elegans,2023-01-13-07,AVAL,66,802,4290,-0.002234631365410197,-0.23755403957818907,,,
C. elegans,2023-01-13-07,IL1DR,66,802,4290,0.012902201830425989,1.3715775280493219,,,
C. elegans,2023-01-13-07,IL1R,66,802,4290,0.006988488821984146,0.7429161587484528,,,
C. elegans,2023-01-13-07,AIZL,66,802,4290,-0.006879459563135291,-0.7313257276497614,,,
C. elegans,2023-01-13-07,URYVR,66,802,4290,-0.009143461629614326,-0.9720020400073202,,,
C. elegans,2023-01-13-07,ASEL,66,802,4290,0.004488646308246398,0.4771686638193785,,,
C. elegans,2023-01-13-07,URBL,66,802,4290,0.0009720587540422675,0.10333538108541411,,,
C. elegans,2023-01-13-07,AWBL,66,802,4290,-0.0012767780191713753,-0.1357287742370533,,,
C. elegans,2023-01-13-07,RICL,66,802,4290,-0.004530338442484545,-0.4816007751108487,,,
C. elegans,2023-01-13-07,RMGL,66,802,4290,-0.00671942368471616,-0.7143130024260957,,,
C. elegans,2023-01-13-07,AWAR,66,802,4290,-0.001935972099817394,-0.20580485888681263,,,
C. elegans,2023-01-13-07,RIAL,66,802,4290,0.001813605207170054,0.19279656136223625,,,
C. elegans,2023-01-13-07,SAADL,66,802,4290,-0.0044714107227350405,-0.47533642292895917,,,
C. elegans,2023-01-13-07,AVAR,66,802,4290,0.0038933595124251044,0.4138862874758662,,,
C. elegans,2023-01-13-07,AUAR,66,802,4290,-0.005178366500419764,-0.5504898479599009,,,
C. elegans,2023-01-13-07,AWCL,66,802,4290,-0.009283832047370755,-0.9869242147746992,,,
C. elegans,2023-01-13-07,AVDL,66,802,4290,-0.004082493281686371,-0.4339922841982453,,,
C. elegans,2023-01-13-07,URYVL,66,802,4290,-0.016898560548487363,-1.7964132176283618,,,
C. elegans,2023-01-13-07,IL2VR,66,802,4290,-0.007310651527923908,-0.777163888992489,,,
C. elegans,2023-01-13-07,ASGL,66,802,4290,0.004447850635094442,0.4728318514463992,,,
C. elegans,2023-01-13-07,AVJL,66,802,4290,-0.008068385284662227,-0.857715302359455,,,
C. elegans,2023-01-13-07,RMEV,66,802,4290,0.012524572000997344,1.3314333267127716,,,
C. elegans,2023-01-13-07,SMDVR,66,802,4290,-0.00830002080782968,-0.8823394775545145,,,
C. elegans,2023-01-13-07,RMDDL,66,802,4290,-0.001978257986986035,-0.21030008949600723,,,
C. elegans,2023-01-13-07,FLPR,66,802,4290,-0.00337598314601333,-0.358886233450919,,,
C. elegans,2023-01-16-01,OLLR,67,803,4422,0.010612622261977667,1.527783467749702,,,
C. elegans,2023-01-16-01,AVAR,67,803,4422,-0.0025250687707040432,-0.363506608223876,,,
C. elegans,2023-01-16-01,IL1VR,67,803,4422,0.005500634786876174,0.7918663909886751,,,
C. elegans,2023-01-16-01,AWBR,67,803,4422,0.0012465380524871365,0.17945048655259158,,,
C. elegans,2023-01-16-01,AVDL,67,803,4422,-0.002841362250508135,-0.4090399304766616,,,
C. elegans,2023-01-16-01,OLQDL,67,803,4422,3.423258367753832e-05,0.004928091673278408,,,
C. elegans,2023-01-16-01,RIVL,67,803,4422,0.0026355883090913653,0.37941690065145306,,,
C. elegans,2023-01-16-01,URYDR,67,803,4422,-0.00034347172689957176,-0.04944587803493715,,,
C. elegans,2023-01-16-01,URBL,67,803,4422,-0.0010782757610788268,-0.15522759981325016,,,
C. elegans,2023-01-16-01,OLQDR,67,803,4422,-0.005495760924353379,-0.7911647541639019,,,
C. elegans,2023-01-16-01,URBR,67,803,4422,-0.00793325250353594,-1.142063829390223,,,
C. elegans,2023-01-16-01,IL1R,67,803,4422,0.011623571317331834,1.6733187761193276,,,
C. elegans,2023-01-16-01,RMEL,67,803,4422,-0.001290366716596389,-0.1857600212544507,,,
C. elegans,2023-01-16-01,AWCL,67,803,4422,-0.0015084452260193224,-0.21715440552096163,,,
C. elegans,2023-01-16-01,AIBR,67,803,4422,0.0014425415392270006,0.2076669705911613,,,
C. elegans,2023-01-16-01,OLLL,67,803,4422,0.006140002900364528,0.8839092442515775,,,
C. elegans,2023-01-16-01,IL2R,67,803,4422,-0.0035024647210052016,-0.5042116420462474,,,
C. elegans,2023-01-16-01,SMDDR,67,803,4422,-0.0050342497485908015,-0.7247260242151362,,,
C. elegans,2023-01-16-01,AWBL,67,803,4422,0.0006939509400281365,0.09990054742669996,,,
C. elegans,2023-01-16-01,IL2DL,67,803,4422,-0.0027881180692179036,-0.40137494646790023,,,
C. elegans,2023-01-16-01,URXL,67,803,4422,0.01422928187017683,2.0484345021016135,,,
C. elegans,2023-01-16-01,AIZL,67,803,4422,-0.0012704298219064004,-0.1828899239916131,,,
C. elegans,2023-01-16-01,SMDVR,67,803,4422,-0.0029374935493560387,-0.422878905000359,,,
C. elegans,2023-01-16-01,SMDDL,67,803,4422,-0.0015121220836704506,-0.2176837226109318,,,
C. elegans,2023-01-16-01,AUAL,67,803,4422,-0.007993291194747988,-1.1507069448799476,,,
C. elegans,2023-01-16-01,URYVL,67,803,4422,-0.013429927033895218,-1.933360105445453,,,
C. elegans,2023-01-16-01,ADEL,67,803,4422,-1.5902350746753488e-05,-0.002289287978927821,,,
C. elegans,2023-01-16-01,OLQVL,67,803,4422,0.003532465641098753,0.508530547271059,,,
C. elegans,2023-01-16-01,CEPDR,67,803,4422,-0.0029348181627555504,-0.422493758773803,,,
C. elegans,2023-01-16-01,RMDVR,67,803,4422,0.0030232793809486028,0.4352285554485656,,,
C. elegans,2023-01-16-01,CEPDL,67,803,4422,-0.003914392664541205,-0.5635124148904098,,,
C. elegans,2023-01-16-01,OLQVR,67,803,4422,0.002333319012612568,0.33590248710041587,,,
C. elegans,2023-01-16-01,RIAL,67,803,4422,-0.003131786098361087,-0.45084908399564405,,,
C. elegans,2023-01-16-01,CEPVR,67,803,4422,-0.001427668902085741,-0.20552591924820862,,,
C. elegans,2023-01-16-01,AVDR,67,803,4422,0.0009409060240569523,0.13545197716218688,,,
C. elegans,2023-01-16-01,AWCR,67,803,4422,-0.00457828675233942,-0.6590860051527159,,,
C. elegans,2023-01-16-01,URYVR,67,803,4422,0.00960273143411404,1.3824005008490605,,,
C. elegans,2023-01-16-01,FLPL,67,803,4422,-0.0006877853678367137,-0.09901295725051691,,,
C. elegans,2023-01-16-01,AVAL,67,803,4422,-0.00730379888332681,-1.0514482575804052,,,
C. elegans,2023-01-16-01,IL1DR,67,803,4422,-0.002548697957628004,-0.36690824452522,,,
C. elegans,2023-01-16-01,RMER,67,803,4422,0.014819892296757455,2.1334582430146654,,,
C. elegans,2023-01-16-01,IL2L,67,803,4422,-0.00036048439792457643,-0.0518950067132835,,,
C. elegans,2023-01-16-01,RICR,67,803,4422,-0.007168028509154144,-1.031902877753371,,,
C. elegans,2023-01-16-01,AWAL,67,803,4422,0.0007140411869837655,0.10279272114250118,,,
C. elegans,2023-01-16-01,AINL,67,803,4422,-0.013061568988085647,-1.8803316155295615,,,
C. elegans,2023-01-16-01,IL2DR,67,803,4422,-0.0019959832394602505,-0.287339935397324,,,
C. elegans,2023-01-16-01,ADAL,67,803,4422,0.0010303600755353064,0.14832970121550604,,,
C. elegans,2023-01-16-01,URADL,67,803,4422,6.365719682270439e-05,0.009164032272914712,,,
C. elegans,2023-01-16-01,ALA,67,803,4422,-0.0004879524775529419,-0.07024519575371853,,,
C. elegans,2023-01-16-01,ASER,67,803,4422,-0.002310865321769034,-0.3326700741478115,,,
C. elegans,2023-01-16-01,AIZR,67,803,4422,-0.010231609435698714,-1.4729332071241912,,,
C. elegans,2023-01-16-01,IL1L,67,803,4422,-0.003131486472822996,-0.45080595017515074,,,
C. elegans,2023-01-16-01,SAAVL,67,803,4422,-0.007036127610847352,-1.0129145441596623,,,
C. elegans,2023-01-16-01,RICL,67,803,4422,-0.008136222500702773,-1.1712832059463527,,,
C. elegans,2023-01-16-01,AINR,67,803,4422,-0.007542250827852211,-1.0857755830712859,,,
C. elegans,2023-01-16-01,RID,67,803,4422,0.022786334284047454,3.2803000003600054,,,
C. elegans,2023-01-16-01,ASGR,67,803,4422,-0.0017880985606136116,-0.25741304572762935,,,
C. elegans,2023-01-16-01,AVJL,67,803,4422,0.0008690999575055676,0.12511484099986603,,,
C. elegans,2023-01-16-01,RIAR,67,803,4422,-0.0019504958752391236,-0.2807916157329627,,,
C. elegans,2023-01-16-01,AIBL,67,803,4422,0.025098364522674863,3.6131377748813525,,,
C. elegans,2023-01-16-01,RMDDL,67,803,4422,0.0008938023245278246,0.12867097133403443,,,
C. elegans,2023-01-16-01,AVJR,67,803,4422,-0.0020910793922243815,-0.30102989123040436,,,
C. elegans,2023-01-16-01,SMDVL,67,803,4422,0.010984586369589891,1.5813310830494787,,,
C. elegans,2023-01-16-01,ASEL,67,803,4422,-0.0020145831039115533,-0.29001755500062365,,,
C. elegans,2023-01-16-01,RIVR,67,803,4422,0.001162703904150065,0.1673817986543015,,,
C. elegans,2023-01-16-01,RMDVL,67,803,4422,0.0048100774755789975,0.6924543872736849,,,
C. elegans,2023-01-16-01,CEPVL,67,803,4422,0.0005094883073231878,0.07334547425935545,,,
C. elegans,2023-01-16-08,SAADR,71,803,4970,-0.00303913547679931,-0.5043239577822609,,,
C. elegans,2023-01-16-08,RIAR,71,803,4970,0.001537814543283833,0.2551899126329197,,,
C. elegans,2023-01-16-08,RMER,71,803,4970,-0.012208906243607494,-2.0259853382558775,,,
C. elegans,2023-01-16-08,CEPDR,71,803,4970,-0.012006443851805321,-1.9923880749830767,,,
C. elegans,2023-01-16-08,AWCR,71,803,4970,-0.0015974014698421524,-0.2650779596987323,,,
C. elegans,2023-01-16-08,RMGL,71,803,4970,-0.006702736063049659,-1.1122736729219906,,,
C. elegans,2023-01-16-08,AWCL,71,803,4970,-0.0018044462055670657,-0.2994356319235779,,,
C. elegans,2023-01-16-08,RIS,71,803,4970,0.0085344309165132,1.4162310334938215,,,
C. elegans,2023-01-16-08,ASGR,71,803,4970,0.0010897547009775124,0.18083741511504048,,,
C. elegans,2023-01-16-08,AIBL,71,803,4970,0.007728406011700636,1.2824766572347388,,,
C. elegans,2023-01-16-08,URYDL,71,803,4970,0.0019580234361593683,0.32492073364043816,,,
C. elegans,2023-01-16-08,OLQVR,71,803,4970,0.002521780344229915,0.4184723759662545,,,
C. elegans,2023-01-16-08,RIH,71,803,4970,-0.004857821825197593,-0.8061226450045739,,,
C. elegans,2023-01-16-08,AVHL,71,803,4970,0.0011370930950821202,0.1886929011412953,,,
C. elegans,2023-01-16-08,IL1VL,71,803,4970,0.0005794203080248092,0.09615087750883604,,,
C. elegans,2023-01-16-08,AVJR,71,803,4970,-0.0026674749737889986,-0.4426494134059413,,,
C. elegans,2023-01-16-08,IL2R,71,803,4970,-0.00030879608153596853,-0.051242619217450984,,,
C. elegans,2023-01-16-08,SMDDL,71,803,4970,0.010936014629888817,1.8147575922869723,,,
C. elegans,2023-01-16-08,SMDDR,71,803,4970,0.0002467475759190612,0.040946089771468686,,,
C. elegans,2023-01-16-08,AWAL,71,803,4970,-0.0002126855345734757,-0.035293724606214466,,,
C. elegans,2023-01-16-08,BAGL,71,803,4970,0.005937433031502223,0.985276815848925,,,
C. elegans,2023-01-16-08,ADLL,71,803,4970,-0.00015895503310325536,-0.026377511636457313,,,
C. elegans,2023-01-16-08,ASGL,71,803,4970,-0.0014495480228798017,-0.24054268112591526,,,
C. elegans,2023-01-16-08,AVEL,71,803,4970,-0.01393204191092393,-2.3119280368196202,,,
C. elegans,2023-01-16-08,SAADL,71,803,4970,0.008998918397224769,1.4933095863918564,,,
C. elegans,2023-01-16-08,SMDVR,71,803,4970,-0.003545550393754571,-0.5883600848810849,,,
C. elegans,2023-01-16-08,RICL,71,803,4970,-0.007570305797453106,-1.2562409970003652,,,
C. elegans,2023-01-16-08,AQR,71,803,4970,0.0034220005482396105,0.5678578244359161,,,
C. elegans,2023-01-16-08,SAAVL,71,803,4970,-0.0016010890197561967,-0.2656898836426853,,,
C. elegans,2023-01-16-08,AWBL,71,803,4970,-0.007315898242040239,-1.2140237854890668,,,
C. elegans,2023-01-16-08,URYVL,71,803,4970,-0.005895369162844017,-0.9782966016125786,,,
C. elegans,2023-01-16-08,ASEL,71,803,4970,0.0005041036945773022,0.08365259539190768,,,
C. elegans,2023-01-16-08,AIZR,71,803,4970,-0.004362821266000687,-0.7239806533018784,,,
C. elegans,2023-01-16-08,CEPDL,71,803,4970,-0.004230794028903073,-0.7020716271145202,,,
C. elegans,2023-01-16-08,RMDL,71,803,4970,0.01175189078054455,1.9501467161019441,,,
C. elegans,2023-01-16-08,URBL,71,803,4970,-0.0037496831141374744,-0.6222345278739282,,,
C. elegans,2023-01-16-08,AUAL,71,803,4970,-0.010161645623812365,-1.686256298116406,,,
C. elegans,2023-01-16-08,AVAL,71,803,4970,-0.005035700349605315,-0.8356403819131791,,,
C. elegans,2023-01-16-08,OLQVL,71,803,4970,0.008991275208447983,1.4920412509578451,,,
C. elegans,2023-01-16-08,IL2DR,71,803,4970,-0.0037482693736443514,-0.6219999272099526,,,
C. elegans,2023-01-16-08,AVDL,71,803,4970,-0.003341068597731457,-0.5544277151489503,,,
C. elegans,2023-01-16-08,OLQDR,71,803,4970,-0.0019419385555803042,-0.32225155660110727,,,
C. elegans,2023-01-16-08,FLPL,71,803,4970,-0.005108840770715397,-0.84777753964428,,,
C. elegans,2023-01-16-08,AVER,71,803,4970,0.0010274292823717675,0.17049493383322922,,,
C. elegans,2023-01-16-08,ADEL,71,803,4970,-0.001536336287181404,-0.2549446060403429,,,
C. elegans,2023-01-16-08,RMDR,71,803,4970,0.004237105228608369,0.7031189279795285,,,
C. elegans,2023-01-16-08,IL2DL,71,803,4970,0.0019682753902888475,0.3266219760236919,,,
C. elegans,2023-01-16-08,RID,71,803,4970,0.002920877602204224,0.4846998640852196,,,
C. elegans,2023-01-16-08,AIBR,71,803,4970,0.0042908321436782625,0.7120345458104309,,,
C. elegans,2023-01-16-08,AINL,71,803,4970,-0.0009457604422702635,-0.15694254270690333,,,
C. elegans,2023-01-16-08,CEPVR,71,803,4970,0.0001892479100215981,0.03140440948181399,,,
C. elegans,2023-01-16-08,IL1L,71,803,4970,0.004976799136870388,0.8258661244141559,,,
C. elegans,2023-01-16-08,RIVR,71,803,4970,-0.007579497581444406,-1.2577663113264161,,,
C. elegans,2023-01-16-08,AIZL,71,803,4970,-0.0013802477691482462,-0.22904277317379573,,,
C. elegans,2023-01-16-08,URXL,71,803,4970,0.002731842748347178,0.4533308098315476,,,
C. elegans,2023-01-16-08,IL2L,71,803,4970,0.0074335876747515265,1.2335535501037769,,,
C. elegans,2023-01-16-08,IL1DL,71,803,4970,0.0003501624509608067,0.05810708817800832,,,
C. elegans,2023-01-16-08,RMDDR,71,803,4970,-0.00034689433378283545,-0.05756476625709598,,,
C. elegans,2023-01-16-08,AWBR,71,803,4970,-0.0009748313538203681,-0.16176666367196388,,,
C. elegans,2023-01-16-08,IL1DR,71,803,4970,-0.003889268510500183,-0.6453977794234724,,,
C. elegans,2023-01-16-08,RIVL,71,803,4970,0.0015299254169654766,0.25388076552885314,,,
C. elegans,2023-01-16-08,URYDR,71,803,4970,-0.001656791967389269,-0.2749334106999374,,,
C. elegans,2023-01-16-08,AVJL,71,803,4970,-0.00157099918872996,-0.26069667988852663,,,
C. elegans,2023-01-16-08,OLQDL,71,803,4970,0.01040146859880099,1.7260532972422094,,,
C. elegans,2023-01-16-08,AVBL,71,803,4970,-0.0009047256427265132,-0.1501330955234231,,,
C. elegans,2023-01-16-08,AWAR,71,803,4970,-0.0058320262894420985,-0.9677852805953926,,,
C. elegans,2023-01-16-08,SMDVL,71,803,4970,0.00847369752286898,1.4061527379765522,,,
C. elegans,2023-01-16-08,ADAL,71,803,4970,-0.0008311273527903586,-0.137919957560354,,,
C. elegans,2023-01-16-08,AVAR,71,803,4970,0.006379761925377078,1.0586783012724545,,,
C. elegans,2023-01-16-08,RMDDL,71,803,4970,0.0006927010826314131,0.11494905515717499,,,
C. elegans,2023-01-16-08,RIBL,71,803,4970,0.022525052370815868,3.7378799489604697,,,
C. elegans,2023-01-16-15,URYDL,70,802,4830,-1.0952143630188724e-05,-0.0015780505615163214,,,
C. elegans,2023-01-16-15,OLQDR,70,802,4830,-0.006048318079281907,-0.8714779556881717,,,
C. elegans,2023-01-16-15,AWAL,70,802,4830,-0.005122809338724799,-0.7381251037680553,,,
C. elegans,2023-01-16-15,CEPDL,70,802,4830,-0.0021133087833886998,-0.30449820828604623,,,
C. elegans,2023-01-16-15,CEPVR,70,802,4830,-0.00019567696500445285,-0.02819431107988167,,,
C. elegans,2023-01-16-15,IL2DL,70,802,4830,0.0009440166042918204,0.1360195759647614,,,
C. elegans,2023-01-16-15,OLLL,70,802,4830,-0.008178782535974049,-1.1784480563090722,,,
C. elegans,2023-01-16-15,AWCL,70,802,4830,-0.005814273894357544,-0.8377554653784681,,,
C. elegans,2023-01-16-15,IL1R,70,802,4830,0.0022711603689932946,0.32724241176900215,,,
C. elegans,2023-01-16-15,AUAR,70,802,4830,0.0015686536105461348,0.2260210233295004,,,
C. elegans,2023-01-16-15,AWBL,70,802,4830,-0.001528731287470025,-0.22026877550710716,,,
C. elegans,2023-01-16-15,AVDL,70,802,4830,-0.0026897517467719713,-0.3875555688142359,,,
C. elegans,2023-01-16-15,CEPVL,70,802,4830,-0.0016160602079505744,-0.23285165029895008,,,
C. elegans,2023-01-16-15,RIVL,70,802,4830,0.0019935665653731337,0.28724503112209615,,,
C. elegans,2023-01-16-15,AVJR,70,802,4830,0.002312610918386692,0.333214855607769,,,
C. elegans,2023-01-16-15,RIR,70,802,4830,-0.001352488753014264,-0.19487469377735725,,,
C. elegans,2023-01-16-15,RIVR,70,802,4830,0.006633944245504754,0.9558584871760231,,,
C. elegans,2023-01-16-15,IL2DR,70,802,4830,-0.005761358819755497,-0.8301311439663321,,,
C. elegans,2023-01-16-15,CEPDR,70,802,4830,-0.003929036578461114,-0.5661191624412496,,,
C. elegans,2023-01-16-15,URYVL,70,802,4830,-0.004009244094346809,-0.5776759425342686,,,
C. elegans,2023-01-16-15,RICL,70,802,4830,-0.003717286135777342,-0.5356088882646592,,,
C. elegans,2023-01-16-15,RICR,70,802,4830,-0.0025708129242114825,-0.37041814968741654,,,
C. elegans,2023-01-16-15,OLQVL,70,802,4830,-0.0019452298168875061,-0.2802803824044366,,,
C. elegans,2023-01-16-15,URBR,70,802,4830,-0.004071715469458928,-0.5866771930568274,,,
C. elegans,2023-01-16-15,URXR,70,802,4830,0.0017384965015560406,0.25049300603697316,,,
C. elegans,2023-01-16-15,RIBL,70,802,4830,0.026593776703357254,3.8317908965232674,,,
C. elegans,2023-01-16-15,SMDDR,70,802,4830,-0.010658140696628461,-1.5356888549812255,,,
C. elegans,2023-01-16-15,IL1VL,70,802,4830,-0.0016383605087806632,-0.23606481143298627,,,
C. elegans,2023-01-16-15,AIBL,70,802,4830,0.00738748300799913,1.0644328729246575,,,
C. elegans,2023-01-16-15,AVDR,70,802,4830,-0.002265709559680204,-0.3264570264610948,,,
C. elegans,2023-01-16-15,AVAL,70,802,4830,0.010599984102222926,1.527309303949356,,,
C. elegans,2023-01-16-15,FLPL,70,802,4830,-0.0033305289125993448,-0.47988258720299093,,,
C. elegans,2023-01-16-15,URXL,70,802,4830,0.013379862002982903,1.9278507897411643,,,
C. elegans,2023-01-16-15,OLQVR,70,802,4830,-0.0026041477795089997,-0.37522123563082155,,,
C. elegans,2023-01-16-15,AUAL,70,802,4830,-0.0009572163321179844,-0.1379214719415933,,,
C. elegans,2023-01-16-15,AWAR,70,802,4830,-0.0026314060110992194,-0.3791487651738346,,,
C. elegans,2023-01-16-15,RMDDL,70,802,4830,-0.0005026046027297646,-0.07241828653270893,,,
C. elegans,2023-01-16-15,AIZL,70,802,4830,-0.009536485736925669,-1.3740740790292731,,,
C. elegans,2023-01-16-15,ASGL,70,802,4830,0.011199738251783626,1.6137254800372232,,,
C. elegans,2023-01-16-15,ASIR,70,802,4830,-0.004290860056019001,-0.618252859844209,,,
C. elegans,2023-01-16-15,ASGR,70,802,4830,0.014290133439941271,2.05900815954272,,,
C. elegans,2023-01-16-15,RIH,70,802,4830,0.0009397075414069006,0.1353987003321215,,,
C. elegans,2023-01-16-15,IL1DR,70,802,4830,-0.002609950004224401,-0.3760572549782071,,,
C. elegans,2023-01-16-15,AIBR,70,802,4830,0.01683601412223814,2.4258339222343372,,,
C. elegans,2023-01-16-15,SAAVL,70,802,4830,-0.002343158612621356,-0.3376163506636926,,,
C. elegans,2023-01-16-15,RMER,70,802,4830,0.011514414069055023,1.6590658596841779,,,
C. elegans,2023-01-16-15,FLPR,70,802,4830,-0.002024216736486169,-0.2916612916614645,,,
C. elegans,2023-01-16-15,AVER,70,802,4830,-0.011942795673116192,-1.7207896512685603,,,
C. elegans,2023-01-16-15,URBL,70,802,4830,-0.0029071742910623355,-0.41888311342002216,,,
C. elegans,2023-01-16-15,RID,70,802,4830,0.016192339795022433,2.33308946345126,,,
C. elegans,2023-01-16-15,AINL,70,802,4830,-0.005384637503848314,-0.7758508766345703,,,
C. elegans,2023-01-16-15,AWBR,70,802,4830,0.0030183450594258735,0.4349012646937796,,,
C. elegans,2023-01-16-15,SMDVL,70,802,4830,-0.000857386439895074,-0.12353738214165313,,,
C. elegans,2023-01-16-15,IL1L,70,802,4830,0.0034608192386797474,0.4986555990601939,,,
C. elegans,2023-01-16-15,AIZR,70,802,4830,-0.010145941846897252,-1.4618881717799572,,,
C. elegans,2023-01-16-15,RMEL,70,802,4830,0.013020419419098428,1.876060145782818,,,
C. elegans,2023-01-16-15,IL1VR,70,802,4830,-0.0004334943254914571,-0.0624604631617804,,,
C. elegans,2023-01-16-15,AVJL,70,802,4830,-0.000549903013462692,-0.07923332531746229,,,
C. elegans,2023-01-16-15,IL2L,70,802,4830,0.0017610331539323159,0.25374022211977265,,,
C. elegans,2023-01-16-15,ADEL,70,802,4830,0.00034089906389279685,0.04911878234627796,,,
C. elegans,2023-01-16-15,OLQDL,70,802,4830,-0.0047192738814946286,-0.6799812940832985,,,
C. elegans,2023-01-16-15,RMDVL,70,802,4830,-0.010019682834972054,-1.443696015852066,,,
C. elegans,2023-01-16-15,IL1DL,70,802,4830,0.0006769366622371137,0.09753709557001587,,,
C. elegans,2023-01-16-15,IL2VR,70,802,4830,-0.00011825561077021005,-0.017038977873153522,,,
C. elegans,2023-01-16-15,BAGL,70,802,4830,-0.003130509549565189,-0.45106259736281507,,,
C. elegans,2023-01-16-15,URYVR,70,802,4830,-0.00011789104465695084,-0.016986449000344298,,,
C. elegans,2023-01-16-15,AINR,70,802,4830,-0.003786964016372049,-0.5456484953325086,,,
C. elegans,2023-01-16-15,IL2VL,70,802,4830,0.0019556961517370967,0.2817884347222393,,,
C. elegans,2023-01-16-15,ASEL,70,802,4830,-0.004723061948238613,-0.6805271014662413,,,
C. elegans,2023-01-16-15,OLLR,70,802,4830,-0.005724455495933443,-0.8248138916689197,,,
C. elegans,2023-01-16-22,URAVR,73,802,5256,-0.009353441112798407,-1.1481045634523823,,,
C. elegans,2023-01-16-22,AIYL,73,802,5256,-0.01133045962507571,-1.3907771743773165,,,
C. elegans,2023-01-16-22,AVDL,73,802,5256,-0.004449657711970219,-0.5461810539357379,,,
C. elegans,2023-01-16-22,RICR,73,802,5256,-0.00253757971396052,-0.3114796805355219,,,
C. elegans,2023-01-16-22,SMDVL,73,802,5256,0.007056935546770294,0.8662159527738004,,,
C. elegans,2023-01-16-22,AVJL,73,802,5256,-0.005969932350017236,-0.7327898355160702,,,
C. elegans,2023-01-16-22,RMEV,73,802,5256,0.009294347526461126,1.1408510173695652,,,
C. elegans,2023-01-16-22,IL1R,73,802,5256,0.002688602863068243,0.33001728232148647,,,
C. elegans,2023-01-16-22,CEPDL,73,802,5256,-0.004112243343606171,-0.5047645344514701,,,
C. elegans,2023-01-16-22,IL1VR,73,802,5256,-0.005775963753257858,-0.7089808193026491,,,
C. elegans,2023-01-16-22,IL1DR,73,802,5256,-0.0047806913484654085,-0.5868143592757717,,,
C. elegans,2023-01-16-22,RMDVL,73,802,5256,-0.006288939731032234,-0.7719469569969725,,,
C. elegans,2023-01-16-22,AVBL,73,802,5256,0.013620838751294446,1.6719137844372987,,,
C. elegans,2023-01-16-22,IL2DR,73,802,5256,-0.0020071159378475135,-0.24636697230793847,,,
C. elegans,2023-01-16-22,RIVR,73,802,5256,0.004344944865611667,0.5333278916282486,,,
C. elegans,2023-01-16-22,RMDL,73,802,5256,-0.009844750139525115,-1.208411153171374,,,
C. elegans,2023-01-16-22,URBL,73,802,5256,-0.0022387817772582808,-0.2748032028049253,,,
C. elegans,2023-01-16-22,ASEL,73,802,5256,0.005159427094213322,0.6333029438289733,,,
C. elegans,2023-01-16-22,IL2VR,73,802,5256,-0.001772447361543941,-0.21756216559521438,,,
C. elegans,2023-01-16-22,AWCL,73,802,5256,-0.0015211890600833795,-0.18672102391983167,,,
C. elegans,2023-01-16-22,FLPL,73,802,5256,-0.0036211578014311973,-0.444485376736445,,,
C. elegans,2023-01-16-22,RMER,73,802,5256,-0.006699328400649783,-0.8223208353049627,,,
C. elegans,2023-01-16-22,AVDR,73,802,5256,0.00025180920804204445,0.03090876367167358,,,
C. elegans,2023-01-16-22,AIYR,73,802,5256,-0.0005076881711578286,-0.0623170765804617,,,
C. elegans,2023-01-16-22,IL2L,73,802,5256,-0.0024663459698849866,-0.30273596946078024,,,
C. elegans,2023-01-16-22,CEPDR,73,802,5256,-0.002911586533764227,-0.35738780476494564,,,
C. elegans,2023-01-16-22,IL1L,73,802,5256,-0.007780883315861619,-0.9550781936722463,,,
C. elegans,2023-01-16-22,RICL,73,802,5256,-0.010479457852224316,-1.286319466552561,,,
C. elegans,2023-01-16-22,AIZL,73,802,5256,0.0008137864268005593,0.09988964478612068,,,
C. elegans,2023-01-16-22,RIVL,73,802,5256,0.0017925781962333767,0.22003316026918757,,,
C. elegans,2023-01-16-22,BAGL,73,802,5256,0.011146146225791976,1.3681533023422934,,,
C. elegans,2023-01-16-22,SAADR,73,802,5256,-0.0032835906748475818,-0.4030501066761191,,,
C. elegans,2023-01-16-22,RMDVR,73,802,5256,-0.008527201506444624,-1.046686331261677,,,
C. elegans,2023-01-16-22,AINR,73,802,5256,-0.006278476761415273,-0.7706626614078271,,,
C. elegans,2023-01-16-22,IL2VL,73,802,5256,-0.0035500817300849565,-0.4357610194778925,,,
C. elegans,2023-01-16-22,ASIR,73,802,5256,-0.0018957050996811467,-0.2326916532275801,,,
C. elegans,2023-01-16-22,OLLR,73,802,5256,-0.005716215270302212,-0.7016468867837529,,,
C. elegans,2023-01-16-22,RIBL,73,802,5256,0.0320252467557032,3.930995181612997,,,
C. elegans,2023-01-16-22,URYVR,73,802,5256,-0.008525871698105524,-1.0465231016006116,,,
C. elegans,2023-01-16-22,AUAL,73,802,5256,0.003874268549252127,0.4755539001950924,,,
C. elegans,2023-01-16-22,IL1DL,73,802,5256,0.01323933301705452,1.6250851927797556,,,
C. elegans,2023-01-16-22,SAADL,73,802,5256,0.006893055822589071,0.846100248091346,,,
C. elegans,2023-01-16-22,OLQVL,73,802,5256,-0.00029788505015202225,-0.03656442386704207,,,
C. elegans,2023-01-16-22,URAVL,73,802,5256,-0.0076058767901895676,-0.9335967101909317,,,
C. elegans,2023-01-16-22,RIML,73,802,5256,0.002926953549974915,0.3592740561696823,,,
C. elegans,2023-01-16-22,OLLL,73,802,5256,-0.0018875121812043218,-0.23168599905412673,,,
C. elegans,2023-01-16-22,RIS,73,802,5256,0.00021834227441859378,0.026800806102424937,,,
C. elegans,2023-01-16-22,OLQDL,73,802,5256,0.0019711859605356743,0.24195668411357346,,,
C. elegans,2023-01-16-22,CEPVL,73,802,5256,-0.0021280232598927715,-0.26120795398740043,,,
C. elegans,2023-01-16-22,AVJR,73,802,5256,-0.002252523336501012,-0.2764899346381908,,,
C. elegans,2023-01-16-22,RMDDR,73,802,5256,0.0014753441863425852,0.18109371434275168,,,
C. elegans,2023-01-16-22,OLQVR,73,802,5256,-0.0061199109819033305,-0.7511992262004419,,,
C. elegans,2023-01-16-22,AIBL,73,802,5256,0.015377079807108432,1.8874866785610964,,,
C. elegans,2023-01-16-22,RIH,73,802,5256,-0.004605137389297921,-0.5652656801082152,,,
C. elegans,2023-01-16-22,ASIL,73,802,5256,1.4123244197731625e-05,0.0017335824236901357,,,
C. elegans,2023-01-16-22,IL1VL,73,802,5256,-0.008157460367205703,-1.0013018054880087,,,
C. elegans,2023-01-16-22,URBR,73,802,5256,0.0030677374577189145,0.3765548242840374,,,
C. elegans,2023-01-16-22,RMEL,73,802,5256,0.006824034229751512,0.8376280714070748,,,
C. elegans,2023-01-16-22,AIZR,73,802,5256,-0.000524699794416186,-0.06440519816685071,,,
C. elegans,2023-01-16-22,IL2DL,73,802,5256,-0.002495341775707242,-0.3062951105922681,,,
C. elegans,2023-01-16-22,AWBL,73,802,5256,-0.004472545884093731,-0.548990502837718,,,
C. elegans,2023-01-16-22,URXR,73,802,5256,-0.0017696989379525783,-0.21722480551249296,,,
C. elegans,2023-01-16-22,URYDL,73,802,5256,-0.00029248512843562915,-0.03590160098826289,,,
C. elegans,2023-01-16-22,AVHL,73,802,5256,-0.0006953261189849785,-0.08534902616770168,,,
C. elegans,2023-01-16-22,FLPR,73,802,5256,0.0015089045054063179,0.1852131346719466,,,
C. elegans,2023-01-16-22,AIBR,73,802,5256,0.024362603521808024,2.9904305745503788,,,
C. elegans,2023-01-16-22,RIMR,73,802,5256,0.013853969669150177,1.7005298485621656,,,
C. elegans,2023-01-16-22,ASHL,73,802,5256,-0.002244419510552339,-0.2754952162836416,,,
C. elegans,2023-01-16-22,OLQDR,73,802,5256,-0.009834362802827987,-1.2071361412778612,,,
C. elegans,2023-01-16-22,URYDR,73,802,5256,0.0010514567712683763,0.1290629088062928,,,
C. elegans,2023-01-16-22,URYVL,73,802,5256,-0.008911636138617852,-1.0938744356421375,,,
C. elegans,2023-01-16-22,AUAR,73,802,5256,0.024200189908371257,2.9704948302072194,,,
C. elegans,2023-01-16-22,ASGL,73,802,5256,-0.0005316167347060493,-0.06525423015584281,,,
C. elegans,2023-01-17-07,ADAL,68,802,4556,-0.005462203963206648,-1.1902146958063113,,,
C. elegans,2023-01-17-07,OLQDR,68,802,4556,0.0058154913521084595,1.2671960470971781,,,
C. elegans,2023-01-17-07,CEPVR,68,802,4556,0.004624302658043216,1.0076359320401667,,,
C. elegans,2023-01-17-07,AVAR,68,802,4556,0.006343185714483643,1.3821806923472924,,,
C. elegans,2023-01-17-07,AVDR,68,802,4556,-0.0031377798518494936,-0.6837224894992315,,,
C. elegans,2023-01-17-07,AUAL,68,802,4556,-0.0011681492336758728,-0.25453981473069803,,,
C. elegans,2023-01-17-07,ASGL,68,802,4556,-0.006195768431374489,-1.3500584541529228,,,
C. elegans,2023-01-17-07,RMDVR,68,802,4556,0.002763267904531688,0.6021163051723085,,,
C. elegans,2023-01-17-07,AIZL,68,802,4556,0.0008136440528136471,0.17729310647083432,,,
C. elegans,2023-01-17-07,RIH,68,802,4556,0.004127039582391267,0.8992822666864946,,,
C. elegans,2023-01-17-07,IL1DL,68,802,4556,-3.7249332984290615e-05,-0.00811663274120183,,,
C. elegans,2023-01-17-07,URXL,68,802,4556,-0.0005518271696211543,-0.1202431859470005,,,
C. elegans,2023-01-17-07,AIBR,68,802,4556,-0.001995339056996597,-0.434784545716498,,,
C. elegans,2023-01-17-07,RMEL,68,802,4556,-0.0014723950840540368,-0.32083501071704373,,,
C. elegans,2023-01-17-07,AVJL,68,802,4556,-0.007807560164449599,-1.7012680062325038,,,
C. elegans,2023-01-17-07,AIZR,68,802,4556,0.0002577925488278112,0.05617301773258937,,,
C. elegans,2023-01-17-07,AVER,68,802,4556,0.0027199911505155143,0.5926862968892406,,,
C. elegans,2023-01-17-07,RIAL,68,802,4556,0.0007674163907463988,0.16722009507912747,,,
C. elegans,2023-01-17-07,AWAL,68,802,4556,-0.0037491407877932336,-0.816938088056808,,,
C. elegans,2023-01-17-07,FLPL,68,802,4556,0.0022083586181149994,0.4812015257203882,,,
C. elegans,2023-01-17-07,RMER,68,802,4556,0.012927075424362288,2.81681080521938,,,
C. elegans,2023-01-17-07,IL1L,68,802,4556,-0.003088938543002128,-0.6730799642577495,,,
C. elegans,2023-01-17-07,CEPVL,68,802,4556,-0.00017227916102876235,-0.037539643451402455,,,
C. elegans,2023-01-17-07,ASEL,68,802,4556,-0.0005249926489724084,-0.11439594167597089,,,
C. elegans,2023-01-17-07,CEPDR,68,802,4556,0.007237432041512129,1.5770370410427164,,,
C. elegans,2023-01-17-07,ADEL,68,802,4556,0.0038747401903539277,0.8443062082733352,,,
C. elegans,2023-01-17-07,AIBL,68,802,4556,0.008988435432225808,1.9585808248472716,,,
C. elegans,2023-01-17-07,RMED,68,802,4556,-0.007514931235269468,-1.6375041383369908,,,
C. elegans,2023-01-17-07,RIVL,68,802,4556,0.007359466493008417,1.6036283581271622,,,
C. elegans,2023-01-17-07,RICL,68,802,4556,-0.005340771033515541,-1.1637544503730155,,,
C. elegans,2023-01-17-07,IL1R,68,802,4556,-0.0016964465257539568,-0.3696558384129917,,,
C. elegans,2023-01-17-07,URBR,68,802,4556,0.0004000919740190035,0.08718007426292063,,,
C. elegans,2023-01-17-07,IL2DR,68,802,4556,-0.0027694486431641364,-0.603463088632031,,,
C. elegans,2023-01-17-07,OLLL,68,802,4556,-0.008919943052852965,-1.943656329711348,,,
C. elegans,2023-01-17-07,RIVR,68,802,4556,0.0014998153538178123,0.3268098897687333,,,
C. elegans,2023-01-17-07,RMDL,68,802,4556,-0.0037401795929016286,-0.8149854429480173,,,
C. elegans,2023-01-17-07,IL2VR,68,802,4556,0.0008943064789619172,0.1948694558066986,,,
C. elegans,2023-01-17-07,OLQVL,68,802,4556,0.003419692541898695,0.7451512880009024,,,
C. elegans,2023-01-17-07,AINL,68,802,4556,-0.0021026191714452517,-0.458160891536732,,,
C. elegans,2023-01-17-07,AVJR,68,802,4556,-0.0020500307769885607,-0.4467018760307516,,,
C. elegans,2023-01-17-07,URADL,68,802,4556,-0.007090452375724003,-1.5450101596988295,,,
C. elegans,2023-01-17-07,SMDDL,68,802,4556,-0.00013324173822161107,-0.029033385789760804,,,
C. elegans,2023-01-17-07,IL1VR,68,802,4556,-0.0006829082699085461,-0.14880576855201263,,,
C. elegans,2023-01-17-07,IL2VL,68,802,4556,-0.00101906202756359,-0.22205370017569118,,,
C. elegans,2023-01-17-07,SAAVL,68,802,4556,-0.012030070753080975,-2.6213534130828977,,,
C. elegans,2023-01-17-07,RMDDL,68,802,4556,-9.389594048061268e-05,-0.02045993320450307,,,
C. elegans,2023-01-17-07,ASGR,68,802,4556,-0.0030692810063611005,-0.6687965853961945,,,
C. elegans,2023-01-17-07,SMDVR,68,802,4556,-0.0016475901362984723,-0.35901002710575214,,,
C. elegans,2023-01-17-07,AVDL,68,802,4556,0.000512872561151162,0.11175497353628211,,,
C. elegans,2023-01-17-07,OLQDL,68,802,4556,0.004178251430883505,0.9104413327128545,,,
C. elegans,2023-01-17-07,OLLR,68,802,4556,-0.0002489111495019565,-0.05423776008418204,,,
C. elegans,2023-01-17-07,URXR,68,802,4556,0.0012787239024046864,0.2786340442013396,,,
C. elegans,2023-01-17-07,CEPDL,68,802,4556,-0.0022051529333442497,-0.4805030067434387,,,
C. elegans,2023-01-17-07,AWCR,68,802,4556,-0.0035185747251176257,-0.766697723910903,,,
C. elegans,2023-01-17-07,AWAR,68,802,4556,-0.0011285744860660332,-0.24591647395006472,,,
C. elegans,2023-01-17-07,AVEL,68,802,4556,0.006392191174556278,1.3928589861543508,,,
C. elegans,2023-01-17-07,URYVL,68,802,4556,0.008947712098758439,1.9497072071131893,,,
C. elegans,2023-01-17-07,URYVR,68,802,4556,-0.0067811596885863235,-1.4776152575647505,,,
C. elegans,2023-01-17-07,URBL,68,802,4556,-0.0017922496791377255,-0.39053135346699336,,,
C. elegans,2023-01-17-07,RMDDR,68,802,4556,-0.0024362857155009786,-0.5308668591111995,,,
C. elegans,2023-01-17-07,AWBL,68,802,4556,0.0037346571184612835,0.8137820953102527,,,
C. elegans,2023-01-17-07,RIML,68,802,4556,-0.0012202488174141075,-0.2658923183406575,,,
C. elegans,2023-01-17-07,AWCL,68,802,4556,-0.0007223497399809946,-0.1574000681462142,,,
C. elegans,2023-01-17-07,RID,68,802,4556,0.009148605445126004,1.993481883918926,,,
C. elegans,2023-01-17-07,IL2DL,68,802,4556,0.0007280097110959031,0.15863337632074978,,,
C. elegans,2023-01-17-07,AUAR,68,802,4556,-0.0008062220759010399,-0.17567585708710126,,,
C. elegans,2023-01-17-07,SMDVL,68,802,4556,0.004677645642889648,1.0192593728545454,,,
C. elegans,2023-01-17-07,IL1VL,68,802,4556,-0.000515990268973386,-0.11243432232886415,,,
C. elegans,2023-01-17-14,SMDDL,87,802,7482,-0.001147040291802281,-0.21088826658757218,,,
C. elegans,2023-01-17-14,AVEL,87,802,7482,0.017944485880835304,3.2991705254472694,,,
C. elegans,2023-01-17-14,RIVL,87,802,7482,-0.003510224173837932,-0.6453697369177298,,,
C. elegans,2023-01-17-14,AUAL,87,802,7482,-0.008327871396086864,-1.5311147966088308,,,
C. elegans,2023-01-17-14,ADER,87,802,7482,-0.002850802162869636,-0.524132178100776,,,
C. elegans,2023-01-17-14,URXR,87,802,7482,0.00016267528770562003,0.02990854783921253,,,
C. elegans,2023-01-17-14,AWCR,87,802,7482,-0.0055940767325432655,-1.0284949480111827,,,
C. elegans,2023-01-17-14,ASGL,87,802,7482,0.012189956997462567,2.2411757628258187,,,
C. elegans,2023-01-17-14,IL1VL,87,802,7482,-0.004741329112097908,-0.8717136485244539,,,
C. elegans,2023-01-17-14,OLQDR,87,802,7482,-0.0042638878593998855,-0.7839340309308283,,,
C. elegans,2023-01-17-14,AIBL,87,802,7482,0.009697320121361316,1.7828938055222083,,,
C. elegans,2023-01-17-14,AVJR,87,802,7482,-0.00427965392544102,-0.7868326896458555,,,
C. elegans,2023-01-17-14,ASIL,87,802,7482,0.0018640963300028685,0.3427220879650865,,,
C. elegans,2023-01-17-14,SMDVL,87,802,7482,0.0004926820132820861,0.09058169665224287,,,
C. elegans,2023-01-17-14,ASHL,87,802,7482,0.007708729280721483,1.417282868982635,,,
C. elegans,2023-01-17-14,RIML,87,802,7482,0.0009404300489346159,0.17290208921525216,,,
C. elegans,2023-01-17-14,CEPVR,87,802,7482,-0.001696696834793782,-0.3119449743583711,,,
C. elegans,2023-01-17-14,CEPDL,87,802,7482,0.0037688011771332343,0.6929102255946131,,,
C. elegans,2023-01-17-14,URYVL,87,802,7482,0.005449363127931766,1.0018887324786783,,,
C. elegans,2023-01-17-14,AINL,87,802,7482,0.0008115934600906187,0.14921493097979435,,,
C. elegans,2023-01-17-14,AIBR,87,802,7482,0.014257316417124678,2.621268639721187,,,
C. elegans,2023-01-17-14,RICL,87,802,7482,8.101052031427638e-06,0.0014894130857070285,,,
C. elegans,2023-01-17-14,RIVR,87,802,7482,0.00046904990293271224,0.08623683202716942,,,
C. elegans,2023-01-17-14,OLQVL,87,802,7482,0.00477154421518052,0.8772688245364881,,,
C. elegans,2023-01-17-14,IL2DL,87,802,7482,-0.003661854988737036,-0.6732477111649021,,,
C. elegans,2023-01-17-14,IL2R,87,802,7482,-0.0011734871482341474,-0.21575063432606142,,,
C. elegans,2023-01-17-14,AIML,87,802,7482,0.004354985902878153,0.8006827960927434,,,
C. elegans,2023-01-17-14,SAAVL,87,802,7482,-0.00010399909700158567,-0.019120679064269244,,,
C. elegans,2023-01-17-14,IL1L,87,802,7482,-0.004040650810699536,-0.7428909441491329,,,
C. elegans,2023-01-17-14,URXL,87,802,7482,0.0003418999285490214,0.06285976507837138,,,
C. elegans,2023-01-17-14,IL1VR,87,802,7482,-0.002250743424183281,-0.4138088109473374,,,
C. elegans,2023-01-17-14,URBL,87,802,7482,-0.0028205590372574816,-0.5185718500267584,,,
C. elegans,2023-01-17-14,RMDDR,87,802,7482,-0.004428810086689347,-0.814255688228662,,,
C. elegans,2023-01-17-14,AWBR,87,802,7482,-0.0020972544377751796,-0.385589203915898,,,
C. elegans,2023-01-17-14,OLQDL,87,802,7482,0.001475719072923806,0.271317267129414,,,
C. elegans,2023-01-17-14,AVJL,87,802,7482,-0.0015945506550523543,-0.2931649620622333,,,
C. elegans,2023-01-17-14,FLPL,87,802,7482,-0.000789545668199923,-0.1451613500836894,,,
C. elegans,2023-01-17-14,URBR,87,802,7482,0.00021425839104488456,0.039392322146157475,,,
C. elegans,2023-01-17-14,URAVL,87,802,7482,-0.002193214395807033,-0.4032318528758197,,,
C. elegans,2023-01-17-14,IL1DL,87,802,7482,-0.004594556392401194,-0.8447288558712249,,,
C. elegans,2023-01-17-14,URYVR,87,802,7482,0.003063565320191612,0.5632495951278883,,,
C. elegans,2023-01-17-14,AVER,87,802,7482,-0.004425128975342751,-0.8135789001536943,,,
C. elegans,2023-01-17-14,RMER,87,802,7482,0.0015885699930994538,0.2920653917670071,,,
C. elegans,2023-01-17-14,URADR,87,802,7482,-0.00041604794853443265,-0.07649219588082777,,,
C. elegans,2023-01-17-14,ADLL,87,802,7482,0.0017579079389876194,0.3231988978269764,,,
C. elegans,2023-01-17-14,RID,87,802,7482,0.015219988868958461,2.79826008989932,,,
C. elegans,2023-01-17-14,OLLL,87,802,7482,1.1115776759929805e-05,0.002043683129031802,,,
C. elegans,2023-01-17-14,AIZR,87,802,7482,-0.002113758237347225,-0.38862349809783014,,,
C. elegans,2023-01-17-14,RMDVL,87,802,7482,-0.0024557431734440176,-0.4514988921776624,,,
C. elegans,2023-01-17-14,AVAL,87,802,7482,0.010529101260791101,1.9358203277448642,,,
C. elegans,2023-01-17-14,ASKR,87,802,7482,-0.002445636273460167,-0.44964069536156,,,
C. elegans,2023-01-17-14,RMDDL,87,802,7482,-0.00350773811080665,-0.64491266358993,,,
C. elegans,2023-01-17-14,BAGL,87,802,7482,0.02130828527485947,3.9176194399483144,,,
C. elegans,2023-01-17-14,OLLR,87,802,7482,-0.0017944330649042792,-0.3299141985417877,,,
C. elegans,2023-01-17-14,AIZL,87,802,7482,-0.0006435526103509579,-0.11831990159785498,,,
C. elegans,2023-01-17-14,URADL,87,802,7482,-0.0016511297625928486,-0.30356727312276177,,,
C. elegans,2023-01-17-14,ASKL,87,802,7482,-0.003521402144518811,-0.6474248546652968,,,
C. elegans,2023-01-17-14,URYDL,87,802,7482,-0.0026403180808019784,-0.48543377881283184,,,
C. elegans,2023-01-17-14,IL2VR,87,802,7482,-0.0031870566514620273,-0.5859540048825708,,,
C. elegans,2023-01-17-14,ADEL,87,802,7482,-0.0018474286004268798,-0.3396576545503652,,,
C. elegans,2023-01-17-14,RMEL,87,802,7482,0.0006694209968643721,0.12307591516618363,,,
C. elegans,2023-01-17-14,IL2L,87,802,7482,0.00145253399668017,0.2670545916378334,,,
C. elegans,2023-01-17-14,CEPDR,87,802,7482,-0.0028229116694436364,-0.5190043915226433,,,
C. elegans,2023-01-17-14,AVHL,87,802,7482,0.0006715530740934231,0.12346790668930521,,,
C. elegans,2023-01-17-14,IL2VL,87,802,7482,-0.0004334282301514359,-0.07968763503776845,,,
C. elegans,2023-01-17-14,RMDVR,87,802,7482,-0.007007954360310692,-1.2884424007883846,,,
C. elegans,2023-01-17-14,RMDL,87,802,7482,-0.0012223796523551914,-0.22473973045189308,,,
C. elegans,2023-01-17-14,RIAL,87,802,7482,0.0038588116156549517,0.7094590299306898,,,
C. elegans,2023-01-17-14,AVDL,87,802,7482,-0.001397490351851118,-0.25693458196805824,,,
C. elegans,2023-01-17-14,FLPR,87,802,7482,-0.0020189543927555936,-0.37119340554166297,,,
C. elegans,2023-01-17-14,AIYL,87,802,7482,-0.004170935541696181,-0.7668443495169075,,,
C. elegans,2023-01-17-14,OLQVR,87,802,7482,-0.004096211685217951,-0.7531060487108633,,,
C. elegans,2023-01-17-14,RIMR,87,802,7482,0.00512323401674865,0.9419284996667273,,,
C. elegans,2023-01-17-14,AIMR,87,802,7482,0.001403313295447881,0.25800515506852806,,,
C. elegans,2023-01-17-14,SMDVR,87,802,7482,0.0007292557358568687,0.13407678800215067,,,
C. elegans,2023-01-17-14,AIYR,87,802,7482,0.001247446185862679,0.22934831991342575,,,
C. elegans,2023-01-17-14,IL1R,87,802,7482,-0.0037215423671002625,-0.6842214911185249,,,
C. elegans,2023-01-17-14,AWAL,87,802,7482,-0.006095667257539524,-1.1207145126674563,,,
C. elegans,2023-01-17-14,ASEL,87,802,7482,0.001502532751585251,0.27624707670468485,,,
C. elegans,2023-01-17-14,AVDR,87,802,7482,-0.01552921377292996,-2.855112411871196,,,
C. elegans,2023-01-17-14,ADAL,87,802,7482,-0.0017540455319362393,-0.3224887777608004,,,
C. elegans,2023-01-17-14,RIH,87,802,7482,-0.0030099128204648367,-0.5533853534387915,,,
C. elegans,2023-01-17-14,ASGR,87,802,7482,-0.0003121854849039707,-0.05739663744658365,,,
C. elegans,2023-01-17-14,AWBL,87,802,7482,-0.003582764390649485,-0.6587065662258254,,,
C. elegans,2023-01-17-14,RICR,87,802,7482,-0.002247732749404023,-0.41325528550451357,,,
C. elegans,2023-01-17-14,IL2DR,87,802,7482,-0.0004750103248449718,-0.08733268110430334,,,
C. elegans,2023-01-17-14,URAVR,87,802,7482,-0.00035112186210980935,-0.06455525703024041,,,
C. elegans,2023-01-18-01,RMDVR,70,802,4830,-0.0017201762799643762,-0.3320929335672723,,,
C. elegans,2023-01-18-01,RIVR,70,802,4830,0.008147074911354508,1.5728539213202468,,,
C. elegans,2023-01-18-01,IL2DL,70,802,4830,-0.0012412207894736019,-0.23962698357258513,,,
C. elegans,2023-01-18-01,ASER,70,802,4830,0.0009867371375832427,0.190497005740934,,,
C. elegans,2023-01-18-01,OLLL,70,802,4830,0.007034911391612824,1.358142411703821,,,
C. elegans,2023-01-18-01,RIH,70,802,4830,0.0010099475544141424,0.19497795080712937,,,
C. elegans,2023-01-18-01,URYVL,70,802,4830,-0.004104015461686612,-0.7923109683300456,,,
C. elegans,2023-01-18-01,ASIR,70,802,4830,0.0013212268738469963,0.2550727582715256,,,
C. elegans,2023-01-18-01,RMER,70,802,4830,0.020681220117891544,3.9926646697182258,,,
C. elegans,2023-01-18-01,AUAL,70,802,4830,-0.0010633510495078728,-0.2052878961045902,,,
C. elegans,2023-01-18-01,CEPDL,70,802,4830,-0.007396094002909318,-1.4278714239777401,,,
C. elegans,2023-01-18-01,AVAR,70,802,4830,-0.005351848815542867,-1.0332145570563092,,,
C. elegans,2023-01-18-01,FLPL,70,802,4830,-2.303515033987235e-05,-0.0044471085554614225,,,
C. elegans,2023-01-18-01,RIS,70,802,4830,0.0007839539476508635,0.1513481898857544,,,
C. elegans,2023-01-18-01,CEPVL,70,802,4830,0.003930124546376074,0.7587400228061539,,,
C. elegans,2023-01-18-01,IL1VL,70,802,4830,0.004239272426307323,0.8184233398872368,,,
C. elegans,2023-01-18-01,AVJL,70,802,4830,-0.003439633193369401,-0.664046988024428,,,
C. elegans,2023-01-18-01,RICL,70,802,4830,-0.0005531654264523497,-0.10679273476690215,,,
C. elegans,2023-01-18-01,OLQVL,70,802,4830,0.0024202165806525124,0.46724096448632035,,,
C. elegans,2023-01-18-01,IL2VR,70,802,4830,-0.0012247674293404667,-0.23645053898531015,,,
C. elegans,2023-01-18-01,ASGR,70,802,4830,-0.003624948259228348,-0.6998234515021039,,,
C. elegans,2023-01-18-01,AIZR,70,802,4830,-0.0007821718122499048,-0.15100413527913548,,,
C. elegans,2023-01-18-01,RID,70,802,4830,-0.0005650159325697988,-0.10908056386130294,,,
C. elegans,2023-01-18-01,AVEL,70,802,4830,0.008809887235557139,1.700814812138688,,,
C. elegans,2023-01-18-01,URADL,70,802,4830,-0.011125039442362306,-2.1477723111855846,,,
C. elegans,2023-01-18-01,URBL,70,802,4830,0.002092345253070724,0.4039429453952263,,,
C. elegans,2023-01-18-01,ASHL,70,802,4830,-0.0009925343425680679,-0.1916161996470035,,,
C. elegans,2023-01-18-01,RIAL,70,802,4830,-0.0032591059786387573,-0.6291948551198457,,,
C. elegans,2023-01-18-01,RMEL,70,802,4830,0.0021514953601189926,0.41536231723477085,,,
C. elegans,2023-01-18-01,IL1DL,70,802,4830,0.0017821259736259028,0.34405278660168126,,,
C. elegans,2023-01-18-01,CEPDR,70,802,4830,-0.005725248060029477,-1.1053020820022579,,,
C. elegans,2023-01-18-01,ADAL,70,802,4830,0.004191325531502518,0.80916683220449,,,
C. elegans,2023-01-18-01,AWCR,70,802,4830,-0.006612985914006729,-1.276686533467968,,,
C. elegans,2023-01-18-01,AIZL,70,802,4830,0.00074888974952455,0.1445787834274857,,,
C. elegans,2023-01-18-01,ASGL,70,802,4830,-0.0023443096638131665,-0.45258656482691606,,,
C. elegans,2023-01-18-01,AINL,70,802,4830,-0.005633598307043187,-1.0876084097406202,,,
C. elegans,2023-01-18-01,ADEL,70,802,4830,-0.0020102805707516557,-0.38809974292171584,,,
C. elegans,2023-01-18-01,AINR,70,802,4830,-0.004784548616224046,-0.9236929983652503,,,
C. elegans,2023-01-18-01,RMDL,70,802,4830,-0.004079193416959359,-0.78751888640994,,,
C. elegans,2023-01-18-01,RICR,70,802,4830,-0.0032451860786444193,-0.6265075140153756,,,
C. elegans,2023-01-18-01,IL2DR,70,802,4830,0.0005976062107769299,0.1153723615227634,,,
C. elegans,2023-01-18-01,IL1DR,70,802,4830,0.0008863474948791842,0.1711160322130049,,,
C. elegans,2023-01-18-01,IL1L,70,802,4830,-0.005339181404373454,-1.030769018314175,,,
C. elegans,2023-01-18-01,IL1VR,70,802,4830,0.006286424397571422,1.2136413832433504,,,
C. elegans,2023-01-18-01,AVDL,70,802,4830,-0.002070548344213733,-0.3997348886458526,,,
C. elegans,2023-01-18-01,AIBR,70,802,4830,-0.006709246532740884,-1.2952703679474717,,,
C. elegans,2023-01-18-01,RIVL,70,802,4830,0.001729030897676818,0.33380238393348854,,,
C. elegans,2023-01-18-01,ASEL,70,802,4830,0.005302793317522008,1.0237440252072778,,,
C. elegans,2023-01-18-01,AVDR,70,802,4830,0.0003649582357230552,0.07045792488971854,,,
C. elegans,2023-01-18-01,URBR,70,802,4830,-0.0014407492725603942,-0.2781474538582776,,,
C. elegans,2023-01-18-01,IL2R,70,802,4830,0.014301569510366444,2.7610252673709748,,,
C. elegans,2023-01-18-01,AVAL,70,802,4830,-0.011062183822094314,-2.1356375622246118,,,
C. elegans,2023-01-18-01,RMGL,70,802,4830,-0.003525214623048065,-0.6805691249541719,,,
C. elegans,2023-01-18-01,RMDDL,70,802,4830,0.00026884803520042257,0.05190312977420814,,,
C. elegans,2023-01-18-01,RMDR,70,802,4830,-0.0017549919062748631,-0.3388143513720051,,,
C. elegans,2023-01-18-01,AWCL,70,802,4830,0.00015123295812813353,0.029196656936734646,,,
C. elegans,2023-01-18-01,AIBL,70,802,4830,0.0018487331822570493,0.3569118078361229,,,
C. elegans,2023-01-18-01,OLQVR,70,802,4830,0.00033256133431077166,0.06420346006898647,,,
C. elegans,2023-01-18-01,RMDVL,70,802,4830,0.0015380221402703006,0.29692671059524006,,,
C. elegans,2023-01-18-01,OLQDR,70,802,4830,-0.0061111943077059834,-1.1798119000267375,,,
C. elegans,2023-01-18-01,AWBL,70,802,4830,0.0009452656943965929,0.182490632564222,,,
C. elegans,2023-01-18-01,SMDVL,70,802,4830,0.011947556874233782,2.3065654709576022,,,
C. elegans,2023-01-18-01,OLQDL,70,802,4830,0.005489497045185271,1.0597885802623692,,,
C. elegans,2023-01-18-01,IL2L,70,802,4830,-0.00026157448782571254,-0.0504989168960036,,,
C. elegans,2023-01-18-01,RMDDR,70,802,4830,0.0006837523106736048,0.1320035122735798,,,
C. elegans,2023-01-18-01,IL2VL,70,802,4830,-0.0002686958721909772,-0.05187375356388849,,,
C. elegans,2023-01-18-01,FLPR,70,802,4830,0.0007633312893258322,0.1473668310094089,,,
C. elegans,2023-01-18-01,ADLL,70,802,4830,-0.0017263132599573947,-0.33327772358726226,,,
C. elegans,2023-01-18-01,URYDL,70,802,4830,-0.004999408847789882,-0.9651733776953964,,,
C. elegans,2023-01-18-01,OLLR,70,802,4830,0.0024024911548641377,0.46381893808277513,,,
Drosophila,2017-10-26_1,AL_R,66,2000,4290,0.0009446632217283206,0.40029789034280844,,,
Drosophila,2017-10-26_1,AME_R,66,2000,4290,0.0009483693865337368,0.40186836532134795,,,
Drosophila,2017-10-26_1,AMMC_R,66,2000,4290,-0.001084883858487257,-0.4597159176207563,,,
Drosophila,2017-10-26_1,ATL_R,66,2000,4290,-0.0007633998890964833,-0.3234881575405941,,,
Drosophila,2017-10-26_1,AVLP_R,66,2000,4290,0.0005806471582764116,0.24604729722233257,,,
Drosophila,2017-10-26_1,CRE_R,66,2000,4290,0.007428502927000008,3.147803345877134,,,
Drosophila,2017-10-26_1,EPA_R,66,2000,4290,-0.0011357217353737139,-0.48125829843867785,,,
Drosophila,2017-10-26_1,GA_R,66,2000,4290,-0.002640050824259498,-1.1187127338517269,,,
Drosophila,2017-10-26_1,GOR_R,66,2000,4290,-0.0021161452069818026,-0.896709475429836,,,
Drosophila,2017-10-26_1,IB_R,66,2000,4290,0.00029707202158225216,0.12588327859497073,,,
Drosophila,2017-10-26_1,ICL_R,66,2000,4290,0.0018665180377095243,0.7909307948021297,,,
Drosophila,2017-10-26_1,IPS_R,66,2000,4290,0.00011400389108155824,0.04830876871370734,,,
Drosophila,2017-10-26_1,IVLP_R,66,2000,4290,-3.912419759522287e-05,-0.016578748276099398,,,
Drosophila,2017-10-26_1,LAL_R,66,2000,4290,-0.0030230376896285683,-1.281002141028769,,,
Drosophila,2017-10-26_1,LB_R,66,2000,4290,-0.0014486532235454255,-0.6138619731194704,,,
Drosophila,2017-10-26_1,LH_R,66,2000,4290,-0.004462678128284545,-1.8910449766033701,,,
Drosophila,2017-10-26_1,LO_R,66,2000,4290,0.0005564299915921248,0.2357853535890616,,,
Drosophila,2017-10-26_1,MB_R,66,2000,4290,0.008428184846927709,3.5714152261287753,,,
Drosophila,2017-10-26_1,ME_R,66,2000,4290,-3.5504051915167766e-05,-0.015044723615111324,,,
Drosophila,2017-10-26_1,OTU_R,66,2000,4290,-0.0033577367130003715,-1.4228297361694031,,,
Drosophila,2017-10-26_1,PLP_R,66,2000,4290,0.0032452750944402605,1.375174500294139,,,
Drosophila,2017-10-26_1,PVLP_R,66,2000,4290,0.0006801386559105209,0.2882064876024935,,,
Drosophila,2017-10-26_1,SCL_R,66,2000,4290,-0.003033622000551658,-1.2854872074903314,,,
Drosophila,2017-10-26_1,SIP_R,66,2000,4290,-0.005273663789567078,-2.234697446438836,,,
Drosophila,2017-10-26_1,SLP_R,66,2000,4290,-0.004195135575063661,-1.7776747117641098,,,
Drosophila,2017-10-26_1,SMP_R,66,2000,4290,0.00035278869186732627,0.14949303184781335,,,
Drosophila,2017-10-26_1,SPS_R,66,2000,4290,-0.001086261133178256,-0.46029953317871225,,,
Drosophila,2017-10-26_1,VES_R,66,2000,4290,-0.0013429120091548686,-0.5690544861026848,,,
Drosophila,2017-10-26_1,WED_R,66,2000,4290,-0.00037088903461551716,-0.15716299173396878,,,
Drosophila,2017-10-26_1,AL_L,66,2000,4290,0.0014101028545881287,0.5975263828153304,,,
Drosophila,2017-10-26_1,AME_L,66,2000,4290,0.0009651079307164245,0.408961267606123,,,
Drosophila,2017-10-26_1,AMMC_L,66,2000,4290,0.00039951278424380594,0.16929221019654592,,,
Drosophila,2017-10-26_1,ATL_L,66,2000,4290,-0.0017689380433136392,-0.7495815975454913,,,
Drosophila,2017-10-26_1,AVLP_L,66,2000,4290,0.001432129944712024,0.6068602888086793,,,
Drosophila,2017-10-26_1,CRE_L,66,2000,4290,-0.0013315670898760069,-0.5642471143865201,,,
Drosophila,2017-10-26_1,EPA_L,66,2000,4290,0.00048625355513453634,0.20604832263494688,,,
Drosophila,2017-10-26_1,GA_L,66,2000,4290,-5.665689307418321e-05,-0.024008169524669123,,,
Drosophila,2017-10-26_1,GOR_L,66,2000,4290,-0.0012091016787773076,-0.5123528047794581,,,
Drosophila,2017-10-26_1,IB_L,66,2000,4290,0.00010537045731992588,0.04465037994435,,,
Drosophila,2017-10-26_1,ICL_L,66,2000,4290,0.000871372720451321,0.36924128480493845,,,
Drosophila,2017-10-26_1,IPS_L,66,2000,4290,-0.00036157029244753366,-0.15321420581249764,,,
Drosophila,2017-10-26_1,IVLP_L,66,2000,4290,2.4004098561483454e-05,0.010171656726682743,,,
Drosophila,2017-10-26_1,LAL_L,66,2000,4290,8.16521350845807e-06,0.0034599819982981906,,,
Drosophila,2017-10-26_1,LB_L,66,2000,4290,-0.00015117588749916558,-0.06406027825016944,,,
Drosophila,2017-10-26_1,LH_L,66,2000,4290,-9.201543351115432e-05,-0.03899123313608493,,,
Drosophila,2017-10-26_1,LO_L,66,2000,4290,-0.00045823798458386296,-0.19417681802861014,,,
Drosophila,2017-10-26_1,MB_L,66,2000,4290,0.0029351369314578294,1.243754487848301,,,
Drosophila,2017-10-26_1,ME_L,66,2000,4290,-0.00034145946802072765,-0.1446923110187356,,,
Drosophila,2017-10-26_1,OTU_L,66,2000,4290,-0.0031633543312520893,-1.3404608500479682,,,
Drosophila,2017-10-26_1,PLP_L,66,2000,4290,-6.897862371550819e-05,-0.02922946179861905,,,
Drosophila,2017-10-26_1,PVLP_L,66,2000,4290,-0.001214130499057482,-0.5144837506051928,,,
Drosophila,2017-10-26_1,SCL_L,66,2000,4290,-0.0031587673895238175,-1.338517148785212,,,
Drosophila,2017-10-26_1,SIP_L,66,2000,4290,-0.0027620518863736756,-1.170410277124913,,,
Drosophila,2017-10-26_1,SLP_L,66,2000,4290,-0.0012608903404373979,-0.5342980774749306,,,
Drosophila,2017-10-26_1,SMP_L,66,2000,4290,0.00039461846592685993,0.16721825912924893,,,
Drosophila,2017-10-26_1,SPS_L,66,2000,4290,0.002542375302722414,1.077323057287529,,,
Drosophila,2017-10-26_1,VES_L,66,2000,4290,0.0029607137956215654,1.2545925987547426,,,
Drosophila,2017-10-26_1,WED_L,66,2000,4290,-4.3171187636194584e-05,-0.0182936468117653,,,
Drosophila,2017-10-26_1,EB,66,2000,4290,0.001616751948509377,0.6850932473182005,,,
Drosophila,2017-10-26_1,FB,66,2000,4290,0.0009518637202984925,0.4033490776027324,,,
Drosophila,2017-10-26_1,FLA,66,2000,4290,0.004879065801673224,2.0674878648077915,,,
Drosophila,2017-10-26_1,NO,66,2000,4290,0.0012789507689838263,0.5419511238511783,,,
Drosophila,2017-10-26_1,PB,66,2000,4290,-0.0012576958051961052,-0.532944403818222,,,
Drosophila,2017-10-26_1,PRW,66,2000,4290,0.0007782192564065692,0.3297678150248659,,,
Drosophila,2017-10-26_1,SAD,66,2000,4290,0.0022411984491854495,0.9497003698388116,,,
Drosophila,2017-10-26_1,SOG,66,2000,4290,0.0023856739699234767,1.0109213900155063,,,
Drosophila,2017-10-30_1,AL_R,64,2000,4032,0.0024888281601744867,2.0266664348667582,,,
Drosophila,2017-10-30_1,AME_R,64,2000,4032,0.0005492880325406638,0.44728826057083715,,,
Drosophila,2017-10-30_1,AMMC_R,64,2000,4032,-0.0006549829548314023,-0.5333562160730251,,,
Drosophila,2017-10-30_1,ATL_R,64,2000,4032,0.00023073190820637154,0.18788625960493288,,,
Drosophila,2017-10-30_1,AVLP_R,64,2000,4032,0.00021447351450643026,0.17464696035407173,,,
Drosophila,2017-10-30_1,CRE_R,64,2000,4032,-0.0010546377646241324,-0.8587973218515773,,,
Drosophila,2017-10-30_1,EPA_R,64,2000,4032,-2.1176023523985404e-05,-0.017243752215099245,,,
Drosophila,2017-10-30_1,GA_R,64,2000,4032,-0.0008025140672533944,-0.6534916108859975,,,
Drosophila,2017-10-30_1,GOR_R,64,2000,4032,-0.0011858263458526534,-0.9656249037907799,,,
Drosophila,2017-10-30_1,IB_R,64,2000,4032,-0.0008896106554009778,-0.7244148407877943,,,
Drosophila,2017-10-30_1,ICL_R,64,2000,4032,-0.0004510884469958582,-0.36732379893137557,,,
Drosophila,2017-10-30_1,IPS_R,64,2000,4032,0.0022025085035490763,1.7935147665391975,,,
Drosophila,2017-10-30_1,IVLP_R,64,2000,4032,0.002207776638826621,1.7978046380185484,,,
Drosophila,2017-10-30_1,LAL_R,64,2000,4032,0.0006564741715561365,0.5345705220389777,,,
Drosophila,2017-10-30_1,LB_R,64,2000,4032,0.0008129864468397289,0.6620193270780708,,,
Drosophila,2017-10-30_1,LH_R,64,2000,4032,-2.2355525974954424e-06,-0.0018204227536567459,,,
Drosophila,2017-10-30_1,LO_R,64,2000,4032,2.0836960880852226e-05,0.016967651643291507,,,
Drosophila,2017-10-30_1,MB_R,64,2000,4032,0.0027130907946046607,2.2092847293184583,,,
Drosophila,2017-10-30_1,ME_R,64,2000,4032,-0.0006726060004064507,-0.5477067588379276,,,
Drosophila,2017-10-30_1,OTU_R,64,2000,4032,-0.0006287820320322875,-0.5120206607907437,,,
Drosophila,2017-10-30_1,PLP_R,64,2000,4032,-0.0002880243559561927,-0.2345398143516695,,,
Drosophila,2017-10-30_1,PVLP_R,64,2000,4032,0.0002679628222871289,0.2182035973441479,,,
Drosophila,2017-10-30_1,SCL_R,64,2000,4032,-0.0009921686150509922,-0.8079283503892493,,,
Drosophila,2017-10-30_1,SIP_R,64,2000,4032,-0.001724634591400901,-1.4043794162781036,,,
Drosophila,2017-10-30_1,SLP_R,64,2000,4032,-0.0008174962541890899,-0.6656916879621684,,,
Drosophila,2017-10-30_1,SMP_R,64,2000,4032,-0.0011538323383317693,-0.9395720078146653,,,
Drosophila,2017-10-30_1,SPS_R,64,2000,4032,0.00018616174948558157,0.15159253466179487,,,
Drosophila,2017-10-30_1,VES_R,64,2000,4032,0.001766670044511971,1.438609116527336,,,
Drosophila,2017-10-30_1,WED_R,64,2000,4032,-2.3132277405283713e-05,-0.018836740490765152,,,
Drosophila,2017-10-30_1,AL_L,64,2000,4032,0.0004929780829961331,0.4014347595067298,,,
Drosophila,2017-10-30_1,AMMC_L,64,2000,4032,-0.00017641588330477443,-0.1436564223245092,,,
Drosophila,2017-10-30_1,ATL_L,64,2000,4032,0.00014020253805363802,0.11416769646985861,,,
Drosophila,2017-10-30_1,AVLP_L,64,2000,4032,-1.4902752132783803e-05,-0.012135392880051046,,,
Drosophila,2017-10-30_1,CRE_L,64,2000,4032,-0.0003237480672556105,-0.2636298285912723,,,
Drosophila,2017-10-30_1,EPA_L,64,2000,4032,7.326404547215747e-05,0.059659314458481376,,,
Drosophila,2017-10-30_1,GA_L,64,2000,4032,0.0001828190488816834,0.14887055520811723,,,
Drosophila,2017-10-30_1,GOR_L,64,2000,4032,-0.00038534456745806727,-0.3137881968800781,,,
Drosophila,2017-10-30_1,IB_L,64,2000,4032,0.0002237794908965419,0.18222486801973375,,,
Drosophila,2017-10-30_1,ICL_L,64,2000,4032,-0.0007105770672669087,-0.5786268070492018,,,
Drosophila,2017-10-30_1,IPS_L,64,2000,4032,-0.00012683184015917071,-0.10327986376727437,,,
Drosophila,2017-10-30_1,IVLP_L,64,2000,4032,0.00024744038475031627,0.20149206378668771,,,
Drosophila,2017-10-30_1,LAL_L,64,2000,4032,-0.002471230800966264,-2.0123368086513835,,,
Drosophila,2017-10-30_1,LB_L,64,2000,4032,-0.00023514336786153956,-0.19147853542170573,,,
Drosophila,2017-10-30_1,LH_L,64,2000,4032,-0.0008463020834414335,-0.6891484328706375,,,
Drosophila,2017-10-30_1,LO_L,64,2000,4032,-0.0005253308620293326,-0.4277798050950318,,,
Drosophila,2017-10-30_1,MB_L,64,2000,4032,0.004587029138492172,3.7352430109462107,,,
Drosophila,2017-10-30_1,OTU_L,64,2000,4032,-0.0012878106932398363,-1.0486713177773945,,,
Drosophila,2017-10-30_1,PLP_L,64,2000,4032,-0.001337330933130591,-1.0889959209939166,,,
Drosophila,2017-10-30_1,PVLP_L,64,2000,4032,-0.001055820329541537,-0.859760290956277,,,
Drosophila,2017-10-30_1,SCL_L,64,2000,4032,-0.0011575617406884666,-0.9426088806286974,,,
Drosophila,2017-10-30_1,SIP_L,64,2000,4032,-0.0019526975326760634,-1.5900923214579277,,,
Drosophila,2017-10-30_1,SLP_L,64,2000,4032,-0.001476365659555842,-1.20221266204332,,,
Drosophila,2017-10-30_1,SMP_L,64,2000,4032,-0.0001400899128793931,-0.11407598517214211,,,
Drosophila,2017-10-30_1,SPS_L,64,2000,4032,-9.29211939431814e-05,-0.07566623837910423,,,
Drosophila,2017-10-30_1,VES_L,64,2000,4032,0.0021448492579511885,1.7465625262910056,,,
Drosophila,2017-10-30_1,WED_L,64,2000,4032,-0.0005527684683219983,-0.45012239853568775,,,
Drosophila,2017-10-30_1,EB,64,2000,4032,0.0003630550583686654,0.2956377272558588,,,
Drosophila,2017-10-30_1,FB,64,2000,4032,0.0007950197888277641,0.6473889788193038,,,
Drosophila,2017-10-30_1,FLA,64,2000,4032,-0.0014544540154011823,-1.1843698899099961,,,
Drosophila,2017-10-30_1,NO,64,2000,4032,0.00023618167668496752,0.19232403599709286,,,
Drosophila,2017-10-30_1,PB,64,2000,4032,-0.0006872194763156809,-0.5596065925009694,,,
Drosophila,2017-10-30_1,PRW,64,2000,4032,0.0009958123466000633,0.8108954609942859,,,
Drosophila,2017-10-30_1,SAD,64,2000,4032,0.0018695221958545864,1.522362188039232,,,
Drosophila,2017-10-30_1,SOG,64,2000,4032,0.0017038727216229365,1.387472911732155,,,
Drosophila,2017-10-30_2,AL_R,66,2000,4290,0.004090501040251407,1.5976711909844705,,,
Drosophila,2017-10-30_2,AME_R,66,2000,4290,0.000460337124943374,0.17979884503768384,,,
Drosophila,2017-10-30_2,AMMC_R,66,2000,4290,0.0001419324133360092,0.05543607631985954,,,
Drosophila,2017-10-30_2,ATL_R,66,2000,4290,-0.0013992399261244036,-0.5465162573597098,,,
Drosophila,2017-10-30_2,AVLP_R,66,2000,4290,-0.00011992662537928266,-0.046841037935218544,,,
Drosophila,2017-10-30_2,CRE_R,66,2000,4290,-0.0021099284408538444,-0.82409754986489,,,
Drosophila,2017-10-30_2,EPA_R,66,2000,4290,-0.0008219608516148182,-0.3210421314698759,,,
Drosophila,2017-10-30_2,GA_R,66,2000,4290,-0.0013551575535383988,-0.5292985287690394,,,
Drosophila,2017-10-30_2,GOR_R,66,2000,4290,-0.00099156902754847,-0.38728782943649137,,,
Drosophila,2017-10-30_2,IB_R,66,2000,4290,0.0005004707705889626,0.1954742766794749,,,
Drosophila,2017-10-30_2,ICL_R,66,2000,4290,-0.0014846286643475468,-0.5798674595110349,,,
Drosophila,2017-10-30_2,IPS_R,66,2000,4290,0.0012041503666100112,0.47031802007021667,,,
Drosophila,2017-10-30_2,IVLP_R,66,2000,4290,-0.00014595549060265612,-0.05700741307904333,,,
Drosophila,2017-10-30_2,LAL_R,66,2000,4290,-0.0005422548027174328,-0.21179431760304931,,,
Drosophila,2017-10-30_2,LB_R,66,2000,4290,0.00045797785754662603,0.17887736047759642,,,
Drosophila,2017-10-30_2,LH_R,66,2000,4290,-0.0014747080443371398,-0.5759926557568333,,,
Drosophila,2017-10-30_2,LO_R,66,2000,4290,-0.0007039748386845623,-0.2749590595080594,,,
Drosophila,2017-10-30_2,MB_R,66,2000,4290,0.007890597376510997,3.0819158787781284,,,
Drosophila,2017-10-30_2,ME_R,66,2000,4290,-0.000609612033987029,-0.2381027592450292,,,
Drosophila,2017-10-30_2,OTU_R,66,2000,4290,-0.0023015608243907625,-0.8989454805765281,,,
Drosophila,2017-10-30_2,PLP_R,66,2000,4290,-0.0018262121242524534,-0.7132834024081736,,,
Drosophila,2017-10-30_2,PVLP_R,66,2000,4290,-0.0009430052528077527,-0.3683197511827001,,,
Drosophila,2017-10-30_2,SCL_R,66,2000,4290,0.0013415544220069802,0.5239854066988922,,,
Drosophila,2017-10-30_2,SIP_R,66,2000,4290,-0.002131570600617517,-0.8325505620570047,,,
Drosophila,2017-10-30_2,SLP_R,66,2000,4290,0.0012253673511864007,0.4786049669952261,,,
Drosophila,2017-10-30_2,SMP_R,66,2000,4290,-0.0010933284379801055,-0.4270331019247233,,,
Drosophila,2017-10-30_2,SPS_R,66,2000,4290,0.0014217941977324134,0.5553255229306437,,,
Drosophila,2017-10-30_2,VES_R,66,2000,4290,-0.00016250090120623149,-0.06346973287904432,,,
Drosophila,2017-10-30_2,WED_R,66,2000,4290,-0.0001888639765961892,-0.07376664409892227,,,
Drosophila,2017-10-30_2,AL_L,66,2000,4290,0.002679365862073979,1.0465088764968917,,,
Drosophila,2017-10-30_2,AME_L,66,2000,4290,-0.0001118800464836179,-0.043698198669054444,,,
Drosophila,2017-10-30_2,AMMC_L,66,2000,4290,-0.0002931495801409398,-0.11449859912799024,,,
Drosophila,2017-10-30_2,ATL_L,66,2000,4290,0.0017353630526921703,0.6777994988640176,,,
Drosophila,2017-10-30_2,AVLP_L,66,2000,4290,-0.0013106963308955025,-0.5119328286180046,,,
Drosophila,2017-10-30_2,CRE_L,66,2000,4290,-0.0061580617556232595,-2.4052207205056333,,,
Drosophila,2017-10-30_2,EPA_L,66,2000,4290,-0.0005694286057333259,-0.2224078834720635,,,
Drosophila,2017-10-30_2,GA_L,66,2000,4290,-0.000649097527037747,-0.2535250349242629,,,
Drosophila,2017-10-30_2,GOR_L,66,2000,4290,0.00036928116252786715,0.14423413389665482,,,
Drosophila,2017-10-30_2,IB_L,66,2000,4290,-0.0005584206139151303,-0.21810837316135523,,,
Drosophila,2017-10-30_2,ICL_L,66,2000,4290,-0.000633901321805823,-0.24758968884503538,,,
Drosophila,2017-10-30_2,IPS_L,66,2000,4290,0.0007549340737770335,0.2948627585954557,,,
Drosophila,2017-10-30_2,IVLP_L,66,2000,4290,0.000661435047961685,0.2583438337839577,,,
Drosophila,2017-10-30_2,LAL_L,66,2000,4290,-0.00046984439914292343,-0.18351220385215236,,,
Drosophila,2017-10-30_2,LB_L,66,2000,4290,-0.0002554588984041586,-0.09977734229737985,,,
Drosophila,2017-10-30_2,LH_L,66,2000,4290,-0.001754697059368475,-0.6853509907641724,,,
Drosophila,2017-10-30_2,LO_L,66,2000,4290,0.0009927956214346577,0.3877669134645153,,,
Drosophila,2017-10-30_2,MB_L,66,2000,4290,0.012022611460216673,4.695801267711537,,,
Drosophila,2017-10-30_2,ME_L,66,2000,4290,-9.119063551737374e-05,-0.035617311869628306,,,
Drosophila,2017-10-30_2,OTU_L,66,2000,4290,-0.0012660761736541463,-0.4945050516634899,,,
Drosophila,2017-10-30_2,PLP_L,66,2000,4290,5.8572624446749335e-05,0.022877342833574368,,,
Drosophila,2017-10-30_2,PVLP_L,66,2000,4290,-0.0005673511295607994,-0.2215964611553005,,,
Drosophila,2017-10-30_2,SCL_L,66,2000,4290,0.005324518644985878,2.0796547809778256,,,
Drosophila,2017-10-30_2,SIP_L,66,2000,4290,-0.004378565198559052,-1.7101835219567731,,,
Drosophila,2017-10-30_2,SLP_L,66,2000,4290,0.0014830754947273484,0.5792608212697815,,,
Drosophila,2017-10-30_2,SMP_L,66,2000,4290,-0.006015335984758471,-2.3494747739631756,,,
Drosophila,2017-10-30_2,SPS_L,66,2000,4290,-0.00016751579361378677,-0.06542845359481889,,,
Drosophila,2017-10-30_2,VES_L,66,2000,4290,-0.0013487220695138124,-0.5267849522352731,,,
Drosophila,2017-10-30_2,WED_L,66,2000,4290,0.00066532926736905,0.25986484113667485,,,
Drosophila,2017-10-30_2,EB,66,2000,4290,-0.0006444221943712414,-0.25169893972564505,,,
Drosophila,2017-10-30_2,FB,66,2000,4290,-0.0010291148884158077,-0.4019525220152689,,,
Drosophila,2017-10-30_2,FLA,66,2000,4290,1.135906871364129e-05,0.004436634207305375,,,
Drosophila,2017-10-30_2,NO,66,2000,4290,-0.0012623212399157356,-0.49303844661954016,,,
Drosophila,2017-10-30_2,PB,66,2000,4290,0.004536414309666345,1.7718363549122023,,,
Drosophila,2017-10-30_2,PRW,66,2000,4290,0.00012839105424505923,0.050147081379265004,,,
Drosophila,2017-10-30_2,SAD,66,2000,4290,-0.00036195743356926506,-0.14137362594112624,,,
Drosophila,2017-10-30_2,SOG,66,2000,4290,0.0001450376320356725,0.056648915140664106,,,
Drosophila,2017-11-08_1,AL_R,66,4000,4290,0.007243876468759379,2.1488195238605075,,,
Drosophila,2017-11-08_1,AME_R,66,4000,4290,-0.00023607322955738753,-0.07002863272468211,,,
Drosophila,2017-11-08_1,AMMC_R,66,4000,4290,0.0008072191679451621,0.23945304915063917,,,
Drosophila,2017-11-08_1,ATL_R,66,4000,4290,-0.004405756671340986,-1.306921231137116,,,
Drosophila,2017-11-08_1,AVLP_R,66,4000,4290,-0.0036246074590173647,-1.0752015592558628,,,
Drosophila,2017-11-08_1,CRE_R,66,4000,4290,-0.007627792864866294,-2.2627042720395427,,,
Drosophila,2017-11-08_1,EPA_R,66,4000,4290,-0.0002790177411733716,-0.08276766898531637,,,
Drosophila,2017-11-08_1,GA_R,66,4000,4290,-0.0020658875802252734,-0.6128237533638242,,,
Drosophila,2017-11-08_1,GOR_R,66,4000,4290,0.00109396310567156,0.3245126128238242,,,
Drosophila,2017-11-08_1,IB_R,66,4000,4290,0.0022028628322773216,0.653456016650551,,,
Drosophila,2017-11-08_1,ICL_R,66,4000,4290,-0.0030593085084843707,-0.9075115900850891,,,
Drosophila,2017-11-08_1,IPS_R,66,4000,4290,-0.003590921016245358,-1.0652088314353267,,,
Drosophila,2017-11-08_1,IVLP_R,66,4000,4290,0.0025783103977355896,0.764828575572831,,,
Drosophila,2017-11-08_1,LAL_R,66,4000,4290,-0.000690066746127385,-0.2047010193009784,,,
Drosophila,2017-11-08_1,LB_R,66,4000,4290,-0.0022632715206616087,-0.671375616683873,,,
Drosophila,2017-11-08_1,LH_R,66,4000,4290,-0.005109736245116575,-1.5157493439648129,,,
Drosophila,2017-11-08_1,LO_R,66,4000,4290,-0.0003130386446847079,-0.09285961105525813,,,
Drosophila,2017-11-08_1,MB_R,66,4000,4290,0.004259034636686486,1.263397687630289,,,
Drosophila,2017-11-08_1,ME_R,66,4000,4290,-0.0003978320906033134,-0.11801269212602286,,,
Drosophila,2017-11-08_1,OTU_R,66,4000,4290,-0.0005074833952807723,-0.1505395947207677,,,
Drosophila,2017-11-08_1,PLP_R,66,4000,4290,-0.002677933347272245,-0.7943806724248634,,,
Drosophila,2017-11-08_1,PVLP_R,66,4000,4290,-0.0010659148921334759,-0.3161924062162196,,,
Drosophila,2017-11-08_1,SCL_R,66,4000,4290,-0.0021946351127839696,-0.6510153504740347,,,
Drosophila,2017-11-08_1,SIP_R,66,4000,4290,-0.004294740797083419,-1.2739895433740915,,,
Drosophila,2017-11-08_1,SLP_R,66,4000,4290,0.000628149602627477,0.18633395197341238,,,
Drosophila,2017-11-08_1,SMP_R,66,4000,4290,8.847800460472126e-05,0.026246066528990142,,,
Drosophila,2017-11-08_1,SPS_R,66,4000,4290,0.0002989296547399639,0.08867432805299151,,,
Drosophila,2017-11-08_1,VES_R,66,4000,4290,0.0018650290725512164,0.5532411963330831,,,
Drosophila,2017-11-08_1,WED_R,66,4000,4290,-0.0010374374441260974,-0.3077448717321787,,,
Drosophila,2017-11-08_1,AL_L,66,4000,4290,0.002990468055810288,0.8870907961392753,,,
Drosophila,2017-11-08_1,AME_L,66,4000,4290,0.0002535556157524022,0.07521459813167512,,,
Drosophila,2017-11-08_1,AMMC_L,66,4000,4290,0.0003516011864117848,0.10429878218278839,,,
Drosophila,2017-11-08_1,ATL_L,66,4000,4290,0.00032420018211799773,0.09617056336875893,,,
Drosophila,2017-11-08_1,AVLP_L,66,4000,4290,0.0016623663627886374,0.49312344178903184,,,
Drosophila,2017-11-08_1,CRE_L,66,4000,4290,-0.009480062590005816,-2.812160542587625,,,
Drosophila,2017-11-08_1,EPA_L,66,4000,4290,-0.0010335468867318594,-0.3065907789306941,,,
Drosophila,2017-11-08_1,GA_L,66,4000,4290,-0.004291753404766342,-1.2731033649633952,,,
Drosophila,2017-11-08_1,GOR_L,66,4000,4290,0.0013737057784529937,0.40749532512187314,,,
Drosophila,2017-11-08_1,IB_L,66,4000,4290,0.0038155151778809615,1.1318323197773803,,,
Drosophila,2017-11-08_1,ICL_L,66,4000,4290,0.00034842803498499246,0.10335750029215104,,,
Drosophila,2017-11-08_1,IPS_L,66,4000,4290,0.007236272404091164,2.1465638583076467,,,
Drosophila,2017-11-08_1,IVLP_L,66,4000,4290,0.002147452881581414,0.6370192394104903,,,
Drosophila,2017-11-08_1,LAL_L,66,4000,4290,-0.001883782027675629,-0.5588040626071292,,,
Drosophila,2017-11-08_1,LB_L,66,4000,4290,-0.0006328315142613979,-0.1877227916604704,,,
Drosophila,2017-11-08_1,LH_L,66,4000,4290,0.003520795028715499,1.0444066971383061,,,
Drosophila,2017-11-08_1,LO_L,66,4000,4290,-0.00024296666082698802,-0.07207349637778152,,,
Drosophila,2017-11-08_1,MB_L,66,4000,4290,0.002573539365468751,0.7634132991903353,,,
Drosophila,2017-11-08_1,ME_L,66,4000,4290,-0.00015019790043905727,-0.04455462241773684,,,
Drosophila,2017-11-08_1,OTU_L,66,4000,4290,-0.007552875975663892,-2.240480967310468,,,
Drosophila,2017-11-08_1,PLP_L,66,4000,4290,0.006628482495784198,1.9662693948379966,,,
Drosophila,2017-11-08_1,PVLP_L,66,4000,4290,0.00752435751558812,2.232021267029059,,,
Drosophila,2017-11-08_1,SCL_L,66,4000,4290,-0.0011978365051753316,-0.3553255608118362,,,
Drosophila,2017-11-08_1,SIP_L,66,4000,4290,-0.00239451638233164,-0.7103080201254843,,,
Drosophila,2017-11-08_1,SLP_L,66,4000,4290,0.00013000320970508057,0.03856408048695677,,,
Drosophila,2017-11-08_1,SMP_L,66,4000,4290,-0.004933412215443548,-1.4634446809682546,,,
Drosophila,2017-11-08_1,SPS_L,66,4000,4290,0.002640855305636555,0.783381862586389,,,
Drosophila,2017-11-08_1,VES_L,66,4000,4290,0.0015763313974683404,0.4676020770871048,,,
Drosophila,2017-11-08_1,WED_L,66,4000,4290,-0.0009555848908111496,-0.2834641754227458,,,
Drosophila,2017-11-08_1,EB,66,4000,4290,0.0013832383396048086,0.4103230588089058,,,
Drosophila,2017-11-08_1,FB,66,4000,4290,0.0007021921670180736,0.2082978974721215,,,
Drosophila,2017-11-08_1,FLA,66,4000,4290,0.0009498779473239721,0.2817712708515949,,,
Drosophila,2017-11-08_1,NO,66,4000,4290,-0.0011863172893886856,-0.35190850698869913,,,
Drosophila,2017-11-08_1,PB,66,4000,4290,0.002768899724837875,0.8213648885377273,,,
Drosophila,2017-11-08_1,PRW,66,4000,4290,0.0019359462933924516,0.5742780416435709,,,
Drosophila,2017-11-08_1,SAD,66,4000,4290,0.006766223988362625,2.0071289552922216,,,
Drosophila,2017-11-08_1,SOG,66,4000,4290,0.0007069781479274481,0.20971760821170138,,,
Drosophila,2017-11-08_2,AL_R,66,4000,4290,0.00022529268253921832,0.13961003318291368,,,
Drosophila,2017-11-08_2,AME_R,66,4000,4290,0.00015661359454541323,0.09705077362010797,,,
Drosophila,2017-11-08_2,AMMC_R,66,4000,4290,-0.0010710939112510728,-0.6637386301516842,,,
Drosophila,2017-11-08_2,ATL_R,66,4000,4290,-3.610224429675231e-05,-0.02237194509577491,,,
Drosophila,2017-11-08_2,AVLP_R,66,4000,4290,-0.002994840325600495,-1.8558514751664408,,,
Drosophila,2017-11-08_2,CRE_R,66,4000,4290,-0.002957519597560758,-1.8327244564754046,,,
Drosophila,2017-11-08_2,EPA_R,66,4000,4290,-0.00035259595337342977,-0.218497699063335,,,
Drosophila,2017-11-08_2,GA_R,66,4000,4290,-0.0013670599348294364,-0.8471437274992091,,,
Drosophila,2017-11-08_2,GOR_R,66,4000,4290,-0.0011020863620673893,-0.6829441233710769,,,
Drosophila,2017-11-08_2,IB_R,66,4000,4290,0.0012350466959115732,0.76533737472209,,,
Drosophila,2017-11-08_2,ICL_R,66,4000,4290,0.001331522196669043,0.8251215972289346,,,
Drosophila,2017-11-08_2,IPS_R,66,4000,4290,0.005382908740849658,3.335696745498142,,,
Drosophila,2017-11-08_2,IVLP_R,66,4000,4290,-6.8815967283349e-05,-0.04264408132416914,,,
Drosophila,2017-11-08_2,LAL_R,66,4000,4290,-0.002580595702555181,-1.599151146876229,,,
Drosophila,2017-11-08_2,LB_R,66,4000,4290,0.00010408726788021601,0.06450110478020589,,,
Drosophila,2017-11-08_2,LH_R,66,4000,4290,-0.0026502603337193683,-1.6423211307340695,,,
Drosophila,2017-11-08_2,LO_R,66,4000,4290,-0.00025799532781397314,-0.15987530474220094,,,
Drosophila,2017-11-08_2,MB_R,66,4000,4290,0.00550194148631033,3.4094593078517814,,,
Drosophila,2017-11-08_2,ME_R,66,4000,4290,-0.0003286494048418776,-0.20365843132757852,,,
Drosophila,2017-11-08_2,OTU_R,66,4000,4290,-0.002744657368088218,-1.7008173630664694,,,
Drosophila,2017-11-08_2,PLP_R,66,4000,4290,0.002347279869943678,1.4545693044219328,,,
Drosophila,2017-11-08_2,PVLP_R,66,4000,4290,0.0011689062579733627,0.7243512733040884,,,
Drosophila,2017-11-08_2,SCL_R,66,4000,4290,0.0007167335672488703,0.4441475683059707,,,
Drosophila,2017-11-08_2,SIP_R,66,4000,4290,-0.0020495160555129427,-1.2700501467430791,,,
Drosophila,2017-11-08_2,SLP_R,66,4000,4290,-0.0017481299975319194,-1.083286346510581,,,
Drosophila,2017-11-08_2,SMP_R,66,4000,4290,-0.0015361166579881574,-0.9519052957133702,,,
Drosophila,2017-11-08_2,SPS_R,66,4000,4290,0.0016294905869784018,1.009767527090893,,,
Drosophila,2017-11-08_2,VES_R,66,4000,4290,0.0022381889278544616,1.386967508068074,,,
Drosophila,2017-11-08_2,WED_R,66,4000,4290,-0.0001386055249069224,-0.08589147997837024,,,
Drosophila,2017-11-08_2,AL_L,66,4000,4290,0.0005143705493061031,0.31874665722637424,,,
Drosophila,2017-11-08_2,AME_L,66,4000,4290,-0.00011124112453210808,-0.06893422774407575,,,
Drosophila,2017-11-08_2,AMMC_L,66,4000,4290,-0.0001765850641219138,-0.1094267527192135,,,
Drosophila,2017-11-08_2,ATL_L,66,4000,4290,-0.0009083662588336594,-0.5628990791386682,,,
Drosophila,2017-11-08_2,AVLP_L,66,4000,4290,-0.0007917399010603792,-0.49062771419588697,,,
Drosophila,2017-11-08_2,CRE_L,66,4000,4290,-0.0028293724372085343,-1.7533138466525324,,,
Drosophila,2017-11-08_2,EPA_L,66,4000,4290,0.00031061519325167235,0.19248293796419358,,,
Drosophila,2017-11-08_2,GA_L,66,4000,4290,0.0003611846283089261,0.22381995444787545,,,
Drosophila,2017-11-08_2,GOR_L,66,4000,4290,-0.0004203638114640845,-0.2604922849954561,,,
Drosophila,2017-11-08_2,IB_L,66,4000,4290,0.0012378289819331748,0.7670615099200121,,,
Drosophila,2017-11-08_2,ICL_L,66,4000,4290,-0.0016498979675305806,-1.022413632787513,,,
Drosophila,2017-11-08_2,IPS_L,66,4000,4290,0.0014658486033322145,0.9083613806085942,,,
Drosophila,2017-11-08_2,IVLP_L,66,4000,4290,-0.0003397371345142047,-0.2105293083131517,,,
Drosophila,2017-11-08_2,LAL_L,66,4000,4290,-0.0021269114604894257,-1.3180107592902306,,,
Drosophila,2017-11-08_2,LB_L,66,4000,4290,0.00020013967729999476,0.12402314480056814,,,
Drosophila,2017-11-08_2,LH_L,66,4000,4290,4.86990967403746e-05,0.030177999725837054,,,
Drosophila,2017-11-08_2,LO_L,66,4000,4290,-0.0006236737180253125,-0.38647996680348423,,,
Drosophila,2017-11-08_2,MB_L,66,4000,4290,0.0013368746432070849,0.8284384170668614,,,
Drosophila,2017-11-08_2,ME_L,66,4000,4290,0.0001977478657074436,0.12254097994709928,,,
Drosophila,2017-11-08_2,OTU_L,66,4000,4290,-0.0011699555050794991,-0.7250014738416904,,,
Drosophila,2017-11-08_2,PLP_L,66,4000,4290,0.0015125411891116977,0.9372959797114077,,,
Drosophila,2017-11-08_2,PVLP_L,66,4000,4290,0.000450893375076183,0.2794109349085664,,,
Drosophila,2017-11-08_2,SCL_L,66,4000,4290,0.001349222965417336,0.836090461749788,,,
Drosophila,2017-11-08_2,SIP_L,66,4000,4290,-0.0006054974200612816,-0.375216424937409,,,
Drosophila,2017-11-08_2,SLP_L,66,4000,4290,-0.0008126800257315586,-0.5036039523375265,,,
Drosophila,2017-11-08_2,SMP_L,66,4000,4290,-0.0004044029686911225,-0.25060162292846866,,,
Drosophila,2017-11-08_2,SPS_L,66,4000,4290,0.001218153824207477,0.7548691502214872,,,
Drosophila,2017-11-08_2,VES_L,66,4000,4290,0.00036300452632762433,0.22494771421315654,,,
Drosophila,2017-11-08_2,WED_L,66,4000,4290,-0.00043100729910846143,-0.26708787277250134,,,
Drosophila,2017-11-08_2,EB,66,4000,4290,-0.0004390489782761934,-0.27207116420833377,,,
Drosophila,2017-11-08_2,FB,66,4000,4290,0.001235459659978181,0.7655932815113947,,,
Drosophila,2017-11-08_2,FLA,66,4000,4290,-0.0004943424292258341,-0.3063355727762124,,,
Drosophila,2017-11-08_2,NO,66,4000,4290,0.00041580873162842406,0.25766957970454346,,,
Drosophila,2017-11-08_2,PB,66,4000,4290,0.0017693357371321792,1.0964271816939215,,,
Drosophila,2017-11-08_2,PRW,66,4000,4290,-0.0003641880433561549,-0.22568111953179987,,,
Drosophila,2017-11-08_2,SAD,66,4000,4290,0.001261195296511842,0.7815412165705921,,,
Drosophila,2017-11-08_2,SOG,66,4000,4290,0.0013967157973493905,0.8655209597457911,,,
Drosophila,2017-11-16_1,AL_R,66,2000,4290,0.000895931176079763,0.6021019581026233,,,
Drosophila,2017-11-16_1,AME_R,66,2000,4290,-0.00039504175333034705,-0.2654840232854222,,,
Drosophila,2017-11-16_1,AMMC_R,66,2000,4290,-0.0014766804173241474,-0.9923889183687835,,,
Drosophila,2017-11-16_1,ATL_R,66,2000,4290,0.0007125891092375884,0.47888867967728643,,,
Drosophila,2017-11-16_1,AVLP_R,66,2000,4290,0.0006423214517723498,0.43166597409377416,,,
Drosophila,2017-11-16_1,CRE_R,66,2000,4290,-0.0024875306058073686,-1.6717210970940473,,,
Drosophila,2017-11-16_1,EPA_R,66,2000,4290,-0.000911659587701155,-0.6126720863534579,,,
Drosophila,2017-11-16_1,GA_R,66,2000,4290,-0.00327472821163973,-2.200749701678698,,,
Drosophila,2017-11-16_1,GOR_R,66,2000,4290,-0.0015040502447802213,-1.0107825485316946,,,
Drosophila,2017-11-16_1,IB_R,66,2000,4290,-0.0014399213258953726,-0.9676853233625436,,,
Drosophila,2017-11-16_1,ICL_R,66,2000,4290,-0.00022244326074020757,-0.14949086094363964,,,
Drosophila,2017-11-16_1,IPS_R,66,2000,4290,0.001113969945852318,0.7486328231147977,,,
Drosophila,2017-11-16_1,IVLP_R,66,2000,4290,-0.0005179626343804286,-0.3480918230226697,,,
Drosophila,2017-11-16_1,LAL_R,66,2000,4290,0.0006418035252450429,0.4313179065361641,,,
Drosophila,2017-11-16_1,LB_R,66,2000,4290,-0.0012071987118361881,-0.8112863215631898,,,
Drosophila,2017-11-16_1,LH_R,66,2000,4290,-0.0008115992768528197,-0.5454275136690309,,,
Drosophila,2017-11-16_1,LO_R,66,2000,4290,0.00016654146151063096,0.11192259267010515,,,
Drosophila,2017-11-16_1,MB_R,66,2000,4290,0.0016231842137961062,1.0908453903393285,,,
Drosophila,2017-11-16_1,ME_R,66,2000,4290,-0.0012266234016943113,-0.8243404981689059,,,
Drosophila,2017-11-16_1,OTU_R,66,2000,4290,-0.0016224717196067354,-1.0903665654496377,,,
Drosophila,2017-11-16_1,PLP_R,66,2000,4290,-0.0004891326581565991,-0.328716913878003,,,
Drosophila,2017-11-16_1,PVLP_R,66,2000,4290,0.0004322801038220871,0.29050969975054425,,,
Drosophila,2017-11-16_1,SCL_R,66,2000,4290,-0.0014199192813158983,-0.9542431410511143,,,
Drosophila,2017-11-16_1,SIP_R,66,2000,4290,-0.001488556020671671,-1.0003698037538429,,,
Drosophila,2017-11-16_1,SLP_R,66,2000,4290,0.000615465878685354,0.4136179436497384,,,
Drosophila,2017-11-16_1,SMP_R,66,2000,4290,-0.0009660303232812076,-0.6492114179787648,,,
Drosophila,2017-11-16_1,SPS_R,66,2000,4290,0.0012134120778934054,0.8154619546579419,,,
Drosophila,2017-11-16_1,VES_R,66,2000,4290,0.005067462133416411,3.405539347889912,,,
Drosophila,2017-11-16_1,WED_R,66,2000,4290,0.0006124841700699841,0.4116141149587209,,,
Drosophila,2017-11-16_1,AL_L,66,2000,4290,4.363118281203854e-05,0.029321918141537152,,,
Drosophila,2017-11-16_1,AME_L,66,2000,4290,0.0004649681409553899,0.3124773817443905,,,
Drosophila,2017-11-16_1,AMMC_L,66,2000,4290,-0.0003668396748189947,-0.24653108677912808,,,
Drosophila,2017-11-16_1,ATL_L,66,2000,4290,0.0010863142621336107,0.7300470859909252,,,
Drosophila,2017-11-16_1,AVLP_L,66,2000,4290,0.0008703396108796114,0.5849033920416177,,,
Drosophila,2017-11-16_1,CRE_L,66,2000,4290,-0.0007786089069106571,-0.5232566518092828,,,
Drosophila,2017-11-16_1,EPA_L,66,2000,4290,0.0006219445217823181,0.4179718536359926,,,
Drosophila,2017-11-16_1,GA_L,66,2000,4290,-0.0007577457190319428,-0.5092357463988895,,,
Drosophila,2017-11-16_1,GOR_L,66,2000,4290,-0.001156573429870681,-0.7772640861340082,,,
Drosophila,2017-11-16_1,IB_L,66,2000,4290,-0.0007358795995391832,-0.49454083041181107,,,
Drosophila,2017-11-16_1,ICL_L,66,2000,4290,0.0008121494442145733,0.5457972483703563,,,
Drosophila,2017-11-16_1,IPS_L,66,2000,4290,0.000508336674745608,0.34162278912867977,,,
Drosophila,2017-11-16_1,IVLP_L,66,2000,4290,0.001422098358719518,0.9557075691306433,,,
Drosophila,2017-11-16_1,LAL_L,66,2000,4290,0.002107595863734606,1.416389595901974,,,
Drosophila,2017-11-16_1,LB_L,66,2000,4290,-0.0009503870291134958,-0.6386984920967035,,,
Drosophila,2017-11-16_1,LH_L,66,2000,4290,-0.0012817487046930319,-0.8613869295943205,,,
Drosophila,2017-11-16_1,LO_L,66,2000,4290,0.0005992769033451071,0.4027382979668093,,,
Drosophila,2017-11-16_1,MB_L,66,2000,4290,0.002290689713550087,1.5394360624540369,,,
Drosophila,2017-11-16_1,ME_L,66,2000,4290,-0.0008004833819847853,-0.5379571830847198,,,
Drosophila,2017-11-16_1,OTU_L,66,2000,4290,-0.002864028772410466,-1.9247430806862234,,,
Drosophila,2017-11-16_1,PLP_L,66,2000,4290,-0.00016541103598729598,-0.11116290103389338,,,
Drosophila,2017-11-16_1,PVLP_L,66,2000,4290,-0.0003278913003085881,-0.2203562050652872,,,
Drosophila,2017-11-16_1,SCL_L,66,2000,4290,-0.0005874959768201225,-0.39482103923272455,,,
Drosophila,2017-11-16_1,SIP_L,66,2000,4290,-0.00032278139387588597,-0.21692214143295163,,,
Drosophila,2017-11-16_1,SLP_L,66,2000,4290,-0.0013701055421810164,-0.9207662952014556,,,
Drosophila,2017-11-16_1,SMP_L,66,2000,4290,-0.00013298876347869363,-0.08937382360834305,,,
Drosophila,2017-11-16_1,SPS_L,66,2000,4290,0.002085385419895218,1.4014632800385853,,,
Drosophila,2017-11-16_1,VES_L,66,2000,4290,0.002656243071934374,1.7851026926044022,,,
Drosophila,2017-11-16_1,WED_L,66,2000,4290,0.000777249017741091,0.5223427513293587,,,
Drosophila,2017-11-16_1,EB,66,2000,4290,-0.0019632463080068367,-1.319380860772083,,,
Drosophila,2017-11-16_1,FB,66,2000,4290,0.0011817300635290355,0.7941703606217899,,,
Drosophila,2017-11-16_1,FLA,66,2000,4290,-0.002468227201649682,-1.6587484293806127,,,
Drosophila,2017-11-16_1,NO,66,2000,4290,-0.0006617411788142159,-0.44471681548640035,,,
Drosophila,2017-11-16_1,PB,66,2000,4290,0.002020107639954638,1.3575939738104068,,,
Drosophila,2017-11-16_1,PRW,66,2000,4290,0.0007705526671990981,0.5178425331417101,,,
Drosophila,2017-11-16_1,SAD,66,2000,4290,0.0016649376057238955,1.1189053571184175,,,
Drosophila,2017-11-16_1,SOG,66,2000,4290,0.0034327379442791253,2.3069386277497133,,,
Drosophila,2018-10-19_1,AL_R,67,2000,4422,-0.0005890325827010266,-0.35764677706362297,,,
Drosophila,2018-10-19_1,AME_R,67,2000,4422,0.00038243240456716583,0.2322039916891342,,,
Drosophila,2018-10-19_1,AMMC_R,67,2000,4422,-0.0011781392895853294,-0.7153385605938316,,,
Drosophila,2018-10-19_1,ATL_R,67,2000,4422,0.0005351934262101727,0.3249569032531086,,,
Drosophila,2018-10-19_1,AVLP_R,67,2000,4422,0.002926760450578788,1.7770603411901142,,,
Drosophila,2018-10-19_1,CRE_R,67,2000,4422,-0.002292212124594665,-1.39177747171169,,,
Drosophila,2018-10-19_1,EPA_R,67,2000,4422,-0.0009061646543771826,-0.5502019372864929,,,
Drosophila,2018-10-19_1,GA_R,67,2000,4422,0.00013854324947808742,0.08412021357553513,,,
Drosophila,2018-10-19_1,GOR_R,67,2000,4422,-0.002653607400856167,-1.6112082122120805,,,
Drosophila,2018-10-19_1,IB_R,67,2000,4422,-0.0011766169839522974,-0.7144142522968897,,,
Drosophila,2018-10-19_1,ICL_R,67,2000,4422,-0.0015298578293698806,-0.9288938135318779,,,
Drosophila,2018-10-19_1,IPS_R,67,2000,4422,0.0017586460845360936,1.0678086791832704,,,
Drosophila,2018-10-19_1,IVLP_R,67,2000,4422,0.0032400154357723073,1.9672614253811398,,,
Drosophila,2018-10-19_1,LAL_R,67,2000,4422,-0.0013855841883418727,-0.8412942405298339,,,
Drosophila,2018-10-19_1,LB_R,67,2000,4422,0.00013032321056659737,0.07912919862938203,,,
Drosophila,2018-10-19_1,LH_R,67,2000,4422,0.0006710363520396553,0.4074375436058457,,,
Drosophila,2018-10-19_1,LO_R,67,2000,4422,0.0007326930864576623,0.4448740674866655,,,
Drosophila,2018-10-19_1,LOP_R,67,2000,4422,0.0005107586603937565,0.3101206862097787,,,
Drosophila,2018-10-19_1,MB_R,67,2000,4422,-0.00014568278978195414,-0.08845517509444628,,,
Drosophila,2018-10-19_1,ME_R,67,2000,4422,-0.002634926595105376,-1.5998656648455403,,,
Drosophila,2018-10-19_1,OTU_R,67,2000,4422,-0.00045943079794909876,-0.27895561127840707,,,
Drosophila,2018-10-19_1,PLP_R,67,2000,4422,-0.0007662282791086236,-0.46523585038639287,,,
Drosophila,2018-10-19_1,PVLP_R,67,2000,4422,0.0013413538959773273,0.814438643781308,,,
Drosophila,2018-10-19_1,SCL_R,67,2000,4422,-0.0023376021580560034,-1.419337236069407,,,
Drosophila,2018-10-19_1,SIP_R,67,2000,4422,0.00044160563458062185,0.2681325899098182,,,
Drosophila,2018-10-19_1,SLP_R,67,2000,4422,0.002700036173615422,1.6393986747230398,,,
Drosophila,2018-10-19_1,SMP_R,67,2000,4422,0.0018547562996031012,1.1261645489111998,,,
Drosophila,2018-10-19_1,SPS_R,67,2000,4422,-0.0023656261692966336,-1.4363527588010132,,,
Drosophila,2018-10-19_1,VES_R,67,2000,4422,3.373285034666694e-05,0.020481796019386676,,,
Drosophila,2018-10-19_1,WED_R,67,2000,4422,0.00025667795840006615,0.1558488397095157,,,
Drosophila,2018-10-19_1,AL_L,67,2000,4422,-0.00039485870360389866,-0.23974894918696424,,,
Drosophila,2018-10-19_1,AME_L,67,2000,4422,4.386912723252864e-05,0.026636305746216112,,,
Drosophila,2018-10-19_1,AMMC_L,67,2000,4422,0.002994004739735959,1.817889497334102,,,
Drosophila,2018-10-19_1,ATL_L,67,2000,4422,-0.00025551106709335397,-0.15514033066046537,,,
Drosophila,2018-10-19_1,AVLP_L,67,2000,4422,0.0016589180506920104,1.0072561546969776,,,
Drosophila,2018-10-19_1,CRE_L,67,2000,4422,-0.0005919196410912539,-0.3593997312443994,,,
Drosophila,2018-10-19_1,EPA_L,67,2000,4422,-0.0005197439070851075,-0.31557631738309583,,,
Drosophila,2018-10-19_1,GA_L,67,2000,4422,-0.0032360226717760825,-1.9648371126745705,,,
Drosophila,2018-10-19_1,GOR_L,67,2000,4422,-0.0011507021441851555,-0.6986793690441871,,,
Drosophila,2018-10-19_1,IB_L,67,2000,4422,-0.00069574941404825,-0.4224427355736956,,,
Drosophila,2018-10-19_1,ICL_L,67,2000,4422,0.002241401251454963,1.3609263005678573,,,
Drosophila,2018-10-19_1,IPS_L,67,2000,4422,0.001103364696587524,0.6699371804710565,,,
Drosophila,2018-10-19_1,IVLP_L,67,2000,4422,0.004106765524348892,2.493531762206235,,,
Drosophila,2018-10-19_1,LAL_L,67,2000,4422,0.0013656952409471965,0.8292181378764357,,,
Drosophila,2018-10-19_1,LB_L,67,2000,4422,-0.00013122693864961202,-0.07967792113765142,,,
Drosophila,2018-10-19_1,LH_L,67,2000,4422,-0.003666162765557121,-2.2260080949676095,,,
Drosophila,2018-10-19_1,LO_L,67,2000,4422,-0.0004233679506496073,-0.25705909572529856,,,
Drosophila,2018-10-19_1,MB_L,67,2000,4422,-0.001168053696076061,-0.7092148246252317,,,
Drosophila,2018-10-19_1,ME_L,67,2000,4422,-0.0025239707650554382,-1.5324958856869548,,,
Drosophila,2018-10-19_1,OTU_L,67,2000,4422,-0.00012698012262886543,-0.07709935399687051,,,
Drosophila,2018-10-19_1,PLP_L,67,2000,4422,-0.001059003765956969,-0.6430022632296215,,,
Drosophila,2018-10-19_1,PVLP_L,67,2000,4422,0.001596567722685218,0.9693984970471502,,,
Drosophila,2018-10-19_1,SCL_L,67,2000,4422,-0.0005397353416743259,-0.3277146478586805,,,
Drosophila,2018-10-19_1,SIP_L,67,2000,4422,-0.0014519119134251395,-0.8815668804527647,,,
Drosophila,2018-10-19_1,SLP_L,67,2000,4422,0.002798519886743,1.6991956768376317,,,
Drosophila,2018-10-19_1,SMP_L,67,2000,4422,0.0007431120154606096,0.45120019695351393,,,
Drosophila,2018-10-19_1,SPS_L,67,2000,4422,-0.0005512374606110955,-0.3346984648629532,,,
Drosophila,2018-10-19_1,VES_L,67,2000,4422,-0.0014881353115158249,-0.9035608786829132,,,
Drosophila,2018-10-19_1,WED_L,67,2000,4422,-0.0005338571379549315,-0.3241455403476417,,,
Drosophila,2018-10-19_1,EB,67,2000,4422,-0.0011357197630580305,-0.6895824184166276,,,
Drosophila,2018-10-19_1,FB,67,2000,4422,0.00026596597774137203,0.16148830733877706,,,
Drosophila,2018-10-19_1,FLA,67,2000,4422,0.00027722632399715483,0.1683253256384001,,,
Drosophila,2018-10-19_1,NO,67,2000,4422,-5.5168055542818884e-05,-0.03349675016495779,,,
Drosophila,2018-10-19_1,PB,67,2000,4422,0.0013423721719797409,0.8150569171011888,,,
Drosophila,2018-10-19_1,PRW,67,2000,4422,-0.000531667500447917,-0.3228160437793358,,,
Drosophila,2018-10-19_1,SAD,67,2000,4422,0.003613259640783218,2.1938865576746807,,,
Drosophila,2018-10-19_1,SOG,67,2000,4422,0.0008458103372500939,0.5135562106555517,,,
Drosophila,2018-10-19_2,AL_R,67,2000,4422,-0.0019818578859084504,-0.5753742481922256,,,
Drosophila,2018-10-19_2,AME_R,67,2000,4422,-0.000701961716115184,-0.20379397409938999,,,
Drosophila,2018-10-19_2,AMMC_R,67,2000,4422,-0.001076184595279395,-0.3124385995724923,,,
Drosophila,2018-10-19_2,ATL_R,67,2000,4422,0.0017548587336241822,0.5094717092087282,,,
Drosophila,2018-10-19_2,AVLP_R,67,2000,4422,-0.0029185473656253604,-0.8473145366527374,,,
Drosophila,2018-10-19_2,CRE_R,67,2000,4422,-0.007516943234844524,-2.1823237645870717,,,
Drosophila,2018-10-19_2,EPA_R,67,2000,4422,-0.0023484339350865672,-0.6817988410960977,,,
Drosophila,2018-10-19_2,GA_R,67,2000,4422,-0.00162281944268364,-0.4711379778665716,,,
Drosophila,2018-10-19_2,GOR_R,67,2000,4422,-0.003048573791903829,-0.8850638918396267,,,
Drosophila,2018-10-19_2,IB_R,67,2000,4422,0.0013702172885605376,0.3978023590244088,,,
Drosophila,2018-10-19_2,ICL_R,67,2000,4422,0.0005285835143689413,0.15345870374929757,,,
Drosophila,2018-10-19_2,IPS_R,67,2000,4422,-0.0016073516529691427,-0.4666473592700244,,,
Drosophila,2018-10-19_2,IVLP_R,67,2000,4422,-0.003968891316944882,-1.1522510639540893,,,
Drosophila,2018-10-19_2,LAL_R,67,2000,4422,0.0002757853058087367,0.080066166257642,,,
Drosophila,2018-10-19_2,LB_R,67,2000,4422,0.0002816116431579089,0.08175767224090658,,,
Drosophila,2018-10-19_2,LH_R,67,2000,4422,-0.0003410552680177772,-0.09901538340514059,,,
Drosophila,2018-10-19_2,LO_R,67,2000,4422,-0.0027211823271229957,-0.7900153925238059,,,
Drosophila,2018-10-19_2,LOP_R,67,2000,4422,-0.000742626640815487,-0.21559984103041124,,,
Drosophila,2018-10-19_2,MB_R,67,2000,4422,0.005519584049585757,1.602449169259409,,,
Drosophila,2018-10-19_2,ME_R,67,2000,4422,-0.0034432759337791633,-0.9996540699528683,,,
Drosophila,2018-10-19_2,OTU_R,67,2000,4422,0.0008956704513154109,0.2600316179166248,,,
Drosophila,2018-10-19_2,PLP_R,67,2000,4422,-0.0021122545666587625,-0.6132310958940382,,,
Drosophila,2018-10-19_2,PVLP_R,67,2000,4422,-0.002751420677087712,-0.798794209613179,,,
Drosophila,2018-10-19_2,SCL_R,67,2000,4422,0.0021094452990615613,0.6124155075296033,,,
Drosophila,2018-10-19_2,SIP_R,67,2000,4422,-0.0007560247126342814,-0.2194895778045648,,,
Drosophila,2018-10-19_2,SLP_R,67,2000,4422,0.002988047195929579,0.8674917718092567,,,
Drosophila,2018-10-19_2,SMP_R,67,2000,4422,0.00928203559520775,2.694766506851764,,,
Drosophila,2018-10-19_2,SPS_R,67,2000,4422,-0.003630675818733314,-1.054060124334199,,,
Drosophila,2018-10-19_2,VES_R,67,2000,4422,-0.003125149020374536,-0.9072952611142632,,,
Drosophila,2018-10-19_2,WED_R,67,2000,4422,0.0006185871253729195,0.17958860962408826,,,
Drosophila,2018-10-19_2,AL_L,67,2000,4422,0.004821517399731858,1.3997860132866269,,,
Drosophila,2018-10-19_2,AME_L,67,2000,4422,3.260077007230774e-05,0.009464676405010475,,,
Drosophila,2018-10-19_2,AMMC_L,67,2000,4422,-0.0007245822345406282,-0.2103611774671493,,,
Drosophila,2018-10-19_2,ATL_L,67,2000,4422,-0.0016447783193011428,-0.47751309296174405,,,
Drosophila,2018-10-19_2,AVLP_L,67,2000,4422,-0.00021260364945446976,-0.06172322740069556,,,
Drosophila,2018-10-19_2,CRE_L,67,2000,4422,0.003844762853007597,1.116214008963926,,,
Drosophila,2018-10-19_2,EPA_L,67,2000,4422,-0.0016758748580882955,-0.4865410599785803,,,
Drosophila,2018-10-19_2,GA_L,67,2000,4422,-0.00255066314416862,-0.7405101543367836,,,
Drosophila,2018-10-19_2,GOR_L,67,2000,4422,-0.0009678755239503967,-0.2809942407557375,,,
Drosophila,2018-10-19_2,IB_L,67,2000,4422,-0.0006904121393693987,-0.20044089359634545,,,
Drosophila,2018-10-19_2,ICL_L,67,2000,4422,0.009279632872355562,2.6940689468175547,,,
Drosophila,2018-10-19_2,IPS_L,67,2000,4422,-0.002841541259480891,-0.8249580746964479,,,
Drosophila,2018-10-19_2,IVLP_L,67,2000,4422,-0.00437419532783789,-1.269919183456998,,,
Drosophila,2018-10-19_2,LAL_L,67,2000,4422,0.004417049610083537,1.2823606660699676,,,
Drosophila,2018-10-19_2,LB_L,67,2000,4422,-0.0017626834337579646,-0.5117433811529256,,,
Drosophila,2018-10-19_2,LH_L,67,2000,4422,-0.0018776583469485803,-0.545122971439589,,,
Drosophila,2018-10-19_2,LO_L,67,2000,4422,-0.0005350258429948074,-0.15532904471373854,,,
Drosophila,2018-10-19_2,MB_L,67,2000,4422,0.005959511358646922,1.730169146816866,,,
Drosophila,2018-10-19_2,ME_L,67,2000,4422,0.00024335987955468856,0.07065239578202415,,,
Drosophila,2018-10-19_2,OTU_L,67,2000,4422,-0.001859077749791078,-0.5397286405965579,,,
Drosophila,2018-10-19_2,PLP_L,67,2000,4422,-0.001573590562507603,-0.4568458179079635,,,
Drosophila,2018-10-19_2,PVLP_L,67,2000,4422,0.0011162818923399714,0.3240796724843344,,,
Drosophila,2018-10-19_2,SCL_L,67,2000,4422,0.000690298953098706,0.20040803328589205,,,
Drosophila,2018-10-19_2,SIP_L,67,2000,4422,-0.006867931332112706,-1.9939022141533713,,,
Drosophila,2018-10-19_2,SLP_L,67,2000,4422,0.0008369461691369436,0.24298274677944148,,,
Drosophila,2018-10-19_2,SMP_L,67,2000,4422,0.00828702873627949,2.405895479583565,,,
Drosophila,2018-10-19_2,SPS_L,67,2000,4422,-0.0018080542211256951,-0.5249154571414273,,,
Drosophila,2018-10-19_2,VES_L,67,2000,4422,0.0009694830339884417,0.2814609340974639,,,
Drosophila,2018-10-19_2,WED_L,67,2000,4422,-0.0008855951579502539,-0.2571065523069703,,,
Drosophila,2018-10-19_2,EB,67,2000,4422,0.001253635506608081,0.3639562615717364,,,
Drosophila,2018-10-19_2,FB,67,2000,4422,0.007669217465172059,2.2265321164657403,,,
Drosophila,2018-10-19_2,FLA,67,2000,4422,-0.0025933859338809475,-0.7529134619534329,,,
Drosophila,2018-10-19_2,NO,67,2000,4422,-0.0027257566800180117,-0.791343421580102,,,
Drosophila,2018-10-19_2,PB,67,2000,4422,0.004604020913792777,1.3366422944703371,,,
Drosophila,2018-10-19_2,PRW,67,2000,4422,0.0008846328551945714,0.2568271759558601,,,
Drosophila,2018-10-19_2,SAD,67,2000,4422,-0.00216872903815843,-0.6296268005569281,,,
Drosophila,2018-10-19_2,SOG,67,2000,4422,0.006220838186966017,1.8060377186482088,,,
Drosophila,2018-10-20_1,AL_R,67,2000,4422,0.013959372257078719,1.1421650935797214,,,
Drosophila,2018-10-20_1,AME_R,67,2000,4422,-0.0014238249098298236,-0.11649829816324726,,,
Drosophila,2018-10-20_1,AMMC_R,67,2000,4422,-0.011417718094869323,-0.9342052648306103,,,
Drosophila,2018-10-20_1,ATL_R,67,2000,4422,-0.011879409480662441,-0.9719811601322018,,,
Drosophila,2018-10-20_1,AVLP_R,67,2000,4422,-0.008329659740474808,-0.6815382827936427,,,
Drosophila,2018-10-20_1,CRE_R,67,2000,4422,0.0047765364734611215,0.39081938125342086,,,
Drosophila,2018-10-20_1,EPA_R,67,2000,4422,-0.01492262696316348,-1.2209792322999282,,,
Drosophila,2018-10-20_1,GA_R,67,2000,4422,0.004369091401807375,0.35748195534173555,,,
Drosophila,2018-10-20_1,GOR_R,67,2000,4422,-0.010183478648951295,-0.8332189750257879,,,
Drosophila,2018-10-20_1,IB_R,67,2000,4422,0.0027040704260284294,0.22124883514190688,,,
Drosophila,2018-10-20_1,ICL_R,67,2000,4422,-0.00963567706882979,-0.7883974865304639,,,
Drosophila,2018-10-20_1,IPS_R,67,2000,4422,0.0017733571961894392,0.1450972615841576,,,
Drosophila,2018-10-20_1,IVLP_R,67,2000,4422,-0.012839522283290977,-1.0505382262284388,,,
Drosophila,2018-10-20_1,LAL_R,67,2000,4422,0.02249412524901824,1.8404842421915226,,,
Drosophila,2018-10-20_1,LB_R,67,2000,4422,-0.012083898782327424,-0.9887126103773087,,,
Drosophila,2018-10-20_1,LH_R,67,2000,4422,-0.016937210784396677,-1.3858138162860518,,,
Drosophila,2018-10-20_1,LO_R,67,2000,4422,0.007704164077116008,0.6303598128942076,,,
Drosophila,2018-10-20_1,LOP_R,67,2000,4422,0.027280403990716084,2.2321007422915042,,,
Drosophila,2018-10-20_1,MB_R,67,2000,4422,0.02205399625629233,1.804472596187239,,,
Drosophila,2018-10-20_1,ME_R,67,2000,4422,-0.01719683907234545,-1.4070567749477911,,,
Drosophila,2018-10-20_1,OTU_R,67,2000,4422,-0.01467145073054978,-1.2004278264096846,,,
Drosophila,2018-10-20_1,PLP_R,67,2000,4422,-0.015308975098027014,-1.2525904928555016,,,
Drosophila,2018-10-20_1,PVLP_R,67,2000,4422,-0.0010693363192276323,-0.08749380664302288,,,
Drosophila,2018-10-20_1,SCL_R,67,2000,4422,-0.006201463049364887,-0.5074078184652776,,,
Drosophila,2018-10-20_1,SIP_R,67,2000,4422,-0.013578472086137572,-1.1109995890444502,,,
Drosophila,2018-10-20_1,SLP_R,67,2000,4422,-0.0022755392023271043,-0.1861861262889026,,,
Drosophila,2018-10-20_1,SMP_R,67,2000,4422,0.0273471296970062,2.2375602838214164,,,
Drosophila,2018-10-20_1,SPS_R,67,2000,4422,-0.004275623884410728,-0.3498343810964201,,,
Drosophila,2018-10-20_1,VES_R,67,2000,4422,-0.005917157326847358,-0.4841457357452027,,,
Drosophila,2018-10-20_1,WED_R,67,2000,4422,0.0007982140679525787,0.06531040428106595,,,
Drosophila,2018-10-20_1,AL_L,67,2000,4422,0.01651443264982698,1.3512218290002775,,,
Drosophila,2018-10-20_1,AME_L,67,2000,4422,-0.008368592400322398,-0.684723778835958,,,
Drosophila,2018-10-20_1,AMMC_L,67,2000,4422,0.011910732185753259,0.9745440046306771,,,
Drosophila,2018-10-20_1,ATL_L,67,2000,4422,-0.010858679069453505,-0.8884643211105238,,,
Drosophila,2018-10-20_1,AVLP_L,67,2000,4422,0.01942583342097084,1.5894345704461086,,,
Drosophila,2018-10-20_1,CRE_L,67,2000,4422,-0.008560740804124134,-0.7004454886354882,,,
Drosophila,2018-10-20_1,EPA_L,67,2000,4422,-0.008102127186314187,-0.6629214183509372,,,
Drosophila,2018-10-20_1,GA_L,67,2000,4422,0.008372761337344454,0.6850648840272398,,,
Drosophila,2018-10-20_1,GOR_L,67,2000,4422,-0.00953622700258739,-0.78026041617197,,,
Drosophila,2018-10-20_1,IB_L,67,2000,4422,-0.0008860395839588611,-0.07249634623179625,,,
Drosophila,2018-10-20_1,ICL_L,67,2000,4422,-0.00048662217205165626,-0.039815748763165376,,,
Drosophila,2018-10-20_1,IPS_L,67,2000,4422,-0.004003802219413698,-0.32759375223999765,,,
Drosophila,2018-10-20_1,IVLP_L,67,2000,4422,0.0031981928405523017,0.2616782587170471,,,
Drosophila,2018-10-20_1,LAL_L,67,2000,4422,0.00296116883546782,0.242284797466619,,,
Drosophila,2018-10-20_1,LB_L,67,2000,4422,0.007095021870037922,0.5805193936305194,,,
Drosophila,2018-10-20_1,LH_L,67,2000,4422,-0.012462109936979257,-1.0196580978168854,,,
Drosophila,2018-10-20_1,LO_L,67,2000,4422,-0.014361418708887623,-1.175060800836246,,,
Drosophila,2018-10-20_1,MB_L,67,2000,4422,-0.004098896139006209,-0.3353743997913347,,,
Drosophila,2018-10-20_1,ME_L,67,2000,4422,-0.006714994392778161,-0.5494252934708826,,,
Drosophila,2018-10-20_1,OTU_L,67,2000,4422,-0.011613679291893336,-0.9502389398995896,,,
Drosophila,2018-10-20_1,PLP_L,67,2000,4422,-0.00539028006939733,-0.441036289204347,,,
Drosophila,2018-10-20_1,PVLP_L,67,2000,4422,0.0033804884178552635,0.27659380371971176,,,
Drosophila,2018-10-20_1,SCL_L,67,2000,4422,-0.012427943325659215,-1.0168625630251351,,,
Drosophila,2018-10-20_1,SIP_L,67,2000,4422,-0.0020333668232455013,-0.16637142166449514,,,
Drosophila,2018-10-20_1,SLP_L,67,2000,4422,-0.0002368603866105806,-0.019380073878409287,,,
Drosophila,2018-10-20_1,SMP_L,67,2000,4422,0.019276946348226406,1.5772525314373183,,,
Drosophila,2018-10-20_1,SPS_L,67,2000,4422,0.006755663190316158,0.5527528414501413,,,
Drosophila,2018-10-20_1,VES_L,67,2000,4422,0.01735265449011126,1.4198056957399423,,,
Drosophila,2018-10-20_1,WED_L,67,2000,4422,0.010997796017086735,0.8998469620048133,,,
Drosophila,2018-10-20_1,EB,67,2000,4422,0.016566142937122913,1.3554527989923875,,,
Drosophila,2018-10-20_1,FB,67,2000,4422,0.023777074921947083,1.9454560350667918,,,
Drosophila,2018-10-20_1,FLA,67,2000,4422,-0.0031243022569642912,-0.2556324821760809,,,
Drosophila,2018-10-20_1,NO,67,2000,4422,-0.007229229465065128,-0.5915003480395278,,,
Drosophila,2018-10-20_1,PB,67,2000,4422,-0.016038696925784426,-1.3122968166312765,,,
Drosophila,2018-10-20_1,PRW,67,2000,4422,-0.001213056045064915,-0.09925304990175549,,,
Drosophila,2018-10-20_1,SAD,67,2000,4422,0.010783312494188882,0.8822977779519481,,,
Drosophila,2018-10-20_1,SOG,67,2000,4422,0.024266864682120564,1.985530957990296,,,
Drosophila,2018-10-31_1,AL_R,67,2000,4422,-0.00023677858837277454,-0.04202830241682552,,,
Drosophila,2018-10-31_1,AME_R,67,2000,4422,-0.0012861065476853944,-0.22828447157258402,,,
Drosophila,2018-10-31_1,AMMC_R,67,2000,4422,-0.0005075734198911944,-0.09009450278647896,,,
Drosophila,2018-10-31_1,ATL_R,67,2000,4422,-0.0037541078704716475,-0.6663557797598105,,,
Drosophila,2018-10-31_1,AVLP_R,67,2000,4422,0.0011741572957123829,0.20841343065797355,,,
Drosophila,2018-10-31_1,CRE_R,67,2000,4422,-0.0026255655957228815,-0.46603903516194006,,,
Drosophila,2018-10-31_1,EPA_R,67,2000,4422,-0.006061509114712677,-1.0759205041564535,,,
Drosophila,2018-10-31_1,GA_R,67,2000,4422,-0.0029003746396848,-0.5148177599861913,,,
Drosophila,2018-10-31_1,GOR_R,67,2000,4422,-0.00657597012919159,-1.1672375579778318,,,
Drosophila,2018-10-31_1,IB_R,67,2000,4422,-0.0008715259544403627,-0.15469623596059823,,,
Drosophila,2018-10-31_1,ICL_R,67,2000,4422,-0.005791775871852631,-1.0280427362353715,,,
Drosophila,2018-10-31_1,IPS_R,67,2000,4422,0.007239952153563652,1.285094656085499,,,
Drosophila,2018-10-31_1,IVLP_R,67,2000,4422,-0.00923101475885254,-1.6385091344849143,,,
Drosophila,2018-10-31_1,LAL_R,67,2000,4422,0.001499923474991848,0.2662370691635634,,,
Drosophila,2018-10-31_1,LB_R,67,2000,4422,-0.0003520169079280228,-0.06248315425777707,,,
Drosophila,2018-10-31_1,LH_R,67,2000,4422,0.005197309011681243,0.9225246100071276,,,
Drosophila,2018-10-31_1,LO_R,67,2000,4422,-0.0009477079850358942,-0.168218579524688,,,
Drosophila,2018-10-31_1,LOP_R,67,2000,4422,-0.0011818406811366956,-0.20977723491247666,,,
Drosophila,2018-10-31_1,MB_R,67,2000,4422,0.013769501577374927,2.4440925186688522,,,
Drosophila,2018-10-31_1,ME_R,67,2000,4422,-0.0032033442484024435,-0.5685949973022852,,,
Drosophila,2018-10-31_1,OTU_R,67,2000,4422,-0.0057160961629122735,-1.0146095549835468,,,
Drosophila,2018-10-31_1,PLP_R,67,2000,4422,-0.003951766945041762,-0.7014403514626538,,,
Drosophila,2018-10-31_1,PVLP_R,67,2000,4422,0.0017721193792067818,0.314551960546208,,,
Drosophila,2018-10-31_1,SCL_R,67,2000,4422,-0.004044384893247917,-0.7178800775510021,,,
Drosophila,2018-10-31_1,SIP_R,67,2000,4422,0.006772033059950434,1.2020388134599735,,,
Drosophila,2018-10-31_1,SLP_R,67,2000,4422,0.0010947604658165294,0.19432045881988366,,,
Drosophila,2018-10-31_1,SMP_R,67,2000,4422,0.01159274999177749,2.057718165504101,,,
Drosophila,2018-10-31_1,SPS_R,67,2000,4422,-0.005199978553061787,-0.9229984547632214,,,
Drosophila,2018-10-31_1,VES_R,67,2000,4422,-0.0019271590354486337,-0.3420715669595827,,,
Drosophila,2018-10-31_1,WED_R,67,2000,4422,-0.0011601775318966947,-0.20593201650055595,,,
Drosophila,2018-10-31_1,AL_L,67,2000,4422,-0.0029319666882603322,-0.520425362348484,,,
Drosophila,2018-10-31_1,AME_L,67,2000,4422,0.000909305146205975,0.16140205893006646,,,
Drosophila,2018-10-31_1,AMMC_L,67,2000,4422,-0.00014352580189100098,-0.025475892258448683,,,
Drosophila,2018-10-31_1,ATL_L,67,2000,4422,0.000531889163414976,0.09441055783744734,,,
Drosophila,2018-10-31_1,AVLP_L,67,2000,4422,0.0016914231491794145,0.3002283446196343,,,
Drosophila,2018-10-31_1,CRE_L,67,2000,4422,0.0007759314513316849,0.1377281700824775,,,
Drosophila,2018-10-31_1,EPA_L,67,2000,4422,-0.0017265603147295992,-0.30646520678678374,,,
Drosophila,2018-10-31_1,GA_L,67,2000,4422,-0.007230894627665446,-1.2834869412992334,,,
Drosophila,2018-10-31_1,GOR_L,67,2000,4422,-0.0032715660486844003,-0.5807043965236215,,,
Drosophila,2018-10-31_1,IB_L,67,2000,4422,0.0035351225186268653,0.6274857845654067,,,
Drosophila,2018-10-31_1,ICL_L,67,2000,4422,-0.007174288876316342,-1.2734393958155754,,,
Drosophila,2018-10-31_1,IPS_L,67,2000,4422,0.0027208672011715075,0.48295511157801346,,,
Drosophila,2018-10-31_1,IVLP_L,67,2000,4422,-0.0064855863091101175,-1.1511943906032902,,,
Drosophila,2018-10-31_1,LAL_L,67,2000,4422,0.00887025876579663,1.5744747888161004,,,
Drosophila,2018-10-31_1,LB_L,67,2000,4422,-0.0017211613185149801,-0.30550688261053655,,,
Drosophila,2018-10-31_1,LH_L,67,2000,4422,0.0022039180175333134,0.39119640664869865,,,
Drosophila,2018-10-31_1,LO_L,67,2000,4422,-0.000774716395234729,-0.13751249709681088,,,
Drosophila,2018-10-31_1,MB_L,67,2000,4422,0.015414784969942204,2.736131036422551,,,
Drosophila,2018-10-31_1,ME_L,67,2000,4422,-0.002464076026240941,-0.43737456634322835,,,
Drosophila,2018-10-31_1,OTU_L,67,2000,4422,-0.008638571114279913,-1.533350129905395,,,
Drosophila,2018-10-31_1,PLP_L,67,2000,4422,0.012140206529998638,2.1548919391402666,,,
Drosophila,2018-10-31_1,PVLP_L,67,2000,4422,-0.001479161543668302,-0.2625518173237746,,,
Drosophila,2018-10-31_1,SCL_L,67,2000,4422,0.003267336708759396,0.5799536868474923,,,
Drosophila,2018-10-31_1,SIP_L,67,2000,4422,0.007958672340314834,1.412667801822393,,,
Drosophila,2018-10-31_1,SLP_L,67,2000,4422,0.008612183596039479,1.5286663339411566,,,
Drosophila,2018-10-31_1,SMP_L,67,2000,4422,0.013430780207362715,2.3839693281736785,,,
Drosophila,2018-10-31_1,SPS_L,67,2000,4422,0.002342209689218614,0.41574323851918743,,,
Drosophila,2018-10-31_1,VES_L,67,2000,4422,-0.005098619455243033,-0.9050071708169023,,,
Drosophila,2018-10-31_1,WED_L,67,2000,4422,-0.0018324903490154476,-0.3252678339440214,,,
Drosophila,2018-10-31_1,EB,67,2000,4422,-0.006141691794623411,-1.0901529647139694,,,
Drosophila,2018-10-31_1,FB,67,2000,4422,-0.003948702195524073,-0.7008963570903314,,,
Drosophila,2018-10-31_1,FLA,67,2000,4422,-0.007168757693696959,-1.2724576084949915,,,
Drosophila,2018-10-31_1,NO,67,2000,4422,-0.001150110238417416,-0.20414506752947784,,,
Drosophila,2018-10-31_1,PB,67,2000,4422,0.0008058902044396094,0.1430458617889107,,,
Drosophila,2018-10-31_1,PRW,67,2000,4422,-0.00459170834743289,-0.8150302287128651,,,
Drosophila,2018-10-31_1,SAD,67,2000,4422,-0.002876780631438265,-0.5106298132608342,,,
Drosophila,2018-10-31_1,SOG,67,2000,4422,0.00905442513556707,1.6071643995487022,,,
Drosophila,2018-11-03_2,AL_R,67,2000,4422,0.0019075924157200038,0.5341166748975331,,,
Drosophila,2018-11-03_2,AME_R,67,2000,4422,-0.0006328060204517893,-0.1771826333096831,,,
Drosophila,2018-11-03_2,AMMC_R,67,2000,4422,-0.0006151971719555424,-0.17225224066915673,,,
Drosophila,2018-11-03_2,ATL_R,67,2000,4422,-0.004260477975804839,-1.1929132822915691,,,
Drosophila,2018-11-03_2,AVLP_R,67,2000,4422,-0.001396603411612878,-0.3910422185651589,,,
Drosophila,2018-11-03_2,CRE_R,67,2000,4422,0.0008715198992011772,0.24402136789407908,,,
Drosophila,2018-11-03_2,EPA_R,67,2000,4422,-0.0008475705282885,-0.23731565956123332,,,
Drosophila,2018-11-03_2,GA_R,67,2000,4422,-0.0023665852199570426,-0.6626324460762781,,,
Drosophila,2018-11-03_2,GOR_R,67,2000,4422,-0.0009933359717497893,-0.27812928061304604,,,
Drosophila,2018-11-03_2,IB_R,67,2000,4422,-0.001761480810583895,-0.49320613024652393,,,
Drosophila,2018-11-03_2,ICL_R,67,2000,4422,-0.00502680618455311,-1.4074814842637493,,,
Drosophila,2018-11-03_2,IPS_R,67,2000,4422,0.0017324565883193614,0.48507948801432127,,,
Drosophila,2018-11-03_2,IVLP_R,67,2000,4422,0.0005649349570847987,0.15817906295125617,,,
Drosophila,2018-11-03_2,LAL_R,67,2000,4422,0.0013475656770361763,0.3773118894231604,,,
Drosophila,2018-11-03_2,LB_R,67,2000,4422,-0.00022252651365101968,-0.062306350438577456,,,
Drosophila,2018-11-03_2,LH_R,67,2000,4422,-7.429147196559529e-05,-0.020801253796414374,,,
Drosophila,2018-11-03_2,LO_R,67,2000,4422,-0.0002245111701518653,-0.06286204468558217,,,
Drosophila,2018-11-03_2,LOP_R,67,2000,4422,-0.0005710573269852514,-0.15989329699138688,,,
Drosophila,2018-11-03_2,MB_R,67,2000,4422,0.012585765995287799,3.523953769707299,,,
Drosophila,2018-11-03_2,ME_R,67,2000,4422,-0.0004939688025209768,-0.13830888198726524,,,
Drosophila,2018-11-03_2,OTU_R,67,2000,4422,-0.00045230257403375864,-0.1266425389929658,,,
Drosophila,2018-11-03_2,PLP_R,67,2000,4422,0.0002679217537796844,0.07501679870514073,,,
Drosophila,2018-11-03_2,PVLP_R,67,2000,4422,-0.0005166797180948543,-0.14466782879908702,,,
Drosophila,2018-11-03_2,SCL_R,67,2000,4422,-0.0014384451609407393,-0.4027577065481923,,,
Drosophila,2018-11-03_2,SIP_R,67,2000,4422,0.001415247726418232,0.39626253677753753,,,
Drosophila,2018-11-03_2,SLP_R,67,2000,4422,0.000641543394212535,0.17962905581690675,,,
Drosophila,2018-11-03_2,SMP_R,67,2000,4422,0.010825925843126014,3.0312070159050504,,,
Drosophila,2018-11-03_2,SPS_R,67,2000,4422,0.00019513971380386523,0.054638178584934825,,,
Drosophila,2018-11-03_2,VES_R,67,2000,4422,0.00020153513025389033,0.05642886434187263,,,
Drosophila,2018-11-03_2,WED_R,67,2000,4422,-0.0004989904047036044,-0.13971490637609202,,,
Drosophila,2018-11-03_2,AL_L,67,2000,4422,-0.002636384169328062,-0.7381748504921113,,,
Drosophila,2018-11-03_2,AME_L,67,2000,4422,0.00039142841814778244,0.10959806897878853,,,
Drosophila,2018-11-03_2,AMMC_L,67,2000,4422,-0.00263628384990645,-0.738146761537963,,,
Drosophila,2018-11-03_2,ATL_L,67,2000,4422,-0.0033614805775664097,-0.9411983472081186,,,
Drosophila,2018-11-03_2,AVLP_L,67,2000,4422,0.0023417864316732043,0.6556889049767755,,,
Drosophila,2018-11-03_2,CRE_L,67,2000,4422,0.004534855385833933,1.2697376336069013,,,
Drosophila,2018-11-03_2,EPA_L,67,2000,4422,-0.0011686826844530397,-0.32722551436375724,,,
Drosophila,2018-11-03_2,GA_L,67,2000,4422,-0.0024762563772387555,-0.6933398411029896,,,
Drosophila,2018-11-03_2,GOR_L,67,2000,4422,-0.0004500348616635299,-0.12600759046788823,,,
Drosophila,2018-11-03_2,IB_L,67,2000,4422,-0.0008438712279791148,-0.2362798733186305,,,
Drosophila,2018-11-03_2,ICL_L,67,2000,4422,-0.00156233639065092,-0.4374466532626255,,,
Drosophila,2018-11-03_2,IPS_L,67,2000,4422,0.00015397719934464392,0.0431128730887486,,,
Drosophila,2018-11-03_2,IVLP_L,67,2000,4422,-0.0013242668682761326,-0.3707883353549864,,,
Drosophila,2018-11-03_2,LAL_L,67,2000,4422,-0.004375191294382938,-1.2250324581597902,,,
Drosophila,2018-11-03_2,LB_L,67,2000,4422,-0.0008904264845834573,-0.24931512060290292,,,
Drosophila,2018-11-03_2,LH_L,67,2000,4422,-0.0005558118333516775,-0.15562463231247928,,,
Drosophila,2018-11-03_2,LO_L,67,2000,4422,0.0002003019675666669,0.0560835847377603,,,
Drosophila,2018-11-03_2,MB_L,67,2000,4422,0.016940416884052494,4.743235013373127,,,
Drosophila,2018-11-03_2,ME_L,67,2000,4422,0.00027624206084305006,0.07734644454886987,,,
Drosophila,2018-11-03_2,OTU_L,67,2000,4422,-0.004622580893919961,-1.2943003527163295,,,
Drosophila,2018-11-03_2,PLP_L,67,2000,4422,-0.0019345563008251845,-0.5416664326634039,,,
Drosophila,2018-11-03_2,PVLP_L,67,2000,4422,-0.0020200010402438287,-0.5655905475475297,,,
Drosophila,2018-11-03_2,SCL_L,67,2000,4422,-0.0004210481408924354,-0.11789144847295552,,,
Drosophila,2018-11-03_2,SIP_L,67,2000,4422,0.001517904137795451,0.4250058367874709,,,
Drosophila,2018-11-03_2,SLP_L,67,2000,4422,0.0036913145271861374,1.0335502621074635,,,
Drosophila,2018-11-03_2,SMP_L,67,2000,4422,0.00652705479455526,1.8275438584326822,,,
Drosophila,2018-11-03_2,SPS_L,67,2000,4422,-0.0011843719603045302,-0.33161843592304396,,,
Drosophila,2018-11-03_2,VES_L,67,2000,4422,-0.0017114931017476272,-0.47920981289416326,,,
Drosophila,2018-11-03_2,WED_L,67,2000,4422,-0.0003125535568656007,-0.08751348828226578,,,
Drosophila,2018-11-03_2,EB,67,2000,4422,-0.004066485333256907,-1.1385962781252579,,,
Drosophila,2018-11-03_2,FB,67,2000,4422,-0.0009939455925007936,-0.27829997148274743,,,
Drosophila,2018-11-03_2,FLA,67,2000,4422,-0.003435142494024004,-0.9618233284990303,,,
Drosophila,2018-11-03_2,NO,67,2000,4422,-0.0015368836601746918,-0.4303200115036233,,,
Drosophila,2018-11-03_2,PB,67,2000,4422,-0.00042767317184496295,-0.11974642518302053,,,
Drosophila,2018-11-03_2,PRW,67,2000,4422,-0.003210004447706845,-0.8987857615109793,,,
Drosophila,2018-11-03_2,SAD,67,2000,4422,0.0006261461483193744,0.17531790123731036,,,
Drosophila,2018-11-03_2,SOG,67,2000,4422,0.0007928257021313736,0.22198737230556645,,,
Drosophila,2018-11-03_3,AL_R,66,2000,4290,0.01329648972301443,0.9648631175433833,,,
Drosophila,2018-11-03_3,AME_R,66,2000,4290,-0.00013187216401099578,-0.009569336714833013,,,
Drosophila,2018-11-03_3,AMMC_R,66,2000,4290,-0.00443054823602181,-0.3215038459387603,,,
Drosophila,2018-11-03_3,ATL_R,66,2000,4290,-0.011475794319738952,-0.8327438981481592,,,
Drosophila,2018-11-03_3,AVLP_R,66,2000,4290,0.009300087484926008,0.6748631850254672,,,
Drosophila,2018-11-03_3,CRE_R,66,2000,4290,0.012008407088380784,0.8713930775256067,,,
Drosophila,2018-11-03_3,EPA_R,66,2000,4290,-0.0058685041926241485,-0.42584948122142857,,,
Drosophila,2018-11-03_3,GA_R,66,2000,4290,-0.008660120042939553,-0.6284237868035035,,,
Drosophila,2018-11-03_3,GOR_R,66,2000,4290,-0.013974405471845402,-1.0140562441861736,,,
Drosophila,2018-11-03_3,IB_R,66,2000,4290,-0.008151639432137996,-0.5915257635230307,,,
Drosophila,2018-11-03_3,ICL_R,66,2000,4290,-0.00024341855348285736,-0.017663728493306767,,,
Drosophila,2018-11-03_3,IPS_R,66,2000,4290,0.0020348049583037283,0.1476561330516766,,,
Drosophila,2018-11-03_3,IVLP_R,66,2000,4290,-0.01742050744441383,-1.2641234996716286,,,
Drosophila,2018-11-03_3,LAL_R,66,2000,4290,0.004526429682195389,0.32846150717091854,,,
Drosophila,2018-11-03_3,LB_R,66,2000,4290,0.00042389752074816384,0.030760230098930183,,,
Drosophila,2018-11-03_3,LH_R,66,2000,4290,0.012501648852422843,0.9071852900621592,,,
Drosophila,2018-11-03_3,LO_R,66,2000,4290,-0.005273637593783464,-0.3826828370140934,,,
Drosophila,2018-11-03_3,MB_R,66,2000,4290,0.02208091479874426,1.6023071302834182,,,
Drosophila,2018-11-03_3,ME_R,66,2000,4290,-0.008438293567281513,-0.612326892862645,,,
Drosophila,2018-11-03_3,OTU_R,66,2000,4290,-0.009655251169980755,-0.700635727067671,,,
Drosophila,2018-11-03_3,PLP_R,66,2000,4290,0.00987038445736358,0.7162469281196499,,,
Drosophila,2018-11-03_3,PVLP_R,66,2000,4290,0.009105676913511329,0.6607557330643768,,,
Drosophila,2018-11-03_3,SCL_R,66,2000,4290,0.004281686115059109,0.3107016287289365,,,
Drosophila,2018-11-03_3,SIP_R,66,2000,4290,-0.00024368417243276935,-0.017683003199144887,,,
Drosophila,2018-11-03_3,SLP_R,66,2000,4290,0.01487646499449968,1.0795144200934148,,,
Drosophila,2018-11-03_3,SMP_R,66,2000,4290,0.03514414265756399,2.5502435420435963,,,
Drosophila,2018-11-03_3,SPS_R,66,2000,4290,-0.005460594498901864,-0.39624941180763273,,,
Drosophila,2018-11-03_3,VES_R,66,2000,4290,0.0019917260823272107,0.14453010359271168,,,
Drosophila,2018-11-03_3,WED_R,66,2000,4290,-0.0014027800332220303,-0.1017930855644937,,,
Drosophila,2018-11-03_3,AL_L,66,2000,4290,0.011200329659851686,0.8127547358919123,,,
Drosophila,2018-11-03_3,AME_L,66,2000,4290,-9.370098796320865e-05,-0.006799435734274399,,,
Drosophila,2018-11-03_3,AMMC_L,66,2000,4290,-0.020241583892255232,-1.468835620915263,,,
Drosophila,2018-11-03_3,ATL_L,66,2000,4290,-0.012858208546592306,-0.9330591338565248,,,
Drosophila,2018-11-03_3,AVLP_L,66,2000,4290,0.0017760351178037486,0.128878434558904,,,
Drosophila,2018-11-03_3,CRE_L,66,2000,4290,0.005147296179302498,0.37351484052852857,,,
Drosophila,2018-11-03_3,EPA_L,66,2000,4290,-0.011252157864267314,-0.8165156625673629,,,
Drosophila,2018-11-03_3,GA_L,66,2000,4290,-0.0013024482160018211,-0.09451248203916437,,,
Drosophila,2018-11-03_3,GOR_L,66,2000,4290,-0.011463616036607688,-0.8318601779728999,,,
Drosophila,2018-11-03_3,IB_L,66,2000,4290,-0.004811958150440471,-0.3491809522092199,,,
Drosophila,2018-11-03_3,ICL_L,66,2000,4290,-0.01996824967883692,-1.4490010550423185,,,
Drosophila,2018-11-03_3,IPS_L,66,2000,4290,-0.007998122115962396,-0.5803857409029476,,,
Drosophila,2018-11-03_3,IVLP_L,66,2000,4290,-0.005893442709283067,-0.4276591509486787,,,
Drosophila,2018-11-03_3,LAL_L,66,2000,4290,-0.009133192382867264,-0.662752400011555,,,
Drosophila,2018-11-03_3,LB_L,66,2000,4290,-0.007460246548099264,-0.5413546651777086,,,
Drosophila,2018-11-03_3,LH_L,66,2000,4290,-0.009175421345864763,-0.6658167553216536,,,
Drosophila,2018-11-03_3,LO_L,66,2000,4290,-0.00020529818268741042,-0.01489751420864923,,,
Drosophila,2018-11-03_3,MB_L,66,2000,4290,0.05632945262753963,4.087560882903352,,,
Drosophila,2018-11-03_3,ME_L,66,2000,4290,-0.0028962949911270942,-0.21017037373610137,,,
Drosophila,2018-11-03_3,OTU_L,66,2000,4290,-0.015946782816311674,-1.1571823017545635,,,
Drosophila,2018-11-03_3,PLP_L,66,2000,4290,0.012415343180322197,0.9009224972815525,,,
Drosophila,2018-11-03_3,PVLP_L,66,2000,4290,-0.009346073321146123,-0.6782001587848935,,,
Drosophila,2018-11-03_3,SCL_L,66,2000,4290,-0.024960695899717323,-1.8112791694313155,,,
Drosophila,2018-11-03_3,SIP_L,66,2000,4290,-0.0031753716743672896,-0.230421643374488,,,
Drosophila,2018-11-03_3,SLP_L,66,2000,4290,0.001807702243446451,0.13117636748765063,,,
Drosophila,2018-11-03_3,SMP_L,66,2000,4290,0.04559817663792351,3.308843144443575,,,
Drosophila,2018-11-03_3,SPS_L,66,2000,4290,-0.00774403958450801,-0.5619481781687725,,,
Drosophila,2018-11-03_3,VES_L,66,2000,4290,-0.0072412167834199105,-0.5254607152717026,,,
Drosophila,2018-11-03_3,WED_L,66,2000,4290,-0.001979568366288257,-0.1436478758736733,,,
Drosophila,2018-11-03_3,EB,66,2000,4290,-0.002361629593269645,-0.1713722448038919,,,
Drosophila,2018-11-03_3,FB,66,2000,4290,0.015263711056600314,1.1076150278867707,,,
Drosophila,2018-11-03_3,FLA,66,2000,4290,0.0010852320035435006,0.07875013300573944,,,
Drosophila,2018-11-03_3,NO,66,2000,4290,-0.005856946852020483,-0.4250108198966985,,,
Drosophila,2018-11-03_3,PB,66,2000,4290,-0.011049212211524108,-0.8017888602851968,,,
Drosophila,2018-11-03_3,PRW,66,2000,4290,0.0005923128145616019,0.04298132820947563,,,
Drosophila,2018-11-03_3,SAD,66,2000,4290,0.00242138942117575,0.175708731730779,,,
Drosophila,2018-11-03_3,SOG,66,2000,4290,0.010166787373115589,0.7377554801735371,,,
Drosophila,2018-11-03_4,AL_R,66,2000,4290,0.005663686329579867,2.4781551656289253,,,
Drosophila,2018-11-03_4,AME_R,66,2000,4290,-0.0019442086525180468,-0.8506916582111378,,,
Drosophila,2018-11-03_4,AMMC_R,66,2000,4290,-0.0019207845870129726,-0.8404424202495898,,,
Drosophila,2018-11-03_4,ATL_R,66,2000,4290,-0.0019359222117738995,-0.8470659125854421,,,
Drosophila,2018-11-03_4,AVLP_R,66,2000,4290,0.0020458315923797946,0.8951569408397875,,,
Drosophila,2018-11-03_4,CRE_R,66,2000,4290,0.0024399582189660284,1.067607687358977,,,
Drosophila,2018-11-03_4,EPA_R,66,2000,4290,-8.145944347032624e-05,-0.03564271198617404,,,
Drosophila,2018-11-03_4,GA_R,66,2000,4290,0.00013327832626478433,0.058316148437541224,,,
Drosophila,2018-11-03_4,GOR_R,66,2000,4290,-0.001307444373458596,-0.5720744121963478,,,
Drosophila,2018-11-03_4,IB_R,66,2000,4290,0.003095519660894939,1.3544496625613343,,,
Drosophila,2018-11-03_4,ICL_R,66,2000,4290,-0.0014837685271338536,-0.6492253324324093,,,
Drosophila,2018-11-03_4,IPS_R,66,2000,4290,0.002041318015246018,0.8931820178234623,,,
Drosophila,2018-11-03_4,IVLP_R,66,2000,4290,-0.001001135593385773,-0.4380485072569284,,,
Drosophila,2018-11-03_4,LAL_R,66,2000,4290,0.00010356900342951729,0.04531678590804608,,,
Drosophila,2018-11-03_4,LB_R,66,2000,4290,-0.00029277154748430853,-0.12810266680168242,,,
Drosophila,2018-11-03_4,LH_R,66,2000,4290,0.0018263775531353601,0.7991344690211423,,,
Drosophila,2018-11-03_4,LO_R,66,2000,4290,0.00022554062919199352,0.09868566915018365,,,
Drosophila,2018-11-03_4,MB_R,66,2000,4290,0.006635555415207096,2.9033980648134277,,,
Drosophila,2018-11-03_4,ME_R,66,2000,4290,0.00011323226801235064,0.049544963043795735,,,
Drosophila,2018-11-03_4,OTU_R,66,2000,4290,-0.007070939110200177,-3.0939009087196423,,,
Drosophila,2018-11-03_4,PLP_R,66,2000,4290,-0.00018354729420527825,-0.0803114171235828,,,
Drosophila,2018-11-03_4,PVLP_R,66,2000,4290,0.0011559744279769468,0.5057984911813638,,,
Drosophila,2018-11-03_4,SCL_R,66,2000,4290,-0.0003422949100289029,-0.14977169463400314,,,
Drosophila,2018-11-03_4,SIP_R,66,2000,4290,0.003212924648216564,1.4058204057259307,,,
Drosophila,2018-11-03_4,SLP_R,66,2000,4290,-0.0017001573333746028,-0.7439066065646172,,,
Drosophila,2018-11-03_4,SMP_R,66,2000,4290,0.004628685763192226,2.025288984352841,,,
Drosophila,2018-11-03_4,SPS_R,66,2000,4290,0.002139442414776906,0.9361165084398847,,,
Drosophila,2018-11-03_4,VES_R,66,2000,4290,-0.0006925464212839845,-0.30302481307612295,,,
Drosophila,2018-11-03_4,WED_R,66,2000,4290,-0.0026057228914151956,-1.140138289409314,,,
Drosophila,2018-11-03_4,AL_L,66,2000,4290,0.0012180215292947362,0.5329473012840565,,,
Drosophila,2018-11-03_4,AME_L,66,2000,4290,0.0003293447161710949,0.14410531624771925,,,
Drosophila,2018-11-03_4,AMMC_L,66,2000,4290,4.4623717573945606e-05,0.01952518020602365,,,
Drosophila,2018-11-03_4,ATL_L,66,2000,4290,-0.0029171207806008544,-1.2763909423186124,,,
Drosophila,2018-11-03_4,AVLP_L,66,2000,4290,-0.0005205759613307834,-0.22777885860953426,,,
Drosophila,2018-11-03_4,CRE_L,66,2000,4290,-0.0004737366992282947,-0.20728426329141042,,,
Drosophila,2018-11-03_4,EPA_L,66,2000,4290,-0.0008477203715635198,-0.3709214274150745,,,
Drosophila,2018-11-03_4,GA_L,66,2000,4290,-0.0026701823855732575,-1.1683426459230828,,,
Drosophila,2018-11-03_4,GOR_L,66,2000,4290,-0.0027343072722313963,-1.196400594381013,,,
Drosophila,2018-11-03_4,IB_L,66,2000,4290,0.0002142103589864911,0.09372809099281063,,,
Drosophila,2018-11-03_4,ICL_L,66,2000,4290,-0.0010343519034284518,-0.45258235774322514,,,
Drosophila,2018-11-03_4,IPS_L,66,2000,4290,-0.0012869926871310541,-0.563125743578575,,,
Drosophila,2018-11-03_4,IVLP_L,66,2000,4290,-0.0003645394395707085,-0.15950482471627941,,,
Drosophila,2018-11-03_4,LAL_L,66,2000,4290,0.001610837167620497,0.7048244227575226,,,
Drosophila,2018-11-03_4,LB_L,66,2000,4290,-0.000732455252885973,-0.320486987256242,,,
Drosophila,2018-11-03_4,LH_L,66,2000,4290,0.0014853923289126012,0.6499358295418528,,,
Drosophila,2018-11-03_4,LO_L,66,2000,4290,-0.0009330198182317336,-0.4082443390463413,,,
Drosophila,2018-11-03_4,MB_L,66,2000,4290,0.004834034789196223,2.1151397846859914,,,
Drosophila,2018-11-03_4,ME_L,66,2000,4290,-0.0005504005761363937,-0.24082866732817823,,,
Drosophila,2018-11-03_4,OTU_L,66,2000,4290,-0.002862509035620843,-1.2524954844752993,,,
Drosophila,2018-11-03_4,PLP_L,66,2000,4290,0.0010821294239508146,0.4734874895590646,,,
Drosophila,2018-11-03_4,PVLP_L,66,2000,4290,-0.0007530034277824786,-0.3294778746043059,,,
Drosophila,2018-11-03_4,SCL_L,66,2000,4290,-0.0011643669991445863,-0.5094706743464821,,,
Drosophila,2018-11-03_4,SIP_L,66,2000,4290,0.0003776495761000066,0.16524118627862439,,,
Drosophila,2018-11-03_4,SLP_L,66,2000,4290,0.0004339605737000327,0.1898801548697,,,
Drosophila,2018-11-03_4,SMP_L,66,2000,4290,-0.0013571539611521397,-0.5938249231454911,,,
Drosophila,2018-11-03_4,SPS_L,66,2000,4290,0.0002881843086042497,0.12609551296845894,,,
Drosophila,2018-11-03_4,VES_L,66,2000,4290,-0.0035127290772880774,-1.5370003213052446,,,
Drosophila,2018-11-03_4,WED_L,66,2000,4290,-0.002253116372228133,-0.9858547334160793,,,
Drosophila,2018-11-03_4,EB,66,2000,4290,-0.0007909387101947278,-0.3460765191264295,,,
Drosophila,2018-11-03_4,FB,66,2000,4290,0.0011385913929398857,0.49819251592697544,,,
Drosophila,2018-11-03_4,FLA,66,2000,4290,-0.002808952486925308,-1.2290617294825608,,,
Drosophila,2018-11-03_4,NO,66,2000,4290,-0.0009255993788613978,-0.4049975137303288,,,
Drosophila,2018-11-03_4,PB,66,2000,4290,0.0005693842610900933,0.249135009557087,,,
Drosophila,2018-11-03_4,PRW,66,2000,4290,-0.00040923977116985675,-0.17906352751364504,,,
Drosophila,2018-11-03_4,SAD,66,2000,4290,0.00025752390636343353,0.11268000409811238,,,
Drosophila,2018-11-03_4,SOG,66,2000,4290,0.005120932948051391,2.2406725407397863,,,
Drosophila,2018-11-03_5,AL_R,66,2000,4290,0.0006836169811737983,0.08738149367188168,,,
Drosophila,2018-11-03_5,AME_R,66,2000,4290,-0.0002365840291462294,-0.03024071434008709,,,
Drosophila,2018-11-03_5,AMMC_R,66,2000,4290,-0.00035658511602317043,-0.04557952905991993,,,
Drosophila,2018-11-03_5,ATL_R,66,2000,4290,0.00018617833930605342,0.023797743218694756,,,
Drosophila,2018-11-03_5,AVLP_R,66,2000,4290,0.0003547157045908706,0.04534057659422607,,,
Drosophila,2018-11-03_5,CRE_R,66,2000,4290,-0.0056063848293049934,-0.7166209938829771,,,
Drosophila,2018-11-03_5,EPA_R,66,2000,4290,-0.00041561699499371123,-0.053125119501290466,,,
Drosophila,2018-11-03_5,GA_R,66,2000,4290,0.0002436212535028741,0.031140228530814024,,,
Drosophila,2018-11-03_5,GOR_R,66,2000,4290,-0.0023951729869962557,-0.30615651595855514,,,
Drosophila,2018-11-03_5,IB_R,66,2000,4290,-0.002750374241784987,-0.35155915669499854,,,
Drosophila,2018-11-03_5,ICL_R,66,2000,4290,-0.003680024462033313,-0.47038918443686367,,,
Drosophila,2018-11-03_5,IPS_R,66,2000,4290,0.021083802420848848,2.6949800817604683,,,
Drosophila,2018-11-03_5,IVLP_R,66,2000,4290,-0.0048407853224481925,-0.6187603053600932,,,
Drosophila,2018-11-03_5,LAL_R,66,2000,4290,0.003302551492124721,0.4221397218873248,,,
Drosophila,2018-11-03_5,LB_R,66,2000,4290,-0.00025616763122021744,-0.0327439353656423,,,
Drosophila,2018-11-03_5,LH_R,66,2000,4290,-0.0052436221692589765,-0.6702518369483762,,,
Drosophila,2018-11-03_5,LO_R,66,2000,4290,3.713168760835281e-05,0.00474625764884367,,,
Drosophila,2018-11-03_5,MB_R,66,2000,4290,0.009418398732580572,1.203881372047157,,,
Drosophila,2018-11-03_5,ME_R,66,2000,4290,-0.00019918696109842043,-0.025460535153555498,,,
Drosophila,2018-11-03_5,OTU_R,66,2000,4290,-0.005755596502817696,-0.7356935729204869,,,
Drosophila,2018-11-03_5,PLP_R,66,2000,4290,-0.0012798163007594586,-0.16358906092994224,,,
Drosophila,2018-11-03_5,PVLP_R,66,2000,4290,-4.1249277695789904e-05,-0.005272577477164805,,,
Drosophila,2018-11-03_5,SCL_R,66,2000,4290,-0.002046939991463613,-0.261644574135185,,,
Drosophila,2018-11-03_5,SIP_R,66,2000,4290,-0.004003597002743015,-0.5117489702483153,,,
Drosophila,2018-11-03_5,SLP_R,66,2000,4290,-0.003694888327604092,-0.4722891178953372,,,
Drosophila,2018-11-03_5,SMP_R,66,2000,4290,-0.01172645427546081,-1.498902336079159,,,
Drosophila,2018-11-03_5,SPS_R,66,2000,4290,0.007905169721753865,1.0104569620703592,,,
Drosophila,2018-11-03_5,VES_R,66,2000,4290,0.020738237239845622,2.6508091461216137,,,
Drosophila,2018-11-03_5,WED_R,66,2000,4290,3.906331842660375e-05,0.0049931631394468864,,,
Drosophila,2018-11-03_5,AL_L,66,2000,4290,-0.004485640442964536,-0.5733648706447102,,,
Drosophila,2018-11-03_5,AME_L,66,2000,4290,-0.002434574581406501,-0.3111929183116816,,,
Drosophila,2018-11-03_5,AMMC_L,66,2000,4290,-0.0034755696911668464,-0.44425530573189315,,,
Drosophila,2018-11-03_5,ATL_L,66,2000,4290,-0.0001761199985889989,-0.02251206299143097,,,
Drosophila,2018-11-03_5,AVLP_L,66,2000,4290,9.022573787192529e-05,0.01153286117813989,,,
Drosophila,2018-11-03_5,CRE_L,66,2000,4290,-0.011077421860513668,-1.4159415211471331,,,
Drosophila,2018-11-03_5,EPA_L,66,2000,4290,-0.0012190762922978493,-0.15582513345127594,,,
Drosophila,2018-11-03_5,GA_L,66,2000,4290,-0.0014181514751729907,-0.18127138085543507,,,
Drosophila,2018-11-03_5,GOR_L,66,2000,4290,-0.00473389753413489,-0.6050976626006007,,,
Drosophila,2018-11-03_5,IB_L,66,2000,4290,-0.004496208273645053,-0.5747156750500506,,,
Drosophila,2018-11-03_5,ICL_L,66,2000,4290,-0.005790607041212257,-0.7401687004018443,,,
Drosophila,2018-11-03_5,IPS_L,66,2000,4290,0.023724997123330423,3.03258365881735,,,
Drosophila,2018-11-03_5,IVLP_L,66,2000,4290,-0.007185728270898828,-0.9184963023494208,,,
Drosophila,2018-11-03_5,LAL_L,66,2000,4290,0.002548608077367339,0.32576894184546684,,,
Drosophila,2018-11-03_5,LB_L,66,2000,4290,0.00028763161668274176,0.03676573430028103,,,
Drosophila,2018-11-03_5,LH_L,66,2000,4290,-0.005594416705477221,-0.715091200789299,,,
Drosophila,2018-11-03_5,LO_L,66,2000,4290,-0.00136148313039473,-0.17402790278656788,,,
Drosophila,2018-11-03_5,MB_L,66,2000,4290,0.0036791027206734867,0.47027136533783764,,,
Drosophila,2018-11-03_5,ME_L,66,2000,4290,-0.001912325781922221,-0.24443787649144116,,,
Drosophila,2018-11-03_5,OTU_L,66,2000,4290,-0.00977754513776635,-1.2497882909743825,,,
Drosophila,2018-11-03_5,PLP_L,66,2000,4290,-0.006676866682632625,-0.853452444634537,,,
Drosophila,2018-11-03_5,PVLP_L,66,2000,4290,-0.0016703814235554705,-0.21351199255088874,,,
Drosophila,2018-11-03_5,SCL_L,66,2000,4290,-0.008190617987237692,-1.0469436154024583,,,
Drosophila,2018-11-03_5,SIP_L,66,2000,4290,-0.0026456855828747633,-0.3381776117100067,,,
Drosophila,2018-11-03_5,SLP_L,66,2000,4290,-0.0034101689228939413,-0.43589562922244995,,,
Drosophila,2018-11-03_5,SMP_L,66,2000,4290,-0.004643424730771583,-0.5935332209435286,,,
Drosophila,2018-11-03_5,SPS_L,66,2000,4290,0.009117284864205152,1.1653923053496267,,,
Drosophila,2018-11-03_5,VES_L,66,2000,4290,0.011411124518206948,1.458596161793197,,,
Drosophila,2018-11-03_5,WED_L,66,2000,4290,0.008874113527482807,1.1343095862157313,,,
Drosophila,2018-11-03_5,EB,66,2000,4290,-0.0013875584584927454,-0.17736091115227098,,,
Drosophila,2018-11-03_5,FB,66,2000,4290,0.001210476677553841,0.15472591093043697,,,
Drosophila,2018-11-03_5,FLA,66,2000,4290,-0.00903437157099063,-1.154794137653588,,,
Drosophila,2018-11-03_5,NO,66,2000,4290,0.00014626426810670031,0.01869583490457316,,,
Drosophila,2018-11-03_5,PB,66,2000,4290,0.0004511190219083083,0.05766307017485358,,,
Drosophila,2018-11-03_5,PRW,66,2000,4290,-0.005557600940048649,-0.7103853250395502,,,
Drosophila,2018-11-03_5,SAD,66,2000,4290,0.004212671983224804,0.538473414764818,,,
Drosophila,2018-11-03_5,SOG,66,2000,4290,0.033138381911537326,4.235824136971253,,,
Drosophila,2018-12-12_2,AL_R,67,2000,4422,0.0023138952713469183,0.900805924891467,,,
Drosophila,2018-12-12_2,AME_R,67,2000,4422,0.0004584042703463192,0.17845806931579308,,,
Drosophila,2018-12-12_2,AMMC_R,67,2000,4422,-0.001556909692724077,-0.6061093140617476,,,
Drosophila,2018-12-12_2,ATL_R,67,2000,4422,-5.0884012617301344e-05,-0.01980928895767858,,,
Drosophila,2018-12-12_2,AVLP_R,67,2000,4422,0.0007216492638723273,0.2809400842983506,,,
Drosophila,2018-12-12_2,CRE_R,67,2000,4422,-0.004162430673713479,-1.6204459463925842,,,
Drosophila,2018-12-12_2,EPA_R,67,2000,4422,-0.001525155405135237,-0.5937472807601781,,,
Drosophila,2018-12-12_2,GA_R,67,2000,4422,-0.00040472699792523745,-0.15756135647503533,,,
Drosophila,2018-12-12_2,GOR_R,67,2000,4422,-0.0016231810390944538,-0.6319089352460806,,,
Drosophila,2018-12-12_2,IB_R,67,2000,4422,-0.001838977401577787,-0.7159190649620458,,,
Drosophila,2018-12-12_2,ICL_R,67,2000,4422,-0.0018037406120277515,-0.7022012838706186,,,
Drosophila,2018-12-12_2,IPS_R,67,2000,4422,0.009861700151184193,3.839187553427483,,,
Drosophila,2018-12-12_2,IVLP_R,67,2000,4422,-0.0012690241364426542,-0.49403465882550335,,,
Drosophila,2018-12-12_2,LAL_R,67,2000,4422,0.00459956135204873,1.7906221466175005,,,
Drosophila,2018-12-12_2,LB_R,67,2000,4422,-0.001125223232771321,-0.4380525633365918,,,
Drosophila,2018-12-12_2,LH_R,67,2000,4422,-0.004056980305469984,-1.579393822006491,,,
Drosophila,2018-12-12_2,LO_R,67,2000,4422,-0.000719193709063579,-0.2799841299178706,,,
Drosophila,2018-12-12_2,LOP_R,67,2000,4422,-0.00017125647506260384,-0.06667062650705942,,,
Drosophila,2018-12-12_2,MB_R,67,2000,4422,0.0012819922910283692,0.49908319781098676,,,
Drosophila,2018-12-12_2,ME_R,67,2000,4422,0.000607992198846017,0.2366930698161965,,,
Drosophila,2018-12-12_2,OTU_R,67,2000,4422,-0.002102863415142616,-0.8186506308452403,,,
Drosophila,2018-12-12_2,PLP_R,67,2000,4422,-0.0022721085400626865,-0.8845382330953848,,,
Drosophila,2018-12-12_2,PVLP_R,67,2000,4422,0.0008164658975089378,0.31785246595009425,,,
Drosophila,2018-12-12_2,SCL_R,67,2000,4422,-0.0006766872951990023,-0.2634362636729083,,,
Drosophila,2018-12-12_2,SIP_R,67,2000,4422,-0.0008523089102248823,-0.33180625142184916,,,
Drosophila,2018-12-12_2,SLP_R,67,2000,4422,-0.00012204963103623959,-0.04751426399011752,,,
Drosophila,2018-12-12_2,SMP_R,67,2000,4422,-0.0012118989829216524,-0.4717956761933728,,,
Drosophila,2018-12-12_2,SPS_R,67,2000,4422,0.004790618466475236,1.8650012176149018,,,
Drosophila,2018-12-12_2,VES_R,67,2000,4422,0.0027911515382505014,1.08660312938987,,,
Drosophila,2018-12-12_2,WED_R,67,2000,4422,-0.001009443820239863,-0.3929793130126562,,,
Drosophila,2018-12-12_2,AL_L,67,2000,4422,0.0023430964045918086,0.9121740080395131,,,
Drosophila,2018-12-12_2,AME_L,67,2000,4422,0.0001344298969478492,0.05233393626440249,,,
Drosophila,2018-12-12_2,AMMC_L,67,2000,4422,-0.0012003826920694437,-0.46731235183513414,,,
Drosophila,2018-12-12_2,ATL_L,67,2000,4422,0.0013101623806776345,0.5100498927928261,,,
Drosophila,2018-12-12_2,AVLP_L,67,2000,4422,0.0005692902356342344,0.2216262868905321,,,
Drosophila,2018-12-12_2,CRE_L,67,2000,4422,-0.0001394479183139649,-0.05428746606923142,,,
Drosophila,2018-12-12_2,EPA_L,67,2000,4422,-0.001521421236108531,-0.5922935582752167,,,
Drosophila,2018-12-12_2,GA_L,67,2000,4422,-0.0007689297415507525,-0.2993465069881866,,,
Drosophila,2018-12-12_2,GOR_L,67,2000,4422,-0.0014268101984054441,-0.5554612156975596,,,
Drosophila,2018-12-12_2,IB_L,67,2000,4422,-0.0008324862680399868,-0.32408924117152643,,,
Drosophila,2018-12-12_2,ICL_L,67,2000,4422,-0.0013750378492742518,-0.5353060948412123,,,
Drosophila,2018-12-12_2,IPS_L,67,2000,4422,0.0037794784647624874,1.471361576393192,,,
Drosophila,2018-12-12_2,IVLP_L,67,2000,4422,-0.002284558195136167,-0.8893849187651811,,,
Drosophila,2018-12-12_2,LAL_L,67,2000,4422,-0.0003697680887778026,-0.14395175500442908,,,
Drosophila,2018-12-12_2,LB_L,67,2000,4422,-0.0006902135633267793,-0.2687020778270984,,,
Drosophila,2018-12-12_2,LH_L,67,2000,4422,-0.0012031523833164008,-0.46839060041287844,,,
Drosophila,2018-12-12_2,LO_L,67,2000,4422,-0.00022360769034584555,-0.08705110158143994,,,
Drosophila,2018-12-12_2,MB_L,67,2000,4422,0.006406433220363172,2.4940424373508465,,,
Drosophila,2018-12-12_2,ME_L,67,2000,4422,-0.0004363019925101053,-0.1698535905068324,,,
Drosophila,2018-12-12_2,OTU_L,67,2000,4422,-0.004748257490180983,-1.8485099706243509,,,
Drosophila,2018-12-12_2,PLP_L,67,2000,4422,0.0006926449448042112,0.2696486214618356,,,
Drosophila,2018-12-12_2,PVLP_L,67,2000,4422,-0.0007697018283149383,-0.2996470825329493,,,
Drosophila,2018-12-12_2,SCL_L,67,2000,4422,-0.002241006547272581,-0.872430139990138,,,
Drosophila,2018-12-12_2,SIP_L,67,2000,4422,0.0016782082600007811,0.6533311868218303,,,
Drosophila,2018-12-12_2,SLP_L,67,2000,4422,-1.7872633288505398e-05,-0.006957866312733516,,,
Drosophila,2018-12-12_2,SMP_L,67,2000,4422,0.0011294837704743967,0.4397112026249292,,,
Drosophila,2018-12-12_2,SPS_L,67,2000,4422,-0.0012378255457380664,-0.4818889598809711,,,
Drosophila,2018-12-12_2,VES_L,67,2000,4422,0.00408141246056464,1.588905328572785,,,
Drosophila,2018-12-12_2,WED_L,67,2000,4422,-0.003219267265172985,-1.2532697837222868,,,
Drosophila,2018-12-12_2,EB,67,2000,4422,-0.001022411593708568,-0.3980277036282176,,,
Drosophila,2018-12-12_2,FB,67,2000,4422,-0.000868633118715619,-0.3381613116139465,,,
Drosophila,2018-12-12_2,FLA,67,2000,4422,-0.004346956934470689,-1.6922825377225819,,,
Drosophila,2018-12-12_2,NO,67,2000,4422,-0.000837410113708337,-0.3260061081128376,,,
Drosophila,2018-12-12_2,PB,67,2000,4422,0.0018584939955575536,0.7235169297869484,,,
Drosophila,2018-12-12_2,PRW,67,2000,4422,-0.0014052507066046479,-0.5470680450159403,,,
Drosophila,2018-12-12_2,SAD,67,2000,4422,0.0029225417724821666,1.1377537164256721,,,
Drosophila,2018-12-12_2,SOG,67,2000,4422,0.006592649375035319,2.5665369091259373,,,
Drosophila,2018-12-12_3,AL_R,66,2000,4290,0.00044419210678479606,0.16118005179366193,,,
Drosophila,2018-12-12_3,AME_R,66,2000,4290,0.0005526265418975179,0.2005266939350374,,,
Drosophila,2018-12-12_3,AMMC_R,66,2000,4290,-1.9458522420160526e-06,-0.0007060741520625825,,,
Drosophila,2018-12-12_3,ATL_R,66,2000,4290,0.00012229215626615377,0.0443750705603757,,,
Drosophila,2018-12-12_3,AVLP_R,66,2000,4290,0.00130536169363636,0.473665025055714,,,
Drosophila,2018-12-12_3,CRE_R,66,2000,4290,-0.0035786717375483747,-1.2985608866075973,,,
Drosophila,2018-12-12_3,EPA_R,66,2000,4290,-0.0013028037500919896,-0.4727368467592756,,,
Drosophila,2018-12-12_3,GA_R,66,2000,4290,-0.0014323877985583126,-0.5197578615958888,,,
Drosophila,2018-12-12_3,GOR_R,66,2000,4290,-0.0021131310535492816,-0.7667731313894808,,,
Drosophila,2018-12-12_3,IB_R,66,2000,4290,0.0004934934462596766,0.17906959176675305,,,
Drosophila,2018-12-12_3,ICL_R,66,2000,4290,-0.0019256503600908299,-0.6987436742686114,,,
Drosophila,2018-12-12_3,IPS_R,66,2000,4290,-0.0009429838979046829,-0.3421722069872413,,,
Drosophila,2018-12-12_3,IVLP_R,66,2000,4290,-7.682063845090891e-05,-0.027875224019544637,,,
Drosophila,2018-12-12_3,LAL_R,66,2000,4290,0.002917118591986894,1.0585089616923273,,,
Drosophila,2018-12-12_3,LB_R,66,2000,4290,-0.0012723251481539786,-0.4616773466827759,,,
Drosophila,2018-12-12_3,LH_R,66,2000,4290,0.00016627074796601732,0.060333192237289175,,,
Drosophila,2018-12-12_3,LO_R,66,2000,4290,-0.0004426622186405173,-0.16062491484600608,,,
Drosophila,2018-12-12_3,MB_R,66,2000,4290,0.0022274281221578407,0.8082470953721785,,,
Drosophila,2018-12-12_3,ME_R,66,2000,4290,0.00027642621497641755,0.10030432996552727,,,
Drosophila,2018-12-12_3,OTU_R,66,2000,4290,-0.0032204879942976453,-1.1685899271804174,,,
Drosophila,2018-12-12_3,PLP_R,66,2000,4290,0.00047505886742954957,0.17238039957884738,,,
Drosophila,2018-12-12_3,PVLP_R,66,2000,4290,0.0014639030276773208,0.5311935133873148,,,
Drosophila,2018-12-12_3,SCL_R,66,2000,4290,0.0014852714049482893,0.5389472670057911,,,
Drosophila,2018-12-12_3,SIP_R,66,2000,4290,0.0010562797958945393,0.3832828850634316,,,
Drosophila,2018-12-12_3,SLP_R,66,2000,4290,0.0046357565321346605,1.6821358744095685,,,
Drosophila,2018-12-12_3,SMP_R,66,2000,4290,0.010625186801043657,3.855467336656799,,,
Drosophila,2018-12-12_3,SPS_R,66,2000,4290,0.0019034998304535478,0.6907061079551606,,,
Drosophila,2018-12-12_3,VES_R,66,2000,4290,-0.001330717028260488,-0.4828654905424692,,,
Drosophila,2018-12-12_3,WED_R,66,2000,4290,-0.0006719092487909592,-0.24380975228187954,,,
Drosophila,2018-12-12_3,AL_L,66,2000,4290,-0.0020176361530444067,-0.7321217434555132,,,
Drosophila,2018-12-12_3,AME_L,66,2000,4290,-0.0003851593535663402,-0.13975935998951203,,,
Drosophila,2018-12-12_3,AMMC_L,66,2000,4290,-0.0003438585302439183,-0.1247728963839037,,,
Drosophila,2018-12-12_3,ATL_L,66,2000,4290,-0.001467483873389344,-0.5324928631247666,,,
Drosophila,2018-12-12_3,AVLP_L,66,2000,4290,0.0026953396993449385,0.9780340211052134,,,
Drosophila,2018-12-12_3,CRE_L,66,2000,4290,-0.006829903243391553,-2.4783064392652334,,,
Drosophila,2018-12-12_3,EPA_L,66,2000,4290,-0.0015251179611185878,-0.5534060335827473,,,
Drosophila,2018-12-12_3,GA_L,66,2000,4290,-0.0005655657431991343,-0.2052218271985682,,,
Drosophila,2018-12-12_3,GOR_L,66,2000,4290,-0.0028892308212737643,-1.0483895735733264,,,
Drosophila,2018-12-12_3,IB_L,66,2000,4290,0.003886630296703898,1.410307078754674,,,
Drosophila,2018-12-12_3,ICL_L,66,2000,4290,-0.0011473523473269891,-0.4163295743959257,,,
Drosophila,2018-12-12_3,IPS_L,66,2000,4290,0.0010343309838769384,0.37531851423430246,,,
Drosophila,2018-12-12_3,IVLP_L,66,2000,4290,0.0005477916761314406,0.19877230905811452,,,
Drosophila,2018-12-12_3,LAL_L,66,2000,4290,-0.0018645708861091575,-0.676580307046363,,,
Drosophila,2018-12-12_3,LB_L,66,2000,4290,-0.0007364899532155492,-0.2672435799547104,,,
Drosophila,2018-12-12_3,LH_L,66,2000,4290,-0.0022122395552918567,-0.8027357547681078,,,
Drosophila,2018-12-12_3,LO_L,66,2000,4290,0.0006989219330796172,0.2536116055481311,,,
Drosophila,2018-12-12_3,MB_L,66,2000,4290,0.002950303245130044,1.0705503825790765,,,
Drosophila,2018-12-12_3,ME_L,66,2000,4290,0.0002971555894836647,0.10782621431622567,,,
Drosophila,2018-12-12_3,OTU_L,66,2000,4290,-0.006213579146169524,-2.2546663781417324,,,
Drosophila,2018-12-12_3,PLP_L,66,2000,4290,0.0011372044623243962,0.41264730133134264,,,
Drosophila,2018-12-12_3,PVLP_L,66,2000,4290,-0.0002192333094965872,-0.07955124739907996,,,
Drosophila,2018-12-12_3,SCL_L,66,2000,4290,-0.003311778896589765,-1.2017158475535654,,,
Drosophila,2018-12-12_3,SIP_L,66,2000,4290,-0.004355364965162976,-1.580392672320438,,,
Drosophila,2018-12-12_3,SLP_L,66,2000,4290,0.0004966886151506013,0.1802289943753596,,,
Drosophila,2018-12-12_3,SMP_L,66,2000,4290,0.008797633838131449,3.1923193952176634,,,
Drosophila,2018-12-12_3,SPS_L,66,2000,4290,0.002930838665473352,1.0634874431227312,,,
Drosophila,2018-12-12_3,VES_L,66,2000,4290,-0.000926515553136496,-0.33619648472169855,,,
Drosophila,2018-12-12_3,WED_L,66,2000,4290,-0.0003477455976390495,-0.12618336206868958,,,
Drosophila,2018-12-12_3,EB,66,2000,4290,-0.003654064405454001,-1.3259179556150809,,,
Drosophila,2018-12-12_3,FB,66,2000,4290,-0.0033657201204796102,-1.2212890212493126,,,
Drosophila,2018-12-12_3,FLA,66,2000,4290,0.0005849264557671114,0.2122470773252676,,,
Drosophila,2018-12-12_3,NO,66,2000,4290,0.00045972628112167513,0.16681679991670545,,,
Drosophila,2018-12-12_3,PB,66,2000,4290,0.0007147486672917143,0.2593545122793987,,,
Drosophila,2018-12-12_3,PRW,66,2000,4290,0.0027350525964100173,0.9924442879876164,,,
Drosophila,2018-12-12_3,SAD,66,2000,4290,0.0017698785042200213,0.6422201219277412,,,
Drosophila,2018-12-12_3,SOG,66,2000,4290,0.0008037697507244769,0.29165680360618307,,,
Drosophila,2018-12-12_4,AL_R,66,2000,4290,-0.007204865834060549,-1.1240865690045543,,,
Drosophila,2018-12-12_4,AME_R,66,2000,4290,-0.0009304832869266337,-0.14517185879753744,,,
Drosophila,2018-12-12_4,AMMC_R,66,2000,4290,-0.0037590316614504113,-0.5864754598376566,,,
Drosophila,2018-12-12_4,ATL_R,66,2000,4290,-0.004618437994296115,-0.7205580560051502,,,
Drosophila,2018-12-12_4,AVLP_R,66,2000,4290,-0.002384701929731153,-0.37205570124812176,,,
Drosophila,2018-12-12_4,CRE_R,66,2000,4290,-0.003827748652900214,-0.5971965265348266,,,
Drosophila,2018-12-12_4,EPA_R,66,2000,4290,-0.0016147381316993705,-0.2519277233063762,,,
Drosophila,2018-12-12_4,GA_R,66,2000,4290,0.0002876492326808106,0.04487837060232031,,,
Drosophila,2018-12-12_4,GOR_R,66,2000,4290,-0.006570129711772577,-1.0250565014975475,,,
Drosophila,2018-12-12_4,IB_R,66,2000,4290,-0.003839745313394363,-0.5990682178674576,,,
Drosophila,2018-12-12_4,ICL_R,66,2000,4290,-0.0047934641465857426,-0.7478652330636346,,,
Drosophila,2018-12-12_4,IPS_R,66,2000,4290,0.01879192340621867,2.931872597381554,,,
Drosophila,2018-12-12_4,IVLP_R,66,2000,4290,-0.004963622512054987,-0.7744129492367126,,,
Drosophila,2018-12-12_4,LAL_R,66,2000,4290,0.006641297897518642,1.0361599978818081,,,
Drosophila,2018-12-12_4,LB_R,66,2000,4290,0.0006848895103594475,0.10685488357154747,,,
Drosophila,2018-12-12_4,LH_R,66,2000,4290,-0.0030544094345982963,-0.47654192329876005,,,
Drosophila,2018-12-12_4,LO_R,66,2000,4290,0.00047160584742108,0.07357885783853334,,,
Drosophila,2018-12-12_4,LOP_R,66,2000,4290,-0.0010113071535721625,-0.15778181227116803,,,
Drosophila,2018-12-12_4,MB_R,66,2000,4290,0.008568395729282134,1.3368213619841691,,,
Drosophila,2018-12-12_4,OTU_R,66,2000,4290,-0.001292880902173509,-0.20171229984398886,,,
Drosophila,2018-12-12_4,PLP_R,66,2000,4290,0.0018058584357975112,0.28174587285264024,,,
Drosophila,2018-12-12_4,PVLP_R,66,2000,4290,0.00012091011723344746,0.018864117940456577,,,
Drosophila,2018-12-12_4,SCL_R,66,2000,4290,-0.009194855741462053,-1.434560209858454,,,
Drosophila,2018-12-12_4,SIP_R,66,2000,4290,-0.0018977095391722952,-0.2960762703964422,,,
Drosophila,2018-12-12_4,SLP_R,66,2000,4290,0.01184720953375987,1.8483743380932276,,,
Drosophila,2018-12-12_4,SMP_R,66,2000,4290,0.002947778160725971,0.4599055576041925,,,
Drosophila,2018-12-12_4,SPS_R,66,2000,4290,0.003022495478342852,0.47156278136651875,,,
Drosophila,2018-12-12_4,VES_R,66,2000,4290,0.012944931738544505,2.0196384275733017,,,
Drosophila,2018-12-12_4,WED_R,66,2000,4290,-0.00544557541560567,-0.849606130935246,,,
Drosophila,2018-12-12_4,AL_L,66,2000,4290,-0.001923289496050123,-0.30006719633792867,,,
Drosophila,2018-12-12_4,AME_L,66,2000,4290,-0.00018074876212602193,-0.028200005461524732,,,
Drosophila,2018-12-12_4,AMMC_L,66,2000,4290,-0.007353396505146754,-1.1472599821254394,,,
Drosophila,2018-12-12_4,ATL_L,66,2000,4290,-0.004564540243901637,-0.7121490531571615,,,
Drosophila,2018-12-12_4,AVLP_L,66,2000,4290,-0.0007227875034143375,-0.11276764113933427,,,
Drosophila,2018-12-12_4,CRE_L,66,2000,4290,0.002132675667550752,0.33273514443578955,,,
Drosophila,2018-12-12_4,EPA_L,66,2000,4290,-0.005064833496658357,-0.7902036538866917,,,
Drosophila,2018-12-12_4,GA_L,66,2000,4290,-0.0020079385231398603,-0.3132739425317366,,,
Drosophila,2018-12-12_4,GOR_L,66,2000,4290,-0.006217915209074931,-0.9701048062113763,,,
Drosophila,2018-12-12_4,IB_L,66,2000,4290,-0.005926799545595087,-0.9246856110616846,,,
Drosophila,2018-12-12_4,ICL_L,66,2000,4290,-0.008012128996004378,-1.2500339077743299,,,
Drosophila,2018-12-12_4,IPS_L,66,2000,4290,0.01157109435641321,1.8052954842322158,,,
Drosophila,2018-12-12_4,IVLP_L,66,2000,4290,-0.004904646475536879,-0.7652116438869688,,,
Drosophila,2018-12-12_4,LAL_L,66,2000,4290,0.004362347105512331,0.6806033455141635,,,
Drosophila,2018-12-12_4,LB_L,66,2000,4290,-0.0002244255982544903,-0.03501436481246827,,,
Drosophila,2018-12-12_4,LH_L,66,2000,4290,-0.001812879560348141,-0.2828412925299034,,,
Drosophila,2018-12-12_4,LO_L,66,2000,4290,-0.0017650444401690552,-0.27537816728115405,,,
Drosophila,2018-12-12_4,MB_L,66,2000,4290,0.008798877417647122,1.3727805840237781,,,
Drosophila,2018-12-12_4,ME_L,66,2000,4290,-5.4461161335558254e-05,-0.008496904925041357,,,
Drosophila,2018-12-12_4,OTU_L,66,2000,4290,-0.009264903768470632,-1.445488941657091,,,
Drosophila,2018-12-12_4,PLP_L,66,2000,4290,0.005476028003646375,0.8543572735652945,,,
Drosophila,2018-12-12_4,PVLP_L,66,2000,4290,-0.00834435077344909,-1.3018663841253784,,,
Drosophila,2018-12-12_4,SCL_L,66,2000,4290,-0.005133256037275289,-0.8008787810432669,,,
Drosophila,2018-12-12_4,SIP_L,66,2000,4290,0.00013742941890639506,0.021441421330633603,,,
Drosophila,2018-12-12_4,SLP_L,66,2000,4290,-0.007355190815771225,-1.1475399263353725,,,
Drosophila,2018-12-12_4,SMP_L,66,2000,4290,0.003256161248303531,0.5080187764812641,,,
Drosophila,2018-12-12_4,SPS_L,66,2000,4290,0.007229917741920075,1.1279951099547139,,,
Drosophila,2018-12-12_4,VES_L,66,2000,4290,0.010658383622662223,1.6628964582370906,,,
Drosophila,2018-12-12_4,WED_L,66,2000,4290,-0.005413292014796678,-0.844569349114879,,,
Drosophila,2018-12-12_4,EB,66,2000,4290,0.003697156945496944,0.5768219092003277,,,
Drosophila,2018-12-12_4,FB,66,2000,4290,-0.0028542816160905746,-0.4453184421056444,,,
Drosophila,2018-12-12_4,FLA,66,2000,4290,-0.00032208618595546475,-0.05025114471706881,,,
Drosophila,2018-12-12_4,NO,66,2000,4290,-0.0017872274002842918,-0.27883910161367415,,,
Drosophila,2018-12-12_4,PB,66,2000,4290,0.006548014483869958,1.0216061345888001,,,
Drosophila,2018-12-12_4,PRW,66,2000,4290,-0.0003404665515338237,-0.05311880701028637,,,
Drosophila,2018-12-12_4,SAD,66,2000,4290,0.003604460640631108,0.5623596452670501,,,
Drosophila,2018-12-12_4,SOG,66,2000,4290,0.022347106301393825,3.4865440423276493,,,
Drosophila,2018-12-14_1,AL_R,67,2000,4422,-0.007440677673166517,-0.5186799870114606,,,
Drosophila,2018-12-14_1,AME_R,67,2000,4422,-0.0037133724267389935,-0.2588543741137533,,,
Drosophila,2018-12-14_1,AMMC_R,67,2000,4422,-0.015932091082437125,-1.1106053989551659,,,
Drosophila,2018-12-14_1,ATL_R,67,2000,4422,-0.00428276520734782,-0.29854600611599286,,,
Drosophila,2018-12-14_1,AVLP_R,67,2000,4422,-0.005409329864662222,-0.3770773667648588,,,
Drosophila,2018-12-14_1,CRE_R,67,2000,4422,-0.019685303093117244,-1.3722369387773121,,,
Drosophila,2018-12-14_1,EPA_R,67,2000,4422,-0.004649933681155997,-0.32414084405832727,,,
Drosophila,2018-12-14_1,GA_R,67,2000,4422,-0.004620930689384268,-0.3221190831305955,,,
Drosophila,2018-12-14_1,GOR_R,67,2000,4422,-0.01050781917239687,-0.7324864415929139,,,
Drosophila,2018-12-14_1,IB_R,67,2000,4422,-0.005597535365181318,-0.39019692802696987,,,
Drosophila,2018-12-14_1,ICL_R,67,2000,4422,-0.0016282798598844955,-0.11350527649136782,,,
Drosophila,2018-12-14_1,IPS_R,67,2000,4422,0.042325579856879694,2.950461258332698,,,
Drosophila,2018-12-14_1,IVLP_R,67,2000,4422,-0.003369822055063067,-0.23490592342877437,,,
Drosophila,2018-12-14_1,LAL_R,67,2000,4422,-0.0012214381919848024,-0.08514487166118116,,,
Drosophila,2018-12-14_1,LB_R,67,2000,4422,-0.0008411164599018745,-0.05863313714963911,,,
Drosophila,2018-12-14_1,LH_R,67,2000,4422,-0.015921936556505797,-1.1098975401270428,,,
Drosophila,2018-12-14_1,LO_R,67,2000,4422,-0.003524326805929169,-0.2456762491561532,,,
Drosophila,2018-12-14_1,LOP_R,67,2000,4422,-0.001887964954415489,-0.1316075875139449,,,
Drosophila,2018-12-14_1,MB_R,67,2000,4422,0.0007527867676914931,0.05247578890518684,,,
Drosophila,2018-12-14_1,ME_R,67,2000,4422,-0.0008118834436443836,-0.05659534151344022,,,
Drosophila,2018-12-14_1,OTU_R,67,2000,4422,-0.010291282647588294,-0.7173919613844436,,,
Drosophila,2018-12-14_1,PLP_R,67,2000,4422,0.009443999545594248,0.6583289556152019,,,
Drosophila,2018-12-14_1,PVLP_R,67,2000,4422,-0.0060909733312608655,-0.42459384845265774,,,
Drosophila,2018-12-14_1,SCL_R,67,2000,4422,-0.014740633467244607,-1.0275504344051738,,,
Drosophila,2018-12-14_1,SIP_R,67,2000,4422,-0.014158102144802717,-0.9869429316977835,,,
Drosophila,2018-12-14_1,SLP_R,67,2000,4422,-0.0193217484391795,-1.3468940155295517,,,
Drosophila,2018-12-14_1,SMP_R,67,2000,4422,-0.009042224136237793,-0.6303217130950667,,,
Drosophila,2018-12-14_1,SPS_R,67,2000,4422,0.013960539990734752,0.9731711302561656,,,
Drosophila,2018-12-14_1,VES_R,67,2000,4422,0.02530868094777196,1.7642353132172541,,,
Drosophila,2018-12-14_1,WED_R,67,2000,4422,0.0033407173885427045,0.23287707488622889,,,
Drosophila,2018-12-14_1,AL_L,67,2000,4422,-0.003364358969417662,-0.23452509881627703,,,
Drosophila,2018-12-14_1,AME_L,67,2000,4422,-0.0027381848017612354,-0.19087530999150057,,,
Drosophila,2018-12-14_1,AMMC_L,67,2000,4422,-0.009904256181605888,-0.6904128485715355,,,
Drosophila,2018-12-14_1,ATL_L,67,2000,4422,-0.006066778519139558,-0.4229072594901924,,,
Drosophila,2018-12-14_1,AVLP_L,67,2000,4422,0.004022761968420235,0.280421517660292,,,
Drosophila,2018-12-14_1,CRE_L,67,2000,4422,-0.01353324209055496,-0.9433847480137859,,,
Drosophila,2018-12-14_1,EPA_L,67,2000,4422,-0.0031552799332466557,-0.21995047046533606,,,
Drosophila,2018-12-14_1,GA_L,67,2000,4422,-0.003314573086849106,-0.23105458953496,,,
Drosophila,2018-12-14_1,GOR_L,67,2000,4422,-0.014091862728936394,-0.9823254679572033,,,
Drosophila,2018-12-14_1,IB_L,67,2000,4422,-0.011907272843919616,-0.8300405413742113,,,
Drosophila,2018-12-14_1,ICL_L,67,2000,4422,-0.008357809799903283,-0.5826120776729253,,,
Drosophila,2018-12-14_1,IPS_L,67,2000,4422,0.024827097354316225,1.7306647457272297,,,
Drosophila,2018-12-14_1,IVLP_L,67,2000,4422,0.0007722836772960458,0.05383489317829929,,,
Drosophila,2018-12-14_1,LAL_L,67,2000,4422,0.02145239732111615,1.495418784771246,,,
Drosophila,2018-12-14_1,LB_L,67,2000,4422,0.000564865859246378,0.039376066187321326,,,
Drosophila,2018-12-14_1,LH_L,67,2000,4422,-0.005312314829805657,-0.3703145745529627,,,
Drosophila,2018-12-14_1,LO_L,67,2000,4422,3.581984484243261e-07,2.4969549110589888e-05,,,
Drosophila,2018-12-14_1,MB_L,67,2000,4422,0.00030478762188724704,0.021246349688260887,,,
Drosophila,2018-12-14_1,ME_L,67,2000,4422,0.001317679776028436,0.09185374762038803,,,
Drosophila,2018-12-14_1,OTU_L,67,2000,4422,-0.02043079131159568,-1.4242039552860435,,,
Drosophila,2018-12-14_1,PLP_L,67,2000,4422,0.03311750171329595,2.308578077565644,,,
Drosophila,2018-12-14_1,PVLP_L,67,2000,4422,0.009552367469180699,0.6658831429711445,,,
Drosophila,2018-12-14_1,SCL_L,67,2000,4422,-0.0001962546266689794,-0.013680655403029346,,,
Drosophila,2018-12-14_1,SIP_L,67,2000,4422,-0.016747353626420356,-1.1674362931691595,,,
Drosophila,2018-12-14_1,SLP_L,67,2000,4422,-0.011449892859517556,-0.7981571760693945,,,
Drosophila,2018-12-14_1,SMP_L,67,2000,4422,-0.003189166655706623,-0.22231266992316,,,
Drosophila,2018-12-14_1,SPS_L,67,2000,4422,0.025638754598474808,1.7872443191679874,,,
Drosophila,2018-12-14_1,VES_L,67,2000,4422,0.022012506189343636,1.5344632472863924,,,
Drosophila,2018-12-14_1,WED_L,67,2000,4422,-0.0014247872773736003,-0.09932007257717085,,,
Drosophila,2018-12-14_1,EB,67,2000,4422,-0.0014010403730349882,-0.09766470668511872,,,
Drosophila,2018-12-14_1,FB,67,2000,4422,-0.008044397456187364,-0.5607645098157595,,,
Drosophila,2018-12-14_1,FLA,67,2000,4422,-0.006100131251687398,-0.42523223520404413,,,
Drosophila,2018-12-14_1,NO,67,2000,4422,-0.00113550224208438,-0.07915438808749886,,,
Drosophila,2018-12-14_1,PB,67,2000,4422,0.020001182156572678,1.3942564584671808,,,
Drosophila,2018-12-14_1,PRW,67,2000,4422,-0.00258894530105281,-0.18047201802144258,,,
Drosophila,2018-12-14_1,SAD,67,2000,4422,0.03849132935425007,2.6831806303766332,,,
Drosophila,2018-12-14_1,SOG,67,2000,4422,0.04193750976060914,2.9234093954064164,,,
Drosophila,2018-12-14_2,AL_R,66,2000,4290,0.002430051446793479,1.7438608116049947,,,
Drosophila,2018-12-14_2,AME_R,66,2000,4290,-0.000504207975599807,-0.3618312405308992,,,
Drosophila,2018-12-14_2,AMMC_R,66,2000,4290,-0.0016157765079217513,-1.1595183864089502,,,
Drosophila,2018-12-14_2,ATL_R,66,2000,4290,0.0009267243152511953,0.6650386841235371,,,
Drosophila,2018-12-14_2,AVLP_R,66,2000,4290,-0.0002258925101131468,-0.16210566098968685,,,
Drosophila,2018-12-14_2,CRE_R,66,2000,4290,-0.005849950902979421,-4.198059322151484,,,
Drosophila,2018-12-14_2,EPA_R,66,2000,4290,8.397575293948707e-05,0.060262931827813254,,,
Drosophila,2018-12-14_2,GA_R,66,2000,4290,-0.0008542801504118048,-0.6130510851533321,,,
Drosophila,2018-12-14_2,GOR_R,66,2000,4290,-8.274076605511245e-06,-0.005937667683376849,,,
Drosophila,2018-12-14_2,IB_R,66,2000,4290,-0.00018669901244243382,-0.13397950557520988,,,
Drosophila,2018-12-14_2,ICL_R,66,2000,4290,0.0006793586610022281,0.487523401000206,,,
Drosophila,2018-12-14_2,IPS_R,66,2000,4290,0.0013193427841999054,0.9467907280218059,,,
Drosophila,2018-12-14_2,IVLP_R,66,2000,4290,-0.0011977360843428069,-0.859522963140025,,,
Drosophila,2018-12-14_2,LAL_R,66,2000,4290,1.9168604312321728e-05,0.013755831349796596,,,
Drosophila,2018-12-14_2,LB_R,66,2000,4290,0.0006323265723306616,0.45377209238881827,,,
Drosophila,2018-12-14_2,LH_R,66,2000,4290,-0.0025482764617655437,-1.8287018016314578,,,
Drosophila,2018-12-14_2,LO_R,66,2000,4290,-0.00019304275751127903,-0.13853192294850006,,,
Drosophila,2018-12-14_2,MB_R,66,2000,4290,0.0014463723864174664,1.0379500923691245,,,
Drosophila,2018-12-14_2,ME_R,66,2000,4290,0.001159561734929347,0.8321281719562864,,,
Drosophila,2018-12-14_2,OTU_R,66,2000,4290,-0.0009735965310402396,-0.6986752642772056,,,
Drosophila,2018-12-14_2,PLP_R,66,2000,4290,-0.0004531110967718564,-0.3251629450094321,,,
Drosophila,2018-12-14_2,PVLP_R,66,2000,4290,-0.0010428346523048582,-0.7483621326362458,,,
Drosophila,2018-12-14_2,SCL_R,66,2000,4290,-0.002550891206905198,-1.830578202885182,,,
Drosophila,2018-12-14_2,SIP_R,66,2000,4290,-0.000251945636330534,-0.18080198360880276,,,
Drosophila,2018-12-14_2,SLP_R,66,2000,4290,0.0012348498270021114,0.8861566385220648,,,
Drosophila,2018-12-14_2,SMP_R,66,2000,4290,0.0016205188461059312,1.1629215973679947,,,
Drosophila,2018-12-14_2,SPS_R,66,2000,4290,-0.0002756301703100962,-0.1977985499582869,,,
Drosophila,2018-12-14_2,VES_R,66,2000,4290,-0.0009797839432991804,-0.7031154936303121,,,
Drosophila,2018-12-14_2,WED_R,66,2000,4290,-0.0001962375655671495,-0.14082459069287392,,,
Drosophila,2018-12-14_2,AL_L,66,2000,4290,-0.0007309882746239688,-0.52457399926308,,,
Drosophila,2018-12-14_2,AME_L,66,2000,4290,2.7382161522361878e-05,0.019650068922982412,,,
Drosophila,2018-12-14_2,AMMC_L,66,2000,4290,-0.0018049232947865799,-1.295254471210701,,,
Drosophila,2018-12-14_2,ATL_L,66,2000,4290,0.00019367747512655242,0.1389874109083007,,,
Drosophila,2018-12-14_2,AVLP_L,66,2000,4290,-0.00017332633031412405,-0.12438296129612417,,,
Drosophila,2018-12-14_2,CRE_L,66,2000,4290,-0.002625983948879745,-1.88446648172725,,,
Drosophila,2018-12-14_2,EPA_L,66,2000,4290,-0.0006922971812396684,-0.4968083807202867,,,
Drosophila,2018-12-14_2,GA_L,66,2000,4290,-0.0005421626138934257,-0.38906836196148464,,,
Drosophila,2018-12-14_2,GOR_L,66,2000,4290,-0.000667569134898485,-0.47906296589837294,,,
Drosophila,2018-12-14_2,IB_L,66,2000,4290,0.0007743119613573905,0.555664073347049,,,
Drosophila,2018-12-14_2,ICL_L,66,2000,4290,0.0014702449464818706,1.0550815905618618,,,
Drosophila,2018-12-14_2,IPS_L,66,2000,4290,0.0015413714956006076,1.1061236381845696,,,
Drosophila,2018-12-14_2,IVLP_L,66,2000,4290,0.00030407643373164817,0.21821224287943633,,,
Drosophila,2018-12-14_2,LAL_L,66,2000,4290,-0.0002615704768736703,-0.18770899056261428,,,
Drosophila,2018-12-14_2,LB_L,66,2000,4290,5.991898072653229e-05,0.04299923876022977,,,
Drosophila,2018-12-14_2,LH_L,66,2000,4290,0.0011465809218761272,0.8228128419388293,,,
Drosophila,2018-12-14_2,LO_L,66,2000,4290,-0.000320737710088523,-0.2301687580175886,,,
Drosophila,2018-12-14_2,MB_L,66,2000,4290,0.0038415371426329266,2.756775412389827,,,
Drosophila,2018-12-14_2,ME_L,66,2000,4290,-0.0008100174951975416,-0.5812871856903851,,,
Drosophila,2018-12-14_2,OTU_L,66,2000,4290,-9.586671626552383e-05,-0.06879616061351233,,,
Drosophila,2018-12-14_2,PLP_L,66,2000,4290,0.0017884405344674315,1.283426063287252,,,
Drosophila,2018-12-14_2,PVLP_L,66,2000,4290,-0.00046854877442790836,-0.33624137757599454,,,
Drosophila,2018-12-14_2,SCL_L,66,2000,4290,0.0019944847551857225,1.4312881352785427,,,
Drosophila,2018-12-14_2,SIP_L,66,2000,4290,-0.0016821550126182002,-1.2071531281448986,,,
Drosophila,2018-12-14_2,SLP_L,66,2000,4290,0.0007846670903163932,0.5630951520653819,,,
Drosophila,2018-12-14_2,SMP_L,66,2000,4290,0.002013164293823228,1.4446930018511372,,,
Drosophila,2018-12-14_2,SPS_L,66,2000,4290,0.0002007826541980028,0.14408625083553261,,,
Drosophila,2018-12-14_2,VES_L,66,2000,4290,-0.0006373141066744367,-0.45735126175172214,,,
Drosophila,2018-12-14_2,WED_L,66,2000,4290,0.0010776813359042715,0.7733689142924943,,,
Drosophila,2018-12-14_2,EB,66,2000,4290,-0.00025992213938667445,-0.1865261056686897,,,
Drosophila,2018-12-14_2,FB,66,2000,4290,0.0004505599205065581,0.32333216224208733,,,
Drosophila,2018-12-14_2,FLA,66,2000,4290,-0.0009490753934534665,-0.6810783319365455,,,
Drosophila,2018-12-14_2,NO,66,2000,4290,0.0002435672739760838,0.17478947807332051,,,
Drosophila,2018-12-14_2,PB,66,2000,4290,0.0011334639512168697,0.8133998020915312,,,
Drosophila,2018-12-14_2,PRW,66,2000,4290,0.0005367157360354442,0.3851595571274691,,,
Drosophila,2018-12-14_2,SAD,66,2000,4290,7.559843559908822e-05,0.0542511762184506,,,
Drosophila,2018-12-14_2,SOG,66,2000,4290,0.0014201474142753138,1.019130449161785,,,
Drosophila,2018-12-14_3,AL_R,67,2000,4422,-0.003299609013626998,-0.7153292632448873,,,
Drosophila,2018-12-14_3,AME_R,67,2000,4422,-0.0020669146425475677,-0.448090826015291,,,
Drosophila,2018-12-14_3,AMMC_R,67,2000,4422,-0.005438336677316202,-1.17898858701021,,,
Drosophila,2018-12-14_3,ATL_R,67,2000,4422,0.0033896485374501997,0.7348491233172093,,,
Drosophila,2018-12-14_3,AVLP_R,67,2000,4422,0.0031569890192860214,0.6844103710202057,,,
Drosophila,2018-12-14_3,CRE_R,67,2000,4422,-0.006013038777812751,-1.3035794789721624,,,
Drosophila,2018-12-14_3,EPA_R,67,2000,4422,-0.0015796283913102364,-0.3424510021308824,,,
Drosophila,2018-12-14_3,GA_R,67,2000,4422,-0.00045701353723218743,-0.09907693776175276,,,
Drosophila,2018-12-14_3,GOR_R,67,2000,4422,-0.0009278589261422053,-0.20115251209806712,,,
Drosophila,2018-12-14_3,IB_R,67,2000,4422,0.0014060636731191053,0.3048235373384725,,,
Drosophila,2018-12-14_3,ICL_R,67,2000,4422,-0.00118820079322896,-0.2575925797563436,,,
Drosophila,2018-12-14_3,IPS_R,67,2000,4422,0.01395056959364327,3.0243736842923608,,,
Drosophila,2018-12-14_3,IVLP_R,67,2000,4422,-0.004468661779705665,-0.9687707014273521,,,
Drosophila,2018-12-14_3,LAL_R,67,2000,4422,-6.77896203212892e-05,-0.014696256119986524,,,
Drosophila,2018-12-14_3,LB_R,67,2000,4422,0.0005530173249107035,0.11988980329375205,,,
Drosophila,2018-12-14_3,LH_R,67,2000,4422,-0.002555046571192886,-0.5539139861055046,,,
Drosophila,2018-12-14_3,LO_R,67,2000,4422,-0.0014003746991828872,-0.30359021256647445,,,
Drosophila,2018-12-14_3,LOP_R,67,2000,4422,-0.0006813258944372199,-0.1477060912625253,,,
Drosophila,2018-12-14_3,MB_R,67,2000,4422,0.001669861662700566,0.362012865150789,,,
Drosophila,2018-12-14_3,ME_R,67,2000,4422,-0.0020254908879134667,-0.43911048205305997,,,
Drosophila,2018-12-14_3,OTU_R,67,2000,4422,-0.00387036005398933,-0.8390635964681609,,,
Drosophila,2018-12-14_3,PLP_R,67,2000,4422,0.004456597504495135,0.9661552615184746,,,
Drosophila,2018-12-14_3,PVLP_R,67,2000,4422,-0.0018099697882282845,-0.39238720398743726,,,
Drosophila,2018-12-14_3,SCL_R,67,2000,4422,0.0017442787107000558,0.37814589542755506,,,
Drosophila,2018-12-14_3,SIP_R,67,2000,4422,0.0045610585793566085,0.9888016003452341,,,
Drosophila,2018-12-14_3,SLP_R,67,2000,4422,0.0020519401283875475,0.44484446920837867,,,
Drosophila,2018-12-14_3,SMP_R,67,2000,4422,0.00720533645439991,1.5620602307943834,,,
Drosophila,2018-12-14_3,SPS_R,67,2000,4422,-0.0013975732399071098,-0.302982878245506,,,
Drosophila,2018-12-14_3,VES_R,67,2000,4422,-0.0019896259016568317,-0.4313352353225251,,,
Drosophila,2018-12-14_3,WED_R,67,2000,4422,-0.0033382835912197355,-0.7237136072630624,,,
Drosophila,2018-12-14_3,AL_L,67,2000,4422,-0.008306391879095912,-1.8007603805657082,,,
Drosophila,2018-12-14_3,AME_L,67,2000,4422,-0.0027686127168701797,-0.6002134455294745,,,
Drosophila,2018-12-14_3,AMMC_L,67,2000,4422,-0.0017431481286278583,-0.3779007941330068,,,
Drosophila,2018-12-14_3,ATL_L,67,2000,4422,-0.0007092578523201254,-0.15376151988174916,,,
Drosophila,2018-12-14_3,AVLP_L,67,2000,4422,0.006083912842974005,1.3189444184560806,,,
Drosophila,2018-12-14_3,CRE_L,67,2000,4422,-0.0032093750076655375,-0.6957672409757413,,,
Drosophila,2018-12-14_3,EPA_L,67,2000,4422,-0.002309566632479902,-0.5006958675418336,,,
Drosophila,2018-12-14_3,GA_L,67,2000,4422,-0.005580083931615596,-1.2097182760631304,,,
Drosophila,2018-12-14_3,GOR_L,67,2000,4422,-0.004194267948174117,-0.9092842784791232,,,
Drosophila,2018-12-14_3,IB_L,67,2000,4422,-0.00015795973184989427,-0.03424442657899651,,,
Drosophila,2018-12-14_3,ICL_L,67,2000,4422,-0.004308713604930378,-0.934095196072976,,,
Drosophila,2018-12-14_3,IPS_L,67,2000,4422,0.0029786131258007827,0.6457398812923376,,,
Drosophila,2018-12-14_3,IVLP_L,67,2000,4422,-0.0038481460341590746,-0.8342477718134037,,,
Drosophila,2018-12-14_3,LAL_L,67,2000,4422,0.0017258762821673163,0.3741563937654259,,,
Drosophila,2018-12-14_3,LB_L,67,2000,4422,-0.0014278434738949446,-0.30954522671992923,,,
Drosophila,2018-12-14_3,LH_L,67,2000,4422,0.0007309144478126624,0.15845649932752306,,,
Drosophila,2018-12-14_3,LO_L,67,2000,4422,0.0007031723695125345,0.15244223510732116,,,
Drosophila,2018-12-14_3,MB_L,67,2000,4422,0.007491004634767198,1.6239908438308708,,,
Drosophila,2018-12-14_3,ME_L,67,2000,4422,-0.0003677382630885405,-0.07972276100462154,,,
Drosophila,2018-12-14_3,OTU_L,67,2000,4422,-0.008543261477476244,-1.8521118451164318,,,
Drosophila,2018-12-14_3,PLP_L,67,2000,4422,0.018062886281697697,3.9158915746081275,,,
Drosophila,2018-12-14_3,PVLP_L,67,2000,4422,0.004203074076358835,0.9111933777573707,,,
Drosophila,2018-12-14_3,SCL_L,67,2000,4422,0.0014819615545908443,0.32127760065652244,,,
Drosophila,2018-12-14_3,SIP_L,67,2000,4422,-0.0009468622299318289,-0.20527227878645662,,,
Drosophila,2018-12-14_3,SLP_L,67,2000,4422,-0.0010231847485797573,-0.22181840010202547,,,
Drosophila,2018-12-14_3,SMP_L,67,2000,4422,0.000991633125694953,0.21497825660042966,,,
Drosophila,2018-12-14_3,SPS_L,67,2000,4422,-0.0008619949310996088,-0.18687371638208733,,,
Drosophila,2018-12-14_3,VES_L,67,2000,4422,0.0033969662821500338,0.7364355527708591,,,
Drosophila,2018-12-14_3,WED_L,67,2000,4422,-0.004643055192702368,-1.0065778207310319,,,
Drosophila,2018-12-14_3,EB,67,2000,4422,-0.00030879188014378293,-0.06694364914358483,,,
Drosophila,2018-12-14_3,FB,67,2000,4422,-0.0016338331583054667,-0.35420216897487083,,,
Drosophila,2018-12-14_3,FLA,67,2000,4422,-0.0021094785446691207,-0.457318344978809,,,
Drosophila,2018-12-14_3,NO,67,2000,4422,-0.0006639196378385002,-0.14393255183491685,,,
Drosophila,2018-12-14_3,PB,67,2000,4422,0.004839112826690984,1.0490815726287306,,,
Drosophila,2018-12-14_3,PRW,67,2000,4422,-0.0004402463907761145,-0.09544195238269487,,,
Drosophila,2018-12-14_3,SAD,67,2000,4422,-0.004629513726401743,-1.0036421374206526,,,
Drosophila,2018-12-14_3,SOG,67,2000,4422,0.012475860871001441,2.7046684405160333,,,
Zebrafish,subject_12,Cb,159,640,25122,0.0019056814281956228,0.20696969987263708,1.0,5.0,1290.0
Zebrafish,subject_12,Hb,159,640,25122,-0.0029228781054514022,-0.6004311062222978,16.0,4.0,304.0
Zebrafish,subject_12,MON,159,640,25122,-0.006282724984317254,-1.16224318691604,0.0,7.0,804.0
Zebrafish,subject_12,MOS1,159,640,25122,0.009906490566504432,1.5448137717263195,2.0,3.0,1395.0
Zebrafish,subject_12,MOS2,159,640,25122,0.01601762141844786,2.566677940869945,3.0,2.0,555.0
Zebrafish,subject_12,MOS3,159,640,25122,0.0045440831700780645,0.6481463444503589,4.0,2.0,1272.0
Zebrafish,subject_12,MOS4,159,640,25122,0.0032031020804869532,0.42391607346596993,5.0,4.0,829.0
Zebrafish,subject_12,MOS5,159,640,25122,-0.0026450038825587287,-0.5539667580055758,6.0,4.0,928.0
Zebrafish,subject_12,NX,159,640,25122,0.01584872124086503,2.538435534707262,35.0,2.0,296.0
Zebrafish,subject_12,OB,159,640,25122,0.0004003700547927303,-0.04473882890082544,20.0,5.0,200.0
Zebrafish,subject_12,P,159,640,25122,-0.0021733570644197286,-0.47510099721212556,22.0,5.0,923.0
Zebrafish,subject_12,PO,159,640,25122,-0.004730782273843721,-0.9027372645559889,25.0,2.0,425.0
Zebrafish,subject_12,PT,159,640,25122,-0.006241172640893491,-1.1552950701243347,24.0,2.0,337.0
Zebrafish,subject_12,PrT,159,640,25122,-0.004541698805303591,-0.8711199377207912,26.0,3.0,400.0
Zebrafish,subject_12,Ra,159,640,25122,-0.0031532870719458844,-0.6389586182023841,10.0,4.0,231.0
Zebrafish,subject_12,SP,159,640,25122,0.0007228381817843371,0.00918222640742209,28.0,2.0,679.0
Zebrafish,subject_12,T,159,640,25122,0.0009755044956947347,0.05143146950005242,11.0,3.0,1169.0
Zebrafish,subject_12,TS,159,640,25122,-0.0003504492680616019,-0.17028602828398542,32.0,3.0,143.0
Zebrafish,subject_12,TeO,159,640,25122,-0.0009470691807908909,-0.27004898970409236,29.0,7.0,4946.0
Zebrafish,subject_12,Th,159,640,25122,-0.004407649466286676,-0.8487050656197938,30.0,6.0,1134.0
Zebrafish,subject_12,aRF,159,640,25122,-0.0014495176166024134,-0.3540651997701518,12.0,3.0,222.0
Zebrafish,subject_12,imRF,159,640,25122,0.003979954976756927,0.5538164402927225,13.0,1.0,329.0
Zebrafish,subject_12,pRF,159,640,25122,0.003917007352095301,0.5432907415746265,14.0,2.0,451.0
Zebrafish,subject_12,rCb,159,640,25122,0.0016077057258711983,0.15714411098283218,37.0,4.0,1463.0
Zebrafish,subject_12,rHb,159,640,25122,-0.0034269150063275552,-0.6847129292449128,52.0,4.0,260.0
Zebrafish,subject_12,rMON,159,640,25122,-0.009647941362248945,-1.7249531208606061,36.0,5.0,999.0
Zebrafish,subject_12,rMOS1,159,640,25122,0.004946361532506946,0.715412756272832,38.0,3.0,1462.0
Zebrafish,subject_12,rMOS2,159,640,25122,0.011630967184113194,1.8331697092366395,39.0,3.0,553.0
Zebrafish,subject_12,rMOS3,159,640,25122,0.00010963787010229468,-0.09335320315490063,40.0,4.0,1407.0
Zebrafish,subject_12,rMOS4,159,640,25122,0.007084836495993836,1.072994846190452,41.0,3.0,983.0
Zebrafish,subject_12,rMOS5,159,640,25122,-0.000963687481680262,-0.27282779556544867,42.0,6.0,1183.0
Zebrafish,subject_12,rNX,159,640,25122,0.010305285050256071,1.6114976316649976,71.0,3.0,422.0
Zebrafish,subject_12,rP,159,640,25122,0.0011953867278262128,0.08819876836668103,58.0,5.0,974.0
Zebrafish,subject_12,rPO,159,640,25122,0.0004791129563696434,-0.03157194512018087,61.0,2.0,382.0
Zebrafish,subject_12,rPT,159,640,25122,-0.006603256052776212,-1.2158403397001878,60.0,2.0,388.0
Zebrafish,subject_12,rPrT,159,640,25122,-0.0005563929283054427,-0.2047226084135934,62.0,3.0,576.0
Zebrafish,subject_12,rRa,159,640,25122,0.0003788553490175692,-0.048336380233622224,46.0,3.0,182.0
Zebrafish,subject_12,rSP,159,640,25122,0.0034836068517405797,0.47082028513519886,64.0,3.0,658.0
Zebrafish,subject_12,rT,159,640,25122,-0.008177051097649561,-1.4790002694896844,47.0,3.0,1369.0
Zebrafish,subject_12,rTeO,159,640,25122,-0.00018095736542473987,-0.14194467764680999,65.0,13.0,7000.0
Zebrafish,subject_12,rTh,159,640,25122,-0.0005832981443809995,-0.20922152636131422,66.0,4.0,1287.0
Zebrafish,subject_12,raRF,159,640,25122,-0.011772058298843157,-2.0801343534611942,48.0,1.0,37.0
Zebrafish,subject_12,rimRF,159,640,25122,0.0009690346511379033,0.05034962352215907,49.0,2.0,315.0
Zebrafish,subject_12,rpRF,159,640,25122,0.007533683848004936,1.1480482262517344,50.0,2.0,473.0
Zebrafish,subject_13,Cb,172,1200,29412,0.0004972301111824479,0.19085078873592654,1.0,3.0,1363.0
Zebrafish,subject_13,HR,172,1200,29412,-0.008847094822975991,-3.1280401819093253,18.0,3.0,246.0
Zebrafish,subject_13,Hb,172,1200,29412,0.0003403654979389795,0.13513605790455543,16.0,5.0,523.0
Zebrafish,subject_13,MON,172,1200,29412,-0.0034244917318466133,-1.202055312659575,0.0,6.0,723.0
Zebrafish,subject_13,MOS1,172,1200,29412,0.0006499655845636495,0.24509894331893617,2.0,3.0,1145.0
Zebrafish,subject_13,MOS2,172,1200,29412,0.0031863715642219694,1.1459724642092672,3.0,2.0,606.0
Zebrafish,subject_13,MOS3,172,1200,29412,-0.0004920782625734666,-0.1605289687080445,4.0,4.0,1134.0
Zebrafish,subject_13,MOS4,172,1200,29412,0.001663797776478127,0.6051890013170619,5.0,5.0,569.0
Zebrafish,subject_13,MOS5,172,1200,29412,-0.0015398742954810642,-0.5326822079412787,6.0,3.0,668.0
Zebrafish,subject_13,NX,172,1200,29412,0.002277835585360788,0.8232812181326146,35.0,2.0,211.0
Zebrafish,subject_13,OB,172,1200,29412,9.005738898478688e-05,0.04623232986203571,20.0,5.0,253.0
Zebrafish,subject_13,P,172,1200,29412,0.0014585796763576333,0.5323002154173857,22.0,5.0,1505.0
Zebrafish,subject_13,PO,172,1200,29412,0.002410753582375328,0.8704906573629659,25.0,2.0,536.0
Zebrafish,subject_13,PT,172,1200,29412,-0.0009471354112807674,-0.322154883112128,24.0,3.0,322.0
Zebrafish,subject_13,PrT,172,1200,29412,0.0019090846162539456,0.6923092891373387,26.0,3.0,469.0
Zebrafish,subject_13,Ra,172,1200,29412,-0.0008273289055693608,-0.2796023463765295,10.0,3.0,225.0
Zebrafish,subject_13,SP,172,1200,29412,0.004592188295426133,1.6452864851204765,28.0,3.0,984.0
Zebrafish,subject_13,T,172,1200,29412,-0.00015666070397744452,-0.041396306427559516,11.0,5.0,1125.0
Zebrafish,subject_13,TeO,172,1200,29412,0.00023298196689484945,0.09699587826722729,29.0,9.0,5089.0
Zebrafish,subject_13,Th,172,1200,29412,-0.0003169849749133638,-0.09833982871876365,30.0,3.0,520.0
Zebrafish,subject_13,aRF,172,1200,29412,-0.0015994659617028781,-0.5538478078474101,12.0,3.0,237.0
Zebrafish,subject_13,imRF,172,1200,29412,-0.0009357073990244463,-0.3180959139562846,13.0,4.0,509.0
Zebrafish,subject_13,pRF,172,1200,29412,0.002387860399721498,0.8623595213275117,14.0,3.0,658.0
Zebrafish,subject_13,rCb,172,1200,29412,-0.0007420920053880009,-0.24932814461545985,37.0,7.0,1363.0
Zebrafish,subject_13,rHR,172,1200,29412,-0.006258116623793439,-2.208494208389706,54.0,2.0,119.0
Zebrafish,subject_13,rHb,172,1200,29412,-0.0015331134072179731,-0.5302808947198293,52.0,6.0,439.0
Zebrafish,subject_13,rHi,172,1200,29412,-0.009701077647497112,-3.431355392516836,53.0,1.0,32.0
Zebrafish,subject_13,rMON,172,1200,29412,-0.0009714332241019776,-0.3307849117281016,36.0,7.0,498.0
Zebrafish,subject_13,rMOS1,172,1200,29412,0.002984993562498351,1.0744475936256337,38.0,2.0,1394.0
Zebrafish,subject_13,rMOS2,172,1200,29412,0.004739941061117551,1.6977648956419826,39.0,2.0,572.0
Zebrafish,subject_13,rMOS3,172,1200,29412,0.0015826660330250447,0.5763728575424776,40.0,3.0,1396.0
Zebrafish,subject_13,rMOS4,172,1200,29412,0.0012435000077852386,0.4559088254535282,41.0,5.0,787.0
Zebrafish,subject_13,rMOS5,172,1200,29412,0.0009439994308863376,0.3495330554137711,42.0,6.0,796.0
Zebrafish,subject_13,rNX,172,1200,29412,0.0008601570539497269,0.3197541564849515,71.0,2.0,156.0
Zebrafish,subject_13,rP,172,1200,29412,0.0010499894974065143,0.3871783082523149,58.0,4.0,1333.0
Zebrafish,subject_13,rPO,172,1200,29412,-0.0006592499337033072,-0.21990453128424828,61.0,3.0,597.0
Zebrafish,subject_13,rPT,172,1200,29412,-0.0018114696223902483,-0.6291466700077959,60.0,3.0,442.0
Zebrafish,subject_13,rPrT,172,1200,29412,0.0019890003780250426,0.7206935439682863,62.0,2.0,390.0
Zebrafish,subject_13,rRa,172,1200,29412,-7.807329578159396e-05,-0.013483852472306395,46.0,2.0,153.0
Zebrafish,subject_13,rSP,172,1200,29412,0.0031228728609077948,1.1234191738900585,64.0,3.0,1064.0
Zebrafish,subject_13,rT,172,1200,29412,-0.0007087796944484976,-0.23749637198688936,47.0,5.0,1016.0
Zebrafish,subject_13,rTeO,172,1200,29412,0.0010898019370427945,0.40131877825514983,65.0,9.0,4679.0
Zebrafish,subject_13,rTh,172,1200,29412,4.04373538908074e-05,0.02860842577084727,66.0,5.0,899.0
Zebrafish,subject_13,raRF,172,1200,29412,-0.0033964746980386954,-1.1921043016251183,48.0,2.0,116.0
Zebrafish,subject_13,rimRF,172,1200,29412,-0.00015809913238043824,-0.041907203370062464,49.0,2.0,449.0
Zebrafish,subject_13,rpRF,172,1200,29412,0.0019153307574876607,0.6945277759609478,50.0,2.0,736.0
Zebrafish,subject_14,Cb,134,500,17822,0.0020475094668008214,0.2952558846631184,1.0,3.0,1800.0
Zebrafish,subject_14,HR,134,500,17822,-0.02408526336918372,-2.373282115321976,18.0,1.0,243.0
Zebrafish,subject_14,Hb,134,500,17822,0.005306205039708257,0.628016323873475,16.0,4.0,528.0
Zebrafish,subject_14,Hi,134,500,17822,-0.014477794601790984,-1.3922191546339935,17.0,1.0,280.0
Zebrafish,subject_14,MON,134,500,17822,-0.009618993992014874,-0.8960646078924247,0.0,5.0,1142.0
Zebrafish,subject_14,MOS1,134,500,17822,0.005570169190807891,0.6549709211626394,2.0,2.0,1894.0
Zebrafish,subject_14,MOS2,134,500,17822,0.00199985191225935,0.2903893518968305,3.0,1.0,1045.0
Zebrafish,subject_14,MOS3,134,500,17822,0.027250564548733616,2.8688561154524543,4.0,1.0,1395.0
Zebrafish,subject_14,MOS4,134,500,17822,0.0110550924554463,1.2150617408607036,5.0,2.0,1162.0
Zebrafish,subject_14,MOS5,134,500,17822,0.009076467720545886,1.013015240631626,6.0,3.0,1344.0
Zebrafish,subject_14,NX,134,500,17822,-0.00873023240219385,-0.805309061580907,35.0,3.0,637.0
Zebrafish,subject_14,P,134,500,17822,0.0023928737815783595,0.3305226282118021,22.0,4.0,1221.0
Zebrafish,subject_14,PO,134,500,17822,-0.0031037416367452986,-0.2307621312417784,25.0,2.0,631.0
Zebrafish,subject_14,PT,134,500,17822,-0.007007895127937393,-0.6294332563615199,24.0,1.0,437.0
Zebrafish,subject_14,PrT,134,500,17822,-0.008924866407046664,-0.825184037776461,26.0,3.0,643.0
Zebrafish,subject_14,Ra,134,500,17822,-0.00028745031141339233,0.05682236918015842,10.0,2.0,633.0
Zebrafish,subject_14,SP,134,500,17822,0.005630639304848713,0.661145803491206,28.0,3.0,1001.0
Zebrafish,subject_14,T,134,500,17822,-0.00631796360004783,-0.5589811649927124,11.0,2.0,1522.0
Zebrafish,subject_14,TS,134,500,17822,-0.010078468239536608,-0.9429836431292039,32.0,3.0,161.0
Zebrafish,subject_14,TeO,134,500,17822,-0.002224908652973624,-0.14102044070040254,29.0,10.0,6489.0
Zebrafish,subject_14,Th,134,500,17822,-0.005952457739265983,-0.5216576752568451,30.0,3.0,1208.0
Zebrafish,subject_14,aRF,134,500,17822,-0.001648050148556692,-0.08211475743010457,12.0,2.0,400.0
Zebrafish,subject_14,imRF,134,500,17822,0.003391267960446734,0.4324732639899361,13.0,1.0,585.0
Zebrafish,subject_14,pRF,134,500,17822,-0.0032626453656739436,-0.24698852411814096,14.0,2.0,712.0
Zebrafish,subject_14,rCb,134,500,17822,0.006520047424663627,0.7519673699632193,37.0,3.0,1723.0
Zebrafish,subject_14,rHR,134,500,17822,-0.014329961055852072,-1.3771231892159148,54.0,1.0,202.0
Zebrafish,subject_14,rHb,134,500,17822,0.01393530360935806,1.5091733898783304,52.0,3.0,451.0
Zebrafish,subject_14,rHi,134,500,17822,-0.009847150460324625,-0.9193627174902164,53.0,1.0,285.0
Zebrafish,subject_14,rMON,134,500,17822,-0.010324877276651113,-0.9681456067373807,36.0,5.0,1243.0
Zebrafish,subject_14,rMOS1,134,500,17822,0.0005958304870126501,0.14701824659625148,38.0,3.0,1911.0
Zebrafish,subject_14,rMOS2,134,500,17822,-0.007078871882018961,-0.6366810201778974,39.0,3.0,910.0
Zebrafish,subject_14,rMOS3,134,500,17822,0.004872384142856351,0.5837168706274409,40.0,3.0,1490.0
Zebrafish,subject_14,rMOS4,134,500,17822,0.007801673603013003,0.8828401319225468,41.0,3.0,1279.0
Zebrafish,subject_14,rMOS5,134,500,17822,0.009749755855886923,1.0817677984016396,42.0,4.0,1707.0
Zebrafish,subject_14,rNX,134,500,17822,-0.006287330389212755,-0.5558530665054983,71.0,4.0,771.0
Zebrafish,subject_14,rP,134,500,17822,0.005070731532429006,0.6039710376687446,58.0,4.0,1122.0
Zebrafish,subject_14,rPO,134,500,17822,-0.001228026695898199,-0.03922422486630665,61.0,1.0,624.0
Zebrafish,subject_14,rPT,134,500,17822,0.01448303055792434,1.565104315579883,60.0,1.0,435.0
Zebrafish,subject_14,rPrT,134,500,17822,0.002623249309086145,0.35404733618211787,62.0,3.0,617.0
Zebrafish,subject_14,rRa,134,500,17822,-0.005547720988879252,-0.48032813838847843,46.0,2.0,378.0
Zebrafish,subject_14,rSP,134,500,17822,0.008726562382253682,0.9772847922214732,64.0,3.0,895.0
Zebrafish,subject_14,rT,134,500,17822,0.004695795449800559,0.5656845844730148,47.0,2.0,1603.0
Zebrafish,subject_14,rTS,134,500,17822,-0.02126687474179533,-2.0854834497109755,68.0,2.0,76.0
Zebrafish,subject_14,rTeO,134,500,17822,0.009003251089615718,1.0055387526563815,65.0,10.0,6097.0
Zebrafish,subject_14,rTh,134,500,17822,0.009131132340435666,1.0185972971683037,66.0,3.0,1386.0
Zebrafish,subject_14,raRF,134,500,17822,-0.01727549416568825,-1.6779051645212146,48.0,2.0,451.0
Zebrafish,subject_14,rimRF,134,500,17822,-0.006319047230156421,-0.5590918194625175,49.0,1.0,660.0
Zebrafish,subject_14,rpRF,134,500,17822,-0.00621084312660598,-0.5480425992404263,50.0,3.0,917.0
Zebrafish,subject_15,Cb,118,600,13806,-0.00402053631163055,-0.793155672158412,1.0,5.0,1306.0
Zebrafish,subject_15,MON,118,600,13806,-0.0021386699087536896,-0.48997232264348634,0.0,5.0,810.0
Zebrafish,subject_15,MOS1,118,600,13806,0.006278313943084496,0.866069399081392,2.0,2.0,1366.0
Zebrafish,subject_15,MOS2,118,600,13806,0.013017138042590288,1.9517465008972952,3.0,1.0,511.0
Zebrafish,subject_15,MOS3,118,600,13806,0.007640084339480846,1.0854612270127233,4.0,2.0,1235.0
Zebrafish,subject_15,MOS4,118,600,13806,0.0033124788229169666,0.3882502380257643,5.0,3.0,917.0
Zebrafish,subject_15,MOS5,118,600,13806,0.002527114986174579,0.26172200082069697,6.0,4.0,1046.0
Zebrafish,subject_15,NX,118,600,13806,-0.001606388518188652,-0.4042176406802682,35.0,3.0,432.0
Zebrafish,subject_15,P,118,600,13806,-0.0011738533982198114,-0.3345328605840191,22.0,2.0,689.0
Zebrafish,subject_15,PO,118,600,13806,0.004006071721656648,0.4999934616245243,25.0,2.0,419.0
Zebrafish,subject_15,PT,118,600,13806,0.00270296575601509,0.2900529308662731,24.0,1.0,328.0
Zebrafish,subject_15,PrT,118,600,13806,-0.0009009030943942196,-0.29055843857486313,26.0,2.0,348.0
Zebrafish,subject_15,Ra,118,600,13806,-0.000603321951941815,-0.24261579642806988,10.0,2.0,312.0
Zebrafish,subject_15,SP,118,600,13806,0.013233617304830289,1.9866229978293348,28.0,2.0,545.0
Zebrafish,subject_15,T,118,600,13806,-0.006376240944991266,-1.1726780548941358,11.0,2.0,600.0
Zebrafish,subject_15,TeO,118,600,13806,-0.0020149575902260897,-0.47004130360296553,29.0,20.0,4112.0
Zebrafish,subject_15,Th,118,600,13806,-0.003422544289166057,-0.6968144950818514,30.0,2.0,984.0
Zebrafish,subject_15,aRF,118,600,13806,-0.007388864561739527,-1.335819614493861,12.0,2.0,416.0
Zebrafish,subject_15,imRF,118,600,13806,-0.00015369672902548152,-0.17017766750362837,13.0,2.0,539.0
Zebrafish,subject_15,pRF,118,600,13806,0.002925247941941949,0.32586432404688376,14.0,3.0,728.0
Zebrafish,subject_15,rCb,118,600,13806,-0.0007999327395429977,-0.2742913271908106,37.0,3.0,1570.0
Zebrafish,subject_15,rHi,118,600,13806,-0.010922662117611691,-1.905141952072724,53.0,1.0,214.0
Zebrafish,subject_15,rMON,118,600,13806,-0.004697045123714497,-0.902146516200488,36.0,5.0,909.0
Zebrafish,subject_15,rMOS1,118,600,13806,0.007104968586315499,0.9992499071364271,38.0,2.0,1275.0
Zebrafish,subject_15,rMOS2,118,600,13806,0.015271203852663473,2.314894076772149,39.0,1.0,536.0
Zebrafish,subject_15,rMOS3,118,600,13806,0.0100551742907074,1.4745510474555283,40.0,2.0,1293.0
Zebrafish,subject_15,rMOS4,118,600,13806,0.003273079535642638,0.38190270566848816,41.0,2.0,1070.0
Zebrafish,subject_15,rMOS5,118,600,13806,0.004218686815822144,0.5342474109526928,42.0,3.0,1282.0
Zebrafish,subject_15,rNX,118,600,13806,0.0011120198553404188,0.03373914242400753,71.0,3.0,821.0
Zebrafish,subject_15,rP,118,600,13806,-0.0004696102899561699,-0.2210738051963639,58.0,2.0,705.0
Zebrafish,subject_15,rPO,118,600,13806,0.014421008575191678,2.1779209890058664,61.0,1.0,372.0
Zebrafish,subject_15,rPT,118,600,13806,-0.007178850929982254,-1.3019847810420144,60.0,2.0,352.0
Zebrafish,subject_15,rPrT,118,600,13806,-0.005701517813530667,-1.063974897922578,62.0,2.0,406.0
Zebrafish,subject_15,rRa,118,600,13806,-0.002954307062494597,-0.6213778272435755,46.0,2.0,197.0
Zebrafish,subject_15,rSP,118,600,13806,0.00671617036571534,0.9366114825241395,64.0,2.0,515.0
Zebrafish,subject_15,rT,118,600,13806,-0.0022929673600848113,-0.5148308450362934,47.0,2.0,876.0
Zebrafish,subject_15,rTeO,118,600,13806,0.0007763324658182979,-0.020342713221883284,65.0,10.0,4145.0
Zebrafish,subject_15,rTh,118,600,13806,-0.004382119609232796,-0.8514095604940094,66.0,2.0,1026.0
Zebrafish,subject_15,raRF,118,600,13806,-0.006032522529832711,-1.1173023384041532,48.0,1.0,513.0
Zebrafish,subject_15,rimRF,118,600,13806,-0.002854905588887413,-0.6053634748597535,49.0,1.0,616.0
Zebrafish,subject_15,rpRF,118,600,13806,-0.003498651354105692,-0.7090759366139783,50.0,2.0,859.0
Zebrafish,subject_16,Cb,154,517,23562,-0.00040568619734572103,-0.011341190137137766,1.0,3.0,1731.0
Zebrafish,subject_16,Hb,154,517,23562,-0.001587095967562402,-0.3507808593053342,16.0,3.0,252.0
Zebrafish,subject_16,Hi,154,517,23562,-0.00400825230354229,-1.0464213782920393,17.0,1.0,35.0
Zebrafish,subject_16,MON,154,517,23562,0.0007996943761371947,0.33498570963936347,0.0,5.0,938.0
Zebrafish,subject_16,MOS1,154,517,23562,0.0025618350060456693,0.841279501618302,2.0,2.0,1365.0
Zebrafish,subject_16,MOS2,154,517,23562,-0.0005142829129885635,-0.04254292399769177,3.0,2.0,544.0
Zebrafish,subject_16,MOS3,154,517,23562,0.007493973851818781,2.2583691688163134,4.0,3.0,1312.0
Zebrafish,subject_16,MOS4,154,517,23562,-0.005428580053065017,-1.4545063574098092,5.0,3.0,970.0
Zebrafish,subject_16,MOS5,154,517,23562,0.0026797896781544516,0.8751699398784366,6.0,5.0,1178.0
Zebrafish,subject_16,NX,154,517,23562,-0.0007537998153739548,-0.11136031501264589,35.0,3.0,600.0
Zebrafish,subject_16,OB,154,517,23562,0.002137949716755007,0.7194898516683967,20.0,4.0,328.0
Zebrafish,subject_16,P,154,517,23562,0.0049081010258409455,1.5154027242439452,22.0,4.0,859.0
Zebrafish,subject_16,PO,154,517,23562,-0.0025332977635560204,-0.6226411678073708,25.0,3.0,535.0
Zebrafish,subject_16,PT,154,517,23562,-0.006081985806385338,-1.6422412469722742,24.0,3.0,325.0
Zebrafish,subject_16,PrT,154,517,23562,-0.004009709461683973,-1.046840045286344,26.0,3.0,337.0
Zebrafish,subject_16,Ra,154,517,23562,-0.0007412942916654969,-0.107767259548414,10.0,4.0,206.0
Zebrafish,subject_16,SP,154,517,23562,0.006990701966615848,2.113770362778332,28.0,4.0,819.0
Zebrafish,subject_16,T,154,517,23562,-0.004559318199633461,-1.2047522387391776,11.0,4.0,1081.0
Zebrafish,subject_16,TS,154,517,23562,-0.0012980754443804381,-0.2677402130833959,32.0,3.0,152.0
Zebrafish,subject_16,TeO,154,517,23562,0.00025439003387880694,0.17831024427714667,29.0,8.0,5996.0
Zebrafish,subject_16,Th,154,517,23562,-0.0033622316060060164,-0.8608083442917353,30.0,4.0,813.0
Zebrafish,subject_16,aRF,154,517,23562,-0.008157073285653835,-2.2384501367368967,12.0,2.0,284.0
Zebrafish,subject_16,imRF,154,517,23562,-0.0021916923641738537,-0.5244919678637432,13.0,2.0,422.0
Zebrafish,subject_16,pRF,154,517,23562,-0.002624263147385264,-0.648777111974392,14.0,3.0,707.0
Zebrafish,subject_16,rCb,154,517,23562,-0.0008848287228185586,-0.1490072095243691,37.0,4.0,1860.0
Zebrafish,subject_16,rHb,154,517,23562,-0.0021218196779449693,-0.5044163242595129,52.0,4.0,285.0
Zebrafish,subject_16,rMON,154,517,23562,-0.0001525337001362716,0.06139394551873036,36.0,5.0,1173.0
Zebrafish,subject_16,rMOS1,154,517,23562,0.004982278232292582,1.5367151317189116,38.0,3.0,1340.0
Zebrafish,subject_16,rMOS2,154,517,23562,0.0013392343343936594,0.49000496675961497,39.0,3.0,523.0
Zebrafish,subject_16,rMOS3,154,517,23562,0.0029987395499848895,0.966809810907695,40.0,3.0,1282.0
Zebrafish,subject_16,rMOS4,154,517,23562,-0.000727777220244845,-0.10388356875219905,41.0,5.0,1243.0
Zebrafish,subject_16,rMOS5,154,517,23562,0.002399422784873817,0.7946156327277186,42.0,4.0,1424.0
Zebrafish,subject_16,rNX,154,517,23562,-0.0021697127744935026,-0.5181768477101467,71.0,3.0,492.0
Zebrafish,subject_16,rP,154,517,23562,-0.001963680248430478,-0.45898010306845144,58.0,4.0,690.0
Zebrafish,subject_16,rPO,154,517,23562,0.0049372321396132035,1.5237726022241678,61.0,4.0,507.0
Zebrafish,subject_16,rPT,154,517,23562,-0.0023047903598258242,-0.5569869981195451,60.0,3.0,391.0
Zebrafish,subject_16,rPrT,154,517,23562,-0.006528894933727596,-1.7706460478784665,62.0,2.0,410.0
Zebrafish,subject_16,rRa,154,517,23562,-0.0009785621378763357,-0.17593845742777997,46.0,3.0,144.0
Zebrafish,subject_16,rSP,154,517,23562,0.005386357620425858,1.6528142002076462,64.0,4.0,613.0
Zebrafish,subject_16,rT,154,517,23562,-0.001740443607003718,-0.3948403154838093,47.0,4.0,1110.0
Zebrafish,subject_16,rTeO,154,517,23562,0.0025457086966873105,0.8366461311726681,65.0,6.0,6156.0
Zebrafish,subject_16,rTh,154,517,23562,0.0007475742704040454,0.32001069259356163,66.0,3.0,1079.0
Zebrafish,subject_16,rimRF,154,517,23562,-0.00022147749196410228,0.041585189506032356,49.0,3.0,280.0
Zebrafish,subject_16,rpRF,154,517,23562,-0.0012252186308814755,-0.24680717757430146,50.0,3.0,607.0
Zebrafish,subject_17,Cb,196,800,38220,0.0008776212003295832,0.4013084477620821,1.0,11.0,1615.0
Zebrafish,subject_17,Hb,196,800,38220,0.0015715853144899897,0.6520340044630814,16.0,4.0,385.0
Zebrafish,subject_17,Hi,196,800,38220,-0.007624326110071991,-2.670400058407555,17.0,2.0,72.0
Zebrafish,subject_17,MON,196,800,38220,-0.0009217140227577627,-0.2487818325488861,0.0,7.0,644.0
Zebrafish,subject_17,MOS1,196,800,38220,0.0055188293893909035,2.078152369836501,2.0,2.0,1166.0
Zebrafish,subject_17,MOS2,196,800,38220,0.00190819280669373,0.7736485075049523,3.0,2.0,310.0
Zebrafish,subject_17,MOS3,196,800,38220,0.002003354884623868,0.808030061938389,4.0,3.0,939.0
Zebrafish,subject_17,MOS4,196,800,38220,-0.0010956165226826133,-0.31161188415480434,5.0,3.0,582.0
Zebrafish,subject_17,MOS5,196,800,38220,-0.0009496678540928567,-0.25888140366560997,6.0,5.0,507.0
Zebrafish,subject_17,NX,196,800,38220,0.0007022330866366396,0.3379416517749384,35.0,3.0,165.0
Zebrafish,subject_17,OB,196,800,38220,-0.0009204923738241159,-0.248340457263433,20.0,4.0,136.0
Zebrafish,subject_17,P,196,800,38220,2.7601709632928085e-05,0.09420091055251882,22.0,4.0,802.0
Zebrafish,subject_17,PO,196,800,38220,-0.0038019167491778324,-1.2893838136283984,25.0,2.0,538.0
Zebrafish,subject_17,PT,196,800,38220,-0.005934053266137601,-2.0597134376955317,24.0,2.0,299.0
Zebrafish,subject_17,PrT,196,800,38220,-0.0009713795187619115,-0.26672571304699666,26.0,3.0,302.0
Zebrafish,subject_17,Ra,196,800,38220,-0.002106709816582164,-0.6769145328318437,10.0,2.0,147.0
Zebrafish,subject_17,SP,196,800,38220,0.0035133714603904132,1.3535910482508486,28.0,3.0,797.0
Zebrafish,subject_17,T,196,800,38220,-0.0004925982679736547,-0.09374458449524112,11.0,4.0,1014.0
Zebrafish,subject_17,TS,196,800,38220,-0.000838739515171863,-0.21880358269134767,32.0,4.0,242.0
Zebrafish,subject_17,TeO,196,800,38220,-0.000629628229324196,-0.14325278332465416,29.0,34.0,6831.0
Zebrafish,subject_17,Th,196,800,38220,-0.001487844624395893,-0.45332181864445287,30.0,3.0,508.0
Zebrafish,subject_17,aRF,196,800,38220,-0.007723428122808882,-2.70620509040652,12.0,2.0,128.0
Zebrafish,subject_17,imRF,196,800,38220,-0.0021863274366262946,-0.7056799570107648,13.0,2.0,273.0
Zebrafish,subject_17,pRF,196,800,38220,0.0014694729627774475,0.6151413529458625,14.0,3.0,504.0
Zebrafish,subject_17,rCb,196,800,38220,0.0008310116148774524,0.38446865155125515,37.0,6.0,1400.0
Zebrafish,subject_17,rHb,196,800,38220,0.004091549650010388,1.562483764036634,52.0,3.0,317.0
Zebrafish,subject_17,rHi,196,800,38220,-0.005467866815099379,-1.8912827435458286,53.0,2.0,111.0
Zebrafish,subject_17,rMON,196,800,38220,0.0008078335087521845,0.37609452464331916,36.0,8.0,696.0
Zebrafish,subject_17,rMOS1,196,800,38220,0.0022658762511261993,0.9028776403925538,38.0,3.0,1272.0
Zebrafish,subject_17,rMOS2,196,800,38220,0.0008427575366915881,0.3887123908537962,39.0,2.0,352.0
Zebrafish,subject_17,rMOS3,196,800,38220,0.0026541200619841806,1.0431480717114052,40.0,3.0,1132.0
Zebrafish,subject_17,rMOS4,196,800,38220,-0.0010696213211411482,-0.3022199556025276,41.0,4.0,739.0
Zebrafish,subject_17,rMOS5,196,800,38220,0.0010062911197974555,0.4477962077643206,42.0,6.0,535.0
Zebrafish,subject_17,rNX,196,800,38220,-0.001836817719473394,-0.579403948471634,71.0,3.0,393.0
Zebrafish,subject_17,rP,196,800,38220,0.0017056988952534075,0.7004885304420716,58.0,4.0,993.0
Zebrafish,subject_17,rPO,196,800,38220,-0.0003574095411674383,-0.04490161394885179,61.0,3.0,530.0
Zebrafish,subject_17,rPT,196,800,38220,0.0013534005527877124,0.5732050063560788,60.0,2.0,349.0
Zebrafish,subject_17,rPrT,196,800,38220,-0.001455562935919157,-0.44165861567844616,62.0,2.0,381.0
Zebrafish,subject_17,rRa,196,800,38220,-0.0009152129026187008,-0.24643301229610054,46.0,2.0,113.0
Zebrafish,subject_17,rSP,196,800,38220,0.004541877991354781,1.7251850071958907,64.0,4.0,788.0
Zebrafish,subject_17,rT,196,800,38220,0.0021154950340077252,0.8485457036107507,47.0,3.0,933.0
Zebrafish,subject_17,rTeO,196,800,38220,0.0006054526720820181,0.3029754008956427,65.0,13.0,5361.0
Zebrafish,subject_17,rTh,196,800,38220,-0.0004960412823682049,-0.09498852734932885,66.0,4.0,930.0
Zebrafish,subject_17,rimRF,196,800,38220,-0.002329122032508066,-0.7572708877459466,49.0,2.0,182.0
Zebrafish,subject_17,rpRF,196,800,38220,0.000707628538589891,0.3398909999718103,50.0,3.0,402.0
Zebrafish,subject_18,Cb,177,1000,31152,-0.00020907778362178202,-0.06902172475801184,1.0,12.0,1411.0
Zebrafish,subject_18,Hb,177,1000,31152,-0.00046643294228914273,-0.28922008729074733,16.0,4.0,196.0
Zebrafish,subject_18,MON,177,1000,31152,0.0006754229695857612,0.6877752966182438,0.0,9.0,482.0
Zebrafish,subject_18,MOS1,177,1000,31152,0.0010943255928538198,1.0461969897443528,2.0,4.0,496.0
Zebrafish,subject_18,MOS2,177,1000,31152,-0.002905374703104273,-2.3760287793144923,3.0,1.0,31.0
Zebrafish,subject_18,MOS3,177,1000,31152,0.0009970815172718158,0.9629929602621081,4.0,4.0,549.0
Zebrafish,subject_18,MOS4,177,1000,31152,-4.729802535301631e-05,0.06940036107151144,5.0,4.0,152.0
Zebrafish,subject_18,MOS5,177,1000,31152,-0.00028709737706983954,-0.13577689225375025,6.0,7.0,389.0
Zebrafish,subject_18,P,177,1000,31152,0.00020954465775608737,0.2891602389849738,22.0,5.0,713.0
Zebrafish,subject_18,PO,177,1000,31152,-0.00035128728264363385,-0.19069909459728168,25.0,5.0,246.0
Zebrafish,subject_18,PrT,177,1000,31152,-0.0007832209442783473,-0.5602704119442422,26.0,4.0,163.0
Zebrafish,subject_18,Ra,177,1000,31152,-0.0014364605668178104,-1.119195657389244,10.0,3.0,125.0
Zebrafish,subject_18,SP,177,1000,31152,-0.00015760225480602574,-0.024978204455445137,28.0,4.0,479.0
Zebrafish,subject_18,T,177,1000,31152,-0.001808942790854938,-1.4378991029709987,11.0,5.0,267.0
Zebrafish,subject_18,TeO,177,1000,31152,-0.00015633847732206854,-0.023896890468913384,29.0,14.0,5432.0
Zebrafish,subject_18,Th,177,1000,31152,-0.0005281972267928167,-0.34206687839896033,30.0,4.0,223.0
Zebrafish,subject_18,pRF,177,1000,31152,0.0014160253255845409,1.3214498921588071,14.0,3.0,303.0
Zebrafish,subject_18,rCb,177,1000,31152,-0.0005370688982034451,-0.34965766277516885,37.0,8.0,1221.0
Zebrafish,subject_18,rHb,177,1000,31152,-0.000988559346136103,-0.7359621683803687,52.0,3.0,144.0
Zebrafish,subject_18,rMON,177,1000,31152,-0.0005826598470665156,-0.38866621553916286,36.0,8.0,434.0
Zebrafish,subject_18,rMOS1,177,1000,31152,-0.00011699703890394234,0.00976445272782792,38.0,6.0,680.0
Zebrafish,subject_18,rMOS2,177,1000,31152,-0.0005946118131713938,-0.39889256335736467,39.0,1.0,63.0
Zebrafish,subject_18,rMOS3,177,1000,31152,0.0007567380548806528,0.7573501546621355,40.0,6.0,576.0
Zebrafish,subject_18,rMOS4,177,1000,31152,-0.0022564158138899315,-1.8207662172736705,41.0,4.0,258.0
Zebrafish,subject_18,rMOS5,177,1000,31152,-5.839592113953271e-05,0.059904773369271275,42.0,6.0,345.0
Zebrafish,subject_18,rNX,177,1000,31152,-0.00010477691973646211,0.020220237817071253,71.0,1.0,31.0
Zebrafish,subject_18,rP,177,1000,31152,0.0014882675162839088,1.3832617951342572,58.0,5.0,880.0
Zebrafish,subject_18,rPO,177,1000,31152,0.0018701830217835599,1.7100365501939883,61.0,5.0,424.0
Zebrafish,subject_18,rPT,177,1000,31152,-0.0014571991600064171,-1.1369400239098555,60.0,3.0,258.0
Zebrafish,subject_18,rPrT,177,1000,31152,-0.0015789233855280599,-1.241089772759753,62.0,4.0,314.0
Zebrafish,subject_18,rSP,177,1000,31152,0.0019465348096605346,1.7753647089688716,64.0,4.0,556.0
Zebrafish,subject_18,rT,177,1000,31152,-0.0011833697684468123,-0.9026459691608086,47.0,4.0,359.0
Zebrafish,subject_18,rTeO,177,1000,31152,0.0015250262800435678,1.4147133488179608,65.0,11.0,4204.0
Zebrafish,subject_18,rTh,177,1000,31152,0.00044796743332602455,0.4931596654696329,66.0,4.0,997.0
Zebrafish,subject_18,rpRF,177,1000,31152,0.0016748702057235744,1.5429228909972257,50.0,2.0,157.0
