species,recording_id,node,n_nodes_recording,n_time,n_surrogates,fdr_q,ThresholdedNetTE,ThresholdedNetTE_z,sig_te_out_strength,sig_te_in_strength,sig_te_out_count,sig_te_in_count
C. elegans,2023-01-06-01,URADL,65,802,1000,0.05,-0.0009819325770419,-0.1334000283181595,0.0,0.0628436849306859,0,1
C. elegans,2023-01-06-01,IL2L,65,802,1000,0.05,0.0,0.0,0.0,0.0,0,0
C. elegans,2023-01-06-01,RMED,65,802,1000,0.05,-0.0038437029274682,-0.5221846095742069,0.5453497327219479,0.7913467200799147,8,11
C. elegans,2023-01-06-01,ADEL,65,802,1000,0.05,0.0018202313752032,0.2472867513258337,0.1844721973526026,0.0679773893395965,3,1
C. elegans,2023-01-06-01,URYDR,65,802,1000,0.05,0.0035379564076227,0.4806475474997097,0.5824177474571051,0.3559885373692477,8,5
C. elegans,2023-01-06-01,OLLR,65,802,1000,0.05,0.0009414030881975,0.1278939120267021,0.6396195816874584,0.579369784042814,9,8
C. elegans,2023-01-06-01,AIZL,65,802,1000,0.05,0.0029386548376599,0.3992296902319622,0.2456138261864957,0.0575399165762573,4,1
C. elegans,2023-01-06-01,ASKL,65,802,1000,0.05,0.0018789435887838,0.2552630738732294,0.1202523896821685,0.0,2,0
C. elegans,2023-01-06-01,URADR,65,802,1000,0.05,0.0010345225270124,0.1405446133735227,0.0662094417287946,0.0,1,0
C. elegans,2023-01-06-01,IL2DL,65,802,1000,0.05,-0.0002869400814287,-0.0389821214645074,0.047325127585128,0.0656892927965664,1,1
C. elegans,2023-01-06-01,URBL,65,802,1000,0.05,-0.0072962581978243,-0.9912300222673815,0.2306057496031024,0.6975662742638633,4,10
C. elegans,2023-01-06-01,FLPL,65,802,1000,0.05,-0.0021057114500372,-0.2860705242217833,0.0,0.1347655328023842,0,2
C. elegans,2023-01-06-01,CEPDR,65,802,1000,0.05,0.0051904331521869,0.7051440655641453,0.481114612108942,0.148926890368978,8,2
C. elegans,2023-01-06-01,ASKR,65,802,1000,0.05,7.161846406753686e-05,0.0097296956614814,0.124793946994969,0.1202103652946466,2,2
C. elegans,2023-01-06-01,IL1VR,65,802,1000,0.05,0.0022305260997938,0.3030271648316865,0.2644362259493173,0.1216825555625082,4,2
C. elegans,2023-01-06-01,RIVL,65,802,1000,0.05,0.0015922869585383,0.2163194605474138,0.4855016820994655,0.3835953167530119,8,6
C. elegans,2023-01-06-01,AVAR,65,802,1000,0.05,-0.0201865320729173,-2.7424326406246897,0.6019268451466262,1.8938648978133368,9,18
C. elegans,2023-01-06-01,RMDL,65,802,1000,0.05,-0.0059406567024309,-0.8070653636119092,0.4123670332667775,0.7925690622223591,6,11
C. elegans,2023-01-06-01,SMDVL,65,802,1000,0.05,0.0021899741518629,0.2975179973706796,0.6237007901516352,0.4835424444324054,9,8
C. elegans,2023-01-06-01,SAAVL,65,802,1000,0.05,0.0017874605845871,0.2428346896482754,0.1721411036654925,0.0577436262519159,3,1
C. elegans,2023-01-06-01,CEPDL,65,802,1000,0.05,-0.015452412108497,-2.099280807107056,0.5619270860190388,1.5508814609628478,9,19
C. elegans,2023-01-06-01,RID,65,802,1000,0.05,-0.0138914771980467,-1.8872206655806916,1.045621070947928,1.934675611622921,14,25
C. elegans,2023-01-06-01,RIH,65,802,1000,0.05,-0.0001394924895774,-0.0189506922316976,0.1304390033653808,0.1393665226983365,2,2
C. elegans,2023-01-06-01,AINL,65,802,1000,0.05,-0.0110840303601727,-1.5058161817796525,0.1829510277037593,0.8923289707548179,3,13
C. elegans,2023-01-06-01,OLQDL,65,802,1000,0.05,0.0040532201191445,0.5506484776199775,0.7529769557753747,0.4935708681501216,11,8
C. elegans,2023-01-06-01,IL1L,65,802,1000,0.05,0.0008638030842472,0.1173515968347034,0.1813964197157118,0.1261130223238908,3,2
C. elegans,2023-01-06-01,RICL,65,802,1000,0.05,-0.0062337152631532,-0.8468787084517317,0.0464341476632661,0.4453919245050719,1,7
C. elegans,2023-01-06-01,AUAL,65,802,1000,0.05,0.0072822047215993,0.9893207932935998,0.5261222163895236,0.0600611142071652,9,1
C. elegans,2023-01-06-01,AVDL,65,802,1000,0.05,-0.002482421995838,-0.3372483735492338,0.1220940967510628,0.2809691044846949,2,4
C. elegans,2023-01-06-01,AIBL,65,802,1000,0.05,0.0047633331505597,0.6471205783677123,1.7107991497566195,1.4059458281207968,20,21
C. elegans,2023-01-06-01,SMDVR,65,802,1000,0.05,0.0088395925365917,1.2008990456907265,0.760566367231164,0.1948324448892902,12,3
C. elegans,2023-01-06-01,IL1R,65,802,1000,0.05,-0.0020672196089826,-0.2808412316952338,0.0681291374024706,0.2004311923773607,1,3
C. elegans,2023-01-06-01,URXR,65,802,1000,0.05,-0.0009951851157474,-0.1352004462693908,0.2058068169587965,0.2694986643666364,3,4
C. elegans,2023-01-06-01,URAVL,65,802,1000,0.05,0.0027488224677083,0.3734400951830412,1.3972588169169913,1.2213341789836596,17,17
C. elegans,2023-01-06-01,ASEL,65,802,1000,0.05,0.0037965282567187,0.5157757149504657,0.9114425442256936,0.6684647357956934,13,10
C. elegans,2023-01-06-01,AVAL,65,802,1000,0.05,-0.0119623578318778,-1.625140983031321,1.0240376179817914,1.7896285192219734,13,23
C. elegans,2023-01-06-01,AVER,65,802,1000,0.05,0.0120529396720396,1.6374469400035403,1.76194452702397,0.9905563880134308,19,14
C. elegans,2023-01-06-01,CEPVL,65,802,1000,0.05,0.0025235738230292,0.3428390373493802,0.3005635022447435,0.1390547775708732,5,2
C. elegans,2023-01-06-01,RMGL,65,802,1000,0.05,0.000863123821864,0.1172593159355141,0.1751214607648918,0.1198815361655949,3,2
C. elegans,2023-01-06-01,RMDVR,65,802,1000,0.05,0.0057576473981393,0.7822027132163629,0.4899805285361966,0.1214910950552803,8,2
C. elegans,2023-01-06-01,RMDVL,65,802,1000,0.05,0.0010954387005002,0.1488203539470625,0.202456132524206,0.1323480556921921,3,2
C. elegans,2023-01-06-01,RMEL,65,802,1000,0.05,-0.0138654467748739,-1.883684313625811,0.8865613944532735,1.7739499880452083,12,22
C. elegans,2023-01-06-01,RMER,65,802,1000,0.05,0.0077441374219553,1.0520764618082423,0.9613269410142946,0.4657021460091521,13,7
C. elegans,2023-01-06-01,AVEL,65,802,1000,0.05,-0.0012445771790643,-0.1690814978676741,1.4266799226594404,1.5063328621195595,16,22
C. elegans,2023-01-06-01,RMDDR,65,802,1000,0.05,-0.0034167761156416,-0.464184651003723,0.1178559187598407,0.3365295901609086,2,5
C. elegans,2023-01-06-01,SMBVR,65,802,1000,0.05,0.0063330094924867,0.8603682833111687,0.9316897407848868,0.5263771332657328,13,7
C. elegans,2023-01-06-01,RMDDL,65,802,1000,0.05,0.0086709859293141,1.177993067509191,0.6225125373128417,0.067569437836735,9,1
C. elegans,2023-01-06-01,IL1VL,65,802,1000,0.05,0.0009641627554797,0.1309859168455071,0.2432976200319019,0.1815912036811977,4,3
C. elegans,2023-01-06-01,ADAL,65,802,1000,0.05,0.0009804071606708,0.1331927935325315,0.0627460582829342,0.0,1,0
C. elegans,2023-01-06-01,IL2DR,65,802,1000,0.05,0.0,0.0,0.0,0.0,0,0
C. elegans,2023-01-06-01,URYVR,65,802,1000,0.05,-0.0150284215051453,-2.041679745877241,0.418236998053406,1.3800559743827092,6,18
C. elegans,2023-01-06-01,AWBL,65,802,1000,0.05,-0.0009617745715089,-0.1306614711383522,0.0,0.0615535725765714,0,1
C. elegans,2023-01-06-01,OLQDR,65,802,1000,0.05,0.0014967423254249,0.203339285471272,0.8057084529387217,0.7099169441115238,11,11
C. elegans,2023-01-06-01,IL1DL,65,802,1000,0.05,-0.0043859408305845,-0.5958501069027491,0.127552550877565,0.4082527640349749,2,6
C. elegans,2023-01-06-01,OLQVL,65,802,1000,0.05,-0.0062114047144541,-0.8438477184450536,0.2479595932446852,0.6454894949697523,4,10
C. elegans,2023-01-06-01,RMDR,65,802,1000,0.05,-0.0011639203769484,-0.1581239026744021,0.5315787359702631,0.6060696400949652,8,9
C. elegans,2023-01-06-01,ASHL,65,802,1000,0.05,0.0087554530865256,1.1894683168566644,0.6372310922550093,0.0768820947173689,10,1
C. elegans,2023-01-06-01,RIAR,65,802,1000,0.05,-0.0002029610051537,-0.0275731801429323,0.0497565539530944,0.0627460582829342,1,1
C. elegans,2023-01-06-01,OLLL,65,802,1000,0.05,0.0071543395294436,0.971949722556883,0.8887120674128948,0.4308343375285037,13,6
C. elegans,2023-01-06-01,IL1DR,65,802,1000,0.05,-0.0054895863216702,-0.7457853908583528,0.0633645961675011,0.4146981207543976,1,6
C. elegans,2023-01-06-01,AWCL,65,802,1000,0.05,0.019838423032731,2.6951404365524327,1.653762331915949,0.3841032578211645,20,6
C. elegans,2023-01-06-01,URXL,65,802,1000,0.05,0.0216894721544344,2.9466139195866883,1.635504182845282,0.2473779649614762,21,4
C. elegans,2023-01-06-01,AVJL,65,802,1000,0.05,0.0049679556565128,0.6749194809877995,1.0208956173059174,0.7029464552890938,12,10
C. elegans,2023-01-06-01,AWAR,65,802,1000,0.05,-0.002492765484243,-0.3386535837219134,0.5819312735684856,0.7414682645600421,9,10
C. elegans,2023-01-06-01,CEPVR,65,802,1000,0.05,-0.0090357066723075,-1.2275420473282592,0.1850702736406946,0.7633555006683781,3,11
C. elegans,2023-01-05-01,AVER,68,802,1000,0.05,0.0118423039527506,0.7501705084717605,2.7592668169965,1.9658324521622064,30,31
C. elegans,2023-01-05-01,RIH,68,802,1000,0.05,-0.0081486500721311,-0.5161898387643717,0.3883902225888858,0.9343497774216698,7,14
C. elegans,2023-01-05-01,URYVL,68,802,1000,0.05,-0.0056246796789735,-0.3563047217502229,1.5097429139605714,1.8865964524518009,23,26
C. elegans,2023-01-05-01,RMDDR,68,802,1000,0.05,-0.0094349950216018,-0.5976755064743645,0.2924274633798611,0.9245721298271872,5,13
C. elegans,2023-01-05-01,RMDL,68,802,1000,0.05,0.022453403146929,1.4223482966539445,3.2361532807502438,1.731775269906,34,30
C. elegans,2023-01-05-01,RIBL,68,802,1000,0.05,0.0457655488036335,2.899095070814877,4.28806852984483,1.221776760001383,40,22
C. elegans,2023-01-05-01,SMDVL,68,802,1000,0.05,0.0121854845761239,0.7719098578214123,1.936566996160884,1.120139529560579,28,15
C. elegans,2023-01-05-01,IL2VR,68,802,1000,0.05,-0.0211968655429063,-1.3427508249892646,0.4198826684627916,1.840072659837514,7,25
C. elegans,2023-01-05-01,RMED,68,802,1000,0.05,0.0064441372927941,0.4082146319571871,2.28893322287156,1.8571760242543496,32,26
C. elegans,2023-01-05-01,URXL,68,802,1000,0.05,0.0118599711719634,0.7512896679590572,1.9669839441655963,1.1723658756440432,26,16
C. elegans,2023-01-05-01,ADEL,68,802,1000,0.05,0.0062345061554805,0.3949351976935873,0.4177119124171935,0.0,7,0
C. elegans,2023-01-05-01,RMDDL,68,802,1000,0.05,0.0016297268709164,0.103237768621999,0.842241920620856,0.7330502202694564,16,11
C. elegans,2023-01-05-01,ASKR,68,802,1000,0.05,-0.0036079362758223,-0.2285507449704214,0.0715540417717481,0.3132857722518425,1,5
C. elegans,2023-01-05-01,AUAL,68,802,1000,0.05,-0.0163431021385082,-1.035281081296935,1.3014070008654053,2.396394844145459,18,29
C. elegans,2023-01-05-01,AVAR,68,802,1000,0.05,-0.0098344623917919,-0.6229804337426549,1.9313126106065712,2.5902215908566304,25,32
C. elegans,2023-01-05-01,AIZL,68,802,1000,0.05,-0.007686607929046,-0.4869210080709162,1.0335533682622349,1.5485560995083203,17,20
C. elegans,2023-01-05-01,RIVR,68,802,1000,0.05,0.0141566934053981,0.8967793710226137,1.27375193882928,0.3252534806676048,20,5
C. elegans,2023-01-05-01,RID,68,802,1000,0.05,0.0296161245550323,1.8760828386988968,3.0247347090619545,1.0404543638747876,33,14
C. elegans,2023-01-05-01,RMDVL,68,802,1000,0.05,0.0138260769428635,0.8758359194106423,1.6047440047120447,0.6783968495401855,22,11
C. elegans,2023-01-05-01,IL2DR,68,802,1000,0.05,-0.0002798253104581,-0.0177260013142065,0.1788917598996171,0.1976400557003161,3,3
C. elegans,2023-01-05-01,SMDVR,68,802,1000,0.05,0.0100828777309558,0.6387167180025684,1.4482866751854049,0.7727338672113633,22,12
C. elegans,2023-01-05-01,AIBR,68,802,1000,0.05,0.0219660414532095,1.391475556767692,3.097249774535592,1.625524997170554,33,25
C. elegans,2023-01-05-01,IL1DL,68,802,1000,0.05,-0.0045156050251168,-0.2860485367767225,0.2050334807213172,0.5075790174041441,3,8
C. elegans,2023-01-05-01,RICL,68,802,1000,0.05,-0.0023173092657055,-0.1467938229821291,0.1572026500157335,0.3124623708180047,3,5
C. elegans,2023-01-05-01,RICR,68,802,1000,0.05,-0.0010579013840326,-0.0670145287892559,0.0500149472992825,0.1208943400294679,1,2
C. elegans,2023-01-05-01,IL1VL,68,802,1000,0.05,0.0017534685060822,0.1110763890240612,0.1765373151066134,0.0590549251991054,3,1
C. elegans,2023-01-05-01,ALA,68,802,1000,0.05,0.0165148436832632,1.046160336082877,1.552443273895593,0.4459487471169576,26,7
C. elegans,2023-01-05-01,AVJL,68,802,1000,0.05,-0.0144101523140053,-0.9128351486065364,0.2868057054429824,1.252285910481341,5,19
C. elegans,2023-01-05-01,URXR,68,802,1000,0.05,0.0341941137836944,2.1660832069672717,2.7957124169475027,0.5047067934399729,35,8
C. elegans,2023-01-05-01,URYDR,68,802,1000,0.05,-0.0030493400483679,-0.1931655346556242,0.115469498484773,0.319775281725426,2,5
C. elegans,2023-01-05-01,CEPDL,68,802,1000,0.05,-0.0024494465255182,-0.1551642782395923,2.2080012959772857,2.3721142131870097,32,25
C. elegans,2023-01-05-01,RIMR,68,802,1000,0.05,-0.0226904911144549,-1.4373670296522778,1.2412604363989623,2.761523341067444,17,35
C. elegans,2023-01-05-01,AVJR,68,802,1000,0.05,0.0016492116221656,0.1044720627095701,0.2283249546501751,0.1178277759650754,4,2
C. elegans,2023-01-05-01,RIML,68,802,1000,0.05,-0.0216745265259705,-1.3730090571687548,1.8567494610200064,3.308942738260033,24,35
C. elegans,2023-01-05-01,OLLR,68,802,1000,0.05,0.0404492480142859,2.5623251245066374,3.767330724538151,1.0572311075809917,38,18
C. elegans,2023-01-05-01,OLQDR,68,802,1000,0.05,0.0013437297886066,0.0851208061192802,0.2011846562672343,0.1111547604305913,3,2
C. elegans,2023-01-05-01,AWCL,68,802,1000,0.05,-0.001575084341888,-0.099776346423333,0.2361355335177597,0.3416661844242581,4,5
C. elegans,2023-01-05-01,AVEL,68,802,1000,0.05,0.004878725414243,0.3090510038670908,2.5300526245467463,2.2031780217924624,29,30
C. elegans,2023-01-05-01,AVHL,68,802,1000,0.05,0.0036083634327851,0.2285778039411493,0.6419641303867536,0.4002037803901492,13,6
C. elegans,2023-01-05-01,URYDL,68,802,1000,0.05,-0.0230812506080503,-1.4621203419443982,0.4003945977613208,1.946838388500696,6,24
C. elegans,2023-01-05-01,RIVL,68,802,1000,0.05,0.0185274629704541,1.1736530638540996,1.857262114605513,0.6159220955850842,28,8
C. elegans,2023-01-05-01,RIR,68,802,1000,0.05,0.000663155253324,0.0420086763155802,0.3239020361536888,0.2794706341809778,6,4
C. elegans,2023-01-05-01,OLQVL,68,802,1000,0.05,0.0013513814468764,0.0856055131828586,0.3555496862090614,0.2650071292683389,6,4
C. elegans,2023-01-05-01,OLQDL,68,802,1000,0.05,0.0008290300181805,0.052516290137311,1.2234260459568858,1.167881034738787,19,18
C. elegans,2023-01-05-01,IL2VR,68,802,1000,0.05,-0.0212303129007986,-1.3448696036979697,0.3607165109166868,1.783147475270193,6,24
C. elegans,2023-01-05-01,RMEL,68,802,1000,0.05,0.025768741005572,1.6323639065468392,2.9568296377262246,1.2303239903528942,36,21
C. elegans,2023-01-05-01,RIAR,68,802,1000,0.05,-0.0099930657540086,-0.6330274284283294,0.4455282417799431,1.1150636472985207,7,17
C. elegans,2023-01-05-01,AIZR,68,802,1000,0.05,6.374591489526714e-05,0.0040380913697856,0.2344033780032206,0.2301324017052377,4,4
C. elegans,2023-01-05-01,AWAL,68,802,1000,0.05,-0.011521977978753,-0.7298789250307948,0.1332318032300747,0.9052043278065268,3,13
C. elegans,2023-01-05-01,AIBL,68,802,1000,0.05,-0.0096317984837126,-0.6101423502430819,1.8358572604183536,2.4811877588270987,25,29
C. elegans,2023-01-05-01,ADER,68,802,1000,0.05,0.0031353570532986,0.1986144253937415,0.3903365738960884,0.1802676513250758,7,3
C. elegans,2023-01-05-01,OLLL,68,802,1000,0.05,-0.0097567122451174,-0.6180552209380135,0.1555764571578857,0.8092761775807551,3,14
C. elegans,2023-01-05-01,AVDL,68,802,1000,0.05,0.0105306387984624,0.6670808901286602,1.91239978484294,1.2068469853459534,30,18
C. elegans,2023-01-05-01,FLPL,68,802,1000,0.05,0.0061338569702353,0.3885594070726196,1.0939347593570434,0.6829663423512726,18,10
C. elegans,2023-01-05-01,ASGL,68,802,1000,0.05,-0.0160539487429139,-1.0169641768613804,0.9319864613752732,2.007601027150508,16,29
C. elegans,2023-01-05-01,IL1DR,68,802,1000,0.05,0.0053957093607163,0.3418002147930233,0.4889103583788947,0.1273978312108976,8,2
C. elegans,2023-01-05-01,IL1L,68,802,1000,0.05,-0.0172134107434923,-1.0904122324085097,0.353625288367553,1.5069238081815437,6,21
C. elegans,2023-01-05-01,RIAL,68,802,1000,0.05,-0.0063452687243097,-0.4019516374767428,0.2562930449376042,0.6814260494663595,4,10
C. elegans,2023-01-05-01,ADAL,68,802,1000,0.05,0.0130366178813308,0.8258263175653785,0.9342000659594834,0.0607466679103176,16,1
C. elegans,2023-01-05-01,AVDR,68,802,1000,0.05,0.0023803871952527,0.1507895997051883,0.2825552103015223,0.1230692682195866,5,2
C. elegans,2023-01-05-01,IL1VR,68,802,1000,0.05,-0.0140628886899012,-0.890837154761138,0.8085082894624214,1.7507218316858029,15,26
C. elegans,2023-01-05-01,ASKL,68,802,1000,0.05,-0.0039934105692832,-0.2529692574391249,0.0582383605630503,0.3257968687050305,1,5
C. elegans,2023-01-05-01,CEPVL,68,802,1000,0.05,-0.0353158560015027,-2.23714183992121,0.1988882953798949,2.5650506474805805,4,28
C. elegans,2023-01-05-01,AVAL,68,802,1000,0.05,-0.0380006375146313,-2.4072138057206884,1.1677186791132614,3.71376139259356,18,38
C. elegans,2023-01-05-01,AWBL,68,802,1000,0.05,-0.0108518760044643,-0.68743019708176,0.94009800040652,1.6671736927056284,16,25
C. elegans,2023-01-05-01,IL1R,68,802,1000,0.05,-0.0098095091188843,-0.621399727023775,1.3672614845405344,2.024498595505784,22,26
C. elegans,2023-01-05-01,OLQVR,68,802,1000,0.05,0.0001892288618831,0.0119870180754368,0.2768560390276384,0.2641777052814653,4,4
C. elegans,2023-01-05-01,CEPDR,68,802,1000,0.05,-0.007701008047536,-0.4878332076101963,1.2775378993290056,1.7935054385139226,19,23
C. elegans,2023-01-05-18,AVAL,69,802,1000,0.05,-0.0133212877722394,-3.041002995380336,0.1653038845700472,1.0711514530823298,2,14
C. elegans,2023-01-05-18,URAVL,69,802,1000,0.05,-0.0020285076946796,-0.4630706941507653,0.0,0.1379385232382195,0,2
C. elegans,2023-01-05-18,AVDR,69,802,1000,0.05,-0.002033342310014,-0.4641743471882587,0.126691655386927,0.2649589324678798,2,4
C. elegans,2023-01-05-18,IL2DR,69,802,1000,0.05,0.003049504958176,0.6961454380984037,0.3511855588083055,0.1438192216523344,5,2
C. elegans,2023-01-05-18,RMDL,69,802,1000,0.05,0.0026049173087373,0.5946543212658708,0.2366886736042808,0.0595542966101403,3,1
C. elegans,2023-01-05-18,OLQVL,69,802,1000,0.05,0.0083570571008633,1.9077611797600016,0.8390622967960888,0.2707824139373795,9,4
C. elegans,2023-01-05-18,CEPVL,69,802,1000,0.05,-0.0073502460503536,-1.6779248851967723,0.4411147242899376,0.9409314557139884,6,11
C. elegans,2023-01-05-18,AWAL,69,802,1000,0.05,0.0011783191630714,0.2689884165614597,0.140450864915667,0.0603251618268108,2,1
C. elegans,2023-01-05-18,URBL,69,802,1000,0.05,0.0024801901331526,0.5661814197683919,0.7962048833825617,0.627551954328184,11,8
C. elegans,2023-01-05-18,URBR,69,802,1000,0.05,-0.0060204971306121,-1.3743678629947114,0.0749616339610668,0.484355438842694,1,7
C. elegans,2023-01-05-18,FLPL,69,802,1000,0.05,0.0019124605267684,0.4365792774606322,0.2616512855341089,0.1316039697138555,4,2
C. elegans,2023-01-05-18,ADLL,69,802,1000,0.05,0.0082844364290209,1.8911832269092583,0.5633416771734239,0.0,8,0
C. elegans,2023-01-05-18,RIAL,69,802,1000,0.05,-0.002813448292461,-0.6422580782731109,0.1387606858863304,0.3300751697736785,2,5
C. elegans,2023-01-05-18,RIVL,69,802,1000,0.05,0.0002219827841143,0.0506745536134474,0.2039050877579016,0.1888102584381279,2,2
C. elegans,2023-01-05-18,IL2VR,69,802,1000,0.05,-0.0021562186722069,-0.4922247423061258,0.1933033038380149,0.3399261735480867,3,5
C. elegans,2023-01-05-18,AVAR,69,802,1000,0.05,0.0008584198310472,0.1959613306266465,0.4258542072408486,0.3674816587296368,5,5
C. elegans,2023-01-05-18,AIZR,69,802,1000,0.05,-0.0037858546857127,-0.8642404275147532,0.0,0.2574381186284697,0,4
C. elegans,2023-01-05-18,URADR,69,802,1000,0.05,0.0023778958010963,0.5428295204991866,0.436702785598456,0.275005871123902,6,4
C. elegans,2023-01-05-18,CEPDL,69,802,1000,0.05,-0.0045159978045796,-1.0309185632545674,0.0652102853343086,0.3722981360457247,1,5
C. elegans,2023-01-05-18,AINR,69,802,1000,0.05,-0.0032725493068609,-0.7470623272198051,0.2025370141884708,0.4250703670550142,3,6
C. elegans,2023-01-05-18,RMER,69,802,1000,0.05,-0.0008883148074991,-0.2027857994386232,0.4418280756424293,0.5022334825523695,6,7
C. elegans,2023-01-05-18,OLLL,69,802,1000,0.05,-0.0054383137974255,-1.2414662028586476,0.171746950854871,0.5415522890798115,2,7
C. elegans,2023-01-05-18,AVJR,69,802,1000,0.05,0.0010569608982475,0.2412845749244291,0.345339020294503,0.2734656792136674,5,4
C. elegans,2023-01-05-18,OLLR,69,802,1000,0.05,-0.0054807146989092,-1.2511455424707856,0.2428450620238287,0.6155336615496556,3,8
C. elegans,2023-01-05-18,URYDL,69,802,1000,0.05,0.0045520274837215,1.0391434709411558,0.4522633853299034,0.1427255164368372,6,2
C. elegans,2023-01-05-18,IL2VL,69,802,1000,0.05,-0.0048859811622113,-1.1153789035786927,0.3406724205365412,0.6729191395669147,5,9
C. elegans,2023-01-05-18,ASEL,69,802,1000,0.05,-6.543500988924232e-05,-0.0149375994632143,0.1248168392041422,0.1292664198766107,2,2
C. elegans,2023-01-05-18,ADER,69,802,1000,0.05,-0.0011162557487473,-0.254820489849716,0.1952360961514756,0.2711414870662927,3,4
C. elegans,2023-01-05-18,CEPDR,69,802,1000,0.05,-0.0012487454842339,-0.28506543983958,0.0,0.0849146929279074,0,1
C. elegans,2023-01-05-18,IL1L,69,802,1000,0.05,0.0056118662496882,1.2810850097045048,0.839745496882851,0.4581385919040479,10,6
C. elegans,2023-01-05-18,URXL,69,802,1000,0.05,-0.0014912728220467,-0.3404299341257427,0.2268494978746758,0.3282560497738567,3,4
C. elegans,2023-01-05-18,OLQDL,69,802,1000,0.05,-3.169425428347704e-05,-0.007235210578759,0.8111338321087853,0.8132890414000618,10,10
C. elegans,2023-01-05-18,IL2R,69,802,1000,0.05,0.0045707801486699,1.0434243566373804,0.4463346109378254,0.1355215608282676,6,2
C. elegans,2023-01-05-18,AVER,69,802,1000,0.05,-0.0049067238011626,-1.120114063441714,0.4497393752691669,0.7833965937482259,6,10
C. elegans,2023-01-05-18,IL1DR,69,802,1000,0.05,-0.0031050421404141,-0.7088235470341726,0.1378046023534036,0.3489474679015685,2,5
C. elegans,2023-01-05-18,OLQDR,69,802,1000,0.05,0.0003059633669484,0.0698457635083871,0.443435807545355,0.4226302985928578,6,5
C. elegans,2023-01-05-18,AVJL,69,802,1000,0.05,-0.0031796465498044,-0.7258543503846707,0.1266227740309977,0.3428387394177012,2,5
C. elegans,2023-01-05-18,AVEL,69,802,1000,0.05,-0.0049942704457124,-1.140099339104505,0.2940591717452783,0.6336695620537265,4,8
C. elegans,2023-01-05-18,URYDR,69,802,1000,0.05,0.0040919419727803,0.9341144796885996,0.3469881873032538,0.0687361331541902,5,1
C. elegans,2023-01-05-18,URADL,69,802,1000,0.05,-0.002245129690256,-0.5125214791406214,0.2432845267326997,0.3959533456701125,4,6
C. elegans,2023-01-05-18,AVBL,69,802,1000,0.05,0.0133800336168886,3.054413582449613,1.2197923620744473,0.3099500761260159,15,5
C. elegans,2023-01-05-18,IL1DL,69,802,1000,0.05,0.0098251007647068,2.2428883277824667,1.1874478411383844,0.5193409891383185,17,7
C. elegans,2023-01-05-18,AWCL,69,802,1000,0.05,7.474438068870845e-05,0.0170627562025858,0.2011227955122256,0.1960401776253935,3,3
C. elegans,2023-01-05-18,AIBR,69,802,1000,0.05,0.0011016114604396,0.2514774703631419,0.5996580241993916,0.5247484448894966,8,7
C. elegans,2023-01-05-18,IL2DL,69,802,1000,0.05,0.0069869361839801,1.5949879791871708,0.6166039570026003,0.1414922964919482,9,2
C. elegans,2023-01-05-18,IL2L,69,802,1000,0.05,0.0089935822310496,2.0530680645467165,0.6115635917113793,0.0,8,0
C. elegans,2023-01-05-18,RICL,69,802,1000,0.05,-0.0061008766094745,-1.3927170076244877,0.0698156864419488,0.4846752958862197,1,7
C. elegans,2023-01-05-18,RIAR,69,802,1000,0.05,-0.0022416828625267,-0.5117346322810145,0.0641465899748983,0.2165810246267154,1,3
C. elegans,2023-01-05-18,ASGL,69,802,1000,0.05,-0.0026338134168475,-0.6012507669564232,0.0683205869365313,0.2474198992821619,1,4
C. elegans,2023-01-05-18,ADLR,69,802,1000,0.05,0.0018208133676833,0.4156579303610908,0.2567263179311165,0.1329110089286502,4,2
C. elegans,2023-01-05-18,URXR,69,802,1000,0.05,-0.00146776709925,-0.3350640134538459,0.2233273255658603,0.3231354883148656,3,4
C. elegans,2023-01-05-18,SMDVL,69,802,1000,0.05,0.0017641335091652,0.4027189696181009,0.3175938315070938,0.1976327528838539,4,3
C. elegans,2023-01-05-18,RMDVL,69,802,1000,0.05,0.0018313525251252,0.4180638245882538,0.4158917413745002,0.2913597696659846,6,4
C. elegans,2023-01-05-18,RID,69,802,1000,0.05,0.0012211381118963,0.2787631886301845,0.1564593328521066,0.0734219412431578,2,1
C. elegans,2023-01-05-18,AWBL,69,802,1000,0.05,0.0043061320106344,0.9830100938237674,0.6886284594850283,0.3958114827618857,9,5
C. elegans,2023-01-05-18,AUAL,69,802,1000,0.05,-0.0030434005421619,-0.6947519131103249,0.1216850531934348,0.3286362900604453,2,4
C. elegans,2023-01-05-18,URYVL,69,802,1000,0.05,0.0011621378979656,0.2652945337704747,0.140092643128121,0.0610672660664559,2,1
C. elegans,2023-01-05-18,SAAVL,69,802,1000,0.05,-0.0021928915421659,-0.5005964785302246,0.0,0.1491166248672835,0,2
C. elegans,2023-01-05-18,AWBR,69,802,1000,0.05,0.0023398590529892,0.5341464361828707,0.6719213357475611,0.512810920144291,9,6
C. elegans,2023-01-05-18,ASER,69,802,1000,0.05,0.0020163247444145,0.4602895525012332,0.2010441159923894,0.0639340333721976,3,1
C. elegans,2023-01-05-18,ASIL,69,802,1000,0.05,-0.0009678469675605,-0.2209415168971127,0.0,0.0658135937941204,0,1
C. elegans,2023-01-05-18,AVHL,69,802,1000,0.05,0.0033000729228764,0.7533454584138671,0.4174800877588729,0.1930751290032755,6,3
C. elegans,2023-01-05-18,AIZL,69,802,1000,0.05,-4.552946949472581e-05,-0.010393533679234,0.2211150527048775,0.2242110566305188,3,3
C. elegans,2023-01-05-18,RMDDL,69,802,1000,0.05,-0.0034556111783569,-0.7888519581531989,0.0630410840801354,0.2980226442084102,1,4
C. elegans,2023-01-05-18,RIVR,69,802,1000,0.05,-0.004394676760534,-1.0032232184310703,0.1511317257947917,0.44996974551111,2,5
C. elegans,2023-01-05-18,OLQVR,69,802,1000,0.05,0.0008259956095201,0.1885594820612192,0.1961559006149409,0.1399881991675675,3,2
C. elegans,2023-01-05-18,RMEV,69,802,1000,0.05,-0.0010501066698817,-0.2397198816794497,0.0,0.0714072535519561,0,1
C. elegans,2023-01-05-18,FLPR,69,802,1000,0.05,-0.0008458225058694,-0.1930855948678927,0.2065015549176503,0.264017485316776,3,4
C. elegans,2023-01-05-18,RMDVR,69,802,1000,0.05,0.0023508232103116,0.5366493500024173,0.3606872944137662,0.2008313161125716,5,3
C. elegans,2023-01-06-08,ASIL,71,802,1000,0.05,0.002369584387083,0.2617503709122086,0.1658709070958166,0.0,3,0
C. elegans,2023-01-06-08,RMER,71,802,1000,0.05,0.0150782941374963,1.6655870559948374,2.5736911791784025,1.5182105895536546,32,21
C. elegans,2023-01-06-08,URAVL,71,802,1000,0.05,-0.0090157870786305,-0.9959069720247512,0.4957242848415815,1.126829380345722,8,16
C. elegans,2023-01-06-08,IL2R,71,802,1000,0.05,-2.095253711466809e-05,-0.0023144710064819,0.6348871819735358,0.6363538595715625,10,9
C. elegans,2023-01-06-08,RMDDL,71,802,1000,0.05,0.0022508234502437,0.2486317331303929,1.0746394297316648,0.9170817882146048,15,13
C. elegans,2023-01-06-08,RIVL,71,802,1000,0.05,-0.0026941568601633,-0.2976034790267602,0.0,0.1885909802114329,0,3
C. elegans,2023-01-06-08,URYDR,71,802,1000,0.05,-0.0023697129952042,-0.2617645772952323,0.5881774686945134,0.7540573783588096,9,11
C. elegans,2023-01-06-08,IL2VL,71,802,1000,0.05,0.0021922380545938,0.2421602400175131,0.2706522180486912,0.117195554227123,4,2
C. elegans,2023-01-06-08,IL2DL,71,802,1000,0.05,-0.0056989919848439,-0.6295252762425863,0.1710584199953637,0.5699878589344394,3,9
C. elegans,2023-01-06-08,IL2VR,71,802,1000,0.05,-0.0013544877322405,-0.1496201900394997,0.2390020665395287,0.3338162077963682,4,5
C. elegans,2023-01-06-08,ADEL,71,802,1000,0.05,-0.0063651207841954,-0.7031075724697256,0.190493999525366,0.6360524544190449,3,10
C. elegans,2023-01-06-08,URXL,71,802,1000,0.05,-0.0156863335974378,-1.7327526547540613,0.1831927425005926,1.2812360943212449,3,19
C. elegans,2023-01-06-08,SMDVR,71,802,1000,0.05,0.0227180332580616,2.509492240119573,2.3117717708336127,0.7215094427692992,31,10
C. elegans,2023-01-06-08,IL2DR,71,802,1000,0.05,-0.003598336007035,-0.3974814273939345,0.0608387588001959,0.3127222792926467,1,5
C. elegans,2023-01-06-08,URBL,71,802,1000,0.05,-0.0117429205220728,-1.2971531290467442,0.2632816500762307,1.0852860866213283,4,16
C. elegans,2023-01-06-08,AWCR,71,802,1000,0.05,0.003323444248222,0.3671161784404748,0.4728585651915242,0.2402174678159827,7,4
C. elegans,2023-01-06-08,SAAVR,71,802,1000,0.05,-0.0008721025315416,-0.0963346831405751,0.1797504645852869,0.2407976417932027,3,4
C. elegans,2023-01-06-08,AIZL,71,802,1000,0.05,-0.0131861854734105,-1.4565798784786457,0.2006605731680539,1.123693556306793,3,15
C. elegans,2023-01-06-08,AUAL,71,802,1000,0.05,8.776651204948242e-05,0.0096949140987977,0.385535989739624,0.3793923338961602,6,5
C. elegans,2023-01-06-08,ASGR,71,802,1000,0.05,0.0036067273661325,0.3984083584491042,0.578232993015035,0.3257620773857579,9,5
C. elegans,2023-01-06-08,URYDL,71,802,1000,0.05,-0.0057987225809375,-0.6405417737605037,1.4821737645560655,1.888084345221693,22,22
C. elegans,2023-01-06-08,RIBL,71,802,1000,0.05,0.0077100291082275,0.8516695965011526,1.918569593504233,1.3788675559283037,24,21
C. elegans,2023-01-06-08,CEPDR,71,802,1000,0.05,0.0103586380838613,1.1442417393430293,1.0120796312655558,0.2869749653952591,15,5
C. elegans,2023-01-06-08,IL2L,71,802,1000,0.05,0.0034828449442535,0.384723988289897,0.2437991460977491,0.0,4,0
C. elegans,2023-01-06-08,AIZR,71,802,1000,0.05,-0.0018819604500875,-0.2078861797612098,0.0584630278575506,0.1902002593636762,1,3
C. elegans,2023-01-06-08,IL1DL,71,802,1000,0.05,-0.0016823946610698,-0.1858416306911293,1.176770900276466,1.2945385265513585,16,17
C. elegans,2023-01-06-08,FLPL,71,802,1000,0.05,-0.0023228437903416,-0.256587284676318,0.2332160611027895,0.3958151264267053,4,6
C. elegans,2023-01-06-08,AIBR,71,802,1000,0.05,-0.0089432002158635,-0.9878888409312973,1.3487979584736576,1.974821973584103,18,24
C. elegans,2023-01-06-08,AVKL,71,802,1000,0.05,-0.0052449949689563,-0.579375601071952,0.1339057168733366,0.501055364700278,2,7
C. elegans,2023-01-06-08,AVER,71,802,1000,0.05,0.0001061660413414,0.0117273733110699,1.564570506206715,1.5571388833128132,19,19
C. elegans,2023-01-06-08,AVDL,71,802,1000,0.05,-0.0069340304395231,-0.7659507926180776,0.1206748981941761,0.6060570289607936,2,9
C. elegans,2023-01-06-08,RICL,71,802,1000,0.05,-0.0055869380677445,-0.6171475130690929,0.4740829045106829,0.8651685692528037,7,12
C. elegans,2023-01-06-08,AVKR,71,802,1000,0.05,0.0018723498029138,0.2068245630168847,0.1310644862039676,0.0,2,0
C. elegans,2023-01-06-08,CEPDL,71,802,1000,0.05,-0.0049167530895651,-0.5431171609218984,0.4444120900942723,0.7885848063638332,7,12
C. elegans,2023-01-06-08,RIVR,71,802,1000,0.05,0.000555534727385,0.0613657912924713,0.7866109233210703,0.7477234924041194,12,10
C. elegans,2023-01-06-08,AWBL,71,802,1000,0.05,0.0017927705684643,0.1980340366074444,0.1254939397925065,0.0,2,0
C. elegans,2023-01-06-08,AINL,71,802,1000,0.05,0.0025132498706438,0.2776200288211167,0.1759274909450665,0.0,3,0
C. elegans,2023-01-06-08,IL1R,71,802,1000,0.05,0.0193529926808085,2.137781224452871,2.037188948518362,0.6824794608617615,25,10
C. elegans,2023-01-06-08,AIML,71,802,1000,0.05,-0.0024634476100508,-0.2721187433410407,1.3271744505782,1.499615783281759,17,20
C. elegans,2023-01-06-08,AWCL,71,802,1000,0.05,0.0035908895683619,0.3966588746731824,0.251362269785337,0.0,4,0
C. elegans,2023-01-06-08,IL1VL,71,802,1000,0.05,0.0029247683928952,0.3230774205999105,1.451847812817331,1.2471140253146662,18,16
C. elegans,2023-01-06-08,OLQDL,71,802,1000,0.05,0.0049120606916125,0.5425988266050246,0.5301039665484741,0.1862597181355934,8,3
C. elegans,2023-01-06-08,IL1VR,71,802,1000,0.05,0.0161292920035011,1.7816829767623334,1.7090141509858163,0.5799637107407332,21,10
C. elegans,2023-01-06-08,OLLL,71,802,1000,0.05,0.0008176218347552,0.0903166055953599,0.7544150903641609,0.6971815619312935,11,9
C. elegans,2023-01-06-08,OLLR,71,802,1000,0.05,0.0046737110740253,0.5162701163255641,0.7455413555873993,0.4183815804056254,9,6
C. elegans,2023-01-06-08,ASHL,71,802,1000,0.05,0.0009335354363033,0.1031207194156505,0.065347480541237,0.0,1,0
C. elegans,2023-01-06-08,AIBL,71,802,1000,0.05,0.0004181743892749,0.0461926159268103,1.284996624181459,1.2557244169322148,16,19
C. elegans,2023-01-06-08,ASEL,71,802,1000,0.05,-0.0173508825891955,-1.9166230070272947,0.4947617059110802,1.709323487154772,7,22
C. elegans,2023-01-06-08,RIAL,71,802,1000,0.05,0.0009626421501303,0.1063359217025085,0.067384950509127,0.0,1,0
C. elegans,2023-01-06-08,AVAL,71,802,1000,0.05,0.0117566740054424,1.2986723741063295,1.3554027757565028,0.532435595375528,20,8
C. elegans,2023-01-06-08,IL1DR,71,802,1000,0.05,0.0057086302229768,0.6305899407550601,1.592862854796579,1.193258739188197,20,13
C. elegans,2023-01-06-08,RIML,71,802,1000,0.05,-0.0145286268797643,-1.6048694004540822,0.8166003909017467,1.8336042724852504,12,22
C. elegans,2023-01-06-08,AVAR,71,802,1000,0.05,-0.0100883490852284,-1.1143849230881102,0.8170764132430062,1.523260849208996,13,17
C. elegans,2023-01-06-08,RMDL,71,802,1000,0.05,0.0098046988951546,1.083052195346546,1.2665413954055995,0.5802124727447757,17,9
C. elegans,2023-01-06-08,SMDVL,71,802,1000,0.05,0.0213217718473084,2.355257622375093,2.2106881789465183,0.7181641496349274,26,12
C. elegans,2023-01-06-08,RMGL,71,802,1000,0.05,0.0008958283845755,0.0989555017388475,0.0627079869202917,0.0,1,0
C. elegans,2023-01-06-08,URYVL,71,802,1000,0.05,-0.0117055265759633,-1.2930224978198563,1.6064707269588578,2.425857587276291,21,28
C. elegans,2023-01-06-08,OLQDR,71,802,1000,0.05,0.0024932558679064,0.2754114399812112,1.9838329140717263,1.809305003318276,26,25
C. elegans,2023-01-06-08,AIMR,71,802,1000,0.05,0.0210013181512725,2.3198594849401784,2.006295792762951,0.5362035221738757,27,8
C. elegans,2023-01-06-08,OLQVL,71,802,1000,0.05,-0.0158083907421244,-1.7462354001115818,0.2730900072045359,1.379677359153249,4,19
C. elegans,2023-01-06-08,ADAL,71,802,1000,0.05,-0.0035967407081158,-0.3973052065823477,0.0580281104746518,0.309799960042759,1,5
C. elegans,2023-01-06-08,ADLL,71,802,1000,0.05,0.0026256682979318,0.2900380567252552,0.1837967808552285,0.0,3,0
C. elegans,2023-01-06-08,AVJL,71,802,1000,0.05,-0.001751776197891,-0.1935056932568626,0.0631546297517609,0.185778963604132,1,3
C. elegans,2023-01-06-08,RMEV,71,802,1000,0.05,0.0209210662981611,2.310994659347646,2.575060983848654,1.110586342977371,30,15
C. elegans,2023-01-06-08,AVL,71,802,1000,0.05,-0.0029747583651675,-0.3285994411936956,0.7013389589561867,0.9095720445179176,11,14
C. elegans,2023-01-06-08,RIMR,71,802,1000,0.05,-0.0178660065613227,-1.973524922614289,0.8672523670027381,2.117872826295333,12,25
C. elegans,2023-01-06-08,URXR,71,802,1000,0.05,-0.0034433921539489,-0.3803659318509475,0.2551775454509135,0.4962149962273376,4,7
C. elegans,2023-01-06-08,URYVR,71,802,1000,0.05,-0.0124965586953373,-1.3804019352344017,0.2515961554688379,1.12635526414245,4,14
C. elegans,2023-01-06-08,RIAR,71,802,1000,0.05,0.0016301814141535,0.1800740214760307,0.179018303149967,0.0649056041592217,3,1
C. elegans,2023-01-06-08,AWAR,71,802,1000,0.05,-0.0005045460407013,-0.0557334501424707,0.1887457706078739,0.2240639934569706,3,3
C. elegans,2023-01-06-08,ASGL,71,802,1000,0.05,-0.0023973475947342,-0.2648171660599233,0.2008513832271394,0.3686657148585381,3,6
C. elegans,2023-01-09-08,IL2DR,42,802,1000,0.05,0.0,2.720138482016649e-17,0.0,0.0,0,0
C. elegans,2023-01-09-08,RMDVR,42,802,1000,0.05,0.0076590566629821,1.1209153533617922,0.3140213231822661,0.0,5,0
C. elegans,2023-01-09-08,IL1DL,42,802,1000,0.05,-0.0016893014742574,-0.2472320081014511,0.2729416813963214,0.3422030418408761,4,5
C. elegans,2023-01-09-08,SMDVL,42,802,1000,0.05,0.0172410143728375,2.5232503908020862,1.215772673925526,0.5088910846391874,15,10
C. elegans,2023-01-09-08,RIAL,42,802,1000,0.05,-0.0015337124449069,-0.2244613015395636,0.1245425129738571,0.1874247232150412,2,3
C. elegans,2023-01-09-08,OLLR,42,802,1000,0.05,0.0007049948291481,0.1031771356193485,0.5002789310795221,0.47137414308445,6,7
C. elegans,2023-01-09-08,URYVL,42,802,1000,0.05,0.0024992835763738,0.3657742012410747,0.4996660275404561,0.3971954009091285,8,5
C. elegans,2023-01-09-08,RIVL,42,802,1000,0.05,0.0096698202207985,1.415193858289228,0.8093559799404573,0.4128933508877148,9,6
C. elegans,2023-01-09-08,RIBR,42,802,1000,0.05,0.0004405360143352,0.0644731595424543,0.671878100842513,0.6538161242547695,8,9
C. elegans,2023-01-09-08,OLQDL,42,802,1000,0.05,0.0110329624198604,1.6146919279573568,0.9504058929571312,0.4980544337428543,12,8
C. elegans,2023-01-09-08,IL2R,42,802,1000,0.05,0.0,2.720138482016649e-17,0.0,0.0,0,0
C. elegans,2023-01-09-08,OLQDR,42,802,1000,0.05,-0.0077812078379362,-1.1387923757500842,0.1224691049185549,0.4414986262739426,2,7
C. elegans,2023-01-09-08,AVDR,42,802,1000,0.05,0.0,2.720138482016649e-17,0.0,0.0,0,0
C. elegans,2023-01-09-08,AVL,42,802,1000,0.05,0.0031670370328372,0.4635010016221061,0.129848518346328,0.0,2,0
C. elegans,2023-01-09-08,URYDR,42,802,1000,0.05,0.0012489079398532,0.1827797007277743,0.1922053248030066,0.1410000992690241,3,2
C. elegans,2023-01-09-08,AWBR,42,802,1000,0.05,-0.0020357332654847,-0.2979328621056019,0.0,0.0834650638848764,0,1
C. elegans,2023-01-09-08,SAAVL,42,802,1000,0.05,-0.0156585285932747,-2.2916510327033293,0.3617263823347034,1.0037260546589666,6,14
C. elegans,2023-01-09-08,RMER,42,802,1000,0.05,0.0049280578628165,0.7212292536474864,0.3444899039745128,0.1424395315990336,6,2
C. elegans,2023-01-09-08,AWCL,42,802,1000,0.05,-0.0046980194071074,-0.6875627529001711,0.0562824754512751,0.2489012711426794,1,4
C. elegans,2023-01-09-08,CEPVR,42,802,1000,0.05,-0.0050783707412524,-0.7432277869735485,0.3185327777744873,0.5267459781658386,5,6
C. elegans,2023-01-09-08,AVJR,42,802,1000,0.05,-0.0002344488795759,-0.0343119734268686,0.0592337635525743,0.0688461676151872,1,1
C. elegans,2023-01-09-08,RIMR,42,802,1000,0.05,0.0008249986495479,0.1207398891890455,0.6193640904939754,0.5855391458625081,9,9
C. elegans,2023-01-09-08,CEPVL,42,802,1000,0.05,0.0058028321123639,0.8492538825528202,0.6247437133541474,0.3868275967472252,8,6
C. elegans,2023-01-09-08,RMEL,42,802,1000,0.05,0.0084753600680763,1.240382679435255,0.5901505960291109,0.242660833237982,9,3
C. elegans,2023-01-09-08,AVAL,42,802,1000,0.05,-0.0134082598721645,-1.962320559033726,0.4887416045864965,1.0384802593452416,7,14
C. elegans,2023-01-09-08,CEPDR,42,802,1000,0.05,-0.0001576607282967,-0.0230739030596562,0.1183525542675312,0.1248166441276992,2,2
C. elegans,2023-01-09-08,AVJL,42,802,1000,0.05,-0.0009058498303314,-0.1325725905079526,0.0445875398566744,0.0817273829002651,1,1
C. elegans,2023-01-09-08,IL2DL,42,802,1000,0.05,0.0015921786311404,0.2330179226334384,0.0652793238767581,0.0,1,0
C. elegans,2023-01-09-08,URXL,42,802,1000,0.05,-0.0045438303533383,-0.66499693503315,0.0659991198120315,0.252296164298905,1,4
C. elegans,2023-01-09-08,URBL,42,802,1000,0.05,1.7390880076982076e-05,0.002545183479446,0.0648963327395764,0.0641833066564201,1,1
C. elegans,2023-01-09-08,AWBL,42,802,1000,0.05,-0.0049964210165888,-0.731234311977702,0.199944004579851,0.404797266259993,3,6
C. elegans,2023-01-09-08,RIH,42,802,1000,0.05,-0.018088874034454,-2.647336026151341,0.1731801682944178,0.9148240037070332,3,12
C. elegans,2023-01-09-08,AVDL,42,802,1000,0.05,0.0013260338584991,0.1940672038964348,0.0543673881984658,0.0,1,0
C. elegans,2023-01-09-08,AWAR,42,802,1000,0.05,-0.0013759840794121,-0.2013774996663776,0.0,0.0564153472558972,0,1
C. elegans,2023-01-09-08,AVER,42,802,1000,0.05,0.0067088588105051,0.9818523579513266,0.7917943844338238,0.516731173203111,11,8
C. elegans,2023-01-09-08,CEPDL,42,802,1000,0.05,0.0063368371384821,0.927406383426888,0.3801982463307207,0.1203879236529528,6,2
C. elegans,2023-01-09-08,RIVR,42,802,1000,0.05,0.0020535325482374,0.3005378159784106,0.7462654681323895,0.6620706336546536,11,9
C. elegans,2023-01-09-08,IL1DR,42,802,1000,0.05,0.0036057825087568,0.5277121129660515,0.3674282166894187,0.2195911338303862,6,3
C. elegans,2023-01-09-08,AVBR,42,802,1000,0.05,-0.0103438400137339,-1.5138377471668951,0.1003894128560496,0.5244868534191411,2,6
C. elegans,2023-01-09-08,IL2L,42,802,1000,0.05,-0.0048822980324681,-0.7145322283267731,0.0,0.2001742193311941,0,3
C. elegans,2023-01-09-08,URXR,42,802,1000,0.05,0.0074705461842822,1.0933265393417146,0.3062923935555721,0.0,5,0
C. elegans,2023-01-09-08,OLLL,42,802,1000,0.05,-0.0053936817172274,-0.7893740592373467,0.2625725224951636,0.4837134729014885,4,6
C. elegans,2023-01-06-15,OLQVR,62,803,1000,0.05,0.0363819083196942,3.0095071527695176,2.490201897308225,0.270905489806875,28,4
C. elegans,2023-01-06-15,BAGL,62,803,1000,0.05,0.0003621035744823,0.0299531648497393,1.3862809338490698,1.3641926158056492,17,18
C. elegans,2023-01-06-15,RMER,62,803,1000,0.05,-0.0127676218225891,-1.0561361669458798,0.364281532007384,1.1431064631853238,6,16
C. elegans,2023-01-06-15,CEPVL,62,803,1000,0.05,-0.0203718047571138,-1.685153279828653,0.2899393310645455,1.532619421248489,4,20
C. elegans,2023-01-06-15,CEPDR,62,803,1000,0.05,-0.0049012082979076,-0.4054273706632867,0.0606399658423297,0.3596136720146967,1,6
C. elegans,2023-01-06-15,IL1VR,62,803,1000,0.05,0.0021794466674839,0.1802835705383259,0.4591583164802397,0.3262120697637214,7,5
C. elegans,2023-01-06-15,RMDVL,62,803,1000,0.05,0.0256363678929531,2.1206373197062005,1.916410088981055,0.3525916475109159,21,4
C. elegans,2023-01-06-15,IL1VL,62,803,1000,0.05,-0.004563115737474,-0.3774603940555086,0.0590036679192991,0.3373537279052137,1,5
C. elegans,2023-01-06-15,AIBR,62,803,1000,0.05,0.0083442208605349,0.6902329625869281,1.9363226927699504,1.427325220277318,20,19
C. elegans,2023-01-06-15,RMDVR,62,803,1000,0.05,0.0016846916808727,0.1393574965679676,0.3689079929477077,0.2661418004144686,5,4
C. elegans,2023-01-06-15,IL1L,62,803,1000,0.05,-0.0020871111138334,-0.1726455844622756,0.2103056529058236,0.3376194308496645,3,5
C. elegans,2023-01-06-15,RMDDL,62,803,1000,0.05,0.0010029935629749,0.0829675088901473,0.179656352829487,0.1184737454880178,3,2
C. elegans,2023-01-06-15,IL2L,62,803,1000,0.05,0.0132166734919715,1.0932816679210913,0.9480100590435664,0.1417929760333036,12,2
C. elegans,2023-01-06-15,RIBL,62,803,1000,0.05,0.0240795895140349,1.991860796345685,2.4530244004970694,0.9841694401409402,25,12
C. elegans,2023-01-06-15,RIH,62,803,1000,0.05,-0.0036179573814747,-0.2992770066453493,0.2457632564989098,0.4664586567688715,4,7
C. elegans,2023-01-06-15,SAAVL,62,803,1000,0.05,0.0129093346004746,1.0678586311700606,1.0694322097852047,0.2819627991562536,16,4
C. elegans,2023-01-06-15,IL2DL,62,803,1000,0.05,0.0027539268311101,0.2278045017210795,0.1679895366977204,0.0,3,0
C. elegans,2023-01-06-15,RIVL,62,803,1000,0.05,-0.0094920972879109,-0.7851851648828583,1.49826351431672,2.077281448879289,19,22
C. elegans,2023-01-06-15,RIR,62,803,1000,0.05,-0.0070880420104225,-0.5863219966927988,0.1922817385814972,0.6246523012172727,3,9
C. elegans,2023-01-06-15,ASGL,62,803,1000,0.05,0.0047184566362627,0.3903101748288069,1.258281597646965,0.9704557428349384,15,12
C. elegans,2023-01-06-15,URXR,62,803,1000,0.05,-0.002295648713106,-0.1898957900072268,0.329493571585616,0.4695281430850859,5,6
C. elegans,2023-01-06-15,URYDR,62,803,1000,0.05,0.0257053935982241,2.126347117881516,1.9635316483758247,0.39550263888415,23,6
C. elegans,2023-01-06-15,AVAR,62,803,1000,0.05,-0.014940099233,-1.2358432413634823,1.1309528598210532,2.042298913034056,14,20
C. elegans,2023-01-06-15,URYVL,62,803,1000,0.05,-0.0341775285975324,-2.827161122897439,0.1463547252820918,2.2311839697315685,2,23
C. elegans,2023-01-06-15,URAVL,62,803,1000,0.05,0.0018217381396246,0.150693963425375,0.1111260265171023,0.0,2,0
C. elegans,2023-01-06-15,RID,62,803,1000,0.05,-0.0158339313425309,-1.3097809277369072,0.9357153742841856,1.9015851861785715,12,22
C. elegans,2023-01-06-15,OLQVL,62,803,1000,0.05,-0.0003126529956851,-0.0258626188208993,0.3606966464893668,0.3797684792261586,6,6
C. elegans,2023-01-06-15,RIAL,62,803,1000,0.05,0.0039943723802147,0.3304140108168542,0.3187809479308687,0.0751242327377696,5,1
C. elegans,2023-01-06-15,AVDL,62,803,1000,0.05,3.523872013667825e-05,0.0029149427614924,0.1306846028201076,0.1285350408917702,2,2
C. elegans,2023-01-06-15,AWCR,62,803,1000,0.05,0.0008967251284744,0.0741769965582345,0.1738252873593722,0.1191250545224318,3,2
C. elegans,2023-01-06-15,ASGR,62,803,1000,0.05,-0.0002915143416136,-0.0241140318564953,1.2849963886806544,1.3027787635190875,16,16
C. elegans,2023-01-06-15,ADLL,62,803,1000,0.05,-0.0013175986638283,-0.1089916056196663,0.065769337446222,0.1461428559397513,1,2
C. elegans,2023-01-06-15,OLLL,62,803,1000,0.05,-9.294478664582416e-05,-0.0076883817573644,0.3214320281063676,0.3271016600917629,5,6
C. elegans,2023-01-06-15,RICL,62,803,1000,0.05,-0.0051738513480959,-0.4279803715252703,0.4030109911657371,0.7186159233995921,6,10
C. elegans,2023-01-06-15,AINR,62,803,1000,0.05,-0.0169385359388274,-1.4011536892843504,0.5331112378188347,1.5663619300873064,7,19
C. elegans,2023-01-06-15,AWCL,62,803,1000,0.05,0.0104420387347704,0.8637642090032105,0.8255134182049506,0.188549055383953,12,3
C. elegans,2023-01-06-15,AIZR,62,803,1000,0.05,-0.0021641461745943,-0.1790179155763205,0.0608339539377711,0.1928468705880259,1,3
C. elegans,2023-01-06-15,AVL,62,803,1000,0.05,-0.0117473272691972,-0.9717375221748852,0.0610453476572625,0.7776323110782952,1,12
C. elegans,2023-01-06-15,URYDL,62,803,1000,0.05,0.0150603529118404,1.2457906114529471,1.3100980316294648,0.3914165040071991,17,6
C. elegans,2023-01-06-15,RMEL,62,803,1000,0.05,-0.0150366861235089,-1.2438328975215989,0.1298408769933861,1.047078730527435,2,15
C. elegans,2023-01-06-15,AVER,62,803,1000,0.05,0.004344190805382,0.3593509495684028,1.960272022536886,1.6952763834085838,22,20
C. elegans,2023-01-06-15,IL2VL,62,803,1000,0.05,0.0012136439447872,0.1003924835568758,0.1969737972550418,0.122941516623019,3,2
C. elegans,2023-01-06-15,IL2VR,62,803,1000,0.05,0.0021383914200744,0.1768874853288334,0.1304418766245385,0.0,2,0
C. elegans,2023-01-06-15,AVAL,62,803,1000,0.05,-0.0096391912048983,-0.7973527562970426,1.125033056026019,1.7130237195248168,13,21
C. elegans,2023-01-06-15,AWBL,62,803,1000,0.05,-0.0024869314542409,-0.2057186757280208,0.1240496485952382,0.2757524673039389,2,4
C. elegans,2023-01-06-15,IL1DL,62,803,1000,0.05,-0.0111322757722397,-0.9208605350979558,0.4712442517737369,1.1503130738803635,7,17
C. elegans,2023-01-06-15,ASHL,62,803,1000,0.05,0.017154749937821,1.4190388857062182,1.046439746207081,0.0,15,0
C. elegans,2023-01-06-15,IL1DR,62,803,1000,0.05,0.0069562285098815,0.5754183995196165,0.6714852843591554,0.2471553452563784,10,4
C. elegans,2023-01-06-15,ADEL,62,803,1000,0.05,-0.000131785157903,-0.0109012526735304,0.054234678268227,0.0622735729003154,1,1
C. elegans,2023-01-06-15,AUAL,62,803,1000,0.05,-0.0209118578035016,-1.729826403945654,0.6012055645043124,1.876828890517912,9,21
C. elegans,2023-01-06-15,AVKL,62,803,1000,0.05,-0.004787574364002,-0.3960275850918133,0.1959720442534096,0.4880140804575372,3,7
C. elegans,2023-01-06-15,AIBL,62,803,1000,0.05,0.0051452017655033,0.4256104814420286,1.9718935148141328,1.6580362071184256,19,19
C. elegans,2023-01-06-15,OLQDL,62,803,1000,0.05,0.0041827470031529,0.3459963373444027,0.477093285791065,0.221945718598735,7,4
C. elegans,2023-01-06-15,OLQDR,62,803,1000,0.05,0.0037018657457668,0.3062178966144875,0.3566442959415474,0.1308304854497675,5,2
C. elegans,2023-01-06-15,CEPDL,62,803,1000,0.05,0.0042554766924242,0.3520125286380924,0.5171555367895322,0.2575714585516513,8,4
C. elegans,2023-01-06-15,RMDR,62,803,1000,0.05,-0.0023545563194667,-0.1947686202374935,0.3692677721963182,0.5128957076837897,6,8
C. elegans,2023-01-06-15,OLLR,62,803,1000,0.05,-0.0007076543475445,-0.0585370839239615,0.1686871263037996,0.2118540415040182,3,3
C. elegans,2023-01-06-15,RMDL,62,803,1000,0.05,0.0070902079692485,0.586501164550685,0.9041692889125056,0.471666602788344,13,8
C. elegans,2023-01-06-15,AVJL,62,803,1000,0.05,-0.0084765876690829,-0.7011823293330054,0.1166450489567867,0.6337168967708475,2,10
C. elegans,2023-01-06-15,AVEL,62,803,1000,0.05,-0.0193894929886509,-1.6038965665341964,1.2013625739250968,2.3841216462328068,15,22
C. elegans,2023-01-06-15,AWAL,62,803,1000,0.05,0.0007837238409085,0.0648295434171511,0.8985003156005833,0.8506931613051587,13,12
C. elegans,2023-01-06-15,URXL,62,803,1000,0.05,0.0170373301373373,1.4093259336992163,1.3518436305251351,0.3125664921475573,16,4
C. elegans,2023-01-09-22,AVDR,81,802,1000,0.05,-0.0015659323973563,-0.200709439515869,0.0,0.1252745917885054,0,2
C. elegans,2023-01-09-22,URYVL,81,802,1000,0.05,0.0049581147114178,0.6354938606954535,1.6807360368177386,1.2840868599043138,24,19
C. elegans,2023-01-09-22,AIYR,81,802,1000,0.05,-0.012991629470476,-1.665169373734949,0.9208391080009752,1.9601694656390565,14,24
C. elegans,2023-01-09-22,OLQDL,81,802,1000,0.05,0.0086101884018906,1.103589204225581,2.4344310338683712,1.7456159617171163,33,23
C. elegans,2023-01-09-22,AIZL,81,802,1000,0.05,-0.0041850662382165,-0.5364103204118651,0.1137185473553246,0.4485238464126455,2,7
C. elegans,2023-01-09-22,RMDL,81,802,1000,0.05,0.0051093674669723,0.654880301542986,2.520736166992373,2.111986769634585,28,29
C. elegans,2023-01-09-22,URYDL,81,802,1000,0.05,0.0085824130463552,1.100029168012468,2.490259911043078,1.80366686733466,33,24
C. elegans,2023-01-09-22,CEPVL,81,802,1000,0.05,-0.0026847291026129,-0.3441083882976721,0.2206817396080409,0.435460067817079,4,7
C. elegans,2023-01-09-22,OLLR,81,802,1000,0.05,0.0133005224668813,1.7047609552639875,1.4409238402929412,0.376882042942432,21,6
C. elegans,2023-01-09-22,IL2DR,81,802,1000,0.05,-0.0007624024344209,-0.0977190110866265,0.0638244130967833,0.124816607850462,1,2
C. elegans,2023-01-09-22,BAGL,81,802,1000,0.05,-0.0010762080406871,-0.1379402540067931,1.6539623691819925,1.7400590124369677,23,26
C. elegans,2023-01-09-22,URBL,81,802,1000,0.05,-0.0052876269358276,-0.6777282598218664,0.4783070158495257,0.901317170715738,8,14
C. elegans,2023-01-09-22,RMDVL,81,802,1000,0.05,0.0029388602472873,0.3766810074587756,0.3539639104483219,0.1188550906653334,5,2
C. elegans,2023-01-09-22,SMDVR,81,802,1000,0.05,-0.0079249729326433,-1.0157634379202003,1.9296714745585395,2.5636693091700056,23,37
C. elegans,2023-01-09-22,AUAR,81,802,1000,0.05,-0.0021948468529912,-0.2813189652572264,1.3275061982627283,1.5030939465020303,19,21
C. elegans,2023-01-09-22,AWCL,81,802,1000,0.05,-0.0017008550432956,-0.2180028097087315,0.1091190746330381,0.2451874780966894,2,4
C. elegans,2023-01-09-22,CEPVR,81,802,1000,0.05,-0.0020533622073525,-0.2631845272864735,0.580738516294022,0.7450074928822255,10,10
C. elegans,2023-01-09-22,AVAL,81,802,1000,0.05,-0.0022374883681949,-0.2867844340291196,2.0139948433357406,2.1929939127913403,27,26
C. elegans,2023-01-09-22,IL1DR,81,802,1000,0.05,-0.0025933073166384,-0.3323906312262533,0.476892640545171,0.6843572258762474,8,8
C. elegans,2023-01-09-22,RIVL,81,802,1000,0.05,-0.0046733419559963,-0.5989938302812873,0.7436348560819392,1.117502212561646,11,14
C. elegans,2023-01-09-22,RIAR,81,802,1000,0.05,-0.0020948964255876,-0.2685080710593482,0.3746966980582589,0.5422884121052673,6,9
C. elegans,2023-01-09-22,RMDDR,81,802,1000,0.05,-0.0039594876589179,-0.5074973543769118,1.264397197941875,1.5811562106553128,19,21
C. elegans,2023-01-09-22,RMER,81,802,1000,0.05,0.0093285247601393,1.1956601570274858,2.0378931165069583,1.2916111356958075,28,19
C. elegans,2023-01-09-22,IL1VR,81,802,1000,0.05,0.0036881556621561,0.4727200593386806,0.5604802248851848,0.2654277719126923,7,4
C. elegans,2023-01-09-22,ASEL,81,802,1000,0.05,0.0,-2.744985317690246e-18,0.0,0.0,0,0
C. elegans,2023-01-09-22,OLQVL,81,802,1000,0.05,0.002598994939892,0.3331196280062794,0.4358491201214249,0.227929524930059,7,4
C. elegans,2023-01-09-22,FLPL,81,802,1000,0.05,0.0014869230388615,0.1905826140623798,0.1189538431089247,0.0,2,0
C. elegans,2023-01-09-22,IL1VL,81,802,1000,0.05,0.0067631592607942,0.8668508978307408,1.429515614846363,0.8884628739828249,21,13
C. elegans,2023-01-09-22,ASGR,81,802,1000,0.05,-0.0152850746969213,-1.9591259370816856,0.2052028489602952,1.4280088247139997,3,22
C. elegans,2023-01-09-22,URYDR,81,802,1000,0.05,-0.0055752365151232,-0.7145918929884453,1.2756575789792697,1.721676500189126,18,24
C. elegans,2023-01-09-22,AVDL,81,802,1000,0.05,-0.0165804858135285,-2.1251619930415817,0.216627994086191,1.5430668591684755,4,22
C. elegans,2023-01-09-22,SMDDL,81,802,1000,0.05,-0.0093642071397556,-1.200233656129654,1.1319530172788292,1.881089588459278,16,24
C. elegans,2023-01-09-22,IL2DL,81,802,1000,0.05,-0.001494098927522,-0.1915023655111011,0.0,0.1195279142017611,0,2
C. elegans,2023-01-09-22,RIH,81,802,1000,0.05,-0.0045241341073282,-0.579869490221585,0.7230336263814228,1.08496435496768,11,17
C. elegans,2023-01-09-22,RMEV,81,802,1000,0.05,0.0072105165684085,0.9241897935750192,2.279148518210056,1.7023071927373707,27,23
C. elegans,2023-01-09-22,AVER,81,802,1000,0.05,0.003304095673852,0.4234941380133923,2.687748465794864,2.423420811886697,32,33
C. elegans,2023-01-09-22,CEPDR,81,802,1000,0.05,-0.0030192140670112,-0.3869801558428052,0.0453913889258057,0.2869285142867017,1,5
C. elegans,2023-01-09-22,ADLL,81,802,1000,0.05,0.0,-2.744985317690246e-18,0.0,0.0,0,0
C. elegans,2023-01-09-22,RIBL,81,802,1000,0.05,0.0177728707592436,2.2779929291315915,3.3395637551617194,1.9177340944222263,38,34
C. elegans,2023-01-09-22,CEPDL,81,802,1000,0.05,0.0024054260940492,0.308309428905451,1.356860681381208,1.1644265938572684,19,15
C. elegans,2023-01-09-22,ADEL,81,802,1000,0.05,-5.078748072777084e-05,-0.0065095573784047,0.122614746197267,0.1266777446554887,2,2
C. elegans,2023-01-09-22,SMDVL,81,802,1000,0.05,-0.0032902511372092,-0.4217196494118276,2.557458314776617,2.8206784057533607,29,37
C. elegans,2023-01-09-22,AVJL,81,802,1000,0.05,-0.0156348399272064,-2.0039562142067893,1.0324107716924655,2.283197965868978,16,28
C. elegans,2023-01-09-22,IL2VL,81,802,1000,0.05,-0.0014718989677997,-0.1886569416086017,0.0,0.1177519174239778,0,2
C. elegans,2023-01-09-22,AVJR,81,802,1000,0.05,0.002473035604092,0.3169751075066152,0.4007282627972857,0.202885414469919,7,3
C. elegans,2023-01-09-22,RID,81,802,1000,0.05,0.0082030930409734,1.0514107820554104,0.9779495477972256,0.3217021045193484,15,5
C. elegans,2023-01-09-22,AVKR,81,802,1000,0.05,-0.0034174684193796,-0.4380254040179988,0.3560348947983813,0.6294323683487542,6,10
C. elegans,2023-01-09-22,RMDR,81,802,1000,0.05,-0.0151938500453113,-1.9474334472107504,1.0973205495180798,2.31282855314299,17,26
C. elegans,2023-01-09-22,IL2R,81,802,1000,0.05,0.0034796435515416,0.4459945449267218,0.2783714841233355,0.0,5,0
C. elegans,2023-01-09-22,URXL,81,802,1000,0.05,-0.0091819278231941,-1.176870463999423,0.4439942474726361,1.178548473328167,7,18
C. elegans,2023-01-09-22,AINR,81,802,1000,0.05,0.0037085290240444,0.4753313636660967,0.6659216268863295,0.3692393049627718,11,6
C. elegans,2023-01-09-22,ASHL,81,802,1000,0.05,0.0038029300257018,0.4874309742012543,0.5650187238892124,0.2607843218330612,9,4
C. elegans,2023-01-09-22,AIZR,81,802,1000,0.05,-0.0021638697515007,-0.2773485533234244,0.223320302055423,0.3964298821754823,4,6
C. elegans,2023-01-09-22,ADLR,81,802,1000,0.05,0.0,-2.744985317690246e-18,0.0,0.0,0,0
C. elegans,2023-01-09-22,OLQVR,81,802,1000,0.05,0.0062214789630354,0.7974223904804275,0.7538072845419208,0.2560889674990823,12,4
C. elegans,2023-01-09-22,OLLL,81,802,1000,0.05,-0.0059374809070587,-0.761021655215659,0.6163031946857465,1.0913016672504443,10,17
C. elegans,2023-01-09-22,AINL,81,802,1000,0.05,0.0011803126413522,0.1512835988956218,0.9636738341897496,0.8692488228815667,16,13
C. elegans,2023-01-09-22,RMEL,81,802,1000,0.05,0.0159916517842704,2.049689674964639,3.248333136549557,1.9690009938079207,41,28
C. elegans,2023-01-09-22,RMDVR,81,802,1000,0.05,0.0005191105911372,0.0665356920706229,0.2270518491982547,0.1855230019072733,4,3
C. elegans,2023-01-09-22,URXR,81,802,1000,0.05,-0.0002651995157274,-0.0339912797330136,0.6209105286183356,0.642126489876528,10,10
C. elegans,2023-01-09-22,RIVR,81,802,1000,0.05,-0.0026108235007744,-0.3346357239941993,0.9531709311702334,1.1620368112321913,14,15
C. elegans,2023-01-09-22,FLPR,81,802,1000,0.05,-0.0014215680968444,-0.1822059090373166,0.0,0.1137254477475568,0,2
C. elegans,2023-01-09-22,URYVR,81,802,1000,0.05,0.0044006968888128,0.564048235750166,1.550597688231372,1.1985419371263428,23,17
C. elegans,2023-01-09-22,ADAL,81,802,1000,0.05,-0.0015438737490303,-0.1978821278455444,0.0,0.1235098999224271,0,2
C. elegans,2023-01-09-22,ASGL,81,802,1000,0.05,-0.0104887633030827,-1.3443708089381363,0.7559361932670523,1.59503725751367,12,21
C. elegans,2023-01-09-22,RIMR,81,802,1000,0.05,-0.0088515978203335,-1.1345312481805576,1.6213384495903131,2.3294662752169977,23,28
C. elegans,2023-01-09-22,AIBR,81,802,1000,0.05,0.0100930825532082,1.2936554257781754,2.5731081828470104,1.7656615785903496,34,26
C. elegans,2023-01-09-22,IL1R,81,802,1000,0.05,0.007078324995441,0.907246471779127,1.0928281579941204,0.5265621583588325,16,8
C. elegans,2023-01-09-22,RIAL,81,802,1000,0.05,-0.0120957893068028,-1.550347317910448,0.7243487246328071,1.6920118691770365,11,23
C. elegans,2023-01-09-22,IL1L,81,802,1000,0.05,-0.0063370888637371,-0.8122403982127487,0.2510257370946158,0.7579928461935883,4,12
C. elegans,2023-01-09-22,AVEL,81,802,1000,0.05,0.00908578503104,1.1645476038559672,3.0228102604471574,2.29594745796395,38,29
C. elegans,2023-01-09-22,AVAR,81,802,1000,0.05,-0.0075507517254468,-0.967798577573638,1.7463147369608918,2.350374874996641,23,27
C. elegans,2023-01-09-22,AIBL,81,802,1000,0.05,0.025652962179827,3.2880037923267413,3.2474790577807924,1.1952420833946262,42,18
C. elegans,2023-01-09-22,RMDDL,81,802,1000,0.05,-0.0063102879652511,-0.8088052605767091,0.8636255046591601,1.3684485418792502,13,19
C. elegans,2023-01-09-22,AIMR,81,802,1000,0.05,-0.0002890760616615,-0.0370515958489012,0.6481024908469646,0.6712285757798897,10,10
C. elegans,2023-01-09-22,ADER,81,802,1000,0.05,0.0015510083039862,0.1987965814508295,0.1240806643188996,0.0,2,0
C. elegans,2023-01-09-22,AWBL,81,802,1000,0.05,-6.0218429372682623e-05,-0.0077183454587962,0.0555083448913222,0.0603258192411368,1,1
C. elegans,2023-01-09-22,AUAL,81,802,1000,0.05,0.0062975258415042,0.8071695075208289,2.209757462732046,1.70595539541171,30,23
C. elegans,2023-01-09-22,AIYL,81,802,1000,0.05,0.0026754574111201,0.3429200126014832,0.4148959014677524,0.200859308578142,7,3
C. elegans,2023-01-09-22,AWCR,81,802,1000,0.05,0.022208844525372,2.84656268974824,1.9922845215301492,0.2155769595003818,31,3
C. elegans,2023-01-09-22,IL2L,81,802,1000,0.05,-0.0046855886088039,-0.6005635141483013,0.3770859112878266,0.7519329999921438,6,11
C. elegans,2023-01-09-15,ASEL,83,803,1000,0.05,0.0019755032035025,0.1630627581054929,0.329913554922236,0.1679222922350263,5,3
C. elegans,2023-01-09-15,AIBL,83,803,1000,0.05,0.0240971053319074,1.989032693448788,3.701534477883368,1.7255718406669596,39,29
C. elegans,2023-01-09-15,AINL,83,803,1000,0.05,-0.0102006024758823,-0.8419821193435706,0.105763785525744,0.9422131885480972,2,14
C. elegans,2023-01-09-15,AIZR,83,803,1000,0.05,0.0007550801582267,0.0623261217561598,0.1810780851985582,0.1191615122239655,3,2
C. elegans,2023-01-09-15,AWBL,83,803,1000,0.05,-0.0015227627409014,-0.1256924777603124,0.05253773692246,0.1774042816763792,1,3
C. elegans,2023-01-09-15,AVJR,83,803,1000,0.05,0.000188277805521,0.0155409002647443,0.826553055834609,0.8111142757818808,13,11
C. elegans,2023-01-09-15,RMDVL,83,803,1000,0.05,0.0053037745515828,0.4377862335112681,1.6274946812526507,1.192585168022854,24,17
C. elegans,2023-01-09-15,URBR,83,803,1000,0.05,-0.0003054731621371,-0.0252144852293709,0.4874536538766101,0.5125024531718565,8,8
C. elegans,2023-01-09-15,CEPVR,83,803,1000,0.05,-0.0112774669846038,-0.9308690908183416,0.6312824984912022,1.5560347912287216,11,23
C. elegans,2023-01-09-15,RIBR,83,803,1000,0.05,0.0426255535207691,3.518415110917801,4.061784249195394,0.5664888604923233,41,12
C. elegans,2023-01-09-15,OLLR,83,803,1000,0.05,0.0034899461414346,0.2880684994349693,0.8689303613096322,0.5827547777119908,13,8
C. elegans,2023-01-09-15,AWCL,83,803,1000,0.05,0.0067816924072744,0.559777107216327,1.0268917912515223,0.4707930138550189,17,7
C. elegans,2023-01-09-15,SAAVL,83,803,1000,0.05,-0.0141047325744983,-1.1642383529726938,1.7699343383937711,2.92652240950264,25,39
C. elegans,2023-01-09-15,ADEL,83,803,1000,0.05,-0.0007202121504711,-0.0594480330220166,0.0,0.0590573963386371,0,1
C. elegans,2023-01-09-15,RMDVR,83,803,1000,0.05,0.0064898554595885,0.5356881877337454,1.0255635686851794,0.4933954209989215,17,8
C. elegans,2023-01-09-15,URYVR,83,803,1000,0.05,0.005795691683622,0.4783902498284397,0.9141469385023931,0.4389002204453889,16,6
C. elegans,2023-01-09-15,IL1L,83,803,1000,0.05,-0.0138626169271481,-1.1442535485099954,0.3225319346680839,1.45926652269423,5,20
C. elegans,2023-01-09-15,ADAL,83,803,1000,0.05,0.0039141591283404,0.3230840537233075,0.4405941736156231,0.1196331250917057,8,2
C. elegans,2023-01-09-15,AWAR,83,803,1000,0.05,-0.0015409603155138,-0.1271945490816181,0.0,0.1263587458721362,0,2
C. elegans,2023-01-09-15,OLLL,83,803,1000,0.05,-0.0020056062548247,-0.1655475359419851,0.9695121680503864,1.1339718809460133,14,16
C. elegans,2023-01-09-15,OLQVR,83,803,1000,0.05,-0.0046915675564157,-0.3872532042626039,0.6193539341859,1.004062473811994,9,14
C. elegans,2023-01-09-15,RIVR,83,803,1000,0.05,0.0117153782900362,0.9670153370723468,2.1653528455969635,1.2046918258139896,29,16
C. elegans,2023-01-09-15,URYVL,83,803,1000,0.05,0.0050937904532332,0.4204536439338495,2.3939736199977832,1.976282802832656,32,25
C. elegans,2023-01-09-15,IL2DR,83,803,1000,0.05,-0.003313317953096,-0.2734891864282388,0.0498218428660712,0.3215139150199504,1,5
C. elegans,2023-01-09-15,URYDR,83,803,1000,0.05,-0.0045383634071087,-0.3746073674475031,0.4165357097178157,0.7886815091007371,7,12
C. elegans,2023-01-09-15,ASGR,83,803,1000,0.05,-0.0141811491920916,-1.1705459633110409,1.485972847673743,2.6488270814252592,20,35
C. elegans,2023-01-09-15,ASER,83,803,1000,0.05,0.0017698622915947,0.146088665522115,0.3227404462012706,0.1776117382904991,5,3
C. elegans,2023-01-09-15,FLPR,83,803,1000,0.05,-0.0033205469612662,-0.274085886048111,0.2345426127161736,0.5068274635400023,4,8
C. elegans,2023-01-09-15,CEPDR,83,803,1000,0.05,-0.0080318147676229,-0.6629651960467351,1.6640086766110698,2.322617487556152,22,28
C. elegans,2023-01-09-15,AWBR,83,803,1000,0.05,-0.0067309246340754,-0.5555866138240501,0.5653585956294922,1.1172944156236797,9,17
C. elegans,2023-01-09-15,AQR,83,803,1000,0.05,-0.0153472622416562,-1.2667997227520114,0.249059698823129,1.507535202638938,5,21
C. elegans,2023-01-09-15,AVER,83,803,1000,0.05,-0.0350987269280776,-2.8971328463231503,0.65362692238247,3.5317225304848328,11,29
C. elegans,2023-01-09-15,IL2VR,83,803,1000,0.05,-0.0057408354127514,-0.4738622820622152,0.0987949020839646,0.5695434059295845,2,9
C. elegans,2023-01-09-15,RICL,83,803,1000,0.05,0.0011750640269836,0.0969925945201116,0.8355869761696422,0.739231725956981,13,11
C. elegans,2023-01-09-15,CEPDL,83,803,1000,0.05,-0.0011157928473975,-0.0921002096318788,0.7112596731209164,0.8027546866075195,11,11
C. elegans,2023-01-09-15,RMDDL,83,803,1000,0.05,-0.0211617219178048,-1.7467391275603432,1.1022926956534065,2.8375538929134048,17,32
C. elegans,2023-01-09-15,RMER,83,803,1000,0.05,0.0308552398860412,2.546865279136956,3.947244714379471,1.4171150437240922,42,25
C. elegans,2023-01-09-15,AINR,83,803,1000,0.05,-0.0181823166868435,-1.5008118956464145,0.1878354190777695,1.6787853873989411,3,24
C. elegans,2023-01-09-15,AVAR,83,803,1000,0.05,-0.0021707886009208,-0.1791820817615085,2.578964565250521,2.756969230526031,31,36
C. elegans,2023-01-09-15,RIBL,83,803,1000,0.05,0.025390920398521,2.095827282729335,3.302693133520027,1.2206376608413012,35,21
C. elegans,2023-01-09-15,OLQDR,83,803,1000,0.05,0.004046244254246,0.3339866758484916,1.493525843201294,1.1617338143531173,21,17
C. elegans,2023-01-09-15,AVDL,83,803,1000,0.05,0.0142918686387029,1.1796850111791182,2.0507612365976047,0.8788280082239628,29,11
C. elegans,2023-01-09-15,ASIL,83,803,1000,0.05,0.000863485923135,0.0712741928041586,0.1263097043697008,0.0555038586726239,2,1
C. elegans,2023-01-09-15,AWCR,83,803,1000,0.05,0.0110796921455753,0.9145442826992284,1.0324946368155228,0.1239598808783482,19,2
C. elegans,2023-01-09-15,AUAR,83,803,1000,0.05,0.0008761077354837,0.0723160273758375,2.2297205549018813,2.15787972059221,33,24
C. elegans,2023-01-09-15,CEPVL,83,803,1000,0.05,0.0030130755273208,0.2487064586855626,1.364882592607456,1.1178103993671438,23,17
C. elegans,2023-01-09-15,SMDVL,83,803,1000,0.05,0.0063413467364041,0.5234299226181874,2.603342575660457,2.083352143275317,32,28
C. elegans,2023-01-09-15,AUAL,83,803,1000,0.05,-0.0031877197438267,-0.2631220099132849,0.3913401853053391,0.6527332042991332,7,10
C. elegans,2023-01-09-15,ASIR,83,803,1000,0.05,-0.0031219899140091,-0.2576965125914543,0.0602474878580632,0.3162506608068098,1,5
C. elegans,2023-01-09-15,AIBR,83,803,1000,0.05,0.0295242849063222,2.4370050726222687,3.5995074789655104,1.178516116647088,39,18
C. elegans,2023-01-09-15,OLQVL,83,803,1000,0.05,0.0083556511327799,0.6896954239622016,1.4021438227711074,0.7169804298831517,20,12
C. elegans,2023-01-09-15,RIVL,83,803,1000,0.05,0.0074655050972014,0.6162206417291208,1.451896807151178,0.8397253891806611,20,11
C. elegans,2023-01-09-15,IL2DL,83,803,1000,0.05,0.0002277674672721,0.018800471370662,0.2983559357846888,0.2796790034683716,5,4
C. elegans,2023-01-09-15,OLQDL,83,803,1000,0.05,0.0063099263890478,0.5208364120172135,1.1029717523390783,0.5855577884371508,16,10
C. elegans,2023-01-09-15,URBL,83,803,1000,0.05,0.001735439960962,0.1432473640433635,0.2789033498016069,0.1365972730027183,5,2
C. elegans,2023-01-09-15,SAAVR,83,803,1000,0.05,-0.0053693205188484,-0.443196554378408,1.25377841906479,1.694062701610361,19,24
C. elegans,2023-01-09-15,AVAL,83,803,1000,0.05,-0.0194660974255525,-1.6067782275083131,1.868909117868439,3.4651291067637486,25,39
C. elegans,2023-01-09-15,IL1R,83,803,1000,0.05,0.0249324159785231,2.0579812315582435,3.276535194991823,1.2320770847529232,39,21
C. elegans,2023-01-09-15,AVDR,83,803,1000,0.05,0.0042045041415811,0.3470498253693688,0.7383082335807556,0.3935388939711006,12,7
C. elegans,2023-01-09-15,ASGL,83,803,1000,0.05,0.0001774955257911,0.014650905113989,2.061048847775157,2.046494214660279,26,25
C. elegans,2023-01-09-15,SMDVR,83,803,1000,0.05,0.006797773785685,0.561104502643037,2.2136324864699914,1.6562150360438137,33,23
C. elegans,2023-01-09-15,ADLL,83,803,1000,0.05,-0.0007490687684999,-0.0618299272740852,0.0,0.0614236390169953,0,1
C. elegans,2023-01-09-15,RMEL,83,803,1000,0.05,0.0056303170515643,0.4647398322658699,2.376653917780734,1.9149679195524585,28,29
C. elegans,2023-01-09-15,AVHL,83,803,1000,0.05,-0.0185065679107481,-1.5275763669948872,0.3462505771137367,1.8637891457950837,6,23
C. elegans,2023-01-09-15,RID,83,803,1000,0.05,0.0102126405924858,0.8429757742727436,2.190072146334093,1.3526356177502552,27,22
C. elegans,2023-01-09-15,RIH,83,803,1000,0.05,0.0005628768953235,0.0464612048528133,1.428249920384319,1.3820940149677847,20,20
C. elegans,2023-01-09-15,RIML,83,803,1000,0.05,-0.0174884175295666,-1.4435358000004843,1.8395454914303853,3.273595728854849,26,37
C. elegans,2023-01-09-15,RMDDR,83,803,1000,0.05,-0.0193103195063648,-1.5939199455730315,0.6214847591365262,2.204930958658441,10,29
C. elegans,2023-01-09-15,URXL,83,803,1000,0.05,0.0107649249526918,0.8885626459488073,1.5132115034657114,0.6304876573449785,19,9
C. elegans,2023-01-09-15,ADER,83,803,1000,0.05,-0.0013340236930248,-0.1101135054486545,0.0543702306889444,0.1637601735169851,1,3
C. elegans,2023-01-09-15,URYDL,83,803,1000,0.05,-0.0149293423924648,-1.2323036190983416,1.4424962019083774,2.666702278090492,22,31
C. elegans,2023-01-09-15,RIAL,83,803,1000,0.05,0.0010168485928888,0.0839331142759829,0.717193274104512,0.6338116894876236,12,10
C. elegans,2023-01-09-15,RIMR,83,803,1000,0.05,-0.0131043617001748,-1.0816653489874866,2.13583761781372,3.2103952772280557,26,42
C. elegans,2023-01-09-15,URADR,83,803,1000,0.05,-0.002231766742944,-0.1842153634108756,0.0517917993439041,0.2347966722653178,1,4
C. elegans,2023-01-09-15,AVL,83,803,1000,0.05,-0.0103575951379697,-0.8549406690624018,0.1652629159742003,1.014585717287722,3,15
C. elegans,2023-01-09-15,RICR,83,803,1000,0.05,0.0040304390002788,0.3326820723935899,1.0075081169099462,0.6770121188870846,16,10
C. elegans,2023-01-09-15,ADLR,83,803,1000,0.05,4.850986803506534e-05,0.0040041205010989,0.0622137826149407,0.0582359734360653,1,1
C. elegans,2023-01-09-15,IL1DL,83,803,1000,0.05,-0.0004957696223995,-0.040922010083332,0.2730371544849279,0.3136902635216896,4,5
C. elegans,2023-01-09-15,URXR,83,803,1000,0.05,0.0024167757037906,0.1994864454199505,1.1756606128778238,0.9774850051669888,17,14
C. elegans,2023-01-09-15,RMEV,83,803,1000,0.05,-0.0097852802379895,-0.8077004287377159,1.023149492060758,1.8255424715759,15,20
C. elegans,2023-01-09-15,IL1DR,83,803,1000,0.05,0.0048930522822189,0.4038842353069148,0.5923229801344982,0.191092692992548,10,3
C. elegans,2023-01-09-15,FLPL,83,803,1000,0.05,-8.689168863172161e-05,-0.007172247749136,0.1067930015437634,0.1139181200115646,2,2
C. elegans,2023-01-09-15,SMBVR,83,803,1000,0.05,-0.0085457697973668,-0.7053882731359795,0.974614172337282,1.6753672957213674,14,22
C. elegans,2023-01-10-07,ASGR,82,802,1000,0.05,0.0055317125551867,0.5859142748533825,2.7262067744312186,2.278138057461094,37,30
C. elegans,2023-01-10-07,IL2L,82,802,1000,0.05,1.587645536469834e-05,0.0016816206083461,0.0558552628651658,0.0545692699806252,1,1
C. elegans,2023-01-10-07,RID,82,802,1000,0.05,-0.0014518682403227,-0.1537806454555824,2.260198657646592,2.3777999851127354,32,32
C. elegans,2023-01-10-07,FLPL,82,802,1000,0.05,-0.0007444924620163,-0.0788560064653255,0.0,0.0603038894233254,0,1
C. elegans,2023-01-10-07,AVER,82,802,1000,0.05,-0.0007012501216916,-0.0742758146672922,2.603835122458712,2.660636382315732,33,32
C. elegans,2023-01-10-07,OLQDR,82,802,1000,0.05,0.0147687175060622,1.5642899593481927,1.4373883606779692,0.2411222426869255,23,4
C. elegans,2023-01-10-07,AIBL,82,802,1000,0.05,0.0058092964146598,0.6153157204476062,2.423965646123872,1.9534126365364228,33,27
C. elegans,2023-01-10-07,AUAR,82,802,1000,0.05,0.0163909554864787,1.7361160223355308,2.76973960225886,1.442072207854078,32,19
C. elegans,2023-01-10-07,OLQVR,82,802,1000,0.05,0.0001016982581036,0.010771792741614,1.2983852002537517,1.2901476413473554,20,19
C. elegans,2023-01-10-07,IL2VL,82,802,1000,0.05,-0.0013700049551258,-0.1451097561234342,0.0601845270618204,0.1711549284270117,1,3
C. elegans,2023-01-10-07,ASEL,82,802,1000,0.05,0.0063306797096275,0.6705401942690462,0.9400478999735687,0.42726284349374,16,7
C. elegans,2023-01-10-07,OLQDL,82,802,1000,0.05,-0.0002131441479526,-0.0225760463221851,0.3164741475286283,0.3337388235127916,5,5
C. elegans,2023-01-10-07,AIBR,82,802,1000,0.05,-0.0020091329997891,-0.2128056533869743,1.770811738208522,1.9335515111914403,25,21
C. elegans,2023-01-10-07,RIVL,82,802,1000,0.05,-0.0119641793509612,-1.2672356704546175,1.8367846953403812,2.805883222768243,23,32
C. elegans,2023-01-10-07,RIVR,82,802,1000,0.05,-0.010225962222897,-1.0831251950878975,1.558424802255186,2.3867277423098447,20,29
C. elegans,2023-01-10-07,AVDR,82,802,1000,0.05,0.0048919048786174,0.5181463915581442,1.329036242730742,0.9327919475627264,22,16
C. elegans,2023-01-10-07,CEPDL,82,802,1000,0.05,-0.0098003842395943,-1.038048338148445,0.852816763764292,1.6466478871714385,14,23
C. elegans,2023-01-10-07,RIML,82,802,1000,0.05,-0.0289416421792651,-3.0654740500987185,1.6608777840786615,4.005150800599135,23,42
C. elegans,2023-01-10-07,RMDVL,82,802,1000,0.05,-0.0004335992591375,-0.0459264636331005,0.2848585408880448,0.3199800808781874,5,5
C. elegans,2023-01-10-07,URXL,82,802,1000,0.05,0.0041971736883702,0.4445610565482725,1.2506880147664754,0.9107169460084849,20,14
C. elegans,2023-01-10-07,AWAR,82,802,1000,0.05,-0.0020464549532227,-0.216758762856064,0.2273902510971162,0.3931531023081605,4,6
C. elegans,2023-01-10-07,ADLR,82,802,1000,0.05,-0.0016881362443994,-0.178805950891939,0.0587958280682561,0.1955348638646148,1,3
C. elegans,2023-01-10-07,URYVL,82,802,1000,0.05,-0.0078426391477037,-0.8306856481280916,1.8026325023273269,2.43788627329133,27,29
C. elegans,2023-01-10-07,ADAL,82,802,1000,0.05,-0.007858690037287,-0.8323857446600654,0.339486716169973,0.976040609190223,6,14
C. elegans,2023-01-10-07,CEPDR,82,802,1000,0.05,-0.0060998484903932,-0.6460907484451953,1.4076712721335194,1.9017589998553743,22,26
C. elegans,2023-01-10-07,IL2DR,82,802,1000,0.05,0.0006915941508815,0.0732530624764013,0.0560191262214031,0.0,1,0
C. elegans,2023-01-10-07,AVAL,82,802,1000,0.05,0.0073462075513552,0.7781040369386011,3.432093756973081,2.8370509453133086,39,38
C. elegans,2023-01-10-07,AWAL,82,802,1000,0.05,-0.0009249655882148,-0.0979715660342972,0.1094304067501119,0.1843526193955136,2,3
C. elegans,2023-01-10-07,IL1R,82,802,1000,0.05,0.0089659064445825,0.9496611619769044,1.9928207968046772,1.2665823747934906,30,19
C. elegans,2023-01-10-07,AVDL,82,802,1000,0.05,0.0008438521397901,0.0893800987734006,1.2141805807719872,1.145828557448981,17,18
C. elegans,2023-01-10-07,IL1L,82,802,1000,0.05,-0.0172143170024798,-1.8233257717173197,0.2107858992120448,1.6051455764129106,4,24
C. elegans,2023-01-10-07,ASGL,82,802,1000,0.05,0.0154993560563231,1.6416785712988642,2.6782207046330377,1.4227728640708666,37,23
C. elegans,2023-01-10-07,IL2R,82,802,1000,0.05,0.0049066036657698,0.5197032745540874,0.6643107412626277,0.2668758443352685,11,4
C. elegans,2023-01-10-07,AVEL,82,802,1000,0.05,-0.0041085750574557,-0.4351767651435014,2.639509711942503,2.972304291596415,34,33
C. elegans,2023-01-10-07,SAADR,82,802,1000,0.05,0.0053074773973963,0.5621634782306943,0.8697498447016119,0.4398441755125115,14,7
C. elegans,2023-01-10-07,AINL,82,802,1000,0.05,-9.946981425358584e-05,-0.0105357578700549,0.0544499443792969,0.0625069993338374,1,1
C. elegans,2023-01-10-07,CEPVL,82,802,1000,0.05,-0.000221181354317,-0.023427340363927,0.3479645099860415,0.3658801996857233,6,6
C. elegans,2023-01-10-07,RMDL,82,802,1000,0.05,-0.0011046819168221,-0.1170069662480177,0.3511377412797056,0.4406169765422962,6,7
C. elegans,2023-01-10-07,RICL,82,802,1000,0.05,-0.0035970619455971,-0.3809977326969221,1.033300850502766,1.3246628680961336,16,18
C. elegans,2023-01-10-07,AVL,82,802,1000,0.05,-0.0011553917555171,-0.1223781091030581,0.5270619521756266,0.6206486843725143,9,10
C. elegans,2023-01-10-07,AVJL,82,802,1000,0.05,0.0009786903960605,0.1036620518497701,0.1326381887091794,0.0533642666282743,2,1
C. elegans,2023-01-10-07,RMEL,82,802,1000,0.05,0.0001735963653353,0.0183871789247754,0.7113355123834286,0.6972742067912652,10,11
C. elegans,2023-01-10-07,CEPVR,82,802,1000,0.05,-0.0040582315194867,-0.4298444205488883,0.1460379456869303,0.474754698765361,2,8
C. elegans,2023-01-10-07,SMDVL,82,802,1000,0.05,0.0192248858596585,2.036283509894105,2.748014792622477,1.1907990379901308,35,17
C. elegans,2023-01-10-07,ADER,82,802,1000,0.05,0.0001117984557786,0.0118415970630795,0.0632099356015172,0.0541542606834433,1,1
C. elegans,2023-01-10-07,ASER,82,802,1000,0.05,-0.0007762739638102,-0.0822222760231764,0.0592941510625095,0.1221723421311384,1,2
C. elegans,2023-01-10-07,AUAL,82,802,1000,0.05,-0.0170348691208186,-1.804318805175119,0.9367347325789036,2.3165591313652114,15,31
C. elegans,2023-01-10-07,IL1DR,82,802,1000,0.05,-0.002887705933638,-0.3058633490474746,0.7100062907995706,0.9439104714242564,12,14
C. elegans,2023-01-10-07,RMDDL,82,802,1000,0.05,-0.0105316047509252,-1.1154985909191917,0.2903421971027362,1.1434021819276796,5,16
C. elegans,2023-01-10-07,RICR,82,802,1000,0.05,-0.0125089530242895,-1.324937633198162,0.2358581217605091,1.2490833167279654,4,19
C. elegans,2023-01-10-07,RMER,82,802,1000,0.05,0.0222852278984313,2.3604323279250723,3.5072213022252785,1.7021178424523424,44,27
C. elegans,2023-01-10-07,RMDDR,82,802,1000,0.05,-0.0035375787091875,-0.3746973190403662,0.5441479564241756,0.8306918318683687,9,13
C. elegans,2023-01-10-07,RMDVR,82,802,1000,0.05,-0.016854824585942,-1.7852486416333424,0.6877517442577319,2.052992535719039,12,25
C. elegans,2023-01-10-07,AQR,82,802,1000,0.05,-0.0098974105895193,-1.048325286361286,0.1224088728082524,0.9240991305593234,2,15
C. elegans,2023-01-10-07,OLQVL,82,802,1000,0.05,-0.0001206304593764,-0.0127770753497471,1.0265162854320753,1.036287352641565,17,15
C. elegans,2023-01-10-07,AWBL,82,802,1000,0.05,0.0062746372762231,0.6646042275315246,0.6377945134988883,0.1295488941248104,10,2
C. elegans,2023-01-10-07,URBL,82,802,1000,0.05,-0.0034087445343547,-0.3610513131479013,0.3440130774318466,0.6201213847145821,6,10
C. elegans,2023-01-10-07,URYVR,82,802,1000,0.05,-0.0127020662679013,-1.3453920232205197,0.282698839371144,1.3115662070711518,5,18
C. elegans,2023-01-10-07,RIH,82,802,1000,0.05,-0.0026813592813148,-0.2840072876635526,1.339888861177616,1.5570789629641224,19,22
C. elegans,2023-01-10-07,RIBL,82,802,1000,0.05,0.0273556184862512,2.8974837735394003,4.122965102995753,1.9071600056093985,44,28
C. elegans,2023-01-10-07,AVBR,82,802,1000,0.05,0.013138839880995,1.391654711716677,3.3508408763978,2.2865948460372025,41,30
C. elegans,2023-01-10-07,AWBR,82,802,1000,0.05,0.0008930941705339,0.0945957726624019,0.3120304563881775,0.2396898285749253,5,4
C. elegans,2023-01-10-07,AVJR,82,802,1000,0.05,-0.0005234987536787,-0.055448541403469,0.2378796975527146,0.280283096600697,4,5
C. elegans,2023-01-10-07,OLLR,82,802,1000,0.05,0.0019935020101559,0.2111500322995119,0.4138186563083526,0.2523449934857193,6,4
C. elegans,2023-01-10-07,RIR,82,802,1000,0.05,-0.0123765020955688,-1.310908543819271,1.299898575053093,2.302395244794172,21,28
C. elegans,2023-01-10-07,URYDL,82,802,1000,0.05,0.0145736604292016,1.5436296801663594,2.5984353040717423,1.417968809306409,32,20
C. elegans,2023-01-10-07,OLLL,82,802,1000,0.05,-0.0013258373670895,-0.1404315628771071,0.1969830461547368,0.3043758728889898,3,4
C. elegans,2023-01-10-07,AIZL,82,802,1000,0.05,0.000710241283752,0.0752281508825583,0.0575295439839176,0.0,1,0
C. elegans,2023-01-10-07,RMGL,82,802,1000,0.05,-0.0036400657945055,-0.3855526636875849,0.2933534295292852,0.5881987588842317,5,10
C. elegans,2023-01-10-07,IL2VR,82,802,1000,0.05,-0.0024184057273403,-0.2561554715469185,0.0445171128858659,0.240407976800431,1,4
C. elegans,2023-01-10-07,AWCR,82,802,1000,0.05,-0.0054611073610516,-0.5784358329224563,0.285268044693967,0.72761774093915,5,12
C. elegans,2023-01-10-07,SMDVR,82,802,1000,0.05,0.0024075418155223,0.255004775274942,2.1100670266587023,1.915056139601393,28,25
C. elegans,2023-01-10-07,URXR,82,802,1000,0.05,-0.0005754674087061,-0.0609530170105625,0.7115288757981375,0.7581417359033384,12,12
C. elegans,2023-01-10-07,AIZR,82,802,1000,0.05,0.0,8.3677520849082e-18,0.0,0.0,0,0
C. elegans,2023-01-10-07,IL2DL,82,802,1000,0.05,-0.0001845924265609,-0.0195518723492742,0.1744040927362111,0.1893560792876485,3,3
C. elegans,2023-01-10-07,ADEL,82,802,1000,0.05,-0.0044086428984701,-0.4669596948819514,0.1818992601829885,0.5389993349590707,3,9
C. elegans,2023-01-10-07,IL1DL,82,802,1000,0.05,-0.0002543605490062,-0.0269416523609039,0.5415182738400972,0.5621214783096011,9,9
C. elegans,2023-01-10-07,SAAVR,82,802,1000,0.05,0.0030473944724443,0.3227774228507751,1.8543394481020608,1.607500495834067,25,22
C. elegans,2023-01-10-07,AVAR,82,802,1000,0.05,0.0078517768293277,0.831653503570533,3.1492579993853487,2.513264076209803,39,31
C. elegans,2023-01-10-07,RIBR,82,802,1000,0.05,0.0321707639725059,3.407499875740354,4.648296643982105,2.0424647622091268,46,33
C. elegans,2023-01-10-07,AWCL,82,802,1000,0.05,-0.0046778443851532,-0.4954732867010865,0.1603960195026017,0.5393014147000148,3,8
C. elegans,2023-01-10-07,AINR,82,802,1000,0.05,-0.0001266309666342,-0.0134126439595892,0.1672350859088243,0.1774921942062013,3,3
C. elegans,2023-01-10-14,AWAR,75,803,1000,0.05,-0.0024745786871275,-0.3564640820153569,0.5192579011674652,0.7023767240149019,8,9
C. elegans,2023-01-10-14,AINR,75,803,1000,0.05,0.0033361436238541,0.4805728670236679,0.2468746281652034,0.0,4,0
C. elegans,2023-01-10-14,IL1DR,75,803,1000,0.05,0.0020001667620238,0.2881248482464305,0.3572484211637912,0.2092360807740245,6,3
C. elegans,2023-01-10-14,RIAR,75,803,1000,0.05,-0.0004335650890074,-0.0624552301573239,0.0906621270111411,0.1227459435976947,1,2
C. elegans,2023-01-10-14,AIZL,75,803,1000,0.05,-0.0007710868772336,-0.1110753831660261,0.0,0.057060428915288,0,1
C. elegans,2023-01-10-14,IL2L,75,803,1000,0.05,-0.0020456439864706,-0.2946758612125393,0.0,0.1513776549988286,0,2
C. elegans,2023-01-10-14,IL2DL,75,803,1000,0.05,-0.0052157819948493,-0.7513355507576853,0.0,0.3859678676188491,0,6
C. elegans,2023-01-10-14,CEPDR,75,803,1000,0.05,-0.0042853701566343,-0.6173093411524833,0.1268897843547631,0.4440071759457047,2,7
C. elegans,2023-01-10-14,AVEL,75,803,1000,0.05,-0.0087979365004436,-1.26734638691182,1.4054439108233248,2.056491211856158,18,30
C. elegans,2023-01-10-14,RIH,75,803,1000,0.05,0.0020502431401135,0.295338371194502,0.6211792214716372,0.4694612291032318,10,7
C. elegans,2023-01-10-14,ADLL,75,803,1000,0.05,-0.0009704692818457,-0.1397965009061079,0.0573353611948062,0.1291500880513938,1,2
C. elegans,2023-01-10-14,URYDR,75,803,1000,0.05,-0.0002983564398637,-0.042978368399699,0.0483684989640429,0.0704468755139622,1,1
C. elegans,2023-01-10-14,OLQVL,75,803,1000,0.05,0.0035619238909486,0.513096607758077,0.3420605856639853,0.0784782177337874,5,1
C. elegans,2023-01-10-14,IL1L,75,803,1000,0.05,-0.0053060643239711,-0.7643407575591679,0.3276856502472842,0.7203344102211515,5,10
C. elegans,2023-01-10-14,IL2VR,75,803,1000,0.05,0.0008128595451229,0.1170927532298472,0.0601516063390961,0.0,1,0
C. elegans,2023-01-10-14,RMDL,75,803,1000,0.05,0.0141489817354915,2.038166663291133,1.168952759748923,0.1219281113225463,16,2
C. elegans,2023-01-10-14,AIBL,75,803,1000,0.05,-0.0199847718876934,-2.878814645212301,0.4664675723643334,1.9453406920536456,6,24
C. elegans,2023-01-10-14,ADAR,75,803,1000,0.05,0.0009061685478497,0.1305339536143087,0.2473571070871698,0.1803006345462861,4,3
C. elegans,2023-01-10-14,AVAL,75,803,1000,0.05,-0.0011937637388672,-0.1719621596727177,1.7429389317077186,1.8312774483838936,22,27
C. elegans,2023-01-10-14,RMDVL,75,803,1000,0.05,-0.0008382689339863,-0.1207529861910784,0.1315406338316505,0.1935725349466426,2,3
C. elegans,2023-01-10-14,IL2VL,75,803,1000,0.05,-0.0007789369020935,-0.1122061824895857,0.0,0.0576413307549241,0,1
C. elegans,2023-01-10-14,OLQDL,75,803,1000,0.05,0.0176767383816276,2.5463414653210488,1.649191516846504,0.341112876606056,22,4
C. elegans,2023-01-10-14,ASGL,75,803,1000,0.05,0.0006352395138504,0.0915065143583814,0.7058251183947206,0.6588173943697879,10,10
C. elegans,2023-01-10-14,RMDVR,75,803,1000,0.05,0.0008677412692866,0.1249984882647421,0.0642128539272088,0.0,1,0
C. elegans,2023-01-10-14,IL1R,75,803,1000,0.05,0.0010555033035052,0.1520456868497926,0.6790634187296054,0.6009561742702196,10,10
C. elegans,2023-01-10-14,OLQDR,75,803,1000,0.05,0.0042328486520724,0.6097435967261278,0.7529843729580881,0.439753572704725,12,6
C. elegans,2023-01-10-14,AIYR,75,803,1000,0.05,-0.0080319880222922,-1.1570111922560251,0.6123921815470763,1.206759295196706,9,16
C. elegans,2023-01-10-14,IL2DR,75,803,1000,0.05,0.000947724953918,0.1365201710734873,0.1314726651113384,0.0613410185214005,2,1
C. elegans,2023-01-10-14,URYVL,75,803,1000,0.05,-0.0101569350170742,-1.4631106845722368,0.2601811849596949,1.0117943762231918,4,13
C. elegans,2023-01-10-14,AWBL,75,803,1000,0.05,-0.0029675792113939,-0.4274810111717833,0.2057747951423585,0.4253756567855142,3,7
C. elegans,2023-01-10-14,ADEL,75,803,1000,0.05,-0.0056972583880794,-0.8206924240782324,0.1897780709245498,0.6113751916424257,3,8
C. elegans,2023-01-10-14,CEPVR,75,803,1000,0.05,0.0028665458823339,0.4129271183884568,0.3357413469349524,0.1236169516422429,6,2
C. elegans,2023-01-10-14,OLLL,75,803,1000,0.05,-0.0004286285282495,-0.0617441165410723,0.6096693438122207,0.6413878549026846,10,9
C. elegans,2023-01-10-14,ASIR,75,803,1000,0.05,0.0,4.685393123417592e-18,0.0,0.0,0,0
C. elegans,2023-01-10-14,AVER,75,803,1000,0.05,-0.0141611788982982,-2.039923669631526,0.956451031148526,2.004378269622599,13,24
C. elegans,2023-01-10-14,CEPVL,75,803,1000,0.05,-0.0027674226571702,-0.3986483768603859,0.1235919468120809,0.3283812234426793,2,5
C. elegans,2023-01-10-14,URADL,75,803,1000,0.05,-0.0011118616521024,-0.160164130244267,0.1286751008864195,0.2109528631420012,2,3
C. elegans,2023-01-10-14,AWAL,75,803,1000,0.05,-0.017740098481637,-2.555468513898548,0.2841960849898268,1.596963372630971,4,21
C. elegans,2023-01-10-14,BAGL,75,803,1000,0.05,0.0082451022233121,1.187710380940615,0.904374260135102,0.29423669561,12,6
C. elegans,2023-01-10-14,IL2R,75,803,1000,0.05,0.0016176594398519,0.2330245104913815,0.331866506313303,0.2121597077642598,5,3
C. elegans,2023-01-10-14,ADER,75,803,1000,0.05,-0.0016612417209058,-0.2393025560790374,0.0,0.1229318873470348,0,2
C. elegans,2023-01-10-14,RIBL,75,803,1000,0.05,0.0171101090726394,2.4647182793127915,1.9208570563986205,0.6547089850233001,20,12
C. elegans,2023-01-10-14,RMDDL,75,803,1000,0.05,-0.0061328944267533,-0.8834459753904272,0.8283850796154564,1.2822192671952055,13,16
C. elegans,2023-01-10-14,AVJL,75,803,1000,0.05,-6.023531261063115e-05,-0.0086769216619985,0.0624226980302915,0.0668801111634782,1,1
C. elegans,2023-01-10-14,RMER,75,803,1000,0.05,0.0035870325041991,0.5167135138680357,1.0379707543822367,0.7725303490714963,15,13
C. elegans,2023-01-10-14,AVJR,75,803,1000,0.05,0.0007931358504689,0.1142515468679914,0.0586920529347021,0.0,1,0
C. elegans,2023-01-10-14,AVAR,75,803,1000,0.05,0.0015475662629571,0.2229275594074133,1.6843939333229545,1.569874029864129,21,23
C. elegans,2023-01-10-14,RID,75,803,1000,0.05,0.0050082959159061,0.7214470953829726,1.1788328291998025,0.8082189314227444,17,10
C. elegans,2023-01-10-14,URYDL,75,803,1000,0.05,0.000684281810451,0.0985710774408143,0.1259416180013195,0.0753047640279427,2,1
C. elegans,2023-01-10-14,RMEL,75,803,1000,0.05,0.0082831350623803,1.1931890271179937,1.0646938798805516,0.451741885264409,15,6
C. elegans,2023-01-10-14,FLPL,75,803,1000,0.05,-0.0050578553854256,-0.7285861574379846,0.0,0.3742812985214963,0,6
C. elegans,2023-01-10-14,AQR,75,803,1000,0.05,-0.0029458220933313,-0.4243468893279891,0.0,0.2179908349065171,0,3
C. elegans,2023-01-10-14,AIZR,75,803,1000,0.05,0.0,4.685393123417592e-18,0.0,0.0,0,0
C. elegans,2023-01-10-14,OLLR,75,803,1000,0.05,0.004189873658983,0.6035530312206039,0.5127054718083182,0.2026548210435721,8,3
C. elegans,2023-01-10-14,IL1DL,75,803,1000,0.05,0.0049912417341172,0.7189904334519768,0.7217018809453468,0.3523499926206708,11,5
C. elegans,2023-01-10-14,CEPDL,75,803,1000,0.05,-0.0082624169518743,-1.190204574741912,0.3606227066453229,0.9720415610840244,6,13
C. elegans,2023-01-10-14,AVBL,75,803,1000,0.05,0.0022977758684089,0.3309955629498304,1.4135241841189772,1.2434887698567167,18,17
C. elegans,2023-01-10-14,AIML,75,803,1000,0.05,-0.0014771278024776,-0.212780870080454,0.0581416731419235,0.1674491305252665,1,2
C. elegans,2023-01-10-14,SMDVL,75,803,1000,0.05,0.009085130752407,1.3087168375338754,0.9759988828842304,0.30369920720611,14,5
C. elegans,2023-01-10-14,AINL,75,803,1000,0.05,0.0027104950231632,0.3904479276674924,0.3356719000388866,0.1350952683248052,6,2
C. elegans,2023-01-10-14,AIMR,75,803,1000,0.05,-0.0006443232141234,-0.0928150251347604,0.349395843598606,0.3970757614437379,5,6
C. elegans,2023-01-10-14,URXL,75,803,1000,0.05,0.0091271689726098,1.3147724605181526,1.090987726875542,0.4155772229024101,15,6
C. elegans,2023-01-10-14,RICR,75,803,1000,0.05,-0.0054504587830729,-0.7851408390354895,0.0710940969062838,0.4744280468536832,1,7
C. elegans,2023-01-10-14,ASER,75,803,1000,0.05,-0.000916094876018,-0.1319638452870603,0.0,0.0677910208253371,0,1
C. elegans,2023-01-10-14,AIBR,75,803,1000,0.05,-0.0178803728011012,-2.575675087558227,0.6649322156226982,1.9880798029041893,9,25
C. elegans,2023-01-10-14,RIVR,75,803,1000,0.05,0.0144912205665738,2.087466308271656,1.4096839296185273,0.3373336076920616,17,5
C. elegans,2023-01-10-14,RICL,75,803,1000,0.05,-0.0040610876784154,-0.5850013575242763,0.3592274429154587,0.6597479311182024,6,8
C. elegans,2023-01-10-14,AWCL,75,803,1000,0.05,-0.0017284767557887,-0.2489877906256229,0.0636206610010496,0.1915279409294208,1,3
C. elegans,2023-01-10-14,URYVR,75,803,1000,0.05,0.0007063635133997,0.1017519558715169,0.1804548116197186,0.1281839116281347,3,2
C. elegans,2023-01-10-14,RIVL,75,803,1000,0.05,0.0021105885691707,0.3040311551761118,0.4606467920683679,0.3044632379497303,7,4
C. elegans,2023-01-10-14,RMDDR,75,803,1000,0.05,-0.003035078363127,-0.4372042918597205,0.127051017572314,0.3516468164437136,2,5
C. elegans,2023-01-10-14,SMDVR,75,803,1000,0.05,0.0151777098386163,2.186355371466516,1.324545805319051,0.2013952772614429,17,3
C. elegans,2023-01-10-14,AWBR,75,803,1000,0.05,0.000576563979772,0.0830542794382236,0.1054030179004712,0.06273728339734,2,1
C. elegans,2023-01-10-14,URXR,75,803,1000,0.05,0.0086996758982516,1.253191906579124,0.911449110202064,0.2676730937314406,13,4
C. elegans,2023-01-10-14,FLPR,75,803,1000,0.05,-0.0003679238982278,-0.0529995895121641,0.0449070541906997,0.072133422659562,1,1
C. elegans,2023-01-13-07,CEPDL,66,802,1000,0.05,0.0002156994587662,0.0179736846322496,1.2773351000016606,1.2633146351818518,19,17
C. elegans,2023-01-13-07,FLPL,66,802,1000,0.05,-0.0017852716794467,-0.1487621263993519,0.4411381319777163,0.557180791141755,7,9
C. elegans,2023-01-13-07,URAVL,66,802,1000,0.05,0.0005446465490359,0.0453840049687963,0.1629012805102925,0.1274992548229532,3,2
C. elegans,2023-01-13-07,AIBR,66,802,1000,0.05,0.0383266681010306,3.193663300746716,3.698366375031202,1.2071329484642073,38,17
C. elegans,2023-01-13-07,RMDVL,66,802,1000,0.05,0.0134910624211548,1.124175752219032,1.1769828221574867,0.300063764782422,17,5
C. elegans,2023-01-13-07,RIVL,66,802,1000,0.05,0.0189300334493664,1.577391307529902,2.4836588080690536,1.2532066338602346,31,18
C. elegans,2023-01-13-07,URYDR,66,802,1000,0.05,0.0006499997066359,0.0541628143387571,0.9407666483704236,0.8985166674390883,15,14
C. elegans,2023-01-13-07,RICR,66,802,1000,0.05,-0.0067213898793358,-0.5600762406755602,0.2448640512361084,0.6817543933929362,4,10
C. elegans,2023-01-13-07,AWAL,66,802,1000,0.05,0.0036957765164126,0.3079596117542801,0.9234507575770672,0.6832252840102462,15,10
C. elegans,2023-01-13-07,AIBL,66,802,1000,0.05,0.026286096906054,2.190353275360218,3.214410383612824,1.505814084719312,35,22
C. elegans,2023-01-13-07,ASGR,66,802,1000,0.05,-0.0035013590016622,-0.2917592971262537,1.3515741048378227,1.5791624399458697,18,22
C. elegans,2023-01-13-07,AVJR,66,802,1000,0.05,0.0017731361596056,0.147750904545945,0.1152538503743665,0.0,2,0
C. elegans,2023-01-13-07,AINR,66,802,1000,0.05,-0.017990640660133,-1.4991141072250842,0.3087285401134552,1.4781201830221065,5,19
C. elegans,2023-01-13-07,URADL,66,802,1000,0.05,-0.012172858673376,-1.0143332028721763,0.2328928056027126,1.0241286193721535,4,15
C. elegans,2023-01-13-07,SAADR,66,802,1000,0.05,-0.0114100814648863,-0.9507729275313132,0.6959403822168313,1.4375956774344458,11,21
C. elegans,2023-01-13-07,SAAVR,66,802,1000,0.05,-0.0052418774393584,-0.4367922502671485,0.5171809175872277,0.8579029511455287,9,12
C. elegans,2023-01-13-07,AWBR,66,802,1000,0.05,-0.0029563877637529,-0.2463482366634587,0.1935700701540366,0.3857352747979803,3,6
C. elegans,2023-01-13-07,IL2L,66,802,1000,0.05,0.0029875390371896,0.2489439926650993,0.6119432765119841,0.4177532390946585,10,6
C. elegans,2023-01-13-07,IL2R,66,802,1000,0.05,-5.823841201637592e-05,-0.0048528580324326,0.1211966258267183,0.1249821226077827,2,2
C. elegans,2023-01-13-07,AIZR,66,802,1000,0.05,-0.0010023529639739,-0.0835235107575696,0.115574152388735,0.1807270950470405,2,3
C. elegans,2023-01-13-07,SAAVL,66,802,1000,0.05,-0.0162098714946207,-1.350727163804735,1.8585749455846283,2.912216592734977,26,36
C. elegans,2023-01-13-07,RMDDR,66,802,1000,0.05,0.0019991049040751,0.1665803025104563,0.5070532378603771,0.3771114190954931,9,6
C. elegans,2023-01-13-07,RMDVR,66,802,1000,0.05,-0.0178961756648956,-1.4912425805977336,0.9792816928157476,2.142533111033968,14,24
C. elegans,2023-01-13-07,AVEL,66,802,1000,0.05,-0.0165815529627116,-1.381698430628154,1.642095513972336,2.7198964565485944,21,31
C. elegans,2023-01-13-07,AUAL,66,802,1000,0.05,-0.0196196886666771,-1.6348585142249292,0.7711512594034926,2.046431022737506,12,26
C. elegans,2023-01-13-07,RIVR,66,802,1000,0.05,-0.0083461983906863,-0.6954673813758772,0.2533144841934964,0.7958173795881067,4,11
C. elegans,2023-01-13-07,SMDDR,66,802,1000,0.05,-0.0041569966088747,-0.3463919033111753,2.3667192804826764,2.636924060059533,27,29
C. elegans,2023-01-13-07,ASER,66,802,1000,0.05,-0.0004132028855279,-0.0344311404214612,0.0399602148745814,0.0668184024338995,1,1
C. elegans,2023-01-13-07,CEPVL,66,802,1000,0.05,0.0186000152262478,1.5498917324305654,1.6368682167167274,0.4278672270106201,23,6
C. elegans,2023-01-13-07,RMEL,66,802,1000,0.05,-0.0039820092482557,-0.3318106537689438,1.1941682230488229,1.4529988241854448,17,23
C. elegans,2023-01-13-07,URBR,66,802,1000,0.05,0.0016270964603761,0.1355817896452732,0.1057612699244487,0.0,2,0
C. elegans,2023-01-13-07,ASIR,66,802,1000,0.05,-0.0001865032479217,-0.0155408389998262,0.0515785637727388,0.0637012748876553,1,1
C. elegans,2023-01-13-07,ADER,66,802,1000,0.05,0.0010162178148488,0.0846788333463442,0.1873952209347149,0.121341062969539,3,2
C. elegans,2023-01-13-07,IL1VR,66,802,1000,0.05,0.0199866792651065,1.665438902867988,2.361334338495233,1.062200186263308,27,15
C. elegans,2023-01-13-07,OLLR,66,802,1000,0.05,0.0278725342425,2.322547044121607,3.095202178376028,1.2834874526135225,36,19
C. elegans,2023-01-13-07,ADAL,66,802,1000,0.05,-0.0059043151804013,-0.4919914942249392,0.0541517261703989,0.4379322128964844,1,7
C. elegans,2023-01-13-07,ADLR,66,802,1000,0.05,-0.0008516176995696,-0.0709631264114177,0.3508588327227908,0.4062139831948173,6,6
C. elegans,2023-01-13-07,RMDL,66,802,1000,0.05,0.0104806326355792,0.8733243319932043,2.094249958756827,1.4130088374441736,28,21
C. elegans,2023-01-13-07,ADEL,66,802,1000,0.05,0.0009148430275114,0.076231531402775,0.0594647967882466,0.0,1,0
C. elegans,2023-01-13-07,RMER,66,802,1000,0.05,0.0230142914958092,1.9177220923327984,2.9889914626940404,1.493062515466438,33,18
C. elegans,2023-01-13-07,SMDDL,66,802,1000,0.05,0.0034142190937656,0.2844981513061582,1.5477463153654174,1.3258220742706528,21,17
C. elegans,2023-01-13-07,AVAL,66,802,1000,0.05,-0.0186364923687651,-1.5529312794912888,2.07129904908213,3.282671053051866,23,34
C. elegans,2023-01-13-07,IL1DR,66,802,1000,0.05,0.0180835113574257,1.5068527850792746,2.6234933205433424,1.4480650823106678,31,21
C. elegans,2023-01-13-07,IL1R,66,802,1000,0.05,0.0083519573846128,0.6959472636214139,2.139515735819548,1.596638505819716,27,22
C. elegans,2023-01-13-07,AIZL,66,802,1000,0.05,-0.0140596574985472,-1.171555326850111,0.1830832793850856,1.0969610167906572,3,15
C. elegans,2023-01-13-07,URYVR,66,802,1000,0.05,-0.0122030935169899,-1.016852595118826,0.8055254725324268,1.5987265511367736,12,18
C. elegans,2023-01-13-07,ASEL,66,802,1000,0.05,0.005607920047858,0.4672936453321529,1.5174765031964097,1.1529617000856334,21,16
C. elegans,2023-01-13-07,URBL,66,802,1000,0.05,0.0055811544525003,0.4650633366762712,1.8640501408850836,1.5012751014725638,27,20
C. elegans,2023-01-13-07,AWBL,66,802,1000,0.05,-0.0020072604320549,-0.1672598818137926,0.0,0.1304719280835709,0,2
C. elegans,2023-01-13-07,RICL,66,802,1000,0.05,-0.0088069000243825,-0.7338564710888469,0.6477013602556707,1.2201498618405355,10,17
C. elegans,2023-01-13-07,RMGL,66,802,1000,0.05,-0.0039633791566218,-0.330258255846331,0.0,0.2576196451804189,0,4
C. elegans,2023-01-13-07,AWAR,66,802,1000,0.05,0.0040409147816789,0.3367191013232328,1.3439556760290987,1.0812962152199694,20,13
C. elegans,2023-01-13-07,RIAL,66,802,1000,0.05,0.0056185985127864,0.4681834545235018,0.637953299731961,0.27274439640084,10,4
C. elegans,2023-01-13-07,SAADL,66,802,1000,0.05,-0.0055495989474809,-0.4624338970899484,1.3436687691918596,1.704392700778124,20,20
C. elegans,2023-01-13-07,AVAR,66,802,1000,0.05,-0.0024942977376932,-0.2078434557631759,2.321436472775245,2.483565825725307,25,28
C. elegans,2023-01-13-07,AUAR,66,802,1000,0.05,-0.0061984798946326,-0.5165034880601175,0.3230175050899015,0.7259186982410264,5,11
C. elegans,2023-01-13-07,AWCL,66,802,1000,0.05,-0.0091079042990577,-0.7589383880158262,0.1359473634044925,0.7279611428432431,2,10
C. elegans,2023-01-13-07,AVDL,66,802,1000,0.05,0.0030951852452953,0.257913876073322,0.3849813713036449,0.1837943303594453,7,3
C. elegans,2023-01-13-07,URYVL,66,802,1000,0.05,-0.0193427285914646,-1.611780138989006,1.1123156258823954,2.369592984327596,16,26
C. elegans,2023-01-13-07,IL2VR,66,802,1000,0.05,-0.0041333317734977,-0.3444199730598341,0.0562314812356556,0.3248980465130113,1,5
C. elegans,2023-01-13-07,ASGL,66,802,1000,0.05,-0.0067438388249604,-0.5619468539413155,1.3437969497568245,1.7821464733792562,18,26
C. elegans,2023-01-13-07,AVJL,66,802,1000,0.05,-0.0030365902424434,-0.2530313042379067,0.1754218676113814,0.3728002333702047,3,6
C. elegans,2023-01-13-07,RMEV,66,802,1000,0.05,0.0220002811871473,1.8332272048352485,2.211846202047805,0.7818279248832298,26,11
C. elegans,2023-01-13-07,SMDVR,66,802,1000,0.05,-0.0103708223718972,-0.8641741233645234,0.5794253386888251,1.253528792862146,10,17
C. elegans,2023-01-13-07,RMDDL,66,802,1000,0.05,-0.0029501354883968,-0.245827250537075,1.1073117298284192,1.299070536574212,17,18
C. elegans,2023-01-13-07,FLPR,66,802,1000,0.05,-0.0016127142834058,-0.1343833595951156,0.2951902116158265,0.4000166400372098,5,6
C. elegans,2023-01-16-01,OLLR,67,803,1000,0.05,0.0164081375122183,2.024678403910147,1.1428753291892515,0.059938253382842,16,1
C. elegans,2023-01-16-01,AVAR,67,803,1000,0.05,-0.002580902268465,-0.3184698495897409,1.5521575359599606,1.722497085678656,19,19
C. elegans,2023-01-16-01,IL1VR,67,803,1000,0.05,0.0074806710784823,0.923075709725125,0.8405217340158404,0.3467974428360074,12,5
C. elegans,2023-01-16-01,AWBR,67,803,1000,0.05,0.0009794445416875,0.1208583369017849,0.0646433397513797,0.0,1,0
C. elegans,2023-01-16-01,AVDL,67,803,1000,0.05,-0.0036252059421105,-0.4473314643573815,0.0627542000934373,0.3020177922727316,1,5
C. elegans,2023-01-16-01,OLQDL,67,803,1000,0.05,0.0016848286390871,0.2078990474884106,0.1775570925517677,0.0663584023720167,3,1
C. elegans,2023-01-16-01,RIVL,67,803,1000,0.05,-0.0002264844463676,-0.0279469968508411,0.6275044309161162,0.6424524043763813,9,9
C. elegans,2023-01-16-01,URYDR,67,803,1000,0.05,0.002037890969715,0.2514650936361955,0.1986809287388191,0.0641801247376263,3,1
C. elegans,2023-01-16-01,URBL,67,803,1000,0.05,0.001271833913015,0.1569376570085789,0.2775564154900407,0.1936153772310471,4,3
C. elegans,2023-01-16-01,OLQDR,67,803,1000,0.05,-0.0011563528783543,-0.1426879009491436,0.2595236553716251,0.3358429453430105,4,5
C. elegans,2023-01-16-01,URBR,67,803,1000,0.05,-0.0070354674964763,-0.868139914778277,0.7492029382699354,1.213543793037375,12,15
C. elegans,2023-01-16-01,IL1R,67,803,1000,0.05,0.0061793635253561,0.7625011595851295,1.243379063270797,0.835541070597289,16,14
C. elegans,2023-01-16-01,RMEL,67,803,1000,0.05,-0.0055833889404195,-0.6889610109544911,0.2073620226982142,0.5758656927659054,3,8
C. elegans,2023-01-16-01,AWCL,67,803,1000,0.05,-0.0003117052781922,-0.0384628020499451,0.3381259588158518,0.3586985071765429,5,5
C. elegans,2023-01-16-01,AIBR,67,803,1000,0.05,0.0004179048593529,0.0515672752614994,1.553313103460384,1.525731382743087,20,18
C. elegans,2023-01-16-01,OLLL,67,803,1000,0.05,0.0119752533540583,1.4776836694146258,1.032408020298747,0.2420412989308942,16,3
C. elegans,2023-01-16-01,IL2R,67,803,1000,0.05,-0.0060914253788633,-0.7516500519593333,0.2038939430420723,0.6059280180470528,3,9
C. elegans,2023-01-16-01,SMDDR,67,803,1000,0.05,-0.0042838329268448,-0.5286025916398696,0.1069497647679389,0.3896827379396992,2,6
C. elegans,2023-01-16-01,AWBL,67,803,1000,0.05,0.0027825303111237,0.3433496961469588,0.3621785766435259,0.1785315761093571,6,3
C. elegans,2023-01-16-01,IL2DL,67,803,1000,0.05,-0.0019414053057541,-0.2395592670325903,0.0602746077273215,0.1884073579070944,1,3
C. elegans,2023-01-16-01,URXL,67,803,1000,0.05,0.025201920912305,3.109785310502131,1.872424672700552,0.2090978924884194,22,3
C. elegans,2023-01-16-01,AIZL,67,803,1000,0.05,-0.0020687193746119,-0.255269157660845,0.0,0.1365354787243875,0,2
C. elegans,2023-01-16-01,SMDVR,67,803,1000,0.05,0.0002480704961571,0.0306106025648968,0.2170874390422605,0.2007147862958875,3,3
C. elegans,2023-01-16-01,SMDDL,67,803,1000,0.05,0.0018932578107251,0.2336181178122731,0.1249550155078593,0.0,2,0
C. elegans,2023-01-16-01,AUAL,67,803,1000,0.05,-0.0121982153350213,-1.5051960124464034,1.6251468499223702,2.4302290620337783,20,26
C. elegans,2023-01-16-01,URYVL,67,803,1000,0.05,-0.0209616096845822,-2.5865530690466314,0.5573316140005407,1.940797853182969,8,21
C. elegans,2023-01-16-01,ADEL,67,803,1000,0.05,0.0011378004417043,0.1403986272398551,0.0750948291524871,0.0,1,0
C. elegans,2023-01-16-01,OLQVL,67,803,1000,0.05,0.0008739468639888,0.107840474908597,0.126465789400044,0.0687852963767809,2,1
C. elegans,2023-01-16-01,CEPDR,67,803,1000,0.05,-0.0081447647890911,-1.0050214024060318,0.1785495498651741,0.7161040259451914,3,11
C. elegans,2023-01-16-01,RMDVR,67,803,1000,0.05,0.0053795410839184,0.6638072509720487,0.6360522869331211,0.2810025753945058,9,4
C. elegans,2023-01-16-01,CEPDL,67,803,1000,0.05,-0.0002761943366123,-0.034080937474162,0.4871535429268894,0.5053823691433061,8,7
C. elegans,2023-01-16-01,OLQVR,67,803,1000,0.05,0.0023567964381506,0.2908163615268713,0.5045491986640402,0.3490006337460998,8,5
C. elegans,2023-01-16-01,RIAL,67,803,1000,0.05,-0.0082766767317476,-1.0212986466280274,0.4088365788577293,0.9550972431530762,6,12
C. elegans,2023-01-16-01,CEPVR,67,803,1000,0.05,-0.002905045863096,-0.3584674748733133,0.140224523619187,0.3319575505835233,2,5
C. elegans,2023-01-16-01,AVDR,67,803,1000,0.05,-0.0009102729911224,-0.1123229291207428,0.0,0.0600780174140811,0,1
C. elegans,2023-01-16-01,AWCR,67,803,1000,0.05,0.0007946462809658,0.0980551974665569,0.1158130969332398,0.0633664423894964,2,1
C. elegans,2023-01-16-01,URYVR,67,803,1000,0.05,0.0060368917547813,0.7449208877940787,1.5227866169217852,1.124351761106217,18,16
C. elegans,2023-01-16-01,FLPL,67,803,1000,0.05,-0.0027956859454501,-0.3449730326585183,0.0,0.184515272399707,0,3
C. elegans,2023-01-16-01,AVAL,67,803,1000,0.05,-0.0124382180492531,-1.5348110928918948,0.9429308785641326,1.763853269814842,12,20
C. elegans,2023-01-16-01,IL1DR,67,803,1000,0.05,-0.0012365274196993,-0.1525810202799528,0.2476895578806228,0.3293003675807808,4,5
C. elegans,2023-01-16-01,RMER,67,803,1000,0.05,0.0162664965837478,2.007200653691975,1.7787189362727696,0.7051301617454122,22,11
C. elegans,2023-01-16-01,IL2L,67,803,1000,0.05,0.0013716679785869,0.1692566588689344,0.2137107992760918,0.1231807126893524,3,2
C. elegans,2023-01-16-01,RICR,67,803,1000,0.05,-0.0085368400864343,-1.053401444726273,0.330898117689006,0.8943295633936756,5,12
C. elegans,2023-01-16-01,AWAL,67,803,1000,0.05,-0.0008134160535052,-0.1003712892885926,0.0635590515911825,0.1172445111225282,1,2
C. elegans,2023-01-16-01,AINL,67,803,1000,0.05,-0.0192061661377279,-2.369940511042856,0.1196115182812311,1.3872184833712762,2,17
C. elegans,2023-01-16-01,IL2DR,67,803,1000,0.05,0.000197293601991,0.0243449992348909,0.0725406306681581,0.0595192529367483,1,1
C. elegans,2023-01-16-01,ADAL,67,803,1000,0.05,-0.0020613502816764,-0.2543598501107535,0.0567948775957924,0.1928439961864407,1,3
C. elegans,2023-01-16-01,URADL,67,803,1000,0.05,0.0,-7.987157073171819e-18,0.0,0.0,0,0
C. elegans,2023-01-16-01,ALA,67,803,1000,0.05,0.0009297253622037,0.1147232500349143,0.0613618739054477,0.0,1,0
C. elegans,2023-01-16-01,ASER,67,803,1000,0.05,0.0,-7.987157073171819e-18,0.0,0.0,0,0
C. elegans,2023-01-16-01,AIZR,67,803,1000,0.05,-0.0068510923919077,-0.8453889906005122,0.1744239441593871,0.6265960420252958,3,8
C. elegans,2023-01-16-01,IL1L,67,803,1000,0.05,0.0009355757073499,0.115445152046287,0.1220067521548182,0.0602587554697207,2,1
C. elegans,2023-01-16-01,SAAVL,67,803,1000,0.05,-0.0051655869308595,-0.6374064268198518,0.057337673003226,0.3982664104399571,1,6
C. elegans,2023-01-16-01,RICL,67,803,1000,0.05,-0.0038554938317492,-0.475747786227326,0.0,0.254462592895448,0,4
C. elegans,2023-01-16-01,AINR,67,803,1000,0.05,-0.0056672090462152,-0.6993039738831982,0.0687852963767809,0.4428210934269878,1,6
C. elegans,2023-01-16-01,RID,67,803,1000,0.05,0.0225509921440111,2.782674556861012,2.2932887096267747,0.8049232281220418,27,13
C. elegans,2023-01-16-01,ASGR,67,803,1000,0.05,-0.0108085341140438,-1.3337166136214302,0.8187223455537556,1.5320855970806466,10,21
C. elegans,2023-01-16-01,AVJL,67,803,1000,0.05,-0.0020850357229108,-0.2572825097556125,0.2494730606236084,0.3870854183357233,4,6
C. elegans,2023-01-16-01,RIAR,67,803,1000,0.05,-0.0084482207460716,-1.0424662813375278,0.0,0.5575825692407319,0,9
C. elegans,2023-01-16-01,AIBL,67,803,1000,0.05,0.0188213023916686,2.322450336456376,2.05298577474613,0.8107798168959985,22,13
C. elegans,2023-01-16-01,RMDDL,67,803,1000,0.05,0.0024590186246321,0.3034300450248067,0.6357368831071151,0.4734416538813906,9,6
C. elegans,2023-01-16-01,AVJR,67,803,1000,0.05,-0.0022043789720525,-0.2720088428942638,0.0516589433760712,0.1971479555315403,1,3
C. elegans,2023-01-16-01,SMDVL,67,803,1000,0.05,0.0103001582155056,1.2709856850152974,1.2429238934893827,0.5631134512660085,18,10
C. elegans,2023-01-16-01,ASEL,67,803,1000,0.05,-0.0010360037413889,-0.1278374465108194,0.1755460358493286,0.2439222827810012,3,4
C. elegans,2023-01-16-01,RIVR,67,803,1000,0.05,-2.9931730130021972e-05,-0.0036934190453239,0.6149806065839907,0.6169561007725721,9,8
C. elegans,2023-01-16-01,RMDVL,67,803,1000,0.05,0.0086917214396752,1.072512994153601,0.7670393557929107,0.1933857407743442,11,3
C. elegans,2023-01-16-01,CEPVL,67,803,1000,0.05,0.0041526783326437,0.5124188002586195,0.8300501817090651,0.5559734117545787,12,7
C. elegans,2023-01-16-08,SAADR,71,803,1000,0.05,-0.0064574701174298,-0.7158221537432706,0.4221555508193138,0.8741784590394013,7,12
C. elegans,2023-01-16-08,RIAR,71,803,1000,0.05,0.0008637011437318,0.095742822135227,0.0604590800612263,0.0,1,0
C. elegans,2023-01-16-08,RMER,71,803,1000,0.05,-0.0199237439710839,-2.2085827825227704,1.0776488955992458,2.4723109735751203,16,30
C. elegans,2023-01-16-08,CEPDR,71,803,1000,0.05,-0.0170085863188175,-1.885432324030672,0.5175688518583419,1.708169894175572,8,21
C. elegans,2023-01-16-08,AWCR,71,803,1000,0.05,-0.0019973160297428,-0.2214060671000939,0.0622008624070877,0.2020129844890905,1,3
C. elegans,2023-01-16-08,RMGL,71,803,1000,0.05,-0.0060400387792051,-0.669549140607463,0.0674317816309666,0.4902344961753275,1,7
C. elegans,2023-01-16-08,AWCL,71,803,1000,0.05,-0.0009503966172435,-0.1053531709932804,0.1816755670597443,0.2482033302667914,3,4
C. elegans,2023-01-16-08,RIS,71,803,1000,0.05,0.0187267823586373,2.075897439224497,1.6364996216361547,0.3256248565315398,22,5
C. elegans,2023-01-16-08,ASGR,71,803,1000,0.05,-0.0054942558806999,-0.6090481266221673,0.3207589661652736,0.7053568778142694,5,11
C. elegans,2023-01-16-08,AIBL,71,803,1000,0.05,0.0099880618063512,1.1071945799090948,1.4358095248264169,0.7366451983818303,17,10
C. elegans,2023-01-16-08,URYDL,71,803,1000,0.05,0.0011515809090959,0.1276548108730254,0.6232276726886772,0.5426170090519586,10,8
C. elegans,2023-01-16-08,OLQVR,71,803,1000,0.05,0.0081023252436066,0.8981572970120751,0.7671832083594903,0.2000204413070214,12,3
C. elegans,2023-01-16-08,RIH,71,803,1000,0.05,-0.0004889538000925,-0.0542014064174274,0.2227884077662505,0.2570151737727291,4,4
C. elegans,2023-01-16-08,AVHL,71,803,1000,0.05,-0.0016207964802711,-0.1796681991846306,0.0,0.1134557536189779,0,2
C. elegans,2023-01-16-08,IL1VL,71,803,1000,0.05,0.0010772543391921,0.1194155771822163,0.6748185907444455,0.5994107870009961,10,8
C. elegans,2023-01-16-08,AVJR,71,803,1000,0.05,-0.0059913426115196,-0.664151083009395,0.4077239116900948,0.8271178944964697,7,13
C. elegans,2023-01-16-08,IL2R,71,803,1000,0.05,-0.0020494574534809,-0.2271860375158596,0.2683451357806512,0.4118071575243198,4,6
C. elegans,2023-01-16-08,SMDDL,71,803,1000,0.05,0.021038411386126,2.332145666319815,1.9411566547004544,0.4684678576716337,26,7
C. elegans,2023-01-16-08,SMDDR,71,803,1000,0.05,0.0046480328924631,0.515242789397033,0.4996710805281434,0.1743087780557237,8,3
C. elegans,2023-01-16-08,AWAL,71,803,1000,0.05,0.0035811590093819,0.3969779044077463,0.7974192409170011,0.5467381102602618,13,8
C. elegans,2023-01-16-08,BAGL,71,803,1000,0.05,0.0018081874222985,0.2004408214770621,1.516261145337209,1.3896880257763131,22,20
C. elegans,2023-01-16-08,ADLL,71,803,1000,0.05,-0.0016147144670992,-0.1789939971072506,0.0,0.1130300126969463,0,2
C. elegans,2023-01-16-08,ASGL,71,803,1000,0.05,-0.0012167260078823,-0.1348762620096303,0.5782253520029559,0.663396172554723,8,10
C. elegans,2023-01-16-08,AVEL,71,803,1000,0.05,-0.0244313708539685,-2.7082613137277787,0.9045323655715118,2.6147283253493128,14,30
C. elegans,2023-01-16-08,SAADL,71,803,1000,0.05,0.0164101089495069,1.8190900333694684,1.7320402194924265,0.5833325930269426,23,9
C. elegans,2023-01-16-08,SMDVR,71,803,1000,0.05,-0.0019486956699364,-0.2160164129415013,0.5242635515577478,0.6606722484533023,8,9
C. elegans,2023-01-16-08,RICL,71,803,1000,0.05,-0.0092871995821897,-1.0295027443057934,0.0932319178604008,0.7433358886136818,2,11
C. elegans,2023-01-16-08,AQR,71,803,1000,0.05,-0.015061723524338,-1.6696190886236095,1.0260961474966517,2.0804167942003176,12,29
C. elegans,2023-01-16-08,SAAVL,71,803,1000,0.05,-0.0013475642261931,-0.1493799133653406,0.1207936071738147,0.215123103007333,2,3
C. elegans,2023-01-16-08,AWBL,71,803,1000,0.05,-0.0056539878308792,-0.6267547000200577,0.0581602811195018,0.4539394292810481,1,7
C. elegans,2023-01-16-08,URYVL,71,803,1000,0.05,-0.0097410339595389,-1.0798110996723902,0.3067148849419743,0.9885872621096992,5,14
C. elegans,2023-01-16-08,ASEL,71,803,1000,0.05,0.0020504478753668,0.2272958275597259,0.2017143903998359,0.0581830391241564,3,1
C. elegans,2023-01-16-08,AIZR,71,803,1000,0.05,-0.000969797248424,-0.1075037657839755,0.1273888071970383,0.1952746145867214,2,3
C. elegans,2023-01-16-08,CEPDL,71,803,1000,0.05,-0.0070231872300097,-0.7785329111408702,0.3948621639079497,0.8864852700086323,6,13
C. elegans,2023-01-16-08,RMDL,71,803,1000,0.05,0.0196582569092559,2.179153065167096,2.0877247980940794,0.7116468144461634,26,10
C. elegans,2023-01-16-08,URBL,71,803,1000,0.05,-0.0048416054503424,-0.5367006549027091,0.5804964887656268,0.9194088702895952,8,12
C. elegans,2023-01-16-08,AUAL,71,803,1000,0.05,-0.0151037918497786,-1.6742824380117822,0.8030627360304168,1.8603281655149244,13,23
C. elegans,2023-01-16-08,AVAL,71,803,1000,0.05,-0.0151174737331204,-1.675799099339344,0.9977264735690716,2.0559496348875053,14,24
C. elegans,2023-01-16-08,OLQVL,71,803,1000,0.05,0.0096353714263064,1.068098218198216,2.0255479668634857,1.3510719670220377,26,19
C. elegans,2023-01-16-08,IL2DR,71,803,1000,0.05,-0.0042005875840579,-0.465642673791325,0.1319406086224446,0.4259817395065011,2,7
C. elegans,2023-01-16-08,AVDL,71,803,1000,0.05,0.0031475588314445,0.3489125463665405,0.3616999597002062,0.1413708414990884,6,2
C. elegans,2023-01-16-08,OLQDR,71,803,1000,0.05,-0.0028948581014107,-0.3209002168418481,0.3811198269247375,0.5837598940234887,6,9
C. elegans,2023-01-16-08,FLPL,71,803,1000,0.05,-0.0001585360245904,-0.0175740028996693,0.0569303557962848,0.068027877517617,1,1
C. elegans,2023-01-16-08,AVER,71,803,1000,0.05,-0.011339647852503,-1.2570203192360674,1.0226282511034004,1.816403600778615,13,25
C. elegans,2023-01-16-08,ADEL,71,803,1000,0.05,-0.0012243936438539,-0.1357262332205617,0.1200481929161907,0.2057557479859655,2,3
C. elegans,2023-01-16-08,RMDR,71,803,1000,0.05,0.0136029714080567,1.5079137980585693,1.3022908543478535,0.3500828557838806,17,5
C. elegans,2023-01-16-08,IL2DL,71,803,1000,0.05,0.0025391674879043,0.2814712738663056,0.381704098536721,0.2039623743834173,6,3
C. elegans,2023-01-16-08,RID,71,803,1000,0.05,-0.0062460108373752,-0.6923815129776107,1.2540326153732877,1.691253373989556,18,23
C. elegans,2023-01-16-08,AIBR,71,803,1000,0.05,0.01468211573489,1.627538883763351,1.803224880812428,0.7754767793701269,23,11
C. elegans,2023-01-16-08,AINL,71,803,1000,0.05,0.0014238300989554,0.1578341222590836,0.8539129035501185,0.7542447966232357,14,12
C. elegans,2023-01-16-08,CEPVR,71,803,1000,0.05,0.0010819405608772,0.1199350532678337,0.4992522940450299,0.423516454783619,8,7
C. elegans,2023-01-16-08,IL1L,71,803,1000,0.05,0.0094155834383429,1.0437343252107345,1.7763866919662572,1.117295851282253,24,14
C. elegans,2023-01-16-08,RIVR,71,803,1000,0.05,-0.0031280229886789,-0.3467469631289291,0.2944953468990472,0.5134569561065709,5,8
C. elegans,2023-01-16-08,AIZL,71,803,1000,0.05,-0.0002831465988675,-0.0313873087355614,0.2424727339626047,0.2622929958833313,4,4
C. elegans,2023-01-16-08,URXL,71,803,1000,0.05,0.0003761669581756,0.0416987825373839,1.2718023453763454,1.245470658304049,17,17
C. elegans,2023-01-16-08,IL2L,71,803,1000,0.05,0.0094926702364626,1.0522795351539118,1.2222106536038164,0.5577237370514316,18,8
C. elegans,2023-01-16-08,IL1DL,71,803,1000,0.05,0.0028397433569638,0.3147906484883656,0.7738641337635235,0.5750820987760572,13,8
C. elegans,2023-01-16-08,RMDDR,71,803,1000,0.05,0.0035273473142547,0.3910127814103377,0.4407932298371775,0.1938789178393452,8,3
C. elegans,2023-01-16-08,AWBR,71,803,1000,0.05,-1.1858443593177574e-06,-0.0001314529758333,0.0570218440414027,0.057104853146555,1,1
C. elegans,2023-01-16-08,IL1DR,71,803,1000,0.05,-0.0073023159022918,-0.8094748255022138,0.6302973875505851,1.1414595007110124,10,17
C. elegans,2023-01-16-08,RIVL,71,803,1000,0.05,-0.0003238789235104,-0.035902560037176,0.2257093618233523,0.248380886469083,4,4
C. elegans,2023-01-16-08,URYDR,71,803,1000,0.05,-0.0004141352377202,-0.0459076344783564,0.2365558422083533,0.2655453088487696,4,4
C. elegans,2023-01-16-08,AVJL,71,803,1000,0.05,-0.0003493087343879,-0.038721500219725,0.2166641462366132,0.2411157576437705,3,4
C. elegans,2023-01-16-08,OLQDL,71,803,1000,0.05,0.0233794147927418,2.591650096068701,1.960865377657235,0.3243063421653041,29,5
C. elegans,2023-01-16-08,AVBL,71,803,1000,0.05,-0.0020198391470018,-0.2239027950774738,0.1173852439354505,0.2587739842255767,2,4
C. elegans,2023-01-16-08,AWAR,71,803,1000,0.05,-0.0035497230623964,-0.3934931732565453,0.191177320539408,0.4396579349071587,3,7
C. elegans,2023-01-16-08,SMDVL,71,803,1000,0.05,0.0096423986567386,1.0688771993055797,1.838016937809209,1.1630490318375055,23,17
C. elegans,2023-01-16-08,ADAL,71,803,1000,0.05,0.0008817731455094,0.0977461359717095,0.0617241201856608,0.0,1,0
C. elegans,2023-01-16-08,AVAR,71,803,1000,0.05,0.0016404430775528,0.1818460597591577,1.6395715591324516,1.5247405437037522,18,23
C. elegans,2023-01-16-08,RMDDL,71,803,1000,0.05,0.0001541594321933,0.0170888497764194,0.1909851156953315,0.1801939554417977,3,3
C. elegans,2023-01-16-08,RIBL,71,803,1000,0.05,0.0082498539739088,0.9145111215816778,2.162352585293735,1.5848628071201154,23,26
C. elegans,2023-01-16-15,URYDL,70,802,1000,0.05,0.0006652557229763,0.0735941012779741,0.7529629871224537,0.707060342237086,12,10
C. elegans,2023-01-16-15,OLQDR,70,802,1000,0.05,-0.0058288547114433,-0.6448186902464438,0.752935907647271,1.15512688273686,11,13
C. elegans,2023-01-16-15,AWAL,70,802,1000,0.05,-0.0028229146905975,-0.3122857308306211,0.1895361781712417,0.3843172918224757,3,6
C. elegans,2023-01-16-15,CEPDL,70,802,1000,0.05,-0.0075703625007017,-0.8374734787624482,0.83743113889716,1.3597861514455838,12,18
C. elegans,2023-01-16-15,CEPVR,70,802,1000,0.05,-0.0006977542285506,-0.0771892575885686,0.0590477980592814,0.1071928398292754,1,2
C. elegans,2023-01-16-15,IL2DL,70,802,1000,0.05,0.0,-3.015638559260832e-17,0.0,0.0,0,0
C. elegans,2023-01-16-15,OLLL,70,802,1000,0.05,-0.008726687305137,-0.9653922351575256,0.1088885647492858,0.7110299888037424,2,9
C. elegans,2023-01-16-15,AWCL,70,802,1000,0.05,-0.0037178524933053,-0.4112884767150089,0.0,0.2565318220380685,0,4
C. elegans,2023-01-16-15,IL1R,70,802,1000,0.05,0.0030580798020061,0.3383009373569447,0.424346348735539,0.2133388423971136,6,3
C. elegans,2023-01-16-15,AUAR,70,802,1000,0.05,8.703613613537519e-05,0.0096283970154107,1.2931088412109073,1.2871033478175664,18,17
C. elegans,2023-01-16-15,AWBL,70,802,1000,0.05,2.6914584442116546e-05,0.0029774334663756,0.1256298535781757,0.1237727472516696,2,2
C. elegans,2023-01-16-15,AVDL,70,802,1000,0.05,-0.0018638794266227,-0.2061921852834377,0.0553616183486989,0.1839692987856671,1,3
C. elegans,2023-01-16-15,CEPVL,70,802,1000,0.05,-0.0056235209657888,-0.6221035869386926,0.7487571442257224,1.1367800908651535,11,16
C. elegans,2023-01-16-15,RIVL,70,802,1000,0.05,0.0039010259088237,0.4315520872748428,1.7980582976069908,1.5288875098981527,23,19
C. elegans,2023-01-16-15,AVJR,70,802,1000,0.05,0.0015749752515645,0.1742320797412656,0.2256274742060546,0.1169541818480977,4,2
C. elegans,2023-01-16-15,RIR,70,802,1000,0.05,0.0028048041050481,0.3102822422154969,0.3812756471030543,0.1877441638547319,6,3
C. elegans,2023-01-16-15,RIVR,70,802,1000,0.05,0.0135232708085078,1.4960156329631318,1.7942200848889005,0.8611143991018575,22,11
C. elegans,2023-01-16-15,IL2DR,70,802,1000,0.05,-0.0009395949186594,-0.1039429518843124,0.06280186970982,0.1276339190973221,1,2
C. elegans,2023-01-16-15,CEPDR,70,802,1000,0.05,-0.0017535213621355,-0.193983793391103,0.0,0.1209929739873501,0,2
C. elegans,2023-01-16-15,URYVL,70,802,1000,0.05,-0.0008863520277025,-0.0980529421120069,0.1269507498622233,0.1881090397737006,2,3
C. elegans,2023-01-16-15,RICL,70,802,1000,0.05,-0.0020845456046478,-0.2306034432303088,0.0604289804024227,0.2042626271231276,1,3
C. elegans,2023-01-16-15,RICR,70,802,1000,0.05,-0.0036450101021555,-0.4032302667267879,0.0,0.2515056970487315,0,4
C. elegans,2023-01-16-15,OLQVL,70,802,1000,0.05,-0.0036993924449198,-0.4092463286754563,0.4552191938564243,0.7104772725558948,6,10
C. elegans,2023-01-16-15,URBR,70,802,1000,0.05,-0.0055380266336039,-0.6126457524185233,0.185165404992833,0.5672892427115084,3,8
C. elegans,2023-01-16-15,URXR,70,802,1000,0.05,0.005364791764893,0.5934815963918001,0.6668012275924258,0.296630595814805,10,4
C. elegans,2023-01-16-15,RIBL,70,802,1000,0.05,0.0341879188694248,3.7820481310599567,3.1188116298063595,0.7598452278160424,35,12
C. elegans,2023-01-16-15,SMDDR,70,802,1000,0.05,-0.0159756718272554,-1.7673131847383177,1.1196635508087225,2.2219849068893454,16,26
C. elegans,2023-01-16-15,IL1VL,70,802,1000,0.05,-0.0008827357330781,-0.0976528885030763,0.0,0.0609087655823943,0,1
C. elegans,2023-01-16-15,AIBL,70,802,1000,0.05,0.0081179086123368,0.8980459212117183,2.1569599824280794,1.596824288176836,24,17
C. elegans,2023-01-16-15,AVDR,70,802,1000,0.05,-0.0016449017757701,-0.1819677211294721,0.0620466698885668,0.175544892416704,1,3
C. elegans,2023-01-16-15,AVAL,70,802,1000,0.05,0.0061283184154794,0.6779469466488267,2.461862661163277,2.0390086904951947,27,22
C. elegans,2023-01-16-15,FLPL,70,802,1000,0.05,-0.0029405766108243,-0.3253021138163808,0.0,0.2028997861468799,0,3
C. elegans,2023-01-16-15,URXL,70,802,1000,0.05,0.0191196356261865,2.115115063386797,1.966455147173024,0.6472002889661508,25,9
C. elegans,2023-01-16-15,OLQVR,70,802,1000,0.05,-0.0029313755019191,-0.32428423855841,0.2387305646591406,0.4409954742915598,4,7
C. elegans,2023-01-16-15,AUAL,70,802,1000,0.05,0.0010279254038244,0.1137145366248098,1.738981634747108,1.6680547818832223,24,20
C. elegans,2023-01-16-15,AWAR,70,802,1000,0.05,-0.0010501726823684,-0.1161756480647903,0.0569253374777862,0.1293872525612109,1,2
C. elegans,2023-01-16-15,RMDDL,70,802,1000,0.05,-0.0018371755696589,-0.2032380636035665,0.3188815064567505,0.4456466207632199,5,7
C. elegans,2023-01-16-15,AIZL,70,802,1000,0.05,-0.0093825759441351,-1.037950100138438,0.0,0.6473977401453235,0,9
C. elegans,2023-01-16-15,ASGL,70,802,1000,0.05,0.015494229359779,1.7140534764979256,2.1475906299998746,1.0784888041751186,24,12
C. elegans,2023-01-16-15,ASIR,70,802,1000,0.05,-0.008638861617921,-0.9556764938319774,0.2497857531446445,0.8458672047812001,4,11
C. elegans,2023-01-16-15,ASGR,70,802,1000,0.05,0.0259735472027509,2.8733309573579877,2.525569630454949,0.7333948734651341,30,9
C. elegans,2023-01-16-15,RIH,70,802,1000,0.05,-0.0044409509790967,-0.491281449882073,0.3775481769288111,0.6839737944864868,6,10
C. elegans,2023-01-16-15,IL1DR,70,802,1000,0.05,-0.0026206525790806,-0.2899104279123996,0.0,0.1808250279565637,0,3
C. elegans,2023-01-16-15,AIBR,70,802,1000,0.05,0.0138566331360727,1.5328939341182255,1.889743033172795,0.9336353467837748,19,13
C. elegans,2023-01-16-15,SAAVL,70,802,1000,0.05,-0.0043071034325715,-0.4764745274392038,0.1970234937625425,0.4942136306099778,3,7
C. elegans,2023-01-16-15,RMER,70,802,1000,0.05,0.0180130841291929,1.9927024931127628,2.2986596291812567,1.0557568242669455,29,13
C. elegans,2023-01-16-15,FLPR,70,802,1000,0.05,0.0,-3.015638559260832e-17,0.0,0.0,0,0
C. elegans,2023-01-16-15,AVER,70,802,1000,0.05,-0.0186185289431462,-2.059679995774379,1.2585040164187462,2.543182513495835,16,25
C. elegans,2023-01-16-15,URBL,70,802,1000,0.05,-0.0095632499594217,-1.057937213845349,0.3199252325616499,0.9797894797617496,5,14
C. elegans,2023-01-16-15,RID,70,802,1000,0.05,0.014317698157875,1.5838993817052636,2.3931108548615283,1.4051896819681522,28,20
C. elegans,2023-01-16-15,AINL,70,802,1000,0.05,-0.0011144755507598,-0.1232891709484186,0.0607780654480318,0.1376768784504594,1,2
C. elegans,2023-01-16-15,AWBR,70,802,1000,0.05,0.0,-3.015638559260832e-17,0.0,0.0,0,0
C. elegans,2023-01-16-15,SMDVL,70,802,1000,0.05,-0.0026504644693297,-0.2932083766477618,1.3376301982283794,1.520512246612133,19,21
C. elegans,2023-01-16-15,IL1L,70,802,1000,0.05,0.0065986227385339,0.7299744945329557,1.0278934638756252,0.5725884949167814,15,8
C. elegans,2023-01-16-15,AIZR,70,802,1000,0.05,-0.0181501151119302,-2.0078615840810765,0.1846620991016543,1.4370200418248396,3,18
C. elegans,2023-01-16-15,RMEL,70,802,1000,0.05,0.0061717587106235,0.6827525415050095,2.066514923223054,1.6406635721900278,26,22
C. elegans,2023-01-16-15,IL1VR,70,802,1000,0.05,0.0008492054395054,0.0939435903552393,0.1194558741686941,0.0608606988428204,2,1
C. elegans,2023-01-16-15,AVJL,70,802,1000,0.05,0.0007996571137128,0.0884622928923367,0.0551763408461871,0.0,1,0
C. elegans,2023-01-16-15,IL2L,70,802,1000,0.05,0.0066780859382148,0.7387651333252477,0.6709317864937181,0.2101438567568903,10,3
C. elegans,2023-01-16-15,ADEL,70,802,1000,0.05,0.0,-3.015638559260832e-17,0.0,0.0,0,0
C. elegans,2023-01-16-15,OLQDL,70,802,1000,0.05,-0.006936116603556,-0.7673098481801309,0.1923376236446659,0.6709296692900324,3,10
C. elegans,2023-01-16-15,RMDVL,70,802,1000,0.05,-0.0158651252694376,-1.7550839407183298,0.8908803163451919,1.98557395993639,13,20
C. elegans,2023-01-16-15,IL1DL,70,802,1000,0.05,0.0,-3.015638559260832e-17,0.0,0.0,0,0
C. elegans,2023-01-16-15,IL2VR,70,802,1000,0.05,-0.0007658372879042,-0.0847209651595592,0.0,0.0528427728653948,0,1
C. elegans,2023-01-16-15,BAGL,70,802,1000,0.05,-0.0087647761825064,-0.9696058279187376,0.4035117483263786,1.0082813049193238,6,13
C. elegans,2023-01-16-15,URYVR,70,802,1000,0.05,0.0027253061264855,0.3014877559996446,0.1880461227275009,0.0,3,0
C. elegans,2023-01-16-15,AINR,70,802,1000,0.05,-0.0006649213568619,-0.0735571119326194,0.0698073252197479,0.1156868988432227,1,2
C. elegans,2023-01-16-15,IL2VL,70,802,1000,0.05,0.0,-3.015638559260832e-17,0.0,0.0,0,0
C. elegans,2023-01-16-15,ASEL,70,802,1000,0.05,-0.0067707567995285,-0.7490168733967559,0.11119377435051,0.5783759935179824,2,9
C. elegans,2023-01-16-15,OLLR,70,802,1000,0.05,-0.0091502978603619,-1.012254271855482,0.180919882901172,0.8122904352661493,2,11
C. elegans,2023-01-17-07,ADAL,68,802,1000,0.05,-0.0037151831344984,-0.6042173336917293,0.2604122211960344,0.5093294912074335,4,7
C. elegans,2023-01-17-07,OLQDR,68,802,1000,0.05,0.0075747292729421,1.2319130872001025,0.8980931675345878,0.3905863062474641,13,6
C. elegans,2023-01-17-07,CEPVR,68,802,1000,0.05,0.0060775430372475,0.988418798326114,0.5385920494147776,0.1313966659191918,8,2
C. elegans,2023-01-17-07,AVAR,68,802,1000,0.05,0.0051383086485732,0.8356667865163477,1.3519872831780215,1.0077206037236133,17,13
C. elegans,2023-01-17-07,AVDR,68,802,1000,0.05,-0.0008716959332411,-0.1417679219315193,0.0,0.0584036275271557,0,1
C. elegans,2023-01-17-07,AUAL,68,802,1000,0.05,-0.0001322712007452,-0.0215118742051766,0.2022596367620668,0.2111218072120015,3,3
C. elegans,2023-01-17-07,ASGL,68,802,1000,0.05,-0.0110332753399068,-1.794392353330143,0.3010369269057915,1.0402663746795486,4,13
C. elegans,2023-01-17-07,RMDVR,68,802,1000,0.05,0.0035171368202254,0.5720081500188222,0.4990269342228766,0.2633787672677732,8,4
C. elegans,2023-01-17-07,AIZL,68,802,1000,0.05,-0.0018985233849739,-0.3087655967665276,0.0,0.1272010667932557,0,2
C. elegans,2023-01-17-07,RIH,68,802,1000,0.05,0.0077418330055535,1.2590899363925054,0.7187389305673686,0.2000361191952779,10,3
C. elegans,2023-01-17-07,IL1DL,68,802,1000,0.05,0.0010149806353481,0.1650709725569407,0.4626808818237133,0.3946771792553858,7,6
C. elegans,2023-01-17-07,URXL,68,802,1000,0.05,0.0002014903111981,0.0327692967451285,0.281719618361242,0.2682197675109643,4,4
C. elegans,2023-01-17-07,AIBR,68,802,1000,0.05,-0.0009069577735126,-0.1475027173207675,1.1698386739488966,1.2306048447742457,16,14
C. elegans,2023-01-17-07,RMEL,68,802,1000,0.05,-0.0018525423783078,-0.3012874940075376,0.546761092447456,0.6708814317940837,8,10
C. elegans,2023-01-17-07,AVJL,68,802,1000,0.05,-0.011721542674676,-1.906328437993032,0.1622154050127902,0.947558764216084,2,13
C. elegans,2023-01-17-07,AIZR,68,802,1000,0.05,0.0018147140580974,0.29513530017264,0.1215858418925295,0.0,2,0
C. elegans,2023-01-17-07,AVER,68,802,1000,0.05,0.0003480970247277,0.0566126213790057,1.835352624852593,1.8120301241958336,21,25
C. elegans,2023-01-17-07,RIAL,68,802,1000,0.05,-0.0002859136805056,-0.0464994578859318,0.1727184248455722,0.1918746414394534,3,3
C. elegans,2023-01-17-07,AWAL,68,802,1000,0.05,-0.0004731916681353,-0.0769573390315388,0.1278051528781136,0.1595089946431791,2,2
C. elegans,2023-01-17-07,FLPL,68,802,1000,0.05,0.0016279435261475,0.2647599488799738,0.1729016136495116,0.0638293973976282,3,1
C. elegans,2023-01-17-07,RMER,68,802,1000,0.05,0.0171929587290237,2.796170015162647,1.8267006297462984,0.6747723949017082,22,10
C. elegans,2023-01-17-07,IL1L,68,802,1000,0.05,-0.0050538087223947,-0.8219241745792257,0.1839748847808353,0.5225800691812807,3,8
C. elegans,2023-01-17-07,CEPVL,68,802,1000,0.05,-0.0018796482280051,-0.305695843108685,0.4167779829990317,0.5427144142753799,6,8
C. elegans,2023-01-17-07,ASEL,68,802,1000,0.05,0.001023795351203,0.1665045503694582,0.0685942885306012,0.0,1,0
C. elegans,2023-01-17-07,CEPDR,68,802,1000,0.05,0.0107309013979156,1.7452158873542871,1.0259097018609795,0.306939308200628,15,4
C. elegans,2023-01-17-07,ADEL,68,802,1000,0.05,-0.0008531057514851,-0.1387445151042379,0.0,0.057158085349505,0,1
C. elegans,2023-01-17-07,AIBL,68,802,1000,0.05,0.007127117315852,1.1591158943160835,1.253236715664718,0.7757198555026337,17,10
C. elegans,2023-01-17-07,RMED,68,802,1000,0.05,-0.0116407148355638,-1.8931830344776808,0.531346978610463,1.3112748725932426,9,18
C. elegans,2023-01-17-07,RIVL,68,802,1000,0.05,0.0183112829104455,2.978048224295102,1.6588101331835508,0.4319541781836977,21,6
C. elegans,2023-01-17-07,RICL,68,802,1000,0.05,-0.0020049495794713,-0.3260741786442415,0.0529804696937343,0.187312091518315,1,3
C. elegans,2023-01-17-07,IL1R,68,802,1000,0.05,-0.0064613535480764,-1.0508396683345056,1.0241021908991614,1.4570128786202834,14,19
C. elegans,2023-01-17-07,URBR,68,802,1000,0.05,0.0003100236723192,0.0504205768298748,0.1448400341750382,0.1240684481296505,2,2
C. elegans,2023-01-17-07,IL2DR,68,802,1000,0.05,0.0,1.65956508009181e-17,0.0,0.0,0,0
C. elegans,2023-01-17-07,OLLL,68,802,1000,0.05,-0.0137602261950196,-2.237888922714482,0.3116976970211853,1.2336328520875002,5,15
C. elegans,2023-01-17-07,RIVR,68,802,1000,0.05,0.004202309918814,0.6834410048092725,0.6109293878817863,0.3293746233212471,9,4
C. elegans,2023-01-17-07,RMDL,68,802,1000,0.05,-0.0009432592404447,-0.1534065919790858,0.1212951341914205,0.1844935033012165,2,3
C. elegans,2023-01-17-07,IL2VR,68,802,1000,0.05,0.000167720366113,0.0272771351370526,0.0742389217922325,0.0630016572626597,1,1
C. elegans,2023-01-17-07,OLQVL,68,802,1000,0.05,0.0037900106944517,0.6163868841889321,0.4893649406544909,0.2354342241262212,7,4
C. elegans,2023-01-17-07,AINL,68,802,1000,0.05,0.0,1.65956508009181e-17,0.0,0.0,0,0
C. elegans,2023-01-17-07,AVJR,68,802,1000,0.05,7.387702854858718e-05,0.0120149611996773,0.0638293973976282,0.0588796364848729,1,1
C. elegans,2023-01-17-07,URADL,68,802,1000,0.05,-0.0038931939623514,-0.6331680539872757,0.1212511525230031,0.3820951480005532,2,6
C. elegans,2023-01-17-07,SMDDL,68,802,1000,0.05,0.0008636124396282,0.1404532661579298,0.1915202863255123,0.133658252870422,3,2
C. elegans,2023-01-17-07,IL1VR,68,802,1000,0.05,-0.0020978761666293,-0.3411872572433277,0.1494185435070556,0.2899762466712219,2,4
C. elegans,2023-01-17-07,IL2VL,68,802,1000,0.05,-1.9845669862393677e-05,-0.0032275926368836,0.0630016572626597,0.06433131714344,1,1
C. elegans,2023-01-17-07,SAAVL,68,802,1000,0.05,-0.0178727486384288,-2.906727377118027,0.4313552541639023,1.6288294129386325,7,18
C. elegans,2023-01-17-07,RMDDL,68,802,1000,0.05,0.0005902910943781,0.0960017577155747,0.238594748515037,0.1990452451917037,4,3
C. elegans,2023-01-17-07,ASGR,68,802,1000,0.05,-0.0014671500044275,-0.2386093583299719,0.6407285100287696,0.7390275603254151,9,10
C. elegans,2023-01-17-07,SMDVR,68,802,1000,0.05,-0.0012490446620582,-0.2031378825885512,0.1207779231101144,0.204463915468017,2,3
C. elegans,2023-01-17-07,AVDL,68,802,1000,0.05,-0.0008484039779215,-0.1379798440279032,0.0,0.056843066520742,0,1
C. elegans,2023-01-17-07,OLQDL,68,802,1000,0.05,0.0047030784736305,0.7648832998547688,0.6832645445089685,0.3681582867757247,10,6
C. elegans,2023-01-17-07,OLLR,68,802,1000,0.05,0.0013870574509892,0.2255835377081864,0.4921931830424078,0.3992603338261293,6,6
C. elegans,2023-01-17-07,URXR,68,802,1000,0.05,0.0078726098338312,1.280358773924866,0.5930776625737173,0.0656128037070207,9,1
C. elegans,2023-01-17-07,CEPDL,68,802,1000,0.05,-0.0074659103772894,-1.2142153693201976,0.2556028909514203,0.755818886229815,4,11
C. elegans,2023-01-17-07,AWCR,68,802,1000,0.05,-0.0032697680525367,-0.531777428721781,0.1255906756170599,0.3446651351370202,2,5
C. elegans,2023-01-17-07,AWAR,68,802,1000,0.05,0.0027966669546429,0.4548348195455001,0.3357397625121656,0.1483630765510906,5,2
C. elegans,2023-01-17-07,AVEL,68,802,1000,0.05,-0.0036216827282738,-0.5890109322566102,1.2332162999404337,1.4758690427347791,14,21
C. elegans,2023-01-17-07,URYVL,68,802,1000,0.05,0.0114653967082696,1.8646702404681688,1.336900777739865,0.5687191982858013,17,9
C. elegans,2023-01-17-07,URYVR,68,802,1000,0.05,-0.0030054561550171,-0.4887911682332193,0.0570489304148451,0.2584144928009957,1,4
C. elegans,2023-01-17-07,URBL,68,802,1000,0.05,-0.0055891163967803,-0.9089837256195404,0.1191488307997103,0.4936196293839909,2,8
C. elegans,2023-01-17-07,RMDDR,68,802,1000,0.05,-0.0020412357408477,-0.3319755640896026,0.0,0.1367627946368022,0,2
C. elegans,2023-01-17-07,AWBL,68,802,1000,0.05,0.0019261678354465,0.3132615409908731,0.1881903329891794,0.0591370880142587,3,1
C. elegans,2023-01-17-07,RIML,68,802,1000,0.05,-0.0109222883818026,-1.7763420334744338,0.8703731916613506,1.602166513242131,12,18
C. elegans,2023-01-17-07,AWCL,68,802,1000,0.05,-0.0003316889120937,-0.0539440944968178,0.0520157646819541,0.0742389217922325,1,1
C. elegans,2023-01-17-07,RID,68,802,1000,0.05,0.0055588532024927,0.9040618830348124,1.2103008129627866,0.837857648395774,17,14
C. elegans,2023-01-17-07,IL2DL,68,802,1000,0.05,0.0008957347289263,0.1456774619214127,0.0600142268380672,0.0,1,0
C. elegans,2023-01-17-07,AUAR,68,802,1000,0.05,0.0007072517314089,0.1150236044712393,0.1159801545350007,0.0685942885306012,2,1
C. elegans,2023-01-17-07,SMDVL,68,802,1000,0.05,-0.0004313659610221,-0.0701550317651754,1.121457015191353,1.1503585345798384,15,18
C. elegans,2023-01-17-07,IL1VL,68,802,1000,0.05,0.0028614448779153,0.465369951372067,0.3284123520454449,0.1366955452251144,5,2
C. elegans,2023-01-16-22,URAVR,73,802,1000,0.05,-0.0065277459199889,-0.7244120533587496,0.0,0.4699977062392055,0,7
C. elegans,2023-01-16-22,AIYL,73,802,1000,0.05,-0.0169651331302769,-1.88269382372488,0.0,1.2214895853799437,0,15
C. elegans,2023-01-16-22,AVDL,73,802,1000,0.05,0.0007851415318401,0.087130534219468,0.1853642694147028,0.1288340791222086,3,2
C. elegans,2023-01-16-22,RICR,73,802,1000,0.05,-0.0026549006240832,-0.294625746180828,0.0,0.1911528449339972,0,3
C. elegans,2023-01-16-22,SMDVL,73,802,1000,0.05,0.0105395669491775,1.1696210956658424,1.36219127161604,0.6033424512752559,17,8
C. elegans,2023-01-16-22,AVJL,73,802,1000,0.05,-0.0023153845988751,-0.2569481919402342,0.3923486361433412,0.5590563272623554,6,8
C. elegans,2023-01-16-22,RMEV,73,802,1000,0.05,0.0145880732350626,1.6189012587636658,1.7480814823863209,0.6977402094618128,22,9
C. elegans,2023-01-16-22,IL1R,73,802,1000,0.05,0.0050300966493833,0.5582114694774972,1.0465572613406162,0.6843903025850131,14,9
C. elegans,2023-01-16-22,CEPDL,73,802,1000,0.05,5.241661266000255e-05,0.0058168970533716,0.0676918747992538,0.0639178786877336,1,1
C. elegans,2023-01-16-22,IL1VR,73,802,1000,0.05,-0.0124754078533176,-1.3844496906406796,0.4098645781279768,1.308093943566845,6,15
C. elegans,2023-01-16-22,IL1DR,73,802,1000,0.05,-0.0069597994851958,-0.7723588965981678,0.6004287107930417,1.1015342737271403,8,13
C. elegans,2023-01-16-22,RMDVL,73,802,1000,0.05,-0.0086396671893957,-0.9587810441336811,0.0535005887161297,0.6755566263526243,1,10
C. elegans,2023-01-16-22,AVBL,73,802,1000,0.05,0.0143195460194113,1.5891016381814722,2.06807470735046,1.0370673939528428,25,11
C. elegans,2023-01-16-22,IL2DR,73,802,1000,0.05,0.0020302555466421,0.2253061941155456,0.21033174044048,0.0641533410822488,3,1
C. elegans,2023-01-16-22,RIVR,73,802,1000,0.05,0.0067626498984793,0.7504803586338158,0.7596143094370174,0.2727035167465059,10,3
C. elegans,2023-01-16-22,RMDL,73,802,1000,0.05,-0.0118457438126484,-1.3145731626296018,0.1920648370876296,1.044958391598319,3,12
C. elegans,2023-01-16-22,URBL,73,802,1000,0.05,-0.0035852349088967,-0.397868944956078,0.0525767302299908,0.3107136436705557,1,5
C. elegans,2023-01-16-22,ASEL,73,802,1000,0.05,0.0031924281104964,0.3542774843063753,0.37812991683671,0.1482750928809686,6,2
C. elegans,2023-01-16-22,IL2VR,73,802,1000,0.05,0.0009320583898236,0.1034345301269819,0.067108204067301,0.0,1,0
C. elegans,2023-01-16-22,AWCL,73,802,1000,0.05,-0.0008773527270974,-0.0973636073380843,0.0,0.0631693963510189,0,1
C. elegans,2023-01-16-22,FLPL,73,802,1000,0.05,0.0008736663511046,0.0969545143318415,0.0629039772795372,0.0,1,0
C. elegans,2023-01-16-22,RMER,73,802,1000,0.05,-0.0061006436018242,-0.6770146713086065,1.0653313219512055,1.504577661282552,15,18
C. elegans,2023-01-16-22,AVDR,73,802,1000,0.05,-0.0015814389773347,-0.1754990881805857,0.0,0.1138636063680995,0,2
C. elegans,2023-01-16-22,AIYR,73,802,1000,0.05,-0.0026384850913698,-0.2928040438802645,0.0,0.1899709265786278,0,3
C. elegans,2023-01-16-22,IL2L,73,802,1000,0.05,-0.0017207874977203,-0.1909631930986281,0.0,0.1238966998358623,0,2
C. elegans,2023-01-16-22,CEPDR,73,802,1000,0.05,-0.0047712336254779,-0.5294843258379491,0.175155644101296,0.5186844651357072,3,7
C. elegans,2023-01-16-22,IL1L,73,802,1000,0.05,-0.0038721734942725,-0.4297117544599552,0.0,0.2787964915876206,0,4
C. elegans,2023-01-16-22,RICL,73,802,1000,0.05,-0.0121482159604639,-1.348139798397687,0.2855708453239409,1.160242394477348,4,14
C. elegans,2023-01-16-22,AIZL,73,802,1000,0.05,0.0,2.1096956555800866e-17,0.0,0.0,0,0
C. elegans,2023-01-16-22,RIVL,73,802,1000,0.05,0.0070577751655697,0.7832316794345187,0.8258823500985697,0.3177225381775463,12,4
C. elegans,2023-01-16-22,BAGL,73,802,1000,0.05,0.0074244125877284,0.8239190117969529,0.6468928501511617,0.1123351438347146,10,2
C. elegans,2023-01-16-22,SAADR,73,802,1000,0.05,-0.005249511709001,-0.5825609027770968,0.7299997201187431,1.107964563166822,11,15
C. elegans,2023-01-16-22,RMDVR,73,802,1000,0.05,-0.0138226704866231,-1.53396122227334,0.1777989874042083,1.1730312624410772,3,15
C. elegans,2023-01-16-22,AINR,73,802,1000,0.05,-0.0033100020726634,-0.367325172803888,0.129903922369178,0.3682240716009439,2,5
C. elegans,2023-01-16-22,IL2VL,73,802,1000,0.05,-0.0008341274884581,-0.0925667166098825,0.0,0.0600571791689859,0,1
C. elegans,2023-01-16-22,ASIR,73,802,1000,0.05,0.0,2.1096956555800866e-17,0.0,0.0,0,0
C. elegans,2023-01-16-22,OLLR,73,802,1000,0.05,-0.0012277198408415,-0.1362453535652989,0.2673384225941184,0.355734251134713,4,5
C. elegans,2023-01-16-22,RIBL,73,802,1000,0.05,0.0322538698032513,3.579350719119073,2.859755585080104,0.5374769592460042,31,8
C. elegans,2023-01-16-22,URYVR,73,802,1000,0.05,-0.0062261031314293,-0.6909374551559939,0.1521380702016115,0.600417495664527,3,7
C. elegans,2023-01-16-22,AUAL,73,802,1000,0.05,0.0039152637661456,0.4344936673453503,0.6831649199361634,0.4012659287736793,11,5
C. elegans,2023-01-16-22,IL1DL,73,802,1000,0.05,0.01750279317641,1.9423602725729483,1.8138146338458228,0.5536135251442986,24,7
C. elegans,2023-01-16-22,SAADL,73,802,1000,0.05,0.0070124342125564,0.7781999987784107,0.7674628156353549,0.262567552331288,11,4
C. elegans,2023-01-16-22,OLQVL,73,802,1000,0.05,0.000243410257615,0.0270122836716911,0.3956042162901352,0.378078677741855,6,5
C. elegans,2023-01-16-22,URAVL,73,802,1000,0.05,-0.0048651049463799,-0.5399016302428132,0.144124011089517,0.494411567228874,2,7
C. elegans,2023-01-16-22,RIML,73,802,1000,0.05,-0.0153435516686613,-1.7027399513322072,0.4655171378689546,1.5702528580125708,6,19
C. elegans,2023-01-16-22,OLLL,73,802,1000,0.05,-0.0020314877817355,-0.2254429405461198,0.1140536733886228,0.2603207936735812,2,4
C. elegans,2023-01-16-22,RIS,73,802,1000,0.05,-0.0039927849082233,-0.4430965220519512,0.167101765327803,0.4545822787198865,3,7
C. elegans,2023-01-16-22,OLQDL,73,802,1000,0.05,-0.0007245370235753,-0.0804049911586519,0.1294529724796289,0.1816196381770525,2,3
C. elegans,2023-01-16-22,CEPVL,73,802,1000,0.05,-0.0011960840446003,-0.132734593128897,0.1255063520636818,0.2116244032749046,2,3
C. elegans,2023-01-16-22,AVJR,73,802,1000,0.05,-0.0001447734382005,-0.016066131391158,0.0633940831487973,0.0738177706992342,1,1
C. elegans,2023-01-16-22,RMDDR,73,802,1000,0.05,0.0033567985930077,0.3725183840299718,0.3128572528048861,0.0711677541083255,5,1
C. elegans,2023-01-16-22,OLQVR,73,802,1000,0.05,-0.0022380943148665,-0.248370956546938,0.4677123163645462,0.6288551070349389,7,9
C. elegans,2023-01-16-22,AIBL,73,802,1000,0.05,0.0106822562328986,1.185455939466387,1.8988654504402092,1.1297430016715082,21,15
C. elegans,2023-01-16-22,RIH,73,802,1000,0.05,0.0037330760241323,0.4142755096679091,0.7240692441795269,0.4552877704419966,10,6
C. elegans,2023-01-16-22,ASIL,73,802,1000,0.05,0.0008063475608263,0.0894838585047212,0.0580570243795,0.0,1,0
C. elegans,2023-01-16-22,IL1VL,73,802,1000,0.05,-0.0066755322254692,-0.7408125355961893,0.0,0.4806383202337883,0,7
C. elegans,2023-01-16-22,URBR,73,802,1000,0.05,0.0041150114080158,0.4566605226694363,0.6210385897317376,0.3247577683545963,9,5
C. elegans,2023-01-16-22,RMEL,73,802,1000,0.05,-0.0098448131907754,-1.0925212815996033,1.049809737577987,1.7586362873138173,13,26
C. elegans,2023-01-16-22,AIZR,73,802,1000,0.05,0.0008578637467659,0.095200831330428,0.180916587690926,0.1191503979237769,3,2
C. elegans,2023-01-16-22,IL2DL,73,802,1000,0.05,-0.0010832163990636,-0.1202091848389341,0.0,0.077991580732581,0,1
C. elegans,2023-01-16-22,AWBL,73,802,1000,0.05,-0.0024468459717018,-0.2715370261555927,0.1510852594092884,0.3272581693718202,2,5
C. elegans,2023-01-16-22,URXR,73,802,1000,0.05,-0.0002388797754139,-0.0265095165673621,0.0482966874619466,0.0654960312917491,1,1
C. elegans,2023-01-16-22,URYDL,73,802,1000,0.05,-0.0022670324761149,-0.2515823488203646,0.3336456319235186,0.4968719702037925,5,7
C. elegans,2023-01-16-22,AVHL,73,802,1000,0.05,-0.0028375701623877,-0.3148973708658581,0.479049671691182,0.6833547233831028,8,9
C. elegans,2023-01-16-22,FLPR,73,802,1000,0.05,0.0017812726692331,0.1976754928465655,0.1911556094643209,0.0629039772795372,3,1
C. elegans,2023-01-16-22,AIBR,73,802,1000,0.05,0.0174391267270752,1.9352949327361983,2.101797911659003,0.8461807873095841,23,12
C. elegans,2023-01-16-22,RIMR,73,802,1000,0.05,0.0002528381165026,0.0280585337401397,1.5702149711928128,1.5520106268046194,18,22
C. elegans,2023-01-16-22,ASHL,73,802,1000,0.05,-0.0002603192795848,-0.0288887505984986,0.1201832345659528,0.1389262226960617,2,2
C. elegans,2023-01-16-22,OLQDR,73,802,1000,0.05,-0.0155507048673047,-1.725728633157218,0.2537526506792473,1.3734034011251923,4,15
C. elegans,2023-01-16-22,URYDR,73,802,1000,0.05,0.0026585259403203,0.2950280631232335,0.3150293102910826,0.1236154425880204,5,2
C. elegans,2023-01-16-22,URYVL,73,802,1000,0.05,-0.0112953501287871,-1.2534936072105214,0.8447831521180444,1.6580483613907209,12,19
C. elegans,2023-01-16-22,AUAR,73,802,1000,0.05,0.0347009349289662,3.850912065738503,2.9273754492598485,0.4289081343742786,32,6
C. elegans,2023-01-16-22,ASGL,73,802,1000,0.05,0.0044862556190006,0.4978590902107235,0.3849597251923775,0.0619493206243326,6,1
C. elegans,2023-01-18-01,RMDVR,70,802,1000,0.05,-0.0022733531059174,-0.4026667532284111,0.1198201680278625,0.2766815323361689,2,4
C. elegans,2023-01-18-01,RIVR,70,802,1000,0.05,0.0054683780986768,0.9685842681842788,0.5033922500695063,0.1260741612608065,7,2
C. elegans,2023-01-18-01,IL2DL,70,802,1000,0.05,-0.0002331221759195,-0.041291671513205,0.0598438263418681,0.0759292564803173,1,1
C. elegans,2023-01-18-01,ASER,70,802,1000,0.05,0.0,1.0424967397314414e-17,0.0,0.0,0,0
C. elegans,2023-01-18-01,OLLL,70,802,1000,0.05,0.0022702825828277,0.4021228880628855,0.7042256426957025,0.5475761444805864,10,9
C. elegans,2023-01-18-01,RIH,70,802,1000,0.05,-0.0050278245320434,-0.8905513951397497,0.1177622732578917,0.4646821659688909,2,7
C. elegans,2023-01-18-01,URYVL,70,802,1000,0.05,-0.0112317346694347,-1.9894164794250184,0.6468859517538217,1.4218756439448224,9,21
C. elegans,2023-01-18-01,ASIR,70,802,1000,0.05,0.0017668685945364,0.3129558881509933,0.1219139330230127,0.0,2,0
C. elegans,2023-01-18-01,RMER,70,802,1000,0.05,0.0147974499139666,2.6209923559201256,1.487643331990863,0.4666192879271613,16,8
C. elegans,2023-01-18-01,AUAL,70,802,1000,0.05,0.0035396042699543,0.6269509806399841,0.7429709235455197,0.4987382289186728,11,7
C. elegans,2023-01-18-01,CEPDL,70,802,1000,0.05,-0.0039172216954176,-0.6938363150290817,0.0,0.2702882969838156,0,4
C. elegans,2023-01-18-01,AVAR,70,802,1000,0.05,-0.0044583612473118,-0.7896854401991011,0.8959596600032289,1.2035865860677482,12,14
C. elegans,2023-01-18-01,FLPL,70,802,1000,0.05,0.0012248940616477,0.2169588673086574,0.2062604729002473,0.12174278264655,3,2
C. elegans,2023-01-18-01,RIS,70,802,1000,0.05,0.0033611942118254,0.5953501709536047,0.3491454717759459,0.1172230711599899,5,2
C. elegans,2023-01-18-01,CEPVL,70,802,1000,0.05,0.0037978617467605,0.6726947321987988,0.3852508859094423,0.1231984253829616,6,2
C. elegans,2023-01-18-01,IL1VL,70,802,1000,0.05,-0.0005546758745504,-0.0982467408683555,0.4410449554915687,0.4793175908355476,6,7
C. elegans,2023-01-18-01,AVJL,70,802,1000,0.05,-0.0024655709326644,-0.4367132583698018,0.0585846942408236,0.2287090885946696,1,3
C. elegans,2023-01-18-01,RICL,70,802,1000,0.05,0.0026465504808442,0.4687691879465249,0.5999145062844251,0.4173025231061711,9,6
C. elegans,2023-01-18-01,OLQVL,70,802,1000,0.05,-0.0016527546536702,-0.2927435023376835,0.3851422214886817,0.4991822925919269,6,7
C. elegans,2023-01-18-01,IL2VR,70,802,1000,0.05,0.0006550889699982,0.116032369955339,0.1824520640109206,0.1372509250810418,3,2
C. elegans,2023-01-18-01,ASGR,70,802,1000,0.05,-0.0023793021905143,-0.4214329421636346,0.0711914374218731,0.2353632885673602,1,3
C. elegans,2023-01-18-01,AIZR,70,802,1000,0.05,-0.0011142105525082,-0.197354095333228,0.0622736686656599,0.1391541967887288,1,2
C. elegans,2023-01-18-01,RID,70,802,1000,0.05,-0.0002191194121403,-0.038811437618817,0.7726786211214867,0.7877978605591687,11,10
C. elegans,2023-01-18-01,AVEL,70,802,1000,0.05,0.0031278577719535,0.5540205480241367,1.1882220138583015,0.9723998275935086,14,14
C. elegans,2023-01-18-01,URADL,70,802,1000,0.05,-0.0122879141014237,-2.1764918359099497,0.2089624657919233,1.0568285387901653,3,14
C. elegans,2023-01-18-01,URBL,70,802,1000,0.05,0.0042309440072341,0.7494042531490621,0.3534175839930622,0.0614824474939035,5,1
C. elegans,2023-01-18-01,ASHL,70,802,1000,0.05,0.0009097014672742,0.1611305059829723,0.0627694012419235,0.0,1,0
C. elegans,2023-01-18-01,RIAL,70,802,1000,0.05,0.0010641320846283,0.1884839668805164,0.0734251138393546,0.0,1,0
C. elegans,2023-01-18-01,RMEL,70,802,1000,0.05,0.0025168730948567,0.4458001331847241,0.3903148500443452,0.2166506064992277,6,3
C. elegans,2023-01-18-01,IL1DL,70,802,1000,0.05,0.0043842167229011,0.7765526211766599,0.3633675730863146,0.0608566192061332,5,1
C. elegans,2023-01-18-01,CEPDR,70,802,1000,0.05,-0.0034534511227199,-0.6116911391367105,0.1183818275271599,0.3566699549948349,2,5
C. elegans,2023-01-18-01,ADAL,70,802,1000,0.05,0.0018867607045297,0.3341917298436331,0.1988855076171685,0.068699019004613,3,1
C. elegans,2023-01-18-01,AWCR,70,802,1000,0.05,-0.0095225013893155,-1.6866692231259084,0.7893177232567767,1.4463703191195472,9,17
C. elegans,2023-01-18-01,AIZL,70,802,1000,0.05,-0.0008344550629383,-0.1478025169225882,0.0,0.0575773993427448,0,1
C. elegans,2023-01-18-01,ASGL,70,802,1000,0.05,-0.0018547164560449,-0.328515905237474,0.2932767095914008,0.4212521450584989,4,6
C. elegans,2023-01-18-01,AINL,70,802,1000,0.05,0.0,1.0424967397314414e-17,0.0,0.0,0,0
C. elegans,2023-01-18-01,ADEL,70,802,1000,0.05,-0.0009628056648582,-0.1705365655908269,0.0628774359335015,0.1293110268087232,1,2
C. elegans,2023-01-18-01,AINR,70,802,1000,0.05,0.0009130439013472,0.1617225332718952,0.0630000291929615,0.0,1,0
C. elegans,2023-01-18-01,RMDL,70,802,1000,0.05,-0.011445818446516,-2.027335982212248,0.0868661225897264,0.8766275953993357,1,13
C. elegans,2023-01-18-01,RICR,70,802,1000,0.05,-0.001070684994112,-0.1896446483334575,0.0570349719155194,0.1309122365092534,1,2
C. elegans,2023-01-18-01,IL2DR,70,802,1000,0.05,0.0001557825928116,0.027592929005913,0.0759292564803173,0.0651802575763165,1,1
C. elegans,2023-01-18-01,IL1DR,70,802,1000,0.05,0.0051966061996118,0.9204467800262144,0.9558241794279696,0.5972583516547512,13,8
C. elegans,2023-01-18-01,IL1L,70,802,1000,0.05,-0.0032624974039066,-0.577868538603922,0.0684508844449491,0.2935632053145101,1,4
C. elegans,2023-01-18-01,IL1VR,70,802,1000,0.05,0.0049532089060615,0.8773351324412598,0.8380765389748439,0.4963051244565952,12,7
C. elegans,2023-01-18-01,AVDL,70,802,1000,0.05,-0.0025779083190066,-0.4566109726786125,0.0653776536616117,0.2432533276730719,1,4
C. elegans,2023-01-18-01,AIBR,70,802,1000,0.05,-0.0068062183807535,-1.2055486892941345,0.6579206681853731,1.127549736457369,9,12
C. elegans,2023-01-18-01,RIVL,70,802,1000,0.05,0.0008449827825022,0.1496672350100189,0.261198019380378,0.2028942073877195,4,3
C. elegans,2023-01-18-01,ASEL,70,802,1000,0.05,0.0047364838109935,0.8389477872694994,0.4588018223185792,0.1319844393600222,7,2
C. elegans,2023-01-18-01,AVDR,70,802,1000,0.05,0.0020588480106694,0.3646726246305902,0.1420605127361907,0.0,2,0
C. elegans,2023-01-18-01,URBR,70,802,1000,0.05,-0.0010641320846283,-0.1884839668805164,0.0,0.0734251138393546,0,1
C. elegans,2023-01-18-01,IL2R,70,802,1000,0.05,0.0247061162334685,4.376060886766455,1.93688739641301,0.2321653763036781,24,3
C. elegans,2023-01-18-01,AVAL,70,802,1000,0.05,-0.0153050094627633,-2.7108936365667784,0.7283229336513872,1.7843685865820582,9,20
C. elegans,2023-01-18-01,RMGL,70,802,1000,0.05,-0.0008885624076433,-0.157386258560199,0.0,0.0613108061273899,0,1
C. elegans,2023-01-18-01,RMDDL,70,802,1000,0.05,-0.0018204201284126,-0.3224411820194269,0.0617242362466905,0.1873332251071633,1,3
C. elegans,2023-01-18-01,RMDR,70,802,1000,0.05,-0.0010396835324167,-0.1841535269173843,0.1205267945497805,0.1922649582865356,2,3
C. elegans,2023-01-18-01,AWCL,70,802,1000,0.05,0.0012667400477178,0.2243708207366624,0.2230896012729784,0.1356845379804472,4,2
C. elegans,2023-01-18-01,AIBL,70,802,1000,0.05,-0.0053543554056014,-0.9483880445991696,0.8819060063359245,1.251356529322425,10,18
C. elegans,2023-01-18-01,OLQVR,70,802,1000,0.05,0.0052347120551672,0.927196264343258,0.5517201344911182,0.1905250026845757,7,3
C. elegans,2023-01-18-01,RMDVL,70,802,1000,0.05,0.0031176481033022,0.5522121645765182,0.4083217798432232,0.1932040607153657,6,3
C. elegans,2023-01-18-01,OLQDR,70,802,1000,0.05,-0.0068907804993969,-1.2205267204990602,0.1301521080430165,0.6056159625014059,2,9
C. elegans,2023-01-18-01,AWBL,70,802,1000,0.05,0.0060477940833165,1.0712130910874342,0.4172977917488447,0.0,7,0
C. elegans,2023-01-18-01,SMDVL,70,802,1000,0.05,0.0069661611151701,1.2338784817062152,0.7161456547113723,0.2354805377646318,11,4
C. elegans,2023-01-18-01,OLQDL,70,802,1000,0.05,0.0055712596244154,0.9868071169922954,0.4452093752345525,0.0607924611498855,7,1
C. elegans,2023-01-18-01,IL2L,70,802,1000,0.05,0.0002721701055869,0.0482080203278774,0.3748105664874601,0.3560308292019636,6,5
C. elegans,2023-01-18-01,RMDDR,70,802,1000,0.05,-0.0019122302855835,-0.338703019129185,0.0,0.1319438897052642,0,2
C. elegans,2023-01-18-01,IL2VL,70,802,1000,0.05,0.001490903671114,0.2640757122424872,0.1701030355791841,0.0672306822723118,3,1
C. elegans,2023-01-18-01,FLPR,70,802,1000,0.05,-0.000146545128725,-0.0259567469002351,0.3896149713505643,0.3997265852325942,6,6
C. elegans,2023-01-18-01,ADLL,70,802,1000,0.05,0.0,1.0424967397314414e-17,0.0,0.0,0,0
C. elegans,2023-01-18-01,URYDL,70,802,1000,0.05,-0.0060699674744225,-1.0751405440561257,0.3613046992876683,0.7801324550228275,5,11
C. elegans,2023-01-18-01,OLLR,70,802,1000,0.05,-0.0010832112343905,-0.1918633535974908,0.250460069278652,0.325201644451603,3,4
C. elegans,2023-01-17-14,SMDDL,87,802,1000,0.05,-0.0017642057169784,-0.2959482743125583,0.3996642005596653,0.5513858922198098,6,8
C. elegans,2023-01-17-14,AVEL,87,802,1000,0.05,0.0101021015923258,1.694643376566913,2.053610444816761,1.1848297078767422,21,21
C. elegans,2023-01-17-14,RIVL,87,802,1000,0.05,-0.0038504428420882,-0.6459178221045836,0.3628118761558756,0.6939499605754649,5,9
C. elegans,2023-01-17-14,AUAL,87,802,1000,0.05,-0.008878333535105,-1.4893543667831657,0.2382928905938319,1.0018295746128625,4,13
C. elegans,2023-01-17-14,ADER,87,802,1000,0.05,-0.0014452975865009,-0.2424509355550866,0.0586317681422694,0.1829273605813481,1,3
C. elegans,2023-01-17-14,URXR,87,802,1000,0.05,0.0039546932816523,0.6634059967479405,0.3401036222221036,0.0,5,0
C. elegans,2023-01-17-14,AWCR,87,802,1000,0.05,0.0007935612611639,0.1331211454211871,0.0682462684601015,0.0,1,0
C. elegans,2023-01-17-14,ASGL,87,802,1000,0.05,0.0116206027755995,1.9493743302230124,1.27724115339942,0.2778693146978548,18,4
C. elegans,2023-01-17-14,IL1VL,87,802,1000,0.05,-0.0008298313045005,-0.1392055020420659,0.1112304782196154,0.1825959704066591,2,3
C. elegans,2023-01-17-14,OLQDR,87,802,1000,0.05,-0.0001600300468251,-0.0268452911926732,0.3395524504797631,0.3533150345067271,5,5
C. elegans,2023-01-17-14,AIBL,87,802,1000,0.05,0.0014148251906136,0.2373391433812995,1.365942865940604,1.244267899547829,16,16
C. elegans,2023-01-17-14,AVJR,87,802,1000,0.05,0.0005868167083445,0.0984394226257199,0.1207345006225093,0.0702682637048766,2,1
C. elegans,2023-01-17-14,ASIL,87,802,1000,0.05,0.0007565546206515,0.1269132234694789,0.0650636973760323,0.0,1,0
C. elegans,2023-01-17-14,SMDVL,87,802,1000,0.05,-0.0034881939125596,-0.585149996372126,0.0655713038288898,0.3655559803090225,1,5
C. elegans,2023-01-17-14,ASHL,87,802,1000,0.05,0.0092723543687021,1.555451979223737,0.8516704276556921,0.0542479519473046,13,1
C. elegans,2023-01-17-14,RIML,87,802,1000,0.05,-0.0103814888951721,-1.7415110345426708,0.9561449860955284,1.8489530310803344,13,20
C. elegans,2023-01-17-14,CEPVR,87,802,1000,0.05,-0.0012813288303775,-0.2149449197039408,0.3924406825865487,0.5026349619990169,6,7
C. elegans,2023-01-17-14,CEPDL,87,802,1000,0.05,0.0019501472557548,0.3271402588948003,0.3736761702586659,0.2059635062637519,6,3
C. elegans,2023-01-17-14,URYVL,87,802,1000,0.05,0.016549520782295,2.7762080516372967,1.7957867851959022,0.3725279979185245,22,4
C. elegans,2023-01-17-14,AINL,87,802,1000,0.05,-0.0061575244309677,-1.0329343748547748,0.1153052977115574,0.6448523987747854,2,9
C. elegans,2023-01-17-14,AIBR,87,802,1000,0.05,0.0111350545412268,1.8679228528384813,1.812395125593284,0.8547804350477768,20,12
C. elegans,2023-01-17-14,RICL,87,802,1000,0.05,0.0001616527428871,0.0271175010005499,0.0743579755303582,0.0604558396420649,1,1
C. elegans,2023-01-17-14,RIVR,87,802,1000,0.05,0.0037093146846952,0.622243352491764,0.7919347225765851,0.4729336596927935,11,6
C. elegans,2023-01-17-14,OLQVL,87,802,1000,0.05,0.0001693592010101,0.0284102714301055,0.079164812946693,0.064599921659822,1,1
C. elegans,2023-01-17-14,IL2DL,87,802,1000,0.05,-3.1706805240920016e-05,-0.0053188662777298,0.1796955562836659,0.182422341534385,3,3
C. elegans,2023-01-17-14,IL2R,87,802,1000,0.05,0.0002422798363811,0.0406428223124327,0.2753304028350904,0.254494336906311,4,4
C. elegans,2023-01-17-14,AIML,87,802,1000,0.05,0.000107325247744,0.0180039785351181,0.1931548275444328,0.1839248562384465,3,3
C. elegans,2023-01-17-14,SAAVL,87,802,1000,0.05,0.0016349131351453,0.2742592410514844,0.3266624934710513,0.1860599638485536,4,3
C. elegans,2023-01-17-14,IL1L,87,802,1000,0.05,-0.0025185380274381,-0.422488701764016,0.1953784830251006,0.4119727533847799,3,6
C. elegans,2023-01-17-14,URXL,87,802,1000,0.05,0.000619800195571,0.1039724543076537,0.310972953940396,0.257670137121285,5,4
C. elegans,2023-01-17-14,IL1VR,87,802,1000,0.05,0.0001353545753247,0.0227059421711248,0.265955758697352,0.2543152652194203,4,4
C. elegans,2023-01-17-14,URBL,87,802,1000,0.05,-0.002498049399011,-0.4190517022306456,0.167734465874584,0.3825667141895348,3,6
C. elegans,2023-01-17-14,RMDDR,87,802,1000,0.05,-0.0076563697578741,-1.2843680277958356,0.2931695874852407,0.9516173866624182,5,14
C. elegans,2023-01-17-14,AWBR,87,802,1000,0.05,-0.0002706999605006,-0.045410342680365,0.1658811423262367,0.1891613389292938,3,3
C. elegans,2023-01-17-14,OLQDL,87,802,1000,0.05,-0.0009773632433595,-0.1639542160333702,0.2068871322775427,0.2909403712064651,3,5
C. elegans,2023-01-17-14,AVJL,87,802,1000,0.05,-0.0022155359472016,-0.3716596278662881,0.1405193186707336,0.3310554101300789,2,5
C. elegans,2023-01-17-14,FLPL,87,802,1000,0.05,0.0006717400705367,0.1126854497458692,0.1248274040213091,0.0670577579551485,2,1
C. elegans,2023-01-17-14,URBR,87,802,1000,0.05,0.0020130880897522,0.3376986824539522,0.2442543852650947,0.0711288095464008,4,1
C. elegans,2023-01-17-14,URAVL,87,802,1000,0.05,0.0020399751796268,0.3422090339243646,0.2436515449549277,0.0682136795070156,4,1
C. elegans,2023-01-17-14,IL1DL,87,802,1000,0.05,-0.000757365259788,-0.1270492094552562,0.1285402174004479,0.1936736297422192,2,3
C. elegans,2023-01-17-14,URYVR,87,802,1000,0.05,0.0067296552727826,1.1289102203509047,0.6567527861548568,0.0780024326955475,11,1
C. elegans,2023-01-17-14,AVER,87,802,1000,0.05,-0.0102412095519892,-1.717978954844053,1.125042708162543,2.005786729633616,15,23
C. elegans,2023-01-17-14,RMER,87,802,1000,0.05,-0.0094098488431436,-1.5785168928258524,0.5988085727406873,1.4080555732510414,8,19
C. elegans,2023-01-17-14,URADR,87,802,1000,0.05,0.0001025216278396,0.0171981637667647,0.1300391457089289,0.1212222857147193,2,2
C. elegans,2023-01-17-14,ADLL,87,802,1000,0.05,0.0022233685077305,0.3729735521720885,0.1912096916648287,0.0,3,0
C. elegans,2023-01-17-14,RID,87,802,1000,0.05,0.0080883694346078,1.3568366507021774,1.40440749408116,0.7088077227048841,19,13
C. elegans,2023-01-17-14,OLLL,87,802,1000,0.05,-0.0011398360928057,-0.1912092911946684,0.2320817191816404,0.3301076231629336,3,5
C. elegans,2023-01-17-14,AIZR,87,802,1000,0.05,-0.0007232272293033,-0.1213225013320739,0.0610745733872244,0.123272115107309,1,2
C. elegans,2023-01-17-14,RMDVL,87,802,1000,0.05,-0.0010898527800413,-0.182824512132523,0.605926383268617,0.699653722352175,9,10
C. elegans,2023-01-17-14,AVAL,87,802,1000,0.05,-0.0033511511497167,-0.5621608580986959,1.253689036894175,1.5418880357698153,14,19
C. elegans,2023-01-17-14,ASKR,87,802,1000,0.05,0.0,-1.4215643382006848e-17,0.0,0.0,0,0
C. elegans,2023-01-17-14,RMDDL,87,802,1000,0.05,-0.0072940293042311,-1.2235848487497163,0.8246280749738504,1.4519145951377266,12,19
C. elegans,2023-01-17-14,BAGL,87,802,1000,0.05,0.0240591369254536,4.035957930536866,2.202312580840704,0.1332268052516925,25,2
C. elegans,2023-01-17-14,OLLR,87,802,1000,0.05,-0.0017251417793536,-0.2893952375455564,0.1819824649810919,0.3303446580055031,3,5
C. elegans,2023-01-17-14,AIZL,87,802,1000,0.05,0.0016579046155799,0.2781160979321877,0.2841729284791223,0.1415931315392509,5,2
C. elegans,2023-01-17-14,URADL,87,802,1000,0.05,0.000754229542601,0.1265231879820888,0.1899886160653978,0.1251248754017058,3,2
C. elegans,2023-01-17-14,ASKL,87,802,1000,0.05,-0.000644738711093,-0.1081559293761382,0.0,0.0554475291540041,0,1
C. elegans,2023-01-17-14,URYDL,87,802,1000,0.05,-0.0068176283916977,-1.1436678489416303,0.0,0.5863160416860036,0,8
C. elegans,2023-01-17-14,IL2VR,87,802,1000,0.05,-0.0016561216383762,-0.2778170007115616,0.126439231630496,0.268865692530853,2,4
C. elegans,2023-01-17-14,ADEL,87,802,1000,0.05,0.0007898108214946,0.1324920032880598,0.204910621814554,0.1369868911660159,3,2
C. elegans,2023-01-17-14,RMEL,87,802,1000,0.05,-0.0032802426526957,-0.5502658465785019,0.752332368990154,1.034433237121991,11,16
C. elegans,2023-01-17-14,IL2L,87,802,1000,0.05,1.54697633174085e-05,0.0025950770444457,0.063019341640877,0.0616889419955799,1,1
C. elegans,2023-01-17-14,CEPDR,87,802,1000,0.05,0.0008480298472834,0.1422583361190647,0.6152887103646902,0.5423581434983098,9,8
C. elegans,2023-01-17-14,AVHL,87,802,1000,0.05,0.0043397472685852,0.7279994066055736,0.3732182650983344,0.0,6,0
C. elegans,2023-01-17-14,IL2VL,87,802,1000,0.05,-0.0007081455184264,-0.1187925206927804,0.0,0.060900514584675,0,1
C. elegans,2023-01-17-14,RMDVR,87,802,1000,0.05,-0.0074971604856715,-1.257660422832616,0.245748397038783,0.8905041988065383,4,11
C. elegans,2023-01-17-14,RMDL,87,802,1000,0.05,-0.0016935038582403,-0.2840879266882147,0.9925229108566538,1.1381642426653251,14,15
C. elegans,2023-01-17-14,RIAL,87,802,1000,0.05,0.0107187086906674,1.798080183809334,1.2724065301374217,0.3505975827400238,17,5
C. elegans,2023-01-17-14,AVDL,87,802,1000,0.05,0.0,-1.4215643382006848e-17,0.0,0.0,0,0
C. elegans,2023-01-17-14,FLPR,87,802,1000,0.05,-0.0015170639125986,-0.2544898492475092,0.1254235805605437,0.255891077044029,2,4
C. elegans,2023-01-17-14,AIYL,87,802,1000,0.05,-0.000928009002216,-0.1556749647216522,0.0553839268082496,0.1351927009988283,1,2
C. elegans,2023-01-17-14,OLQVR,87,802,1000,0.05,5.394177923259755e-05,0.0090488180168568,0.1958137676879494,0.191174774673946,3,3
C. elegans,2023-01-17-14,RIMR,87,802,1000,0.05,-0.0069355695262571,-1.163452659129814,1.202083342028843,1.798542321286957,14,21
C. elegans,2023-01-17-14,AIMR,87,802,1000,0.05,-0.0001849591513239,-0.0310271875472532,0.0591051344024258,0.0750116214162819,1,1
C. elegans,2023-01-17-14,SMDVR,87,802,1000,0.05,0.0033093939609623,0.55515602423319,0.4147538806778752,0.130146000035114,6,2
C. elegans,2023-01-17-14,AIYR,87,802,1000,0.05,0.0006788612967723,0.1138800466090043,0.2587759885309606,0.2003939170085349,4,3
C. elegans,2023-01-17-14,IL1R,87,802,1000,0.05,-0.0013540868672092,-0.2271501944264342,0.464487826027296,0.5809392966072915,7,8
C. elegans,2023-01-17-14,AWAL,87,802,1000,0.05,-0.0060328062617578,-1.012012706481362,0.0,0.5188213385111737,0,7
C. elegans,2023-01-17-14,ASEL,87,802,1000,0.05,0.0075592323482215,1.2680730750694007,0.7857373769006819,0.1356433949536253,12,2
C. elegans,2023-01-17-14,AVDR,87,802,1000,0.05,-0.0243546750359959,-4.0855349118190745,0.059313584780535,2.153815637876189,1,25
C. elegans,2023-01-17-14,ADAL,87,802,1000,0.05,0.0002071579824836,0.0347510762696633,0.6558864432228741,0.6380708567292843,10,9
C. elegans,2023-01-17-14,RIH,87,802,1000,0.05,-0.0010941408854188,-0.1835438485309498,0.5228046492890126,0.6169007654350338,7,9
C. elegans,2023-01-17-14,ASGR,87,802,1000,0.05,0.0037986475842486,0.6372290864159492,0.7927962323820519,0.4661125401366681,12,6
C. elegans,2023-01-17-14,AWBL,87,802,1000,0.05,-0.000680875258602,-0.1142178918626977,0.0647710471023552,0.1233263193421319,1,2
C. elegans,2023-01-17-14,RICR,87,802,1000,0.05,0.0,-1.4215643382006848e-17,0.0,0.0,0,0
C. elegans,2023-01-17-14,IL2DR,87,802,1000,0.05,-0.0008028482334282,-0.1346790495753025,0.1824771833432135,0.2515221314180409,3,4
C. elegans,2023-01-17-14,URAVR,87,802,1000,0.05,0.0007439550162136,0.1247996200758782,0.2638653177315597,0.1998851863371862,4,3
Drosophila,2017-10-30_1,AL_R,64,2000,1000,0.05,0.0027393311894341,2.0015100388301112,0.234766466606874,0.0621886016725246,6,2
Drosophila,2017-10-30_1,AME_R,64,2000,1000,0.05,0.0,-9.902241561376486e-18,0.0,0.0,0,0
Drosophila,2017-10-30_1,AMMC_R,64,2000,1000,0.05,0.0,-9.902241561376486e-18,0.0,0.0,0,0
Drosophila,2017-10-30_1,ATL_R,64,2000,1000,0.05,0.0,-9.902241561376486e-18,0.0,0.0,0,0
Drosophila,2017-10-30_1,AVLP_R,64,2000,1000,0.05,0.0,-9.902241561376486e-18,0.0,0.0,0,0
Drosophila,2017-10-30_1,CRE_R,64,2000,1000,0.05,-0.0024445755277559,-1.7861449095144843,0.0599899981814968,0.2139982564301235,2,6
Drosophila,2017-10-30_1,EPA_R,64,2000,1000,0.05,0.0,-9.902241561376486e-18,0.0,0.0,0,0
Drosophila,2017-10-30_1,GA_R,64,2000,1000,0.05,0.0,-9.902241561376486e-18,0.0,0.0,0,0
Drosophila,2017-10-30_1,GOR_R,64,2000,1000,0.05,-0.0013068759625963,-0.9548773688743636,0.0,0.0823331856435691,0,3
Drosophila,2017-10-30_1,IB_R,64,2000,1000,0.05,0.0,-9.902241561376486e-18,0.0,0.0,0,0
Drosophila,2017-10-30_1,ICL_R,64,2000,1000,0.05,-0.0004100628143017,-0.2996150456511576,0.0,0.0258339573010122,0,1
Drosophila,2017-10-30_1,IPS_R,64,2000,1000,0.05,-0.0004178036361999,-0.305270927202708,0.0,0.0263216290805945,0,1
Drosophila,2017-10-30_1,IVLP_R,64,2000,1000,0.05,0.0012369352391281,0.9037747272206176,0.0779269200650745,0.0,3,0
Drosophila,2017-10-30_1,LAL_R,64,2000,1000,0.05,-0.001208931773385,-0.883313813979089,0.1199227272994685,0.1960854290227285,4,5
Drosophila,2017-10-30_1,LB_R,64,2000,1000,0.05,0.0,-9.902241561376486e-18,0.0,0.0,0,0
Drosophila,2017-10-30_1,LH_R,64,2000,1000,0.05,0.0004339603923377,0.3170759655016588,0.0273395047172773,0.0,1,0
Drosophila,2017-10-30_1,LO_R,64,2000,1000,0.05,0.0,-9.902241561376486e-18,0.0,0.0,0,0
Drosophila,2017-10-30_1,MB_R,64,2000,1000,0.05,0.0039543698097897,2.889285860018949,0.2491252980167537,0.0,6,0
Drosophila,2017-10-30_1,ME_R,64,2000,1000,0.05,0.0,-9.902241561376486e-18,0.0,0.0,0,0
Drosophila,2017-10-30_1,OTU_R,64,2000,1000,0.05,0.0,-9.902241561376486e-18,0.0,0.0,0,0
Drosophila,2017-10-30_1,PLP_R,64,2000,1000,0.05,0.0004258113380888,0.3111218063444752,0.0268261142995971,0.0,1,0
Drosophila,2017-10-30_1,PVLP_R,64,2000,1000,0.05,0.0,-9.902241561376486e-18,0.0,0.0,0,0
Drosophila,2017-10-30_1,SCL_R,64,2000,1000,0.05,-0.0021540907104027,-1.5739003002088412,0.056847615578087,0.1925553303334606,2,5
Drosophila,2017-10-30_1,SIP_R,64,2000,1000,0.05,-0.0017890353059893,-1.3071702094914677,0.0,0.1127092242773266,0,4
Drosophila,2017-10-30_1,SLP_R,64,2000,1000,0.05,3.709498511654596e-05,0.0271036906334636,0.0266618458371752,0.0243248617748328,1,1
Drosophila,2017-10-30_1,SMP_R,64,2000,1000,0.05,-0.0004232039021773,-0.3092166664429838,0.0,0.0266618458371752,0,1
Drosophila,2017-10-30_1,SPS_R,64,2000,1000,0.05,-3.683762671956105e-05,-0.0269156500573079,0.0245053438162647,0.0268261142995971,1,1
Drosophila,2017-10-30_1,VES_R,64,2000,1000,0.05,0.0004998762646039,0.3652378236106509,0.1231379193560031,0.0916457146859546,4,3
Drosophila,2017-10-30_1,WED_R,64,2000,1000,0.05,0.0,-9.902241561376486e-18,0.0,0.0,0,0
Drosophila,2017-10-30_1,AL_L,64,2000,1000,0.05,0.0017313015086012,1.2649866372758398,0.2864238252082791,0.1773518301664012,7,5
Drosophila,2017-10-30_1,AMMC_L,64,2000,1000,0.05,0.0,-9.902241561376486e-18,0.0,0.0,0,0
Drosophila,2017-10-30_1,ATL_L,64,2000,1000,0.05,0.0,-9.902241561376486e-18,0.0,0.0,0,0
Drosophila,2017-10-30_1,AVLP_L,64,2000,1000,0.05,0.0008758692520002,0.6399595300279477,0.0551797628760168,0.0,2,0
Drosophila,2017-10-30_1,CRE_L,64,2000,1000,0.05,-0.0002743310879151,-0.2004417824844439,0.2071533087235582,0.2244361672622141,7,6
Drosophila,2017-10-30_1,EPA_L,64,2000,1000,0.05,0.0003861089170608,0.2821129758095202,0.0243248617748328,0.0,1,0
Drosophila,2017-10-30_1,GA_L,64,2000,1000,0.05,0.0,-9.902241561376486e-18,0.0,0.0,0,0
Drosophila,2017-10-30_1,GOR_L,64,2000,1000,0.05,-0.0004715800367972,-0.3445630018751327,0.0,0.0297095423182276,0,1
Drosophila,2017-10-30_1,IB_L,64,2000,1000,0.05,-0.0003986006373093,-0.2912401319474925,0.0282921684813941,0.0534040086318809,1,2
Drosophila,2017-10-30_1,ICL_L,64,2000,1000,0.05,-0.0003889737113692,-0.2842061562871673,0.0,0.0245053438162647,0,1
Drosophila,2017-10-30_1,IPS_L,64,2000,1000,0.05,-0.0004250063024886,-0.3105336018799789,0.0,0.0267753970567863,0,1
Drosophila,2017-10-30_1,IVLP_L,64,2000,1000,0.05,-0.000508330413598,-0.3714149022153554,0.0238219796700493,0.0558467957267261,1,2
Drosophila,2017-10-30_1,LAL_L,64,2000,1000,0.05,-0.0010037432725012,-0.7333915096021678,0.2286218734485303,0.2918576996161075,7,6
Drosophila,2017-10-30_1,LB_L,64,2000,1000,0.05,0.0,-9.902241561376486e-18,0.0,0.0,0,0
Drosophila,2017-10-30_1,LH_L,64,2000,1000,0.05,-0.0004726306719451,-0.3453306552365768,0.258474108715943,0.2882498410484886,7,6
Drosophila,2017-10-30_1,LO_L,64,2000,1000,0.05,0.0,-9.902241561376486e-18,0.0,0.0,0,0
Drosophila,2017-10-30_1,MB_L,64,2000,1000,0.05,0.0065908846985375,4.815672504214378,0.4412696487444889,0.0260439127366209,9,1
Drosophila,2017-10-30_1,OTU_L,64,2000,1000,0.05,-0.0008778197184611,-0.641384650954177,0.0,0.0553026422630549,0,2
Drosophila,2017-10-30_1,PLP_L,64,2000,1000,0.05,-9.22507297159544e-05,-0.0674035919161817,0.0487558226989199,0.0545676186710251,2,2
Drosophila,2017-10-30_1,PVLP_L,64,2000,1000,0.05,0.0005221728842449,0.3815289928623263,0.0563176986860094,0.023420806978577,2,1
Drosophila,2017-10-30_1,SCL_L,64,2000,1000,0.05,-0.0003556400179564,-0.2598506777476207,0.168551684581788,0.1909570057130474,6,6
Drosophila,2017-10-30_1,SIP_L,64,2000,1000,0.05,-0.0039698311255784,-2.90058277033196,0.0,0.2500993609114439,0,8
Drosophila,2017-10-30_1,SLP_L,64,2000,1000,0.05,-0.0017892497785349,-1.307326915243174,0.0641357101132173,0.1768584461609212,2,5
Drosophila,2017-10-30_1,SMP_L,64,2000,1000,0.05,0.0003664344084081,0.2677376688990768,0.0492926766304262,0.0262073089007146,2,1
Drosophila,2017-10-30_1,SPS_L,64,2000,1000,0.05,-3.664486021166218e-06,-0.0026774803962393,0.0537909748985758,0.0540218375179093,2,2
Drosophila,2017-10-30_1,VES_L,64,2000,1000,0.05,0.0017324828981607,1.265849827193274,0.2596293120858148,0.1504828895016845,8,5
Drosophila,2017-10-30_1,WED_L,64,2000,1000,0.05,0.0,-9.902241561376486e-18,0.0,0.0,0,0
Drosophila,2017-10-30_1,EB,64,2000,1000,0.05,2.4062870182371663e-05,0.0175816916256233,0.0260439127366209,0.0245279519151315,1,1
Drosophila,2017-10-30_1,FB,64,2000,1000,0.05,0.0008725617324057,0.6375428694585491,0.054971389141563,0.0,2,0
Drosophila,2017-10-30_1,FLA,64,2000,1000,0.05,-0.0008635963915997,-0.6309922852524658,0.0,0.0544065726707851,0,2
Drosophila,2017-10-30_1,NO,64,2000,1000,0.05,-0.0004753935069172,-0.3473493384661182,0.0,0.0299497909357873,0,1
Drosophila,2017-10-30_1,PB,64,2000,1000,0.05,-0.0007522169333938,-0.5496121642293044,0.0,0.0473896668038102,0,2
Drosophila,2017-10-30_1,PRW,64,2000,1000,0.05,-0.0004187028903345,-0.3059279730483722,0.0,0.026378282091076,0,1
Drosophila,2017-10-30_1,SAD,64,2000,1000,0.05,0.0013037205838648,0.9525718710098704,0.0821343967834855,0.0,3,0
Drosophila,2017-10-30_1,SOG,64,2000,1000,0.05,0.0,-9.902241561376486e-18,0.0,0.0,0,0
Drosophila,2017-10-26_1,AL_R,66,2000,1000,0.05,-0.0001021260812956,-0.0315961619177703,0.4964726102583596,0.5031108055425753,14,16
Drosophila,2017-10-26_1,AME_R,66,2000,1000,0.05,0.0003666093991732,0.113423033469034,0.0238296109462621,0.0,1,0
Drosophila,2017-10-26_1,AMMC_R,66,2000,1000,0.05,-0.0003202721283691,-0.099087029457328,0.0,0.0208176883439956,0,1
Drosophila,2017-10-26_1,ATL_R,66,2000,1000,0.05,-0.0007641681380989,-0.2364212933411628,0.4279709585194355,0.477641887495869,16,17
Drosophila,2017-10-26_1,AVLP_R,66,2000,1000,0.05,0.0013020105856569,0.4028210694189241,0.2259816228957198,0.141350934828019,9,6
Drosophila,2017-10-26_1,CRE_R,66,2000,1000,0.05,0.0086803808235927,2.6855697832586496,1.2033191799039011,0.6390944263703706,26,18
Drosophila,2017-10-26_1,EPA_R,66,2000,1000,0.05,-0.0004155630092756,-0.1285684906493345,0.3044112191488914,0.3314228147518094,12,12
Drosophila,2017-10-26_1,GA_R,66,2000,1000,0.05,-0.0033281935307308,-1.0296893835204133,0.0235564716490199,0.2398890511465246,1,9
Drosophila,2017-10-26_1,GOR_R,66,2000,1000,0.05,-0.0031927557581743,-0.9877871217554864,0.3915053636193621,0.5990344879006981,15,20
Drosophila,2017-10-26_1,IB_R,66,2000,1000,0.05,-0.002851761222449,-0.8822889137838448,0.1284839702552918,0.3138484497144769,5,13
Drosophila,2017-10-26_1,ICL_R,66,2000,1000,0.05,0.0021989859278041,0.6803307690684455,0.8734259015010015,0.7304918161937306,23,21
Drosophila,2017-10-26_1,IPS_R,66,2000,1000,0.05,-0.0008579662937399,-0.2654409294186572,0.0905374562362038,0.1463052653292988,4,6
Drosophila,2017-10-26_1,IVLP_R,66,2000,1000,0.05,-0.0003342965165384,-0.1034259488966342,0.022250707314444,0.0439799808894418,1,2
Drosophila,2017-10-26_1,LAL_R,66,2000,1000,0.05,-0.0047193995869566,-1.4601060925122151,0.3118913801985359,0.6186523533507153,11,18
Drosophila,2017-10-26_1,LB_R,66,2000,1000,0.05,-0.0018873683619814,-0.5839213216359664,0.0,0.1226789435287951,0,5
Drosophila,2017-10-26_1,LH_R,66,2000,1000,0.05,-0.0052268791545371,-1.6171120833797057,0.4934869320467756,0.8332340770916873,14,19
Drosophila,2017-10-26_1,LO_R,66,2000,1000,0.05,-0.0003666093991732,-0.113423033469034,0.0,0.0238296109462621,0,1
Drosophila,2017-10-26_1,MB_R,66,2000,1000,0.05,0.0097975294683424,3.031197550601969,1.06241704027779,0.4255776248355292,21,13
Drosophila,2017-10-26_1,ME_R,66,2000,1000,0.05,-2.320187587581465e-06,-0.0007178286072156,0.0231863442890891,0.0233371564822819,1,1
Drosophila,2017-10-26_1,OTU_R,66,2000,1000,0.05,-0.0048175732596813,-1.49047944298373,0.2206271534200627,0.5337694152993531,8,18
Drosophila,2017-10-26_1,PLP_R,66,2000,1000,0.05,0.0038512721727917,1.1915214763669315,0.4279821012423341,0.1776494100108689,16,7
Drosophila,2017-10-26_1,PVLP_R,66,2000,1000,0.05,0.0006132459537398,0.1897284043798059,0.1388679233755159,0.0990069363824268,6,4
Drosophila,2017-10-26_1,SCL_R,66,2000,1000,0.05,-0.0043216250273359,-1.3370410611989678,0.5267090740113707,0.8076147007882049,14,19
Drosophila,2017-10-26_1,SIP_R,66,2000,1000,0.05,-0.0055108935573253,-1.7049815575006273,0.5990102163416866,0.9572182975678358,18,22
Drosophila,2017-10-26_1,SLP_R,66,2000,1000,0.05,-0.0054871965511484,-1.6976500861014157,0.52646665367193,0.8831344294965793,14,21
Drosophila,2017-10-26_1,SMP_R,66,2000,1000,0.05,-0.0002574258428572,-0.0796434026406098,0.8106234164595576,0.8273560962452766,23,23
Drosophila,2017-10-26_1,SPS_R,66,2000,1000,0.05,-0.0005343508196578,-0.1653195227371022,0.2384720597808991,0.2732048630586603,10,11
Drosophila,2017-10-26_1,VES_R,66,2000,1000,0.05,-0.0016145952363436,-0.4995297173060251,0.1437378297218612,0.2486865200842003,6,10
Drosophila,2017-10-26_1,WED_R,66,2000,1000,0.05,0.0003367821026353,0.1041949491341991,0.0218908366712957,0.0,1,0
Drosophila,2017-10-26_1,AL_L,66,2000,1000,0.05,0.0020924964977061,0.6473846574266231,0.3514205416471267,0.2154082692962258,11,8
Drosophila,2017-10-26_1,AME_L,66,2000,1000,0.05,0.0,-1.2197624013146009e-17,0.0,0.0,0,0
Drosophila,2017-10-26_1,AMMC_L,66,2000,1000,0.05,0.0024074108267801,0.7448140702212238,0.2904030591451061,0.1339213554043987,11,5
Drosophila,2017-10-26_1,ATL_L,66,2000,1000,0.05,-0.0010978897728031,-0.3396693830730366,0.0540109162943758,0.1253737515265789,2,5
Drosophila,2017-10-26_1,AVLP_L,66,2000,1000,0.05,0.0031447646771713,0.9729394555497046,0.3138906224112441,0.1094809183951079,11,4
Drosophila,2017-10-26_1,CRE_L,66,2000,1000,0.05,-0.000651622978546,-0.2016016367051604,0.3404834367211462,0.3828389303266424,11,11
Drosophila,2017-10-26_1,EPA_L,66,2000,1000,0.05,0.0003856991143101,0.1193290833514557,0.0459797828242023,0.0209093403940445,2,1
Drosophila,2017-10-26_1,GA_L,66,2000,1000,0.05,0.000374754833674,0.1159430994904896,0.0714180468134046,0.0470589826245912,3,2
Drosophila,2017-10-26_1,GOR_L,66,2000,1000,0.05,-0.0016839715433121,-0.5209936274103276,0.0495803661214875,0.1590385164367798,2,6
Drosophila,2017-10-26_1,IB_L,66,2000,1000,0.05,-0.0007543944832743,-0.233397482220148,0.2935365516048915,0.3425721930177241,12,13
Drosophila,2017-10-26_1,ICL_L,66,2000,1000,0.05,-0.0013397082742327,-0.4144841260745359,0.0770613710651879,0.1641424088903154,3,7
Drosophila,2017-10-26_1,IPS_L,66,2000,1000,0.05,-0.0007966569793358,-0.2464728166662401,0.2232529381014947,0.2750356417583264,9,9
Drosophila,2017-10-26_1,IVLP_L,66,2000,1000,0.05,0.0011261407214527,0.3484097708029852,0.3271168405767284,0.2539176936823,12,8
Drosophila,2017-10-26_1,LAL_L,66,2000,1000,0.05,0.0005374908627446,0.1662910014087655,0.1320173449110671,0.097080438832664,5,4
Drosophila,2017-10-26_1,LB_L,66,2000,1000,0.05,0.00035547673022,0.1099787653020725,0.0459552929288249,0.0228493054645224,2,1
Drosophila,2017-10-26_1,LH_L,66,2000,1000,0.05,-0.0007885292444155,-0.2439582266094426,0.347297877814638,0.398552278701652,12,14
Drosophila,2017-10-26_1,LO_L,66,2000,1000,0.05,-0.0003146679639664,-0.0973531914050326,0.0241482901391907,0.0446017077970095,1,2
Drosophila,2017-10-26_1,MB_L,66,2000,1000,0.05,0.0038887850208513,1.2031273463489205,0.5929758919869901,0.3402048656316525,18,10
Drosophila,2017-10-26_1,ME_L,66,2000,1000,0.05,-0.0003567129890629,-0.1103612438430692,0.0,0.0231863442890891,0,1
Drosophila,2017-10-26_1,OTU_L,66,2000,1000,0.05,-0.0038267924772984,-1.1839478535206205,0.172293080384736,0.4210345914091351,5,12
Drosophila,2017-10-26_1,PLP_L,66,2000,1000,0.05,-0.0017394277687467,-0.5381508888654843,0.1685800007668612,0.2816428057354017,6,11
Drosophila,2017-10-26_1,PVLP_L,66,2000,1000,0.05,-0.0022125872688749,-0.6845388045606372,0.2266808592987752,0.3704990317756453,9,13
Drosophila,2017-10-26_1,SCL_L,66,2000,1000,0.05,-0.0047807386045207,-1.47908339494314,0.1068964789078035,0.4176444882016494,4,15
Drosophila,2017-10-26_1,SIP_L,66,2000,1000,0.05,-0.0036913769347814,-1.142052469371238,0.0,0.2399395007607911,0,10
Drosophila,2017-10-26_1,SLP_L,66,2000,1000,0.05,-0.0037344307937381,-1.15537263872978,0.349409090667482,0.5921470922604612,11,19
Drosophila,2017-10-26_1,SMP_L,66,2000,1000,0.05,0.0010766026363764,0.3330834864953028,0.0952393514023293,0.0252601800378586,4,1
Drosophila,2017-10-26_1,SPS_L,66,2000,1000,0.05,0.0046211353281656,1.4297047161732754,0.5640506810061776,0.2636768846754118,19,9
Drosophila,2017-10-26_1,VES_L,66,2000,1000,0.05,0.0065719071374634,2.0332420414993626,0.7249379835438985,0.2977640196087741,24,10
Drosophila,2017-10-26_1,WED_L,66,2000,1000,0.05,9.325365727414365e-06,0.0028851177067383,0.0235216239115918,0.0229154751393099,1,1
Drosophila,2017-10-26_1,EB,66,2000,1000,0.05,0.0033538063160143,1.037613566067286,0.4889878875639066,0.2709904770229729,15,9
Drosophila,2017-10-26_1,FB,66,2000,1000,0.05,0.0012247666116334,0.3789230300595758,0.2986762778652476,0.2190664481090749,11,8
Drosophila,2017-10-26_1,FLA,66,2000,1000,0.05,0.0080748657169664,2.4982331782513496,0.707030552296469,0.1821642806936507,21,7
Drosophila,2017-10-26_1,NO,66,2000,1000,0.05,0.0010907107090762,0.3374482965782425,0.4036840140640927,0.3327878179741357,14,12
Drosophila,2017-10-26_1,PB,66,2000,1000,0.05,-0.0022403070667245,-0.6931148628023168,0.4119395824350467,0.5575595417721448,15,18
Drosophila,2017-10-26_1,PRW,66,2000,1000,0.05,0.0007780005029389,0.2407008038603728,0.0735062671166213,0.0229362344255878,3,1
Drosophila,2017-10-26_1,SAD,66,2000,1000,0.05,0.0044042831770171,1.3626141591580547,0.4821002424786651,0.1958218359725525,17,6
Drosophila,2017-10-26_1,SOG,66,2000,1000,0.05,0.0042579155868655,1.3173303881636955,0.4405722740432751,0.1638077608970136,16,6
Drosophila,2017-10-30_2,AL_R,66,2000,1000,0.05,0.0060203931946258,2.0979490328308668,0.5455453203653939,0.1542197627147161,12,5
Drosophila,2017-10-30_2,AME_R,66,2000,1000,0.05,0.0,1.3738763780953065e-17,0.0,0.0,0,0
Drosophila,2017-10-30_2,AMMC_R,66,2000,1000,0.05,0.0,1.3738763780953065e-17,0.0,0.0,0,0
Drosophila,2017-10-30_2,ATL_R,66,2000,1000,0.05,-0.0021405859227323,-0.7459380178517999,0.0,0.1391380849776009,0,5
Drosophila,2017-10-30_2,AVLP_R,66,2000,1000,0.05,4.105906191808319e-06,0.0014308005549684,0.0277196196561217,0.0274527357536542,1,1
Drosophila,2017-10-30_2,CRE_R,66,2000,1000,0.05,-0.001900144692197,-0.6621505590020207,0.4034552371053777,0.5269646420981839,11,11
Drosophila,2017-10-30_2,EPA_R,66,2000,1000,0.05,0.0,1.3738763780953065e-17,0.0,0.0,0,0
Drosophila,2017-10-30_2,GA_R,66,2000,1000,0.05,-0.0010951755554065,-0.381639939945498,0.0249372889917318,0.0961237000931607,1,4
Drosophila,2017-10-30_2,GOR_R,66,2000,1000,0.05,-0.0003418732592469,-0.1191338589359941,0.0,0.0222217618510485,0,1
Drosophila,2017-10-30_2,IB_R,66,2000,1000,0.05,-0.0003327895977312,-0.1159684412838061,0.0,0.0216313238525294,0,1
Drosophila,2017-10-30_2,ICL_R,66,2000,1000,0.05,-0.0021362204712574,-0.7444167725770163,0.4109473998472466,0.5498017304789782,10,11
Drosophila,2017-10-30_2,IPS_R,66,2000,1000,0.05,0.0003675528073031,0.1280825075153319,0.0238909324747047,0.0,1,0
Drosophila,2017-10-30_2,IVLP_R,66,2000,1000,0.05,0.0,1.3738763780953065e-17,0.0,0.0,0,0
Drosophila,2017-10-30_2,LAL_R,66,2000,1000,0.05,-4.378059893745956e-05,-0.0152563897785928,0.0231837854955232,0.0260295244264581,1,1
Drosophila,2017-10-30_2,LB_R,66,2000,1000,0.05,0.0,1.3738763780953065e-17,0.0,0.0,0,0
Drosophila,2017-10-30_2,LH_R,66,2000,1000,0.05,-0.0014059562061914,-0.4899388408077613,0.3639182679431934,0.4553054213456375,11,11
Drosophila,2017-10-30_2,LO_R,66,2000,1000,0.05,-0.000356673623008,-0.124291397295111,0.0,0.0231837854955232,0,1
Drosophila,2017-10-30_2,MB_R,66,2000,1000,0.05,0.0087030824185204,3.0327958245121103,0.8053802605750988,0.23967990337127,13,7
Drosophila,2017-10-30_2,ME_R,66,2000,1000,0.05,0.0003851445192429,0.134212757460286,0.0250343937507921,0.0,1,0
Drosophila,2017-10-30_2,OTU_R,66,2000,1000,0.05,-0.0031998219798995,-1.1150539858349628,0.2915048262037514,0.4994932548972217,8,12
Drosophila,2017-10-30_2,PLP_R,66,2000,1000,0.05,-0.0015314209263627,-0.5336600031684985,0.3151447754486871,0.4146871356622639,10,10
Drosophila,2017-10-30_2,PVLP_R,66,2000,1000,0.05,-0.0003362775820702,-0.1171839122894264,0.3488425701186148,0.3707006129531782,12,10
Drosophila,2017-10-30_2,SCL_R,66,2000,1000,0.05,0.0014988247481771,0.5223010905048694,0.5537884337084247,0.4563648250769119,13,10
Drosophila,2017-10-30_2,SIP_R,66,2000,1000,0.05,-0.0031310865293628,-1.09110148517382,0.2881536342005049,0.4916742586090912,9,13
Drosophila,2017-10-30_2,SLP_R,66,2000,1000,0.05,0.0017123384745068,0.5967050208078623,0.6109872710661146,0.49968527022317,13,11
Drosophila,2017-10-30_2,SMP_R,66,2000,1000,0.05,-0.0016661062068051,-0.5805942888050182,0.1436207897363308,0.2519176931786648,5,9
Drosophila,2017-10-30_2,SPS_R,66,2000,1000,0.05,0.0003945401786396,0.1374868981861388,0.0495360440862842,0.0238909324747047,2,1
Drosophila,2017-10-30_2,VES_R,66,2000,1000,0.05,-0.0003987834371973,-0.1389655624360245,0.0,0.025920923417829,0,1
Drosophila,2017-10-30_2,WED_R,66,2000,1000,0.05,0.0,1.3738763780953065e-17,0.0,0.0,0,0
Drosophila,2017-10-30_2,AL_L,66,2000,1000,0.05,0.0041030324564461,1.42979913361123,0.7352768266294754,0.4685797169604733,15,8
Drosophila,2017-10-30_2,AME_L,66,2000,1000,0.05,-0.0003412739475924,-0.118925014552375,0.0,0.0221828065935074,0,1
Drosophila,2017-10-30_2,AMMC_L,66,2000,1000,0.05,0.0,1.3738763780953065e-17,0.0,0.0,0,0
Drosophila,2017-10-30_2,ATL_L,66,2000,1000,0.05,0.0031571610539456,1.1001877727071196,0.2565321745296067,0.051316706023142,7,1
Drosophila,2017-10-30_2,AVLP_L,66,2000,1000,0.05,-0.0001301110305517,-0.0453402795934063,0.0485212819918676,0.0569784989777284,2,2
Drosophila,2017-10-30_2,CRE_L,66,2000,1000,0.05,-0.006252647000411,-2.178883389020972,0.4367269046104303,0.8431489596371455,11,12
Drosophila,2017-10-30_2,EPA_L,66,2000,1000,0.05,0.0,1.3738763780953065e-17,0.0,0.0,0,0
Drosophila,2017-10-30_2,GA_L,66,2000,1000,0.05,-0.0008694430264938,-0.302978077605064,0.0,0.0565137967221009,0,2
Drosophila,2017-10-30_2,GOR_L,66,2000,1000,0.05,2.127612015019491e-06,0.0007414169514931,0.050044828458152,0.0499065336771757,2,2
Drosophila,2017-10-30_2,IB_L,66,2000,1000,0.05,-0.0008101992565996,-0.2823331785540051,0.0,0.0526629516789798,0,2
Drosophila,2017-10-30_2,ICL_L,66,2000,1000,0.05,-0.0010263887566818,-0.3576695457883566,0.20636505273314,0.2730803219174591,7,9
Drosophila,2017-10-30_2,IPS_L,66,2000,1000,0.05,0.0,1.3738763780953065e-17,0.0,0.0,0,0
Drosophila,2017-10-30_2,IVLP_L,66,2000,1000,0.05,0.0,1.3738763780953065e-17,0.0,0.0,0,0
Drosophila,2017-10-30_2,LAL_L,66,2000,1000,0.05,-0.0008337106810919,-0.2905262929702045,0.2310261377131102,0.2852173319840889,8,10
Drosophila,2017-10-30_2,LB_L,66,2000,1000,0.05,0.0,1.3738763780953065e-17,0.0,0.0,0,0
Drosophila,2017-10-30_2,LH_L,66,2000,1000,0.05,-0.0012671877615675,-0.4415816796100541,0.6154837692176147,0.6978509737195071,11,11
Drosophila,2017-10-30_2,LO_L,66,2000,1000,0.05,0.0003987834371973,0.1389655624360246,0.025920923417829,0.0,1,0
Drosophila,2017-10-30_2,MB_L,66,2000,1000,0.05,0.0137624191170132,4.795841889816224,1.0712367297750751,0.1766794871692139,13,5
Drosophila,2017-10-30_2,ME_L,66,2000,1000,0.05,0.0,1.3738763780953065e-17,0.0,0.0,0,0
Drosophila,2017-10-30_2,OTU_L,66,2000,1000,0.05,-0.0012275932894626,-0.4277840451744529,0.0792280061895973,0.159021570004668,3,6
Drosophila,2017-10-30_2,PLP_L,66,2000,1000,0.05,-0.0004230676142681,-0.1474279608461832,0.3405440659757248,0.3680434609031544,11,10
Drosophila,2017-10-30_2,PVLP_L,66,2000,1000,0.05,-6.351193358344203e-05,-0.0221322420857068,0.0459528366502537,0.0500811123331774,2,2
Drosophila,2017-10-30_2,SCL_L,66,2000,1000,0.05,0.0056907950492644,1.983092728943448,0.9800505302336204,0.6101488520314304,14,12
Drosophila,2017-10-30_2,SIP_L,66,2000,1000,0.05,-0.0023498838565504,-0.8188728551011785,0.5413110196992084,0.6940534703749894,14,10
Drosophila,2017-10-30_2,SLP_L,66,2000,1000,0.05,0.0019458662958993,0.6780833380026206,0.7080316070117485,0.5815502977782936,12,9
Drosophila,2017-10-30_2,SMP_L,66,2000,1000,0.05,-0.0066091388070331,-2.3031114280770866,0.3562748670198852,0.7858688894770425,9,13
Drosophila,2017-10-30_2,SPS_L,66,2000,1000,0.05,-0.0003620069191994,-0.1261499110540808,0.0,0.0235304497479664,0,1
Drosophila,2017-10-30_2,VES_L,66,2000,1000,0.05,-0.0025403382905084,-0.8852412271665038,0.0251785550685834,0.1903005439516327,1,7
Drosophila,2017-10-30_2,WED_L,66,2000,1000,0.05,0.0,1.3738763780953065e-17,0.0,0.0,0,0
Drosophila,2017-10-30_2,EB,66,2000,1000,0.05,-0.0005018528098231,-0.1748825339068897,0.1516792045817938,0.1842996372202994,6,4
Drosophila,2017-10-30_2,FB,66,2000,1000,0.05,-0.0039126696179812,-1.3634626801714689,0.0235304497479664,0.2778539749167508,1,10
Drosophila,2017-10-30_2,FLA,66,2000,1000,0.05,0.0,1.3738763780953065e-17,0.0,0.0,0,0
Drosophila,2017-10-30_2,NO,66,2000,1000,0.05,-0.0019152544229846,-0.6674159036510154,0.0,0.1244915374939998,0,3
Drosophila,2017-10-30_2,PB,66,2000,1000,0.05,0.0033068083418022,1.152335925273762,0.2383579540301776,0.0234154118130338,5,1
Drosophila,2017-10-30_2,PRW,66,2000,1000,0.05,0.0,1.3738763780953065e-17,0.0,0.0,0,0
Drosophila,2017-10-30_2,SAD,66,2000,1000,0.05,0.0,1.3738763780953065e-17,0.0,0.0,0,0
Drosophila,2017-10-30_2,SOG,66,2000,1000,0.05,0.0,1.3738763780953065e-17,0.0,0.0,0,0
Drosophila,2017-11-16_1,AL_R,66,2000,1000,0.05,-0.0003535848722074,-0.2573681457507439,0.1176288682422246,0.1406118849357058,4,5
Drosophila,2017-11-16_1,AME_R,66,2000,1000,0.05,0.0,0.0,0.0,0.0,0,0
Drosophila,2017-11-16_1,AMMC_R,66,2000,1000,0.05,-1.480767907987995e-05,-0.0107782464896443,0.0238920779223588,0.024854577062551,1,1
Drosophila,2017-11-16_1,ATL_R,66,2000,1000,0.05,0.0,0.0,0.0,0.0,0,0
Drosophila,2017-11-16_1,AVLP_R,66,2000,1000,0.05,0.0,0.0,0.0,0.0,0,0
Drosophila,2017-11-16_1,CRE_R,66,2000,1000,0.05,-0.0025036437763549,-1.82235781841622,0.0339849548251334,0.1967218002882047,1,5
Drosophila,2017-11-16_1,EPA_R,66,2000,1000,0.05,-0.0004543540408712,-0.3307162330881396,0.0,0.0295330126566293,0,1
Drosophila,2017-11-16_1,GA_R,66,2000,1000,0.05,-0.0028326181376154,-2.0618124105445044,0.0,0.1841201789450051,0,6
Drosophila,2017-11-16_1,GOR_R,66,2000,1000,0.05,5.369426699293018e-05,0.0390831028690329,0.0275104055959358,0.0240202782413954,1,1
Drosophila,2017-11-16_1,IB_R,66,2000,1000,0.05,6.021514595019403e-05,0.0438295347947506,0.058647427385599,0.0547334428988364,2,2
Drosophila,2017-11-16_1,ICL_R,66,2000,1000,0.05,0.0,0.0,0.0,0.0,0,0
Drosophila,2017-11-16_1,IPS_R,66,2000,1000,0.05,0.0010349185340635,0.7532988118303572,0.1564523958910797,0.089182691176946,6,3
Drosophila,2017-11-16_1,IVLP_R,66,2000,1000,0.05,-0.0003234741986109,-0.2354511214661723,0.048748752273231,0.0697745751829423,2,2
Drosophila,2017-11-16_1,LAL_R,66,2000,1000,0.05,0.0005364835881023,0.3904968711857682,0.1753734655318974,0.1405020323052439,6,4
Drosophila,2017-11-16_1,LB_R,66,2000,1000,0.05,0.0,0.0,0.0,0.0,0,0
Drosophila,2017-11-16_1,LH_R,66,2000,1000,0.05,-0.0004149928684048,-0.3020659350451023,0.0,0.0269745364463136,0,1
Drosophila,2017-11-16_1,LO_R,66,2000,1000,0.05,0.0,0.0,0.0,0.0,0,0
Drosophila,2017-11-16_1,MB_R,66,2000,1000,0.05,0.0032531096755393,2.3678807294285478,0.2440365020217907,0.032584373111733,6,1
Drosophila,2017-11-16_1,ME_R,66,2000,1000,0.05,0.0,0.0,0.0,0.0,0,0
Drosophila,2017-11-16_1,OTU_R,66,2000,1000,0.05,0.0003731439862999,0.271604877359515,0.0242543591094999,0.0,1,0
Drosophila,2017-11-16_1,PLP_R,66,2000,1000,0.05,-0.0004232370091682,-0.3080666986194689,0.0,0.0275104055959358,0,1
Drosophila,2017-11-16_1,PVLP_R,66,2000,1000,0.05,0.0007648020002031,0.5566857864418903,0.0497121300132019,0.0,2,0
Drosophila,2017-11-16_1,SCL_R,66,2000,1000,0.05,-0.002433643071981,-1.7714055495210796,0.1654009976558792,0.3235877973346448,6,10
Drosophila,2017-11-16_1,SIP_R,66,2000,1000,0.05,-0.0017128155910537,-1.246728034291849,0.0824243657970154,0.1937573792155098,3,7
Drosophila,2017-11-16_1,SLP_R,66,2000,1000,0.05,0.0003970787438978,0.2890265621264507,0.0762738058058403,0.0504636874524795,3,2
Drosophila,2017-11-16_1,SMP_R,66,2000,1000,0.05,-0.0003741803079493,-0.2723591974740653,0.0,0.0243217200167107,0,1
Drosophila,2017-11-16_1,SPS_R,66,2000,1000,0.05,-0.0001180295798504,-0.0859116339458177,0.0548234337584276,0.0624953564487098,2,2
Drosophila,2017-11-16_1,VES_R,66,2000,1000,0.05,0.0040884017212818,2.975874967505012,0.3189220840396225,0.0531759721562994,10,2
Drosophila,2017-11-16_1,WED_R,66,2000,1000,0.05,0.0,0.0,0.0,0.0,0,0
Drosophila,2017-11-16_1,AL_L,66,2000,1000,0.05,0.0006799843100203,0.4949484968544487,0.214592614294474,0.1703936341431537,6,5
Drosophila,2017-11-16_1,AME_L,66,2000,1000,0.05,0.0,0.0,0.0,0.0,0,0
Drosophila,2017-11-16_1,AMMC_L,66,2000,1000,0.05,0.0,0.0,0.0,0.0,0,0
Drosophila,2017-11-16_1,ATL_L,66,2000,1000,0.05,-0.0003696824963055,-0.2690853202985924,0.0,0.0240293622598608,0,1
Drosophila,2017-11-16_1,AVLP_L,66,2000,1000,0.05,0.0009847026745955,0.7167475799920571,0.0640056738487113,0.0,2,0
Drosophila,2017-11-16_1,CRE_L,66,2000,1000,0.05,-0.0007845391403068,-0.5710521000208939,0.0631244966589728,0.1141195407789181,2,3
Drosophila,2017-11-16_1,EPA_L,66,2000,1000,0.05,0.0,0.0,0.0,0.0,0,0
Drosophila,2017-11-16_1,GA_L,66,2000,1000,0.05,0.0,0.0,0.0,0.0,0,0
Drosophila,2017-11-16_1,GOR_L,66,2000,1000,0.05,0.0,0.0,0.0,0.0,0,0
Drosophila,2017-11-16_1,IB_L,66,2000,1000,0.05,-0.0001147836901808,-0.0835490085303536,0.0486420211709441,0.0561029610326961,2,2
Drosophila,2017-11-16_1,ICL_L,66,2000,1000,0.05,0.0012550124428108,0.9135012572338532,0.0815758087827038,0.0,3,0
Drosophila,2017-11-16_1,IPS_L,66,2000,1000,0.05,0.0001741670062723,0.126773069151485,0.0586071534124545,0.047286298004753,2,2
Drosophila,2017-11-16_1,IVLP_L,66,2000,1000,0.05,0.00043792610413,0.318758629836658,0.0591984330457906,0.0307332362773364,2,1
Drosophila,2017-11-16_1,LAL_L,66,2000,1000,0.05,0.0010723884627269,0.7805725071139967,0.2013632827038005,0.1316580326265515,6,4
Drosophila,2017-11-16_1,LB_L,66,2000,1000,0.05,0.0,0.0,0.0,0.0,0,0
Drosophila,2017-11-16_1,LH_L,66,2000,1000,0.05,-0.0015868443375047,-1.1550357971737653,0.097690096577784,0.200834978515592,3,5
Drosophila,2017-11-16_1,LO_L,66,2000,1000,0.05,0.0,0.0,0.0,0.0,0,0
Drosophila,2017-11-16_1,MB_L,66,2000,1000,0.05,0.0044822039037097,3.262516578757566,0.3174846122322536,0.0261413584911185,9,1
Drosophila,2017-11-16_1,ME_L,66,2000,1000,0.05,0.0,0.0,0.0,0.0,0,0
Drosophila,2017-11-16_1,OTU_L,66,2000,1000,0.05,-0.003479884923143,-2.532946402667227,0.0251968656209768,0.2513893856252744,1,8
Drosophila,2017-11-16_1,PLP_L,66,2000,1000,0.05,-0.0004084842231102,-0.2973284077851068,0.0892511518189294,0.115802626321098,3,4
Drosophila,2017-11-16_1,PVLP_L,66,2000,1000,0.05,0.0001285277421074,0.093553059714399,0.0888227674983284,0.0804684642613433,3,3
Drosophila,2017-11-16_1,SCL_L,66,2000,1000,0.05,-0.0003216325232668,-0.2341105987072949,0.1703308209924272,0.1912369350047713,6,5
Drosophila,2017-11-16_1,SIP_L,66,2000,1000,0.05,-0.0014687792210299,-1.0690982967505702,0.0,0.0954706493669474,0,3
Drosophila,2017-11-16_1,SLP_L,66,2000,1000,0.05,-0.0018078412251986,-1.3158955049078531,0.0242387349838661,0.1417484146217811,1,5
Drosophila,2017-11-16_1,SMP_L,66,2000,1000,0.05,-8.645046969310609e-05,-0.0629257607806947,0.0243217200167107,0.0299410005467626,1,1
Drosophila,2017-11-16_1,SPS_L,66,2000,1000,0.05,7.461391612964509e-05,0.0543101437615355,0.0373873046420274,0.0325374000936005,1,1
Drosophila,2017-11-16_1,VES_L,66,2000,1000,0.05,0.0023143190867948,1.6845517409312856,0.251283222089413,0.1008524814477471,7,3
Drosophila,2017-11-16_1,WED_L,66,2000,1000,0.05,0.0009576510803674,0.6970572052239473,0.0622473202238822,0.0,2,0
Drosophila,2017-11-16_1,EB,66,2000,1000,0.05,-0.0017699723347153,-1.2883314124044545,0.0,0.1150482017564997,0,4
Drosophila,2017-11-16_1,FB,66,2000,1000,0.05,0.0009599884492923,0.6987585345324994,0.1474129749324078,0.0850137257284044,5,3
Drosophila,2017-11-16_1,FLA,66,2000,1000,0.05,-0.0024082228249927,-1.75290260342199,0.0,0.1565344836245255,0,6
Drosophila,2017-11-16_1,NO,66,2000,1000,0.05,-0.0009563568877378,-0.6961151854049359,0.0,0.0621631977029588,0,2
Drosophila,2017-11-16_1,PB,66,2000,1000,0.05,0.0011392417161299,0.8292338023734002,0.0740507115484461,0.0,2,0
Drosophila,2017-11-16_1,PRW,66,2000,1000,0.05,-0.000405726439797,-0.2953210663134956,0.0,0.0263722185868067,0,1
Drosophila,2017-11-16_1,SAD,66,2000,1000,0.05,9.121666608746293e-05,0.0663949904472285,0.0321783501058301,0.026249266810145,1,1
Drosophila,2017-11-16_1,SOG,66,2000,1000,0.05,0.0026147906466241,1.9032596503543509,0.2459598871516184,0.0759984951210475,8,3
Drosophila,2018-10-19_1,AL_R,67,2000,1000,0.05,-0.0011609652999778,-0.4972576501708625,0.1864556831045218,0.263079392903057,6,6
Drosophila,2018-10-19_1,AME_R,67,2000,1000,0.05,0.0,2.772411526653495e-18,0.0,0.0,0,0
Drosophila,2018-10-19_1,AMMC_R,67,2000,1000,0.05,0.0007341311895575,0.3144386401932033,0.226589840189423,0.1781371816786263,8,4
Drosophila,2018-10-19_1,ATL_R,67,2000,1000,0.05,-0.0008181427980355,-0.3504219852765248,0.0308415020501602,0.0848389267205074,1,3
Drosophila,2018-10-19_1,AVLP_R,67,2000,1000,0.05,0.0038977526165077,1.6694618754488209,0.3410396323931399,0.0837879597036317,11,3
Drosophila,2018-10-19_1,CRE_R,67,2000,1000,0.05,-0.0022875586363964,-0.9797933083652748,0.0700733595446121,0.2210522295467747,3,6
Drosophila,2018-10-19_1,EPA_R,67,2000,1000,0.05,0.0003727918451097,0.1596719530770313,0.0246042617772412,0.0,1,0
Drosophila,2018-10-19_1,GA_R,67,2000,1000,0.05,-0.0004135813487407,-0.1771426670833668,0.027750216349931,0.0550465853668189,1,2
Drosophila,2018-10-19_1,GOR_R,67,2000,1000,0.05,-0.0015321536484904,-0.6562428032634913,0.0471432307400143,0.1482653715403841,2,6
Drosophila,2018-10-19_1,IB_R,67,2000,1000,0.05,-0.000414916544215,-0.1777145499502284,0.0480410516780165,0.0754255435962094,2,3
Drosophila,2018-10-19_1,ICL_R,67,2000,1000,0.05,-0.0027335394251531,-1.1708131080464077,0.0232473050295891,0.2036609070896942,1,8
Drosophila,2018-10-19_1,IPS_R,67,2000,1000,0.05,0.0049071143224084,2.101785589222387,0.4776603864599122,0.1537908411809563,15,5
Drosophila,2018-10-19_1,IVLP_R,67,2000,1000,0.05,0.0037590229271217,1.610042012207149,0.3376136798431197,0.0895181666530864,7,3
Drosophila,2018-10-19_1,LAL_R,67,2000,1000,0.05,0.0003511420235814,0.1503990321895914,0.1104032960028362,0.0872279224464596,4,3
Drosophila,2018-10-19_1,LB_R,67,2000,1000,0.05,-0.0011733663001858,-0.5025691717325679,0.0256359800804335,0.1030781558927,1,4
Drosophila,2018-10-19_1,LH_R,67,2000,1000,0.05,0.0,2.772411526653495e-18,0.0,0.0,0,0
Drosophila,2018-10-19_1,LO_R,67,2000,1000,0.05,0.0003751348431526,0.1606754918574097,0.0247588996480772,0.0,1,0
Drosophila,2018-10-19_1,LOP_R,67,2000,1000,0.05,-0.0003412176320491,-0.1461482767080887,0.0,0.0225203637152464,0,1
Drosophila,2018-10-19_1,MB_R,67,2000,1000,0.05,-2.709972915741639e-05,-0.0116071924297317,0.1276529478731332,0.1294415299975226,5,4
Drosophila,2018-10-19_1,ME_R,67,2000,1000,0.05,-0.0044854665189652,-1.921187946946733,0.0247512211780014,0.3207920114297105,1,10
Drosophila,2018-10-19_1,OTU_R,67,2000,1000,0.05,-0.0018912226883765,-0.810037087232439,0.0480378653882871,0.1728585628211409,2,6
Drosophila,2018-10-19_1,PLP_R,67,2000,1000,0.05,-0.0017653033101315,-0.7561040591408281,0.0503690211763987,0.1668790396450821,2,6
Drosophila,2018-10-19_1,PVLP_R,67,2000,1000,0.05,-6.14839751703521e-05,-0.0263344451526306,0.0498705406129391,0.0539284829741824,2,2
Drosophila,2018-10-19_1,SCL_R,67,2000,1000,0.05,-0.0033674378024728,-1.4423206350665363,0.0,0.2222508949632105,0,8
Drosophila,2018-10-19_1,SIP_R,67,2000,1000,0.05,0.0002048353020679,0.087733820278928,0.2682343307917039,0.2547152008552222,10,9
Drosophila,2018-10-19_1,SLP_R,67,2000,1000,0.05,0.0049423636277123,2.1168833589196687,0.3261959994290171,0.0,11,0
Drosophila,2018-10-19_1,SMP_R,67,2000,1000,0.05,0.0004209279131477,0.1802893032093017,0.1105120810097211,0.0827308387419694,3,3
Drosophila,2018-10-19_1,SPS_R,67,2000,1000,0.05,-0.0035879670484157,-1.5367763906637022,0.1044923805001949,0.3412982056956335,4,13
Drosophila,2018-10-19_1,VES_R,67,2000,1000,0.05,-0.0008928091378881,-0.3824026213064512,0.1070470392094837,0.1659724423101027,4,6
Drosophila,2018-10-19_1,WED_R,67,2000,1000,0.05,0.0,2.772411526653495e-18,0.0,0.0,0,0
Drosophila,2018-10-19_1,AL_L,67,2000,1000,0.05,0.0012808327484133,0.5485985522134702,0.3353161259445882,0.2507811645493083,8,5
Drosophila,2018-10-19_1,AME_L,67,2000,1000,0.05,0.0006640901078589,0.284439066819619,0.0438299471186893,0.0,2,0
Drosophila,2018-10-19_1,AMMC_L,67,2000,1000,0.05,0.0036354139450267,1.5570985590498887,0.4551285313858608,0.2151912110140985,12,4
Drosophila,2018-10-19_1,ATL_L,67,2000,1000,0.05,-0.0006500438104146,-0.278422841476021,0.1481767475202384,0.1910796390076026,6,7
Drosophila,2018-10-19_1,AVLP_L,67,2000,1000,0.05,0.0021437654169184,0.9182046644760108,0.2390326325772989,0.0975441150606832,8,3
Drosophila,2018-10-19_1,CRE_L,67,2000,1000,0.05,0.0002769093227188,0.118604129794588,0.2416959133459233,0.2234198980464792,9,7
Drosophila,2018-10-19_1,EPA_L,67,2000,1000,0.05,-0.00095611163256,-0.4095159637561223,0.1225419552852553,0.1856453230342172,5,7
Drosophila,2018-10-19_1,GA_L,67,2000,1000,0.05,-0.005359545369999,-2.2955681248361115,0.0284324412539369,0.3821624356738731,1,12
Drosophila,2018-10-19_1,GOR_L,67,2000,1000,0.05,-0.0004196375325322,-0.1797366151722915,0.0758615696472948,0.1035576467944245,3,4
Drosophila,2018-10-19_1,IB_L,67,2000,1000,0.05,-0.0003609006516945,-0.1545787888838748,0.0803417978640403,0.1041612408758818,3,4
Drosophila,2018-10-19_1,ICL_L,67,2000,1000,0.05,0.0031405811651781,1.345154769395079,0.2553955837086263,0.0481172268068714,10,2
Drosophila,2018-10-19_1,IPS_L,67,2000,1000,0.05,0.0022462547160578,0.9621022624995644,0.2480391541300699,0.0997863428702534,9,4
Drosophila,2018-10-19_1,IVLP_L,67,2000,1000,0.05,0.0051452148900141,2.2037673872608106,0.5354819623799987,0.195897779639067,11,5
Drosophila,2018-10-19_1,LAL_L,67,2000,1000,0.05,0.0024149799541739,1.0343696381323548,0.3526316559456299,0.1932429789701508,12,6
Drosophila,2018-10-19_1,LB_L,67,2000,1000,0.05,-3.451301837854817e-05,-0.0147824077253202,0.0242616006051359,0.0265394598181201,1,1
Drosophila,2018-10-19_1,LH_L,67,2000,1000,0.05,-0.0037474846148766,-1.6050999919469209,0.0,0.2473339845818598,0,10
Drosophila,2018-10-19_1,LO_L,67,2000,1000,0.05,-2.301945651316688e-05,-0.0098595546776174,0.0238238035246292,0.0253430876544982,1,1
Drosophila,2018-10-19_1,MB_L,67,2000,1000,0.05,-0.0021986807717029,-0.9417256777905132,0.2053507588414471,0.3504636897738415,7,10
Drosophila,2018-10-19_1,ME_L,67,2000,1000,0.05,-0.0045146835040223,-1.933701989644501,0.105885534499202,0.4038546457646768,4,11
Drosophila,2018-10-19_1,OTU_L,67,2000,1000,0.05,-0.0019108258327102,-0.8184333876967991,0.1025969074212564,0.228711412380131,4,7
Drosophila,2018-10-19_1,PLP_L,67,2000,1000,0.05,-0.0010343973966593,-0.4430468497340238,0.1019426300690087,0.1702128582485254,4,7
Drosophila,2018-10-19_1,PVLP_L,67,2000,1000,0.05,0.0010454266903135,0.4477708502236679,0.1508130946339054,0.0818149330732085,5,2
Drosophila,2018-10-19_1,SCL_L,67,2000,1000,0.05,-0.0002730004871757,-0.1169299209469156,0.0286375613475575,0.0466555935011574,1,2
Drosophila,2018-10-19_1,SIP_L,67,2000,1000,0.05,-5.223520842289491e-05,-0.0223730692011643,0.2370275238272623,0.2404750475831734,9,9
Drosophila,2018-10-19_1,SLP_L,67,2000,1000,0.05,0.0065856439151555,2.820723253464083,0.5293585658502225,0.0947060674499544,17,3
Drosophila,2018-10-19_1,SMP_L,67,2000,1000,0.05,-0.0001998786670435,-0.0856108242815347,0.082291666090247,0.0954836581151212,3,4
Drosophila,2018-10-19_1,SPS_L,67,2000,1000,0.05,-0.0009351611530985,-0.4005425808417613,0.1528680478740169,0.2145886839785187,6,8
Drosophila,2018-10-19_1,VES_L,67,2000,1000,0.05,-0.0026871808230888,-1.150957071411966,0.0824022866792306,0.2597562210030952,3,9
Drosophila,2018-10-19_1,WED_L,67,2000,1000,0.05,0.0,2.772411526653495e-18,0.0,0.0,0,0
Drosophila,2018-10-19_1,EB,67,2000,1000,0.05,-0.0011632894524818,-0.4982531171437487,0.0766049717525088,0.1533820756163102,3,6
Drosophila,2018-10-19_1,FB,67,2000,1000,0.05,-0.0002889016896222,-0.1237406280055739,0.026267160111864,0.04533467162693,1,2
Drosophila,2018-10-19_1,FLA,67,2000,1000,0.05,-0.0003450963945757,-0.1478096048628419,0.0544431728847918,0.0772195349267934,2,3
Drosophila,2018-10-19_1,NO,67,2000,1000,0.05,-0.0004171015136724,-0.1786504028806143,0.0235791632621777,0.0511078631645562,1,2
Drosophila,2018-10-19_1,PB,67,2000,1000,0.05,0.0008622626993469,0.3693191551163718,0.0569093381568959,0.0,2,0
Drosophila,2018-10-19_1,PRW,67,2000,1000,0.05,-4.39507336265548e-05,-0.0188247129581254,0.1565879503323324,0.159488698751685,6,6
Drosophila,2018-10-19_1,SAD,67,2000,1000,0.05,0.0042363001944109,1.814466530680466,0.4929737053779104,0.2133778925467906,12,5
Drosophila,2018-10-19_1,SOG,67,2000,1000,0.05,0.0009269791827397,0.397038128680762,0.3066340697457086,0.2454534436848834,10,7
Drosophila,2017-11-08_1,AL_R,66,4000,1000,0.05,0.0104674254327235,2.126905287212248,0.855983386319207,0.1756007331921765,43,13
Drosophila,2017-11-08_1,AME_R,66,4000,1000,0.05,-0.0001805625632315,-0.0366890094300829,0.0,0.0117365666100539,0,1
Drosophila,2017-11-08_1,AMMC_R,66,4000,1000,0.05,0.0008486485273193,0.172439254651633,0.1022784229067514,0.0471162686309942,9,4
Drosophila,2017-11-08_1,ATL_R,66,4000,1000,0.05,-0.0072483468341159,-1.4728117533881573,0.0454672912936993,0.5166098355112356,4,36
Drosophila,2017-11-08_1,AVLP_R,66,4000,1000,0.05,-0.0055640224507944,-1.130569197251322,0.3143709869168396,0.6760324462184779,21,41
Drosophila,2017-11-08_1,CRE_R,66,4000,1000,0.05,-0.010632944336167,-2.160537533568358,0.3047953255137101,0.9959367073645686,22,46
Drosophila,2017-11-08_1,EPA_R,66,4000,1000,0.05,-0.0004789121048435,-0.0973114826036737,0.10991442423003,0.1410437110448619,9,13
Drosophila,2017-11-08_1,GA_R,66,4000,1000,0.05,-0.0021627887961137,-0.43946307094741,0.010234473026764,0.1508157447741567,1,12
Drosophila,2017-11-08_1,GOR_R,66,4000,1000,0.05,0.0019790043572524,0.4021193996469853,0.484729063128031,0.3560937799066197,34,26
Drosophila,2017-11-08_1,IB_R,66,4000,1000,0.05,0.0039178128020413,0.7960712800417294,0.6721359407863172,0.4174781086536292,44,31
Drosophila,2017-11-08_1,ICL_R,66,4000,1000,0.05,-0.0064092292789604,-1.3023091234794306,0.1273346117052041,0.5439345148376327,10,37
Drosophila,2017-11-08_1,IPS_R,66,4000,1000,0.05,-0.0050821614550793,-1.0326585213095705,0.3806806477149287,0.7110211422950843,25,38
Drosophila,2017-11-08_1,IVLP_R,66,4000,1000,0.05,0.003362787439854,0.683294132981037,0.3320803473696312,0.1134991637791187,23,10
Drosophila,2017-11-08_1,LAL_R,66,4000,1000,0.05,-0.00140453572323,-0.2853915201036306,0.2865432863446564,0.3778381083546067,18,21
Drosophila,2017-11-08_1,LB_R,66,4000,1000,0.05,-0.0032504573761282,-0.6604694749037652,0.0106384756662429,0.2219182051145796,1,19
Drosophila,2017-11-08_1,LH_R,66,4000,1000,0.05,-0.007969164212621,-1.6192766413695086,0.1346068192132197,0.6526024930335885,10,37
Drosophila,2017-11-08_1,LO_R,66,4000,1000,0.05,-0.0005866863497964,-0.1192104311931639,0.0100471224362492,0.0481817351730167,1,4
Drosophila,2017-11-08_1,MB_R,66,4000,1000,0.05,0.0071092486535201,1.4445480071926688,0.6988220932468159,0.2367209307680031,39,16
Drosophila,2017-11-08_1,ME_R,66,4000,1000,0.05,-0.0003532719814788,-0.0717823164884856,0.0100154429016323,0.0329781216977598,1,3
Drosophila,2017-11-08_1,OTU_R,66,4000,1000,0.05,-0.0005785679186883,-0.1175608245961382,0.0215997837495103,0.0592066984642509,2,5
Drosophila,2017-11-08_1,PLP_R,66,4000,1000,0.05,-0.0042268447388719,-0.8588643388112425,0.2592609588922299,0.5340058669189087,19,33
Drosophila,2017-11-08_1,PVLP_R,66,4000,1000,0.05,-0.0021047162976278,-0.4276631584603236,0.2272076488495149,0.3640142081953255,18,26
Drosophila,2017-11-08_1,SCL_R,66,4000,1000,0.05,-0.0032317904423105,-0.656676488702133,0.1366162734673226,0.3466826522175079,8,20
Drosophila,2017-11-08_1,SIP_R,66,4000,1000,0.05,-0.006095145319977,-1.238489530277264,0.2402805159969427,0.6364649617954479,20,36
Drosophila,2017-11-08_1,SLP_R,66,4000,1000,0.05,0.000764404733111,0.1553215237952662,0.1559800364769628,0.1062937288247449,12,7
Drosophila,2017-11-08_1,SMP_R,66,4000,1000,0.05,-0.0002794174582437,-0.0567756104973113,0.6239073739906011,0.6420695087764425,36,37
Drosophila,2017-11-08_1,SPS_R,66,4000,1000,0.05,0.0007771207375629,0.157905324107467,0.3060306289220413,0.2555177809804485,24,18
Drosophila,2017-11-08_1,VES_R,66,4000,1000,0.05,0.0039154324079082,0.7955876011371292,0.5873741531202525,0.3328710466062143,35,20
Drosophila,2017-11-08_1,WED_R,66,4000,1000,0.05,-0.0015423928653161,-0.3134030962325926,0.140121681029246,0.2403772172747951,11,16
Drosophila,2017-11-08_1,AL_L,66,4000,1000,0.05,0.0047487046647387,0.9649025086213824,0.6195943203169438,0.3109285171089282,35,21
Drosophila,2017-11-08_1,AME_L,66,4000,1000,0.05,1.0468183693581942e-05,0.002127059360345,0.0336044188070525,0.0329239868669697,3,3
Drosophila,2017-11-08_1,AMMC_L,66,4000,1000,0.05,0.0014334175660817,0.2912601020830823,0.4622162489171226,0.3690441071218111,32,25
Drosophila,2017-11-08_1,ATL_L,66,4000,1000,0.05,0.0001462789494422,0.0297228265896106,0.3190537995840401,0.3095456678702954,23,24
Drosophila,2017-11-08_1,AVLP_L,66,4000,1000,0.05,0.0017799771442676,0.3616785066769595,0.8671551612287836,0.7514566468513846,41,41
Drosophila,2017-11-08_1,CRE_L,66,4000,1000,0.05,-0.0118950595506891,-2.4169902343868426,0.3512024873532318,1.124381358148026,24,45
Drosophila,2017-11-08_1,EPA_L,66,4000,1000,0.05,-0.0020460655035052,-0.4157457404743706,0.0210706646319023,0.1540649223597436,2,13
Drosophila,2017-11-08_1,GA_L,66,4000,1000,0.05,-0.0073882770534853,-1.5012445638562528,0.0691004597469242,0.5493384682234717,6,34
Drosophila,2017-11-08_1,GOR_L,66,4000,1000,0.05,0.0018477871533569,0.3754570110269487,0.4052754778664851,0.2851693128982808,29,23
Drosophila,2017-11-08_1,IB_L,66,4000,1000,0.05,0.0051759882885591,1.051723456569275,0.6719676003701736,0.3355283616138282,42,26
Drosophila,2017-11-08_1,ICL_L,66,4000,1000,0.05,0.0001450325975946,0.0294695768911753,0.6735509988916664,0.6641238800480109,38,39
Drosophila,2017-11-08_1,IPS_L,66,4000,1000,0.05,0.0105408496339062,2.1418245548687165,0.9402669313125068,0.2551117051085976,49,19
Drosophila,2017-11-08_1,IVLP_L,66,4000,1000,0.05,0.002549754716657,0.5180917526289192,0.6491951740640824,0.4834611174813736,37,31
Drosophila,2017-11-08_1,LAL_L,66,4000,1000,0.05,-0.0024743038669289,-0.5027606846177098,0.3164922015847375,0.47732195293512,23,28
Drosophila,2017-11-08_1,LB_L,66,4000,1000,0.05,-0.0013169495727628,-0.2675946465827711,0.1010702535442242,0.186671975773808,8,14
Drosophila,2017-11-08_1,LH_L,66,4000,1000,0.05,0.0048931211641678,0.9942468988127156,0.7251004717260159,0.4070475960551061,41,26
Drosophila,2017-11-08_1,LO_L,66,4000,1000,0.05,0.0003307111476676,0.0671981179168747,0.0426484442193264,0.0211522196209323,4,2
Drosophila,2017-11-08_1,MB_L,66,4000,1000,0.05,0.0046830346915317,0.9515588441145204,0.5314575468591816,0.2270602919096149,35,17
Drosophila,2017-11-08_1,ME_L,66,4000,1000,0.05,-0.0001724593186499,-0.0350424886255972,0.0,0.0112098557122437,0,1
Drosophila,2017-11-08_1,OTU_L,66,4000,1000,0.05,-0.0109191040597901,-2.2186831237206834,0.1926676008607839,0.902409364747144,14,43
Drosophila,2017-11-08_1,PLP_L,66,4000,1000,0.05,0.0081435380626878,1.6547081489586777,0.977017074264848,0.4476871001901381,44,31
Drosophila,2017-11-08_1,PVLP_L,66,4000,1000,0.05,0.0085295790649591,1.7331488939239663,0.924832582433166,0.3704099432108245,38,26
Drosophila,2017-11-08_1,SCL_L,66,4000,1000,0.05,-0.0022992749583553,-0.4671960738685908,0.4628667643482127,0.6123196366413093,31,35
Drosophila,2017-11-08_1,SIP_L,66,4000,1000,0.05,-0.0036226681285713,-0.7361000129397485,0.3519192251865144,0.5873926535436507,25,35
Drosophila,2017-11-08_1,SLP_L,66,4000,1000,0.05,0.000553476270334,0.112462382778467,0.651286839372315,0.6153108818006015,39,33
Drosophila,2017-11-08_1,SMP_L,66,4000,1000,0.05,-0.0075561987063666,-1.535365031553501,0.4547420480840336,0.9458949639978638,25,45
Drosophila,2017-11-08_1,SPS_L,66,4000,1000,0.05,0.0052096167238582,1.0585565118700266,0.6704170345500446,0.331791947499259,46,23
Drosophila,2017-11-08_1,VES_L,66,4000,1000,0.05,0.0033068250030401,0.6719229697939014,0.637838510700401,0.4228948855027892,41,25
Drosophila,2017-11-08_1,WED_L,66,4000,1000,0.05,-0.0020763886971377,-0.421907194527865,0.1183041611654376,0.2532694264793909,10,16
Drosophila,2017-11-08_1,EB,66,4000,1000,0.05,0.0026542418552363,0.5393227849317888,0.6219429129718113,0.4494171923814467,40,30
Drosophila,2017-11-08_1,FB,66,4000,1000,0.05,0.001453505045444,0.2953417328849539,0.6995378712333813,0.6050600432795186,43,37
Drosophila,2017-11-08_1,FLA,66,4000,1000,0.05,0.0021390829953887,0.4346462233640483,0.5676967497836265,0.4286563550833597,38,28
Drosophila,2017-11-08_1,NO,66,4000,1000,0.05,-0.0024554605844213,-0.4989318656352844,0.1405749947980208,0.3001799327854066,11,23
Drosophila,2017-11-08_1,PB,66,4000,1000,0.05,0.0043640936947205,0.8867523358870257,0.574409650919192,0.2907435607623534,39,22
Drosophila,2017-11-08_1,PRW,66,4000,1000,0.05,0.0050113660374901,1.0182734035030412,0.5412423901297614,0.2155035976929014,37,13
Drosophila,2017-11-08_1,SAD,66,4000,1000,0.05,0.010117563638789,2.055815896215816,0.9363408814530828,0.2786992449317957,48,17
Drosophila,2017-11-08_1,SOG,66,4000,1000,0.05,0.0006942691193532,0.141070473364378,0.6271950203311261,0.5820675275731642,32,33
Drosophila,2017-11-08_2,AL_R,66,4000,1000,0.05,0.0001808403918187,0.0774916267528297,0.3590142345532396,0.3472596090850213,19,20
Drosophila,2017-11-08_2,AME_R,66,4000,1000,0.05,-0.0001672294940459,-0.0716592427407393,0.0,0.0108699171129837,0,1
Drosophila,2017-11-08_2,AMMC_R,66,4000,1000,0.05,-0.0003933565995154,-0.1685566066510605,0.0213810034424954,0.0469491824110015,2,4
Drosophila,2017-11-08_2,ATL_R,66,4000,1000,0.05,0.0001187385710774,0.0508804749788549,0.0830169210932578,0.075298913973222,7,5
Drosophila,2017-11-08_2,AVLP_R,66,4000,1000,0.05,-0.0051488373825781,-2.2063200629518147,0.15875055781376,0.4934249876813394,13,32
Drosophila,2017-11-08_2,CRE_R,66,4000,1000,0.05,-0.0034124213875359,-1.4622512251098598,0.3095254405559058,0.5313328307457397,20,23
Drosophila,2017-11-08_2,EPA_R,66,4000,1000,0.05,-0.0003011231020655,-0.1290337783348173,0.1413114386822607,0.1608844403165243,12,12
Drosophila,2017-11-08_2,GA_R,66,4000,1000,0.05,-0.0015944484221857,-0.6832345405029491,0.0108459423090749,0.1144850897511458,1,10
Drosophila,2017-11-08_2,GOR_R,66,4000,1000,0.05,-0.0015023381349863,-0.6437645088138778,0.150233169657429,0.2478851484315405,13,19
Drosophila,2017-11-08_2,IB_R,66,4000,1000,0.05,0.0016509736912698,0.7074560930550208,0.5222810047616653,0.4149677148291224,33,27
Drosophila,2017-11-08_2,ICL_R,66,4000,1000,0.05,0.001524811247115,0.6533944261102246,0.6104593058190639,0.5113465747565855,34,32
Drosophila,2017-11-08_2,IPS_R,66,4000,1000,0.05,0.0077989797492213,3.3419283253117507,0.9319789995163856,0.4250453158169995,42,23
Drosophila,2017-11-08_2,IVLP_R,66,4000,1000,0.05,-0.001368745983806,-0.586519150007404,0.2537106936702891,0.3426791826176845,19,26
Drosophila,2017-11-08_2,LAL_R,66,4000,1000,0.05,-0.0026047708492794,-1.116166186099231,0.568365841667227,0.7376759468703944,33,35
Drosophila,2017-11-08_2,LB_R,66,4000,1000,0.05,0.0003449028826358,0.1477937820107026,0.0224186873713279,0.0,2,0
Drosophila,2017-11-08_2,LH_R,66,4000,1000,0.05,-0.0024211981303791,-1.0375037342434326,0.3175084454177579,0.4748863238924046,19,20
Drosophila,2017-11-08_2,LO_R,66,4000,1000,0.05,-2.333269251668486e-06,-0.0009998254712109,0.0451829971630957,0.0453346596644541,4,4
Drosophila,2017-11-08_2,MB_R,66,4000,1000,0.05,0.006461919075678,2.7689865968733973,0.6468798901391497,0.2268551502200746,26,13
Drosophila,2017-11-08_2,ME_R,66,4000,1000,0.05,-0.0001657129997137,-0.071009412182525,0.0,0.010771344981391,0,1
Drosophila,2017-11-08_2,OTU_R,66,4000,1000,0.05,-0.0046637693692271,-1.9984643451981972,0.1544211153887076,0.4575661243884736,13,32
Drosophila,2017-11-08_2,PLP_R,66,4000,1000,0.05,0.0036332862603093,1.556893678112976,0.6095289162998672,0.3733653093797597,33,21
Drosophila,2017-11-08_2,PVLP_R,66,4000,1000,0.05,0.0026049650731028,1.1162494126387914,0.392098098254134,0.2227753685024502,28,16
Drosophila,2017-11-08_2,SCL_R,66,4000,1000,0.05,-0.0001765353724042,-0.0756468897763227,0.4390133937855984,0.4504881929918727,21,25
Drosophila,2017-11-08_2,SIP_R,66,4000,1000,0.05,-0.0042045415300953,-1.8016813591262733,0.1448138667374827,0.4181090661936824,11,28
Drosophila,2017-11-08_2,SLP_R,66,4000,1000,0.05,-0.0024605171593222,-1.0543522683817246,0.2836684142285026,0.4436020295844489,17,24
Drosophila,2017-11-08_2,SMP_R,66,4000,1000,0.05,-0.0033019603714761,-1.414917751978365,0.1833985039658334,0.3980259281117826,13,27
Drosophila,2017-11-08_2,SPS_R,66,4000,1000,0.05,0.002866200872289,1.2281911466807491,0.6612806907809365,0.4749776340821472,38,27
Drosophila,2017-11-08_2,VES_R,66,4000,1000,0.05,0.0041043212767676,1.7587361388364953,0.7757291343682464,0.5089482513783485,39,26
Drosophila,2017-11-08_2,WED_R,66,4000,1000,0.05,-9.25484842777444e-05,-0.0396578028175215,0.0446796354107679,0.0506952868888213,4,4
Drosophila,2017-11-08_2,AL_L,66,4000,1000,0.05,0.0003169383648685,0.1358107512765395,0.2221853343305033,0.2015843406140463,15,13
Drosophila,2017-11-08_2,AME_L,66,4000,1000,0.05,-0.0004352018611176,-0.1864876527013328,0.0359312233938333,0.0642193443664815,3,5
Drosophila,2017-11-08_2,AMMC_L,66,4000,1000,0.05,-0.0003685406448982,-0.1579227616711054,0.0334392355594816,0.0573943774778666,3,5
Drosophila,2017-11-08_2,ATL_L,66,4000,1000,0.05,-0.0011740471770377,-0.5030890760533735,0.0130930720468254,0.0894061385542785,1,7
Drosophila,2017-11-08_2,AVLP_L,66,4000,1000,0.05,-0.0010556180139017,-0.4523411849761361,0.2265255279769498,0.2951406988805649,18,20
Drosophila,2017-11-08_2,CRE_L,66,4000,1000,0.05,-0.004868109847538,-2.0860259563875245,0.1323842614692099,0.4488114015591806,12,30
Drosophila,2017-11-08_2,EPA_L,66,4000,1000,0.05,0.0001794033314887,0.0768758343317067,0.0341801859209374,0.02251896937417,3,2
Drosophila,2017-11-08_2,GA_L,66,4000,1000,0.05,0.0001713991647164,0.0734459816436687,0.0111409457065687,0.0,1,0
Drosophila,2017-11-08_2,GOR_L,66,4000,1000,0.05,-0.0004090828100397,-0.1752954199433991,0.0226102820437188,0.0492006646962996,2,4
Drosophila,2017-11-08_2,IB_L,66,4000,1000,0.05,0.0031328516817525,1.342453258106577,0.3773585825876906,0.1737232232737753,29,14
Drosophila,2017-11-08_2,ICL_L,66,4000,1000,0.05,-0.0036302875192216,-1.5556086923708106,0.0114696819320423,0.2474383706814507,1,18
Drosophila,2017-11-08_2,IPS_L,66,4000,1000,0.05,0.0021529685444069,0.9225651038236492,0.4741139543560266,0.3341709989695727,29,22
Drosophila,2017-11-08_2,IVLP_L,66,4000,1000,0.05,-0.0001904083675099,-0.0815915846968919,0.2237562841694043,0.2361328280575523,17,17
Drosophila,2017-11-08_2,LAL_L,66,4000,1000,0.05,-0.0019766880977082,-0.847027451853239,0.4119917779236677,0.5404765042747068,29,29
Drosophila,2017-11-08_2,LB_L,66,4000,1000,0.05,0.0003550050176143,0.1521226316957198,0.0230753261449323,0.0,2,0
Drosophila,2017-11-08_2,LH_L,66,4000,1000,0.05,0.0003425270048762,0.1467756984359801,0.1865281804062548,0.1642639250893007,14,12
Drosophila,2017-11-08_2,LO_L,66,4000,1000,0.05,-0.0009798250414842,-0.419863259718397,0.0331293803454548,0.0968180080419283,3,8
Drosophila,2017-11-08_2,MB_L,66,4000,1000,0.05,0.0012072868441942,0.5173325526062255,0.344032623847228,0.2655589789746031,23,20
Drosophila,2017-11-08_2,ME_L,66,4000,1000,0.05,0.0001594038282247,0.0683058792094665,0.010361248834608,0.0,1,0
Drosophila,2017-11-08_2,OTU_L,66,4000,1000,0.05,-0.0003735362369427,-0.1600634148195929,0.044306268947786,0.0685861243490624,4,6
Drosophila,2017-11-08_2,PLP_L,66,4000,1000,0.05,0.0031144893299482,1.3345848361350745,0.6302966770559539,0.427854870609317,38,24
Drosophila,2017-11-08_2,PVLP_L,66,4000,1000,0.05,0.0010512820867421,0.4504832037712535,0.4253339431832779,0.3570006075450398,28,22
Drosophila,2017-11-08_2,SCL_L,66,4000,1000,0.05,0.0019091431785342,0.8180838866848502,0.2086949257307364,0.0846006191260082,16,7
Drosophila,2017-11-08_2,SIP_L,66,4000,1000,0.05,-0.0007930624047557,-0.3398339012814761,0.010334716593078,0.0618837729022021,1,5
Drosophila,2017-11-08_2,SLP_L,66,4000,1000,0.05,-0.0008976916307552,-0.3846684033915755,0.0976496136421865,0.1559995696412763,8,13
Drosophila,2017-11-08_2,SMP_L,66,4000,1000,0.05,-0.0004616240666128,-0.1978097896732179,0.0900578167735823,0.120063381103419,8,10
Drosophila,2017-11-08_2,SPS_L,66,4000,1000,0.05,0.0014499546764857,0.6213177568835105,0.4542183567029125,0.3599713027313358,31,27
Drosophila,2017-11-08_2,VES_L,66,4000,1000,0.05,0.0009041080291195,0.3874178839813205,0.4940037598370246,0.4352367379442521,33,27
Drosophila,2017-11-08_2,WED_L,66,4000,1000,0.05,-0.0005844826507159,-0.2504557248370663,0.0220005642375187,0.0599919365340535,2,5
Drosophila,2017-11-08_2,EB,66,4000,1000,0.05,-0.0001444912786937,-0.0619157264865779,0.0960667447519538,0.1054586778670474,8,8
Drosophila,2017-11-08_2,FB,66,4000,1000,0.05,0.001030862214521,0.4417331170202546,0.2223546471542001,0.1553486032103341,17,13
Drosophila,2017-11-08_2,FLA,66,4000,1000,0.05,-0.0007259085600698,-0.3110579148158308,0.1242328573957958,0.1714169138003356,10,13
Drosophila,2017-11-08_2,NO,66,4000,1000,0.05,-4.49045920000288e-05,-0.0192419948207259,0.0849657743460192,0.0878845728260211,6,6
Drosophila,2017-11-08_2,PB,66,4000,1000,0.05,0.001396888745887,0.5985785599270603,0.1528841616151695,0.0620863931325099,10,5
Drosophila,2017-11-08_2,PRW,66,4000,1000,0.05,-0.0009089525143945,-0.3894937866099641,0.0,0.0590819134356488,0,5
Drosophila,2017-11-08_2,SAD,66,4000,1000,0.05,0.0020329228266183,0.8711245055005025,0.3640474451318747,0.2319074614016787,26,17
Drosophila,2017-11-08_2,SOG,66,4000,1000,0.05,0.0018074773962594,0.7745192451004115,0.2082823777249065,0.0907963469680401,15,7
Drosophila,2018-10-19_2,AL_R,67,2000,1000,0.05,-0.0022656010488037,-0.4146809439410299,0.9559563861765406,1.1054860553975856,32,33
Drosophila,2018-10-19_2,AME_R,67,2000,1000,0.05,-7.257827077806823e-05,-0.0132842566663485,0.0446434405484126,0.0494336064197651,2,2
Drosophila,2018-10-19_2,AMMC_R,67,2000,1000,0.05,-0.001933337906437,-0.3538656500982812,0.0422927419882861,0.1698930438131287,2,7
Drosophila,2018-10-19_2,ATL_R,67,2000,1000,0.05,0.0034601044813318,0.6333151166269491,0.6084627704867152,0.3800958747188159,23,14
Drosophila,2018-10-19_2,AVLP_R,67,2000,1000,0.05,-0.0054148827993682,-0.991105080816284,0.1843244326255546,0.5417066973838573,8,21
Drosophila,2018-10-19_2,CRE_R,67,2000,1000,0.05,-0.0118225833129987,-2.1639290865638023,0.7326703271700961,1.5129608258280167,27,44
Drosophila,2018-10-19_2,EPA_R,67,2000,1000,0.05,-0.0025805401552182,-0.4723253584335432,0.0,0.1703156502444027,0,7
Drosophila,2018-10-19_2,GA_R,67,2000,1000,0.05,-0.0015074336260603,-0.2759108887741901,0.0209325758399891,0.1204231951599745,1,5
Drosophila,2018-10-19_2,GOR_R,67,2000,1000,0.05,-0.0059860098481517,-1.0956404772069597,0.2174379098846044,0.6125145598626229,9,25
Drosophila,2018-10-19_2,IB_R,67,2000,1000,0.05,0.0014890508437389,0.272546223344976,0.7092408916358974,0.6109635359491246,26,22
Drosophila,2018-10-19_2,ICL_R,67,2000,1000,0.05,0.0008177466199162,0.149675045582508,0.6754742771001148,0.6215030001856396,26,24
Drosophila,2018-10-19_2,IPS_R,67,2000,1000,0.05,-0.0046042922591533,-0.8427398377195556,0.5976077939178635,0.9014910830219858,21,31
Drosophila,2018-10-19_2,IVLP_R,67,2000,1000,0.05,-0.0073244755642161,-1.3406245739716274,0.0229475688736107,0.5063629561118748,1,21
Drosophila,2018-10-19_2,LAL_R,67,2000,1000,0.05,0.0006667361792925,0.1220350724743252,0.8304788816629478,0.7864742938296398,30,28
Drosophila,2018-10-19_2,LB_R,67,2000,1000,0.05,-0.0005347784825717,-0.0978823902245715,0.0520028190907226,0.0872981989404579,2,4
Drosophila,2018-10-19_2,LH_R,67,2000,1000,0.05,0.0003465025258137,0.0634215783746483,0.3121891920448463,0.2893200253411399,13,11
Drosophila,2018-10-19_2,LO_R,67,2000,1000,0.05,-0.0021131104293362,-0.3867700484829338,0.070146479393792,0.2096117677299855,3,9
Drosophila,2018-10-19_2,LOP_R,67,2000,1000,0.05,0.0007102339765051,0.1299966275843881,0.046875442449338,0.0,2,0
Drosophila,2018-10-19_2,MB_R,67,2000,1000,0.05,0.0096349420803111,1.7635174024969011,1.4944654924702778,0.8585593151697419,44,27
Drosophila,2018-10-19_2,ME_R,67,2000,1000,0.05,-0.0066965247983711,-1.2256885324004068,0.0230868262537349,0.4650574629462278,1,19
Drosophila,2018-10-19_2,OTU_R,67,2000,1000,0.05,0.0041601129243047,0.761440128774152,0.6340445961530654,0.3594771431489549,24,14
Drosophila,2018-10-19_2,PLP_R,67,2000,1000,0.05,-0.0033738386267689,-0.6175255732654152,0.3657924417206133,0.5884657910873612,15,22
Drosophila,2018-10-19_2,PVLP_R,67,2000,1000,0.05,-0.004498321422635,-0.8233436220703633,0.2632937026256199,0.5601829165195338,11,22
Drosophila,2018-10-19_2,SCL_R,67,2000,1000,0.05,0.0053136820650706,0.9725819537863848,0.8564372037267676,0.505734187432108,32,19
Drosophila,2018-10-19_2,SIP_R,67,2000,1000,0.05,-0.0006003115273521,-0.1098771343491901,0.4772525250438084,0.5168730858490505,18,18
Drosophila,2018-10-19_2,SLP_R,67,2000,1000,0.05,0.0062724630930212,1.1480710240766954,0.6890004335801319,0.275017869440731,24,11
Drosophila,2018-10-19_2,SMP_R,67,2000,1000,0.05,0.0150400057550546,2.7528252543305167,1.3451663557289653,0.3525259758953614,43,14
Drosophila,2018-10-19_2,SPS_R,67,2000,1000,0.05,-0.0072033559322428,-1.318455620905961,0.5968129131079785,1.0722344046360086,22,36
Drosophila,2018-10-19_2,VES_R,67,2000,1000,0.05,-0.0060302537905578,-1.1037386019012014,0.5972799155996604,0.9952766657764788,23,33
Drosophila,2018-10-19_2,WED_R,67,2000,1000,0.05,0.0013657629483579,0.249980405386814,0.1123343300070129,0.0221939754153908,5,1
Drosophila,2018-10-19_2,AL_L,67,2000,1000,0.05,0.0079087804347329,1.447571953512793,0.7574223070855077,0.2354427983931306,23,9
Drosophila,2018-10-19_2,AME_L,67,2000,1000,0.05,-0.0003282397766901,-0.0600788830446254,0.0,0.021663825261549,0,1
Drosophila,2018-10-19_2,AMMC_L,67,2000,1000,0.05,-0.0018643663312795,-0.3412415396413718,0.3678502691806202,0.4908984470450717,16,20
Drosophila,2018-10-19_2,ATL_L,67,2000,1000,0.05,-0.00143697044767,-0.2630137649211552,0.8203113886104512,0.9151514381566748,26,25
Drosophila,2018-10-19_2,AVLP_L,67,2000,1000,0.05,-0.0001339100020499,-0.024510019574081,0.5441972767887342,0.553035336924034,20,21
Drosophila,2018-10-19_2,CRE_L,67,2000,1000,0.05,0.0053594279071905,0.9809549764779496,1.2876100296693829,0.9338877877948084,38,28
Drosophila,2018-10-19_2,EPA_L,67,2000,1000,0.05,-0.0034672101123196,-0.6346156853069005,0.208424685648537,0.4372605530616344,8,16
Drosophila,2018-10-19_2,GA_L,67,2000,1000,0.05,-0.006420018915979,-1.1750786863394167,0.3892647507014803,0.8129859991560995,14,23
Drosophila,2018-10-19_2,GOR_L,67,2000,1000,0.05,-0.00070580764434,-0.1291864604098144,0.4098746724470081,0.4564579769734496,16,16
Drosophila,2018-10-19_2,IB_L,67,2000,1000,0.05,-0.0016845447557881,-0.3083281629879155,0.7172292472369968,0.828409201119015,24,28
Drosophila,2018-10-19_2,ICL_L,67,2000,1000,0.05,0.0123482302264386,2.2601400935105063,1.5613078410593544,0.7463246461144055,43,27
Drosophila,2018-10-19_2,IPS_L,67,2000,1000,0.05,-0.0055089777209163,-1.0083276058977588,0.3268484021412958,0.6904409317217755,13,25
Drosophila,2018-10-19_2,IVLP_L,67,2000,1000,0.05,-0.0086577743636612,-1.5846629517792703,0.1188121495263336,0.690225257527977,5,26
Drosophila,2018-10-19_2,LAL_L,67,2000,1000,0.05,0.0067450606421596,1.234572218929351,1.3521421855785198,0.906968183195981,38,26
Drosophila,2018-10-19_2,LB_L,67,2000,1000,0.05,-0.003005153153278,-0.5500437718047031,0.1198937615740973,0.3182338696904456,5,11
Drosophila,2018-10-19_2,LH_L,67,2000,1000,0.05,-0.0037395324940326,-0.6844598104959566,0.203591089067892,0.4504002336740496,8,17
Drosophila,2018-10-19_2,LO_L,67,2000,1000,0.05,0.0009794373994663,0.1792698787618898,0.0875853144196816,0.0229424460549028,4,1
Drosophila,2018-10-19_2,MB_L,67,2000,1000,0.05,0.0082303364356089,1.5064274815165244,1.5620855296946852,1.0188833249444942,42,31
Drosophila,2018-10-19_2,ME_L,67,2000,1000,0.05,0.0004152506144876,0.0760047833129074,0.0501057101959001,0.0226991696397167,2,1
Drosophila,2018-10-19_2,OTU_L,67,2000,1000,0.05,-0.0019443630389669,-0.3558836189578049,0.5064919338442042,0.6348198944160228,20,22
Drosophila,2018-10-19_2,PLP_L,67,2000,1000,0.05,-0.0035167615731057,-0.643685263793939,0.4675461986536975,0.6996524624786784,19,26
Drosophila,2018-10-19_2,PVLP_L,67,2000,1000,0.05,0.0020191304449279,0.3695685607511972,0.6626645505768978,0.5294019412116535,26,20
Drosophila,2018-10-19_2,SCL_L,67,2000,1000,0.05,0.0010177477765085,0.1862819620776962,1.1824312478992076,1.1152598946496446,33,29
Drosophila,2018-10-19_2,SIP_L,67,2000,1000,0.05,-0.0092619988136342,-1.6952562821448918,0.7886840187084414,1.399975940408302,23,31
Drosophila,2018-10-19_2,SLP_L,67,2000,1000,0.05,-0.0003829846033305,-0.0700990215853969,0.5564670207798095,0.5817440045996252,19,21
Drosophila,2018-10-19_2,SMP_L,67,2000,1000,0.05,0.0118627973800607,2.1712896089725247,0.8741830263104129,0.0912383992264054,30,4
Drosophila,2018-10-19_2,SPS_L,67,2000,1000,0.05,-0.0016497765935986,-0.3019644237393551,0.8586271988180592,0.967512453995568,29,29
Drosophila,2018-10-19_2,VES_L,67,2000,1000,0.05,0.0023649837618738,0.432871312138962,0.8287102148172862,0.6726212865336096,29,21
Drosophila,2018-10-19_2,WED_L,67,2000,1000,0.05,-0.0003728662703585,-0.0682470274445261,0.0446189358483208,0.0692281096919851,2,3
Drosophila,2018-10-19_2,EB,67,2000,1000,0.05,0.002985252695419,0.5464013208735617,1.1077945261304865,0.9107678482328292,36,26
Drosophila,2018-10-19_2,FB,67,2000,1000,0.05,0.0105716861774862,1.9349729756892184,1.7398797463361446,1.0421484586220524,45,31
Drosophila,2018-10-19_2,FLA,67,2000,1000,0.05,-0.0054902102237915,-1.0048925247623406,0.3665640419073939,0.7289179166776356,15,27
Drosophila,2018-10-19_2,NO,67,2000,1000,0.05,-0.0021744477516582,-0.397996834740252,0.2528864459337092,0.3963999975431505,10,15
Drosophila,2018-10-19_2,PB,67,2000,1000,0.05,0.0064782587518137,1.1857385287294235,1.1831509382954768,0.755585860675771,35,23
Drosophila,2018-10-19_2,PRW,67,2000,1000,0.05,0.0016784505920065,0.3072127267151256,0.5984308164441385,0.4876530773717094,23,18
Drosophila,2018-10-19_2,SAD,67,2000,1000,0.05,-0.0035635595663466,-0.6522508654129481,0.905552314061762,1.140747245440639,33,38
Drosophila,2018-10-19_2,SOG,67,2000,1000,0.05,0.0096295292209176,1.762526667767199,1.2557591279398277,0.6202101993592599,39,21
Drosophila,2018-10-20_1,AL_R,67,2000,1000,0.05,0.0150059637325134,1.2047721516524783,8.776101171997821,7.785707565651935,66,65
Drosophila,2018-10-20_1,AME_R,67,2000,1000,0.05,-0.0014238249098298,-0.1143135243273543,6.6941937557562365,6.788166199805006,66,66
Drosophila,2018-10-20_1,AMMC_R,67,2000,1000,0.05,-0.0114177180948693,-0.916685461948208,5.193167265009569,5.946736659270944,66,66
Drosophila,2018-10-20_1,ATL_R,67,2000,1000,0.05,-0.0118794094806624,-0.9537529195388325,4.791807156112637,5.575848181836358,66,66
Drosophila,2018-10-20_1,AVLP_R,67,2000,1000,0.05,-0.0083296597404748,-0.6687569200451459,6.604017160973912,7.153774703845251,66,66
Drosophila,2018-10-20_1,CRE_R,67,2000,1000,0.05,0.0054843463596695,0.4403174552414991,7.640426733600236,7.2784598738620465,66,65
Drosophila,2018-10-20_1,EPA_R,67,2000,1000,0.05,-0.0149226269631634,-1.1980813571982714,4.984309678669648,5.9692030582384366,66,66
Drosophila,2018-10-20_1,GA_R,67,2000,1000,0.05,0.0043690914018073,0.3507778469114126,7.011969224005413,6.723609191486127,66,66
Drosophila,2018-10-20_1,GOR_R,67,2000,1000,0.05,-0.01107666590454,-0.8893036697159324,5.530664598485571,6.261724548185216,65,66
Drosophila,2018-10-20_1,IB_R,67,2000,1000,0.05,0.0027040704260284,0.2170996014289603,6.971655979955442,6.793187331837563,66,66
Drosophila,2018-10-20_1,ICL_R,67,2000,1000,0.05,-0.0096356770688297,-0.7736121186065318,6.556999181699084,7.192953868241851,66,66
Drosophila,2018-10-20_1,IPS_R,67,2000,1000,0.05,0.0017733571961894,0.1423761514412044,6.921910921283088,6.804869346334586,66,66
Drosophila,2018-10-20_1,IVLP_R,67,2000,1000,0.05,-0.0128395222832909,-1.0308367501858178,5.086522201758672,5.933930672455878,66,66
Drosophila,2018-10-20_1,LAL_R,67,2000,1000,0.05,0.0230547896697321,1.850981986322994,8.193333288348379,6.671717170146054,66,65
Drosophila,2018-10-20_1,LB_R,67,2000,1000,0.05,-0.0120838987823274,-0.9701705932283294,4.874880457878808,5.672417777512417,66,66
Drosophila,2018-10-20_1,LH_R,67,2000,1000,0.05,-0.0169372107843966,-1.3598246832688623,4.698315021231697,5.816170933001877,66,66
Drosophila,2018-10-20_1,LO_R,67,2000,1000,0.05,0.007704164077116,0.6185382356855874,7.474487938489354,6.966013109399697,66,66
Drosophila,2018-10-20_1,LOP_R,67,2000,1000,0.05,0.0287249883775167,2.3062208246438773,7.89080264168162,5.994953408765515,66,64
Drosophila,2018-10-20_1,MB_R,67,2000,1000,0.05,0.0220539962562923,1.77063206308167,7.677111107372328,6.221547354457034,66,66
Drosophila,2018-10-20_1,ME_R,67,2000,1000,0.05,-0.0171968390723454,-1.380669257911154,6.258973534453643,7.393964913228444,66,66
Drosophila,2018-10-20_1,OTU_R,67,2000,1000,0.05,-0.0160639523157401,-1.2897140590540008,3.725016120618202,4.78523697345705,64,66
Drosophila,2018-10-20_1,PLP_R,67,2000,1000,0.05,-0.0156146375753257,-1.253640275575147,5.987596892274301,7.0181629722458005,65,65
Drosophila,2018-10-20_1,PVLP_R,67,2000,1000,0.05,-0.0005624854936266,-0.0451598358165791,6.142962712029428,6.180086754608785,66,65
Drosophila,2018-10-20_1,SCL_R,67,2000,1000,0.05,-0.0062014630493648,-0.4978920457596792,5.676759836277181,6.086056397535264,66,66
Drosophila,2018-10-20_1,SIP_R,67,2000,1000,0.05,-0.0142320056472458,-1.1426339801696097,4.190531674085966,5.129844046804195,65,66
Drosophila,2018-10-20_1,SLP_R,67,2000,1000,0.05,-0.0022755392023271,-0.1826944480091713,6.28484242615189,6.43502801350548,66,66
Drosophila,2018-10-20_1,SMP_R,67,2000,1000,0.05,0.0273471296970062,2.19559775525747,8.080683299282919,6.27577273928051,66,66
Drosophila,2018-10-20_1,SPS_R,67,2000,1000,0.05,-0.0053222153598454,-0.4273005696225873,5.450306272836074,5.801572486585873,65,66
Drosophila,2018-10-20_1,VES_R,67,2000,1000,0.05,-0.0059171573268473,-0.4750662131007338,7.120689416233985,7.511221799805912,66,66
Drosophila,2018-10-20_1,WED_R,67,2000,1000,0.05,0.0014517476290608,0.1165553339923424,6.783384601017997,6.6875692574999785,66,65
Drosophila,2018-10-20_1,AL_L,67,2000,1000,0.05,0.0165144326498269,1.3258814236464538,8.970012857507623,7.880060302619041,66,66
Drosophila,2018-10-20_1,AME_L,67,2000,1000,0.05,-0.0091903539242267,-0.737858805279408,5.022488290050018,5.629051649048985,65,66
Drosophila,2018-10-20_1,AMMC_L,67,2000,1000,0.05,0.0130381561869563,1.0467843160853392,8.765141930292458,7.904623621953333,66,65
Drosophila,2018-10-20_1,ATL_L,67,2000,1000,0.05,-0.0108586790694535,-0.871802330047215,5.738610760375923,6.455283578959853,66,66
Drosophila,2018-10-20_1,AVLP_L,67,2000,1000,0.05,0.0201105251199527,1.61459810589376,8.903681009083323,7.576386351166442,66,65
Drosophila,2018-10-20_1,CRE_L,67,2000,1000,0.05,-0.0085607408041241,-0.6873095458692197,6.662953082544615,7.22796197561681,66,66
Drosophila,2018-10-20_1,EPA_L,67,2000,1000,0.05,-0.0081021271863141,-0.6504891906454587,6.33458680454404,6.869327198840777,66,66
Drosophila,2018-10-20_1,GA_L,67,2000,1000,0.05,0.0083727613373444,0.6722173844662207,8.134479807294788,7.581877559030054,66,66
Drosophila,2018-10-20_1,GOR_L,67,2000,1000,0.05,-0.0095362270025873,-0.7656276484035794,5.981921227432723,6.611312209603492,66,66
Drosophila,2018-10-20_1,IB_L,67,2000,1000,0.05,-0.0008860395839588,-0.0711367716891439,5.79348636629107,5.851964978832355,66,66
Drosophila,2018-10-20_1,ICL_L,67,2000,1000,0.05,-0.0004866221720516,-0.0390690562575602,7.242691606647366,7.274808670002773,66,66
Drosophila,2018-10-20_1,IPS_L,67,2000,1000,0.05,-0.0040038022194136,-0.3214501581276353,6.391552727150679,6.655803673631983,66,66
Drosophila,2018-10-20_1,IVLP_L,67,2000,1000,0.05,0.0031981928405523,0.2567708238267457,7.058668687207298,6.847587959730845,66,66
Drosophila,2018-10-20_1,LAL_L,67,2000,1000,0.05,0.0029611688354678,0.2377410616808999,8.451916574084272,8.256479430943397,66,66
Drosophila,2018-10-20_1,LB_L,67,2000,1000,0.05,0.0070950218700379,0.5696325085649953,8.428993091133798,7.960721647711294,66,66
Drosophila,2018-10-20_1,LH_L,67,2000,1000,0.05,-0.0146556608990228,-1.176647660219781,3.140601257379635,4.107874876715143,62,66
Drosophila,2018-10-20_1,LO_L,67,2000,1000,0.05,-0.0143614187088876,-1.153024066105125,6.460172537418593,7.408026172205176,66,66
Drosophila,2018-10-20_1,MB_L,67,2000,1000,0.05,-0.0040988961390062,-0.3290848897689163,7.256915876815898,7.527443021990309,66,66
Drosophila,2018-10-20_1,ME_L,67,2000,1000,0.05,-0.0067149943927781,-0.5391215377518852,5.599568389839456,6.042758019762815,66,66
Drosophila,2018-10-20_1,OTU_L,67,2000,1000,0.05,-0.0116136792918933,-0.9324184463261111,5.794289122093188,6.560791955358148,66,66
Drosophila,2018-10-20_1,PLP_L,67,2000,1000,0.05,-0.0053902800693973,-0.4327652280770611,5.997612763638871,6.353371248219096,66,66
Drosophila,2018-10-20_1,PVLP_L,67,2000,1000,0.05,0.0033804884178552,0.2714066472112951,7.195365376481765,6.972253140903317,66,66
Drosophila,2018-10-20_1,SCL_L,67,2000,1000,0.05,-0.0124279433256592,-0.997792630181281,5.949057796092341,6.7693020555858485,66,66
Drosophila,2018-10-20_1,SIP_L,67,2000,1000,0.05,-0.0020333668232455,-0.1632513423601299,7.409149867467047,7.543352077801247,66,66
Drosophila,2018-10-20_1,SLP_L,67,2000,1000,0.05,-0.0002368603866105,-0.0190166258365513,5.9169864573695845,5.932619242885885,66,66
Drosophila,2018-10-20_1,SMP_L,67,2000,1000,0.05,0.0192769463482264,1.5476732146781025,8.161824361292467,6.889545902309525,66,66
Drosophila,2018-10-20_1,SPS_L,67,2000,1000,0.05,0.0067556631903161,0.5423866819031277,7.472884968847831,7.027011198286963,66,66
Drosophila,2018-10-20_1,VES_L,67,2000,1000,0.05,0.0173526544901112,1.3931790893000973,8.980958199647686,7.835683003300339,66,66
Drosophila,2018-10-20_1,WED_L,67,2000,1000,0.05,0.0115724346016035,0.9291070659209288,8.205876849796082,7.44209616609025,66,65
Drosophila,2018-10-20_1,EB,67,2000,1000,0.05,0.0165661429371229,1.330033047307459,8.966723395157576,7.873357961307467,66,66
Drosophila,2018-10-20_1,FB,67,2000,1000,0.05,0.023777074921947,1.908971541204589,8.923802396131327,7.354515451282821,66,66
Drosophila,2018-10-20_1,FLA,67,2000,1000,0.05,-0.0031243022569642,-0.2508384279498117,8.694302037287427,8.900505986247067,66,66
Drosophila,2018-10-20_1,NO,67,2000,1000,0.05,-0.0072292294650651,-0.5804075294774275,6.365740799847222,6.842869944541521,66,66
Drosophila,2018-10-20_1,PB,67,2000,1000,0.05,-0.0160386969257844,-1.2876863991822238,4.792690160078922,5.851244157180695,66,66
Drosophila,2018-10-20_1,PRW,67,2000,1000,0.05,-0.0012130560450649,-0.0973916882340161,8.475767450427295,8.555829149401575,66,66
Drosophila,2018-10-20_1,SAD,67,2000,1000,0.05,0.0107833124941888,0.8657514323732787,8.288876863686285,7.577178239069815,66,66
Drosophila,2018-10-20_1,SOG,67,2000,1000,0.05,0.0242668646821205,1.948294911148701,9.062120990526878,7.460507921506925,66,66
Drosophila,2018-10-31_1,AL_R,67,2000,1000,0.05,0.0010109961403599,0.1234117645162524,1.2905595385750313,1.223833793311274,41,37
Drosophila,2018-10-31_1,AME_R,67,2000,1000,0.05,-2.705392179738332e-05,-0.0033024579351124,0.10908471174907,0.1108702705876973,5,5
Drosophila,2018-10-31_1,AMMC_R,67,2000,1000,0.05,-8.951070048293232e-06,-0.0010926523899242,0.0642636600744865,0.0648544306976739,3,3
Drosophila,2018-10-31_1,ATL_R,67,2000,1000,0.05,-0.00587002950577,-0.7165513993076412,0.4954963538703447,0.8829183012511712,20,29
Drosophila,2018-10-31_1,AVLP_R,67,2000,1000,0.05,0.0032028961039883,0.3909758346008047,0.6516664713649782,0.44027532850175,27,15
Drosophila,2018-10-31_1,CRE_R,67,2000,1000,0.05,-0.0006030491408075,-0.0736138898913796,1.5347381662687507,1.574539409562048,48,41
Drosophila,2018-10-31_1,EPA_R,67,2000,1000,0.05,-0.0123523186477591,-1.5078410088135554,0.192548553146814,1.007801583898921,8,37
Drosophila,2018-10-31_1,GA_R,67,2000,1000,0.05,-0.0064579796085735,-0.7883221576100916,0.1529870000004209,0.5792136541662747,7,24
Drosophila,2018-10-31_1,GOR_R,67,2000,1000,0.05,-0.0104459359493586,-1.2751298803921338,0.7343778863075059,1.4238096589651756,29,43
Drosophila,2018-10-31_1,IB_R,67,2000,1000,0.05,0.0014705936061672,0.1795145842582609,1.381065241012572,1.2840060630055308,46,37
Drosophila,2018-10-31_1,ICL_R,67,2000,1000,0.05,-0.0073460385577156,-0.8967270441698504,0.9857208618021768,1.4705594066114092,36,42
Drosophila,2018-10-31_1,IPS_R,67,2000,1000,0.05,0.0103430974369917,1.2625764375403066,1.6030091710128942,0.9203647401714404,47,33
Drosophila,2018-10-31_1,IVLP_R,67,2000,1000,0.05,-0.0116862009489285,-1.4265283733776524,0.8495237790160801,1.620813041645365,30,42
Drosophila,2018-10-31_1,LAL_R,67,2000,1000,0.05,0.0024175151869747,0.2951048011549904,1.5004396852203494,1.3408836828800177,44,41
Drosophila,2018-10-31_1,LB_R,67,2000,1000,0.05,-0.0019469240865374,-0.2376599942441298,0.1223927608259276,0.2508897505374023,5,11
Drosophila,2018-10-31_1,LH_R,67,2000,1000,0.05,0.0081871455155241,0.999400525962848,0.8338183682077318,0.2934667641831412,29,11
Drosophila,2018-10-31_1,LO_R,67,2000,1000,0.05,-0.0003761185023117,-0.0459125867888868,0.0409262380510684,0.0657500592036455,2,3
Drosophila,2018-10-31_1,LOP_R,67,2000,1000,0.05,-0.0003064283244026,-0.0374055436045725,0.065219523929727,0.0854437933403016,3,4
Drosophila,2018-10-31_1,MB_R,67,2000,1000,0.05,0.0163936818801448,2.001168082626364,2.512479525954534,1.4304965218649728,54,43
Drosophila,2018-10-31_1,ME_R,67,2000,1000,0.05,-0.0067109701381097,-0.819204577838568,0.9698960778507928,1.412820106966036,27,39
Drosophila,2018-10-31_1,OTU_R,67,2000,1000,0.05,-0.0076807152085601,-0.9375808460532103,0.6572446139356471,1.1641718177006153,27,37
Drosophila,2018-10-31_1,PLP_R,67,2000,1000,0.05,-0.0052718074038294,-0.6435267434995248,1.331285249339672,1.6792245379924138,43,48
Drosophila,2018-10-31_1,PVLP_R,67,2000,1000,0.05,0.0018825396127679,0.2298006155599374,1.4794415910947991,1.3551939766521124,40,38
Drosophila,2018-10-31_1,SCL_R,67,2000,1000,0.05,-0.0037694709718942,-0.4601373292766819,1.434187563201629,1.6829726473466509,45,42
Drosophila,2018-10-31_1,SIP_R,67,2000,1000,0.05,0.0100806967624115,1.2305453258798136,1.7998700676488877,1.134544081329727,48,33
Drosophila,2018-10-31_1,SLP_R,67,2000,1000,0.05,0.0011995597528893,0.1464296250369915,1.673046555874734,1.593875612184037,44,45
Drosophila,2018-10-31_1,SMP_R,67,2000,1000,0.05,0.0150131721073561,1.832649984296995,2.1309927674950395,1.1401234084095364,51,37
Drosophila,2018-10-31_1,SPS_R,67,2000,1000,0.05,-0.0062227332535982,-0.7596057593920132,1.2392977886293193,1.649998183366804,40,43
Drosophila,2018-10-31_1,VES_R,67,2000,1000,0.05,0.0015964509484525,0.1948779235121734,1.5380239689877544,1.4326582063898878,49,36
Drosophila,2018-10-31_1,WED_R,67,2000,1000,0.05,-0.0011047524488895,-0.1348565475458405,0.1500775990450722,0.2229912606717845,7,9
Drosophila,2018-10-31_1,AL_L,67,2000,1000,0.05,-0.0039650532962826,-0.4840119602444727,1.0873340405865686,1.3490275581412208,37,40
Drosophila,2018-10-31_1,AME_L,67,2000,1000,0.05,2.6961987671138907e-05,0.0032912355849113,0.0430347740374235,0.0412552828511283,2,2
Drosophila,2018-10-31_1,AMMC_L,67,2000,1000,0.05,5.880570352533074e-05,0.0071783811490088,0.0891604946827171,0.0852793182500453,4,4
Drosophila,2018-10-31_1,ATL_L,67,2000,1000,0.05,0.0012208154773838,0.1490243000918355,0.6457156210178936,0.5651417995105605,25,21
Drosophila,2018-10-31_1,AVLP_L,67,2000,1000,0.05,0.0017352139780055,0.211816653189883,0.4024104160504169,0.2878862935020478,14,13
Drosophila,2018-10-31_1,CRE_L,67,2000,1000,0.05,0.0018419978986032,0.2248517099391876,1.7028390929527468,1.5812672316449323,46,41
Drosophila,2018-10-31_1,EPA_L,67,2000,1000,0.05,-0.0029878891848162,-0.3647300536141626,0.389616018801239,0.5868167049991109,17,23
Drosophila,2018-10-31_1,GA_L,67,2000,1000,0.05,-0.015087719104513,-1.8417498968399395,0.2611985919078154,1.2569880528056787,11,45
Drosophila,2018-10-31_1,GOR_L,67,2000,1000,0.05,-0.0062839002874158,-0.7670723868817748,0.425057015347114,0.83979443431656,18,29
Drosophila,2018-10-31_1,IB_L,67,2000,1000,0.05,0.0067558540499813,0.8246835332384349,1.646730613738162,1.2008442464393911,51,37
Drosophila,2018-10-31_1,ICL_L,67,2000,1000,0.05,-0.0093543113849096,-1.1418758467615349,0.9819165273931444,1.5993010787971826,35,44
Drosophila,2018-10-31_1,IPS_L,67,2000,1000,0.05,0.0020412960583385,0.2491799309638623,1.53781871341084,1.4030931735604986,44,43
Drosophila,2018-10-31_1,IVLP_L,67,2000,1000,0.05,-0.012466253098766,-1.521748927030668,0.6547718873429855,1.4775445918615429,22,46
Drosophila,2018-10-31_1,LAL_L,67,2000,1000,0.05,0.012605903895439,1.538796025971504,1.8548227866193516,1.022833129520374,49,30
Drosophila,2018-10-31_1,LB_L,67,2000,1000,0.05,-0.0045492339985434,-0.5553225898149076,0.3175744891411893,0.6178239330450541,14,26
Drosophila,2018-10-31_1,LH_L,67,2000,1000,0.05,0.0045310940304942,0.5531082535025903,1.43374523172033,1.134693025707708,46,35
Drosophila,2018-10-31_1,LO_L,67,2000,1000,0.05,-0.0002114696909652,-0.025813993408956,0.1046939512728206,0.1186509508765292,5,5
Drosophila,2018-10-31_1,MB_L,67,2000,1000,0.05,0.0200715582044447,2.4501245016813336,2.094884314819756,0.7701614733263993,52,28
Drosophila,2018-10-31_1,ME_L,67,2000,1000,0.05,-0.0010054748690233,-0.1227377858423286,0.0436923524249586,0.1100536937805007,2,5
Drosophila,2018-10-31_1,OTU_L,67,2000,1000,0.05,-0.0133408469052902,-1.6285101307477414,0.5128830145625254,1.3933789103116836,20,40
Drosophila,2018-10-31_1,PLP_L,67,2000,1000,0.05,0.0158605721679645,1.9360916618227224,2.1600296579937424,1.1132318949080804,52,35
Drosophila,2018-10-31_1,PVLP_L,67,2000,1000,0.05,-0.0026574378947893,-0.3243920392925948,1.4553158418459289,1.630706742902026,43,46
Drosophila,2018-10-31_1,SCL_L,67,2000,1000,0.05,0.0057151505548115,0.6976454076216406,1.8687259712959785,1.4915260346784178,51,41
Drosophila,2018-10-31_1,SIP_L,67,2000,1000,0.05,0.0125309503086219,1.52964648124364,1.5882593337231157,0.7612166133540672,45,26
Drosophila,2018-10-31_1,SLP_L,67,2000,1000,0.05,0.0126071503778586,1.5389481834216654,2.084497485412657,1.2524255604739865,53,36
Drosophila,2018-10-31_1,SMP_L,67,2000,1000,0.05,0.0197338502047664,2.408900664647974,2.0992420840917365,0.7968079705771483,52,25
Drosophila,2018-10-31_1,SPS_L,67,2000,1000,0.05,0.0037441790197096,0.4570499540409517,1.5316556820450629,1.2845398667442267,47,38
Drosophila,2018-10-31_1,VES_L,67,2000,1000,0.05,-0.0054513909170522,-0.6654484080441229,1.1695630717611452,1.5293548722865924,41,40
Drosophila,2018-10-31_1,WED_L,67,2000,1000,0.05,-0.0021528498666693,-0.2627972453877479,0.1526387881751776,0.2947268793753541,7,12
Drosophila,2018-10-31_1,EB,67,2000,1000,0.05,-0.0110449147565781,-1.3482469068137048,0.8762948069489442,1.6052591808831047,28,49
Drosophila,2018-10-31_1,FB,67,2000,1000,0.05,-0.0049124231505715,-0.5996568976481657,1.431276040529081,1.755495968466803,46,49
Drosophila,2018-10-31_1,FLA,67,2000,1000,0.05,-0.0116550211675715,-1.4227222739467171,0.5781013303675469,1.347332727427268,23,42
Drosophila,2018-10-31_1,NO,67,2000,1000,0.05,-0.003103762427291,-0.3788746390810765,0.5169805441578768,0.7218288643590891,18,27
Drosophila,2018-10-31_1,PB,67,2000,1000,0.05,0.002610755922475,0.3186935956048065,1.362479536675945,1.1901696457925943,45,37
Drosophila,2018-10-31_1,PRW,67,2000,1000,0.05,-0.007814834133022,-0.9539526722769756,0.2425469605240975,0.7583260133035541,11,29
Drosophila,2018-10-31_1,SAD,67,2000,1000,0.05,-0.0039209973254653,-0.4786340711715253,0.8786653774260009,1.1374512009067144,32,37
Drosophila,2018-10-31_1,SOG,67,2000,1000,0.05,0.0136628062543052,1.6678115383181955,1.3359476552970049,0.4342024425128574,37,16
Drosophila,2018-11-03_2,AL_R,67,2000,1000,0.05,0.0022388845273815,0.4311678686781489,0.8800237805054132,0.7322574016982317,26,23
Drosophila,2018-11-03_2,AME_R,67,2000,1000,0.05,0.0,2.8047404243126592e-18,0.0,0.0,0,0
Drosophila,2018-11-03_2,AMMC_R,67,2000,1000,0.05,-0.0003937363235899,-0.075826354323872,0.0239940247607295,0.049980622117669,1,2
Drosophila,2018-11-03_2,ATL_R,67,2000,1000,0.05,-0.0060791872150392,-1.1707393403935162,0.2359115225287413,0.6371378787213295,10,21
Drosophila,2018-11-03_2,AVLP_R,67,2000,1000,0.05,-0.0013118177926319,-0.2526319132700793,0.0,0.0865799743137061,0,2
Drosophila,2018-11-03_2,CRE_R,67,2000,1000,0.05,0.0015380410473719,0.2961983399431703,1.0991029580510667,0.9975922489245196,29,26
Drosophila,2018-11-03_2,EPA_R,67,2000,1000,0.05,-0.0012289240298875,-0.2366681033584522,0.0,0.0811089859725777,0,3
Drosophila,2018-11-03_2,GA_R,67,2000,1000,0.05,-0.0037036160492022,-0.7132481460329364,0.1376855229804472,0.3821241822277939,6,13
Drosophila,2018-11-03_2,GOR_R,67,2000,1000,0.05,-0.0015060023458036,-0.2900282769044197,0.0224743865761376,0.1218705413991756,1,5
Drosophila,2018-11-03_2,IB_R,67,2000,1000,0.05,-0.0047551548016936,-0.9157551164457784,0.0754896225612573,0.3893298394730404,3,13
Drosophila,2018-11-03_2,ICL_R,67,2000,1000,0.05,-0.0069259267043476,-1.3338057497887854,0.2133737088746681,0.6704848713616114,8,19
Drosophila,2018-11-03_2,IPS_R,67,2000,1000,0.05,0.0030426561527302,0.5859594599224329,0.341796101553383,0.1409807954731836,13,5
Drosophila,2018-11-03_2,IVLP_R,67,2000,1000,0.05,0.0008987943893193,0.1730912230993606,0.1303854319662867,0.0710650022712093,5,3
Drosophila,2018-11-03_2,LAL_R,67,2000,1000,0.05,0.0009062710626788,0.1745310924976237,0.3761758830254891,0.3163619928886843,14,12
Drosophila,2018-11-03_2,LB_R,67,2000,1000,0.05,0.0003713149775563,0.0715084165901612,0.1000544536691467,0.0755476651504247,4,3
Drosophila,2018-11-03_2,LH_R,67,2000,1000,0.05,-0.0009452228933646,-0.1820324967069559,0.0477534616509971,0.1101381726130648,2,4
Drosophila,2018-11-03_2,LO_R,67,2000,1000,0.05,0.0003584848631073,0.0690375731704773,0.0488192129840836,0.0251592120190018,2,1
Drosophila,2018-11-03_2,LOP_R,67,2000,1000,0.05,-0.0003838441291987,-0.0739213001238664,0.0,0.0253337125271184,0,1
Drosophila,2018-11-03_2,MB_R,67,2000,1000,0.05,0.0174797191547708,3.366271534275875,1.649775023159413,0.4961135589445367,37,16
Drosophila,2018-11-03_2,ME_R,67,2000,1000,0.05,-0.0011220335211375,-0.2160829627332901,0.0,0.0740542123950795,0,3
Drosophila,2018-11-03_2,OTU_R,67,2000,1000,0.05,-0.0003654955576762,-0.0703877036476255,0.0,0.0241227068066303,0,1
Drosophila,2018-11-03_2,PLP_R,67,2000,1000,0.05,-0.0007943324997378,-0.1529737897355179,0.15898186921078,0.2114078141934801,6,8
Drosophila,2018-11-03_2,PVLP_R,67,2000,1000,0.05,-0.0002588358145376,-0.049847004223253,0.131689380936367,0.1487725446958507,5,5
Drosophila,2018-11-03_2,SCL_R,67,2000,1000,0.05,-0.0035460798936304,-0.6829095878773328,0.1045700276828682,0.3386113006624756,4,11
Drosophila,2018-11-03_2,SIP_R,67,2000,1000,0.05,0.0024666685251317,0.4750348656705449,0.7854558480705953,0.6226557254118967,25,18
Drosophila,2018-11-03_2,SLP_R,67,2000,1000,0.05,0.0016651150576567,0.320670450723694,0.3125114534893369,0.2026138596839932,11,8
Drosophila,2018-11-03_2,SMP_R,67,2000,1000,0.05,0.0157499560187022,3.0331510559415102,1.4622915234719032,0.4227944262375569,35,10
Drosophila,2018-11-03_2,SPS_R,67,2000,1000,0.05,0.0024398661616009,0.4698732247650774,0.2547796688614006,0.0937485021957407,9,3
Drosophila,2018-11-03_2,VES_R,67,2000,1000,0.05,-0.000935823230576,-0.1802222950099593,0.1240257253279599,0.1857900585459813,5,7
Drosophila,2018-11-03_2,WED_R,67,2000,1000,0.05,0.0003436408708221,0.066178894021113,0.0226802974742623,0.0,1,0
Drosophila,2018-11-03_2,AL_L,67,2000,1000,0.05,-0.0038232492495179,-0.7362872940427782,0.4876244793639537,0.7399589298321398,16,20
Drosophila,2018-11-03_2,AME_L,67,2000,1000,0.05,0.000338390169023,0.0651677056922328,0.0223337511555192,0.0,1,0
Drosophila,2018-11-03_2,AMMC_L,67,2000,1000,0.05,-0.0050433078351664,-0.9712480763443824,0.0916179138374646,0.4244762309584491,4,15
Drosophila,2018-11-03_2,ATL_L,67,2000,1000,0.05,-0.0068177530681046,-1.3129735024729334,0.1706629220317208,0.6206346245266281,7,20
Drosophila,2018-11-03_2,AVLP_L,67,2000,1000,0.05,0.0050933457581517,0.9808844574720432,0.4701239490132378,0.1339631289752207,16,5
Drosophila,2018-11-03_2,CRE_L,67,2000,1000,0.05,0.0077593965975086,1.4943166796945482,1.0875413939165497,0.5754212184809799,30,17
Drosophila,2018-11-03_2,EPA_L,67,2000,1000,0.05,-0.0007495903955907,-0.1443572856463759,0.0,0.0494729661089885,0,2
Drosophila,2018-11-03_2,GA_L,67,2000,1000,0.05,-0.0035455373716708,-0.68280510815355,0.1702416553407273,0.4042471218710055,7,13
Drosophila,2018-11-03_2,GOR_L,67,2000,1000,0.05,-0.0003575328097156,-0.0688542252457725,0.0474850561322615,0.0710822215734938,2,3
Drosophila,2018-11-03_2,IB_L,67,2000,1000,0.05,-0.0015017595779105,-0.2892111980567242,0.1772723897364754,0.27638852187857,7,10
Drosophila,2018-11-03_2,ICL_L,67,2000,1000,0.05,-0.0026721712360262,-0.5146108977437854,0.3811099345912425,0.5574732361689736,14,16
Drosophila,2018-11-03_2,IPS_L,67,2000,1000,0.05,-4.168377241604638e-06,-0.0008027525801927,0.1467114157153721,0.146986528613318,6,6
Drosophila,2018-11-03_2,IVLP_L,67,2000,1000,0.05,-0.0014861217269566,-0.2861996363687446,0.0235625359369131,0.1216465699160544,1,5
Drosophila,2018-11-03_2,LAL_L,67,2000,1000,0.05,-0.0053251229962142,-1.0255204789020516,0.5093686981104999,0.860826815860642,19,25
Drosophila,2018-11-03_2,LB_L,67,2000,1000,0.05,-0.0007447618440534,-0.1434273956722871,0.0215181618469078,0.0706724435544323,1,3
Drosophila,2018-11-03_2,LH_L,67,2000,1000,0.05,-0.0001620074799002,-0.0311996527575292,0.2989183933083601,0.3096108869817766,10,10
Drosophila,2018-11-03_2,LO_L,67,2000,1000,0.05,0.0003603711424446,0.0694008357825901,0.0460255726837619,0.0222410772824122,2,1
Drosophila,2018-11-03_2,MB_L,67,2000,1000,0.05,0.0227950093226285,4.389898391781316,1.919021844615151,0.4145512293216673,41,14
Drosophila,2018-11-03_2,ME_L,67,2000,1000,0.05,0.0003838441291987,0.0739213001238664,0.0253337125271184,0.0,1,0
Drosophila,2018-11-03_2,OTU_L,67,2000,1000,0.05,-0.0079138257485899,-1.5240568860871313,0.2069958166440115,0.729308316050945,8,22
Drosophila,2018-11-03_2,PLP_L,67,2000,1000,0.05,-0.0030530033514449,-0.5879521395635772,0.2816869950366585,0.4831852162320249,11,15
Drosophila,2018-11-03_2,PVLP_L,67,2000,1000,0.05,-0.004313686406875,-0.8307364455162245,0.0756143325189011,0.3603176353726534,3,14
Drosophila,2018-11-03_2,SCL_L,67,2000,1000,0.05,0.0004589652513294,0.0883882428025396,0.8120641403114388,0.7817724337236953,26,21
Drosophila,2018-11-03_2,SIP_L,67,2000,1000,0.05,0.0024741442076318,0.476474544247546,0.6743371741284001,0.5110436564246998,23,14
Drosophila,2018-11-03_2,SLP_L,67,2000,1000,0.05,0.0048647065563511,0.9368527639518938,0.709415956711497,0.3883453239923242,23,14
Drosophila,2018-11-03_2,SMP_L,67,2000,1000,0.05,0.0103611797695214,1.995372134462206,1.2158535947440576,0.5320157299556438,32,13
Drosophila,2018-11-03_2,SPS_L,67,2000,1000,0.05,-0.0012914076726532,-0.2487013005819106,0.0970573478282856,0.1822902542233992,4,7
Drosophila,2018-11-03_2,VES_L,67,2000,1000,0.05,-0.0033594628107625,-0.6469705794581896,0.0957145485248798,0.3174390940352105,4,11
Drosophila,2018-11-03_2,WED_L,67,2000,1000,0.05,-0.0003342858115445,-0.0643772821377199,0.0,0.0220628635619415,0,1
Drosophila,2018-11-03_2,EB,67,2000,1000,0.05,-0.0045534370979439,-0.8769080069424812,0.5198169404640782,0.820343788928378,19,20
Drosophila,2018-11-03_2,FB,67,2000,1000,0.05,-0.0003378147515725,-0.065056890903583,0.8690133347557083,0.8913091083594975,26,21
Drosophila,2018-11-03_2,FLA,67,2000,1000,0.05,-0.0051943783758547,-1.0003414763174523,0.1625086162476776,0.5053375890540899,7,16
Drosophila,2018-11-03_2,NO,67,2000,1000,0.05,-0.0023628531541156,-0.455041939858772,0.2831569475104354,0.439105255682068,11,16
Drosophila,2018-11-03_2,PB,67,2000,1000,0.05,0.0003333689047866,0.0642007028064643,0.0713323504318723,0.0493300027159557,3,2
Drosophila,2018-11-03_2,PRW,67,2000,1000,0.05,-0.005904923119991,-1.1371792896047694,0.2723451212235108,0.6620700471429171,11,21
Drosophila,2018-11-03_2,SAD,67,2000,1000,0.05,3.7049253540139496e-05,0.0071350029399243,0.2795897382763366,0.2771444875426874,10,10
Drosophila,2018-11-03_2,SOG,67,2000,1000,0.05,0.0003490112005261,0.0672131204781989,0.0817493839738285,0.0587146447391013,3,2
Drosophila,2018-11-03_3,AL_R,66,2000,1000,0.05,0.0190630544124381,1.1286039069680682,2.32295224084843,1.0838537040399512,55,31
Drosophila,2018-11-03_3,AME_R,66,2000,1000,0.05,-0.001006336258084,-0.0595788590865179,0.0209959871637428,0.0864078439392055,1,4
Drosophila,2018-11-03_3,AMMC_R,66,2000,1000,0.05,-0.005755046799912,-0.3407202310101437,0.0427211066571571,0.4167991486514428,2,18
Drosophila,2018-11-03_3,ATL_R,66,2000,1000,0.05,-0.014041236848657,-0.8312935809341585,0.9649525397710552,1.8776329349337664,38,48
Drosophila,2018-11-03_3,AVLP_R,66,2000,1000,0.05,0.0140545579067816,0.8320822372490941,1.693670573557783,0.780124309616975,48,25
Drosophila,2018-11-03_3,CRE_R,66,2000,1000,0.05,0.0150476698947973,0.8908781702345226,2.3311824190846866,1.3530838759228612,54,41
Drosophila,2018-11-03_3,EPA_R,66,2000,1000,0.05,-0.0108660576428986,-0.6433111317729867,0.4677906107902276,1.174084357578637,20,40
Drosophila,2018-11-03_3,GA_R,66,2000,1000,0.05,-0.0156490890800753,-0.926484428683193,0.2309896513882727,1.24818044159317,10,44
Drosophila,2018-11-03_3,GOR_R,66,2000,1000,0.05,-0.0173519035627901,-1.027297395821333,1.0072010359426091,2.1350747675239665,38,50
Drosophila,2018-11-03_3,IB_R,66,2000,1000,0.05,-0.007566553183807,-0.4479681640080913,1.7314055180015289,2.223231474948984,49,48
Drosophila,2018-11-03_3,ICL_R,66,2000,1000,0.05,0.0011463307109004,0.0678670527297849,2.319085802575247,2.24457430636672,56,50
Drosophila,2018-11-03_3,IPS_R,66,2000,1000,0.05,0.0049966036137116,0.2958175661674815,0.883012085671925,0.5582328507806689,33,20
Drosophila,2018-11-03_3,IVLP_R,66,2000,1000,0.05,-0.0201343529599167,-1.1920287758298305,1.445198913325807,2.7539318557203925,44,55
Drosophila,2018-11-03_3,LAL_R,66,2000,1000,0.05,0.0071415979856438,0.4228092316273293,2.082801985284521,1.6185981162176706,54,43
Drosophila,2018-11-03_3,LB_R,66,2000,1000,0.05,0.0031731484286954,0.1878622195863113,0.4444239962331724,0.2381693483679692,19,10
Drosophila,2018-11-03_3,LH_R,66,2000,1000,0.05,0.0146129339367008,0.8651401803934495,2.794748983242556,1.844908277357,55,46
Drosophila,2018-11-03_3,LO_R,66,2000,1000,0.05,-0.009596780544702,-0.5681651944506286,0.3035593729939601,0.9273501083995904,12,34
Drosophila,2018-11-03_3,MB_R,66,2000,1000,0.05,0.032059821028803,1.898060955341754,2.439759143849191,0.355870776976992,57,15
Drosophila,2018-11-03_3,ME_R,66,2000,1000,0.05,-0.0155000729695814,-0.917662119263834,0.3003031597886196,1.3078079028114131,13,43
Drosophila,2018-11-03_3,OTU_R,66,2000,1000,0.05,-0.0096418006124246,-0.5708305503387484,1.455107574580646,2.081824614388248,49,50
Drosophila,2018-11-03_3,PLP_R,66,2000,1000,0.05,0.0115011563678354,0.6809113445597941,2.6254770678688875,1.8779019039595832,55,48
Drosophila,2018-11-03_3,PVLP_R,66,2000,1000,0.05,0.0097354312675909,0.5763738342714507,2.7539824887458417,2.1211794563524284,52,49
Drosophila,2018-11-03_3,SCL_R,66,2000,1000,0.05,0.0052637872647082,0.3116358346290153,2.667025509475453,2.324879337269417,54,50
Drosophila,2018-11-03_3,SIP_R,66,2000,1000,0.05,7.406893394555316e-07,4.385157091160804e-05,2.174881697421947,2.1748335526148823,52,50
Drosophila,2018-11-03_3,SLP_R,66,2000,1000,0.05,0.0166658014149119,0.9866775902056448,3.139346093827147,2.056069001857873,56,48
Drosophila,2018-11-03_3,SMP_R,66,2000,1000,0.05,0.0422091914273998,2.4989415297395547,3.5263422408450045,0.7827447980640168,56,24
Drosophila,2018-11-03_3,SPS_R,66,2000,1000,0.05,-0.0054437407936318,-0.3222897545844327,1.868592379945195,2.222435531531266,53,51
Drosophila,2018-11-03_3,VES_R,66,2000,1000,0.05,0.0035890910754152,0.2124875753140009,1.749767079241149,1.5164761593391596,48,41
Drosophila,2018-11-03_3,WED_R,66,2000,1000,0.05,-0.0016681474723171,-0.0987605508500056,0.2711500233640245,0.3795796090646379,13,16
Drosophila,2018-11-03_3,AL_L,66,2000,1000,0.05,0.013210079245378,0.7820859514498245,2.1253320922558285,1.2666769413062555,52,40
Drosophila,2018-11-03_3,AME_L,66,2000,1000,0.05,-0.0001050320232031,-0.0062182874359555,0.0601384735786569,0.0669655550868597,3,3
Drosophila,2018-11-03_3,AMMC_L,66,2000,1000,0.05,-0.0224878377216295,-1.3313638498212177,1.27693457086734,2.738644022773259,42,53
Drosophila,2018-11-03_3,ATL_L,66,2000,1000,0.05,-0.0154682017236077,-0.9157752226549456,1.0544370133823875,2.0598701254168894,39,49
Drosophila,2018-11-03_3,AVLP_L,66,2000,1000,0.05,0.0041336805669336,0.2447293039753029,1.532266675492704,1.2635774386420158,45,36
Drosophila,2018-11-03_3,CRE_L,66,2000,1000,0.05,0.0060766762649866,0.3597618946924538,2.302312630219695,1.9073286729955607,53,48
Drosophila,2018-11-03_3,EPA_L,66,2000,1000,0.05,-0.0175526249974934,-1.03918085324202,0.3427843107944652,1.483704935631541,16,46
Drosophila,2018-11-03_3,GA_L,66,2000,1000,0.05,-0.0012282248786988,-0.0727154928451787,0.1099297265133127,0.1897643436287377,5,8
Drosophila,2018-11-03_3,GOR_L,66,2000,1000,0.05,-0.0167786134381028,-0.9933564826523434,0.5748847729114992,1.6654946463881828,24,46
Drosophila,2018-11-03_3,IB_L,66,2000,1000,0.05,-0.0045751680399108,-0.2708670086735825,1.722975005826335,2.020360928420542,50,47
Drosophila,2018-11-03_3,ICL_L,66,2000,1000,0.05,-0.0212475757373062,-1.257935715436943,1.5645495051565623,2.945641928081467,45,51
Drosophila,2018-11-03_3,IPS_L,66,2000,1000,0.05,-0.0071995825087331,-0.4262421316173521,1.4079022330110007,1.8758750960786557,48,46
Drosophila,2018-11-03_3,IVLP_L,66,2000,1000,0.05,-0.0054906778102474,-0.325068600995279,1.8433040206224809,2.200198078288565,53,51
Drosophila,2018-11-03_3,LAL_L,66,2000,1000,0.05,-0.0088104825146117,-0.5216134189795322,1.9153095343888311,2.487990897838597,51,48
Drosophila,2018-11-03_3,LB_L,66,2000,1000,0.05,-0.0149190369735473,-0.8832626216269107,0.1389681985118946,1.1087056017924697,6,40
Drosophila,2018-11-03_3,LH_L,66,2000,1000,0.05,-0.0142512135146655,-0.8437249825606832,0.5144392010436367,1.4407680794969,21,43
Drosophila,2018-11-03_3,LO_L,66,2000,1000,0.05,-0.0010566299587097,-0.0625564337077708,0.041441014323484,0.1101219616396167,2,5
Drosophila,2018-11-03_3,MB_L,66,2000,1000,0.05,0.0663806046154598,3.929979325192973,4.637698831916535,0.3229595319116463,58,10
Drosophila,2018-11-03_3,ME_L,66,2000,1000,0.05,-0.0042129556749057,-0.2494226859825568,0.0424488521225479,0.3162909709914232,2,14
Drosophila,2018-11-03_3,OTU_L,66,2000,1000,0.05,-0.0175058568943436,-1.0364120071382212,1.254979486884117,2.392860185016454,43,50
Drosophila,2018-11-03_3,PLP_L,66,2000,1000,0.05,0.0146148833708476,0.8652555941643381,2.8087954425091874,1.8588280234040928,58,49
Drosophila,2018-11-03_3,PVLP_L,66,2000,1000,0.05,-0.0120467255866877,-0.7132110767326459,1.293795669500582,2.0768328326352874,41,50
Drosophila,2018-11-03_3,SCL_L,66,2000,1000,0.05,-0.029001519195077,-1.7169980824383066,1.2712725974994297,3.156371345179437,40,56
Drosophila,2018-11-03_3,SIP_L,66,2000,1000,0.05,-0.0022108184482935,-0.1308886962371151,2.3750843986079038,2.518787597746986,54,49
Drosophila,2018-11-03_3,SLP_L,66,2000,1000,0.05,0.0025197754470632,0.1491801026588008,2.403968635552186,2.2401832314930727,56,52
Drosophila,2018-11-03_3,SMP_L,66,2000,1000,0.05,0.0537916254791663,3.184664816270941,4.1459907514590935,0.6495350953132797,56,19
Drosophila,2018-11-03_3,SPS_L,66,2000,1000,0.05,-0.0081513798836899,-0.4825920854483252,1.9057312418897228,2.435570934329571,51,52
Drosophila,2018-11-03_3,VES_L,66,2000,1000,0.05,-0.007521240622148,-0.4452854913882403,1.6527066126200842,2.14158725305971,50,49
Drosophila,2018-11-03_3,WED_L,66,2000,1000,0.05,-0.003901687029332,-0.2309944214499896,0.3173303356495984,0.5709399925561836,14,22
Drosophila,2018-11-03_3,EB,66,2000,1000,0.05,-0.0034283079148039,-0.2029686126485946,1.7268326046168787,1.9496726190791325,48,50
Drosophila,2018-11-03_3,FB,66,2000,1000,0.05,0.0174804805901878,1.0349096353044616,2.927705489238128,1.7914742508759196,55,45
Drosophila,2018-11-03_3,FLA,66,2000,1000,0.05,0.0031328595480422,0.1854769676152035,1.0804007936049462,0.8767649229822028,40,31
Drosophila,2018-11-03_3,NO,66,2000,1000,0.05,-0.01208601359008,-0.7155370730376541,0.4290403610611353,1.214631244416339,17,43
Drosophila,2018-11-03_3,PB,66,2000,1000,0.05,-0.0164327285492839,-0.972878807436378,0.4941092105775762,1.5622365662810336,20,44
Drosophila,2018-11-03_3,PRW,66,2000,1000,0.05,0.0020355008361158,0.1205092398402961,0.7452616747119101,0.6129541203643796,31,24
Drosophila,2018-11-03_3,SAD,66,2000,1000,0.05,0.0036417529457675,0.2156053544139287,2.2585327667324564,2.021818825257565,53,47
Drosophila,2018-11-03_3,SOG,66,2000,1000,0.05,0.0146124176222892,0.865109612654954,1.7350581635385156,0.7852510180897161,52,32
Drosophila,2018-11-03_4,AL_R,66,2000,1000,0.05,0.0083670652279375,2.280305241523942,1.0364003698480722,0.4925411300321327,32,14
Drosophila,2018-11-03_4,AME_R,66,2000,1000,0.05,-0.0027676711352961,-0.7542829922680069,0.046419390773619,0.2263180145678682,2,6
Drosophila,2018-11-03_4,AMMC_R,66,2000,1000,0.05,-0.0022158764384768,-0.6039004740104836,0.0886358180368804,0.2326677865378741,4,9
Drosophila,2018-11-03_4,ATL_R,66,2000,1000,0.05,-0.0043303833392642,-1.1801743571164087,0.2891204358810846,0.5705953529332612,11,20
Drosophila,2018-11-03_4,AVLP_R,66,2000,1000,0.05,0.0033291898205467,0.9073156227434258,0.439578303793442,0.2231809654579004,11,8
Drosophila,2018-11-03_4,CRE_R,66,2000,1000,0.05,0.0041347061983676,1.1268457887501513,0.9851525587119688,0.7163966558180732,29,22
Drosophila,2018-11-03_4,EPA_R,66,2000,1000,0.05,-0.0012311863993441,-0.3355394900404526,0.0659798975417804,0.1460070134991475,3,6
Drosophila,2018-11-03_4,GA_R,66,2000,1000,0.05,-0.0003190172737967,-0.086942881614737,0.071955333267164,0.0926914560639513,3,4
Drosophila,2018-11-03_4,GOR_R,66,2000,1000,0.05,-0.0022239407766304,-0.6060982759948453,0.09725516299308,0.2418113134740624,4,10
Drosophila,2018-11-03_4,IB_R,66,2000,1000,0.05,0.0050071257349464,1.3646093041373566,0.5069293829146764,0.1814662101431601,20,7
Drosophila,2018-11-03_4,ICL_R,66,2000,1000,0.05,-0.0040283238066987,-1.097853027403136,0.3396402646249887,0.6014813120604043,13,22
Drosophila,2018-11-03_4,IPS_R,66,2000,1000,0.05,0.0030878097224148,0.8415314692827801,0.4253998012833162,0.2246921693263521,14,8
Drosophila,2018-11-03_4,IVLP_R,66,2000,1000,0.05,-0.0035991299236898,-0.9808833332041296,0.0755008127618515,0.3094442578016947,3,12
Drosophila,2018-11-03_4,LAL_R,66,2000,1000,0.05,0.0016889340159143,0.4602910320596374,1.045637082196775,0.9358563711623398,32,27
Drosophila,2018-11-03_4,LB_R,66,2000,1000,0.05,-0.0020321862299036,-0.5538387457921515,0.0932860731434006,0.2253781780871371,4,9
Drosophila,2018-11-03_4,LH_R,66,2000,1000,0.05,0.0050324481939468,1.3715105215193193,0.683075623866876,0.3559664912603288,24,13
Drosophila,2018-11-03_4,LO_R,66,2000,1000,0.05,0.0004059951118639,0.1106472528175421,0.0731588239765144,0.0467691417053575,3,2
Drosophila,2018-11-03_4,MB_R,66,2000,1000,0.05,0.0092834799878098,2.530058927364621,0.9559830513055432,0.3525568520979023,25,13
Drosophila,2018-11-03_4,ME_R,66,2000,1000,0.05,-0.0002649257250035,-0.0722011246336517,0.0262854539338786,0.0435056260591117,1,2
Drosophila,2018-11-03_4,OTU_R,66,2000,1000,0.05,-0.0083675744596143,-2.2804440241950754,0.4694628659000379,1.0133552057749728,18,27
Drosophila,2018-11-03_4,PLP_R,66,2000,1000,0.05,0.0009074005812279,0.2472970205403763,0.6391269627491534,0.5801459249693375,22,21
Drosophila,2018-11-03_4,PVLP_R,66,2000,1000,0.05,0.0023865649323987,0.6504187999413464,0.6295332683925903,0.4744065477866717,23,17
Drosophila,2018-11-03_4,SCL_R,66,2000,1000,0.05,0.0013033107746843,0.3551957956445766,0.668261317020471,0.5835461166659885,23,19
Drosophila,2018-11-03_4,SIP_R,66,2000,1000,0.05,0.006032077669402,1.6439430017695111,1.0808393626369686,0.6887543141258381,33,19
Drosophila,2018-11-03_4,SLP_R,66,2000,1000,0.05,-0.0020654846635132,-0.5629136831358995,0.4714711948180659,0.6057276979464286,18,19
Drosophila,2018-11-03_4,SMP_R,66,2000,1000,0.05,0.00707687938607,1.9286864292399253,1.07637803399647,0.6163808739019139,33,20
Drosophila,2018-11-03_4,SPS_R,66,2000,1000,0.05,0.0019014004504669,0.5181952447267426,0.3059092871189204,0.1823182578385704,12,6
Drosophila,2018-11-03_4,VES_R,66,2000,1000,0.05,-0.0003514295935205,-0.0957763232747171,0.8635380005764852,0.8863809241553224,27,26
Drosophila,2018-11-03_4,WED_R,66,2000,1000,0.05,-0.0036101340010012,-0.9838823124743492,0.0,0.2346587100650796,0,9
Drosophila,2018-11-03_4,AL_L,66,2000,1000,0.05,0.0039133276933169,1.0665127386691848,0.7532424595580056,0.498876159492406,26,15
Drosophila,2018-11-03_4,AME_L,66,2000,1000,0.05,-0.0003564302726984,-0.0971391756763571,0.1369321736761839,0.1601001414015854,6,6
Drosophila,2018-11-03_4,AMMC_L,66,2000,1000,0.05,-0.0015622203335248,-0.4257573136943343,0.0219981870224961,0.1235425087016102,1,5
Drosophila,2018-11-03_4,ATL_L,66,2000,1000,0.05,-0.005651654448681,-1.540264944938906,0.2341522537860365,0.6015097929503028,9,20
Drosophila,2018-11-03_4,AVLP_L,66,2000,1000,0.05,-0.0010377796549794,-0.2828296806979486,0.2596463469112824,0.3271020244849447,8,9
Drosophila,2018-11-03_4,CRE_L,66,2000,1000,0.05,-0.0019601794200974,-0.5342144807298632,0.8789991576757017,1.006410819982035,28,34
Drosophila,2018-11-03_4,EPA_L,66,2000,1000,0.05,0.0002986417164041,0.0813898604471451,0.0653658096759253,0.0459540981096582,3,2
Drosophila,2018-11-03_4,GA_L,66,2000,1000,0.05,-0.0051699795121512,-1.408992407608605,0.0220261632939813,0.358074831583814,1,13
Drosophila,2018-11-03_4,GOR_L,66,2000,1000,0.05,-0.0041146411518847,-1.1213773921953474,0.0465835660601632,0.3140352409326734,2,13
Drosophila,2018-11-03_4,IB_L,66,2000,1000,0.05,0.0003348039691375,0.0912452843271927,0.4400271127862587,0.4182648547923193,16,15
Drosophila,2018-11-03_4,ICL_L,66,2000,1000,0.05,-0.0020255937614476,-0.5520420775500269,0.0695412396094767,0.2012048341035726,3,8
Drosophila,2018-11-03_4,IPS_L,66,2000,1000,0.05,-0.0008715362528843,-0.2375227910252949,0.3716059300746708,0.4282557865121563,14,15
Drosophila,2018-11-03_4,IVLP_L,66,2000,1000,0.05,-0.0005158611237442,-0.1405894172361217,0.5384963235583329,0.5720272966017066,19,20
Drosophila,2018-11-03_4,LAL_L,66,2000,1000,0.05,0.0016492925417522,0.4494874039234615,0.6426167072588416,0.535412692044948,23,20
Drosophila,2018-11-03_4,LB_L,66,2000,1000,0.05,-0.001949233417204,-0.5312313286817302,0.0446967661367088,0.1713969382549702,2,6
Drosophila,2018-11-03_4,LH_L,66,2000,1000,0.05,0.0019373559559817,0.5279943230718328,0.3492999032088995,0.2233717660700875,14,8
Drosophila,2018-11-03_4,LO_L,66,2000,1000,0.05,-0.000442830284558,-0.1206860699031576,0.0939447135033342,0.1227286819996043,4,5
Drosophila,2018-11-03_4,MB_L,66,2000,1000,0.05,0.0072317655129021,1.9708980813823127,1.2918273264123323,0.8217625680736957,37,27
Drosophila,2018-11-03_4,ME_L,66,2000,1000,0.05,-0.0003120189891108,-0.0850356148711195,0.0,0.020281234292204,0,1
Drosophila,2018-11-03_4,OTU_L,66,2000,1000,0.05,-0.0033410997209348,-0.9105614691114318,0.0214262493820891,0.238597731242856,1,10
Drosophila,2018-11-03_4,PLP_L,66,2000,1000,0.05,0.0018788065876371,0.5120376611017291,0.3840341107555467,0.261911682559131,15,10
Drosophila,2018-11-03_4,PVLP_L,66,2000,1000,0.05,-0.0022544541785572,-0.6144141990162073,0.166563541927887,0.3131030635341068,7,12
Drosophila,2018-11-03_4,SCL_L,66,2000,1000,0.05,-0.003153255957488,-0.8593677582096457,0.0217274011810948,0.2266890384178168,1,9
Drosophila,2018-11-03_4,SIP_L,66,2000,1000,0.05,-0.0010745831664747,-0.2928598690475063,0.4985085406920859,0.5683564465129436,18,21
Drosophila,2018-11-03_4,SLP_L,66,2000,1000,0.05,0.0008669816551277,0.2362815107370992,0.5733802365743612,0.5170264289910569,19,18
Drosophila,2018-11-03_4,SMP_L,66,2000,1000,0.05,-0.0019803300031209,-0.5397061888541056,0.5658394429861828,0.6945608931890459,22,23
Drosophila,2018-11-03_4,SPS_L,66,2000,1000,0.05,0.0009142631939316,0.2491673121291776,0.2508652905014257,0.1914381828958702,10,8
Drosophila,2018-11-03_4,VES_L,66,2000,1000,0.05,-0.0053324471944528,-1.45327028729975,0.4990113720974514,0.845620439736888,18,25
Drosophila,2018-11-03_4,WED_L,66,2000,1000,0.05,-0.0049760043777269,-1.3561276929561987,0.0683012360370454,0.3917415205893002,3,14
Drosophila,2018-11-03_4,EB,66,2000,1000,0.05,-0.0008774073614652,-0.2391228645643223,0.4103128490960461,0.4673443275912889,15,17
Drosophila,2018-11-03_4,FB,66,2000,1000,0.05,0.003335131139998,0.908934831093918,0.7581594482058986,0.5413759241060276,26,19
Drosophila,2018-11-03_4,FLA,66,2000,1000,0.05,-0.0049931024102538,-1.360787478929956,0.2514697742825458,0.5760214309490439,10,20
Drosophila,2018-11-03_4,NO,66,2000,1000,0.05,-0.0030190663673637,-0.8227966048383619,0.1263396047124469,0.3225789185910881,5,13
Drosophila,2018-11-03_4,PB,66,2000,1000,0.05,0.0022466601469743,0.6122900646170074,0.3354621098186059,0.1894292002652724,14,8
Drosophila,2018-11-03_4,PRW,66,2000,1000,0.05,-0.0003093265507039,-0.0843018353146652,0.0758249928697125,0.0959312186654668,3,4
Drosophila,2018-11-03_4,SAD,66,2000,1000,0.05,0.0014882479927834,0.4055973756844024,0.5607048876538911,0.4639687681229643,20,16
Drosophila,2018-11-03_4,SOG,66,2000,1000,0.05,0.0086486337633172,2.357042088863289,0.887689269318356,0.3255280747027345,29,13
Drosophila,2018-11-03_5,AL_R,66,2000,1000,0.05,0.0016128526235392,0.1541852851669508,0.792816496890627,0.6879810763605771,26,20
Drosophila,2018-11-03_5,AME_R,66,2000,1000,0.05,-0.00067177980966,-0.0642207229663341,0.0,0.0436656876279046,0,2
Drosophila,2018-11-03_5,AMMC_R,66,2000,1000,0.05,-0.002457997368832,-0.2349793277586249,0.0921119323905435,0.251881761364626,4,10
Drosophila,2018-11-03_5,ATL_R,66,2000,1000,0.05,0.0011169424496925,0.1067773258433323,0.0726012592300171,0.0,3,0
Drosophila,2018-11-03_5,AVLP_R,66,2000,1000,0.05,0.0015062254919512,0.1439919578594969,0.2562781612065694,0.1583735042297358,10,5
Drosophila,2018-11-03_5,CRE_R,66,2000,1000,0.05,-0.0083969104925806,-0.8027268083421495,0.6398648965668547,1.1856640785845969,23,32
Drosophila,2018-11-03_5,EPA_R,66,2000,1000,0.05,-0.0009777003307692,-0.0934660750197242,0.138534323361922,0.2020848448619223,6,8
Drosophila,2018-11-03_5,GA_R,66,2000,1000,0.05,0.0007310211045157,0.0698840649280668,0.0475163717935229,0.0,2,0
Drosophila,2018-11-03_5,GOR_R,66,2000,1000,0.05,-0.0030124972355542,-0.2879883372786586,0.0429604549247915,0.2387727752358186,2,9
Drosophila,2018-11-03_5,IB_R,66,2000,1000,0.05,-0.003460549431778,-0.3308211755902285,0.0864162840500157,0.3113519971155907,4,12
Drosophila,2018-11-03_5,ICL_R,66,2000,1000,0.05,-0.0070042531966263,-0.6695917288050314,0.2295765149108288,0.6848529726915427,10,24
Drosophila,2018-11-03_5,IPS_R,66,2000,1000,0.05,0.0262034405613143,2.504993262456776,2.558601973372206,0.8553783368867705,46,24
Drosophila,2018-11-03_5,IVLP_R,66,2000,1000,0.05,-0.0036513030049602,-0.3490568120324289,1.089328332814354,1.326663028136771,35,26
Drosophila,2018-11-03_5,LAL_R,66,2000,1000,0.05,0.0077820140936507,0.7439440186232115,1.75058345180275,1.2447525357154543,46,27
Drosophila,2018-11-03_5,LB_R,66,2000,1000,0.05,0.0003390673513896,0.0324141186254774,0.022039377840326,0.0,1,0
Drosophila,2018-11-03_5,LH_R,66,2000,1000,0.05,-0.0075858918214967,-0.7251951459622439,0.5152738992164503,1.0083568676137404,20,28
Drosophila,2018-11-03_5,LO_R,66,2000,1000,0.05,0.000286974472965,0.027434150091563,0.0865451035865807,0.0678917628438546,4,3
Drosophila,2018-11-03_5,MB_R,66,2000,1000,0.05,0.0137243472918206,1.3120184510572936,1.4074244248648138,0.5153418508964731,37,16
Drosophila,2018-11-03_5,ME_R,66,2000,1000,0.05,-0.0003590324222318,-0.0343227369928678,0.0231769385089699,0.046514045954038,1,2
Drosophila,2018-11-03_5,OTU_R,66,2000,1000,0.05,-0.0102070926904552,-0.97577638169435,0.1807787507840466,0.8442397756636408,8,29
Drosophila,2018-11-03_5,PLP_R,66,2000,1000,0.05,0.0017263198620065,0.1650325121639211,1.2075368158387376,1.0953260248083123,37,23
Drosophila,2018-11-03_5,PVLP_R,66,2000,1000,0.05,0.002605582988364,0.2490881995191124,1.0706305592037584,0.9012676649600966,37,24
Drosophila,2018-11-03_5,SCL_R,66,2000,1000,0.05,-0.0039319897580101,-0.3758898694550024,0.4840136371596517,0.7395929714303091,19,26
Drosophila,2018-11-03_5,SIP_R,66,2000,1000,0.05,-0.0069680431002048,-0.6661301204961355,0.1583864663984013,0.6113092679117194,7,23
Drosophila,2018-11-03_5,SLP_R,66,2000,1000,0.05,-0.00517341867448,-0.4945678371172885,0.4992894008271697,0.8355616146683755,19,26
Drosophila,2018-11-03_5,SMP_R,66,2000,1000,0.05,-0.0184468120132851,-1.763476048076954,0.2293965023256241,1.42843928318916,8,34
Drosophila,2018-11-03_5,SPS_R,66,2000,1000,0.05,0.0122758697202817,1.1735470717346264,1.7466363167668644,0.948704784948553,44,24
Drosophila,2018-11-03_5,VES_R,66,2000,1000,0.05,0.0254416569595096,2.432168368126363,2.724907877485472,1.0712001751173457,46,27
Drosophila,2018-11-03_5,WED_R,66,2000,1000,0.05,0.0027769979440009,0.2654751051985455,1.2723101533886658,1.091805287028602,35,22
Drosophila,2018-11-03_5,AL_L,66,2000,1000,0.05,-0.0066217339970455,-0.6330237057827085,0.6681339695865551,1.0985466793945182,25,32
Drosophila,2018-11-03_5,AME_L,66,2000,1000,0.05,-0.0047306020909209,-0.4522355122562028,0.0959860663396452,0.4034752022495085,4,15
Drosophila,2018-11-03_5,AMMC_L,66,2000,1000,0.05,-0.0054033467540008,-0.5165484731601576,0.0213187996655306,0.3725363386755878,1,14
Drosophila,2018-11-03_5,ATL_L,66,2000,1000,0.05,-2.982246916227556e-05,-0.0028509647100166,0.1143781341863521,0.1163165946819,5,5
Drosophila,2018-11-03_5,AVLP_L,66,2000,1000,0.05,-0.0004316926139087,-0.0412688969894434,0.1587006694675832,0.1867606893716549,5,8
Drosophila,2018-11-03_5,CRE_L,66,2000,1000,0.05,-0.0150737197020608,-1.4410155874557502,0.6717259629335359,1.6515177435674886,25,36
Drosophila,2018-11-03_5,EPA_L,66,2000,1000,0.05,-0.0006845634772522,-0.0654428144360741,0.0260438161350098,0.0705404421564042,1,3
Drosophila,2018-11-03_5,GA_L,66,2000,1000,0.05,-0.0003579149480457,-0.0342159088341551,0.0212788087835584,0.0445432804065313,1,2
Drosophila,2018-11-03_5,GOR_L,66,2000,1000,0.05,-0.0061962477982582,-0.5923481288966652,0.1304129045760658,0.5331690114628524,5,20
Drosophila,2018-11-03_5,IB_L,66,2000,1000,0.05,-0.0030752755050216,-0.2939898065008567,0.9291098402550912,1.1290027480814966,34,25
Drosophila,2018-11-03_5,ICL_L,66,2000,1000,0.05,-0.0075116803453938,-0.718100686469421,0.4371945211572829,0.925453743607882,18,26
Drosophila,2018-11-03_5,IPS_L,66,2000,1000,0.05,0.0289992488304376,2.7722665947845333,2.8228063468462445,0.9378551728677946,48,26
Drosophila,2018-11-03_5,IVLP_L,66,2000,1000,0.05,-0.0093437062826872,-0.8932384749147059,0.5418642562543199,1.1492051646289911,21,27
Drosophila,2018-11-03_5,LAL_L,66,2000,1000,0.05,0.005539382789414,0.5295532292098095,1.6135589718486436,1.2534990905367271,41,27
Drosophila,2018-11-03_5,LB_L,66,2000,1000,0.05,1.5083246211427664e-05,0.0014419263015172,0.0218408569909334,0.0208604459871906,1,1
Drosophila,2018-11-03_5,LH_L,66,2000,1000,0.05,-0.0102906029653687,-0.9837597866031254,0.3212721405503549,0.9901613332993208,13,32
Drosophila,2018-11-03_5,LO_L,66,2000,1000,0.05,-0.0043333946693573,-0.414263326409594,0.1740752047440583,0.4557458582522837,7,16
Drosophila,2018-11-03_5,MB_L,66,2000,1000,0.05,0.0071394730119615,0.6825184559488451,1.4952594105184231,1.0311936647409232,42,25
Drosophila,2018-11-03_5,ME_L,66,2000,1000,0.05,-0.0020594270707744,-0.1968768538138978,0.0215638470657579,0.1554266066660963,1,7
Drosophila,2018-11-03_5,OTU_L,66,2000,1000,0.05,-0.0163760323698707,-1.5655139124311512,0.1257677613249805,1.1902098653665822,5,35
Drosophila,2018-11-03_5,PLP_L,66,2000,1000,0.05,-0.0065882166047947,-0.6298195142733155,0.6800653193581994,1.1082993986698586,27,26
Drosophila,2018-11-03_5,PVLP_L,66,2000,1000,0.05,-0.0043731274887307,-0.4180616995505539,0.1905143735774168,0.4747676603449147,8,16
Drosophila,2018-11-03_5,SCL_L,66,2000,1000,0.05,-0.0136651401875533,-1.3063583776431895,0.2664949222075807,1.1547290343985472,11,35
Drosophila,2018-11-03_5,SIP_L,66,2000,1000,0.05,-0.0041945226149779,-0.4009874529703893,0.0,0.2726439699735694,0,11
Drosophila,2018-11-03_5,SLP_L,66,2000,1000,0.05,-0.0055126493489855,-0.5269975690857422,0.4906037443453042,0.8489259520293619,18,28
Drosophila,2018-11-03_5,SMP_L,66,2000,1000,0.05,-0.0087566139553506,-0.8371136953851964,0.5568179870119279,1.1259978941097168,21,37
Drosophila,2018-11-03_5,SPS_L,66,2000,1000,0.05,0.0145935648088613,1.3951137994983316,2.0114975374921875,1.0629158249161992,44,20
Drosophila,2018-11-03_5,VES_L,66,2000,1000,0.05,0.0167768221162326,1.6038285609197285,2.2205781586667346,1.1300847211116154,48,25
Drosophila,2018-11-03_5,WED_L,66,2000,1000,0.05,0.0137330635686918,1.3128517086131093,2.1484811519335887,1.2558320199686197,44,24
Drosophila,2018-11-03_5,EB,66,2000,1000,0.05,-0.0010805604027842,-0.1032992794331141,0.0435749190181748,0.1138113451991533,2,5
Drosophila,2018-11-03_5,FB,66,2000,1000,0.05,0.0017426389255314,0.1665925799757757,0.2556763521093113,0.1424048219497655,11,6
Drosophila,2018-11-03_5,FLA,66,2000,1000,0.05,-0.0089913003765489,-0.8595492187858846,0.9532032679921688,1.5376377924678493,34,32
Drosophila,2018-11-03_5,NO,66,2000,1000,0.05,0.0006857131385839,0.0655527196175449,0.0445713540079557,0.0,2,0
Drosophila,2018-11-03_5,PB,66,2000,1000,0.05,0.0002523476216458,0.0241238966516939,0.0421458229291373,0.0257432275221543,2,1
Drosophila,2018-11-03_5,PRW,66,2000,1000,0.05,-0.0079337693649878,-0.7584515002400758,0.5233937041862338,1.0390887129104445,20,27
Drosophila,2018-11-03_5,SAD,66,2000,1000,0.05,0.0083087765454985,0.794301390194567,2.008227142090426,1.4681566666330208,46,26
Drosophila,2018-11-03_5,SOG,66,2000,1000,0.05,0.0400055072366961,3.824441521509217,3.280744382558281,0.6803864121730343,48,22
Drosophila,2018-12-12_2,AL_R,67,2000,1000,0.05,0.0024208456455003,0.5927228764381945,0.5191105298599688,0.3593347172569454,15,11
Drosophila,2018-12-12_2,AME_R,67,2000,1000,0.05,5.890827252313767e-06,0.0014423175141636,0.0252772245250483,0.0248884299263956,1,1
Drosophila,2018-12-12_2,AMMC_R,67,2000,1000,0.05,-0.0030690124090236,-0.7514208377069039,0.2406335977357718,0.44318841673133,10,16
Drosophila,2018-12-12_2,ATL_R,67,2000,1000,0.05,-0.000556566548149,-0.1362704499402421,0.3327807938424079,0.3695141860202482,12,13
Drosophila,2018-12-12_2,AVLP_R,67,2000,1000,0.05,0.0011996844651141,0.2937322453012917,0.5115273369406013,0.4323481622430676,18,14
Drosophila,2018-12-12_2,CRE_R,67,2000,1000,0.05,-0.0061599859889597,-1.5082186759745044,0.3548907409507111,0.7614498162220533,12,23
Drosophila,2018-12-12_2,EPA_R,67,2000,1000,0.05,-0.0026953415806888,-0.6599308046173193,0.1177036329821823,0.2955961773076483,5,10
Drosophila,2018-12-12_2,GA_R,67,2000,1000,0.05,-0.0006726043048101,-0.1646812794499312,0.0,0.0443918841174708,0,2
Drosophila,2018-12-12_2,GOR_R,67,2000,1000,0.05,-0.0031847168624568,-0.7797500608373206,0.1912162470696046,0.4014075599917586,8,15
Drosophila,2018-12-12_2,IB_R,67,2000,1000,0.05,-0.0027691095983474,-0.6779922583481583,0.1025380932092865,0.2852993267002155,4,11
Drosophila,2018-12-12_2,ICL_R,67,2000,1000,0.05,-0.001578971472322,-0.3865973506522822,0.2149579401496693,0.3191700573229217,9,12
Drosophila,2018-12-12_2,IPS_R,67,2000,1000,0.05,0.0139739454966658,3.4213982974789823,1.6285471379660303,0.7062667351860865,40,20
Drosophila,2018-12-12_2,IVLP_R,67,2000,1000,0.05,-0.0012673624565565,-0.3103026093944623,0.6795874945615874,0.7632334166943204,25,23
Drosophila,2018-12-12_2,LAL_R,67,2000,1000,0.05,0.0095847813414557,2.3467498546627,1.2805930405246162,0.6479974719885373,40,19
Drosophila,2018-12-12_2,LB_R,67,2000,1000,0.05,0.0,0.0,0.0,0.0,0,0
Drosophila,2018-12-12_2,LH_R,67,2000,1000,0.05,-0.0077446587703265,-1.896211942265932,0.15182313354968,0.6629706123912329,6,22
Drosophila,2018-12-12_2,LO_R,67,2000,1000,0.05,-0.0013948155974515,-0.3415083958611692,0.0,0.0920578294318001,0,4
Drosophila,2018-12-12_2,LOP_R,67,2000,1000,0.05,-4.105557625119519e-05,-0.0100520986518355,0.021804653689661,0.0245143217222398,1,1
Drosophila,2018-12-12_2,MB_R,67,2000,1000,0.05,0.0024981205606524,0.6116429633386463,0.5908574847148054,0.425981527711746,18,15
Drosophila,2018-12-12_2,ME_R,67,2000,1000,0.05,0.0003314881821328,0.0811619812209941,0.0218782200207652,0.0,1,0
Drosophila,2018-12-12_2,OTU_R,67,2000,1000,0.05,-0.0040869537969992,-1.000654880632303,0.1297312119832776,0.399470162585227,5,16
Drosophila,2018-12-12_2,PLP_R,67,2000,1000,0.05,-0.0024353495276472,-0.596274025088095,0.3876156956087486,0.5483487644334679,15,17
Drosophila,2018-12-12_2,PVLP_R,67,2000,1000,0.05,-0.001226044066436,-0.3001861630660811,0.1488009178948752,0.2297198262796573,6,8
Drosophila,2018-12-12_2,SCL_R,67,2000,1000,0.05,-0.0002680037834066,-0.065618381614852,0.2225955577811751,0.2402838074860125,8,8
Drosophila,2018-12-12_2,SIP_R,67,2000,1000,0.05,-0.0007982157980979,-0.1954361546125178,0.3996223804430707,0.4523046231175378,14,16
Drosophila,2018-12-12_2,SLP_R,67,2000,1000,0.05,0.0017949086583202,0.4394676814198673,0.6055378409940415,0.4870738695449024,22,16
Drosophila,2018-12-12_2,SMP_R,67,2000,1000,0.05,-0.0013011245293688,-0.3185689575398029,0.5745664717754102,0.6604406907137568,18,20
Drosophila,2018-12-12_2,SPS_R,67,2000,1000,0.05,0.0082223330893423,2.013166320127227,1.100363672958745,0.5576896890621472,32,16
Drosophila,2018-12-12_2,VES_R,67,2000,1000,0.05,0.0046658568107747,1.142394218760496,1.0502614537866752,0.7423149042755446,33,22
Drosophila,2018-12-12_2,WED_R,67,2000,1000,0.05,-0.0009515518855252,-0.2329791540889945,0.1016463391795365,0.1644487636242013,4,6
Drosophila,2018-12-12_2,AL_L,67,2000,1000,0.05,0.0041708598639051,1.0211985470240554,0.6079774279218739,0.3327006769041345,18,11
Drosophila,2018-12-12_2,AME_L,67,2000,1000,0.05,-0.0006403799617846,-0.1567914309893654,0.0,0.0422650774777864,0,2
Drosophila,2018-12-12_2,AMMC_L,67,2000,1000,0.05,-0.0004426913602096,-0.1083891064618412,0.2429734471681115,0.2721910769419509,10,9
Drosophila,2018-12-12_2,ATL_L,67,2000,1000,0.05,0.0003470273712198,0.0849666157173415,0.4158205812487665,0.3929167747482549,14,15
Drosophila,2018-12-12_2,AVLP_L,67,2000,1000,0.05,-0.0008723814595542,-0.2135949679482556,0.5262476958098077,0.5838248721403856,17,20
Drosophila,2018-12-12_2,CRE_L,67,2000,1000,0.05,5.171699279510501e-05,0.0126624532163893,0.7617612749879337,0.7583479534634567,24,23
Drosophila,2018-12-12_2,EPA_L,67,2000,1000,0.05,-0.0035539398377331,-0.8701510760195852,0.0671762236223219,0.3017362529127072,3,12
Drosophila,2018-12-12_2,GA_L,67,2000,1000,0.05,0.0,0.0,0.0,0.0,0,0
Drosophila,2018-12-12_2,GOR_L,67,2000,1000,0.05,-0.0029100980199628,-0.712512039879758,0.1174921920052338,0.3095586613227832,5,12
Drosophila,2018-12-12_2,IB_L,67,2000,1000,0.05,-0.0026291920478599,-0.6437346702432432,0.2776568512582202,0.4511835264169752,11,18
Drosophila,2018-12-12_2,ICL_L,67,2000,1000,0.05,-0.002222822507304,-0.5442386435457799,0.2568371585579987,0.4035434440400665,9,16
Drosophila,2018-12-12_2,IPS_L,67,2000,1000,0.05,0.0056862288712614,1.392223390584397,1.4271704227328097,1.051879317229556,37,28
Drosophila,2018-12-12_2,IVLP_L,67,2000,1000,0.05,-0.0065009941898268,-1.591711550492408,0.1383282861100623,0.5673939026386345,6,19
Drosophila,2018-12-12_2,LAL_L,67,2000,1000,0.05,3.652720353923429e-05,0.0089433662118278,0.6583039103487351,0.6558931149151457,24,23
Drosophila,2018-12-12_2,LB_L,67,2000,1000,0.05,-0.0007437909895033,-0.1821107163881704,0.0220424109485186,0.0711326162557415,1,3
Drosophila,2018-12-12_2,LH_L,67,2000,1000,0.05,-0.0009463991309266,-0.2317175472067455,0.3113025018781052,0.3737648445192665,11,9
Drosophila,2018-12-12_2,LO_L,67,2000,1000,0.05,-0.000495680471908,-0.1213630268619949,0.0873000088206583,0.120014919966592,4,5
Drosophila,2018-12-12_2,MB_L,67,2000,1000,0.05,0.0093299479854328,2.284356136965328,0.9743652759225644,0.3585887088839934,26,12
Drosophila,2018-12-12_2,ME_L,67,2000,1000,0.05,0.0003368641294929,0.0824782348982261,0.0222330325465365,0.0,1,0
Drosophila,2018-12-12_2,OTU_L,67,2000,1000,0.05,-0.0076588324579696,-1.8751981205756407,0.1393836509906671,0.6448665932166651,6,23
Drosophila,2018-12-12_2,PLP_L,67,2000,1000,0.05,0.002884612922314,0.7062722366883541,1.0917335916518889,0.9013491387791586,37,26
Drosophila,2018-12-12_2,PVLP_L,67,2000,1000,0.05,-0.0032332287846892,-0.7916277805674313,0.2422840142137472,0.4556771140032372,10,14
Drosophila,2018-12-12_2,SCL_L,67,2000,1000,0.05,-0.0005851860306354,-0.1432776798365553,0.5451796182285564,0.5838018962504989,18,16
Drosophila,2018-12-12_2,SIP_L,67,2000,1000,0.05,0.0039672079038413,0.9713361463436802,0.5474531169805013,0.2856173953269714,17,11
Drosophila,2018-12-12_2,SLP_L,67,2000,1000,0.05,0.0006817318171113,0.1669160709807062,0.4544628967037742,0.4094685967744258,16,14
Drosophila,2018-12-12_2,SMP_L,67,2000,1000,0.05,0.0011529848602854,0.2822982556315899,0.8265487321832343,0.7504517314043948,24,25
Drosophila,2018-12-12_2,SPS_L,67,2000,1000,0.05,0.0011693435625943,0.2863035407704334,0.9319433949086502,0.85476671977742,32,22
Drosophila,2018-12-12_2,VES_L,67,2000,1000,0.05,0.0067529469245653,1.6533999732707192,1.1999505102602006,0.7542560132388889,34,20
Drosophila,2018-12-12_2,WED_L,67,2000,1000,0.05,-0.0028407674434414,-0.6955370547883709,0.6582693138438516,0.8457599651109846,24,23
Drosophila,2018-12-12_2,EB,67,2000,1000,0.05,-0.0061334633609797,-1.5017248425587968,0.1518999514230992,0.5567085332477597,6,21
Drosophila,2018-12-12_2,FB,67,2000,1000,0.05,-0.0029802674582208,-0.7296924129281637,0.6017799597251026,0.7984776119676766,19,26
Drosophila,2018-12-12_2,FLA,67,2000,1000,0.05,-0.0072298737669431,-1.7701713380168258,0.2292291910688728,0.7064008596871183,9,21
Drosophila,2018-12-12_2,NO,67,2000,1000,0.05,-0.0004724340502051,-0.1156713438898596,0.04745362748017,0.0786342747937096,2,3
Drosophila,2018-12-12_2,PB,67,2000,1000,0.05,0.0026508805215553,0.6490449032761468,0.3035941469042988,0.1286360324816469,10,5
Drosophila,2018-12-12_2,PRW,67,2000,1000,0.05,-0.0005951406909548,-0.1457149913228982,0.1425982952453317,0.1818775808483503,6,7
Drosophila,2018-12-12_2,SAD,67,2000,1000,0.05,0.0033494548649363,0.8200847194595394,1.3167174767981715,1.0956534557123696,35,29
Drosophila,2018-12-12_2,SOG,67,2000,1000,0.05,0.0086228177013765,2.1112214735631,1.4311374645974977,0.8620314963066473,35,23
Drosophila,2018-12-12_3,AL_R,66,2000,1000,0.05,0.001629722031067,0.4160189225931506,0.9027639395123166,0.7968320074929585,27,24
Drosophila,2018-12-12_3,AME_R,66,2000,1000,0.05,6.334233535225664e-05,0.0161693893838609,0.0247749951460245,0.0206577433481278,1,1
Drosophila,2018-12-12_3,AMMC_R,66,2000,1000,0.05,-0.0003321024094144,-0.0847757371634211,0.0,0.0215866566119373,0,1
Drosophila,2018-12-12_3,ATL_R,66,2000,1000,0.05,-0.0013612373230292,-0.3474828674614208,0.1950245000226957,0.2835049260195994,8,11
Drosophila,2018-12-12_3,AVLP_R,66,2000,1000,0.05,0.0008026797578338,0.2048999532900326,0.2741154281874935,0.2219412439282924,10,8
Drosophila,2018-12-12_3,CRE_R,66,2000,1000,0.05,-0.0043023626253313,-1.098263525850166,1.11070073021458,1.390354300861118,32,35
Drosophila,2018-12-12_3,EPA_R,66,2000,1000,0.05,-0.0017849316565603,-0.4556392627143066,0.0454093112050997,0.1614298688815236,2,7
Drosophila,2018-12-12_3,GA_R,66,2000,1000,0.05,-0.0014752739518128,-0.3765929822775353,0.0437411581548969,0.1396339650227354,2,6
Drosophila,2018-12-12_3,GOR_R,66,2000,1000,0.05,-0.0049757328471818,-1.270154651367537,0.0725243066671748,0.3959469417339978,3,15
Drosophila,2018-12-12_3,IB_R,66,2000,1000,0.05,0.0023251944829933,0.5935520813945633,0.6041761864631803,0.4530385450686141,21,14
Drosophila,2018-12-12_3,ICL_R,66,2000,1000,0.05,-0.0033858766439919,-0.8643122732682096,0.4040950915223624,0.6241770733818393,13,21
Drosophila,2018-12-12_3,IPS_R,66,2000,1000,0.05,-0.0003489744430732,-0.089082658915039,0.0236477581362515,0.0463310969360115,1,2
Drosophila,2018-12-12_3,IVLP_R,66,2000,1000,0.05,-0.000649901449293,-0.1659002551187286,0.126292282111923,0.1685358763159734,5,7
Drosophila,2018-12-12_3,LAL_R,66,2000,1000,0.05,0.0048967916215476,1.2500033353697733,1.1135505840571556,0.7952591286565598,31,24
Drosophila,2018-12-12_3,LB_R,66,2000,1000,0.05,-0.0030364884902827,-0.7751240064950427,0.0232785748932591,0.2206503267616373,1,9
Drosophila,2018-12-12_3,LH_R,66,2000,1000,0.05,0.0002104586603036,0.0537237537696016,0.5293963361892735,0.5157165232695333,17,14
Drosophila,2018-12-12_3,LO_R,66,2000,1000,0.05,0.0003385688881177,0.0864264343079836,0.022006977727651,0.0,1,0
Drosophila,2018-12-12_3,MB_R,66,2000,1000,0.05,0.003740469027264,0.954829023018486,1.4418499752597185,1.1987194884875532,36,32
Drosophila,2018-12-12_3,ME_R,66,2000,1000,0.05,0.0003436338191337,0.0877193585638504,0.0223361982436913,0.0,1,0
Drosophila,2018-12-12_3,OTU_R,66,2000,1000,0.05,-0.0051196626684738,-1.3068955973948253,0.2203500980316293,0.5531281714824314,9,19
Drosophila,2018-12-12_3,PLP_R,66,2000,1000,0.05,0.0004437540141462,0.1132770272122091,0.1451134651554682,0.1162694542359603,6,5
Drosophila,2018-12-12_3,PVLP_R,66,2000,1000,0.05,0.001090510369383,0.2783744345962934,0.5775819097906272,0.5066987357807262,20,19
Drosophila,2018-12-12_3,SCL_R,66,2000,1000,0.05,0.0017412100459109,0.4444784530733519,0.4836803176854136,0.370501664701202,16,12
Drosophila,2018-12-12_3,SIP_R,66,2000,1000,0.05,0.0042104662129344,1.07480514107855,1.0005382894021495,0.7268579855614123,30,21
Drosophila,2018-12-12_3,SLP_R,66,2000,1000,0.05,0.0073278719983425,1.8705848945632757,1.1954522572786923,0.7191405773864243,34,20
Drosophila,2018-12-12_3,SMP_R,66,2000,1000,0.05,0.0148774794263108,3.797772162276784,1.4411565316793826,0.4741203689691757,36,16
Drosophila,2018-12-12_3,SPS_R,66,2000,1000,0.05,0.0013122692212967,0.3349827867507975,0.2813606209200139,0.1960631215357278,12,8
Drosophila,2018-12-12_3,VES_R,66,2000,1000,0.05,-0.0004328426944544,-0.1104916961092719,0.8530100404125118,0.8811448155520494,27,24
Drosophila,2018-12-12_3,WED_R,66,2000,1000,0.05,-0.000334740294075,-0.0854491096242084,0.0971472086417701,0.1189053277566514,4,5
Drosophila,2018-12-12_3,AL_L,66,2000,1000,0.05,-0.0034867109055479,-0.890052221586585,0.5423859305639183,0.769022139424532,19,24
Drosophila,2018-12-12_3,AME_L,66,2000,1000,0.05,-4.416121572956737e-05,-0.0112730275703455,0.0431913625436135,0.0460618415660354,2,2
Drosophila,2018-12-12_3,AMMC_L,66,2000,1000,0.05,-0.0014630415699456,-0.3734704238116525,0.0230050402976162,0.1181027423440861,1,5
Drosophila,2018-12-12_3,ATL_L,66,2000,1000,0.05,-0.0023694531340955,-0.6048499812793074,0.2162921770780999,0.3703066307943081,9,14
Drosophila,2018-12-12_3,AVLP_L,66,2000,1000,0.05,0.0038156289064611,0.9740150752223358,0.3762403278608963,0.1282244489409185,14,5
Drosophila,2018-12-12_3,CRE_L,66,2000,1000,0.05,-0.0083804542680808,-2.1392774282896942,0.8564587857504176,1.4011883131756735,26,33
Drosophila,2018-12-12_3,EPA_L,66,2000,1000,0.05,-0.0031246919942084,-0.7976397030203587,0.1876010397604943,0.3907060193840457,7,15
Drosophila,2018-12-12_3,GA_L,66,2000,1000,0.05,6.095159529052852e-05,0.015559105491442,0.1179108424064776,0.1139489887125932,5,5
Drosophila,2018-12-12_3,GOR_L,66,2000,1000,0.05,-0.0028178633983021,-0.7193156088150823,0.069547239832715,0.2527083607223566,3,9
Drosophila,2018-12-12_3,IB_L,66,2000,1000,0.05,0.0055857879586388,1.4258833372125723,0.5982790885163998,0.2352028712048737,21,9
Drosophila,2018-12-12_3,ICL_L,66,2000,1000,0.05,-0.0027045281272463,-0.6903845294913369,0.5269776263267576,0.7027719545977691,16,25
Drosophila,2018-12-12_3,IPS_L,66,2000,1000,0.05,0.0010144777615746,0.2589656010777798,0.1657780633021062,0.0998370087997568,7,4
Drosophila,2018-12-12_3,IVLP_L,66,2000,1000,0.05,0.0006045807478679,0.1543312457916071,0.2207487440111508,0.1814509953997309,9,7
Drosophila,2018-12-12_3,LAL_L,66,2000,1000,0.05,-0.0015406934249672,-0.3932926023473926,0.8148421450762009,0.914987217699074,27,27
Drosophila,2018-12-12_3,LB_L,66,2000,1000,0.05,-0.0007797332379594,-0.199042398263189,0.0455975105825809,0.0962801710499423,2,4
Drosophila,2018-12-12_3,LH_L,66,2000,1000,0.05,-0.0043512202806318,-1.1107354129149876,0.2882167928890924,0.5710461111301597,10,20
Drosophila,2018-12-12_3,LO_L,66,2000,1000,0.05,0.0003254097497793,0.0830673028429859,0.0211516337356609,0.0,1,0
Drosophila,2018-12-12_3,MB_L,66,2000,1000,0.05,0.0034937495169596,0.8918489669703011,1.3873922719090284,1.160298553306652,34,33
Drosophila,2018-12-12_3,ME_L,66,2000,1000,0.05,0.0,-3.186981029400416e-17,0.0,0.0,0,0
Drosophila,2018-12-12_3,OTU_L,66,2000,1000,0.05,-0.0090806508232601,-2.3180165082899893,0.0227284943752468,0.6129707978871588,1,22
Drosophila,2018-12-12_3,PLP_L,66,2000,1000,0.05,0.0012008163029567,0.3065322153504131,0.4834827622639941,0.4054297025718054,17,16
Drosophila,2018-12-12_3,PVLP_L,66,2000,1000,0.05,-0.0020024686125373,-0.5111698920637033,0.5698995805125553,0.7000600403274819,21,26
Drosophila,2018-12-12_3,SCL_L,66,2000,1000,0.05,-0.0040902409136332,-1.0441152451759066,0.7381331808970422,1.0039988402832063,27,31
Drosophila,2018-12-12_3,SIP_L,66,2000,1000,0.05,-0.0050980484613301,-1.3013781416586678,0.4931350691559433,0.8245082191424009,16,23
Drosophila,2018-12-12_3,SLP_L,66,2000,1000,0.05,-0.0004191382299399,-0.1069933593049863,0.8548538286231819,0.8820978135692772,25,27
Drosophila,2018-12-12_3,SMP_L,66,2000,1000,0.05,0.0124449253858305,3.1768144211534994,1.3992377179546365,0.5903175678756516,35,19
Drosophila,2018-12-12_3,SPS_L,66,2000,1000,0.05,0.0056107748626442,1.4322617408207337,0.8750936568824721,0.5103932908105961,30,19
Drosophila,2018-12-12_3,VES_L,66,2000,1000,0.05,-0.001507160653026,-0.3847326961863406,0.5911673213067012,0.6891327637533973,20,23
Drosophila,2018-12-12_3,WED_L,66,2000,1000,0.05,0.0005152967138469,0.131539722494911,0.2209524572704952,0.187458170870443,9,7
Drosophila,2018-12-12_3,EB,66,2000,1000,0.05,-0.0047789203296526,-1.2199143466195312,0.4437441343118693,0.7543739557392937,14,21
Drosophila,2018-12-12_3,FB,66,2000,1000,0.05,-0.0031905027751688,-0.8144392121809619,0.895862550722752,1.1032452311087275,26,26
Drosophila,2018-12-12_3,FLA,66,2000,1000,0.05,0.0008403110998188,0.2145061008722006,0.5066099885681052,0.451989767079878,15,15
Drosophila,2018-12-12_3,NO,66,2000,1000,0.05,0.0003011344004255,0.0768705376945535,0.1144057592577989,0.0948320232301362,5,4
Drosophila,2018-12-12_3,PB,66,2000,1000,0.05,0.0011750258689877,0.2999486947570458,0.0996934539584177,0.0233167724742142,4,1
Drosophila,2018-12-12_3,PRW,66,2000,1000,0.05,0.0035930681627649,0.917202024260874,0.2559731272179624,0.0224236966382385,10,1
Drosophila,2018-12-12_3,SAD,66,2000,1000,0.05,0.0017940615098399,0.4579698391269629,0.3499087126151532,0.2332947144755586,14,9
Drosophila,2018-12-12_3,SOG,66,2000,1000,0.05,0.001039387396612,0.2653242802469487,0.0675601807797856,0.0,3,0
Drosophila,2018-12-12_4,AL_R,66,2000,1000,0.05,-0.0106187338412402,-1.266953201833221,0.7683763327513469,1.4585940324319653,28,42
Drosophila,2018-12-12_4,AME_R,66,2000,1000,0.05,-0.0010123693902329,-0.1207888491763641,0.1275066974846073,0.1933107078497462,6,9
Drosophila,2018-12-12_4,AMMC_R,66,2000,1000,0.05,-0.0058133963380396,-0.6936138728141011,1.04285150125258,1.420722263225156,34,41
Drosophila,2018-12-12_4,ATL_R,66,2000,1000,0.05,-0.0081149858232807,-0.9682234648077253,0.4361822412627565,0.9636563197760036,16,32
Drosophila,2018-12-12_4,AVLP_R,66,2000,1000,0.05,-0.0055518954507047,-0.6624134122465244,0.1683626398361219,0.5292358441319278,7,21
Drosophila,2018-12-12_4,CRE_R,66,2000,1000,0.05,-0.0046898273163074,-0.5595574597947228,1.5011467777548062,1.8059855533147928,43,46
Drosophila,2018-12-12_4,EPA_R,66,2000,1000,0.05,-0.0037871103616468,-0.4518515738429901,0.0629835018001188,0.3091456753071639,3,14
Drosophila,2018-12-12_4,GA_R,66,2000,1000,0.05,-4.257960170160976e-05,-0.0050803008640375,0.0866043822129962,0.0893720563236009,4,4
Drosophila,2018-12-12_4,GOR_R,66,2000,1000,0.05,-0.0129372364969206,-1.5435807552675906,0.135170206370224,0.9760905786700652,6,37
Drosophila,2018-12-12_4,IB_R,66,2000,1000,0.05,-0.0038195627831693,-0.4557235702570548,1.3999841601038223,1.648255741009831,45,44
Drosophila,2018-12-12_4,ICL_R,66,2000,1000,0.05,-0.0049123141381218,-0.5861030343874963,1.153664789649993,1.4729652086279157,42,43
Drosophila,2018-12-12_4,IPS_R,66,2000,1000,0.05,0.0219261656969338,2.616077043551873,3.1283421865382266,1.703141416237525,55,41
Drosophila,2018-12-12_4,IVLP_R,66,2000,1000,0.05,-0.0041725061340243,-0.4978343072919016,1.9439381335620167,2.215151032273601,50,46
Drosophila,2018-12-12_4,LAL_R,66,2000,1000,0.05,0.0087947633391972,1.0493297730739592,2.3412582703146447,1.7695986532668209,52,42
Drosophila,2018-12-12_4,LB_R,66,2000,1000,0.05,0.0009143098245131,0.1090890662628435,0.1272291601239197,0.0677990215305621,5,3
Drosophila,2018-12-12_4,LH_R,66,2000,1000,0.05,-0.0035703745249705,-0.4259921666542934,1.145479899684354,1.3775542438074404,38,39
Drosophila,2018-12-12_4,LO_R,66,2000,1000,0.05,0.0005748993111987,0.0685929729424214,0.267115295924142,0.2297468406962233,12,10
Drosophila,2018-12-12_4,LOP_R,66,2000,1000,0.05,-0.0007191516081571,-0.08580415011624,0.0200785878783533,0.0668234424085665,1,3
Drosophila,2018-12-12_4,MB_R,66,2000,1000,0.05,0.0123705750666225,1.4759706687727856,1.9648269235485216,1.1607395442180568,48,31
Drosophila,2018-12-12_4,OTU_R,66,2000,1000,0.05,-0.0004711979924223,-0.0562200554343242,1.275581836434985,1.3062097059424365,45,40
Drosophila,2018-12-12_4,PLP_R,66,2000,1000,0.05,0.0034408039520955,0.4105327103178128,2.377588113194688,2.153935856308477,55,48
Drosophila,2018-12-12_4,PVLP_R,66,2000,1000,0.05,-3.155072309406311e-05,-0.0037644120515509,1.582378036815126,1.58442883381624,45,44
Drosophila,2018-12-12_4,SCL_R,66,2000,1000,0.05,-0.0100558655476126,-1.1997956859293577,1.3754905706703715,2.029121831265191,46,48
Drosophila,2018-12-12_4,SIP_R,66,2000,1000,0.05,-0.0048421198156497,-0.5777279377953602,0.8387300436425456,1.1534678316597802,29,40
Drosophila,2018-12-12_4,SLP_R,66,2000,1000,0.05,0.0146432063696252,1.747125172593494,1.891078953767708,0.939270539742068,45,33
Drosophila,2018-12-12_4,SMP_R,66,2000,1000,0.05,0.0040860849382412,0.4875231334419178,1.4153179491975187,1.1497224282118403,41,38
Drosophila,2018-12-12_4,SPS_R,66,2000,1000,0.05,0.0039474438862757,0.4709814508534555,2.151806432590259,1.895222579982335,51,47
Drosophila,2018-12-12_4,VES_R,66,2000,1000,0.05,0.0158997028049803,1.8970415567562295,2.9708051532479245,1.9373244709242003,56,43
Drosophila,2018-12-12_4,WED_R,66,2000,1000,0.05,-0.0054212834352598,-0.6468296982520123,1.270926151586766,1.623309574878657,39,38
Drosophila,2018-12-12_4,AL_L,66,2000,1000,0.05,-0.0012788488279779,-0.1525833156279603,0.8116401409869707,0.8947653148055346,30,27
Drosophila,2018-12-12_4,AME_L,66,2000,1000,0.05,0.0002773944310281,0.0330967672621152,0.0612912371493954,0.0432605991325627,3,2
Drosophila,2018-12-12_4,AMMC_L,66,2000,1000,0.05,-0.0126685476537299,-1.5115226779801427,0.1828755278384157,1.0063311253308616,8,34
Drosophila,2018-12-12_4,ATL_L,66,2000,1000,0.05,-0.0075931672727073,-0.9059637177127118,0.6233780346486926,1.1169339073746718,27,39
Drosophila,2018-12-12_4,AVLP_L,66,2000,1000,0.05,-0.000185311427319,-0.0221100660105362,0.1577277588761676,0.169773001651905,6,7
Drosophila,2018-12-12_4,CRE_L,66,2000,1000,0.05,0.0040415641449899,0.4822112231519349,1.8288722065374468,1.566170537113102,50,40
Drosophila,2018-12-12_4,EPA_L,66,2000,1000,0.05,-0.0099219320153968,-1.1838156717383517,0.1949905783871628,0.8399161593879607,9,31
Drosophila,2018-12-12_4,GA_L,66,2000,1000,0.05,-0.002088579506601,-0.2491947281788571,0.0,0.135757667929071,0,6
Drosophila,2018-12-12_4,GOR_L,66,2000,1000,0.05,-0.011562077794926,-1.3795064177270473,0.2180909863900568,0.9696260430602504,10,34
Drosophila,2018-12-12_4,IB_L,66,2000,1000,0.05,-0.0099416998964834,-1.186174237327291,0.6661032132648756,1.3123137065362989,26,41
Drosophila,2018-12-12_4,ICL_L,66,2000,1000,0.05,-0.0088040664833848,-1.0504397593012995,1.2634032291203554,1.835667550540372,42,46
Drosophila,2018-12-12_4,IPS_L,66,2000,1000,0.05,0.0144189495506274,1.7203684142916036,2.899534398311668,1.9623026775208832,55,43
Drosophila,2018-12-12_4,IVLP_L,66,2000,1000,0.05,-0.0049295702678581,-0.5881619153376587,1.7794774790907812,2.0998995465015597,50,49
Drosophila,2018-12-12_4,LAL_L,66,2000,1000,0.05,0.0060344973305692,0.7199940999298818,2.3628054901524136,1.9705631636654104,52,43
Drosophila,2018-12-12_4,LB_L,66,2000,1000,0.05,0.0002838115848824,0.0338624172674595,0.0623581101468535,0.0439103571294947,3,2
Drosophila,2018-12-12_4,LH_L,66,2000,1000,0.05,-0.002359257690954,-0.2814901597679313,1.3006227032722308,1.4539744531842431,39,41
Drosophila,2018-12-12_4,LO_L,66,2000,1000,0.05,-0.0021180481029705,-0.2527107154031413,0.0605397015028055,0.1982128281958943,3,9
Drosophila,2018-12-12_4,MB_L,66,2000,1000,0.05,0.0115706396339327,1.3805279565946105,2.120862067134471,1.3687704909288412,49,36
Drosophila,2018-12-12_4,ME_L,66,2000,1000,0.05,-1.385927211215742e-05,-0.0016535916089525,0.0867798568857658,0.087680709573056,4,4
Drosophila,2018-12-12_4,OTU_L,66,2000,1000,0.05,-0.0141018058053683,-1.6825290363106875,0.7074311529044115,1.6240485302533525,26,45
Drosophila,2018-12-12_4,PLP_L,66,2000,1000,0.05,0.0079277874692636,0.9458882638745604,2.503251710585925,1.9879455250837903,55,43
Drosophila,2018-12-12_4,PVLP_L,66,2000,1000,0.05,-0.0089737905130295,-1.0706900458233377,1.222321548628348,1.8056179319752697,42,44
Drosophila,2018-12-12_4,SCL_L,66,2000,1000,0.05,-0.0051941665276863,-0.6197316941450511,1.7423640410374523,2.0799848653370683,46,47
Drosophila,2018-12-12_4,SIP_L,66,2000,1000,0.05,0.0001094908322423,0.0130636818433125,0.8567087575804555,0.8495918534847053,31,31
Drosophila,2018-12-12_4,SLP_L,66,2000,1000,0.05,-0.0086321553972106,-1.0299285284600863,1.2613995907980915,1.8224896916167823,42,47
Drosophila,2018-12-12_4,SMP_L,66,2000,1000,0.05,0.0043309108654292,0.5167340541580969,1.2618064825786734,0.9802972763257722,40,35
Drosophila,2018-12-12_4,SPS_L,66,2000,1000,0.05,0.0107746118026183,1.2855514721369854,2.5050111565588944,1.804661389388705,54,38
Drosophila,2018-12-12_4,VES_L,66,2000,1000,0.05,0.0133765767191381,1.5959997639323358,2.687993748922004,1.8185162621780244,52,40
Drosophila,2018-12-12_4,WED_L,66,2000,1000,0.05,-0.0051906055880348,-0.619306827681639,1.6617369946608918,1.9991263578831584,41,40
Drosophila,2018-12-12_4,EB,66,2000,1000,0.05,0.007054269566566,0.8416662049899896,1.181623178522866,0.7230956566960738,39,27
Drosophila,2018-12-12_4,FB,66,2000,1000,0.05,-0.0021473415307339,-0.2562058027320434,1.0890403226068095,1.228617522104519,41,37
Drosophila,2018-12-12_4,FLA,66,2000,1000,0.05,0.0020990696530396,0.2504463392293603,1.3872354673430976,1.2507959398955193,45,34
Drosophila,2018-12-12_4,NO,66,2000,1000,0.05,-0.003333446640073,-0.3977235852148856,0.4451217166027144,0.6617957482074615,18,24
Drosophila,2018-12-12_4,PB,66,2000,1000,0.05,0.0089302091569344,1.0654902226174423,1.270356440861522,0.6898928456607814,37,26
Drosophila,2018-12-12_4,PRW,66,2000,1000,0.05,0.0008241081127581,0.0983268276355743,0.7103145331876304,0.6567475058583505,29,23
Drosophila,2018-12-12_4,SAD,66,2000,1000,0.05,0.0064586609884687,0.7706023468745299,2.248291477960261,1.8284785137097948,49,37
Drosophila,2018-12-12_4,SOG,66,2000,1000,0.05,0.0265118325049426,3.163206798549895,3.1805744968250864,1.4573053840038166,53,34
Drosophila,2018-12-14_1,AL_R,67,2000,1000,0.05,-0.0083062871504077,-0.5049496444732002,1.2615656470111123,1.809780598938024,41,44
Drosophila,2018-12-14_1,AME_R,67,2000,1000,0.05,-0.009272655076591,-0.563696366314208,0.1495343050361852,0.7615295400911917,7,29
Drosophila,2018-12-14_1,AMMC_R,67,2000,1000,0.05,-0.015556590083167,-0.94570468001758,1.5663601497287871,2.5930950952178096,49,47
Drosophila,2018-12-14_1,ATL_R,67,2000,1000,0.05,-0.0088724894257566,-0.539369793025771,0.2807209975856635,0.8663052996856022,12,33
Drosophila,2018-12-14_1,AVLP_R,67,2000,1000,0.05,-0.0065525931331359,-0.3983403791659323,0.6680172305917083,1.100488377378681,28,34
Drosophila,2018-12-14_1,CRE_R,67,2000,1000,0.05,-0.0204953506892173,-1.2459381497984707,2.1078170263706104,3.4605101718589526,52,55
Drosophila,2018-12-14_1,EPA_R,67,2000,1000,0.05,-0.0086214527534552,-0.5241089579338748,0.1495423821355403,0.718558263863589,7,28
Drosophila,2018-12-14_1,GA_R,67,2000,1000,0.05,-0.0086964710312503,-0.5286694134076259,0.0628314892127397,0.6367985772752647,3,23
Drosophila,2018-12-14_1,GOR_R,67,2000,1000,0.05,-0.0163464840402733,-0.9937233272892204,0.3825175097563611,1.461385456414404,17,44
Drosophila,2018-12-14_1,IB_R,67,2000,1000,0.05,-0.0050047884480265,-0.3042473853520123,2.366368683141938,2.696684720711689,54,50
Drosophila,2018-12-14_1,ICL_R,67,2000,1000,0.05,-0.0003081267300341,-0.0187314115158926,2.140839611445027,2.1611759756272844,51,46
Drosophila,2018-12-14_1,IPS_R,67,2000,1000,0.05,0.04711015052687,2.8638853110747875,4.799806489467675,1.6905365546942497,58,40
Drosophila,2018-12-14_1,IVLP_R,67,2000,1000,0.05,-0.0015117690764836,-0.0919023438358397,2.492163005584134,2.591939764632054,58,49
Drosophila,2018-12-14_1,LAL_R,67,2000,1000,0.05,0.0009407620445596,0.0571901080870985,2.9556766486545016,2.893586353713562,57,50
Drosophila,2018-12-14_1,LB_R,67,2000,1000,0.05,0.0003026852605517,0.0184006177411484,0.0626403423550501,0.0426631151586369,3,2
Drosophila,2018-12-14_1,LH_R,67,2000,1000,0.05,-0.0183125150842281,-1.1132408275503909,1.2339511225318494,2.442577118090904,38,47
Drosophila,2018-12-14_1,LO_R,67,2000,1000,0.05,-0.0086346174126427,-0.524909254125897,0.102309422183914,0.6721941714183344,5,28
Drosophila,2018-12-14_1,LOP_R,67,2000,1000,0.05,-0.0012209839609668,-0.0742251508807301,0.0,0.0805849414238113,0,4
Drosophila,2018-12-14_1,MB_R,67,2000,1000,0.05,0.0027288014778188,0.1658872744358388,2.84141969246573,2.6613187949296857,57,47
Drosophila,2018-12-14_1,ME_R,67,2000,1000,0.05,0.0003720803570184,0.0226192329484642,0.0642140397358557,0.0396567361726405,3,2
Drosophila,2018-12-14_1,OTU_R,67,2000,1000,0.05,-0.0100050783302204,-0.6082212972282477,1.4417480961055125,2.102083265900061,48,47
Drosophila,2018-12-14_1,PLP_R,67,2000,1000,0.05,0.0113055406520855,0.687278037644976,2.859037419003305,2.1128717359656584,58,48
Drosophila,2018-12-14_1,PVLP_R,67,2000,1000,0.05,-0.0040296564367782,-0.2449678837554327,2.309015537032323,2.5749728618596888,60,53
Drosophila,2018-12-14_1,SCL_R,67,2000,1000,0.05,-0.0166892615856843,-1.0145612054596345,1.263553808637468,2.365045073292636,42,48
Drosophila,2018-12-14_1,SIP_R,67,2000,1000,0.05,-0.0222286822522957,-1.3513095559010972,0.2952941610642496,1.76238718971577,13,50
Drosophila,2018-12-14_1,SLP_R,67,2000,1000,0.05,-0.0223666332804698,-1.3596957724344156,1.142006386059379,2.618204182570392,38,50
Drosophila,2018-12-14_1,SMP_R,67,2000,1000,0.05,-0.0084840628785554,-0.515756854613981,1.6119360628711163,2.171884212855773,51,48
Drosophila,2018-12-14_1,SPS_R,67,2000,1000,0.05,0.0169528105779305,1.030582680220404,3.263612153554984,2.1447266554115703,57,44
Drosophila,2018-12-14_1,VES_R,67,2000,1000,0.05,0.028985162992843,1.762044519194765,4.308959770750379,2.395939013222736,56,41
Drosophila,2018-12-14_1,WED_R,67,2000,1000,0.05,0.0041853802241287,0.2544345286756979,2.604230773469616,2.327995678677115,53,48
Drosophila,2018-12-14_1,AL_L,67,2000,1000,0.05,-0.0042417422039387,-0.2578608443269,1.0664087062248084,1.3463636916847634,36,39
Drosophila,2018-12-14_1,AME_L,67,2000,1000,0.05,-0.0060249020407786,-0.3662613738712016,0.1925914123065091,0.5902349469979016,9,22
Drosophila,2018-12-14_1,AMMC_L,67,2000,1000,0.05,-0.0141806515356194,-0.8620596448989705,0.6413979421584921,1.5773209435093758,26,43
Drosophila,2018-12-14_1,ATL_L,67,2000,1000,0.05,-0.011785713011296,-0.7164683193772068,0.458369116080354,1.2362261748258954,20,42
Drosophila,2018-12-14_1,AVLP_L,67,2000,1000,0.05,0.005995418311187,0.3644690208613111,1.4193267356077517,1.023629127069408,44,34
Drosophila,2018-12-14_1,CRE_L,67,2000,1000,0.05,-0.0122590526845443,-0.7452432335348592,2.444745970964158,3.253843448144088,57,50
Drosophila,2018-12-14_1,EPA_L,67,2000,1000,0.05,-0.0059739089996751,-0.3631614427576283,0.763311180173524,1.157589174152085,29,41
Drosophila,2018-12-14_1,GA_L,67,2000,1000,0.05,-0.0058563572365465,-0.3560153232069601,0.2626334698850612,0.6491530474971334,11,21
Drosophila,2018-12-14_1,GOR_L,67,2000,1000,0.05,-0.0207505828164351,-1.2614540318722651,0.4344876709382914,1.8040261368230128,19,48
Drosophila,2018-12-14_1,IB_L,67,2000,1000,0.05,-0.0132059240008927,-0.8028047319389348,1.3614915156914824,2.233082499750405,44,48
Drosophila,2018-12-14_1,ICL_L,67,2000,1000,0.05,-0.007284314407151,-0.4428226358561847,2.154808467678331,2.635573218550298,53,48
Drosophila,2018-12-14_1,IPS_L,67,2000,1000,0.05,0.0284248897559639,1.7279848043489934,3.8093697176480648,1.9333269937544468,55,39
Drosophila,2018-12-14_1,IVLP_L,67,2000,1000,0.05,0.0034273985034396,0.2083558663987307,3.021323018784273,2.795114717557253,58,48
Drosophila,2018-12-14_1,LAL_L,67,2000,1000,0.05,0.0251719234727522,1.530232892038764,4.216847007733895,2.555500058532244,58,44
Drosophila,2018-12-14_1,LB_L,67,2000,1000,0.05,4.282408346166879e-05,0.0026033299026748,0.0660757883454632,0.0632493988369931,3,3
Drosophila,2018-12-14_1,LH_L,67,2000,1000,0.05,-0.0047290804894136,-0.2874867517308695,2.548593358790604,2.8607126710919064,56,52
Drosophila,2018-12-14_1,LO_L,67,2000,1000,0.05,-0.0003576404446453,-0.0217414125111317,0.1781186480941676,0.2017229174407635,8,7
Drosophila,2018-12-14_1,MB_L,67,2000,1000,0.05,0.0023071713975733,0.1402558514830791,3.0107059531306697,2.858432640890829,54,46
Drosophila,2018-12-14_1,ME_L,67,2000,1000,0.05,0.000641149248502,0.0389762693274422,0.0423158504011347,0.0,2,0
Drosophila,2018-12-14_1,OTU_L,67,2000,1000,0.05,-0.0189395687005665,-1.1513602056675054,2.1529868306097364,3.402998364847128,54,48
Drosophila,2018-12-14_1,PLP_L,67,2000,1000,0.05,0.0374588628119602,2.2771713903896518,4.720811599768316,2.2485266541789404,59,42
Drosophila,2018-12-14_1,PVLP_L,67,2000,1000,0.05,0.0125262212174104,0.7614847447229862,3.2071059018700936,2.380375301521004,59,47
Drosophila,2018-12-14_1,SCL_L,67,2000,1000,0.05,0.0012952307696892,0.0787387077791092,3.307343137239533,3.2218579064400443,57,50
Drosophila,2018-12-14_1,SIP_L,67,2000,1000,0.05,-0.0187271220311394,-1.1384453053932642,1.1347403763980788,2.370730430453281,41,48
Drosophila,2018-12-14_1,SLP_L,67,2000,1000,0.05,-0.0098066532744586,-0.596158788486711,2.1817413546257534,2.828980470740021,53,46
Drosophila,2018-12-14_1,SMP_L,67,2000,1000,0.05,-0.0020528319660813,-0.1247942375053934,2.1172275695346747,2.2527144792960416,54,49
Drosophila,2018-12-14_1,SPS_L,67,2000,1000,0.05,0.0292568023506177,1.778557817453004,4.1907420335147965,2.2597930783740225,60,47
Drosophila,2018-12-14_1,VES_L,67,2000,1000,0.05,0.0251536585483778,1.5291225443103296,4.251520407544195,2.591378943351254,57,44
Drosophila,2018-12-14_1,WED_L,67,2000,1000,0.05,2.942855485084846e-05,0.0017889988679919,2.983229161622829,2.981286877002673,54,48
Drosophila,2018-12-14_1,EB,67,2000,1000,0.05,0.0004819352005604,0.0292974470753954,1.2621296855875443,1.230321962350556,44,35
Drosophila,2018-12-14_1,FB,67,2000,1000,0.05,-0.0114107052446016,-0.6936711255121083,0.8805630995291156,1.633669645672827,34,49
Drosophila,2018-12-14_1,FLA,67,2000,1000,0.05,-0.0045275624910542,-0.2752362191181651,2.071989120662232,2.37080824507181,51,44
Drosophila,2018-12-14_1,NO,67,2000,1000,0.05,-0.0011214922888429,-0.0681769269802892,0.8827373847105942,0.9567558757742264,35,34
Drosophila,2018-12-14_1,PB,67,2000,1000,0.05,0.0233447183768602,1.4191547957915116,2.668561174205392,1.127809761332616,50,34
Drosophila,2018-12-14_1,PRW,67,2000,1000,0.05,-0.0032734430754056,-0.1989967222657573,0.9709025561761736,1.1869497991529436,35,34
Drosophila,2018-12-14_1,SAD,67,2000,1000,0.05,0.0437616411742516,2.660325215390296,4.522906195297207,1.6346378777965969,56,35
Drosophila,2018-12-14_1,SOG,67,2000,1000,0.05,0.0458231499114628,2.785646924727311,4.313706393292161,1.2893784991356143,57,40
Drosophila,2018-12-14_2,AL_R,66,2000,1000,0.05,0.0027128835968807,1.4234710218249966,0.5843982611518617,0.4080608273546122,12,9
Drosophila,2018-12-14_2,AME_R,66,2000,1000,0.05,-0.0006995439226683,-0.3670561109061427,0.0,0.0454703549734398,0,2
Drosophila,2018-12-14_2,AMMC_R,66,2000,1000,0.05,-0.00081995224214,-0.4302352881298608,0.0,0.053296895739102,0,2
Drosophila,2018-12-14_2,ATL_R,66,2000,1000,0.05,-3.1154127604526846e-05,-0.0163468118964897,0.0216817592214875,0.0237067775157817,1,1
Drosophila,2018-12-14_2,AVLP_R,66,2000,1000,0.05,-0.0005686316278439,-0.2983654165109576,0.1333193832157206,0.170280439025579,5,7
Drosophila,2018-12-14_2,CRE_R,66,2000,1000,0.05,-0.0088900430394037,-4.664674394403957,0.1438064074723777,0.7216592050336184,5,21
Drosophila,2018-12-14_2,EPA_R,66,2000,1000,0.05,-0.000381651537704,-0.2002555159319534,0.0,0.0248073499507643,0,1
Drosophila,2018-12-14_2,GA_R,66,2000,1000,0.05,-0.0003548779194826,-0.1862071912152751,0.0,0.0230670647663751,0,1
Drosophila,2018-12-14_2,GOR_R,66,2000,1000,0.05,0.0003713280460997,0.1948386999802374,0.0241363229964868,0.0,1,0
Drosophila,2018-12-14_2,IB_R,66,2000,1000,0.05,0.0009027254360496,0.4736670236638764,0.0586771533432295,0.0,2,0
Drosophila,2018-12-14_2,ICL_R,66,2000,1000,0.05,-0.0003014484505452,-0.1581723353035199,0.0488734656282647,0.0684676149137075,2,3
Drosophila,2018-12-14_2,IPS_R,66,2000,1000,0.05,-0.0003808498596362,-0.1998348692445331,0.1067594778817189,0.1315147187580745,4,5
Drosophila,2018-12-14_2,IVLP_R,66,2000,1000,0.05,-0.002395176382778,-1.2567675874351127,0.0764918830692908,0.232178347949862,3,9
Drosophila,2018-12-14_2,LAL_R,66,2000,1000,0.05,-0.0001645252657997,-0.0863276804405943,0.4952367462719906,0.5059308885489768,12,12
Drosophila,2018-12-14_2,LB_R,66,2000,1000,0.05,0.0004913866247587,0.2578343654923851,0.0581523352410817,0.0262122046317641,2,1
Drosophila,2018-12-14_2,LH_R,66,2000,1000,0.05,-0.0029925966676739,-1.5702386351341533,0.3804831637910366,0.5750019471898415,10,15
Drosophila,2018-12-14_2,LO_R,66,2000,1000,0.05,0.0,-2.7582510155477308e-17,0.0,0.0,0,0
Drosophila,2018-12-14_2,MB_R,66,2000,1000,0.05,0.0026310122493312,1.3805124920567116,0.6439355874058683,0.4729197911993372,17,14
Drosophila,2018-12-14_2,ME_R,66,2000,1000,0.05,0.0,-2.7582510155477308e-17,0.0,0.0,0,0
Drosophila,2018-12-14_2,OTU_R,66,2000,1000,0.05,-0.0010061884176623,-0.5279548509508968,0.0463121662751997,0.111714413423253,2,4
Drosophila,2018-12-14_2,PLP_R,66,2000,1000,0.05,-0.0003953055620011,-0.2074198881669189,0.2378787638424748,0.2635736253725493,9,10
Drosophila,2018-12-14_2,PVLP_R,66,2000,1000,0.05,-0.0016880112670544,-0.8857125775425446,0.0,0.1097207323585411,0,4
Drosophila,2018-12-14_2,SCL_R,66,2000,1000,0.05,-0.0018555864068849,-0.973640550494004,0.4658074127432785,0.5864205291908022,13,16
Drosophila,2018-12-14_2,SIP_R,66,2000,1000,0.05,-0.0012588197799881,-0.660512482206591,0.1980233066003407,0.2798465922995707,7,9
Drosophila,2018-12-14_2,SLP_R,66,2000,1000,0.05,-0.0001362382490535,-0.0714852638037808,0.4296370572248698,0.4384925434133535,11,13
Drosophila,2018-12-14_2,SMP_R,66,2000,1000,0.05,0.0027131905250227,1.4236320693968278,0.3814931411089106,0.2051357569824303,13,8
Drosophila,2018-12-14_2,SPS_R,66,2000,1000,0.05,-0.0007600210858507,-0.398788946539536,0.1742687483479672,0.2236701189282639,7,9
Drosophila,2018-12-14_2,VES_R,66,2000,1000,0.05,-0.0015561689090826,-0.8165338718148871,0.5151539102139817,0.6163048893043528,14,18
Drosophila,2018-12-14_2,WED_R,66,2000,1000,0.05,0.0,-2.7582510155477308e-17,0.0,0.0,0,0
Drosophila,2018-12-14_2,AL_L,66,2000,1000,0.05,-0.0022487729320538,-1.1799485636330445,0.3084062685816184,0.4545765091651192,10,14
Drosophila,2018-12-14_2,AME_L,66,2000,1000,0.05,0.0003682498559874,0.1932235498021662,0.0239362406391845,0.0,1,0
Drosophila,2018-12-14_2,AMMC_L,66,2000,1000,0.05,-0.0007363699348114,-0.3863790045221272,0.0245374837198375,0.0724015294825788,1,3
Drosophila,2018-12-14_2,ATL_L,66,2000,1000,0.05,0.0003642323233122,0.1911155193105527,0.0236751010152946,0.0,1,0
Drosophila,2018-12-14_2,AVLP_L,66,2000,1000,0.05,1.965641230042409e-05,0.010313871680624,0.0294757865223882,0.0281981197228606,1,1
Drosophila,2018-12-14_2,CRE_L,66,2000,1000,0.05,-0.0021824934525596,-1.145171207719189,0.1770122418203232,0.3188743162367036,7,10
Drosophila,2018-12-14_2,EPA_L,66,2000,1000,0.05,0.0,-2.7582510155477308e-17,0.0,0.0,0,0
Drosophila,2018-12-14_2,GA_L,66,2000,1000,0.05,0.000343044524683,0.1799981173698618,0.0222978941044011,0.0,1,0
Drosophila,2018-12-14_2,GOR_L,66,2000,1000,0.05,-0.0003531457456392,-0.1852983061920512,0.0,0.0229544734665489,0,1
Drosophila,2018-12-14_2,IB_L,66,2000,1000,0.05,0.0007435039831814,0.3901222949215882,0.0483277589067943,0.0,2,0
Drosophila,2018-12-14_2,ICL_L,66,2000,1000,0.05,0.0017683831077165,0.927884304440328,0.2160845193751135,0.1011396173735406,8,4
Drosophila,2018-12-14_2,IPS_L,66,2000,1000,0.05,0.0016819741800646,0.8825448712701133,0.160814623480622,0.0514863017764177,6,2
Drosophila,2018-12-14_2,IVLP_L,66,2000,1000,0.05,0.0004345478895453,0.2280106411769027,0.050178664834517,0.0219330520140661,2,1
Drosophila,2018-12-14_2,LAL_L,66,2000,1000,0.05,-0.0006522978403167,-0.3422657257972863,0.2948615889127279,0.3372609485333178,10,11
Drosophila,2018-12-14_2,LB_L,66,2000,1000,0.05,8.197587282915163e-05,0.0430133749915689,0.0899312857979093,0.0846028540640144,3,3
Drosophila,2018-12-14_2,LH_L,66,2000,1000,0.05,0.0025789740559066,1.3532076491754348,0.4226450426952604,0.2550117290613274,15,8
Drosophila,2018-12-14_2,LO_L,66,2000,1000,0.05,0.0003374315694471,0.177052956311597,0.0219330520140661,0.0,1,0
Drosophila,2018-12-14_2,MB_L,66,2000,1000,0.05,0.0064451305950451,3.3818099104853165,0.7684534288528462,0.3495199401749143,25,13
Drosophila,2018-12-14_2,ME_L,66,2000,1000,0.05,0.0,-2.7582510155477308e-17,0.0,0.0,0,0
Drosophila,2018-12-14_2,OTU_L,66,2000,1000,0.05,-0.0002592644955291,-0.1360380875899312,0.1535379302159043,0.1703901224252959,6,6
Drosophila,2018-12-14_2,PLP_L,66,2000,1000,0.05,0.0028883735596642,1.515551963643008,0.3632303625662505,0.1754860811880756,14,7
Drosophila,2018-12-14_2,PVLP_L,66,2000,1000,0.05,-0.000419281383648,-0.220000187365182,0.0452155096342941,0.0724687995714177,2,3
Drosophila,2018-12-14_2,SCL_L,66,2000,1000,0.05,0.0022682642463896,1.1901758071337354,0.2945660805547199,0.1471289045393904,11,6
Drosophila,2018-12-14_2,SIP_L,66,2000,1000,0.05,-0.0025201680286706,-1.3223516715081929,0.1275711343169909,0.2913820561805802,5,11
Drosophila,2018-12-14_2,SLP_L,66,2000,1000,0.05,0.0023289193593973,1.2220020144178074,0.3621546275613467,0.2107748692005211,13,7
Drosophila,2018-12-14_2,SMP_L,66,2000,1000,0.05,0.002268766274497,1.1904392251675162,0.2398768599476524,0.0924070521053446,9,4
Drosophila,2018-12-14_2,SPS_L,66,2000,1000,0.05,-0.0010639183195349,-0.5582461773103913,0.0958344973928224,0.1649891881625942,4,6
Drosophila,2018-12-14_2,VES_L,66,2000,1000,0.05,-0.001363860943164,-0.715628393575432,0.352593032380156,0.4412439936858185,12,16
Drosophila,2018-12-14_2,WED_L,66,2000,1000,0.05,0.000364152191857,0.1910734737157705,0.023669892470707,0.0,1,0
Drosophila,2018-12-14_2,EB,66,2000,1000,0.05,0.0011177791016843,0.5865073466029587,0.1802322795258812,0.1075766379163996,7,4
Drosophila,2018-12-14_2,FB,66,2000,1000,0.05,-0.0014959637547598,-0.7849437613355537,0.0521858893774811,0.1494235334368689,2,6
Drosophila,2018-12-14_2,FLA,66,2000,1000,0.05,4.13442009897603e-05,0.0216936222759795,0.0303835184575329,0.0276961453931985,1,1
Drosophila,2018-12-14_2,NO,66,2000,1000,0.05,2.586939290157084e-05,0.0135738706923995,0.0243129791919143,0.0226314686533122,1,1
Drosophila,2018-12-14_2,PB,66,2000,1000,0.05,0.0003711961105283,0.1947694723646749,0.0484407263762567,0.0243129791919143,2,1
Drosophila,2018-12-14_2,PRW,66,2000,1000,0.05,0.0004462098183413,0.2341297454829937,0.0837255740312898,0.0547219358391033,3,2
Drosophila,2018-12-14_2,SAD,66,2000,1000,0.05,0.0006423863332654,0.337065081329366,0.2094160070773911,0.1676608954151399,8,6
Drosophila,2018-12-14_2,SOG,66,2000,1000,0.05,0.0021794361138677,1.1435669984427903,0.2434955529300007,0.1018322055285976,9,4
Drosophila,2018-12-14_3,AL_R,67,2000,1000,0.05,-0.0053433341315926,-0.8305858043290806,0.3538537334194789,0.7065137861045909,12,24
Drosophila,2018-12-14_3,AME_R,67,2000,1000,0.05,-0.0034880676902539,-0.5421969573144377,0.0205310197697863,0.2507434873265501,1,11
Drosophila,2018-12-14_3,AMMC_R,67,2000,1000,0.05,-0.0076397732655552,-1.1875520164732227,0.4593420651556879,0.963567100682333,17,30
Drosophila,2018-12-14_3,ATL_R,67,2000,1000,0.05,0.0074819561884939,1.1630203999469866,0.7807779450372236,0.2869688365966207,26,10
Drosophila,2018-12-14_3,AVLP_R,67,2000,1000,0.05,0.0058277043115595,0.9058779319806516,0.5068977252142441,0.1222692406513137,21,3
Drosophila,2018-12-14_3,CRE_R,67,2000,1000,0.05,-0.0096146520082085,-1.4945338013518414,1.0980607942163312,1.732627826758098,33,47
Drosophila,2018-12-14_3,EPA_R,67,2000,1000,0.05,-0.0023665311450553,-0.367861549769814,0.1817431378854297,0.3379341934590814,8,14
Drosophila,2018-12-14_3,GA_R,67,2000,1000,0.05,-0.0015809204898244,-0.2457435908522936,0.0422848744739634,0.1466256268023791,2,6
Drosophila,2018-12-14_3,GOR_R,67,2000,1000,0.05,-0.0011500371609209,-0.178765638978885,0.3319447361535337,0.4078471887743147,14,17
Drosophila,2018-12-14_3,IB_R,67,2000,1000,0.05,0.0025422380084525,0.3951740147714018,0.7031941878511412,0.5354064792932736,25,19
Drosophila,2018-12-14_3,ICL_R,67,2000,1000,0.05,-0.0033735018278214,-0.5243884548600247,0.4102839931164426,0.6329351137526564,15,21
Drosophila,2018-12-14_3,IPS_R,67,2000,1000,0.05,0.0183255946098043,2.848591977207374,1.8354702200903144,0.6259809758432255,39,18
Drosophila,2018-12-14_3,IVLP_R,67,2000,1000,0.05,-0.0046755640716935,-0.7267853833468336,0.882213305887642,1.1908005346194177,32,32
Drosophila,2018-12-14_3,LAL_R,67,2000,1000,0.05,0.0013180896987905,0.2048882899115119,0.9665731625087708,0.8795792423885946,33,27
Drosophila,2018-12-14_3,LB_R,67,2000,1000,0.05,0.0014118224986679,0.2194584311493423,0.1612543768130088,0.0680740919009212,7,3
Drosophila,2018-12-14_3,LH_R,67,2000,1000,0.05,-0.0054095403713961,-0.8408771246142305,0.3798254384879751,0.736855103000118,15,23
Drosophila,2018-12-14_3,LO_R,67,2000,1000,0.05,-0.0015806248729832,-0.2456976391775947,0.0640194601514947,0.1683407017683911,3,7
Drosophila,2018-12-14_3,LOP_R,67,2000,1000,0.05,-1.4841265159836292e-05,-0.0023069761045187,0.0205371798676172,0.0215167033681664,1,1
Drosophila,2018-12-14_3,MB_R,67,2000,1000,0.05,0.0025637031946872,0.3985106354158767,1.5594077139607263,1.3902033031113703,40,34
Drosophila,2018-12-14_3,ME_R,67,2000,1000,0.05,-0.0010218192989149,-0.1588350238571574,0.045746921512884,0.1131869952412727,2,5
Drosophila,2018-12-14_3,OTU_R,67,2000,1000,0.05,-0.0078229091466825,-1.2160192729429766,0.3576773946446581,0.8739893983257052,15,32
Drosophila,2018-12-14_3,PLP_R,67,2000,1000,0.05,0.0089292731808454,1.3879962144115632,1.3043457402950955,0.7150137103592935,43,22
Drosophila,2018-12-14_3,PVLP_R,67,2000,1000,0.05,-0.0030376394251224,-0.4721808749072322,0.5574754748869752,0.7579596769450583,22,26
Drosophila,2018-12-14_3,SCL_R,67,2000,1000,0.05,0.0022939744186031,0.3565830885103149,0.837307418833761,0.6859051072059499,28,24
Drosophila,2018-12-14_3,SIP_R,67,2000,1000,0.05,0.0080196214294205,1.246596890878814,1.2170375681750252,0.6877425538332695,35,21
Drosophila,2018-12-14_3,SLP_R,67,2000,1000,0.05,0.0038900797235836,0.6046870580324183,0.959643656080064,0.7028983943235456,34,24
Drosophila,2018-12-14_3,SMP_R,67,2000,1000,0.05,0.0107096951588231,1.6647509866576724,1.1838296097159806,0.4769897292336509,31,15
Drosophila,2018-12-14_3,SPS_R,67,2000,1000,0.05,-0.0013384712960515,-0.208056473846412,0.9770131542354878,1.065352259774888,32,32
Drosophila,2018-12-14_3,VES_R,67,2000,1000,0.05,-0.0021930811141275,-0.3408998943874013,1.0411613365295451,1.1859046900619612,35,34
Drosophila,2018-12-14_3,WED_R,67,2000,1000,0.05,-0.0064672726522331,-1.005294583004026,0.0908788809621787,0.5177188760095692,4,18
Drosophila,2018-12-14_3,AL_L,67,2000,1000,0.05,-0.0094605317578188,-1.470576831980128,0.5866509678754079,1.211046063891449,20,26
Drosophila,2018-12-14_3,AME_L,67,2000,1000,0.05,-0.0054455295745519,-0.8464714072314556,0.0752769392884364,0.4346818912088679,3,16
Drosophila,2018-12-14_3,AMMC_L,67,2000,1000,0.05,-0.0023978930947575,-0.3727365565684149,0.675835622876618,0.8340965671306133,20,23
Drosophila,2018-12-14_3,ATL_L,67,2000,1000,0.05,-0.000244364402317,-0.0379848234546841,0.5110967290406756,0.5272247795936034,18,17
Drosophila,2018-12-14_3,AVLP_L,67,2000,1000,0.05,0.0075887052480616,1.1796138323094048,0.848329104074125,0.3474745577020561,25,13
Drosophila,2018-12-14_3,CRE_L,67,2000,1000,0.05,-0.004141927497802,-0.6438351219502118,1.3521364661561042,1.6255036810110397,38,43
Drosophila,2018-12-14_3,EPA_L,67,2000,1000,0.05,-0.0035618232762709,-0.5536617733313642,0.6695929388309914,0.9046732750648756,19,29
Drosophila,2018-12-14_3,GA_L,67,2000,1000,0.05,-0.0074071820171588,-1.151397251607037,0.1786537397427423,0.6675277528752277,7,22
Drosophila,2018-12-14_3,GOR_L,67,2000,1000,0.05,-0.0072497495594203,-1.1269254216001725,0.1344871943392678,0.6129706652610141,6,24
Drosophila,2018-12-14_3,IB_L,67,2000,1000,0.05,-0.0006247088075005,-0.0971068352775247,0.6071815514044245,0.6484123326994635,21,22
Drosophila,2018-12-14_3,ICL_L,67,2000,1000,0.05,-0.0065157763282308,-1.0128341573127475,0.5631066127126836,0.9931478503759226,20,30
Drosophila,2018-12-14_3,IPS_L,67,2000,1000,0.05,0.0048618379292055,0.7557404174054912,1.2176124614350714,0.8967311581075066,33,23
Drosophila,2018-12-14_3,IVLP_L,67,2000,1000,0.05,-0.0052184571022864,-0.8111744994632245,0.5669009860488705,0.9113191547997764,19,26
Drosophila,2018-12-14_3,LAL_L,67,2000,1000,0.05,0.002402260667258,0.3734154667074785,1.2993372675326027,1.1407880634935703,39,33
Drosophila,2018-12-14_3,LB_L,67,2000,1000,0.05,-0.0025926241159218,-0.4030062005506892,0.042850794123205,0.2139639857740496,2,9
Drosophila,2018-12-14_3,LH_L,67,2000,1000,0.05,-0.0011514986996701,-0.1789928254710041,1.1406027465619757,1.216601660740205,27,33
Drosophila,2018-12-14_3,LO_L,67,2000,1000,0.05,0.0005405083430547,0.0840184322758975,0.2896307358235055,0.2539571851818922,12,10
Drosophila,2018-12-14_3,MB_L,67,2000,1000,0.05,0.0101392563231135,1.5760800580745082,1.890064599247434,1.2208736819219403,43,32
Drosophila,2018-12-14_3,ME_L,67,2000,1000,0.05,0.0004313861416013,0.0670561107679762,0.0979546720398962,0.0694831866942067,4,3
Drosophila,2018-12-14_3,OTU_L,67,2000,1000,0.05,-0.0121012179320358,-1.8810539603005656,0.9147257795202997,1.713406163034663,28,43
Drosophila,2018-12-14_3,PLP_L,67,2000,1000,0.05,0.0225784307434682,3.509667110030134,2.1493366326516568,0.6591602035827537,43,22
Drosophila,2018-12-14_3,PVLP_L,67,2000,1000,0.05,0.008045529167809,1.2506240767514971,1.6157710416628044,1.0847661165874063,46,29
Drosophila,2018-12-14_3,SCL_L,67,2000,1000,0.05,0.0022145934376996,0.3442438422179283,1.3184149995745078,1.1722518326863334,39,34
Drosophila,2018-12-14_3,SIP_L,67,2000,1000,0.05,-0.0007507005307551,-0.1166914119147024,0.4897178774649764,0.5392641124948185,17,18
Drosophila,2018-12-14_3,SLP_L,67,2000,1000,0.05,-0.0027079489508224,-0.4209326802347253,1.1054723758472145,1.284197006601497,31,39
Drosophila,2018-12-14_3,SMP_L,67,2000,1000,0.05,0.001746035898275,0.2714096845229489,0.8192485338038678,0.7040101645177126,25,24
Drosophila,2018-12-14_3,SPS_L,67,2000,1000,0.05,0.0001328208176332,0.0206461140046073,1.4153022831493771,1.406536109185582,41,36
Drosophila,2018-12-14_3,VES_L,67,2000,1000,0.05,0.0046157653506642,0.71749006930119,1.4619722005467537,1.1573316874029111,36,30
Drosophila,2018-12-14_3,WED_L,67,2000,1000,0.05,-0.0057863132458944,-0.8994439657114903,0.5676897015233742,0.9495863757524048,20,25
Drosophila,2018-12-14_3,EB,67,2000,1000,0.05,2.1231954735898427e-05,0.0033003663569395,0.9644813732695452,0.963080064256976,30,29
Drosophila,2018-12-14_3,FB,67,2000,1000,0.05,-0.0023574552687258,-0.3664507650695817,0.943785205595705,1.0993772533316135,28,31
Drosophila,2018-12-14_3,FLA,67,2000,1000,0.05,-0.0019465154236412,-0.3025728953061217,0.5913436993686965,0.7198137173290164,22,21
Drosophila,2018-12-14_3,NO,67,2000,1000,0.05,-0.0022436945028434,-0.3487674095270424,0.8454930464063684,0.9935768835940376,25,31
Drosophila,2018-12-14_3,PB,67,2000,1000,0.05,0.0074124245049631,1.152212161519533,0.9618121053261136,0.472592087998545,29,16
Drosophila,2018-12-14_3,PRW,67,2000,1000,0.05,-0.0017507261445443,-0.272138752156394,0.2996998891743536,0.4152478147142777,13,16
Drosophila,2018-12-14_3,SAD,67,2000,1000,0.05,-0.007108170972602,-1.1049179705382994,1.0733198882817048,1.5424591724734429,27,36
Drosophila,2018-12-14_3,SOG,67,2000,1000,0.05,0.0148388514898943,2.3066009155561025,1.7074154887352075,0.7280512904021803,37,24
Zebrafish,subject_14,MON,64,500,1000,0.05,-0.0056464553858569,-0.1826905447894048,0.931944096319477,1.287670785628467,9,13
Zebrafish,subject_14,Cb,64,500,1000,0.05,0.0553202249229589,1.789880790409164,3.999499906960777,0.5143257368143632,36,5
Zebrafish,subject_14,MOS1,64,500,1000,0.05,0.0242687530050164,0.7852132718432965,2.631210541035485,1.1022791017194469,23,11
Zebrafish,subject_14,MOS2,64,500,1000,0.05,0.0398331934895793,1.2887993124926729,3.2355983626751352,0.7261071728316337,27,7
Zebrafish,subject_14,MOS3,64,500,1000,0.05,0.049673957862107,1.6071963388579804,3.129459345312743,0.0,27,0
Zebrafish,subject_14,MOS4,64,500,1000,0.05,0.042420490611549,1.372511072959005,2.963705956670513,0.2912150481429245,24,3
Zebrafish,subject_14,MOS5,64,500,1000,0.05,0.0264471988774236,0.8556966877259664,2.5596180803812425,0.8934445511035514,21,9
Zebrafish,subject_14,IPN,64,500,1000,0.05,0.0092310679991971,0.2986703562708501,0.8376394275960366,0.2560821436466169,8,3
Zebrafish,subject_14,IO,64,500,1000,0.05,-0.0516771267255481,-1.672008683233158,0.0749606521546799,3.330619635864216,1,29
Zebrafish,subject_14,Hc,64,500,1000,0.05,-0.05062763659884,-1.638052526689416,1.3520677460345287,4.541608851761451,14,37
Zebrafish,subject_14,Ra,64,500,1000,0.05,0.0022822587801553,0.0738422729667407,1.8075865300926748,1.6638042269428903,16,17
Zebrafish,subject_14,T,64,500,1000,0.05,-0.0268891757941135,-0.8699968102234638,0.5001999832433759,2.194218058272527,5,21
Zebrafish,subject_14,aRF,64,500,1000,0.05,-0.0183094410706009,-0.5924002821940134,0.8487611680578366,2.0022559555056945,8,17
Zebrafish,subject_14,imRF,64,500,1000,0.05,0.0118553152245629,0.3835776339348185,2.261228357844056,1.514343498696589,20,14
Zebrafish,subject_14,pRF,64,500,1000,0.05,0.0299731894076717,0.969779787099562,2.5781282031183665,0.6898172704350491,22,7
Zebrafish,subject_14,Hb,64,500,1000,0.05,0.0053323059359014,0.1725262682237181,0.5700014180274837,0.2340661440656899,6,3
Zebrafish,subject_14,Hi,64,500,1000,0.05,-0.0421840439095918,-1.3648608616596465,1.5550965288958063,4.212691295200095,15,34
Zebrafish,subject_14,HR,64,500,1000,0.05,-0.0605056793597783,-1.957655691883816,0.5778793833093787,4.389737182975416,6,38
Zebrafish,subject_14,OG,64,500,1000,0.05,-0.0016132354112114,-0.0521960833846297,0.0,0.1016338309063225,0,1
Zebrafish,subject_14,OB,64,500,1000,0.05,0.0165708108417803,0.5361470610163267,1.3919666575939051,0.3480055745617418,14,4
Zebrafish,subject_14,OE,64,500,1000,0.05,0.0029092866396755,0.0941297017031493,0.1832850582995582,0.0,2,0
Zebrafish,subject_14,P,64,500,1000,0.05,0.011612776897628,0.37573032866946,0.8871169807792003,0.1555120362286315,9,2
Zebrafish,subject_14,PT,64,500,1000,0.05,-0.024197486801276,-0.7829074603745616,1.1936155921343756,2.718057260614768,11,25
Zebrafish,subject_14,PO,64,500,1000,0.05,-0.020183300761628,-0.6530288401863651,0.7110176452986061,1.9825655932811743,7,22
Zebrafish,subject_14,PrT,64,500,1000,0.05,-0.0199080627714595,-0.6441235403239806,1.396779554134075,2.650987508736025,13,27
Zebrafish,subject_14,SP,64,500,1000,0.05,-0.0153108904524602,-0.4953824526758958,0.2712316179269232,1.2358177164319173,3,15
Zebrafish,subject_14,TeO,64,500,1000,0.05,0.0248626653140654,0.8044292499893494,1.7318360392743526,0.1654881244882289,17,2
Zebrafish,subject_14,Th,64,500,1000,0.05,-0.0004949568573665,-0.0160142836063187,0.956605821390036,0.9877881034041264,8,11
Zebrafish,subject_14,TL,64,500,1000,0.05,-0.0739860760229806,-2.39381268633139,0.7242673443626191,5.3853901338104,7,41
Zebrafish,subject_14,TS,64,500,1000,0.05,0.0032505288794266,0.1051705629913548,0.2047833194038784,0.0,2,0
Zebrafish,subject_14,TG,64,500,1000,0.05,0.0001058286722245,0.0034240769583471,0.1873124080457864,0.1806452016956377,2,2
Zebrafish,subject_14,VR,64,500,1000,0.05,0.0175714395293222,0.5685223101889002,1.882800049334568,0.7757993589872636,19,7
Zebrafish,subject_14,NX,64,500,1000,0.05,0.0351887356685955,1.1385283067760177,2.5763430336103323,0.3594526864888143,25,4
Zebrafish,subject_14,rMON,64,500,1000,0.05,-0.0115798407175041,-0.3746646815901964,1.8401199072407897,2.569649872443548,19,25
Zebrafish,subject_14,rCb,64,500,1000,0.05,0.0392323485664844,1.2693590302566504,2.847987955855931,0.3763499961674128,26,4
Zebrafish,subject_14,rMOS1,64,500,1000,0.05,0.0226153293950789,0.7317169029843912,2.256169395819901,0.8314036439299293,19,8
Zebrafish,subject_14,rMOS2,64,500,1000,0.05,-0.0074251773313787,-0.240240929774323,1.2476316749720149,1.7154178468488737,12,14
Zebrafish,subject_14,rMOS3,64,500,1000,0.05,0.0260729309438936,0.8435872831524228,2.585721842820488,0.9431271933551888,23,10
Zebrafish,subject_14,rMOS4,64,500,1000,0.05,0.0409939480220364,1.3263554186530977,3.0623584245414976,0.4797396991532028,28,5
Zebrafish,subject_14,rMOS5,64,500,1000,0.05,0.0509805523918797,1.649471084720832,3.7296787479037232,0.5179039472152995,32,6
Zebrafish,subject_14,rIPN,64,500,1000,0.05,0.0085722882410834,0.2773555977751976,1.1343115942373956,0.594257435049137,11,7
Zebrafish,subject_14,rIO,64,500,1000,0.05,0.0025248644297796,0.0816917564515243,0.3575203007618315,0.198453841685716,4,2
Zebrafish,subject_14,rHc,64,500,1000,0.05,-0.1014842197942457,-3.2835125994579237,0.0957403922279072,6.489246239265392,1,47
Zebrafish,subject_14,rRa,64,500,1000,0.05,-0.0113641197150418,-0.367685048392162,0.9442304615525644,1.6601700036002,9,17
Zebrafish,subject_14,rT,64,500,1000,0.05,-0.0044358919063365,-0.1435228747269284,1.6340412744167976,1.9135024645160024,15,17
Zebrafish,subject_14,raRF,64,500,1000,0.05,-0.017935919510694,-0.5803150264704129,1.4231556967878438,2.5531186259615657,14,23
Zebrafish,subject_14,rimRF,64,500,1000,0.05,0.0042596120158759,0.1378193550808992,2.2272090137913816,1.9588534567911944,20,17
Zebrafish,subject_14,rpRF,64,500,1000,0.05,0.0128162380045383,0.4146682021192359,1.5696894776175796,0.7622664833316612,16,7
Zebrafish,subject_14,rHb,64,500,1000,0.05,0.0155098316222691,0.5018191759314211,0.9771193922029556,0.0,10,0
Zebrafish,subject_14,rHi,64,500,1000,0.05,-0.0387552317941637,-1.2539219609615058,1.4090574078888518,3.8506370109211705,14,34
Zebrafish,subject_14,rHR,64,500,1000,0.05,-0.0418963072053334,-1.355551167052205,0.7677027316148193,3.4071700855508293,8,31
Zebrafish,subject_14,rOB,64,500,1000,0.05,0.0001039848430135,0.0033644200337731,0.0955886198455027,0.08903757473565,1,1
Zebrafish,subject_14,rOE,64,500,1000,0.05,0.0,-1.4031704637168272e-17,0.0,0.0,0,0
Zebrafish,subject_14,rP,64,500,1000,0.05,-0.0036136933837065,-0.1169207171325276,0.836377056730933,1.0640397399044472,9,12
Zebrafish,subject_14,rPT,64,500,1000,0.05,0.0198870729765237,0.6434444174389511,2.014603614820985,0.7617180172999882,17,8
Zebrafish,subject_14,rPO,64,500,1000,0.05,-0.0201373330500681,-0.6515415591058065,0.539765802416643,1.8084177845709368,5,21
Zebrafish,subject_14,rPrT,64,500,1000,0.05,0.0206734616363238,0.6688879502143857,2.028323218634545,0.7258951355461449,19,9
Zebrafish,subject_14,rSP,64,500,1000,0.05,-0.0104296919611483,-0.3374517243402732,0.2150110276202537,0.8720816211725979,2,10
Zebrafish,subject_14,rTeO,64,500,1000,0.05,0.0476880326469808,1.5429419111383946,3.0043460567597946,0.0,30,0
Zebrafish,subject_14,rTh,64,500,1000,0.05,0.0160854408647804,0.5204429600427061,1.808631579301221,0.795248804820055,16,10
Zebrafish,subject_14,rTL,64,500,1000,0.05,-0.05125002406711,-1.6581898159936308,0.3242750881105771,3.553026604338509,3,32
Zebrafish,subject_14,rTS,64,500,1000,0.05,-0.0082723736008356,-0.2676518871686398,0.1779753620637687,0.6991348989164137,2,7
Zebrafish,subject_14,rVR,64,500,1000,0.05,9.494741989684876e-05,0.0030720150398692,0.6196256150152846,0.6136439275617831,6,6
Zebrafish,subject_14,rNX,64,500,1000,0.05,0.0032924793809988,0.1065278676121622,1.3779955688000194,1.170569367797095,14,11
Zebrafish,subject_12,MON,61,640,1000,0.05,-0.0469096687621659,-3.0862217126254747,0.3159024877155616,3.1304826134455177,4,27
Zebrafish,subject_12,Cb,61,640,1000,0.05,0.0152233697853825,1.001556728297922,1.0667752394882934,0.153373052365342,13,2
Zebrafish,subject_12,MOS1,61,640,1000,0.05,0.0152227995841231,1.0015192143364362,1.0630428318835965,0.1496748568362078,11,2
Zebrafish,subject_12,MOS2,61,640,1000,0.05,0.0233170852861101,1.5340482417384356,1.5330449150822032,0.1340197979155952,16,2
Zebrafish,subject_12,MOS3,61,640,1000,0.05,0.0183614083997313,1.2080106036335636,1.1016845039838796,0.0,13,0
Zebrafish,subject_12,MOS4,61,640,1000,0.05,0.0191951507275162,1.2628631264213594,1.3697375914756456,0.2180285478246717,16,3
Zebrafish,subject_12,MOS5,61,640,1000,0.05,0.0162486418318252,1.069010132565649,1.515328178344669,0.5404096684351534,17,7
Zebrafish,subject_12,IPN,61,640,1000,0.05,-0.0001056468924938,-0.006950586991755,0.0708098951426907,0.0771487086923201,1,1
Zebrafish,subject_12,IO,61,640,1000,0.05,0.002814045458046,0.1851381265761876,0.1688427274827648,0.0,2,0
Zebrafish,subject_12,Ra,61,640,1000,0.05,0.0040003876244046,0.263188452852886,0.2400232574642777,0.0,3,0
Zebrafish,subject_12,T,61,640,1000,0.05,0.0099109193119204,0.6520466927107692,0.8282519514200279,0.2335967927048017,9,3
Zebrafish,subject_12,aRF,61,640,1000,0.05,0.0023332147958609,0.1535039226073765,0.6264711278007415,0.4864782400490823,7,6
Zebrafish,subject_12,imRF,61,640,1000,0.05,-0.0081452490347605,-0.5358819426602781,0.5994148540828506,1.0881297961684826,7,12
Zebrafish,subject_12,pRF,61,640,1000,0.05,0.0063031337472185,0.4146878189840804,0.7113605818134356,0.333172556980323,8,4
Zebrafish,subject_12,Hb,61,640,1000,0.05,-0.0025585719921044,-0.1683303387918359,0.0,0.1535143195262676,0,2
Zebrafish,subject_12,Hi,61,640,1000,0.05,-0.0169495859089906,-1.1151257604813305,0.1543690286734098,1.1713441832128462,2,14
Zebrafish,subject_12,OG,61,640,1000,0.05,0.0,-1.1225777426707849e-17,0.0,0.0,0,0
Zebrafish,subject_12,OB,61,640,1000,0.05,0.0,-1.1225777426707849e-17,0.0,0.0,0,0
Zebrafish,subject_12,OE,61,640,1000,0.05,0.0,-1.1225777426707849e-17,0.0,0.0,0,0
Zebrafish,subject_12,P,61,640,1000,0.05,-0.0011801649190448,-0.0776439206190403,0.0,0.0708098951426907,0,1
Zebrafish,subject_12,PT,61,640,1000,0.05,-0.0153418891152329,-1.0093542024392252,0.0,0.9205133469139746,0,11
Zebrafish,subject_12,PO,61,640,1000,0.05,-0.003428439493182,-0.225559563379714,0.07500443582768,0.2807108054186038,1,4
Zebrafish,subject_12,PrT,61,640,1000,0.05,-0.0088817695853577,-0.5843381730074306,0.4398523651410908,0.9727585402625584,5,12
Zebrafish,subject_12,SP,61,640,1000,0.05,-0.0068918104914327,-0.4534172962464937,0.1495333611698974,0.5630419906558641,2,9
Zebrafish,subject_12,TeO,61,640,1000,0.05,0.0012598029494119,0.082883365385018,0.0755881769647168,0.0,1,0
Zebrafish,subject_12,Th,61,640,1000,0.05,0.0026310180602887,0.1730966190603737,0.1578610836173259,0.0,2,0
Zebrafish,subject_12,TL,61,640,1000,0.05,0.0014168491539407,0.0932155510322779,0.0850109492364441,0.0,1,0
Zebrafish,subject_12,TS,61,640,1000,0.05,-0.0039578132036785,-0.2603874503066198,0.0,0.2374687922207119,0,3
Zebrafish,subject_12,TG,61,640,1000,0.05,0.0,-1.1225777426707849e-17,0.0,0.0,0,0
Zebrafish,subject_12,VR,61,640,1000,0.05,0.0013244210494303,0.0871346378533132,0.5322179984777451,0.4527527355119232,6,5
Zebrafish,subject_12,NX,61,640,1000,0.05,0.0372095588416243,2.448044325285359,2.232573530497459,0.0,22,0
Zebrafish,subject_12,rMON,61,640,1000,0.05,-0.0350184265563564,-2.3038881158626547,0.4614008144364043,2.5625064078177893,6,26
Zebrafish,subject_12,rCb,61,640,1000,0.05,0.0089860556678836,0.5911992313075369,0.6931860368800966,0.1540226968070785,7,2
Zebrafish,subject_12,rMOS1,61,640,1000,0.05,0.0120083702718855,0.7900395386340863,0.8932286453818064,0.1727264290686747,9,2
Zebrafish,subject_12,rMOS2,61,640,1000,0.05,0.0218901387531244,1.4401683766900588,1.3873895736044075,0.0739812484169433,15,1
Zebrafish,subject_12,rMOS3,61,640,1000,0.05,0.0166386586040762,1.0946696237232552,1.074168052594321,0.0758485363497469,11,1
Zebrafish,subject_12,rMOS4,61,640,1000,0.05,0.0147372990402172,0.969577775404291,1.1952956627506102,0.3110577203375757,12,4
Zebrafish,subject_12,rMOS5,61,640,1000,0.05,0.0087193941668313,0.5736553744399634,0.7462095945551486,0.223045944545265,8,3
Zebrafish,subject_12,rIPN,61,640,1000,0.05,-0.001325806035078,-0.0872257570807607,0.0,0.0795483621046804,0,1
Zebrafish,subject_12,rIO,61,640,1000,0.05,-0.0275387624899908,-1.8117954992680187,0.0,1.6523257493994523,0,19
Zebrafish,subject_12,rRa,61,640,1000,0.05,-0.0001242819976202,-0.0081766043049392,0.0857964239434183,0.0932533438006317,1,1
Zebrafish,subject_12,rT,61,640,1000,0.05,-0.0224489816561533,-1.4769350635327871,0.4019779023145715,1.7489168016837744,4,19
Zebrafish,subject_12,raRF,61,640,1000,0.05,-0.0425762203428169,-2.801120944377798,0.3662985765142807,2.9208717970832945,4,21
Zebrafish,subject_12,rimRF,61,640,1000,0.05,-0.0052989403494881,-0.3486211945646325,0.7919258371590931,1.1098622581283817,8,11
Zebrafish,subject_12,rpRF,61,640,1000,0.05,0.0059650062987353,0.3924421647153551,0.7674632936808417,0.4095629157567222,8,5
Zebrafish,subject_12,rHb,61,640,1000,0.05,-0.0138148780707498,-0.9088910193629172,0.0,0.8288926842449924,0,10
Zebrafish,subject_12,rHi,61,640,1000,0.05,-0.0175202739869347,-1.152671750119787,0.1511405231849432,1.2023569624010282,2,14
Zebrafish,subject_12,rOB,61,640,1000,0.05,0.0,-1.1225777426707849e-17,0.0,0.0,0,0
Zebrafish,subject_12,rOE,61,640,1000,0.05,0.0,-1.1225777426707849e-17,0.0,0.0,0,0
Zebrafish,subject_12,rP,61,640,1000,0.05,0.0012412154531558,0.0816604802945326,0.074472927189352,0.0,1,0
Zebrafish,subject_12,rPT,61,640,1000,0.05,-0.0044004242482218,-0.2895071574365716,0.2586288572313235,0.5226543121246325,3,6
Zebrafish,subject_12,rPO,61,640,1000,0.05,-0.0124862968991673,-0.8214826840043377,0.0781519315997365,0.8273297455497794,1,10
Zebrafish,subject_12,rPrT,61,640,1000,0.05,0.0115977567021955,0.7630249689789269,0.7868258515630249,0.0909604494312943,9,1
Zebrafish,subject_12,rSP,61,640,1000,0.05,-0.0142543867806078,-0.9378066216053604,0.0575927926121786,0.9128559994486468,1,12
Zebrafish,subject_12,rTeO,61,640,1000,0.05,0.0028316515460032,0.1862964440907109,0.1698990927601928,0.0,2,0
Zebrafish,subject_12,rTh,61,640,1000,0.05,-0.0001654776549978,-0.0108868969934121,0.2302592854521399,0.2401879447520123,3,3
Zebrafish,subject_12,rTL,61,640,1000,0.05,0.0012641422724957,0.0831688526517759,0.0758485363497469,0.0,1,0
Zebrafish,subject_12,rTS,61,640,1000,0.05,0.0,-1.1225777426707849e-17,0.0,0.0,0,0
Zebrafish,subject_12,rTG,61,640,1000,0.05,-0.0013377316222205,-0.0880103502562472,0.0,0.080263897333233,0,1
Zebrafish,subject_12,rVR,61,640,1000,0.05,-0.0005779270054288,-0.0380222440177583,0.4565058593222346,0.4911814796479685,5,6
Zebrafish,subject_12,rNX,61,640,1000,0.05,0.0305879297108376,2.012402460065679,1.9102787068133076,0.0750029241630509,20,1
Zebrafish,subject_15,MON,64,600,1000,0.05,-0.0001521272673922,-0.0051151875001863,0.0691311946515429,0.0787152124972543,1,1
Zebrafish,subject_15,Cb,64,600,1000,0.05,0.0059095772769652,0.1987059672910358,1.541308291150826,1.1690049227020145,17,13
Zebrafish,subject_15,MOS1,64,600,1000,0.05,0.0512159395343157,1.7221050388077073,3.866492765647735,0.639888574985843,37,7
Zebrafish,subject_15,MOS2,64,600,1000,0.05,0.0741626036022854,2.4936727611727614,4.67224402694398,0.0,42,0
Zebrafish,subject_15,MOS3,64,600,1000,0.05,0.0049552306539416,0.1666166383980856,1.9870265175884287,1.674846986390106,20,19
Zebrafish,subject_15,MOS4,64,600,1000,0.05,0.0282805998832054,0.9509180931210154,3.491435086253424,1.709757293611481,35,17
Zebrafish,subject_15,MOS5,64,600,1000,0.05,0.0417615786776803,1.4042078642570128,2.8525689161325736,0.2215894594387122,30,3
Zebrafish,subject_15,IPN,64,600,1000,0.05,0.0050566607754264,0.1700271649818809,0.6345533448105751,0.3159837159587102,8,4
Zebrafish,subject_15,IO,64,600,1000,0.05,-0.0082572256621815,-0.277644226557391,0.419616738666114,0.9398219553835534,5,10
Zebrafish,subject_15,Hc,64,600,1000,0.05,-0.0653759311406405,-2.1982262057031887,0.3169046373444715,4.435588299204827,4,43
Zebrafish,subject_15,Ra,64,600,1000,0.05,0.0166937868546043,0.5613185020228707,2.29731717956365,1.2456086077235753,23,13
Zebrafish,subject_15,T,64,600,1000,0.05,-0.0122123056846663,-0.4106314039388611,3.2698338069800013,4.03920906511398,30,39
Zebrafish,subject_15,aRF,64,600,1000,0.05,-0.0213803201489693,-0.7189003539648527,2.22449148900058,3.5714516583856497,24,36
Zebrafish,subject_15,imRF,64,600,1000,0.05,0.0322119747772959,1.0831081998751682,2.945116165636551,0.9157617546669043,29,9
Zebrafish,subject_15,pRF,64,600,1000,0.05,0.03523840326097,1.1848700300537265,2.3751715230706205,0.1551521176295049,24,2
Zebrafish,subject_15,Hb,64,600,1000,0.05,-0.0037277973061824,-0.1253449332961901,0.1723815779247597,0.4072328082142511,2,5
Zebrafish,subject_15,Hi,64,600,1000,0.05,-0.0522191420202036,-1.7558371165866251,1.4953594585521972,4.785165405825024,16,40
Zebrafish,subject_15,HR,64,600,1000,0.05,-0.0723341109571144,-2.432190800160177,1.8649079268039377,6.42195691710215,20,43
Zebrafish,subject_15,OG,64,600,1000,0.05,-0.0016607061634667,-0.0558402418873712,0.0693756098930951,0.1740000981915028,1,2
Zebrafish,subject_15,OB,64,600,1000,0.05,-0.0002007244722855,-0.0067492391680804,0.1489973163864704,0.161642958140463,2,2
Zebrafish,subject_15,P,64,600,1000,0.05,-0.0131066346061864,-0.4407026738619555,1.8229475900669136,2.6486655702566613,18,33
Zebrafish,subject_15,PT,64,600,1000,0.05,-0.0129495242828261,-0.4354199341139865,2.720495690385605,3.5363157202036524,25,33
Zebrafish,subject_15,PO,64,600,1000,0.05,-0.0019871230771198,-0.0668158134938906,1.7931023745793908,1.9182911284379436,18,24
Zebrafish,subject_15,PrT,64,600,1000,0.05,-0.0126257563683573,-0.4245334335053736,3.070873870124456,3.866296521330968,28,39
Zebrafish,subject_15,SP,64,600,1000,0.05,0.0122789865696054,0.4128735084280094,2.612343726475457,1.8387675725903128,25,27
Zebrafish,subject_15,TeO,64,600,1000,0.05,-0.0074048059129265,-0.2489821272438038,0.6827176475862391,1.1492204201006135,8,13
Zebrafish,subject_15,Th,64,600,1000,0.05,0.0058765098606213,0.1975940953850624,2.2889934025464536,1.9187732813273095,21,21
Zebrafish,subject_15,TL,64,600,1000,0.05,-0.0015704119720996,-0.0528041542290712,0.15752664392445,0.2564625981667294,2,3
Zebrafish,subject_15,TS,64,600,1000,0.05,-0.0024230962428547,-0.0814751479183591,0.4758969430133133,0.6285520063131598,6,7
Zebrafish,subject_15,TG,64,600,1000,0.05,-0.0206901763860144,-0.6956946866961686,0.0744421399882986,1.3779232523072085,1,17
Zebrafish,subject_15,VR,64,600,1000,0.05,0.0088029555243713,0.2959940636208132,2.579651286633136,2.0250650885977435,25,20
Zebrafish,subject_15,NX,64,600,1000,0.05,0.0484913838655357,1.6304934997364708,3.802274278036437,0.7473170945076819,37,7
Zebrafish,subject_15,rMON,64,600,1000,0.05,-0.0002771632662974,-0.0093194474572401,0.2152076292856288,0.2326689150623684,3,3
Zebrafish,subject_15,rCb,64,600,1000,0.05,0.0112188209915064,0.3772260810720893,2.5622555550166366,1.8554698325517276,26,20
Zebrafish,subject_15,rMOS1,64,600,1000,0.05,0.0364705244237786,1.2262993601058008,3.4229478053671034,1.125304766669048,31,11
Zebrafish,subject_15,rMOS2,64,600,1000,0.05,0.0526474342135925,1.7702381829543137,3.8320001011727687,0.5152117457164351,34,5
Zebrafish,subject_15,rMOS3,64,600,1000,0.05,0.0244379113948416,0.8217100132039082,2.7554413718606443,1.215852953985618,25,13
Zebrafish,subject_15,rMOS4,64,600,1000,0.05,0.0240731459219702,0.8094449944514132,2.1645341401646707,0.6479259470805472,21,7
Zebrafish,subject_15,rMOS5,64,600,1000,0.05,0.0376512855480966,1.2660017398786818,2.532979964714106,0.1609489751840156,26,2
Zebrafish,subject_15,rIPN,64,600,1000,0.05,0.012963037201179,0.4358742978334879,1.90003465596516,1.0833633122908783,19,12
Zebrafish,subject_15,rIO,64,600,1000,0.05,-0.0174453858782064,-0.5865905653195093,0.4957933310559599,1.5948526413829636,6,16
Zebrafish,subject_15,rHc,64,600,1000,0.05,-0.078119773168732,-2.626730198208126,1.2723510580499735,6.1938967676800925,14,44
Zebrafish,subject_15,rRa,64,600,1000,0.05,0.0176502990489653,0.5934806469443047,2.7341057488271288,1.6221369087423123,28,17
Zebrafish,subject_15,rT,64,600,1000,0.05,-0.0023750878867185,-0.0798608959343343,2.22986095968723,2.3794914965504983,20,26
Zebrafish,subject_15,raRF,64,600,1000,0.05,-0.0263735112445196,-0.88679338928866,2.307917522422563,3.969448730827298,23,35
Zebrafish,subject_15,rimRF,64,600,1000,0.05,0.009307427529144,0.3129566301431847,2.4159530073905486,1.8295850730544725,23,16
Zebrafish,subject_15,rpRF,64,600,1000,0.05,0.0150497248855075,0.506037911120173,1.3967674036703013,0.4486347358833282,15,4
Zebrafish,subject_15,rHb,64,600,1000,0.05,-0.0003365647247512,-0.0113167856266833,0.243071463691376,0.2642750413507038,3,3
Zebrafish,subject_15,rHi,64,600,1000,0.05,-0.0240901567404074,-0.8100169729489536,2.338741245243966,3.8564211198896334,22,37
Zebrafish,subject_15,rHR,64,600,1000,0.05,-0.0607973780774069,-2.0442751238264205,1.2324129219542883,5.062647740830928,13,42
Zebrafish,subject_15,rOG,64,600,1000,0.05,-0.0212885394400445,-0.7158142830513453,0.145976431804915,1.4871544165277195,2,17
Zebrafish,subject_15,rOB,64,600,1000,0.05,-0.0012734950040603,-0.0428205004795311,0.0,0.0802301852558033,0,1
Zebrafish,subject_15,rP,64,600,1000,0.05,-0.0223920240910138,-0.7529182880732209,1.0119611765227132,2.422658694256589,11,29
Zebrafish,subject_15,rPT,64,600,1000,0.05,-0.026677817857763,-0.897025515395767,0.8637701494079044,2.5444726744469777,9,27
Zebrafish,subject_15,rPO,64,600,1000,0.05,0.0031339413468345,0.1053768852779797,1.8321915913124145,1.63475328646184,19,20
Zebrafish,subject_15,rPrT,64,600,1000,0.05,-0.0205587067274973,-0.6912740988197937,1.5827933992230945,2.8779919230554296,16,31
Zebrafish,subject_15,rSP,64,600,1000,0.05,0.0050992391263324,0.1714588363190884,1.5860369180155378,1.2647848530565915,17,19
Zebrafish,subject_15,rTeO,64,600,1000,0.05,-0.003456430874629,-0.1162204009066555,0.2679492834697319,0.4857044285713616,3,6
Zebrafish,subject_15,rTh,64,600,1000,0.05,-0.0002485965712925,-0.0083589095884191,0.3408285014516465,0.3564900854430797,4,4
Zebrafish,subject_15,rTL,64,600,1000,0.05,0.0050494988265819,0.1697863487769069,0.4033120491549389,0.0851936230802787,5,1
Zebrafish,subject_15,rTS,64,600,1000,0.05,-0.0630089299869757,-2.118637221284409,0.1608049056557314,4.130367494835205,2,39
Zebrafish,subject_15,rTG,64,600,1000,0.05,0.0024204673153273,0.0813867518177973,0.1524894408656258,0.0,2,0
Zebrafish,subject_15,rVR,64,600,1000,0.05,0.0126003440877332,0.4236789609152324,1.553482403777671,0.7596607262504791,17,7
Zebrafish,subject_15,rNX,64,600,1000,0.05,0.0382881882335881,1.2874172080686213,3.35518689562168,0.9430310369056274,32,9
Zebrafish,subject_16,MON,65,517,1000,0.05,0.0,0.0,0.0,0.0,0,0
Zebrafish,subject_16,Cb,65,517,1000,0.05,0.0,0.0,0.0,0.0,0,0
Zebrafish,subject_16,MOS1,65,517,1000,0.05,0.0,0.0,0.0,0.0,0,0
Zebrafish,subject_16,MOS2,65,517,1000,0.05,0.0,0.0,0.0,0.0,0,0
Zebrafish,subject_16,MOS3,65,517,1000,0.05,0.0,0.0,0.0,0.0,0,0
Zebrafish,subject_16,MOS4,65,517,1000,0.05,0.0,0.0,0.0,0.0,0,0
Zebrafish,subject_16,MOS5,65,517,1000,0.05,0.0,0.0,0.0,0.0,0,0
Zebrafish,subject_16,IPN,65,517,1000,0.05,0.0,0.0,0.0,0.0,0,0
Zebrafish,subject_16,IO,65,517,1000,0.05,0.0,0.0,0.0,0.0,0,0
Zebrafish,subject_16,Hc,65,517,1000,0.05,0.0,0.0,0.0,0.0,0,0
Zebrafish,subject_16,Ra,65,517,1000,0.05,0.0,0.0,0.0,0.0,0,0
Zebrafish,subject_16,T,65,517,1000,0.05,0.0,0.0,0.0,0.0,0,0
Zebrafish,subject_16,aRF,65,517,1000,0.05,0.0,0.0,0.0,0.0,0,0
Zebrafish,subject_16,imRF,65,517,1000,0.05,0.0,0.0,0.0,0.0,0,0
Zebrafish,subject_16,pRF,65,517,1000,0.05,0.0,0.0,0.0,0.0,0,0
Zebrafish,subject_16,Hb,65,517,1000,0.05,0.0,0.0,0.0,0.0,0,0
Zebrafish,subject_16,Hi,65,517,1000,0.05,0.0,0.0,0.0,0.0,0,0
Zebrafish,subject_16,HR,65,517,1000,0.05,0.0,0.0,0.0,0.0,0,0
Zebrafish,subject_16,OG,65,517,1000,0.05,0.0,0.0,0.0,0.0,0,0
Zebrafish,subject_16,OB,65,517,1000,0.05,0.0,0.0,0.0,0.0,0,0
Zebrafish,subject_16,OE,65,517,1000,0.05,0.0,0.0,0.0,0.0,0,0
Zebrafish,subject_16,P,65,517,1000,0.05,0.0,0.0,0.0,0.0,0,0
Zebrafish,subject_16,PT,65,517,1000,0.05,0.0,0.0,0.0,0.0,0,0
Zebrafish,subject_16,PO,65,517,1000,0.05,0.0,0.0,0.0,0.0,0,0
Zebrafish,subject_16,PrT,65,517,1000,0.05,0.0,0.0,0.0,0.0,0,0
Zebrafish,subject_16,SP,65,517,1000,0.05,0.0,0.0,0.0,0.0,0,0
Zebrafish,subject_16,TeO,65,517,1000,0.05,0.0,0.0,0.0,0.0,0,0
Zebrafish,subject_16,Th,65,517,1000,0.05,0.0,0.0,0.0,0.0,0,0
Zebrafish,subject_16,TL,65,517,1000,0.05,0.0,0.0,0.0,0.0,0,0
Zebrafish,subject_16,TS,65,517,1000,0.05,0.0,0.0,0.0,0.0,0,0
Zebrafish,subject_16,TG,65,517,1000,0.05,0.0,0.0,0.0,0.0,0,0
Zebrafish,subject_16,VR,65,517,1000,0.05,0.0,0.0,0.0,0.0,0,0
Zebrafish,subject_16,NX,65,517,1000,0.05,0.0,0.0,0.0,0.0,0,0
Zebrafish,subject_16,rMON,65,517,1000,0.05,0.0,0.0,0.0,0.0,0,0
Zebrafish,subject_16,rCb,65,517,1000,0.05,0.0,0.0,0.0,0.0,0,0
Zebrafish,subject_16,rMOS1,65,517,1000,0.05,0.0,0.0,0.0,0.0,0,0
Zebrafish,subject_16,rMOS2,65,517,1000,0.05,0.0,0.0,0.0,0.0,0,0
Zebrafish,subject_16,rMOS3,65,517,1000,0.05,0.0,0.0,0.0,0.0,0,0
Zebrafish,subject_16,rMOS4,65,517,1000,0.05,0.0,0.0,0.0,0.0,0,0
Zebrafish,subject_16,rMOS5,65,517,1000,0.05,0.0,0.0,0.0,0.0,0,0
Zebrafish,subject_16,rIPN,65,517,1000,0.05,0.0,0.0,0.0,0.0,0,0
Zebrafish,subject_16,rIO,65,517,1000,0.05,0.0,0.0,0.0,0.0,0,0
Zebrafish,subject_16,rRa,65,517,1000,0.05,0.0,0.0,0.0,0.0,0,0
Zebrafish,subject_16,rT,65,517,1000,0.05,0.0,0.0,0.0,0.0,0,0
Zebrafish,subject_16,raRF,65,517,1000,0.05,0.0,0.0,0.0,0.0,0,0
Zebrafish,subject_16,rimRF,65,517,1000,0.05,0.0,0.0,0.0,0.0,0,0
Zebrafish,subject_16,rpRF,65,517,1000,0.05,0.0,0.0,0.0,0.0,0,0
Zebrafish,subject_16,rHb,65,517,1000,0.05,0.0,0.0,0.0,0.0,0,0
Zebrafish,subject_16,rHi,65,517,1000,0.05,0.0,0.0,0.0,0.0,0,0
Zebrafish,subject_16,rHR,65,517,1000,0.05,0.0,0.0,0.0,0.0,0,0
Zebrafish,subject_16,rOG,65,517,1000,0.05,0.0,0.0,0.0,0.0,0,0
Zebrafish,subject_16,rOB,65,517,1000,0.05,0.0,0.0,0.0,0.0,0,0
Zebrafish,subject_16,rOE,65,517,1000,0.05,0.0,0.0,0.0,0.0,0,0
Zebrafish,subject_16,rP,65,517,1000,0.05,0.0,0.0,0.0,0.0,0,0
Zebrafish,subject_16,rPT,65,517,1000,0.05,0.0,0.0,0.0,0.0,0,0
Zebrafish,subject_16,rPO,65,517,1000,0.05,0.0,0.0,0.0,0.0,0,0
Zebrafish,subject_16,rPrT,65,517,1000,0.05,0.0,0.0,0.0,0.0,0,0
Zebrafish,subject_16,rSP,65,517,1000,0.05,0.0,0.0,0.0,0.0,0,0
Zebrafish,subject_16,rTeO,65,517,1000,0.05,0.0,0.0,0.0,0.0,0,0
Zebrafish,subject_16,rTh,65,517,1000,0.05,0.0,0.0,0.0,0.0,0,0
Zebrafish,subject_16,rTL,65,517,1000,0.05,0.0,0.0,0.0,0.0,0,0
Zebrafish,subject_16,rTS,65,517,1000,0.05,0.0,0.0,0.0,0.0,0,0
Zebrafish,subject_16,rTG,65,517,1000,0.05,0.0,0.0,0.0,0.0,0,0
Zebrafish,subject_16,rVR,65,517,1000,0.05,0.0,0.0,0.0,0.0,0,0
Zebrafish,subject_16,rNX,65,517,1000,0.05,0.0,0.0,0.0,0.0,0,0
Zebrafish,subject_13,MON,66,1200,1000,0.05,-0.0071899183318201,-0.8220421071974089,1.044268015709203,1.511612707277513,18,25
Zebrafish,subject_13,Cb,66,1200,1000,0.05,0.0092217950031121,1.054351864186168,0.6430155772409738,0.0435989020386813,13,1
Zebrafish,subject_13,MOS1,66,1200,1000,0.05,0.0035021205587468,0.4004065736088584,0.7981679827837875,0.5705301464652424,15,13
Zebrafish,subject_13,MOS2,66,1200,1000,0.05,0.0080576056540942,0.9212470608383928,0.953319347546394,0.4295749800302673,19,9
Zebrafish,subject_13,MOS3,66,1200,1000,0.05,0.0076490085811282,0.8745310922620693,0.9040065497344284,0.4068209919610903,18,9
Zebrafish,subject_13,MOS4,66,1200,1000,0.05,0.0105465783437396,1.2058177972677349,1.1079533687678378,0.4224257764247618,21,7
Zebrafish,subject_13,MOS5,66,1200,1000,0.05,0.015423446081128,1.763402799815459,1.1010185712264482,0.0984945759531221,22,2
Zebrafish,subject_13,IPN,66,1200,1000,0.05,-0.0005396394082067,-0.0616983803954723,0.1885037695144569,0.2235803310478941,4,5
Zebrafish,subject_13,IO,66,1200,1000,0.05,-0.0001267720725986,-0.014494181558586,0.0323166007737283,0.0405567854926429,1,1
Zebrafish,subject_13,Hc,66,1200,1000,0.05,0.0001514807664101,0.0173191909383158,0.1381676626743204,0.1283214128576597,3,3
Zebrafish,subject_13,Ra,66,1200,1000,0.05,-0.0012939328120822,-0.1479387117247923,0.3474372707953281,0.4315429035806728,8,10
Zebrafish,subject_13,T,66,1200,1000,0.05,0.0076036413198346,0.8693441350046381,0.5396866774147235,0.0454499916254698,10,1
Zebrafish,subject_13,aRF,66,1200,1000,0.05,0.002154233017379,0.2462990770233398,0.346141254262156,0.2061161081325186,8,5
Zebrafish,subject_13,imRF,66,1200,1000,0.05,0.0014339359565677,0.1639456362259818,0.5563407364639761,0.4631348992870707,13,10
Zebrafish,subject_13,pRF,66,1200,1000,0.05,0.0015915429026605,0.1819652492585328,0.4363652990364128,0.3329150103634779,9,7
Zebrafish,subject_13,Hb,66,1200,1000,0.05,-0.0086004634647573,-0.9833134095771712,0.3079350494422077,0.8669651746514373,7,19
Zebrafish,subject_13,Hi,66,1200,1000,0.05,-0.0235859846073899,-2.6966471094917424,0.6484447224534287,2.181533721933777,14,37
Zebrafish,subject_13,HR,66,1200,1000,0.05,-0.0228179528456173,-2.608836035887758,0.3536791438600719,1.8368460788252008,8,34
Zebrafish,subject_13,OG,66,1200,1000,0.05,-0.0011862268523622,-0.1356244085575272,0.0374711794854305,0.1145759248889781,1,3
Zebrafish,subject_13,OB,66,1200,1000,0.05,0.0018839298616924,0.2153946125457267,0.122455441010012,0.0,3,0
Zebrafish,subject_13,OE,66,1200,1000,0.05,-0.0005981518258657,-0.0683882576499574,0.0397529109834979,0.0786327796647725,1,2
Zebrafish,subject_13,P,66,1200,1000,0.05,0.0031424146712297,0.3592804617256077,0.2803149849265862,0.0760580312966525,6,2
Zebrafish,subject_13,PT,66,1200,1000,0.05,0.0075698102827047,0.8654761443311043,0.6689171186713407,0.1768794502955315,13,4
Zebrafish,subject_13,PO,66,1200,1000,0.05,0.00363232421704,0.4152930973061338,0.4241939185313415,0.1880928444237413,8,4
Zebrafish,subject_13,PrT,66,1200,1000,0.05,0.0117452506584586,1.3428651279821766,0.9813332433405884,0.2178919505407788,21,5
Zebrafish,subject_13,SP,66,1200,1000,0.05,0.0029402342085735,0.3361646423399415,0.3611337625908346,0.1700185390335535,8,5
Zebrafish,subject_13,TeO,66,1200,1000,0.05,0.0021949297962219,0.2509520458461026,0.2278842332830026,0.0852137965285764,5,2
Zebrafish,subject_13,Th,66,1200,1000,0.05,0.0009008114375145,0.1029921200919286,0.3179817732946501,0.259429029856205,7,6
Zebrafish,subject_13,TL,66,1200,1000,0.05,0.0006672803609211,0.0762919032828883,0.0433732234598762,0.0,1,0
Zebrafish,subject_13,TS,66,1200,1000,0.05,-7.12921683877573e-05,-0.0081510194724713,0.0378967887278438,0.042530779673048,1,1
Zebrafish,subject_13,TG,66,1200,1000,0.05,0.0,9.015248067344796e-18,0.0,0.0,0,0
Zebrafish,subject_13,VR,66,1200,1000,0.05,-0.0010319431817472,-0.1179847542742147,0.051730402857677,0.1188067096712455,1,3
Zebrafish,subject_13,NX,66,1200,1000,0.05,0.0063543780689936,0.7265126106713562,0.7362241589049545,0.3231895844203705,14,7
Zebrafish,subject_13,rMON,66,1200,1000,0.05,-0.0090147139437713,-1.0306757468055467,1.0807887946960455,1.6667452010411803,19,29
Zebrafish,subject_13,rCb,66,1200,1000,0.05,0.0049587385666847,0.5669455079007321,0.3647659805177552,0.0424479736832488,8,1
Zebrafish,subject_13,rMOS1,66,1200,1000,0.05,0.0080058042794111,0.9153244746232276,0.9993477944521696,0.4789705162904432,19,10
Zebrafish,subject_13,rMOS2,66,1200,1000,0.05,0.0089058985262681,1.018234596437541,0.9165922367632549,0.3377088325558248,17,7
Zebrafish,subject_13,rMOS3,66,1200,1000,0.05,0.0094513720170695,1.080600002705676,1.0020009160311305,0.387661734921612,19,8
Zebrafish,subject_13,rMOS4,66,1200,1000,0.05,0.0077721903378141,0.8886147836422885,1.027558800493927,0.5223664285360066,18,9
Zebrafish,subject_13,rMOS5,66,1200,1000,0.05,0.0112934055994555,1.2912045044135068,0.912634570470768,0.1785632065061597,17,4
Zebrafish,subject_13,rIPN,66,1200,1000,0.05,-3.7802113939473696e-05,-0.00432201423788,0.2256901187057556,0.2281472561118214,5,5
Zebrafish,subject_13,rIO,66,1200,1000,0.05,-0.0074944973166404,-0.8568654165779398,0.0438945308619072,0.5310368564435364,1,12
Zebrafish,subject_13,rHc,66,1200,1000,0.05,-0.0233256012282655,-2.6668767989296147,0.084450440353323,1.600614520190584,2,30
Zebrafish,subject_13,rRa,66,1200,1000,0.05,-0.0061516171563366,-0.7033304269238595,0.1306520071085173,0.5305071222704028,3,12
Zebrafish,subject_13,rT,66,1200,1000,0.05,0.0063694832230412,0.7282396223131861,0.6895932862879048,0.2755768767902244,12,6
Zebrafish,subject_13,raRF,66,1200,1000,0.05,-0.0157552939762207,-1.8013438347982509,0.384400889686872,1.4084949981412214,8,27
Zebrafish,subject_13,rimRF,66,1200,1000,0.05,-0.0023751032845566,-0.2715517504847908,0.6267785415447462,0.7811602550409296,13,15
Zebrafish,subject_13,rpRF,66,1200,1000,0.05,0.0050941946668994,0.5824325569761621,0.558010511321668,0.2268878579732063,12,5
Zebrafish,subject_13,rHb,66,1200,1000,0.05,-0.0114521526999557,-1.3093544742718766,0.164413616806192,0.9088035423033144,4,23
Zebrafish,subject_13,rHi,66,1200,1000,0.05,-0.0254408897764289,-2.908723253258203,0.3021553770357958,1.9558132125036805,6,35
Zebrafish,subject_13,rHR,66,1200,1000,0.05,-0.022773330054176,-2.6037341958093925,0.2879393563088217,1.7682058098302649,6,34
Zebrafish,subject_13,rOG,66,1200,1000,0.05,-0.0005849181796755,-0.0668752203805401,0.0,0.0380196816789104,0,1
Zebrafish,subject_13,rOB,66,1200,1000,0.05,0.0,9.015248067344796e-18,0.0,0.0,0,0
Zebrafish,subject_13,rOE,66,1200,1000,0.05,-0.0006115832458999,-0.0699239069185601,0.0,0.0397529109834979,0,1
Zebrafish,subject_13,rP,66,1200,1000,0.05,0.0027613334717412,0.3157104546986248,0.2252081533253398,0.0457214776621581,5,1
Zebrafish,subject_13,rPT,66,1200,1000,0.05,0.0037540735981072,0.4292130214476315,0.4125916237132041,0.1685768398362328,8,4
Zebrafish,subject_13,rPO,66,1200,1000,0.05,-0.0005310328025384,-0.0607143647317505,0.3375938119628858,0.3721109441278831,7,9
Zebrafish,subject_13,rPrT,66,1200,1000,0.05,0.0044937638164792,0.5137837325074232,0.4581798259954501,0.1660851779242964,9,4
Zebrafish,subject_13,rSP,66,1200,1000,0.05,0.0009371027566504,0.10714140122123,0.1799833520349025,0.1190716728526246,4,3
Zebrafish,subject_13,rTeO,66,1200,1000,0.05,0.001806674517368,0.2065618076222506,0.1610140195545044,0.0435801759255785,4,1
Zebrafish,subject_13,rTh,66,1200,1000,0.05,0.0063781450255862,0.7292299487797204,0.4534512742392436,0.038871847576138,10,1
Zebrafish,subject_13,rTL,66,1200,1000,0.05,-9.37691950673238e-05,-0.0107208765309903,0.0372782257805002,0.0433732234598762,1,1
Zebrafish,subject_13,rTS,66,1200,1000,0.05,-0.0011588530907379,-0.1324946950268473,0.0395589307173795,0.1148843816153459,1,3
Zebrafish,subject_13,rTG,66,1200,1000,0.05,0.0006239505460406,0.0713378925855466,0.0405567854926429,0.0,1,0
Zebrafish,subject_13,rVR,66,1200,1000,0.05,-0.0036647888532582,-0.4190048638011941,0.2562493416396081,0.4944606171013963,6,11
Zebrafish,subject_13,rNX,66,1200,1000,0.05,0.0065353417915356,0.7472026648471334,0.979229578267987,0.5544323618181681,19,11
Zebrafish,subject_17,MON,65,800,1000,0.05,0.0057011701956407,0.8345237188084496,0.4255423050407318,0.0606674125197264,6,1
Zebrafish,subject_17,Cb,65,800,1000,0.05,0.003155664898257,0.4619187142001874,0.2019625534884532,0.0,3,0
Zebrafish,subject_17,MOS1,65,800,1000,0.05,0.0148934924513768,2.1800739637753974,1.087201239677888,0.1340177227897681,14,2
Zebrafish,subject_17,MOS2,65,800,1000,0.05,0.0092478767625354,1.3536821813974955,0.6678107950598307,0.0759466822575638,8,1
Zebrafish,subject_17,MOS3,65,800,1000,0.05,0.0106515252705942,1.5591449079340376,0.6816976173180338,0.0,9,0
Zebrafish,subject_17,MOS4,65,800,1000,0.05,0.0023839565075194,0.3489578773939978,0.462375394029082,0.3098021775478394,6,4
Zebrafish,subject_17,MOS5,65,800,1000,0.05,0.0047921178301014,0.7014587979854326,0.3792721883141259,0.0725766471876356,5,1
Zebrafish,subject_17,IPN,65,800,1000,0.05,-0.0021963789771627,-0.3215007251206145,0.0,0.1405682545384134,0,2
Zebrafish,subject_17,IO,65,800,1000,0.05,-0.0001374031599889,-0.0201127474036219,0.0628527219723413,0.0716465242116317,1,1
Zebrafish,subject_17,Hc,65,800,1000,0.05,0.0,0.0,0.0,0.0,0,0
Zebrafish,subject_17,Ra,65,800,1000,0.05,-0.0009219274625296,-0.1349495468649865,0.0738999352219362,0.1329032928238338,1,2
Zebrafish,subject_17,T,65,800,1000,0.05,0.0036087331778245,0.5282377702122154,0.230958923380772,0.0,3,0
Zebrafish,subject_17,aRF,65,800,1000,0.05,-0.0047598913097371,-0.6967415566655369,0.125457653980674,0.4300906978038519,2,5
Zebrafish,subject_17,imRF,65,800,1000,0.05,-0.0065174470728485,-0.9540083845470184,0.1301322807784806,0.5472488934407869,2,8
Zebrafish,subject_17,pRF,65,800,1000,0.05,0.0078628771944134,1.150949242285979,0.5697358051444636,0.0665116647020012,8,1
Zebrafish,subject_17,Hb,65,800,1000,0.05,0.0020305952485061,0.2972336976492764,0.1299580959043949,0.0,2,0
Zebrafish,subject_17,Hi,65,800,1000,0.05,-0.0282349912046367,-4.132970785301962,0.0,1.807039437096752,0,23
Zebrafish,subject_17,HR,65,800,1000,0.05,-0.0100832511598143,-1.475962296653072,0.0,0.6453280742281202,0,9
Zebrafish,subject_17,OG,65,800,1000,0.05,-0.0012782822810287,-0.1871119167196109,0.0,0.0818100659858394,0,1
Zebrafish,subject_17,OB,65,800,1000,0.05,0.0,0.0,0.0,0.0,0,0
Zebrafish,subject_17,OE,65,800,1000,0.05,0.0,0.0,0.0,0.0,0,0
Zebrafish,subject_17,P,65,800,1000,0.05,0.0020586044093161,0.3013336119191154,0.196555911397033,0.0648052292007963,3,1
Zebrafish,subject_17,PT,65,800,1000,0.05,-0.0114005209366865,-1.6687811101854015,0.3613966937504713,1.091030033698409,5,15
Zebrafish,subject_17,PO,65,800,1000,0.05,-0.0085373592245805,-1.249678315926838,0.0686325216307275,0.6150235120038814,1,9
Zebrafish,subject_17,PrT,65,800,1000,0.05,-0.0041802673309172,-0.6118975787247968,0.5036645399631983,0.7712016491419016,7,10
Zebrafish,subject_17,SP,65,800,1000,0.05,0.0014668051248797,0.2147074417315091,0.3096034388676854,0.2157279108753811,4,4
Zebrafish,subject_17,TeO,65,800,1000,0.05,0.0,0.0,0.0,0.0,0,0
Zebrafish,subject_17,Th,65,800,1000,0.05,0.0026646003664725,0.3900378572573285,0.2308754538716613,0.0603410304174167,3,1
Zebrafish,subject_17,TL,65,800,1000,0.05,-0.0009983933873336,-0.1461424468731962,0.0,0.0638971767893559,0,1
Zebrafish,subject_17,TS,65,800,1000,0.05,0.0,0.0,0.0,0.0,0,0
Zebrafish,subject_17,TG,65,800,1000,0.05,0.0,0.0,0.0,0.0,0,0
Zebrafish,subject_17,VR,65,800,1000,0.05,-0.0148577339959648,-2.1748397262127157,0.057390358803381,1.0082853345451332,1,12
Zebrafish,subject_17,NX,65,800,1000,0.05,0.0013606183462171,0.1991640739005458,0.0870795741579004,0.0,1,0
Zebrafish,subject_17,rMON,65,800,1000,0.05,0.0045375087773712,0.6641897310684164,0.2904005617517629,0.0,4,0
Zebrafish,subject_17,rCb,65,800,1000,0.05,0.0105606240536948,1.5458390042391883,0.6758799394364692,0.0,9,0
Zebrafish,subject_17,rMOS1,65,800,1000,0.05,0.0141576976577327,2.0723700738018422,1.0332989266160857,0.1272062765211901,15,2
Zebrafish,subject_17,rMOS2,65,800,1000,0.05,0.001930947731678,0.2826475313957195,0.4552670827416407,0.3316864279142462,6,5
Zebrafish,subject_17,rMOS3,65,800,1000,0.05,0.0032268361513411,0.4723365927685869,0.4131847390793184,0.2066672253934856,6,3
Zebrafish,subject_17,rMOS4,65,800,1000,0.05,0.004710536200477,0.6895170732860687,0.4623653230806868,0.1608910062501545,7,2
Zebrafish,subject_17,rMOS5,65,800,1000,0.05,0.0083205179268665,1.217937603064428,0.6022279466736702,0.0697147993542142,8,1
Zebrafish,subject_17,rIPN,65,800,1000,0.05,0.0,0.0,0.0,0.0,0,0
Zebrafish,subject_17,rIO,65,800,1000,0.05,-0.0033327771722307,-0.4878439871618975,0.0,0.2132977390227699,0,3
Zebrafish,subject_17,rRa,65,800,1000,0.05,-0.00674948694061,-0.9879738279053392,0.2652501327429619,0.6972172969420067,4,10
Zebrafish,subject_17,rT,65,800,1000,0.05,0.0074989641901999,1.0976805232024416,0.6811489964271322,0.201215288254335,9,3
Zebrafish,subject_17,raRF,65,800,1000,0.05,-0.0060544404437409,-0.8862345765924262,0.0606349299646167,0.4481191183640396,1,6
Zebrafish,subject_17,rimRF,65,800,1000,0.05,-0.0009253761327929,-0.1354543550068798,0.4369116483289001,0.4961357208276493,6,7
Zebrafish,subject_17,rpRF,65,800,1000,0.05,0.0021874995945547,0.3202009822361865,0.42082645992362,0.2808264858721143,6,4
Zebrafish,subject_17,rHb,65,800,1000,0.05,0.0009742974982506,0.142615348001293,0.121551553651332,0.0591965137632906,2,1
Zebrafish,subject_17,rHi,65,800,1000,0.05,-0.0191241656890865,-2.799349839120512,0.1293081752850149,1.3532547793865557,2,19
Zebrafish,subject_17,rHR,65,800,1000,0.05,-0.0057587045564176,-0.8429454615502323,0.1244372244363871,0.4929943160471142,2,7
Zebrafish,subject_17,rOG,65,800,1000,0.05,0.0,0.0,0.0,0.0,0,0
Zebrafish,subject_17,rOB,65,800,1000,0.05,0.0,0.0,0.0,0.0,0,0
Zebrafish,subject_17,rOE,65,800,1000,0.05,0.000967557640542,0.1416287836774355,0.0619236889946881,0.0,1,0
Zebrafish,subject_17,rP,65,800,1000,0.05,0.0018952178047521,0.2774174697649019,0.121293939504135,0.0,2,0
Zebrafish,subject_17,rPT,65,800,1000,0.05,0.0031884358125562,0.4667156426080849,0.4241892555498907,0.2201293635462882,6,3
Zebrafish,subject_17,rPO,65,800,1000,0.05,0.0020331187998842,0.2976030890914449,0.2633973701955892,0.1332777670029989,4,2
Zebrafish,subject_17,rPrT,65,800,1000,0.05,-0.0010959965217314,-0.1604293612942475,0.3977888407668986,0.4679326181577101,6,7
Zebrafish,subject_17,rSP,65,800,1000,0.05,0.0004496618157339,0.0658204259468341,0.1457826634950954,0.1170043072881217,2,2
Zebrafish,subject_17,rTeO,65,800,1000,0.05,0.002052209267958,0.3003975063538706,0.1313413931493121,0.0,2,0
Zebrafish,subject_17,rTh,65,800,1000,0.05,-0.0021985893393035,-0.3218242726679456,0.229331794330752,0.3700415120461815,3,6
Zebrafish,subject_17,rTL,65,800,1000,0.05,-0.0021358205682255,-0.3126363294093557,0.0,0.1366925163664327,0,2
Zebrafish,subject_17,rTS,65,800,1000,0.05,-0.0011698741692534,-0.1712433954365712,0.0,0.0748719468322178,0,1
Zebrafish,subject_17,rTG,65,800,1000,0.05,0.0,0.0,0.0,0.0,0,0
Zebrafish,subject_17,rVR,65,800,1000,0.05,0.0023564557615572,0.3449323836790631,0.2839429877093704,0.1331298189697043,4,2
Zebrafish,subject_17,rNX,65,800,1000,0.05,-0.0002776454321833,-0.0406410772919951,0.2079072501627044,0.2256765578224406,3,3
Zebrafish,subject_18,MON,65,1000,1000,0.05,0.0019940989131641,0.7105355378722557,0.1276223304425032,0.0,2,0
Zebrafish,subject_18,Cb,65,1000,1000,0.05,0.0,0.0,0.0,0.0,0,0
Zebrafish,subject_18,MOS1,65,1000,1000,0.05,-0.0021537938482487,-0.7674378940426357,0.2460423189796863,0.3838851252676059,4,6
Zebrafish,subject_18,MOS2,65,1000,1000,0.05,-0.0010450521706807,-0.3723720530096369,0.1994525410821181,0.2663358800056854,3,4
Zebrafish,subject_18,MOS3,65,1000,1000,0.05,0.0019207411545398,0.6843967670534487,0.3096675894202754,0.1867401555297281,5,3
Zebrafish,subject_18,MOS4,65,1000,1000,0.05,-0.0028648395601342,-1.02079706494988,0.0567406966056935,0.2400904284542826,1,4
Zebrafish,subject_18,MOS5,65,1000,1000,0.05,0.0041457709568418,1.477217392411465,0.265329341237881,0.0,5,0
Zebrafish,subject_18,IPN,65,1000,1000,0.05,0.0,0.0,0.0,0.0,0,0
Zebrafish,subject_18,IO,65,1000,1000,0.05,0.0,0.0,0.0,0.0,0,0
Zebrafish,subject_18,Hc,65,1000,1000,0.05,0.0,0.0,0.0,0.0,0,0
Zebrafish,subject_18,Ra,65,1000,1000,0.05,6.799473296032615e-05,0.0242278223198999,0.0548658481376902,0.0505141852282293,1,1
Zebrafish,subject_18,T,65,1000,1000,0.05,0.0022902489817037,0.8160594649209872,0.2818257221581377,0.1352497873291005,5,2
Zebrafish,subject_18,aRF,65,1000,1000,0.05,-0.0018614709874065,-0.6632776742111632,0.0525007527251761,0.1716348959191944,1,3
Zebrafish,subject_18,imRF,65,1000,1000,0.05,-0.004709468859648,-1.6780737240225607,0.1228247240852042,0.4242307311026776,2,7
Zebrafish,subject_18,pRF,65,1000,1000,0.05,0.0019591077493331,0.6980675177307737,0.286665007306794,0.1612821113494749,4,3
Zebrafish,subject_18,Hb,65,1000,1000,0.05,0.0,0.0,0.0,0.0,0,0
Zebrafish,subject_18,Hi,65,1000,1000,0.05,-0.0009370147235476,-0.3338762466570709,0.0,0.0599689423070519,0,1
Zebrafish,subject_18,HR,65,1000,1000,0.05,-0.002307165967674,-0.8220873102030022,0.0,0.1476586219311366,0,3
Zebrafish,subject_18,OG,65,1000,1000,0.05,-0.0043402743064881,-1.5465226516674055,0.0,0.2777775556152386,0,5
Zebrafish,subject_18,OB,65,1000,1000,0.05,0.0007550486896243,0.26903827250511,0.0483231161359594,0.0,1,0
Zebrafish,subject_18,OE,65,1000,1000,0.05,0.0,0.0,0.0,0.0,0,0
Zebrafish,subject_18,P,65,1000,1000,0.05,0.0,0.0,0.0,0.0,0,0
Zebrafish,subject_18,PT,65,1000,1000,0.05,-7.955308440303621e-05,-0.0283462837487922,0.165130861954923,0.1702222593567173,3,3
Zebrafish,subject_18,PO,65,1000,1000,0.05,-0.0034878696588943,-1.242794591457094,0.0,0.2232236581692395,0,4
Zebrafish,subject_18,PrT,65,1000,1000,0.05,0.000876850976677,0.3124387542834966,0.1113657262387599,0.055247263731426,2,1
Zebrafish,subject_18,SP,65,1000,1000,0.05,0.0,0.0,0.0,0.0,0,0
Zebrafish,subject_18,TeO,65,1000,1000,0.05,0.0,0.0,0.0,0.0,0,0
Zebrafish,subject_18,Th,65,1000,1000,0.05,0.0009338249429474,0.3327396668918934,0.1083062379430841,0.0485414415944456,2,1
Zebrafish,subject_18,TL,65,1000,1000,0.05,0.0007693608196028,0.2741379578342632,0.0492390924545809,0.0,1,0
Zebrafish,subject_18,TS,65,1000,1000,0.05,0.0008214047485929,0.2926822039766505,0.0525699039099487,0.0,1,0
Zebrafish,subject_18,TG,65,1000,1000,0.05,0.0,0.0,0.0,0.0,0,0
Zebrafish,subject_18,VR,65,1000,1000,0.05,0.0,0.0,0.0,0.0,0,0
Zebrafish,subject_18,NX,65,1000,1000,0.05,-0.0007550486896243,-0.26903827250511,0.0,0.0483231161359594,0,1
Zebrafish,subject_18,rMON,65,1000,1000,0.05,0.004656554804878,1.6592194354420065,0.2980195075121967,0.0,5,0
Zebrafish,subject_18,rCb,65,1000,1000,0.05,0.0032055534015322,1.142199915610945,0.2572903774825628,0.0521349597845013,4,1
Zebrafish,subject_18,rMOS1,65,1000,1000,0.05,0.0057810037046311,2.059882059809118,0.5807626811837645,0.210778444087369,7,4
Zebrafish,subject_18,rMOS2,65,1000,1000,0.05,0.0020986138471199,0.7477762054859572,0.5999796538541888,0.4656683676385125,10,7
Zebrafish,subject_18,rMOS3,65,1000,1000,0.05,-0.000690233722873,-0.2459434616314796,0.2299956284636346,0.2741705867275081,3,4
Zebrafish,subject_18,rMOS4,65,1000,1000,0.05,0.0009413933301369,0.3354364278333909,0.5362751269971255,0.4760259538683602,8,7
Zebrafish,subject_18,rMOS5,65,1000,1000,0.05,0.0021845784701786,0.7784070429433185,0.3103103038294006,0.1704972817379646,5,3
Zebrafish,subject_18,rIPN,65,1000,1000,0.05,0.0008236862782163,0.2934951565676267,0.052715921805845,0.0,1,0
Zebrafish,subject_18,rIO,65,1000,1000,0.05,-0.0007931847159358,-0.2826268672276096,0.0,0.0507638218198964,0,1
Zebrafish,subject_18,rHc,65,1000,1000,0.05,-8.884695240828772e-05,-0.0316578664684011,0.0521455029422828,0.0578317078964132,1,1
Zebrafish,subject_18,rRa,65,1000,1000,0.05,-0.0009920878990565,-0.3534998712045739,0.0484097298411989,0.1119033553808175,1,2
Zebrafish,subject_18,rT,65,1000,1000,0.05,0.0064241335933978,2.289041525480477,0.4657527567656667,0.0546082067882065,8,1
Zebrafish,subject_18,raRF,65,1000,1000,0.05,-0.0092693581827552,-3.3028494016197207,0.0501524612454953,0.6433913849418342,1,11
Zebrafish,subject_18,rimRF,65,1000,1000,0.05,-0.005561064597705,-1.981513554311608,0.224741306183962,0.580649440437087,4,8
Zebrafish,subject_18,rpRF,65,1000,1000,0.05,0.0009292319921588,0.3311031107825406,0.2914532179830029,0.2319823704848342,5,3
Zebrafish,subject_18,rHb,65,1000,1000,0.05,-0.0017666902497392,-0.6295054866964056,0.0,0.113068175983312,0,2
Zebrafish,subject_18,rHi,65,1000,1000,0.05,-0.0037950147848048,-1.3522362674958128,0.0617753698927447,0.3046563161202571,1,5
Zebrafish,subject_18,rHR,65,1000,1000,0.05,0.0017396000913304,0.6198527457270451,0.1113344058451475,0.0,2,0
Zebrafish,subject_18,rOG,65,1000,1000,0.05,-0.0015711755122419,-0.5598398506276302,0.0,0.1005552327834817,0,2
Zebrafish,subject_18,rOB,65,1000,1000,0.05,0.0,0.0,0.0,0.0,0,0
Zebrafish,subject_18,rP,65,1000,1000,0.05,0.0009430039715229,0.3360103301287788,0.060352254177467,0.0,1,0
Zebrafish,subject_18,rPT,65,1000,1000,0.05,0.0037787845432214,1.3464531223583645,0.2418422107661748,0.0,4,0
Zebrafish,subject_18,rPO,65,1000,1000,0.05,0.0009373469854159,0.3339946379082427,0.0599902070666216,0.0,1,0
Zebrafish,subject_18,rPrT,65,1000,1000,0.05,0.0010967366771699,0.390788230048571,0.3459854464103413,0.2757942990714643,5,4
Zebrafish,subject_18,rSP,65,1000,1000,0.05,0.0009571484190069,0.3410502669817678,0.061257498816444,0.0,1,0
Zebrafish,subject_18,rTeO,65,1000,1000,0.05,0.0014387818636741,0.5126654644048723,0.2274626557579164,0.1353806164827733,4,2
Zebrafish,subject_18,rTh,65,1000,1000,0.05,0.0061931529501551,2.206738709656726,0.4509077494651596,0.0545459606552283,8,1
Zebrafish,subject_18,rTL,65,1000,1000,0.05,-0.0035828546665632,-1.276639564275793,0.0,0.2293026986600503,0,4
Zebrafish,subject_18,rTS,65,1000,1000,0.05,0.0007773617326132,0.2769888359887104,0.0497511508872494,0.0,1,0
Zebrafish,subject_18,rTG,65,1000,1000,0.05,-0.0007678601132611,-0.2736032274953292,0.0531780075484875,0.1023210547971982,1,2
Zebrafish,subject_18,rVR,65,1000,1000,0.05,0.0,0.0,0.0,0.0,0,0
Zebrafish,subject_18,rNX,65,1000,1000,0.05,-0.0080211960682536,-2.8581053954299875,0.0,0.5133565483682334,0,8
