ratio_L2_to_L3_over_L3_to_L2,log2_ratio,trial,layer,node,global_node_idx,FCV,PostDCA,PreDCA
0.2,-2.321928094887362,0,2,L2_000,0,-2.0270687894461177,-0.6436045175116654,1.3180709166481601
0.2,-2.321928094887362,0,2,L2_001,1,0.39652564434675597,-1.3114188536168572,1.0240679434706472
0.2,-2.321928094887362,0,2,L2_002,2,1.10339772300666,-1.8503555466768324,0.5204860226682876
0.2,-2.321928094887362,0,2,L2_003,3,1.0297339213492824,-1.8286759148006935,0.8171471765667275
0.2,-2.321928094887362,0,2,L2_004,4,0.2580419025849513,-0.5086474794479974,-0.35803736128584784
0.2,-2.321928094887362,0,2,L2_005,5,1.2527544705887796,-0.3644296023852296,0.8315759061648493
0.2,-2.321928094887362,0,2,L2_006,6,-1.893097174635706,-1.4690842805659863,-0.8419800037554516
0.2,-2.321928094887362,0,2,L2_007,7,-0.5452445261273359,-1.5732722971926179,0.13027391001338026
0.2,-2.321928094887362,0,2,L2_008,8,0.5593800755277647,-0.41374445680156346,0.4792273794127908
0.2,-2.321928094887362,0,2,L2_009,9,1.8503568166520985,-1.3544491192068646,0.6569492576952469
0.2,-2.321928094887362,0,2,L2_010,10,-0.2630650630466576,-1.6051973032522913,0.6499609342827654
0.2,-2.321928094887362,0,2,L2_011,11,-0.5818478532662882,-1.5383199755725063,0.8378868043093651
0.2,-2.321928094887362,0,2,L2_012,12,1.2403307901261102,-1.0740098299435505,-1.3874530155006604
0.2,-2.321928094887362,0,2,L2_013,13,-1.0376057766735307,-1.4793096485913646,-0.7578574737341324
0.2,-2.321928094887362,0,2,L2_014,14,1.3890505520410659,-1.15751187646631,0.12125699209704772
0.2,-2.321928094887362,0,2,L2_015,15,-0.9289995785397451,-0.9027058717852051,0.27055895391111423
0.2,-2.321928094887362,0,2,L2_016,16,0.25683884052207373,-0.6837136306413448,-0.4811825106777553
0.2,-2.321928094887362,0,2,L2_017,17,-0.06725686799354526,-1.7335746858805785,1.1780335016464618
0.2,-2.321928094887362,0,2,L2_018,18,0.593193209634496,-0.6602878292877538,1.7746641454955514
0.2,-2.321928094887362,0,2,L2_019,19,-0.8872601612054157,-0.8624140143626721,0.14832710757893175
0.2,-2.321928094887362,0,2,L2_020,20,-0.8976695738534913,-1.4228050441017777,-1.1176384105384112
0.2,-2.321928094887362,0,2,L2_021,21,-0.8060184426156577,-1.3736523160572252,1.154261041590113
0.2,-2.321928094887362,0,2,L2_022,22,2.458789753348466,-0.7032795774355344,-1.2900937351703008
0.2,-2.321928094887362,0,2,L2_023,23,-0.4773796127737207,0.34536633163852287,-0.03845998458125918
0.2,-2.321928094887362,0,2,L2_024,24,-0.9612953720622268,0.6261194843170685,0.12682938038814437
0.2,-2.321928094887362,0,2,L2_025,25,-0.7179122571144735,-1.3392732161981462,0.8924489807127715
0.2,-2.321928094887362,0,2,L2_026,26,-0.3456606758535451,-0.9924934338507428,0.3345777398165237
0.2,-2.321928094887362,0,2,L2_027,27,-0.7178049379756233,-0.5705383492371926,-1.460634198217792
0.2,-2.321928094887362,0,2,L2_028,28,-0.8325267434579299,-1.061685007426923,0.21565473818978725
0.2,-2.321928094887362,0,2,L2_029,29,-0.810164061328758,0.03803981051733201,0.5473530391051578
0.2,-2.321928094887362,0,2,L2_030,30,1.872998357086751,-0.6023137990151491,-0.1776694015255718
0.2,-2.321928094887362,0,2,L2_031,31,-0.2573667754073397,0.28827850494012935,-0.3502470612541241
0.2,-2.321928094887362,0,2,L2_032,32,0.9437330408645931,-0.45941702854634064,1.1514204381066113
0.2,-2.321928094887362,0,2,L2_033,33,0.9880781119710312,-0.10118503407990828,0.987607845313007
0.2,-2.321928094887362,0,2,L2_034,34,0.19735285779449005,-0.6648714800827695,-1.343727196255169
0.2,-2.321928094887362,0,2,L2_035,35,1.4721296790402603,0.074879706060542,0.6687592884798252
0.2,-2.321928094887362,0,2,L2_036,36,-1.6283308198910815,-0.39388302284077775,0.9680885053178412
0.2,-2.321928094887362,0,2,L2_037,37,-1.7939850622101514,0.33971885639392224,0.14995468698456815
0.2,-2.321928094887362,0,2,L2_038,38,-1.1709639491140929,-0.036790460648333925,1.4562302150997972
0.2,-2.321928094887362,0,2,L2_039,39,0.5294377542959069,-1.1302815717085903,1.5566031611157105
0.2,-2.321928094887362,0,2,L2_040,40,1.601850566837673,0.909786927186188,-1.259636991464696
0.2,-2.321928094887362,0,2,L2_041,41,0.9799067828737422,0.23994732252421716,-1.719247896815123
0.2,-2.321928094887362,0,2,L2_042,42,0.8750193219188296,0.6381953369780138,-0.8859125461595925
0.2,-2.321928094887362,0,2,L2_043,43,0.013737439465001625,-0.22303081073973813,-1.1555231001142823
0.2,-2.321928094887362,0,2,L2_044,44,-1.251403505181334,-0.07794751116651882,-0.7468532356273193
0.2,-2.321928094887362,0,2,L2_045,45,-1.2342506613048752,0.16298904074310114,1.6468181167618245
0.2,-2.321928094887362,0,2,L2_046,46,-0.0010911023627051585,0.33213106265072184,1.0694272970812397
0.2,-2.321928094887362,0,2,L2_047,47,-0.007105229596434904,1.1047431561729153,0.9841590207916543
0.2,-2.321928094887362,0,2,L2_048,48,0.026932497143590386,0.08623139453045325,-1.0851210997831575
0.2,-2.321928094887362,0,2,L2_049,49,-0.2593801343004742,0.6803410154852905,-1.407278480145055
0.2,-2.321928094887362,0,2,L2_050,50,-0.4393762057384685,0.13631074337197546,-0.09441180631506679
0.2,-2.321928094887362,0,2,L2_051,51,0.2393370905535898,0.5170080598936737,-0.8617573262668934
0.2,-2.321928094887362,0,2,L2_052,52,-0.5951476764803798,0.6845203176940793,-0.2251940930609465
0.2,-2.321928094887362,0,2,L2_053,53,-0.764296214462998,0.04845260295712063,-1.4075819780181211
0.2,-2.321928094887362,0,2,L2_054,54,-0.9666786838913666,0.9269283488316707,-0.8233313008397164
0.2,-2.321928094887362,0,2,L2_055,55,1.0727418474344832,0.5545491499485025,-1.347654459495812
0.2,-2.321928094887362,0,2,L2_056,56,0.7646438954230461,0.6923295698094217,-1.3617497769324254
0.2,-2.321928094887362,0,2,L2_057,57,1.56401029562439,0.8998311376201511,-0.8075231283003468
0.2,-2.321928094887362,0,2,L2_058,58,-2.1683280954874133,1.4025763007100074,-0.5422303543748236
0.2,-2.321928094887362,0,2,L2_059,59,-0.7066535244690012,1.1064426568339534,-0.8582190713514711
0.2,-2.321928094887362,0,2,L2_060,60,-0.23555426020279704,0.38774351777469945,0.9019864994741044
0.2,-2.321928094887362,0,2,L2_061,61,-1.2544265006200457,0.04111515736222047,-1.069531647336535
0.2,-2.321928094887362,0,2,L2_062,62,-0.012480357141817233,0.36824409461090263,-1.5475394880735391
0.2,-2.321928094887362,0,2,L2_063,63,0.5716682085754171,0.3685323017413629,-1.0261001042210194
0.2,-2.321928094887362,0,2,L2_064,64,0.4602212408076874,0.7097719754946354,1.1833195874037232
0.2,-2.321928094887362,0,2,L2_065,65,0.181422684940882,1.108208512350049,0.8016178947120951
0.2,-2.321928094887362,0,2,L2_066,66,0.4330258119026633,1.5741321003238045,0.7122327131825202
0.2,-2.321928094887362,0,2,L2_067,67,1.550493093266412,1.4787881723764795,-0.9568271267399231
0.2,-2.321928094887362,0,2,L2_068,68,0.7705371480721153,0.8792759033175698,-1.3317396609923189
0.2,-2.321928094887362,0,2,L2_069,69,1.0954126657254633,1.129736484171076,-1.1891369599880448
0.2,-2.321928094887362,0,2,L2_070,70,-0.45206028091013883,1.2680343896308508,0.28942524329381
0.2,-2.321928094887362,0,2,L2_071,71,-0.13742660785464086,0.8324111258324361,1.4223670306895515
0.2,-2.321928094887362,0,2,L2_072,72,-0.9381307194219322,1.334671082450379,1.533886349742071
0.2,-2.321928094887362,0,2,L2_073,73,-0.876512893666532,1.3798135224200963,-0.2032249276750468
0.2,-2.321928094887362,0,2,L2_074,74,-0.3921198565647946,1.2899153830129835,-1.1068909119756836
0.2,-2.321928094887362,0,2,L2_075,75,0.6399827614506661,0.909815238663675,1.1205708639706653
0.2,-2.321928094887362,0,2,L2_076,76,0.062072980450328996,1.8367454793089826,1.5319934153002595
0.2,-2.321928094887362,0,2,L2_077,77,-0.9265046369960925,1.633580667078401,1.3394579909451896
0.2,-2.321928094887362,0,2,L2_078,78,0.7957933352270966,1.0361436915213504,-0.19827246264988024
0.2,-2.321928094887362,0,2,L2_079,79,1.1765180527720338,1.765778759874626,-0.6820677483165787
0.2,-2.321928094887362,0,3,L3_000,80,0.8974175254644452,,
0.2,-2.321928094887362,0,3,L3_001,81,-0.9359592125232834,,
0.2,-2.321928094887362,0,3,L3_002,82,-1.249978805811067,,
0.2,-2.321928094887362,0,3,L3_003,83,-0.017475381867179736,,
0.2,-2.321928094887362,0,3,L3_004,84,-0.33500939724581213,,
0.2,-2.321928094887362,0,3,L3_005,85,0.5825126861342866,,
0.2,-2.321928094887362,0,3,L3_006,86,0.3817815087865928,,
0.2,-2.321928094887362,0,3,L3_007,87,0.067766902023445,,
0.2,-2.321928094887362,0,3,L3_008,88,-0.9357235174513667,,
0.2,-2.321928094887362,0,3,L3_009,89,-1.1170124681283522,,
0.2,-2.321928094887362,0,3,L3_010,90,3.110253629018542,,
0.2,-2.321928094887362,0,3,L3_011,91,0.3171725866512595,,
0.2,-2.321928094887362,0,3,L3_012,92,1.0927319077564186,,
0.2,-2.321928094887362,0,3,L3_013,93,1.5730630204109273,,
0.2,-2.321928094887362,0,3,L3_014,94,-0.16513966679886655,,
0.2,-2.321928094887362,0,3,L3_015,95,-0.9142804741732019,,
0.2,-2.321928094887362,0,3,L3_016,96,0.43635183909891906,,
0.2,-2.321928094887362,0,3,L3_017,97,0.483544098445789,,
0.2,-2.321928094887362,0,3,L3_018,98,-1.3895523165642287,,
0.2,-2.321928094887362,0,3,L3_019,99,-0.6419453300254874,,
0.2,-2.321928094887362,0,3,L3_020,100,0.1829374501345635,,
0.2,-2.321928094887362,0,3,L3_021,101,-0.9991321831649833,,
0.2,-2.321928094887362,0,3,L3_022,102,0.3196790683742273,,
0.2,-2.321928094887362,0,3,L3_023,103,-1.1489075122836307,,
0.2,-2.321928094887362,0,3,L3_024,104,-1.1810456690151387,,
0.2,-2.321928094887362,0,3,L3_025,105,0.6749967415678458,,
0.2,-2.321928094887362,0,3,L3_026,106,-1.3195368099489606,,
0.2,-2.321928094887362,0,3,L3_027,107,1.0334883178318741,,
0.2,-2.321928094887362,0,3,L3_028,108,-2.05911410392363,,
0.2,-2.321928094887362,0,3,L3_029,109,0.4668995055619344,,
0.2,-2.321928094887362,0,3,L3_030,110,1.5472098315526643,,
0.2,-2.321928094887362,0,3,L3_031,111,-2.3398034054604038,,
0.2,-2.321928094887362,0,3,L3_032,112,-0.32301507595750784,,
0.2,-2.321928094887362,0,3,L3_033,113,0.2058846537992589,,
0.2,-2.321928094887362,0,3,L3_034,114,-0.17160163736757084,,
0.2,-2.321928094887362,0,3,L3_035,115,1.0184052341041279,,
0.2,-2.321928094887362,0,3,L3_036,116,-0.23415261552603256,,
0.2,-2.321928094887362,0,3,L3_037,117,0.47853709418636786,,
0.2,-2.321928094887362,0,3,L3_038,118,-0.38302973086878034,,
0.2,-2.321928094887362,0,3,L3_039,119,-0.40596082248779075,,
0.2,-2.321928094887362,0,3,L3_040,120,-1.377607315176102,,
0.2,-2.321928094887362,0,3,L3_041,121,-0.04835389344052827,,
0.2,-2.321928094887362,0,3,L3_042,122,1.3259697433833606,,
0.2,-2.321928094887362,0,3,L3_043,123,0.11738552586519507,,
0.2,-2.321928094887362,0,3,L3_044,124,1.3131256585091535,,
0.2,-2.321928094887362,0,3,L3_045,125,0.5502516007060271,,
0.2,-2.321928094887362,0,3,L3_046,126,0.997057662121754,,
0.2,-2.321928094887362,0,3,L3_047,127,-0.3445443675699485,,
0.2,-2.321928094887362,0,3,L3_048,128,1.2333956407805289,,
0.2,-2.321928094887362,0,3,L3_049,129,0.15044116895231616,,
0.2,-2.321928094887362,0,3,L3_050,130,0.606588601172283,,
0.2,-2.321928094887362,0,3,L3_051,131,1.7878201787061236,,
0.2,-2.321928094887362,0,3,L3_052,132,-0.4109676204507457,,
0.2,-2.321928094887362,0,3,L3_053,133,-1.4645359102525783,,
0.2,-2.321928094887362,0,3,L3_054,134,0.2839069138913885,,
0.2,-2.321928094887362,0,3,L3_055,135,-0.18187606340496762,,
0.2,-2.321928094887362,0,3,L3_056,136,0.7433780402467811,,
0.2,-2.321928094887362,0,3,L3_057,137,0.01292821179237948,,
0.2,-2.321928094887362,0,3,L3_058,138,-0.6484109129440527,,
0.2,-2.321928094887362,0,3,L3_059,139,-0.5928706761336253,,
0.2,-2.321928094887362,0,3,L3_060,140,-1.2766889418059508,,
0.2,-2.321928094887362,0,3,L3_061,141,0.0686064996395534,,
0.2,-2.321928094887362,0,3,L3_062,142,0.10684007821156882,,
0.2,-2.321928094887362,0,3,L3_063,143,1.4776207282150713,,
0.2,-2.321928094887362,0,3,L3_064,144,0.354614586229426,,
0.2,-2.321928094887362,0,3,L3_065,145,1.0141130951933193,,
0.2,-2.321928094887362,0,3,L3_066,146,0.6407459624958906,,
0.2,-2.321928094887362,0,3,L3_067,147,-0.8325098817025739,,
0.2,-2.321928094887362,0,3,L3_068,148,-0.005782805315514204,,
0.2,-2.321928094887362,0,3,L3_069,149,-1.0330294211110045,,
0.2,-2.321928094887362,0,3,L3_070,150,-0.726181484687785,,
0.2,-2.321928094887362,0,3,L3_071,151,-2.725827176892309,,
0.2,-2.321928094887362,0,3,L3_072,152,1.1204694576856935,,
0.2,-2.321928094887362,0,3,L3_073,153,-0.3953985084011255,,
0.2,-2.321928094887362,0,3,L3_074,154,1.061695482134565,,
0.2,-2.321928094887362,0,3,L3_075,155,1.3429476064061117,,
0.2,-2.321928094887362,0,3,L3_076,156,-0.26291004973613763,,
0.2,-2.321928094887362,0,3,L3_077,157,-0.18828061384814015,,
0.2,-2.321928094887362,0,3,L3_078,158,0.24762497963526173,,
0.2,-2.321928094887362,0,3,L3_079,159,-0.645009243410918,,
0.2,-2.321928094887362,1,2,L2_000,0,-0.7656742965713235,-0.6436045175116654,1.3180709166481601
0.2,-2.321928094887362,1,2,L2_001,1,0.2449281795355974,-1.3114188536168572,1.0240679434706472
0.2,-2.321928094887362,1,2,L2_002,2,1.6609963283320515,-1.8503555466768324,0.5204860226682876
0.2,-2.321928094887362,1,2,L2_003,3,-1.4885887655115952,-1.8286759148006935,0.8171471765667275
0.2,-2.321928094887362,1,2,L2_004,4,-0.7788090576097513,-0.5086474794479974,-0.35803736128584784
0.2,-2.321928094887362,1,2,L2_005,5,-0.28659663884456976,-0.3644296023852296,0.8315759061648493
0.2,-2.321928094887362,1,2,L2_006,6,0.779543899217325,-1.4690842805659863,-0.8419800037554516
0.2,-2.321928094887362,1,2,L2_007,7,-0.6253034896249955,-1.5732722971926179,0.13027391001338026
0.2,-2.321928094887362,1,2,L2_008,8,0.22704254845473315,-0.41374445680156346,0.4792273794127908
0.2,-2.321928094887362,1,2,L2_009,9,0.23925981676630845,-1.3544491192068646,0.6569492576952469
0.2,-2.321928094887362,1,2,L2_010,10,-0.646055108142461,-1.6051973032522913,0.6499609342827654
0.2,-2.321928094887362,1,2,L2_011,11,-0.2021377111487331,-1.5383199755725063,0.8378868043093651
0.2,-2.321928094887362,1,2,L2_012,12,1.361517400413733,-1.0740098299435505,-1.3874530155006604
0.2,-2.321928094887362,1,2,L2_013,13,-1.0637324826634136,-1.4793096485913646,-0.7578574737341324
0.2,-2.321928094887362,1,2,L2_014,14,1.7268773219410058,-1.15751187646631,0.12125699209704772
0.2,-2.321928094887362,1,2,L2_015,15,-1.5580490924497143,-0.9027058717852051,0.27055895391111423
0.2,-2.321928094887362,1,2,L2_016,16,1.3885973702463938,-0.6837136306413448,-0.4811825106777553
0.2,-2.321928094887362,1,2,L2_017,17,0.10707275459835248,-1.7335746858805785,1.1780335016464618
0.2,-2.321928094887362,1,2,L2_018,18,2.281083294542302,-0.6602878292877538,1.7746641454955514
0.2,-2.321928094887362,1,2,L2_019,19,-0.7160617052643674,-0.8624140143626721,0.14832710757893175
0.2,-2.321928094887362,1,2,L2_020,20,-0.31987183290470267,-1.4228050441017777,-1.1176384105384112
0.2,-2.321928094887362,1,2,L2_021,21,-2.017694747555971,-1.3736523160572252,1.154261041590113
0.2,-2.321928094887362,1,2,L2_022,22,-0.2653141125343656,-0.7032795774355344,-1.2900937351703008
0.2,-2.321928094887362,1,2,L2_023,23,-0.8397654986640886,0.34536633163852287,-0.03845998458125918
0.2,-2.321928094887362,1,2,L2_024,24,0.9957916524797435,0.6261194843170685,0.12682938038814437
0.2,-2.321928094887362,1,2,L2_025,25,0.4998315157437365,-1.3392732161981462,0.8924489807127715
0.2,-2.321928094887362,1,2,L2_026,26,-0.8838717393997413,-0.9924934338507428,0.3345777398165237
0.2,-2.321928094887362,1,2,L2_027,27,0.526826314704111,-0.5705383492371926,-1.460634198217792
0.2,-2.321928094887362,1,2,L2_028,28,-0.8036967629816156,-1.061685007426923,0.21565473818978725
0.2,-2.321928094887362,1,2,L2_029,29,1.2302240540773957,0.03803981051733201,0.5473530391051578
0.2,-2.321928094887362,1,2,L2_030,30,1.1533971189307684,-0.6023137990151491,-0.1776694015255718
0.2,-2.321928094887362,1,2,L2_031,31,-0.366950770037884,0.28827850494012935,-0.3502470612541241
0.2,-2.321928094887362,1,2,L2_032,32,-0.5807318748911598,-0.45941702854634064,1.1514204381066113
0.2,-2.321928094887362,1,2,L2_033,33,-0.7436092707949348,-0.10118503407990828,0.987607845313007
0.2,-2.321928094887362,1,2,L2_034,34,0.022636730091371255,-0.6648714800827695,-1.343727196255169
0.2,-2.321928094887362,1,2,L2_035,35,-0.38195419348382625,0.074879706060542,0.6687592884798252
0.2,-2.321928094887362,1,2,L2_036,36,-2.660414350701366,-0.39388302284077775,0.9680885053178412
0.2,-2.321928094887362,1,2,L2_037,37,-0.4927090839094699,0.33971885639392224,0.14995468698456815
0.2,-2.321928094887362,1,2,L2_038,38,0.8870701083977651,-0.036790460648333925,1.4562302150997972
0.2,-2.321928094887362,1,2,L2_039,39,-0.6787501591948737,-1.1302815717085903,1.5566031611157105
0.2,-2.321928094887362,1,2,L2_040,40,0.8982378251702017,0.909786927186188,-1.259636991464696
0.2,-2.321928094887362,1,2,L2_041,41,-0.1645401246495362,0.23994732252421716,-1.719247896815123
0.2,-2.321928094887362,1,2,L2_042,42,0.04305249363346914,0.6381953369780138,-0.8859125461595925
0.2,-2.321928094887362,1,2,L2_043,43,0.6177300285951554,-0.22303081073973813,-1.1555231001142823
0.2,-2.321928094887362,1,2,L2_044,44,1.538960690956043,-0.07794751116651882,-0.7468532356273193
0.2,-2.321928094887362,1,2,L2_045,45,1.1219860310542569,0.16298904074310114,1.6468181167618245
0.2,-2.321928094887362,1,2,L2_046,46,1.1780864319684556,0.33213106265072184,1.0694272970812397
0.2,-2.321928094887362,1,2,L2_047,47,1.4062507996544522,1.1047431561729153,0.9841590207916543
0.2,-2.321928094887362,1,2,L2_048,48,2.036212528697736,0.08623139453045325,-1.0851210997831575
0.2,-2.321928094887362,1,2,L2_049,49,1.1967793917914034,0.6803410154852905,-1.407278480145055
0.2,-2.321928094887362,1,2,L2_050,50,0.5428431631616623,0.13631074337197546,-0.09441180631506679
0.2,-2.321928094887362,1,2,L2_051,51,0.6903084708234392,0.5170080598936737,-0.8617573262668934
0.2,-2.321928094887362,1,2,L2_052,52,0.44534737311239625,0.6845203176940793,-0.2251940930609465
0.2,-2.321928094887362,1,2,L2_053,53,0.48941266155328167,0.04845260295712063,-1.4075819780181211
0.2,-2.321928094887362,1,2,L2_054,54,-0.6096957376501401,0.9269283488316707,-0.8233313008397164
0.2,-2.321928094887362,1,2,L2_055,55,0.765298804475898,0.5545491499485025,-1.347654459495812
0.2,-2.321928094887362,1,2,L2_056,56,0.6355398643745449,0.6923295698094217,-1.3617497769324254
0.2,-2.321928094887362,1,2,L2_057,57,-1.6109516398654307,0.8998311376201511,-0.8075231283003468
0.2,-2.321928094887362,1,2,L2_058,58,-0.39473368106229634,1.4025763007100074,-0.5422303543748236
0.2,-2.321928094887362,1,2,L2_059,59,0.3960123096582298,1.1064426568339534,-0.8582190713514711
0.2,-2.321928094887362,1,2,L2_060,60,-0.9601226891103679,0.38774351777469945,0.9019864994741044
0.2,-2.321928094887362,1,2,L2_061,61,-1.0708090550460616,0.04111515736222047,-1.069531647336535
0.2,-2.321928094887362,1,2,L2_062,62,-0.304213670101886,0.36824409461090263,-1.5475394880735391
0.2,-2.321928094887362,1,2,L2_063,63,0.32448609988313454,0.3685323017413629,-1.0261001042210194
0.2,-2.321928094887362,1,2,L2_064,64,-0.3708355559877505,0.7097719754946354,1.1833195874037232
0.2,-2.321928094887362,1,2,L2_065,65,-0.4557680234664681,1.108208512350049,0.8016178947120951
0.2,-2.321928094887362,1,2,L2_066,66,0.07536906447366848,1.5741321003238045,0.7122327131825202
0.2,-2.321928094887362,1,2,L2_067,67,0.3041568551032852,1.4787881723764795,-0.9568271267399231
0.2,-2.321928094887362,1,2,L2_068,68,0.3941524757255346,0.8792759033175698,-1.3317396609923189
0.2,-2.321928094887362,1,2,L2_069,69,-1.649114245415291,1.129736484171076,-1.1891369599880448
0.2,-2.321928094887362,1,2,L2_070,70,1.5931390226644446,1.2680343896308508,0.28942524329381
0.2,-2.321928094887362,1,2,L2_071,71,0.047703432809758216,0.8324111258324361,1.4223670306895515
0.2,-2.321928094887362,1,2,L2_072,72,-0.36952153126271214,1.334671082450379,1.533886349742071
0.2,-2.321928094887362,1,2,L2_073,73,-1.1323337731225576,1.3798135224200963,-0.2032249276750468
0.2,-2.321928094887362,1,2,L2_074,74,-0.3093382559783959,1.2899153830129835,-1.1068909119756836
0.2,-2.321928094887362,1,2,L2_075,75,-0.7981502714568927,0.909815238663675,1.1205708639706653
0.2,-2.321928094887362,1,2,L2_076,76,-0.5471114868807596,1.8367454793089826,1.5319934153002595
0.2,-2.321928094887362,1,2,L2_077,77,-0.8975244959377988,1.633580667078401,1.3394579909451896
0.2,-2.321928094887362,1,2,L2_078,78,0.8092218089761133,1.0361436915213504,-0.19827246264988024
0.2,-2.321928094887362,1,2,L2_079,79,-2.071877054910185,1.765778759874626,-0.6820677483165787
0.2,-2.321928094887362,1,3,L3_000,80,-0.5141344345390019,,
0.2,-2.321928094887362,1,3,L3_001,81,-0.299220340867156,,
0.2,-2.321928094887362,1,3,L3_002,82,1.720577506365891,,
0.2,-2.321928094887362,1,3,L3_003,83,-0.2073675053471086,,
0.2,-2.321928094887362,1,3,L3_004,84,-0.5357920490926734,,
0.2,-2.321928094887362,1,3,L3_005,85,1.725313268168154,,
0.2,-2.321928094887362,1,3,L3_006,86,1.5289704213880475,,
0.2,-2.321928094887362,1,3,L3_007,87,0.4479279140769439,,
0.2,-2.321928094887362,1,3,L3_008,88,-0.7373815291145593,,
0.2,-2.321928094887362,1,3,L3_009,89,-0.4001972754309872,,
0.2,-2.321928094887362,1,3,L3_010,90,-1.793796218324066,,
0.2,-2.321928094887362,1,3,L3_011,91,0.30351260673444536,,
0.2,-2.321928094887362,1,3,L3_012,92,0.20904384289046635,,
0.2,-2.321928094887362,1,3,L3_013,93,1.559945993682012,,
0.2,-2.321928094887362,1,3,L3_014,94,0.3378168591162421,,
0.2,-2.321928094887362,1,3,L3_015,95,1.232227146157956,,
0.2,-2.321928094887362,1,3,L3_016,96,-1.8330698986723841,,
0.2,-2.321928094887362,1,3,L3_017,97,-0.38120456567760563,,
0.2,-2.321928094887362,1,3,L3_018,98,-1.3287854065193387,,
0.2,-2.321928094887362,1,3,L3_019,99,-0.992973570675412,,
0.2,-2.321928094887362,1,3,L3_020,100,0.9562081996238339,,
0.2,-2.321928094887362,1,3,L3_021,101,2.3038853036952407,,
0.2,-2.321928094887362,1,3,L3_022,102,-1.3968797775330248,,
0.2,-2.321928094887362,1,3,L3_023,103,0.7941948681506327,,
0.2,-2.321928094887362,1,3,L3_024,104,-1.086733309407642,,
0.2,-2.321928094887362,1,3,L3_025,105,-0.3685549746759198,,
0.2,-2.321928094887362,1,3,L3_026,106,-0.06770926971151602,,
0.2,-2.321928094887362,1,3,L3_027,107,0.2867584416841043,,
0.2,-2.321928094887362,1,3,L3_028,108,-0.07010616482909518,,
0.2,-2.321928094887362,1,3,L3_029,109,-0.41254178057844904,,
0.2,-2.321928094887362,1,3,L3_030,110,-0.30900277208448346,,
0.2,-2.321928094887362,1,3,L3_031,111,-0.17963875023981735,,
0.2,-2.321928094887362,1,3,L3_032,112,0.16285693534726134,,
0.2,-2.321928094887362,1,3,L3_033,113,-0.2058718358252621,,
0.2,-2.321928094887362,1,3,L3_034,114,0.5524188259132299,,
0.2,-2.321928094887362,1,3,L3_035,115,-0.7060125507641785,,
0.2,-2.321928094887362,1,3,L3_036,116,1.046824226839119,,
0.2,-2.321928094887362,1,3,L3_037,117,0.01664453566977832,,
0.2,-2.321928094887362,1,3,L3_038,118,0.9601666566031993,,
0.2,-2.321928094887362,1,3,L3_039,119,-0.5050054803180531,,
0.2,-2.321928094887362,1,3,L3_040,120,-0.23634720316482974,,
0.2,-2.321928094887362,1,3,L3_041,121,0.25980981238733225,,
0.2,-2.321928094887362,1,3,L3_042,122,0.11794791150078121,,
0.2,-2.321928094887362,1,3,L3_043,123,-1.6955109982352035,,
0.2,-2.321928094887362,1,3,L3_044,124,2.0367539325337845,,
0.2,-2.321928094887362,1,3,L3_045,125,-1.304696800124974,,
0.2,-2.321928094887362,1,3,L3_046,126,-0.25106369133259576,,
0.2,-2.321928094887362,1,3,L3_047,127,-1.2136890338670845,,
0.2,-2.321928094887362,1,3,L3_048,128,-0.6923284885060027,,
0.2,-2.321928094887362,1,3,L3_049,129,2.0807718442468786,,
0.2,-2.321928094887362,1,3,L3_050,130,1.1725854204333142,,
0.2,-2.321928094887362,1,3,L3_051,131,-0.8937194529169344,,
0.2,-2.321928094887362,1,3,L3_052,132,0.15703589665876086,,
0.2,-2.321928094887362,1,3,L3_053,133,0.41309726197291446,,
0.2,-2.321928094887362,1,3,L3_054,134,0.006075016659320354,,
0.2,-2.321928094887362,1,3,L3_055,135,-0.9238900807937152,,
0.2,-2.321928094887362,1,3,L3_056,136,1.1919518356407965,,
0.2,-2.321928094887362,1,3,L3_057,137,0.7916024367489564,,
0.2,-2.321928094887362,1,3,L3_058,138,-2.535637881387507,,
0.2,-2.321928094887362,1,3,L3_059,139,-0.23129777736829385,,
0.2,-2.321928094887362,1,3,L3_060,140,1.3741888492694283,,
0.2,-2.321928094887362,1,3,L3_061,141,-0.5233003875659513,,
0.2,-2.321928094887362,1,3,L3_062,142,0.532880732199439,,
0.2,-2.321928094887362,1,3,L3_063,143,0.6328039141162377,,
0.2,-2.321928094887362,1,3,L3_064,144,-0.7288022136520248,,
0.2,-2.321928094887362,1,3,L3_065,145,0.4308220418838247,,
0.2,-2.321928094887362,1,3,L3_066,146,-1.1875425479090485,,
0.2,-2.321928094887362,1,3,L3_067,147,0.10149138862705923,,
0.2,-2.321928094887362,1,3,L3_068,148,0.5187142821057161,,
0.2,-2.321928094887362,1,3,L3_069,149,0.34427555498515033,,
0.2,-2.321928094887362,1,3,L3_070,150,-0.900072905221504,,
0.2,-2.321928094887362,1,3,L3_071,151,-0.8502783769860424,,
0.2,-2.321928094887362,1,3,L3_072,152,-1.7547013025552993,,
0.2,-2.321928094887362,1,3,L3_073,153,0.33744452866693964,,
0.2,-2.321928094887362,1,3,L3_074,154,-1.0806761624939463,,
0.2,-2.321928094887362,1,3,L3_075,155,-0.08857100880944709,,
0.2,-2.321928094887362,1,3,L3_076,156,0.6659416861832513,,
0.2,-2.321928094887362,1,3,L3_077,157,0.23861247856337678,,
0.2,-2.321928094887362,1,3,L3_078,158,2.0125520740023095,,
0.2,-2.321928094887362,1,3,L3_079,159,-0.13854667837369763,,
0.2,-2.321928094887362,2,2,L2_000,0,0.1812378248562379,-0.6436045175116654,1.3180709166481601
0.2,-2.321928094887362,2,2,L2_001,1,0.3508342653024821,-1.3114188536168572,1.0240679434706472
0.2,-2.321928094887362,2,2,L2_002,2,-0.12491572199180992,-1.8503555466768324,0.5204860226682876
0.2,-2.321928094887362,2,2,L2_003,3,0.3076896900933586,-1.8286759148006935,0.8171471765667275
0.2,-2.321928094887362,2,2,L2_004,4,1.4472356798151864,-0.5086474794479974,-0.35803736128584784
0.2,-2.321928094887362,2,2,L2_005,5,-2.0900025535074738,-0.3644296023852296,0.8315759061648493
0.2,-2.321928094887362,2,2,L2_006,6,1.19803654994404,-1.4690842805659863,-0.8419800037554516
0.2,-2.321928094887362,2,2,L2_007,7,-0.4283394235555723,-1.5732722971926179,0.13027391001338026
0.2,-2.321928094887362,2,2,L2_008,8,-1.343866773201255,-0.41374445680156346,0.4792273794127908
0.2,-2.321928094887362,2,2,L2_009,9,2.3543280476365567,-1.3544491192068646,0.6569492576952469
0.2,-2.321928094887362,2,2,L2_010,10,-0.10866655505210608,-1.6051973032522913,0.6499609342827654
0.2,-2.321928094887362,2,2,L2_011,11,0.9416107470172353,-1.5383199755725063,0.8378868043093651
0.2,-2.321928094887362,2,2,L2_012,12,0.019830471226075817,-1.0740098299435505,-1.3874530155006604
0.2,-2.321928094887362,2,2,L2_013,13,-0.7227408706085323,-1.4793096485913646,-0.7578574737341324
0.2,-2.321928094887362,2,2,L2_014,14,-0.5419721279287988,-1.15751187646631,0.12125699209704772
0.2,-2.321928094887362,2,2,L2_015,15,-1.2936943664400482,-0.9027058717852051,0.27055895391111423
0.2,-2.321928094887362,2,2,L2_016,16,-0.8539104711371136,-0.6837136306413448,-0.4811825106777553
0.2,-2.321928094887362,2,2,L2_017,17,-0.8487129116117961,-1.7335746858805785,1.1780335016464618
0.2,-2.321928094887362,2,2,L2_018,18,-0.6782829152161096,-0.6602878292877538,1.7746641454955514
0.2,-2.321928094887362,2,2,L2_019,19,-0.3640488817867495,-0.8624140143626721,0.14832710757893175
0.2,-2.321928094887362,2,2,L2_020,20,-1.9978559350194152,-1.4228050441017777,-1.1176384105384112
0.2,-2.321928094887362,2,2,L2_021,21,0.7553568218907871,-1.3736523160572252,1.154261041590113
0.2,-2.321928094887362,2,2,L2_022,22,-1.7832021932615245,-0.7032795774355344,-1.2900937351703008
0.2,-2.321928094887362,2,2,L2_023,23,0.8635537835884979,0.34536633163852287,-0.03845998458125918
0.2,-2.321928094887362,2,2,L2_024,24,-1.2747309406178067,0.6261194843170685,0.12682938038814437
0.2,-2.321928094887362,2,2,L2_025,25,-0.8273852147466478,-1.3392732161981462,0.8924489807127715
0.2,-2.321928094887362,2,2,L2_026,26,0.515042324909849,-0.9924934338507428,0.3345777398165237
0.2,-2.321928094887362,2,2,L2_027,27,-0.1878763638006032,-0.5705383492371926,-1.460634198217792
0.2,-2.321928094887362,2,2,L2_028,28,0.4711703011492888,-1.061685007426923,0.21565473818978725
0.2,-2.321928094887362,2,2,L2_029,29,0.5493502209113179,0.03803981051733201,0.5473530391051578
0.2,-2.321928094887362,2,2,L2_030,30,1.1483985628535718,-0.6023137990151491,-0.1776694015255718
0.2,-2.321928094887362,2,2,L2_031,31,-0.8933293810071112,0.28827850494012935,-0.3502470612541241
0.2,-2.321928094887362,2,2,L2_032,32,-0.31958955186559473,-0.45941702854634064,1.1514204381066113
0.2,-2.321928094887362,2,2,L2_033,33,0.1359380547736961,-0.10118503407990828,0.987607845313007
0.2,-2.321928094887362,2,2,L2_034,34,0.03882816617014172,-0.6648714800827695,-1.343727196255169
0.2,-2.321928094887362,2,2,L2_035,35,1.2154405819893352,0.074879706060542,0.6687592884798252
0.2,-2.321928094887362,2,2,L2_036,36,-0.9316607338382323,-0.39388302284077775,0.9680885053178412
0.2,-2.321928094887362,2,2,L2_037,37,-0.853781223866225,0.33971885639392224,0.14995468698456815
0.2,-2.321928094887362,2,2,L2_038,38,1.0225250487674715,-0.036790460648333925,1.4562302150997972
0.2,-2.321928094887362,2,2,L2_039,39,0.6428885694057352,-1.1302815717085903,1.5566031611157105
0.2,-2.321928094887362,2,2,L2_040,40,-0.3165875038730026,0.909786927186188,-1.259636991464696
0.2,-2.321928094887362,2,2,L2_041,41,0.2512889147159029,0.23994732252421716,-1.719247896815123
0.2,-2.321928094887362,2,2,L2_042,42,1.834207783437405,0.6381953369780138,-0.8859125461595925
0.2,-2.321928094887362,2,2,L2_043,43,-1.0294912650407793,-0.22303081073973813,-1.1555231001142823
0.2,-2.321928094887362,2,2,L2_044,44,1.8483844895749584,-0.07794751116651882,-0.7468532356273193
0.2,-2.321928094887362,2,2,L2_045,45,0.4977995910980289,0.16298904074310114,1.6468181167618245
0.2,-2.321928094887362,2,2,L2_046,46,0.8611260339934786,0.33213106265072184,1.0694272970812397
0.2,-2.321928094887362,2,2,L2_047,47,-1.1062823904108339,1.1047431561729153,0.9841590207916543
0.2,-2.321928094887362,2,2,L2_048,48,0.35216881171273506,0.08623139453045325,-1.0851210997831575
0.2,-2.321928094887362,2,2,L2_049,49,0.6205842108276886,0.6803410154852905,-1.407278480145055
0.2,-2.321928094887362,2,2,L2_050,50,0.09802093783179726,0.13631074337197546,-0.09441180631506679
0.2,-2.321928094887362,2,2,L2_051,51,0.1659808865038708,0.5170080598936737,-0.8617573262668934
0.2,-2.321928094887362,2,2,L2_052,52,0.4817600967545881,0.6845203176940793,-0.2251940930609465
0.2,-2.321928094887362,2,2,L2_053,53,1.1190112031850348,0.04845260295712063,-1.4075819780181211
0.2,-2.321928094887362,2,2,L2_054,54,0.8223203923657686,0.9269283488316707,-0.8233313008397164
0.2,-2.321928094887362,2,2,L2_055,55,1.1933745128454318,0.5545491499485025,-1.347654459495812
0.2,-2.321928094887362,2,2,L2_056,56,-0.32452388966981016,0.6923295698094217,-1.3617497769324254
0.2,-2.321928094887362,2,2,L2_057,57,-1.803014025015158,0.8998311376201511,-0.8075231283003468
0.2,-2.321928094887362,2,2,L2_058,58,-1.116741218743906,1.4025763007100074,-0.5422303543748236
0.2,-2.321928094887362,2,2,L2_059,59,0.2723136936261196,1.1064426568339534,-0.8582190713514711
0.2,-2.321928094887362,2,2,L2_060,60,0.8768148880482018,0.38774351777469945,0.9019864994741044
0.2,-2.321928094887362,2,2,L2_061,61,-1.1044602582348846,0.04111515736222047,-1.069531647336535
0.2,-2.321928094887362,2,2,L2_062,62,-0.3468378871140502,0.36824409461090263,-1.5475394880735391
0.2,-2.321928094887362,2,2,L2_063,63,0.015445996103646683,0.3685323017413629,-1.0261001042210194
0.2,-2.321928094887362,2,2,L2_064,64,0.7200350680430663,0.7097719754946354,1.1833195874037232
0.2,-2.321928094887362,2,2,L2_065,65,2.601483328510098,1.108208512350049,0.8016178947120951
0.2,-2.321928094887362,2,2,L2_066,66,0.2323029977408218,1.5741321003238045,0.7122327131825202
0.2,-2.321928094887362,2,2,L2_067,67,0.034649493988015374,1.4787881723764795,-0.9568271267399231
0.2,-2.321928094887362,2,2,L2_068,68,-0.09641426814569559,0.8792759033175698,-1.3317396609923189
0.2,-2.321928094887362,2,2,L2_069,69,0.4568901081433662,1.129736484171076,-1.1891369599880448
0.2,-2.321928094887362,2,2,L2_070,70,0.8291978405224004,1.2680343896308508,0.28942524329381
0.2,-2.321928094887362,2,2,L2_071,71,0.6124032772063461,0.8324111258324361,1.4223670306895515
0.2,-2.321928094887362,2,2,L2_072,72,0.20692214043011997,1.334671082450379,1.533886349742071
0.2,-2.321928094887362,2,2,L2_073,73,1.2737360450207154,1.3798135224200963,-0.2032249276750468
0.2,-2.321928094887362,2,2,L2_074,74,-1.1125739176332687,1.2899153830129835,-1.1068909119756836
0.2,-2.321928094887362,2,2,L2_075,75,-1.4479742616178808,0.909815238663675,1.1205708639706653
0.2,-2.321928094887362,2,2,L2_076,76,-0.211604078315829,1.8367454793089826,1.5319934153002595
0.2,-2.321928094887362,2,2,L2_077,77,-0.8635542440882189,1.633580667078401,1.3394579909451896
0.2,-2.321928094887362,2,2,L2_078,78,-1.2599553105823242,1.0361436915213504,-0.19827246264988024
0.2,-2.321928094887362,2,2,L2_079,79,-1.8289388259840609,1.765778759874626,-0.6820677483165787
0.2,-2.321928094887362,2,3,L3_000,80,-0.35734839656374773,,
0.2,-2.321928094887362,2,3,L3_001,81,-1.4159657562501038,,
0.2,-2.321928094887362,2,3,L3_002,82,2.274793979761896,,
0.2,-2.321928094887362,2,3,L3_003,83,1.0068979364885815,,
0.2,-2.321928094887362,2,3,L3_004,84,0.2181314342972033,,
0.2,-2.321928094887362,2,3,L3_005,85,0.04325399673498753,,
0.2,-2.321928094887362,2,3,L3_006,86,0.8398628253772256,,
0.2,-2.321928094887362,2,3,L3_007,87,0.12155776150261755,,
0.2,-2.321928094887362,2,3,L3_008,88,0.5756728921641863,,
0.2,-2.321928094887362,2,3,L3_009,89,-0.5658097679812785,,
0.2,-2.321928094887362,2,3,L3_010,90,1.8617290889043674,,
0.2,-2.321928094887362,2,3,L3_011,91,-0.4725654037808014,,
0.2,-2.321928094887362,2,3,L3_012,92,0.35446645814404915,,
0.2,-2.321928094887362,2,3,L3_013,93,0.7160562870797601,,
0.2,-2.321928094887362,2,3,L3_014,94,1.0691145221153695,,
0.2,-2.321928094887362,2,3,L3_015,95,-1.4266326310448632,,
0.2,-2.321928094887362,2,3,L3_016,96,-0.9235087200904752,,
0.2,-2.321928094887362,2,3,L3_017,97,-0.6420222693515498,,
0.2,-2.321928094887362,2,3,L3_018,98,1.1021059782531597,,
0.2,-2.321928094887362,2,3,L3_019,99,0.6561417942624486,,
0.2,-2.321928094887362,2,3,L3_020,100,-0.7737600732154005,,
0.2,-2.321928094887362,2,3,L3_021,101,0.8385220747258066,,
0.2,-2.321928094887362,2,3,L3_022,102,0.6415779477311847,,
0.2,-2.321928094887362,2,3,L3_023,103,-0.5727637127505363,,
0.2,-2.321928094887362,2,3,L3_024,104,1.2329566906687863,,
0.2,-2.321928094887362,2,3,L3_025,105,0.1611328259162374,,
0.2,-2.321928094887362,2,3,L3_026,106,-0.9069244531773221,,
0.2,-2.321928094887362,2,3,L3_027,107,-1.6118472739744147,,
0.2,-2.321928094887362,2,3,L3_028,108,-0.7734626057318736,,
0.2,-2.321928094887362,2,3,L3_029,109,0.5149302594858169,,
0.2,-2.321928094887362,2,3,L3_030,110,0.3786045030155375,,
0.2,-2.321928094887362,2,3,L3_031,111,-2.708344396281411,,
0.2,-2.321928094887362,2,3,L3_032,112,-1.20781226459103,,
0.2,-2.321928094887362,2,3,L3_033,113,0.09854514787386603,,
0.2,-2.321928094887362,2,3,L3_034,114,-1.4418867515960898,,
0.2,-2.321928094887362,2,3,L3_035,115,-0.23244067772203206,,
0.2,-2.321928094887362,2,3,L3_036,116,1.664533360843362,,
0.2,-2.321928094887362,2,3,L3_037,117,-1.1822433105984902,,
0.2,-2.321928094887362,2,3,L3_038,118,-0.5703353186085282,,
0.2,-2.321928094887362,2,3,L3_039,119,0.09380793233608743,,
0.2,-2.321928094887362,2,3,L3_040,120,0.09071269428838202,,
0.2,-2.321928094887362,2,3,L3_041,121,-1.4444575512609907,,
0.2,-2.321928094887362,2,3,L3_042,122,-2.204728892432242,,
0.2,-2.321928094887362,2,3,L3_043,123,-1.8732426615926778,,
0.2,-2.321928094887362,2,3,L3_044,124,-0.8138930309104856,,
0.2,-2.321928094887362,2,3,L3_045,125,-1.0524361279335213,,
0.2,-2.321928094887362,2,3,L3_046,126,1.438909530628692,,
0.2,-2.321928094887362,2,3,L3_047,127,0.9517105405368191,,
0.2,-2.321928094887362,2,3,L3_048,128,-0.650232240573552,,
0.2,-2.321928094887362,2,3,L3_049,129,-1.0674640036881178,,
0.2,-2.321928094887362,2,3,L3_050,130,-0.22882448752202497,,
0.2,-2.321928094887362,2,3,L3_051,131,-0.5143528581847889,,
0.2,-2.321928094887362,2,3,L3_052,132,-1.2298583513435908,,
0.2,-2.321928094887362,2,3,L3_053,133,1.0700812154894934,,
0.2,-2.321928094887362,2,3,L3_054,134,1.374030999934265,,
0.2,-2.321928094887362,2,3,L3_055,135,0.4007534898776874,,
0.2,-2.321928094887362,2,3,L3_056,136,0.7313736342204109,,
0.2,-2.321928094887362,2,3,L3_057,137,-0.5886992877435804,,
0.2,-2.321928094887362,2,3,L3_058,138,-0.13937315490844288,,
0.2,-2.321928094887362,2,3,L3_059,139,1.6029690866014217,,
0.2,-2.321928094887362,2,3,L3_060,140,-0.164502318178718,,
0.2,-2.321928094887362,2,3,L3_061,141,0.3602667584556878,,
0.2,-2.321928094887362,2,3,L3_062,142,-0.5498618455777515,,
0.2,-2.321928094887362,2,3,L3_063,143,0.7136888162833671,,
0.2,-2.321928094887362,2,3,L3_064,144,0.33864085718149306,,
0.2,-2.321928094887362,2,3,L3_065,145,1.022692022452174,,
0.2,-2.321928094887362,2,3,L3_066,146,-0.32010112386436,,
0.2,-2.321928094887362,2,3,L3_067,147,1.9624181271825887,,
0.2,-2.321928094887362,2,3,L3_068,148,0.3135525352195197,,
0.2,-2.321928094887362,2,3,L3_069,149,-0.6534873952834703,,
0.2,-2.321928094887362,2,3,L3_070,150,-0.6257030053929373,,
0.2,-2.321928094887362,2,3,L3_071,151,-0.42556661821063074,,
0.2,-2.321928094887362,2,3,L3_072,152,-0.25290136381382533,,
0.2,-2.321928094887362,2,3,L3_073,153,0.28528738260089287,,
0.2,-2.321928094887362,2,3,L3_074,154,0.5771058370196138,,
0.2,-2.321928094887362,2,3,L3_075,155,1.6259951790278457,,
0.2,-2.321928094887362,2,3,L3_076,156,0.02735582186744067,,
0.2,-2.321928094887362,2,3,L3_077,157,0.3197323687015796,,
0.2,-2.321928094887362,2,3,L3_078,158,0.07122982729692896,,
0.2,-2.321928094887362,2,3,L3_079,159,0.8424576791771652,,
0.2,-2.321928094887362,3,2,L2_000,0,0.21727925319836436,-0.6436045175116654,1.3180709166481601
0.2,-2.321928094887362,3,2,L2_001,1,-0.23404461988026032,-1.3114188536168572,1.0240679434706472
0.2,-2.321928094887362,3,2,L2_002,2,1.9295951671990663,-1.8503555466768324,0.5204860226682876
0.2,-2.321928094887362,3,2,L2_003,3,0.3920777887959713,-1.8286759148006935,0.8171471765667275
0.2,-2.321928094887362,3,2,L2_004,4,-0.14704135968439414,-0.5086474794479974,-0.35803736128584784
0.2,-2.321928094887362,3,2,L2_005,5,0.7139080159382712,-0.3644296023852296,0.8315759061648493
0.2,-2.321928094887362,3,2,L2_006,6,-0.36803136967325534,-1.4690842805659863,-0.8419800037554516
0.2,-2.321928094887362,3,2,L2_007,7,0.3329534014389179,-1.5732722971926179,0.13027391001338026
0.2,-2.321928094887362,3,2,L2_008,8,-0.12653349561718688,-0.41374445680156346,0.4792273794127908
0.2,-2.321928094887362,3,2,L2_009,9,-0.6859090522072613,-1.3544491192068646,0.6569492576952469
0.2,-2.321928094887362,3,2,L2_010,10,0.7371316807405716,-1.6051973032522913,0.6499609342827654
0.2,-2.321928094887362,3,2,L2_011,11,-0.46554544529559244,-1.5383199755725063,0.8378868043093651
0.2,-2.321928094887362,3,2,L2_012,12,1.2204528313897958,-1.0740098299435505,-1.3874530155006604
0.2,-2.321928094887362,3,2,L2_013,13,-0.8187684460595211,-1.4793096485913646,-0.7578574737341324
0.2,-2.321928094887362,3,2,L2_014,14,0.8048787279748327,-1.15751187646631,0.12125699209704772
0.2,-2.321928094887362,3,2,L2_015,15,0.11969633416824887,-0.9027058717852051,0.27055895391111423
0.2,-2.321928094887362,3,2,L2_016,16,0.6288154447650816,-0.6837136306413448,-0.4811825106777553
0.2,-2.321928094887362,3,2,L2_017,17,1.5608975234208058,-1.7335746858805785,1.1780335016464618
0.2,-2.321928094887362,3,2,L2_018,18,1.2034713045315677,-0.6602878292877538,1.7746641454955514
0.2,-2.321928094887362,3,2,L2_019,19,0.2714467672610878,-0.8624140143626721,0.14832710757893175
0.2,-2.321928094887362,3,2,L2_020,20,-1.8310643079040034,-1.4228050441017777,-1.1176384105384112
0.2,-2.321928094887362,3,2,L2_021,21,-0.7408196612431098,-1.3736523160572252,1.154261041590113
0.2,-2.321928094887362,3,2,L2_022,22,0.21725625349162744,-0.7032795774355344,-1.2900937351703008
0.2,-2.321928094887362,3,2,L2_023,23,-2.300325301804943,0.34536633163852287,-0.03845998458125918
0.2,-2.321928094887362,3,2,L2_024,24,-0.33709120205139764,0.6261194843170685,0.12682938038814437
0.2,-2.321928094887362,3,2,L2_025,25,-0.659569310154026,-1.3392732161981462,0.8924489807127715
0.2,-2.321928094887362,3,2,L2_026,26,1.0952766623007664,-0.9924934338507428,0.3345777398165237
0.2,-2.321928094887362,3,2,L2_027,27,-0.2622816543381363,-0.5705383492371926,-1.460634198217792
0.2,-2.321928094887362,3,2,L2_028,28,-0.36074409059729023,-1.061685007426923,0.21565473818978725
0.2,-2.321928094887362,3,2,L2_029,29,0.5692740138136082,0.03803981051733201,0.5473530391051578
0.2,-2.321928094887362,3,2,L2_030,30,0.08142995418618432,-0.6023137990151491,-0.1776694015255718
0.2,-2.321928094887362,3,2,L2_031,31,0.99824038608148,0.28827850494012935,-0.3502470612541241
0.2,-2.321928094887362,3,2,L2_032,32,-0.47798578347920456,-0.45941702854634064,1.1514204381066113
0.2,-2.321928094887362,3,2,L2_033,33,0.9460877499973396,-0.10118503407990828,0.987607845313007
0.2,-2.321928094887362,3,2,L2_034,34,-0.004633512492217574,-0.6648714800827695,-1.343727196255169
0.2,-2.321928094887362,3,2,L2_035,35,-0.8313477442760598,0.074879706060542,0.6687592884798252
0.2,-2.321928094887362,3,2,L2_036,36,1.0872913063655776,-0.39388302284077775,0.9680885053178412
0.2,-2.321928094887362,3,2,L2_037,37,-1.387174673502323,0.33971885639392224,0.14995468698456815
0.2,-2.321928094887362,3,2,L2_038,38,1.1823023868875384,-0.036790460648333925,1.4562302150997972
0.2,-2.321928094887362,3,2,L2_039,39,-0.6006371766100533,-1.1302815717085903,1.5566031611157105
0.2,-2.321928094887362,3,2,L2_040,40,0.6526904294503995,0.909786927186188,-1.259636991464696
0.2,-2.321928094887362,3,2,L2_041,41,0.5456981489083698,0.23994732252421716,-1.719247896815123
0.2,-2.321928094887362,3,2,L2_042,42,-0.7363226228348219,0.6381953369780138,-0.8859125461595925
0.2,-2.321928094887362,3,2,L2_043,43,-0.9234188211622338,-0.22303081073973813,-1.1555231001142823
0.2,-2.321928094887362,3,2,L2_044,44,-0.10199833048535026,-0.07794751116651882,-0.7468532356273193
0.2,-2.321928094887362,3,2,L2_045,45,0.08703355842679092,0.16298904074310114,1.6468181167618245
0.2,-2.321928094887362,3,2,L2_046,46,-0.9570065719557129,0.33213106265072184,1.0694272970812397
0.2,-2.321928094887362,3,2,L2_047,47,-0.27071736576237787,1.1047431561729153,0.9841590207916543
0.2,-2.321928094887362,3,2,L2_048,48,-0.543079593565984,0.08623139453045325,-1.0851210997831575
0.2,-2.321928094887362,3,2,L2_049,49,-0.25352053449724876,0.6803410154852905,-1.407278480145055
0.2,-2.321928094887362,3,2,L2_050,50,-1.129858107784206,0.13631074337197546,-0.09441180631506679
0.2,-2.321928094887362,3,2,L2_051,51,-0.20329888953447464,0.5170080598936737,-0.8617573262668934
0.2,-2.321928094887362,3,2,L2_052,52,0.4203095930994256,0.6845203176940793,-0.2251940930609465
0.2,-2.321928094887362,3,2,L2_053,53,0.7377682871904575,0.04845260295712063,-1.4075819780181211
0.2,-2.321928094887362,3,2,L2_054,54,1.1419248312047414,0.9269283488316707,-0.8233313008397164
0.2,-2.321928094887362,3,2,L2_055,55,0.2585216374922333,0.5545491499485025,-1.347654459495812
0.2,-2.321928094887362,3,2,L2_056,56,1.7658098178061223,0.6923295698094217,-1.3617497769324254
0.2,-2.321928094887362,3,2,L2_057,57,2.5504288022822843,0.8998311376201511,-0.8075231283003468
0.2,-2.321928094887362,3,2,L2_058,58,-0.44499588642041343,1.4025763007100074,-0.5422303543748236
0.2,-2.321928094887362,3,2,L2_059,59,1.2218071138225555,1.1064426568339534,-0.8582190713514711
0.2,-2.321928094887362,3,2,L2_060,60,-1.4982539531050068,0.38774351777469945,0.9019864994741044
0.2,-2.321928094887362,3,2,L2_061,61,-1.0056875776170104,0.04111515736222047,-1.069531647336535
0.2,-2.321928094887362,3,2,L2_062,62,-2.443768550072296,0.36824409461090263,-1.5475394880735391
0.2,-2.321928094887362,3,2,L2_063,63,-0.7349339041362116,0.3685323017413629,-1.0261001042210194
0.2,-2.321928094887362,3,2,L2_064,64,-1.1592478039243306,0.7097719754946354,1.1833195874037232
0.2,-2.321928094887362,3,2,L2_065,65,-0.33477342869728766,1.108208512350049,0.8016178947120951
0.2,-2.321928094887362,3,2,L2_066,66,-1.3479222345778141,1.5741321003238045,0.7122327131825202
0.2,-2.321928094887362,3,2,L2_067,67,0.7525298289596936,1.4787881723764795,-0.9568271267399231
0.2,-2.321928094887362,3,2,L2_068,68,-0.9569570618074993,0.8792759033175698,-1.3317396609923189
0.2,-2.321928094887362,3,2,L2_069,69,0.44447115149881555,1.129736484171076,-1.1891369599880448
0.2,-2.321928094887362,3,2,L2_070,70,2.0380776002636125,1.2680343896308508,0.28942524329381
0.2,-2.321928094887362,3,2,L2_071,71,-0.7328969427406183,0.8324111258324361,1.4223670306895515
0.2,-2.321928094887362,3,2,L2_072,72,2.3201248354010464,1.334671082450379,1.533886349742071
0.2,-2.321928094887362,3,2,L2_073,73,-1.4034125101163235,1.3798135224200963,-0.2032249276750468
0.2,-2.321928094887362,3,2,L2_074,74,0.6058302606022967,1.2899153830129835,-1.1068909119756836
0.2,-2.321928094887362,3,2,L2_075,75,-0.7068034930386813,0.909815238663675,1.1205708639706653
0.2,-2.321928094887362,3,2,L2_076,76,0.18877343120759332,1.8367454793089826,1.5319934153002595
0.2,-2.321928094887362,3,2,L2_077,77,-1.2930888467709651,1.633580667078401,1.3394579909451896
0.2,-2.321928094887362,3,2,L2_078,78,0.05638880094068265,1.0361436915213504,-0.19827246264988024
0.2,-2.321928094887362,3,2,L2_079,79,-0.27643984502679825,1.765778759874626,-0.6820677483165787
0.2,-2.321928094887362,3,3,L3_000,80,0.15444749549870515,,
0.2,-2.321928094887362,3,3,L3_001,81,-1.0554548487300637,,
0.2,-2.321928094887362,3,3,L3_002,82,0.329952834422386,,
0.2,-2.321928094887362,3,3,L3_003,83,0.6806515819766018,,
0.2,-2.321928094887362,3,3,L3_004,84,1.3965645796296389,,
0.2,-2.321928094887362,3,3,L3_005,85,0.15497509564195142,,
0.2,-2.321928094887362,3,3,L3_006,86,-1.0903363625333746,,
0.2,-2.321928094887362,3,3,L3_007,87,0.7077446470204855,,
0.2,-2.321928094887362,3,3,L3_008,88,-1.1409391547424816,,
0.2,-2.321928094887362,3,3,L3_009,89,-1.284313966317697,,
0.2,-2.321928094887362,3,3,L3_010,90,0.7442888062484623,,
0.2,-2.321928094887362,3,3,L3_011,91,1.1365898591225765,,
0.2,-2.321928094887362,3,3,L3_012,92,0.9075502340660007,,
0.2,-2.321928094887362,3,3,L3_013,93,0.5481750876228972,,
0.2,-2.321928094887362,3,3,L3_014,94,-1.0603448470491483,,
0.2,-2.321928094887362,3,3,L3_015,95,1.2429973349921526,,
0.2,-2.321928094887362,3,3,L3_016,96,0.7013920498157299,,
0.2,-2.321928094887362,3,3,L3_017,97,-0.3105274980104705,,
0.2,-2.321928094887362,3,3,L3_018,98,-1.8075809945233956,,
0.2,-2.321928094887362,3,3,L3_019,99,-0.0941040546693983,,
0.2,-2.321928094887362,3,3,L3_020,100,-0.9437989821847016,,
0.2,-2.321928094887362,3,3,L3_021,101,-0.6026665961034522,,
0.2,-2.321928094887362,3,3,L3_022,102,-0.6053414217134288,,
0.2,-2.321928094887362,3,3,L3_023,103,-0.3653697080759544,,
0.2,-2.321928094887362,3,3,L3_024,104,-1.7418790711522187,,
0.2,-2.321928094887362,3,3,L3_025,105,-0.27725647637420137,,
0.2,-2.321928094887362,3,3,L3_026,106,1.3654268145823596,,
0.2,-2.321928094887362,3,3,L3_027,107,2.719339538002955,,
0.2,-2.321928094887362,3,3,L3_028,108,1.090161561496821,,
0.2,-2.321928094887362,3,3,L3_029,109,-0.22308267338954593,,
0.2,-2.321928094887362,3,3,L3_030,110,-0.028842589938104526,,
0.2,-2.321928094887362,3,3,L3_031,111,-0.31015155685598533,,
0.2,-2.321928094887362,3,3,L3_032,112,1.1632260713905693,,
0.2,-2.321928094887362,3,3,L3_033,113,-0.6977053344286266,,
0.2,-2.321928094887362,3,3,L3_034,114,-0.16026409912000486,,
0.2,-2.321928094887362,3,3,L3_035,115,-0.3936874886071207,,
0.2,-2.321928094887362,3,3,L3_036,116,-1.9725254509621153,,
0.2,-2.321928094887362,3,3,L3_037,117,-1.3140192649312048,,
0.2,-2.321928094887362,3,3,L3_038,118,1.9776881087975853,,
0.2,-2.321928094887362,3,3,L3_039,119,1.7448764006903767,,
0.2,-2.321928094887362,3,3,L3_040,120,0.5215935293009826,,
0.2,-2.321928094887362,3,3,L3_041,121,-0.28524847936192127,,
0.2,-2.321928094887362,3,3,L3_042,122,-0.4130768514638656,,
0.2,-2.321928094887362,3,3,L3_043,123,1.29066917923257,,
0.2,-2.321928094887362,3,3,L3_044,124,-1.2209981009135877,,
0.2,-2.321928094887362,3,3,L3_045,125,-0.38018855924576306,,
0.2,-2.321928094887362,3,3,L3_046,126,-1.757033767206228,,
0.2,-2.321928094887362,3,3,L3_047,127,-1.3561774761937415,,
0.2,-2.321928094887362,3,3,L3_048,128,-0.6499926291279187,,
0.2,-2.321928094887362,3,3,L3_049,129,0.6018752292585122,,
0.2,-2.321928094887362,3,3,L3_050,130,-0.8877650286332935,,
0.2,-2.321928094887362,3,3,L3_051,131,1.0885878677198997,,
0.2,-2.321928094887362,3,3,L3_052,132,0.3862047156644027,,
0.2,-2.321928094887362,3,3,L3_053,133,0.7903604905591816,,
0.2,-2.321928094887362,3,3,L3_054,134,1.3594827077970881,,
0.2,-2.321928094887362,3,3,L3_055,135,-0.7299928506390999,,
0.2,-2.321928094887362,3,3,L3_056,136,-0.4053805568474012,,
0.2,-2.321928094887362,3,3,L3_057,137,-1.6060823903505042,,
0.2,-2.321928094887362,3,3,L3_058,138,0.21497087792069855,,
0.2,-2.321928094887362,3,3,L3_059,139,0.44030064274333025,,
0.2,-2.321928094887362,3,3,L3_060,140,-0.3040917311668232,,
0.2,-2.321928094887362,3,3,L3_061,141,-0.8093982854835104,,
0.2,-2.321928094887362,3,3,L3_062,142,0.7170207641511162,,
0.2,-2.321928094887362,3,3,L3_063,143,-0.09247365686588987,,
0.2,-2.321928094887362,3,3,L3_064,144,-0.9689400746992121,,
0.2,-2.321928094887362,3,3,L3_065,145,1.3061021399199548,,
0.2,-2.321928094887362,3,3,L3_066,146,0.593257679466416,,
0.2,-2.321928094887362,3,3,L3_067,147,0.606337614847404,,
0.2,-2.321928094887362,3,3,L3_068,148,0.1393353188691966,,
0.2,-2.321928094887362,3,3,L3_069,149,0.20344628809031912,,
0.2,-2.321928094887362,3,3,L3_070,150,-0.632894319723029,,
0.2,-2.321928094887362,3,3,L3_071,151,-1.218687016853354,,
0.2,-2.321928094887362,3,3,L3_072,152,0.20815265501708882,,
0.2,-2.321928094887362,3,3,L3_073,153,1.6900675815279025,,
0.2,-2.321928094887362,3,3,L3_074,154,-0.5681598622019659,,
0.2,-2.321928094887362,3,3,L3_075,155,0.8285640330293,,
0.2,-2.321928094887362,3,3,L3_076,156,-1.6377247047942216,,
0.2,-2.321928094887362,3,3,L3_077,157,0.9916947454703643,,
0.2,-2.321928094887362,3,3,L3_078,158,0.11193235246406555,,
0.2,-2.321928094887362,3,3,L3_079,159,0.5484942681161273,,
0.3,-1.7369655941662063,0,2,L2_000,0,-0.8809101247639031,-0.6436045175116654,1.3180709166481601
0.3,-1.7369655941662063,0,2,L2_001,1,1.4068674684042466,-1.3114188536168572,1.0240679434706472
0.3,-1.7369655941662063,0,2,L2_002,2,0.4308286824288168,-1.8503555466768324,0.5204860226682876
0.3,-1.7369655941662063,0,2,L2_003,3,0.03934389133176253,-1.8286759148006935,0.8171471765667275
0.3,-1.7369655941662063,0,2,L2_004,4,-1.4090476122458633,-0.5086474794479974,-0.35803736128584784
0.3,-1.7369655941662063,0,2,L2_005,5,0.22935184436311504,-0.3644296023852296,0.8315759061648493
0.3,-1.7369655941662063,0,2,L2_006,6,1.0800158503660375,-1.4690842805659863,-0.8419800037554516
0.3,-1.7369655941662063,0,2,L2_007,7,0.45055170474640044,-1.5732722971926179,0.13027391001338026
0.3,-1.7369655941662063,0,2,L2_008,8,0.7987556705352931,-0.41374445680156346,0.4792273794127908
0.3,-1.7369655941662063,0,2,L2_009,9,0.46916774730082245,-1.3544491192068646,0.6569492576952469
0.3,-1.7369655941662063,0,2,L2_010,10,0.9881096258040404,-1.6051973032522913,0.6499609342827654
0.3,-1.7369655941662063,0,2,L2_011,11,0.2328413104681811,-1.5383199755725063,0.8378868043093651
0.3,-1.7369655941662063,0,2,L2_012,12,0.23752907758253478,-1.0740098299435505,-1.3874530155006604
0.3,-1.7369655941662063,0,2,L2_013,13,0.6036708648439724,-1.4793096485913646,-0.7578574737341324
0.3,-1.7369655941662063,0,2,L2_014,14,0.2536522786375993,-1.15751187646631,0.12125699209704772
0.3,-1.7369655941662063,0,2,L2_015,15,-2.3737717771411786,-0.9027058717852051,0.27055895391111423
0.3,-1.7369655941662063,0,2,L2_016,16,-0.34501442488908074,-0.6837136306413448,-0.4811825106777553
0.3,-1.7369655941662063,0,2,L2_017,17,0.42645106494842716,-1.7335746858805785,1.1780335016464618
0.3,-1.7369655941662063,0,2,L2_018,18,-0.7095499378816196,-0.6602878292877538,1.7746641454955514
0.3,-1.7369655941662063,0,2,L2_019,19,0.6767063746204213,-0.8624140143626721,0.14832710757893175
0.3,-1.7369655941662063,0,2,L2_020,20,-1.5044325725277754,-1.4228050441017777,-1.1176384105384112
0.3,-1.7369655941662063,0,2,L2_021,21,-0.3634887797006489,-1.3736523160572252,1.154261041590113
0.3,-1.7369655941662063,0,2,L2_022,22,0.5712012011196212,-0.7032795774355344,-1.2900937351703008
0.3,-1.7369655941662063,0,2,L2_023,23,2.012256742773541,0.34536633163852287,-0.03845998458125918
0.3,-1.7369655941662063,0,2,L2_024,24,-0.541767079068802,0.6261194843170685,0.12682938038814437
0.3,-1.7369655941662063,0,2,L2_025,25,0.142418264292925,-1.3392732161981462,0.8924489807127715
0.3,-1.7369655941662063,0,2,L2_026,26,-0.9715089635340883,-0.9924934338507428,0.3345777398165237
0.3,-1.7369655941662063,0,2,L2_027,27,0.2842181014220678,-0.5705383492371926,-1.460634198217792
0.3,-1.7369655941662063,0,2,L2_028,28,0.31178272428941234,-1.061685007426923,0.21565473818978725
0.3,-1.7369655941662063,0,2,L2_029,29,-0.4895478445753041,0.03803981051733201,0.5473530391051578
0.3,-1.7369655941662063,0,2,L2_030,30,-2.486859908535594,-0.6023137990151491,-0.1776694015255718
0.3,-1.7369655941662063,0,2,L2_031,31,-0.6608774052887487,0.28827850494012935,-0.3502470612541241
0.3,-1.7369655941662063,0,2,L2_032,32,0.2890852319184919,-0.45941702854634064,1.1514204381066113
0.3,-1.7369655941662063,0,2,L2_033,33,-1.1215760727237771,-0.10118503407990828,0.987607845313007
0.3,-1.7369655941662063,0,2,L2_034,34,0.5393028678583334,-0.6648714800827695,-1.343727196255169
0.3,-1.7369655941662063,0,2,L2_035,35,-0.5744467414615637,0.074879706060542,0.6687592884798252
0.3,-1.7369655941662063,0,2,L2_036,36,0.970385943297174,-0.39388302284077775,0.9680885053178412
0.3,-1.7369655941662063,0,2,L2_037,37,-0.5269307635624964,0.33971885639392224,0.14995468698456815
0.3,-1.7369655941662063,0,2,L2_038,38,-1.1153533360232726,-0.036790460648333925,1.4562302150997972
0.3,-1.7369655941662063,0,2,L2_039,39,-0.6841005124839344,-1.1302815717085903,1.5566031611157105
0.3,-1.7369655941662063,0,2,L2_040,40,-0.9307389264708733,0.909786927186188,-1.259636991464696
0.3,-1.7369655941662063,0,2,L2_041,41,-1.400854654379193,0.23994732252421716,-1.719247896815123
0.3,-1.7369655941662063,0,2,L2_042,42,0.025560167482469726,0.6381953369780138,-0.8859125461595925
0.3,-1.7369655941662063,0,2,L2_043,43,-1.9220677120351062,-0.22303081073973813,-1.1555231001142823
0.3,-1.7369655941662063,0,2,L2_044,44,-0.0919963653377962,-0.07794751116651882,-0.7468532356273193
0.3,-1.7369655941662063,0,2,L2_045,45,0.6627021372910776,0.16298904074310114,1.6468181167618245
0.3,-1.7369655941662063,0,2,L2_046,46,-0.21475723733810073,0.33213106265072184,1.0694272970812397
0.3,-1.7369655941662063,0,2,L2_047,47,-0.3406064551386173,1.1047431561729153,0.9841590207916543
0.3,-1.7369655941662063,0,2,L2_048,48,-1.7890709465477679,0.08623139453045325,-1.0851210997831575
0.3,-1.7369655941662063,0,2,L2_049,49,1.0052446145703549,0.6803410154852905,-1.407278480145055
0.3,-1.7369655941662063,0,2,L2_050,50,0.6173440972062662,0.13631074337197546,-0.09441180631506679
0.3,-1.7369655941662063,0,2,L2_051,51,-1.1314227859635326,0.5170080598936737,-0.8617573262668934
0.3,-1.7369655941662063,0,2,L2_052,52,-1.6984676335934534,0.6845203176940793,-0.2251940930609465
0.3,-1.7369655941662063,0,2,L2_053,53,-0.5681319371282649,0.04845260295712063,-1.4075819780181211
0.3,-1.7369655941662063,0,2,L2_054,54,0.6009122753208709,0.9269283488316707,-0.8233313008397164
0.3,-1.7369655941662063,0,2,L2_055,55,0.13036108464636512,0.5545491499485025,-1.347654459495812
0.3,-1.7369655941662063,0,2,L2_056,56,-1.12233549938574,0.6923295698094217,-1.3617497769324254
0.3,-1.7369655941662063,0,2,L2_057,57,-0.1005343682700235,0.8998311376201511,-0.8075231283003468
0.3,-1.7369655941662063,0,2,L2_058,58,-0.1591849196677514,1.4025763007100074,-0.5422303543748236
0.3,-1.7369655941662063,0,2,L2_059,59,0.759078331637619,1.1064426568339534,-0.8582190713514711
0.3,-1.7369655941662063,0,2,L2_060,60,0.5513908450201868,0.38774351777469945,0.9019864994741044
0.3,-1.7369655941662063,0,2,L2_061,61,2.32474550628976,0.04111515736222047,-1.069531647336535
0.3,-1.7369655941662063,0,2,L2_062,62,0.86616700788193,0.36824409461090263,-1.5475394880735391
0.3,-1.7369655941662063,0,2,L2_063,63,-0.44238236969330025,0.3685323017413629,-1.0261001042210194
0.3,-1.7369655941662063,0,2,L2_064,64,1.8732494150661265,0.7097719754946354,1.1833195874037232
0.3,-1.7369655941662063,0,2,L2_065,65,0.9217669280286196,1.108208512350049,0.8016178947120951
0.3,-1.7369655941662063,0,2,L2_066,66,0.6841177338550771,1.5741321003238045,0.7122327131825202
0.3,-1.7369655941662063,0,2,L2_067,67,-0.9903204856956682,1.4787881723764795,-0.9568271267399231
0.3,-1.7369655941662063,0,2,L2_068,68,-0.6011778015167708,0.8792759033175698,-1.3317396609923189
0.3,-1.7369655941662063,0,2,L2_069,69,-0.7135911040515001,1.129736484171076,-1.1891369599880448
0.3,-1.7369655941662063,0,2,L2_070,70,1.9158881888680734,1.2680343896308508,0.28942524329381
0.3,-1.7369655941662063,0,2,L2_071,71,1.9890198925260918,0.8324111258324361,1.4223670306895515
0.3,-1.7369655941662063,0,2,L2_072,72,-0.876281314541766,1.334671082450379,1.533886349742071
0.3,-1.7369655941662063,0,2,L2_073,73,1.4264761464033002,1.3798135224200963,-0.2032249276750468
0.3,-1.7369655941662063,0,2,L2_074,74,0.9525282279180951,1.2899153830129835,-1.1068909119756836
0.3,-1.7369655941662063,0,2,L2_075,75,-0.6222364419752192,0.909815238663675,1.1205708639706653
0.3,-1.7369655941662063,0,2,L2_076,76,0.1615004209988692,1.8367454793089826,1.5319934153002595
0.3,-1.7369655941662063,0,2,L2_077,77,0.423645179281951,1.633580667078401,1.3394579909451896
0.3,-1.7369655941662063,0,2,L2_078,78,0.7183725162526698,1.0361436915213504,-0.19827246264988024
0.3,-1.7369655941662063,0,2,L2_079,79,0.42077756523891185,1.765778759874626,-0.6820677483165787
0.3,-1.7369655941662063,0,3,L3_000,80,-0.7896746001779094,,
0.3,-1.7369655941662063,0,3,L3_001,81,1.7868322544279391,,
0.3,-1.7369655941662063,0,3,L3_002,82,-0.47310267552100543,,
0.3,-1.7369655941662063,0,3,L3_003,83,0.48435644848730736,,
0.3,-1.7369655941662063,0,3,L3_004,84,-0.15594686416140469,,
0.3,-1.7369655941662063,0,3,L3_005,85,0.7351926081223015,,
0.3,-1.7369655941662063,0,3,L3_006,86,-2.0985571984403233,,
0.3,-1.7369655941662063,0,3,L3_007,87,1.4186666934406904,,
0.3,-1.7369655941662063,0,3,L3_008,88,0.10891858602881285,,
0.3,-1.7369655941662063,0,3,L3_009,89,0.7421054833076717,,
0.3,-1.7369655941662063,0,3,L3_010,90,0.7620008058635669,,
0.3,-1.7369655941662063,0,3,L3_011,91,0.8594078333205698,,
0.3,-1.7369655941662063,0,3,L3_012,92,-2.2591605762977784,,
0.3,-1.7369655941662063,0,3,L3_013,93,-0.4748644065618892,,
0.3,-1.7369655941662063,0,3,L3_014,94,-2.0627946295876276,,
0.3,-1.7369655941662063,0,3,L3_015,95,-1.2947162364111062,,
0.3,-1.7369655941662063,0,3,L3_016,96,1.108255704394447,,
0.3,-1.7369655941662063,0,3,L3_017,97,-1.0092164739859877,,
0.3,-1.7369655941662063,0,3,L3_018,98,-0.745541256301281,,
0.3,-1.7369655941662063,0,3,L3_019,99,0.8713318764640731,,
0.3,-1.7369655941662063,0,3,L3_020,100,-0.253194588909087,,
0.3,-1.7369655941662063,0,3,L3_021,101,0.4424667453852042,,
0.3,-1.7369655941662063,0,3,L3_022,102,-0.8266340965887042,,
0.3,-1.7369655941662063,0,3,L3_023,103,0.829510671113847,,
0.3,-1.7369655941662063,0,3,L3_024,104,-1.2555481781463238,,
0.3,-1.7369655941662063,0,3,L3_025,105,0.6493620669216681,,
0.3,-1.7369655941662063,0,3,L3_026,106,0.34328197882720485,,
0.3,-1.7369655941662063,0,3,L3_027,107,0.7046523755132035,,
0.3,-1.7369655941662063,0,3,L3_028,108,-0.24440870711632876,,
0.3,-1.7369655941662063,0,3,L3_029,109,-0.402910099265442,,
0.3,-1.7369655941662063,0,3,L3_030,110,0.5257183531059144,,
0.3,-1.7369655941662063,0,3,L3_031,111,0.8912581759574755,,
0.3,-1.7369655941662063,0,3,L3_032,112,-0.20733982552992242,,
0.3,-1.7369655941662063,0,3,L3_033,113,-0.629713507739312,,
0.3,-1.7369655941662063,0,3,L3_034,114,-0.6233383765856975,,
0.3,-1.7369655941662063,0,3,L3_035,115,0.6323931938440835,,
0.3,-1.7369655941662063,0,3,L3_036,116,-1.1344145165667745,,
0.3,-1.7369655941662063,0,3,L3_037,117,0.4526933647446359,,
0.3,-1.7369655941662063,0,3,L3_038,118,-0.6365720385096879,,
0.3,-1.7369655941662063,0,3,L3_039,119,0.4522340576536997,,
0.3,-1.7369655941662063,0,3,L3_040,120,0.4035701928077687,,
0.3,-1.7369655941662063,0,3,L3_041,121,-0.47460922617343115,,
0.3,-1.7369655941662063,0,3,L3_042,122,0.27336645732278897,,
0.3,-1.7369655941662063,0,3,L3_043,123,1.3708243331380356,,
0.3,-1.7369655941662063,0,3,L3_044,124,-0.7901170622208975,,
0.3,-1.7369655941662063,0,3,L3_045,125,-1.7431606505407522,,
0.3,-1.7369655941662063,0,3,L3_046,126,-0.5699185435327768,,
0.3,-1.7369655941662063,0,3,L3_047,127,0.7291363879029443,,
0.3,-1.7369655941662063,0,3,L3_048,128,-0.6054757949845051,,
0.3,-1.7369655941662063,0,3,L3_049,129,1.0022442469676087,,
0.3,-1.7369655941662063,0,3,L3_050,130,0.4039379482906825,,
0.3,-1.7369655941662063,0,3,L3_051,131,-0.773743107355743,,
0.3,-1.7369655941662063,0,3,L3_052,132,-1.5920098344573095,,
0.3,-1.7369655941662063,0,3,L3_053,133,1.9923770616927794,,
0.3,-1.7369655941662063,0,3,L3_054,134,-0.9743948516197141,,
0.3,-1.7369655941662063,0,3,L3_055,135,1.2734734772919132,,
0.3,-1.7369655941662063,0,3,L3_056,136,0.029139208190814878,,
0.3,-1.7369655941662063,0,3,L3_057,137,0.24380089810738523,,
0.3,-1.7369655941662063,0,3,L3_058,138,1.0731039424088107,,
0.3,-1.7369655941662063,0,3,L3_059,139,-0.07631469749265281,,
0.3,-1.7369655941662063,0,3,L3_060,140,0.17548806800451172,,
0.3,-1.7369655941662063,0,3,L3_061,141,2.0994021893765136,,
0.3,-1.7369655941662063,0,3,L3_062,142,2.189673888158073,,
0.3,-1.7369655941662063,0,3,L3_063,143,-0.11028699645730618,,
0.3,-1.7369655941662063,0,3,L3_064,144,-0.5105736528920729,,
0.3,-1.7369655941662063,0,3,L3_065,145,0.9095904538514769,,
0.3,-1.7369655941662063,0,3,L3_066,146,0.35089251991117937,,
0.3,-1.7369655941662063,0,3,L3_067,147,0.28366211207284053,,
0.3,-1.7369655941662063,0,3,L3_068,148,0.6084702192643383,,
0.3,-1.7369655941662063,0,3,L3_069,149,-1.0373654549186657,,
0.3,-1.7369655941662063,0,3,L3_070,150,-0.3707308075876896,,
0.3,-1.7369655941662063,0,3,L3_071,151,1.333663753153509,,
0.3,-1.7369655941662063,0,3,L3_072,152,-1.0077308945035233,,
0.3,-1.7369655941662063,0,3,L3_073,153,-1.6036931399493537,,
0.3,-1.7369655941662063,0,3,L3_074,154,-0.044630510526218206,,
0.3,-1.7369655941662063,0,3,L3_075,155,-0.4199783490443223,,
0.3,-1.7369655941662063,0,3,L3_076,156,1.2721793923761702,,
0.3,-1.7369655941662063,0,3,L3_077,157,0.4342486208132801,,
0.3,-1.7369655941662063,0,3,L3_078,158,-1.519223706432743,,
0.3,-1.7369655941662063,0,3,L3_079,159,-1.4512785149344876,,
0.3,-1.7369655941662063,1,2,L2_000,0,2.833116222530799,-0.6436045175116654,1.3180709166481601
0.3,-1.7369655941662063,1,2,L2_001,1,0.8962574723766815,-1.3114188536168572,1.0240679434706472
0.3,-1.7369655941662063,1,2,L2_002,2,-0.9586413191056834,-1.8503555466768324,0.5204860226682876
0.3,-1.7369655941662063,1,2,L2_003,3,-0.2165940444495488,-1.8286759148006935,0.8171471765667275
0.3,-1.7369655941662063,1,2,L2_004,4,-1.103939964810158,-0.5086474794479974,-0.35803736128584784
0.3,-1.7369655941662063,1,2,L2_005,5,1.0922749524370685,-0.3644296023852296,0.8315759061648493
0.3,-1.7369655941662063,1,2,L2_006,6,-1.4261548241737385,-1.4690842805659863,-0.8419800037554516
0.3,-1.7369655941662063,1,2,L2_007,7,1.5188632176015358,-1.5732722971926179,0.13027391001338026
0.3,-1.7369655941662063,1,2,L2_008,8,-0.5378513567624769,-0.41374445680156346,0.4792273794127908
0.3,-1.7369655941662063,1,2,L2_009,9,0.823794977271663,-1.3544491192068646,0.6569492576952469
0.3,-1.7369655941662063,1,2,L2_010,10,0.15514373301693113,-1.6051973032522913,0.6499609342827654
0.3,-1.7369655941662063,1,2,L2_011,11,-0.2206118976277845,-1.5383199755725063,0.8378868043093651
0.3,-1.7369655941662063,1,2,L2_012,12,-0.08107109337132075,-1.0740098299435505,-1.3874530155006604
0.3,-1.7369655941662063,1,2,L2_013,13,-0.7054778977234156,-1.4793096485913646,-0.7578574737341324
0.3,-1.7369655941662063,1,2,L2_014,14,0.09170054612458046,-1.15751187646631,0.12125699209704772
0.3,-1.7369655941662063,1,2,L2_015,15,-0.35618299280411536,-0.9027058717852051,0.27055895391111423
0.3,-1.7369655941662063,1,2,L2_016,16,0.5899536790436486,-0.6837136306413448,-0.4811825106777553
0.3,-1.7369655941662063,1,2,L2_017,17,-0.23032253947758044,-1.7335746858805785,1.1780335016464618
0.3,-1.7369655941662063,1,2,L2_018,18,0.2849335967612938,-0.6602878292877538,1.7746641454955514
0.3,-1.7369655941662063,1,2,L2_019,19,0.4583368011186012,-0.8624140143626721,0.14832710757893175
0.3,-1.7369655941662063,1,2,L2_020,20,-0.8314530491616736,-1.4228050441017777,-1.1176384105384112
0.3,-1.7369655941662063,1,2,L2_021,21,-1.6187928641915623,-1.3736523160572252,1.154261041590113
0.3,-1.7369655941662063,1,2,L2_022,22,0.6303279990468242,-0.7032795774355344,-1.2900937351703008
0.3,-1.7369655941662063,1,2,L2_023,23,-0.9694936600009281,0.34536633163852287,-0.03845998458125918
0.3,-1.7369655941662063,1,2,L2_024,24,0.2166940326960685,0.6261194843170685,0.12682938038814437
0.3,-1.7369655941662063,1,2,L2_025,25,-0.8306230584487186,-1.3392732161981462,0.8924489807127715
0.3,-1.7369655941662063,1,2,L2_026,26,0.3179131329452608,-0.9924934338507428,0.3345777398165237
0.3,-1.7369655941662063,1,2,L2_027,27,0.45944236291808394,-0.5705383492371926,-1.460634198217792
0.3,-1.7369655941662063,1,2,L2_028,28,0.5986735678776876,-1.061685007426923,0.21565473818978725
0.3,-1.7369655941662063,1,2,L2_029,29,-0.3656545628666098,0.03803981051733201,0.5473530391051578
0.3,-1.7369655941662063,1,2,L2_030,30,1.277776114092042,-0.6023137990151491,-0.1776694015255718
0.3,-1.7369655941662063,1,2,L2_031,31,1.329291592568227,0.28827850494012935,-0.3502470612541241
0.3,-1.7369655941662063,1,2,L2_032,32,-0.48081630273096954,-0.45941702854634064,1.1514204381066113
0.3,-1.7369655941662063,1,2,L2_033,33,1.7238157083054848,-0.10118503407990828,0.987607845313007
0.3,-1.7369655941662063,1,2,L2_034,34,0.7976125696537834,-0.6648714800827695,-1.343727196255169
0.3,-1.7369655941662063,1,2,L2_035,35,2.3314151214949415,0.074879706060542,0.6687592884798252
0.3,-1.7369655941662063,1,2,L2_036,36,1.776072113584382,-0.39388302284077775,0.9680885053178412
0.3,-1.7369655941662063,1,2,L2_037,37,-1.827078081793042,0.33971885639392224,0.14995468698456815
0.3,-1.7369655941662063,1,2,L2_038,38,-0.3868758470348169,-0.036790460648333925,1.4562302150997972
0.3,-1.7369655941662063,1,2,L2_039,39,-0.25894741435276086,-1.1302815717085903,1.5566031611157105
0.3,-1.7369655941662063,1,2,L2_040,40,0.9415571130396935,0.909786927186188,-1.259636991464696
0.3,-1.7369655941662063,1,2,L2_041,41,1.9564873795658484,0.23994732252421716,-1.719247896815123
0.3,-1.7369655941662063,1,2,L2_042,42,-0.6545088908122365,0.6381953369780138,-0.8859125461595925
0.3,-1.7369655941662063,1,2,L2_043,43,0.5139699307677039,-0.22303081073973813,-1.1555231001142823
0.3,-1.7369655941662063,1,2,L2_044,44,0.10732458099163113,-0.07794751116651882,-0.7468532356273193
0.3,-1.7369655941662063,1,2,L2_045,45,-0.08007465995332694,0.16298904074310114,1.6468181167618245
0.3,-1.7369655941662063,1,2,L2_046,46,-0.9141817513221969,0.33213106265072184,1.0694272970812397
0.3,-1.7369655941662063,1,2,L2_047,47,-1.0251362655258438,1.1047431561729153,0.9841590207916543
0.3,-1.7369655941662063,1,2,L2_048,48,0.18655289098550465,0.08623139453045325,-1.0851210997831575
0.3,-1.7369655941662063,1,2,L2_049,49,-0.6894604667269707,0.6803410154852905,-1.407278480145055
0.3,-1.7369655941662063,1,2,L2_050,50,-1.1208098680723864,0.13631074337197546,-0.09441180631506679
0.3,-1.7369655941662063,1,2,L2_051,51,-1.292843595479768,0.5170080598936737,-0.8617573262668934
0.3,-1.7369655941662063,1,2,L2_052,52,-1.268949548331715,0.6845203176940793,-0.2251940930609465
0.3,-1.7369655941662063,1,2,L2_053,53,-0.21296302735611242,0.04845260295712063,-1.4075819780181211
0.3,-1.7369655941662063,1,2,L2_054,54,0.8479936890856999,0.9269283488316707,-0.8233313008397164
0.3,-1.7369655941662063,1,2,L2_055,55,0.36199544033352665,0.5545491499485025,-1.347654459495812
0.3,-1.7369655941662063,1,2,L2_056,56,-0.47524584833441874,0.6923295698094217,-1.3617497769324254
0.3,-1.7369655941662063,1,2,L2_057,57,-0.9048138873714852,0.8998311376201511,-0.8075231283003468
0.3,-1.7369655941662063,1,2,L2_058,58,-0.40144271900039413,1.4025763007100074,-0.5422303543748236
0.3,-1.7369655941662063,1,2,L2_059,59,0.4675187427956039,1.1064426568339534,-0.8582190713514711
0.3,-1.7369655941662063,1,2,L2_060,60,0.8463093753521453,0.38774351777469945,0.9019864994741044
0.3,-1.7369655941662063,1,2,L2_061,61,-0.9707708111000427,0.04111515736222047,-1.069531647336535
0.3,-1.7369655941662063,1,2,L2_062,62,0.9503080309418278,0.36824409461090263,-1.5475394880735391
0.3,-1.7369655941662063,1,2,L2_063,63,-0.8280311416286537,0.3685323017413629,-1.0261001042210194
0.3,-1.7369655941662063,1,2,L2_064,64,-1.9025402723376381,0.7097719754946354,1.1833195874037232
0.3,-1.7369655941662063,1,2,L2_065,65,-0.9003549921629584,1.108208512350049,0.8016178947120951
0.3,-1.7369655941662063,1,2,L2_066,66,-0.36965325050325876,1.5741321003238045,0.7122327131825202
0.3,-1.7369655941662063,1,2,L2_067,67,-1.153964332877977,1.4787881723764795,-0.9568271267399231
0.3,-1.7369655941662063,1,2,L2_068,68,-1.0307465684372743,0.8792759033175698,-1.3317396609923189
0.3,-1.7369655941662063,1,2,L2_069,69,1.097317537564242,1.129736484171076,-1.1891369599880448
0.3,-1.7369655941662063,1,2,L2_070,70,1.2827490804581234,1.2680343896308508,0.28942524329381
0.3,-1.7369655941662063,1,2,L2_071,71,0.5457134697239286,0.8324111258324361,1.4223670306895515
0.3,-1.7369655941662063,1,2,L2_072,72,-0.35947332103168694,1.334671082450379,1.533886349742071
0.3,-1.7369655941662063,1,2,L2_073,73,0.17156809027743064,1.3798135224200963,-0.2032249276750468
0.3,-1.7369655941662063,1,2,L2_074,74,0.5935126817426328,1.2899153830129835,-1.1068909119756836
0.3,-1.7369655941662063,1,2,L2_075,75,0.5896618701137379,0.909815238663675,1.1205708639706653
0.3,-1.7369655941662063,1,2,L2_076,76,1.4921583398819194,1.8367454793089826,1.5319934153002595
0.3,-1.7369655941662063,1,2,L2_077,77,-0.25597647789319383,1.633580667078401,1.3394579909451896
0.3,-1.7369655941662063,1,2,L2_078,78,-1.4188103385930693,1.0361436915213504,-0.19827246264988024
0.3,-1.7369655941662063,1,2,L2_079,79,-1.5187729513475456,1.765778759874626,-0.6820677483165787
0.3,-1.7369655941662063,1,3,L3_000,80,0.09306789784550526,,
0.3,-1.7369655941662063,1,3,L3_001,81,1.3572492371825802,,
0.3,-1.7369655941662063,1,3,L3_002,82,-0.607640202616318,,
0.3,-1.7369655941662063,1,3,L3_003,83,-0.6281177515967682,,
0.3,-1.7369655941662063,1,3,L3_004,84,0.9511756909708955,,
0.3,-1.7369655941662063,1,3,L3_005,85,-0.23628909963412942,,
0.3,-1.7369655941662063,1,3,L3_006,86,-0.10216982019210846,,
0.3,-1.7369655941662063,1,3,L3_007,87,0.12750812128633648,,
0.3,-1.7369655941662063,1,3,L3_008,88,-0.24329866027984667,,
0.3,-1.7369655941662063,1,3,L3_009,89,-0.13536305359665643,,
0.3,-1.7369655941662063,1,3,L3_010,90,0.6127204210852307,,
0.3,-1.7369655941662063,1,3,L3_011,91,0.6776597353686663,,
0.3,-1.7369655941662063,1,3,L3_012,92,-0.6565408301253745,,
0.3,-1.7369655941662063,1,3,L3_013,93,0.3983436794404228,,
0.3,-1.7369655941662063,1,3,L3_014,94,-1.2060086333403361,,
0.3,-1.7369655941662063,1,3,L3_015,95,0.2524195251400483,,
0.3,-1.7369655941662063,1,3,L3_016,96,0.6660437758204734,,
0.3,-1.7369655941662063,1,3,L3_017,97,0.1927517010717454,,
0.3,-1.7369655941662063,1,3,L3_018,98,0.21418987583785176,,
0.3,-1.7369655941662063,1,3,L3_019,99,1.9397802754777371,,
0.3,-1.7369655941662063,1,3,L3_020,100,0.396231080715668,,
0.3,-1.7369655941662063,1,3,L3_021,101,0.4722876084216429,,
0.3,-1.7369655941662063,1,3,L3_022,102,0.9528822706316201,,
0.3,-1.7369655941662063,1,3,L3_023,103,0.5638793980267035,,
0.3,-1.7369655941662063,1,3,L3_024,104,1.149216624762454,,
0.3,-1.7369655941662063,1,3,L3_025,105,0.12773679575436864,,
0.3,-1.7369655941662063,1,3,L3_026,106,-1.059759728068492,,
0.3,-1.7369655941662063,1,3,L3_027,107,0.9052767247132805,,
0.3,-1.7369655941662063,1,3,L3_028,108,-0.5377783547177986,,
0.3,-1.7369655941662063,1,3,L3_029,109,-3.335177250277104,,
0.3,-1.7369655941662063,1,3,L3_030,110,-2.5912438628321333,,
0.3,-1.7369655941662063,1,3,L3_031,111,-0.15881329169485592,,
0.3,-1.7369655941662063,1,3,L3_032,112,-0.7972186281992019,,
0.3,-1.7369655941662063,1,3,L3_033,113,0.508357817920646,,
0.3,-1.7369655941662063,1,3,L3_034,114,1.063199013101771,,
0.3,-1.7369655941662063,1,3,L3_035,115,-0.7629857063033262,,
0.3,-1.7369655941662063,1,3,L3_036,116,1.4822554075440681,,
0.3,-1.7369655941662063,1,3,L3_037,117,0.7873958079422227,,
0.3,-1.7369655941662063,1,3,L3_038,118,0.28252800745200096,,
0.3,-1.7369655941662063,1,3,L3_039,119,-0.9744098727202697,,
0.3,-1.7369655941662063,1,3,L3_040,120,-1.2794558704609313,,
0.3,-1.7369655941662063,1,3,L3_041,121,-0.24684601520355898,,
0.3,-1.7369655941662063,1,3,L3_042,122,-0.33484150284233555,,
0.3,-1.7369655941662063,1,3,L3_043,123,-0.11314429114024789,,
0.3,-1.7369655941662063,1,3,L3_044,124,-1.276692361885339,,
0.3,-1.7369655941662063,1,3,L3_045,125,0.09628334084988707,,
0.3,-1.7369655941662063,1,3,L3_046,126,0.43530786491583523,,
0.3,-1.7369655941662063,1,3,L3_047,127,0.1327806063525019,,
0.3,-1.7369655941662063,1,3,L3_048,128,-0.6668724399873602,,
0.3,-1.7369655941662063,1,3,L3_049,129,1.4415216428688657,,
0.3,-1.7369655941662063,1,3,L3_050,130,-0.8867615986320362,,
0.3,-1.7369655941662063,1,3,L3_051,131,0.13905741701845895,,
0.3,-1.7369655941662063,1,3,L3_052,132,-1.2230168742144591,,
0.3,-1.7369655941662063,1,3,L3_053,133,-0.36794330695476485,,
0.3,-1.7369655941662063,1,3,L3_054,134,-1.883241643357567,,
0.3,-1.7369655941662063,1,3,L3_055,135,0.9446363681646984,,
0.3,-1.7369655941662063,1,3,L3_056,136,-1.338035138163004,,
0.3,-1.7369655941662063,1,3,L3_057,137,-0.7615607231105593,,
0.3,-1.7369655941662063,1,3,L3_058,138,0.7222266736979723,,
0.3,-1.7369655941662063,1,3,L3_059,139,0.7712849907230629,,
0.3,-1.7369655941662063,1,3,L3_060,140,-0.2818469774429947,,
0.3,-1.7369655941662063,1,3,L3_061,141,0.47794597995946836,,
0.3,-1.7369655941662063,1,3,L3_062,142,1.212843519455234,,
0.3,-1.7369655941662063,1,3,L3_063,143,1.4234240049260154,,
0.3,-1.7369655941662063,1,3,L3_064,144,-0.2372052649170747,,
0.3,-1.7369655941662063,1,3,L3_065,145,-0.7066517603585664,,
0.3,-1.7369655941662063,1,3,L3_066,146,1.5385215222088968,,
0.3,-1.7369655941662063,1,3,L3_067,147,0.5665144852105072,,
0.3,-1.7369655941662063,1,3,L3_068,148,-0.26568923255668186,,
0.3,-1.7369655941662063,1,3,L3_069,149,-0.165778406779547,,
0.3,-1.7369655941662063,1,3,L3_070,150,-0.5942489705440088,,
0.3,-1.7369655941662063,1,3,L3_071,151,0.9545922097269822,,
0.3,-1.7369655941662063,1,3,L3_072,152,-0.21103952453892522,,
0.3,-1.7369655941662063,1,3,L3_073,153,0.20570462837010295,,
0.3,-1.7369655941662063,1,3,L3_074,154,1.6469627535446199,,
0.3,-1.7369655941662063,1,3,L3_075,155,-2.367258863950186,,
0.3,-1.7369655941662063,1,3,L3_076,156,-0.7771713341929886,,
0.3,-1.7369655941662063,1,3,L3_077,157,0.660121822156635,,
0.3,-1.7369655941662063,1,3,L3_078,158,1.8303568377490287,,
0.3,-1.7369655941662063,1,3,L3_079,159,-1.356126313984738,,
0.3,-1.7369655941662063,2,2,L2_000,0,-0.6364164903323111,-0.6436045175116654,1.3180709166481601
0.3,-1.7369655941662063,2,2,L2_001,1,0.1554775857996527,-1.3114188536168572,1.0240679434706472
0.3,-1.7369655941662063,2,2,L2_002,2,-1.416846507581957,-1.8503555466768324,0.5204860226682876
0.3,-1.7369655941662063,2,2,L2_003,3,-0.6199337436658131,-1.8286759148006935,0.8171471765667275
0.3,-1.7369655941662063,2,2,L2_004,4,-0.002884302657202604,-0.5086474794479974,-0.35803736128584784
0.3,-1.7369655941662063,2,2,L2_005,5,0.8238768967567315,-0.3644296023852296,0.8315759061648493
0.3,-1.7369655941662063,2,2,L2_006,6,-2.3285886978901673,-1.4690842805659863,-0.8419800037554516
0.3,-1.7369655941662063,2,2,L2_007,7,0.9073611100053626,-1.5732722971926179,0.13027391001338026
0.3,-1.7369655941662063,2,2,L2_008,8,0.9180748719825841,-0.41374445680156346,0.4792273794127908
0.3,-1.7369655941662063,2,2,L2_009,9,0.3094938000037535,-1.3544491192068646,0.6569492576952469
0.3,-1.7369655941662063,2,2,L2_010,10,1.0839699419690705,-1.6051973032522913,0.6499609342827654
0.3,-1.7369655941662063,2,2,L2_011,11,-1.6954722371104416,-1.5383199755725063,0.8378868043093651
0.3,-1.7369655941662063,2,2,L2_012,12,-0.09757504866111277,-1.0740098299435505,-1.3874530155006604
0.3,-1.7369655941662063,2,2,L2_013,13,-0.26709748094552727,-1.4793096485913646,-0.7578574737341324
0.3,-1.7369655941662063,2,2,L2_014,14,-1.3091154129726206,-1.15751187646631,0.12125699209704772
0.3,-1.7369655941662063,2,2,L2_015,15,0.8277913816456755,-0.9027058717852051,0.27055895391111423
0.3,-1.7369655941662063,2,2,L2_016,16,-0.911957749233112,-0.6837136306413448,-0.4811825106777553
0.3,-1.7369655941662063,2,2,L2_017,17,-0.23565921817926888,-1.7335746858805785,1.1780335016464618
0.3,-1.7369655941662063,2,2,L2_018,18,-1.040190190321771,-0.6602878292877538,1.7746641454955514
0.3,-1.7369655941662063,2,2,L2_019,19,-1.4257144036406484,-0.8624140143626721,0.14832710757893175
0.3,-1.7369655941662063,2,2,L2_020,20,0.8524437743600424,-1.4228050441017777,-1.1176384105384112
0.3,-1.7369655941662063,2,2,L2_021,21,-0.7950692678802481,-1.3736523160572252,1.154261041590113
0.3,-1.7369655941662063,2,2,L2_022,22,-0.415553432761562,-0.7032795774355344,-1.2900937351703008
0.3,-1.7369655941662063,2,2,L2_023,23,-1.4315885544548173,0.34536633163852287,-0.03845998458125918
0.3,-1.7369655941662063,2,2,L2_024,24,1.0788178067002916,0.6261194843170685,0.12682938038814437
0.3,-1.7369655941662063,2,2,L2_025,25,0.34002492027931336,-1.3392732161981462,0.8924489807127715
0.3,-1.7369655941662063,2,2,L2_026,26,-0.22347888480463565,-0.9924934338507428,0.3345777398165237
0.3,-1.7369655941662063,2,2,L2_027,27,0.9361235961231648,-0.5705383492371926,-1.460634198217792
0.3,-1.7369655941662063,2,2,L2_028,28,-0.22184010151877548,-1.061685007426923,0.21565473818978725
0.3,-1.7369655941662063,2,2,L2_029,29,-0.22907986692006377,0.03803981051733201,0.5473530391051578
0.3,-1.7369655941662063,2,2,L2_030,30,-0.2233949740038567,-0.6023137990151491,-0.1776694015255718
0.3,-1.7369655941662063,2,2,L2_031,31,-0.7503248171981698,0.28827850494012935,-0.3502470612541241
0.3,-1.7369655941662063,2,2,L2_032,32,-1.1460476082555688,-0.45941702854634064,1.1514204381066113
0.3,-1.7369655941662063,2,2,L2_033,33,3.0476429232951308,-0.10118503407990828,0.987607845313007
0.3,-1.7369655941662063,2,2,L2_034,34,-0.4860091545813643,-0.6648714800827695,-1.343727196255169
0.3,-1.7369655941662063,2,2,L2_035,35,1.4965537046087038,0.074879706060542,0.6687592884798252
0.3,-1.7369655941662063,2,2,L2_036,36,-0.1771245813322691,-0.39388302284077775,0.9680885053178412
0.3,-1.7369655941662063,2,2,L2_037,37,0.9461293646122674,0.33971885639392224,0.14995468698456815
0.3,-1.7369655941662063,2,2,L2_038,38,-0.10736126542088463,-0.036790460648333925,1.4562302150997972
0.3,-1.7369655941662063,2,2,L2_039,39,0.27206282274568416,-1.1302815717085903,1.5566031611157105
0.3,-1.7369655941662063,2,2,L2_040,40,1.1313779706039562,0.909786927186188,-1.259636991464696
0.3,-1.7369655941662063,2,2,L2_041,41,1.576654397966098,0.23994732252421716,-1.719247896815123
0.3,-1.7369655941662063,2,2,L2_042,42,1.5456455596655025,0.6381953369780138,-0.8859125461595925
0.3,-1.7369655941662063,2,2,L2_043,43,1.7777523995992794,-0.22303081073973813,-1.1555231001142823
0.3,-1.7369655941662063,2,2,L2_044,44,-1.7805019070347388,-0.07794751116651882,-0.7468532356273193
0.3,-1.7369655941662063,2,2,L2_045,45,-2.755829512432805,0.16298904074310114,1.6468181167618245
0.3,-1.7369655941662063,2,2,L2_046,46,-0.6873841863912137,0.33213106265072184,1.0694272970812397
0.3,-1.7369655941662063,2,2,L2_047,47,-0.4831217421821828,1.1047431561729153,0.9841590207916543
0.3,-1.7369655941662063,2,2,L2_048,48,-0.09943247927032872,0.08623139453045325,-1.0851210997831575
0.3,-1.7369655941662063,2,2,L2_049,49,-0.5243830102756004,0.6803410154852905,-1.407278480145055
0.3,-1.7369655941662063,2,2,L2_050,50,1.5808973722998079,0.13631074337197546,-0.09441180631506679
0.3,-1.7369655941662063,2,2,L2_051,51,0.5619395069626452,0.5170080598936737,-0.8617573262668934
0.3,-1.7369655941662063,2,2,L2_052,52,-0.32318577196567083,0.6845203176940793,-0.2251940930609465
0.3,-1.7369655941662063,2,2,L2_053,53,0.8139211443372316,0.04845260295712063,-1.4075819780181211
0.3,-1.7369655941662063,2,2,L2_054,54,-0.7114708110870631,0.9269283488316707,-0.8233313008397164
0.3,-1.7369655941662063,2,2,L2_055,55,-0.6872090280138594,0.5545491499485025,-1.347654459495812
0.3,-1.7369655941662063,2,2,L2_056,56,-0.16709355431678766,0.6923295698094217,-1.3617497769324254
0.3,-1.7369655941662063,2,2,L2_057,57,0.7131169455013578,0.8998311376201511,-0.8075231283003468
0.3,-1.7369655941662063,2,2,L2_058,58,-0.38314045697544835,1.4025763007100074,-0.5422303543748236
0.3,-1.7369655941662063,2,2,L2_059,59,0.8543703474766946,1.1064426568339534,-0.8582190713514711
0.3,-1.7369655941662063,2,2,L2_060,60,0.20511948743572353,0.38774351777469945,0.9019864994741044
0.3,-1.7369655941662063,2,2,L2_061,61,0.27737315929154066,0.04111515736222047,-1.069531647336535
0.3,-1.7369655941662063,2,2,L2_062,62,0.3408153282875712,0.36824409461090263,-1.5475394880735391
0.3,-1.7369655941662063,2,2,L2_063,63,0.7328108181360915,0.3685323017413629,-1.0261001042210194
0.3,-1.7369655941662063,2,2,L2_064,64,0.6597319097389692,0.7097719754946354,1.1833195874037232
0.3,-1.7369655941662063,2,2,L2_065,65,0.2871309072688622,1.108208512350049,0.8016178947120951
0.3,-1.7369655941662063,2,2,L2_066,66,-0.7301468302598575,1.5741321003238045,0.7122327131825202
0.3,-1.7369655941662063,2,2,L2_067,67,-1.404834404008463,1.4787881723764795,-0.9568271267399231
0.3,-1.7369655941662063,2,2,L2_068,68,0.13418798186925293,0.8792759033175698,-1.3317396609923189
0.3,-1.7369655941662063,2,2,L2_069,69,0.04734386284883585,1.129736484171076,-1.1891369599880448
0.3,-1.7369655941662063,2,2,L2_070,70,1.1457030553869032,1.2680343896308508,0.28942524329381
0.3,-1.7369655941662063,2,2,L2_071,71,1.1177859807377193,0.8324111258324361,1.4223670306895515
0.3,-1.7369655941662063,2,2,L2_072,72,0.449735943809252,1.334671082450379,1.533886349742071
0.3,-1.7369655941662063,2,2,L2_073,73,0.5715763925394429,1.3798135224200963,-0.2032249276750468
0.3,-1.7369655941662063,2,2,L2_074,74,0.5498167956807727,1.2899153830129835,-1.1068909119756836
0.3,-1.7369655941662063,2,2,L2_075,75,1.0021763733534508,0.909815238663675,1.1205708639706653
0.3,-1.7369655941662063,2,2,L2_076,76,-0.9830279610439725,1.8367454793089826,1.5319934153002595
0.3,-1.7369655941662063,2,2,L2_077,77,-0.25771617444923217,1.633580667078401,1.3394579909451896
0.3,-1.7369655941662063,2,2,L2_078,78,-1.1704099767737224,1.0361436915213504,-0.19827246264988024
0.3,-1.7369655941662063,2,2,L2_079,79,-0.72961634287917,1.765778759874626,-0.6820677483165787
0.3,-1.7369655941662063,2,3,L3_000,80,1.1352984944484454,,
0.3,-1.7369655941662063,2,3,L3_001,81,0.8511197096290026,,
0.3,-1.7369655941662063,2,3,L3_002,82,0.8377655602839121,,
0.3,-1.7369655941662063,2,3,L3_003,83,0.7877236630002235,,
0.3,-1.7369655941662063,2,3,L3_004,84,-1.420454849152187,,
0.3,-1.7369655941662063,2,3,L3_005,85,-0.5071309584737556,,
0.3,-1.7369655941662063,2,3,L3_006,86,2.5212428354849963,,
0.3,-1.7369655941662063,2,3,L3_007,87,1.4775328875682767,,
0.3,-1.7369655941662063,2,3,L3_008,88,1.672694672419396,,
0.3,-1.7369655941662063,2,3,L3_009,89,2.134241466661261,,
0.3,-1.7369655941662063,2,3,L3_010,90,-1.4793608061684176,,
0.3,-1.7369655941662063,2,3,L3_011,91,-1.057795773053879,,
0.3,-1.7369655941662063,2,3,L3_012,92,-0.15192326742821646,,
0.3,-1.7369655941662063,2,3,L3_013,93,-2.073889951690729,,
0.3,-1.7369655941662063,2,3,L3_014,94,2.026468549744513,,
0.3,-1.7369655941662063,2,3,L3_015,95,-1.6325582403154681,,
0.3,-1.7369655941662063,2,3,L3_016,96,0.29804972843375094,,
0.3,-1.7369655941662063,2,3,L3_017,97,0.5000198084705564,,
0.3,-1.7369655941662063,2,3,L3_018,98,0.08090352312320931,,
0.3,-1.7369655941662063,2,3,L3_019,99,1.0470722166155377,,
0.3,-1.7369655941662063,2,3,L3_020,100,-0.43487009498096474,,
0.3,-1.7369655941662063,2,3,L3_021,101,-1.9376750289451359,,
0.3,-1.7369655941662063,2,3,L3_022,102,-0.2617121764558924,,
0.3,-1.7369655941662063,2,3,L3_023,103,-0.18774836210887455,,
0.3,-1.7369655941662063,2,3,L3_024,104,0.8484457436882096,,
0.3,-1.7369655941662063,2,3,L3_025,105,-0.842250223541251,,
0.3,-1.7369655941662063,2,3,L3_026,106,-1.3042541665666687,,
0.3,-1.7369655941662063,2,3,L3_027,107,1.11880128460996,,
0.3,-1.7369655941662063,2,3,L3_028,108,-0.6202021268826367,,
0.3,-1.7369655941662063,2,3,L3_029,109,0.8129490078445958,,
0.3,-1.7369655941662063,2,3,L3_030,110,-1.104075814860868,,
0.3,-1.7369655941662063,2,3,L3_031,111,-0.14873865885124932,,
0.3,-1.7369655941662063,2,3,L3_032,112,0.9597808300375887,,
0.3,-1.7369655941662063,2,3,L3_033,113,-0.8815056386744524,,
0.3,-1.7369655941662063,2,3,L3_034,114,0.014860985434767854,,
0.3,-1.7369655941662063,2,3,L3_035,115,-0.6799126641063826,,
0.3,-1.7369655941662063,2,3,L3_036,116,-1.2616127197086724,,
0.3,-1.7369655941662063,2,3,L3_037,117,-1.1599012943634797,,
0.3,-1.7369655941662063,2,3,L3_038,118,-0.4408834822148637,,
0.3,-1.7369655941662063,2,3,L3_039,119,0.6539547792890847,,
0.3,-1.7369655941662063,2,3,L3_040,120,-0.582695110071079,,
0.3,-1.7369655941662063,2,3,L3_041,121,0.4121742062894588,,
0.3,-1.7369655941662063,2,3,L3_042,122,-0.6870182743125958,,
0.3,-1.7369655941662063,2,3,L3_043,123,0.13770893276021884,,
0.3,-1.7369655941662063,2,3,L3_044,124,-0.48600328861526215,,
0.3,-1.7369655941662063,2,3,L3_045,125,0.5382461209060106,,
0.3,-1.7369655941662063,2,3,L3_046,126,-0.8786811314047376,,
0.3,-1.7369655941662063,2,3,L3_047,127,0.6822124025430495,,
0.3,-1.7369655941662063,2,3,L3_048,128,0.19076136421432968,,
0.3,-1.7369655941662063,2,3,L3_049,129,-0.46590525733490723,,
0.3,-1.7369655941662063,2,3,L3_050,130,0.9927230234129032,,
0.3,-1.7369655941662063,2,3,L3_051,131,-0.869146877866367,,
0.3,-1.7369655941662063,2,3,L3_052,132,-0.4460605120315659,,
0.3,-1.7369655941662063,2,3,L3_053,133,0.4666674866371896,,
0.3,-1.7369655941662063,2,3,L3_054,134,-0.18916058128718535,,
0.3,-1.7369655941662063,2,3,L3_055,135,0.4239929851996679,,
0.3,-1.7369655941662063,2,3,L3_056,136,2.489931282423354,,
0.3,-1.7369655941662063,2,3,L3_057,137,-0.4409333289213628,,
0.3,-1.7369655941662063,2,3,L3_058,138,-0.5217922347276025,,
0.3,-1.7369655941662063,2,3,L3_059,139,-0.4475005779920781,,
0.3,-1.7369655941662063,2,3,L3_060,140,1.0595906281348968,,
0.3,-1.7369655941662063,2,3,L3_061,141,0.14378400803106248,,
0.3,-1.7369655941662063,2,3,L3_062,142,-0.9002022398195677,,
0.3,-1.7369655941662063,2,3,L3_063,143,0.9103041987910969,,
0.3,-1.7369655941662063,2,3,L3_064,144,0.3959672408782566,,
0.3,-1.7369655941662063,2,3,L3_065,145,-0.5205937645423008,,
0.3,-1.7369655941662063,2,3,L3_066,146,-0.15244510224634067,,
0.3,-1.7369655941662063,2,3,L3_067,147,-1.2922452614479074,,
0.3,-1.7369655941662063,2,3,L3_068,148,1.23402813546214,,
0.3,-1.7369655941662063,2,3,L3_069,149,0.564972803310668,,
0.3,-1.7369655941662063,2,3,L3_070,150,-1.4809187782546263,,
0.3,-1.7369655941662063,2,3,L3_071,151,0.2886715839304533,,
0.3,-1.7369655941662063,2,3,L3_072,152,-0.4150884319095031,,
0.3,-1.7369655941662063,2,3,L3_073,153,0.1862820256701609,,
0.3,-1.7369655941662063,2,3,L3_074,154,0.071218910519766,,
0.3,-1.7369655941662063,2,3,L3_075,155,-0.6797099287147074,,
0.3,-1.7369655941662063,2,3,L3_076,156,0.32639653342903946,,
0.3,-1.7369655941662063,2,3,L3_077,157,1.5735199192525333,,
0.3,-1.7369655941662063,2,3,L3_078,158,-0.8180796632310683,,
0.3,-1.7369655941662063,2,3,L3_079,159,-1.0054428953086834,,
0.3,-1.7369655941662063,3,2,L2_000,0,0.3258495771137348,-0.6436045175116654,1.3180709166481601
0.3,-1.7369655941662063,3,2,L2_001,1,-0.2563889730303003,-1.3114188536168572,1.0240679434706472
0.3,-1.7369655941662063,3,2,L2_002,2,1.0366911150410978,-1.8503555466768324,0.5204860226682876
0.3,-1.7369655941662063,3,2,L2_003,3,-0.17807379453464067,-1.8286759148006935,0.8171471765667275
0.3,-1.7369655941662063,3,2,L2_004,4,-0.6580656751209274,-0.5086474794479974,-0.35803736128584784
0.3,-1.7369655941662063,3,2,L2_005,5,-1.051158424253488,-0.3644296023852296,0.8315759061648493
0.3,-1.7369655941662063,3,2,L2_006,6,0.5578591597271743,-1.4690842805659863,-0.8419800037554516
0.3,-1.7369655941662063,3,2,L2_007,7,0.582527071557518,-1.5732722971926179,0.13027391001338026
0.3,-1.7369655941662063,3,2,L2_008,8,1.426146718422543,-0.41374445680156346,0.4792273794127908
0.3,-1.7369655941662063,3,2,L2_009,9,-0.1303268274636246,-1.3544491192068646,0.6569492576952469
0.3,-1.7369655941662063,3,2,L2_010,10,-1.520653787453266,-1.6051973032522913,0.6499609342827654
0.3,-1.7369655941662063,3,2,L2_011,11,-0.16041028517433825,-1.5383199755725063,0.8378868043093651
0.3,-1.7369655941662063,3,2,L2_012,12,-0.23953870212504602,-1.0740098299435505,-1.3874530155006604
0.3,-1.7369655941662063,3,2,L2_013,13,-2.6446531696924027,-1.4793096485913646,-0.7578574737341324
0.3,-1.7369655941662063,3,2,L2_014,14,0.6136703829383452,-1.15751187646631,0.12125699209704772
0.3,-1.7369655941662063,3,2,L2_015,15,-1.6077519153952191,-0.9027058717852051,0.27055895391111423
0.3,-1.7369655941662063,3,2,L2_016,16,0.20134215214925974,-0.6837136306413448,-0.4811825106777553
0.3,-1.7369655941662063,3,2,L2_017,17,-2.744572701436639,-1.7335746858805785,1.1780335016464618
0.3,-1.7369655941662063,3,2,L2_018,18,0.44355707227600666,-0.6602878292877538,1.7746641454955514
0.3,-1.7369655941662063,3,2,L2_019,19,0.3320458724743445,-0.8624140143626721,0.14832710757893175
0.3,-1.7369655941662063,3,2,L2_020,20,0.25207592538171186,-1.4228050441017777,-1.1176384105384112
0.3,-1.7369655941662063,3,2,L2_021,21,0.3673900895500927,-1.3736523160572252,1.154261041590113
0.3,-1.7369655941662063,3,2,L2_022,22,-0.20489784381904233,-0.7032795774355344,-1.2900937351703008
0.3,-1.7369655941662063,3,2,L2_023,23,-0.3875902917113384,0.34536633163852287,-0.03845998458125918
0.3,-1.7369655941662063,3,2,L2_024,24,0.2338720625923468,0.6261194843170685,0.12682938038814437
0.3,-1.7369655941662063,3,2,L2_025,25,-1.219520010173918,-1.3392732161981462,0.8924489807127715
0.3,-1.7369655941662063,3,2,L2_026,26,1.7630549489074392,-0.9924934338507428,0.3345777398165237
0.3,-1.7369655941662063,3,2,L2_027,27,-0.4182704237502029,-0.5705383492371926,-1.460634198217792
0.3,-1.7369655941662063,3,2,L2_028,28,-0.5469616921107942,-1.061685007426923,0.21565473818978725
0.3,-1.7369655941662063,3,2,L2_029,29,0.10460121961771644,0.03803981051733201,0.5473530391051578
0.3,-1.7369655941662063,3,2,L2_030,30,0.5055343534774114,-0.6023137990151491,-0.1776694015255718
0.3,-1.7369655941662063,3,2,L2_031,31,0.6001760060579254,0.28827850494012935,-0.3502470612541241
0.3,-1.7369655941662063,3,2,L2_032,32,-0.02454932495424398,-0.45941702854634064,1.1514204381066113
0.3,-1.7369655941662063,3,2,L2_033,33,-0.3360283133606928,-0.10118503407990828,0.987607845313007
0.3,-1.7369655941662063,3,2,L2_034,34,-0.7491111858952988,-0.6648714800827695,-1.343727196255169
0.3,-1.7369655941662063,3,2,L2_035,35,0.09483880693199614,0.074879706060542,0.6687592884798252
0.3,-1.7369655941662063,3,2,L2_036,36,1.6219971098765105,-0.39388302284077775,0.9680885053178412
0.3,-1.7369655941662063,3,2,L2_037,37,0.5858596873442485,0.33971885639392224,0.14995468698456815
0.3,-1.7369655941662063,3,2,L2_038,38,1.2326017759218761,-0.036790460648333925,1.4562302150997972
0.3,-1.7369655941662063,3,2,L2_039,39,0.6299726556046991,-1.1302815717085903,1.5566031611157105
0.3,-1.7369655941662063,3,2,L2_040,40,-0.4786649381931459,0.909786927186188,-1.259636991464696
0.3,-1.7369655941662063,3,2,L2_041,41,-0.35730519013224366,0.23994732252421716,-1.719247896815123
0.3,-1.7369655941662063,3,2,L2_042,42,1.9752751010706522,0.6381953369780138,-0.8859125461595925
0.3,-1.7369655941662063,3,2,L2_043,43,-0.9087827061716706,-0.22303081073973813,-1.1555231001142823
0.3,-1.7369655941662063,3,2,L2_044,44,0.36550413161665435,-0.07794751116651882,-0.7468532356273193
0.3,-1.7369655941662063,3,2,L2_045,45,0.6720001459901498,0.16298904074310114,1.6468181167618245
0.3,-1.7369655941662063,3,2,L2_046,46,-2.3009746142646232,0.33213106265072184,1.0694272970812397
0.3,-1.7369655941662063,3,2,L2_047,47,1.767541038576988,1.1047431561729153,0.9841590207916543
0.3,-1.7369655941662063,3,2,L2_048,48,1.1163482519721746,0.08623139453045325,-1.0851210997831575
0.3,-1.7369655941662063,3,2,L2_049,49,0.5907983503625976,0.6803410154852905,-1.407278480145055
0.3,-1.7369655941662063,3,2,L2_050,50,1.6068415290997289,0.13631074337197546,-0.09441180631506679
0.3,-1.7369655941662063,3,2,L2_051,51,-1.121313208390259,0.5170080598936737,-0.8617573262668934
0.3,-1.7369655941662063,3,2,L2_052,52,0.6604911098006273,0.6845203176940793,-0.2251940930609465
0.3,-1.7369655941662063,3,2,L2_053,53,1.0088030437698121,0.04845260295712063,-1.4075819780181211
0.3,-1.7369655941662063,3,2,L2_054,54,-0.19306018715082274,0.9269283488316707,-0.8233313008397164
0.3,-1.7369655941662063,3,2,L2_055,55,0.5107598417041374,0.5545491499485025,-1.347654459495812
0.3,-1.7369655941662063,3,2,L2_056,56,-0.26474221439179707,0.6923295698094217,-1.3617497769324254
0.3,-1.7369655941662063,3,2,L2_057,57,0.8236109867184612,0.8998311376201511,-0.8075231283003468
0.3,-1.7369655941662063,3,2,L2_058,58,0.20557762639960256,1.4025763007100074,-0.5422303543748236
0.3,-1.7369655941662063,3,2,L2_059,59,-0.8845782632028624,1.1064426568339534,-0.8582190713514711
0.3,-1.7369655941662063,3,2,L2_060,60,-2.1296367871471533,0.38774351777469945,0.9019864994741044
0.3,-1.7369655941662063,3,2,L2_061,61,-0.5544624871607948,0.04111515736222047,-1.069531647336535
0.3,-1.7369655941662063,3,2,L2_062,62,-1.4345562529568223,0.36824409461090263,-1.5475394880735391
0.3,-1.7369655941662063,3,2,L2_063,63,1.0891213639535828,0.3685323017413629,-1.0261001042210194
0.3,-1.7369655941662063,3,2,L2_064,64,-1.2520018285244525,0.7097719754946354,1.1833195874037232
0.3,-1.7369655941662063,3,2,L2_065,65,0.1534435676630007,1.108208512350049,0.8016178947120951
0.3,-1.7369655941662063,3,2,L2_066,66,0.261412888990274,1.5741321003238045,0.7122327131825202
0.3,-1.7369655941662063,3,2,L2_067,67,-0.7753850715478681,1.4787881723764795,-0.9568271267399231
0.3,-1.7369655941662063,3,2,L2_068,68,0.4518207405133999,0.8792759033175698,-1.3317396609923189
0.3,-1.7369655941662063,3,2,L2_069,69,-1.1144143461602765,1.129736484171076,-1.1891369599880448
0.3,-1.7369655941662063,3,2,L2_070,70,0.2917725351782866,1.2680343896308508,0.28942524329381
0.3,-1.7369655941662063,3,2,L2_071,71,-0.25584547368823174,0.8324111258324361,1.4223670306895515
0.3,-1.7369655941662063,3,2,L2_072,72,-1.4937796657447944,1.334671082450379,1.533886349742071
0.3,-1.7369655941662063,3,2,L2_073,73,1.099922343604898,1.3798135224200963,-0.2032249276750468
0.3,-1.7369655941662063,3,2,L2_074,74,1.8574112657591035,1.2899153830129835,-1.1068909119756836
0.3,-1.7369655941662063,3,2,L2_075,75,0.6019686223886727,0.909815238663675,1.1205708639706653
0.3,-1.7369655941662063,3,2,L2_076,76,-0.3770450598079213,1.8367454793089826,1.5319934153002595
0.3,-1.7369655941662063,3,2,L2_077,77,0.17339838020141984,1.633580667078401,1.3394579909451896
0.3,-1.7369655941662063,3,2,L2_078,78,-0.2981076149582222,1.0361436915213504,-0.19827246264988024
0.3,-1.7369655941662063,3,2,L2_079,79,0.47769262275100977,1.765778759874626,-0.6820677483165787
0.3,-1.7369655941662063,3,3,L3_000,80,-1.1575284552546645,,
0.3,-1.7369655941662063,3,3,L3_001,81,0.802520466264338,,
0.3,-1.7369655941662063,3,3,L3_002,82,1.8526862668578212,,
0.3,-1.7369655941662063,3,3,L3_003,83,-1.512199698308706,,
0.3,-1.7369655941662063,3,3,L3_004,84,0.9123605705284998,,
0.3,-1.7369655941662063,3,3,L3_005,85,2.1648581924183,,
0.3,-1.7369655941662063,3,3,L3_006,86,-0.7188749615060074,,
0.3,-1.7369655941662063,3,3,L3_007,87,0.4621581737765566,,
0.3,-1.7369655941662063,3,3,L3_008,88,-0.6400979409065646,,
0.3,-1.7369655941662063,3,3,L3_009,89,1.4191173238454489,,
0.3,-1.7369655941662063,3,3,L3_010,90,0.35300969260606313,,
0.3,-1.7369655941662063,3,3,L3_011,91,-0.33395296036206285,,
0.3,-1.7369655941662063,3,3,L3_012,92,-0.23168731002943715,,
0.3,-1.7369655941662063,3,3,L3_013,93,-0.28486529392973853,,
0.3,-1.7369655941662063,3,3,L3_014,94,0.08202159124429913,,
0.3,-1.7369655941662063,3,3,L3_015,95,1.6453802785269398,,
0.3,-1.7369655941662063,3,3,L3_016,96,1.247190167481419,,
0.3,-1.7369655941662063,3,3,L3_017,97,-1.1171704077487732,,
0.3,-1.7369655941662063,3,3,L3_018,98,-0.24911989837718546,,
0.3,-1.7369655941662063,3,3,L3_019,99,0.3312468658395391,,
0.3,-1.7369655941662063,3,3,L3_020,100,0.40128292315473063,,
0.3,-1.7369655941662063,3,3,L3_021,101,-1.896391107249344,,
0.3,-1.7369655941662063,3,3,L3_022,102,2.217704692485225,,
0.3,-1.7369655941662063,3,3,L3_023,103,-0.9689945162532941,,
0.3,-1.7369655941662063,3,3,L3_024,104,1.0341015987076,,
0.3,-1.7369655941662063,3,3,L3_025,105,-0.4254525034503429,,
0.3,-1.7369655941662063,3,3,L3_026,106,-0.3489155745084988,,
0.3,-1.7369655941662063,3,3,L3_027,107,0.18831508472569794,,
0.3,-1.7369655941662063,3,3,L3_028,108,-0.0709475823377384,,
0.3,-1.7369655941662063,3,3,L3_029,109,1.3067318798115284,,
0.3,-1.7369655941662063,3,3,L3_030,110,-0.6145941509952108,,
0.3,-1.7369655941662063,3,3,L3_031,111,0.17970817567474376,,
0.3,-1.7369655941662063,3,3,L3_032,112,-0.359023388237878,,
0.3,-1.7369655941662063,3,3,L3_033,113,0.07898920101263641,,
0.3,-1.7369655941662063,3,3,L3_034,114,0.2241681408672211,,
0.3,-1.7369655941662063,3,3,L3_035,115,-0.35610846078441344,,
0.3,-1.7369655941662063,3,3,L3_036,116,-1.4427868690079355,,
0.3,-1.7369655941662063,3,3,L3_037,117,-0.4118915025441657,,
0.3,-1.7369655941662063,3,3,L3_038,118,-0.09873861331057275,,
0.3,-1.7369655941662063,3,3,L3_039,119,0.7285432551631212,,
0.3,-1.7369655941662063,3,3,L3_040,120,-1.4184553010470864,,
0.3,-1.7369655941662063,3,3,L3_041,121,0.11972660033564828,,
0.3,-1.7369655941662063,3,3,L3_042,122,-0.6676334902891446,,
0.3,-1.7369655941662063,3,3,L3_043,123,-1.7382064914175268,,
0.3,-1.7369655941662063,3,3,L3_044,124,1.4913335445686817,,
0.3,-1.7369655941662063,3,3,L3_045,125,-0.8376027217699021,,
0.3,-1.7369655941662063,3,3,L3_046,126,1.7791799022417953,,
0.3,-1.7369655941662063,3,3,L3_047,127,-0.879737141341837,,
0.3,-1.7369655941662063,3,3,L3_048,128,0.02362817564539754,,
0.3,-1.7369655941662063,3,3,L3_049,129,-0.9946050443998864,,
0.3,-1.7369655941662063,3,3,L3_050,130,0.9445536948213161,,
0.3,-1.7369655941662063,3,3,L3_051,131,-0.40869364607259345,,
0.3,-1.7369655941662063,3,3,L3_052,132,-2.953131025763791,,
0.3,-1.7369655941662063,3,3,L3_053,133,0.7928763282667706,,
0.3,-1.7369655941662063,3,3,L3_054,134,-0.9554487004439928,,
0.3,-1.7369655941662063,3,3,L3_055,135,0.9802415170842239,,
0.3,-1.7369655941662063,3,3,L3_056,136,-0.07364414471885182,,
0.3,-1.7369655941662063,3,3,L3_057,137,0.971495471046338,,
0.3,-1.7369655941662063,3,3,L3_058,138,-0.6494852618207514,,
0.3,-1.7369655941662063,3,3,L3_059,139,-0.13143153177473507,,
0.3,-1.7369655941662063,3,3,L3_060,140,-0.28490841864684974,,
0.3,-1.7369655941662063,3,3,L3_061,141,-0.34567522470001255,,
0.3,-1.7369655941662063,3,3,L3_062,142,-1.299021536652269,,
0.3,-1.7369655941662063,3,3,L3_063,143,0.765984725410996,,
0.3,-1.7369655941662063,3,3,L3_064,144,-0.4785947217328245,,
0.3,-1.7369655941662063,3,3,L3_065,145,-1.6548057468914836,,
0.3,-1.7369655941662063,3,3,L3_066,146,-0.6327196960473129,,
0.3,-1.7369655941662063,3,3,L3_067,147,0.8009672729037924,,
0.3,-1.7369655941662063,3,3,L3_068,148,-0.47624167213423557,,
0.3,-1.7369655941662063,3,3,L3_069,149,1.697022837201772,,
0.3,-1.7369655941662063,3,3,L3_070,150,-0.2113376034390867,,
0.3,-1.7369655941662063,3,3,L3_071,151,0.44431024531684565,,
0.3,-1.7369655941662063,3,3,L3_072,152,-0.23562103472734172,,
0.3,-1.7369655941662063,3,3,L3_073,153,0.9294632222276522,,
0.3,-1.7369655941662063,3,3,L3_074,154,0.10161921118310821,,
0.3,-1.7369655941662063,3,3,L3_075,155,1.6351468528099686,,
0.3,-1.7369655941662063,3,3,L3_076,156,0.09757322740778658,,
0.3,-1.7369655941662063,3,3,L3_077,157,-0.45669325062944865,,
0.3,-1.7369655941662063,3,3,L3_078,158,-0.6507496648776508,,
0.3,-1.7369655941662063,3,3,L3_079,159,0.4665668969775576,,
0.45,-1.15200309344505,0,2,L2_000,0,-1.590876756509697,-0.6436045175116654,1.3180709166481601
0.45,-1.15200309344505,0,2,L2_001,1,0.20519743324246328,-1.3114188536168572,1.0240679434706472
0.45,-1.15200309344505,0,2,L2_002,2,-1.3974762406461592,-1.8503555466768324,0.5204860226682876
0.45,-1.15200309344505,0,2,L2_003,3,1.9381145329457796,-1.8286759148006935,0.8171471765667275
0.45,-1.15200309344505,0,2,L2_004,4,0.01644580037528298,-0.5086474794479974,-0.35803736128584784
0.45,-1.15200309344505,0,2,L2_005,5,-0.3848976411600631,-0.3644296023852296,0.8315759061648493
0.45,-1.15200309344505,0,2,L2_006,6,1.990674817221135,-1.4690842805659863,-0.8419800037554516
0.45,-1.15200309344505,0,2,L2_007,7,-0.9625319852432109,-1.5732722971926179,0.13027391001338026
0.45,-1.15200309344505,0,2,L2_008,8,1.2539412618823003,-0.41374445680156346,0.4792273794127908
0.45,-1.15200309344505,0,2,L2_009,9,0.11090098475953183,-1.3544491192068646,0.6569492576952469
0.45,-1.15200309344505,0,2,L2_010,10,0.42607126793517025,-1.6051973032522913,0.6499609342827654
0.45,-1.15200309344505,0,2,L2_011,11,-1.0280160236116103,-1.5383199755725063,0.8378868043093651
0.45,-1.15200309344505,0,2,L2_012,12,-0.8758756141812387,-1.0740098299435505,-1.3874530155006604
0.45,-1.15200309344505,0,2,L2_013,13,0.5325727543334119,-1.4793096485913646,-0.7578574737341324
0.45,-1.15200309344505,0,2,L2_014,14,-1.9904467081870314,-1.15751187646631,0.12125699209704772
0.45,-1.15200309344505,0,2,L2_015,15,-0.0018732946107930049,-0.9027058717852051,0.27055895391111423
0.45,-1.15200309344505,0,2,L2_016,16,0.41356389031829005,-0.6837136306413448,-0.4811825106777553
0.45,-1.15200309344505,0,2,L2_017,17,-1.5182334884701059,-1.7335746858805785,1.1780335016464618
0.45,-1.15200309344505,0,2,L2_018,18,1.0316039080624473,-0.6602878292877538,1.7746641454955514
0.45,-1.15200309344505,0,2,L2_019,19,0.9653162290728233,-0.8624140143626721,0.14832710757893175
0.45,-1.15200309344505,0,2,L2_020,20,0.3258182890121448,-1.4228050441017777,-1.1176384105384112
0.45,-1.15200309344505,0,2,L2_021,21,-0.30691968772495404,-1.3736523160572252,1.154261041590113
0.45,-1.15200309344505,0,2,L2_022,22,-0.6907800250226341,-0.7032795774355344,-1.2900937351703008
0.45,-1.15200309344505,0,2,L2_023,23,0.23921494024602877,0.34536633163852287,-0.03845998458125918
0.45,-1.15200309344505,0,2,L2_024,24,-1.466618876958539,0.6261194843170685,0.12682938038814437
0.45,-1.15200309344505,0,2,L2_025,25,-0.8482534054022719,-1.3392732161981462,0.8924489807127715
0.45,-1.15200309344505,0,2,L2_026,26,0.553980754061106,-0.9924934338507428,0.3345777398165237
0.45,-1.15200309344505,0,2,L2_027,27,0.0005438971338543571,-0.5705383492371926,-1.460634198217792
0.45,-1.15200309344505,0,2,L2_028,28,2.4614640780881234,-1.061685007426923,0.21565473818978725
0.45,-1.15200309344505,0,2,L2_029,29,-0.6934454802085851,0.03803981051733201,0.5473530391051578
0.45,-1.15200309344505,0,2,L2_030,30,1.114207902502034,-0.6023137990151491,-0.1776694015255718
0.45,-1.15200309344505,0,2,L2_031,31,-0.10996671087517113,0.28827850494012935,-0.3502470612541241
0.45,-1.15200309344505,0,2,L2_032,32,0.6809143353742032,-0.45941702854634064,1.1514204381066113
0.45,-1.15200309344505,0,2,L2_033,33,0.28660030822677995,-0.10118503407990828,0.987607845313007
0.45,-1.15200309344505,0,2,L2_034,34,-1.6428699315118804,-0.6648714800827695,-1.343727196255169
0.45,-1.15200309344505,0,2,L2_035,35,-0.06539602318372047,0.074879706060542,0.6687592884798252
0.45,-1.15200309344505,0,2,L2_036,36,-1.2337481811446358,-0.39388302284077775,0.9680885053178412
0.45,-1.15200309344505,0,2,L2_037,37,1.8485929201636822,0.33971885639392224,0.14995468698456815
0.45,-1.15200309344505,0,2,L2_038,38,1.0804965131522368,-0.036790460648333925,1.4562302150997972
0.45,-1.15200309344505,0,2,L2_039,39,0.3526753191612088,-1.1302815717085903,1.5566031611157105
0.45,-1.15200309344505,0,2,L2_040,40,-0.937441696279173,0.909786927186188,-1.259636991464696
0.45,-1.15200309344505,0,2,L2_041,41,1.043970097872168,0.23994732252421716,-1.719247896815123
0.45,-1.15200309344505,0,2,L2_042,42,-1.6223710917685292,0.6381953369780138,-0.8859125461595925
0.45,-1.15200309344505,0,2,L2_043,43,1.1497318598005117,-0.22303081073973813,-1.1555231001142823
0.45,-1.15200309344505,0,2,L2_044,44,0.377887202761317,-0.07794751116651882,-0.7468532356273193
0.45,-1.15200309344505,0,2,L2_045,45,-0.7108950375263016,0.16298904074310114,1.6468181167618245
0.45,-1.15200309344505,0,2,L2_046,46,-0.5827075490777731,0.33213106265072184,1.0694272970812397
0.45,-1.15200309344505,0,2,L2_047,47,-0.6947333459544937,1.1047431561729153,0.9841590207916543
0.45,-1.15200309344505,0,2,L2_048,48,1.6716192692077778,0.08623139453045325,-1.0851210997831575
0.45,-1.15200309344505,0,2,L2_049,49,-1.460198617884583,0.6803410154852905,-1.407278480145055
0.45,-1.15200309344505,0,2,L2_050,50,0.6043886589780004,0.13631074337197546,-0.09441180631506679
0.45,-1.15200309344505,0,2,L2_051,51,-0.07240446205754919,0.5170080598936737,-0.8617573262668934
0.45,-1.15200309344505,0,2,L2_052,52,0.16838459353733454,0.6845203176940793,-0.2251940930609465
0.45,-1.15200309344505,0,2,L2_053,53,0.6787727986965572,0.04845260295712063,-1.4075819780181211
0.45,-1.15200309344505,0,2,L2_054,54,-0.5670957767450705,0.9269283488316707,-0.8233313008397164
0.45,-1.15200309344505,0,2,L2_055,55,-0.43766860613717606,0.5545491499485025,-1.347654459495812
0.45,-1.15200309344505,0,2,L2_056,56,-0.765160810100689,0.6923295698094217,-1.3617497769324254
0.45,-1.15200309344505,0,2,L2_057,57,0.1820802833680946,0.8998311376201511,-0.8075231283003468
0.45,-1.15200309344505,0,2,L2_058,58,-0.1831749293135521,1.4025763007100074,-0.5422303543748236
0.45,-1.15200309344505,0,2,L2_059,59,0.28327781382295497,1.1064426568339534,-0.8582190713514711
0.45,-1.15200309344505,0,2,L2_060,60,0.7042934125981699,0.38774351777469945,0.9019864994741044
0.45,-1.15200309344505,0,2,L2_061,61,0.598989577151455,0.04111515736222047,-1.069531647336535
0.45,-1.15200309344505,0,2,L2_062,62,-1.2393977008706911,0.36824409461090263,-1.5475394880735391
0.45,-1.15200309344505,0,2,L2_063,63,0.2997493821010521,0.3685323017413629,-1.0261001042210194
0.45,-1.15200309344505,0,2,L2_064,64,0.08477807144206967,0.7097719754946354,1.1833195874037232
0.45,-1.15200309344505,0,2,L2_065,65,-1.026789476013647,1.108208512350049,0.8016178947120951
0.45,-1.15200309344505,0,2,L2_066,66,-1.2073277397607742,1.5741321003238045,0.7122327131825202
0.45,-1.15200309344505,0,2,L2_067,67,1.5637753701623953,1.4787881723764795,-0.9568271267399231
0.45,-1.15200309344505,0,2,L2_068,68,1.4752435328705107,0.8792759033175698,-1.3317396609923189
0.45,-1.15200309344505,0,2,L2_069,69,-1.7099289785808947,1.129736484171076,-1.1891369599880448
0.45,-1.15200309344505,0,2,L2_070,70,1.0637517021468994,1.2680343896308508,0.28942524329381
0.45,-1.15200309344505,0,2,L2_071,71,-0.5813622524103683,0.8324111258324361,1.4223670306895515
0.45,-1.15200309344505,0,2,L2_072,72,0.10549688470673821,1.334671082450379,1.533886349742071
0.45,-1.15200309344505,0,2,L2_073,73,0.35560810338216836,1.3798135224200963,-0.2032249276750468
0.45,-1.15200309344505,0,2,L2_074,74,0.9798154887430254,1.2899153830129835,-1.1068909119756836
0.45,-1.15200309344505,0,2,L2_075,75,-0.49424495824823483,0.909815238663675,1.1205708639706653
0.45,-1.15200309344505,0,2,L2_076,76,0.8111773084305707,1.8367454793089826,1.5319934153002595
0.45,-1.15200309344505,0,2,L2_077,77,-1.2711498861209756,1.633580667078401,1.3394579909451896
0.45,-1.15200309344505,0,2,L2_078,78,0.9027794136712222,1.0361436915213504,-0.19827246264988024
0.45,-1.15200309344505,0,2,L2_079,79,-0.5622039732181887,1.765778759874626,-0.6820677483165787
0.45,-1.15200309344505,0,3,L3_000,80,-1.0661228308179473,,
0.45,-1.15200309344505,0,3,L3_001,81,-1.0805535485899842,,
0.45,-1.15200309344505,0,3,L3_002,82,-0.6263937610515852,,
0.45,-1.15200309344505,0,3,L3_003,83,-0.5552682122585912,,
0.45,-1.15200309344505,0,3,L3_004,84,0.5897450079221395,,
0.45,-1.15200309344505,0,3,L3_005,85,0.9239500929849,,
0.45,-1.15200309344505,0,3,L3_006,86,1.291987485722475,,
0.45,-1.15200309344505,0,3,L3_007,87,0.0802560243662068,,
0.45,-1.15200309344505,0,3,L3_008,88,-0.13480796631528663,,
0.45,-1.15200309344505,0,3,L3_009,89,1.1941738624693683,,
0.45,-1.15200309344505,0,3,L3_010,90,-1.4962791134829787,,
0.45,-1.15200309344505,0,3,L3_011,91,1.1907289882833432,,
0.45,-1.15200309344505,0,3,L3_012,92,0.3569828108021653,,
0.45,-1.15200309344505,0,3,L3_013,93,-0.3806787652874527,,
0.45,-1.15200309344505,0,3,L3_014,94,0.8954623242979693,,
0.45,-1.15200309344505,0,3,L3_015,95,1.3605833982660143,,
0.45,-1.15200309344505,0,3,L3_016,96,-0.06995589266967438,,
0.45,-1.15200309344505,0,3,L3_017,97,-2.350483814119757,,
0.45,-1.15200309344505,0,3,L3_018,98,0.4404850388532831,,
0.45,-1.15200309344505,0,3,L3_019,99,0.4296050927135414,,
0.45,-1.15200309344505,0,3,L3_020,100,-0.9958949194384994,,
0.45,-1.15200309344505,0,3,L3_021,101,0.23840496841220316,,
0.45,-1.15200309344505,0,3,L3_022,102,-0.42820480105005704,,
0.45,-1.15200309344505,0,3,L3_023,103,0.42553137403993824,,
0.45,-1.15200309344505,0,3,L3_024,104,1.9464520547872561,,
0.45,-1.15200309344505,0,3,L3_025,105,-0.024268442918282937,,
0.45,-1.15200309344505,0,3,L3_026,106,0.5508615077831205,,
0.45,-1.15200309344505,0,3,L3_027,107,1.3265201497420935,,
0.45,-1.15200309344505,0,3,L3_028,108,0.692596439537843,,
0.45,-1.15200309344505,0,3,L3_029,109,0.60236909302253,,
0.45,-1.15200309344505,0,3,L3_030,110,0.3254868174082323,,
0.45,-1.15200309344505,0,3,L3_031,111,-2.0474125896249187,,
0.45,-1.15200309344505,0,3,L3_032,112,-0.1710635150621773,,
0.45,-1.15200309344505,0,3,L3_033,113,0.8907599435065814,,
0.45,-1.15200309344505,0,3,L3_034,114,-0.2303396745065824,,
0.45,-1.15200309344505,0,3,L3_035,115,-2.188845762796677,,
0.45,-1.15200309344505,0,3,L3_036,116,-0.39959566306697564,,
0.45,-1.15200309344505,0,3,L3_037,117,-1.0780911292261661,,
0.45,-1.15200309344505,0,3,L3_038,118,-0.5201222331561479,,
0.45,-1.15200309344505,0,3,L3_039,119,-0.38298063005199806,,
0.45,-1.15200309344505,0,3,L3_040,120,-1.2903261675493216,,
0.45,-1.15200309344505,0,3,L3_041,121,0.564885638406608,,
0.45,-1.15200309344505,0,3,L3_042,122,0.501956764386762,,
0.45,-1.15200309344505,0,3,L3_043,123,0.5746233324389808,,
0.45,-1.15200309344505,0,3,L3_044,124,1.45925973089676,,
0.45,-1.15200309344505,0,3,L3_045,125,-0.0539923090190424,,
0.45,-1.15200309344505,0,3,L3_046,126,0.8005758506987224,,
0.45,-1.15200309344505,0,3,L3_047,127,1.1068556151595712,,
0.45,-1.15200309344505,0,3,L3_048,128,-0.31027894739412726,,
0.45,-1.15200309344505,0,3,L3_049,129,-1.288194447583715,,
0.45,-1.15200309344505,0,3,L3_050,130,-0.39485925710161063,,
0.45,-1.15200309344505,0,3,L3_051,131,1.1595550788811104,,
0.45,-1.15200309344505,0,3,L3_052,132,-0.7934009216190272,,
0.45,-1.15200309344505,0,3,L3_053,133,0.14016021491732392,,
0.45,-1.15200309344505,0,3,L3_054,134,-0.7794966324063322,,
0.45,-1.15200309344505,0,3,L3_055,135,-0.26895707876489244,,
0.45,-1.15200309344505,0,3,L3_056,136,-1.1484046792484037,,
0.45,-1.15200309344505,0,3,L3_057,137,-0.07198688381598899,,
0.45,-1.15200309344505,0,3,L3_058,138,-0.235789649147523,,
0.45,-1.15200309344505,0,3,L3_059,139,-1.3519541168330547,,
0.45,-1.15200309344505,0,3,L3_060,140,-1.054727544783495,,
0.45,-1.15200309344505,0,3,L3_061,141,0.26418271210544547,,
0.45,-1.15200309344505,0,3,L3_062,142,-0.4301035461926386,,
0.45,-1.15200309344505,0,3,L3_063,143,-0.190704387833126,,
0.45,-1.15200309344505,0,3,L3_064,144,0.41906787094495257,,
0.45,-1.15200309344505,0,3,L3_065,145,0.0958164576960721,,
0.45,-1.15200309344505,0,3,L3_066,146,-0.4423395070429098,,
0.45,-1.15200309344505,0,3,L3_067,147,1.6618760121808414,,
0.45,-1.15200309344505,0,3,L3_068,148,-0.9487983502023766,,
0.45,-1.15200309344505,0,3,L3_069,149,0.6104617219151894,,
0.45,-1.15200309344505,0,3,L3_070,150,0.07629403932366062,,
0.45,-1.15200309344505,0,3,L3_071,151,-2.2159250866204774,,
0.45,-1.15200309344505,0,3,L3_072,152,-0.38797185858118877,,
0.45,-1.15200309344505,0,3,L3_073,153,-1.6873494478736293,,
0.45,-1.15200309344505,0,3,L3_074,154,0.6481160928803762,,
0.45,-1.15200309344505,0,3,L3_075,155,-0.37633252833621256,,
0.45,-1.15200309344505,0,3,L3_076,156,0.5246633707531174,,
0.45,-1.15200309344505,0,3,L3_077,157,2.0751926196189707,,
0.45,-1.15200309344505,0,3,L3_078,158,1.060484284568852,,
0.45,-1.15200309344505,0,3,L3_079,159,2.452286730746183,,
0.45,-1.15200309344505,1,2,L2_000,0,-1.636751650113851,-0.6436045175116654,1.3180709166481601
0.45,-1.15200309344505,1,2,L2_001,1,0.24494586250832057,-1.3114188536168572,1.0240679434706472
0.45,-1.15200309344505,1,2,L2_002,2,-0.2871990757418963,-1.8503555466768324,0.5204860226682876
0.45,-1.15200309344505,1,2,L2_003,3,-0.02128499489286438,-1.8286759148006935,0.8171471765667275
0.45,-1.15200309344505,1,2,L2_004,4,-0.07406330085497305,-0.5086474794479974,-0.35803736128584784
0.45,-1.15200309344505,1,2,L2_005,5,-2.128479831846285,-0.3644296023852296,0.8315759061648493
0.45,-1.15200309344505,1,2,L2_006,6,1.6325485601318874,-1.4690842805659863,-0.8419800037554516
0.45,-1.15200309344505,1,2,L2_007,7,0.29681108740785705,-1.5732722971926179,0.13027391001338026
0.45,-1.15200309344505,1,2,L2_008,8,-2.2564478161960206,-0.41374445680156346,0.4792273794127908
0.45,-1.15200309344505,1,2,L2_009,9,0.1345666997537813,-1.3544491192068646,0.6569492576952469
0.45,-1.15200309344505,1,2,L2_010,10,0.6553268297122947,-1.6051973032522913,0.6499609342827654
0.45,-1.15200309344505,1,2,L2_011,11,1.0888771202980099,-1.5383199755725063,0.8378868043093651
0.45,-1.15200309344505,1,2,L2_012,12,1.563249926430785,-1.0740098299435505,-1.3874530155006604
0.45,-1.15200309344505,1,2,L2_013,13,-0.38512671568985424,-1.4793096485913646,-0.7578574737341324
0.45,-1.15200309344505,1,2,L2_014,14,-0.1978292839572708,-1.15751187646631,0.12125699209704772
0.45,-1.15200309344505,1,2,L2_015,15,1.0408214187990348,-0.9027058717852051,0.27055895391111423
0.45,-1.15200309344505,1,2,L2_016,16,-0.09388249469668594,-0.6837136306413448,-0.4811825106777553
0.45,-1.15200309344505,1,2,L2_017,17,0.49039704301343573,-1.7335746858805785,1.1780335016464618
0.45,-1.15200309344505,1,2,L2_018,18,-1.1368240081716068,-0.6602878292877538,1.7746641454955514
0.45,-1.15200309344505,1,2,L2_019,19,-1.214347825483129,-0.8624140143626721,0.14832710757893175
0.45,-1.15200309344505,1,2,L2_020,20,0.16337562716983178,-1.4228050441017777,-1.1176384105384112
0.45,-1.15200309344505,1,2,L2_021,21,1.1897784958499298,-1.3736523160572252,1.154261041590113
0.45,-1.15200309344505,1,2,L2_022,22,-1.2435438545473936,-0.7032795774355344,-1.2900937351703008
0.45,-1.15200309344505,1,2,L2_023,23,0.19836582674680328,0.34536633163852287,-0.03845998458125918
0.45,-1.15200309344505,1,2,L2_024,24,0.5348268703445874,0.6261194843170685,0.12682938038814437
0.45,-1.15200309344505,1,2,L2_025,25,-1.7698265884229358,-1.3392732161981462,0.8924489807127715
0.45,-1.15200309344505,1,2,L2_026,26,-0.06546662084659383,-0.9924934338507428,0.3345777398165237
0.45,-1.15200309344505,1,2,L2_027,27,-0.7587690772934285,-0.5705383492371926,-1.460634198217792
0.45,-1.15200309344505,1,2,L2_028,28,-0.43577605072285297,-1.061685007426923,0.21565473818978725
0.45,-1.15200309344505,1,2,L2_029,29,0.05799067735897551,0.03803981051733201,0.5473530391051578
0.45,-1.15200309344505,1,2,L2_030,30,-1.761294546442652,-0.6023137990151491,-0.1776694015255718
0.45,-1.15200309344505,1,2,L2_031,31,-0.45212752530328865,0.28827850494012935,-0.3502470612541241
0.45,-1.15200309344505,1,2,L2_032,32,-0.30920007057052457,-0.45941702854634064,1.1514204381066113
0.45,-1.15200309344505,1,2,L2_033,33,2.1229514613091442,-0.10118503407990828,0.987607845313007
0.45,-1.15200309344505,1,2,L2_034,34,-0.0847383352463554,-0.6648714800827695,-1.343727196255169
0.45,-1.15200309344505,1,2,L2_035,35,0.40051223433517524,0.074879706060542,0.6687592884798252
0.45,-1.15200309344505,1,2,L2_036,36,-1.0696091784554158,-0.39388302284077775,0.9680885053178412
0.45,-1.15200309344505,1,2,L2_037,37,-0.47445273820951084,0.33971885639392224,0.14995468698456815
0.45,-1.15200309344505,1,2,L2_038,38,1.2218615365555807,-0.036790460648333925,1.4562302150997972
0.45,-1.15200309344505,1,2,L2_039,39,-0.1146404392430071,-1.1302815717085903,1.5566031611157105
0.45,-1.15200309344505,1,2,L2_040,40,-0.16235519380348126,0.909786927186188,-1.259636991464696
0.45,-1.15200309344505,1,2,L2_041,41,2.4986600880597223,0.23994732252421716,-1.719247896815123
0.45,-1.15200309344505,1,2,L2_042,42,-0.4336084004427909,0.6381953369780138,-0.8859125461595925
0.45,-1.15200309344505,1,2,L2_043,43,-0.633685468374744,-0.22303081073973813,-1.1555231001142823
0.45,-1.15200309344505,1,2,L2_044,44,-0.2679939378559085,-0.07794751116651882,-0.7468532356273193
0.45,-1.15200309344505,1,2,L2_045,45,-0.8993142894760413,0.16298904074310114,1.6468181167618245
0.45,-1.15200309344505,1,2,L2_046,46,-1.6664703892259936,0.33213106265072184,1.0694272970812397
0.45,-1.15200309344505,1,2,L2_047,47,0.5961006231200706,1.1047431561729153,0.9841590207916543
0.45,-1.15200309344505,1,2,L2_048,48,-1.3250345732483038,0.08623139453045325,-1.0851210997831575
0.45,-1.15200309344505,1,2,L2_049,49,0.15071010201126553,0.6803410154852905,-1.407278480145055
0.45,-1.15200309344505,1,2,L2_050,50,0.23165928622684634,0.13631074337197546,-0.09441180631506679
0.45,-1.15200309344505,1,2,L2_051,51,2.202840483052393,0.5170080598936737,-0.8617573262668934
0.45,-1.15200309344505,1,2,L2_052,52,1.197086977759682,0.6845203176940793,-0.2251940930609465
0.45,-1.15200309344505,1,2,L2_053,53,0.3974231560700154,0.04845260295712063,-1.4075819780181211
0.45,-1.15200309344505,1,2,L2_054,54,0.9962289571619365,0.9269283488316707,-0.8233313008397164
0.45,-1.15200309344505,1,2,L2_055,55,0.6232851451924676,0.5545491499485025,-1.347654459495812
0.45,-1.15200309344505,1,2,L2_056,56,0.9812490752479006,0.6923295698094217,-1.3617497769324254
0.45,-1.15200309344505,1,2,L2_057,57,0.08735989205562525,0.8998311376201511,-0.8075231283003468
0.45,-1.15200309344505,1,2,L2_058,58,-0.4841393555219353,1.4025763007100074,-0.5422303543748236
0.45,-1.15200309344505,1,2,L2_059,59,0.2188949548507626,1.1064426568339534,-0.8582190713514711
0.45,-1.15200309344505,1,2,L2_060,60,0.7382004821076624,0.38774351777469945,0.9019864994741044
0.45,-1.15200309344505,1,2,L2_061,61,-1.1633936703483903,0.04111515736222047,-1.069531647336535
0.45,-1.15200309344505,1,2,L2_062,62,2.7250117361968575,0.36824409461090263,-1.5475394880735391
0.45,-1.15200309344505,1,2,L2_063,63,0.35500861705212905,0.3685323017413629,-1.0261001042210194
0.45,-1.15200309344505,1,2,L2_064,64,-1.6128142448757297,0.7097719754946354,1.1833195874037232
0.45,-1.15200309344505,1,2,L2_065,65,-0.9075647655315479,1.108208512350049,0.8016178947120951
0.45,-1.15200309344505,1,2,L2_066,66,0.4769096054464186,1.5741321003238045,0.7122327131825202
0.45,-1.15200309344505,1,2,L2_067,67,0.9218495239973786,1.4787881723764795,-0.9568271267399231
0.45,-1.15200309344505,1,2,L2_068,68,0.2622662188419507,0.8792759033175698,-1.3317396609923189
0.45,-1.15200309344505,1,2,L2_069,69,-1.0468141135135356,1.129736484171076,-1.1891369599880448
0.45,-1.15200309344505,1,2,L2_070,70,-0.21834293428186038,1.2680343896308508,0.28942524329381
0.45,-1.15200309344505,1,2,L2_071,71,0.550599427877858,0.8324111258324361,1.4223670306895515
0.45,-1.15200309344505,1,2,L2_072,72,-0.030797272181634493,1.334671082450379,1.533886349742071
0.45,-1.15200309344505,1,2,L2_073,73,-0.22630615987718147,1.3798135224200963,-0.2032249276750468
0.45,-1.15200309344505,1,2,L2_074,74,-0.2366214257261656,1.2899153830129835,-1.1068909119756836
0.45,-1.15200309344505,1,2,L2_075,75,-0.13973596055220971,0.909815238663675,1.1205708639706653
0.45,-1.15200309344505,1,2,L2_076,76,0.36745881588245033,1.8367454793089826,1.5319934153002595
0.45,-1.15200309344505,1,2,L2_077,77,0.3083262095445852,1.633580667078401,1.3394579909451896
0.45,-1.15200309344505,1,2,L2_078,78,-0.7640208015591667,1.0361436915213504,-0.19827246264988024
0.45,-1.15200309344505,1,2,L2_079,79,0.2663583238636943,1.765778759874626,-0.6820677483165787
0.45,-1.15200309344505,1,3,L3_000,80,0.7441455014049514,,
0.45,-1.15200309344505,1,3,L3_001,81,-0.3521744431667643,,
0.45,-1.15200309344505,1,3,L3_002,82,-0.48712557108002824,,
0.45,-1.15200309344505,1,3,L3_003,83,-0.36716865549232763,,
0.45,-1.15200309344505,1,3,L3_004,84,-0.16507500857010649,,
0.45,-1.15200309344505,1,3,L3_005,85,0.6844834167784745,,
0.45,-1.15200309344505,1,3,L3_006,86,-0.9622234792226081,,
0.45,-1.15200309344505,1,3,L3_007,87,0.22670564043445615,,
0.45,-1.15200309344505,1,3,L3_008,88,0.4388778868834036,,
0.45,-1.15200309344505,1,3,L3_009,89,1.9204036346172852,,
0.45,-1.15200309344505,1,3,L3_010,90,1.252822820378321,,
0.45,-1.15200309344505,1,3,L3_011,91,0.8730938635409772,,
0.45,-1.15200309344505,1,3,L3_012,92,0.5510165981689006,,
0.45,-1.15200309344505,1,3,L3_013,93,-0.3163264672476658,,
0.45,-1.15200309344505,1,3,L3_014,94,0.5414850617940312,,
0.45,-1.15200309344505,1,3,L3_015,95,0.5464249728661406,,
0.45,-1.15200309344505,1,3,L3_016,96,-1.2221074086849641,,
0.45,-1.15200309344505,1,3,L3_017,97,-1.017617896443041,,
0.45,-1.15200309344505,1,3,L3_018,98,-0.749084413330846,,
0.45,-1.15200309344505,1,3,L3_019,99,-0.24503626873115578,,
0.45,-1.15200309344505,1,3,L3_020,100,0.524393671561554,,
0.45,-1.15200309344505,1,3,L3_021,101,-1.0931568839543278,,
0.45,-1.15200309344505,1,3,L3_022,102,-0.8605335054209703,,
0.45,-1.15200309344505,1,3,L3_023,103,-0.8749002711806263,,
0.45,-1.15200309344505,1,3,L3_024,104,0.996935588347694,,
0.45,-1.15200309344505,1,3,L3_025,105,-0.2634832551057124,,
0.45,-1.15200309344505,1,3,L3_026,106,0.35518337400986744,,
0.45,-1.15200309344505,1,3,L3_027,107,0.10729851897811535,,
0.45,-1.15200309344505,1,3,L3_028,108,-0.09016989306626684,,
0.45,-1.15200309344505,1,3,L3_029,109,-0.0812513461637611,,
0.45,-1.15200309344505,1,3,L3_030,110,0.9563545024623585,,
0.45,-1.15200309344505,1,3,L3_031,111,-0.23667162211573425,,
0.45,-1.15200309344505,1,3,L3_032,112,0.36431594370627635,,
0.45,-1.15200309344505,1,3,L3_033,113,0.3553596605858113,,
0.45,-1.15200309344505,1,3,L3_034,114,1.0484902642270209,,
0.45,-1.15200309344505,1,3,L3_035,115,0.7424260460135331,,
0.45,-1.15200309344505,1,3,L3_036,116,1.144387347409801,,
0.45,-1.15200309344505,1,3,L3_037,117,0.656886671391183,,
0.45,-1.15200309344505,1,3,L3_038,118,-0.9113218108454477,,
0.45,-1.15200309344505,1,3,L3_039,119,1.3520504259588881,,
0.45,-1.15200309344505,1,3,L3_040,120,0.7670539567172416,,
0.45,-1.15200309344505,1,3,L3_041,121,1.6215318671537726,,
0.45,-1.15200309344505,1,3,L3_042,122,0.7220449748856036,,
0.45,-1.15200309344505,1,3,L3_043,123,-1.108896822876838,,
0.45,-1.15200309344505,1,3,L3_044,124,-1.5913295068136593,,
0.45,-1.15200309344505,1,3,L3_045,125,-1.0392665436548099,,
0.45,-1.15200309344505,1,3,L3_046,126,-1.8879226886887237,,
0.45,-1.15200309344505,1,3,L3_047,127,0.11247812975064679,,
0.45,-1.15200309344505,1,3,L3_048,128,-0.3829855368486025,,
0.45,-1.15200309344505,1,3,L3_049,129,-1.6204644626877367,,
0.45,-1.15200309344505,1,3,L3_050,130,-0.8369119685343778,,
0.45,-1.15200309344505,1,3,L3_051,131,0.4881374330499386,,
0.45,-1.15200309344505,1,3,L3_052,132,0.2211696044560889,,
0.45,-1.15200309344505,1,3,L3_053,133,-0.0723423303470059,,
0.45,-1.15200309344505,1,3,L3_054,134,-0.5983080103718585,,
0.45,-1.15200309344505,1,3,L3_055,135,1.2273390261353347,,
0.45,-1.15200309344505,1,3,L3_056,136,0.9206904388949121,,
0.45,-1.15200309344505,1,3,L3_057,137,-0.5701784556308552,,
0.45,-1.15200309344505,1,3,L3_058,138,-0.9109912265511049,,
0.45,-1.15200309344505,1,3,L3_059,139,-2.360030257869018,,
0.45,-1.15200309344505,1,3,L3_060,140,0.16796877706098481,,
0.45,-1.15200309344505,1,3,L3_061,141,-0.1897657011206271,,
0.45,-1.15200309344505,1,3,L3_062,142,2.559712829525264,,
0.45,-1.15200309344505,1,3,L3_063,143,0.9913636563220102,,
0.45,-1.15200309344505,1,3,L3_064,144,1.7765526578616329,,
0.45,-1.15200309344505,1,3,L3_065,145,1.0221035101266296,,
0.45,-1.15200309344505,1,3,L3_066,146,-0.5972520354123652,,
0.45,-1.15200309344505,1,3,L3_067,147,0.49238150222409405,,
0.45,-1.15200309344505,1,3,L3_068,148,-0.6629291737645296,,
0.45,-1.15200309344505,1,3,L3_069,149,1.4559408022086893,,
0.45,-1.15200309344505,1,3,L3_070,150,0.0419998111037813,,
0.45,-1.15200309344505,1,3,L3_071,151,-0.5267605525125758,,
0.45,-1.15200309344505,1,3,L3_072,152,-0.09028644809091392,,
0.45,-1.15200309344505,1,3,L3_073,153,-0.28945191215127725,,
0.45,-1.15200309344505,1,3,L3_074,154,-2.4688476836015574,,
0.45,-1.15200309344505,1,3,L3_075,155,0.8735981697329782,,
0.45,-1.15200309344505,1,3,L3_076,156,-1.4254904440157221,,
0.45,-1.15200309344505,1,3,L3_077,157,-1.6567006552685528,,
0.45,-1.15200309344505,1,3,L3_078,158,-1.577078014552576,,
0.45,-1.15200309344505,1,3,L3_079,159,0.914010072459064,,
0.45,-1.15200309344505,2,2,L2_000,0,0.011283065708263883,-0.6436045175116654,1.3180709166481601
0.45,-1.15200309344505,2,2,L2_001,1,-0.33829070759826335,-1.3114188536168572,1.0240679434706472
0.45,-1.15200309344505,2,2,L2_002,2,-0.4947826851503323,-1.8503555466768324,0.5204860226682876
0.45,-1.15200309344505,2,2,L2_003,3,0.42549527090570854,-1.8286759148006935,0.8171471765667275
0.45,-1.15200309344505,2,2,L2_004,4,-0.49356024325517456,-0.5086474794479974,-0.35803736128584784
0.45,-1.15200309344505,2,2,L2_005,5,1.0265715604187589,-0.3644296023852296,0.8315759061648493
0.45,-1.15200309344505,2,2,L2_006,6,0.9768077208153785,-1.4690842805659863,-0.8419800037554516
0.45,-1.15200309344505,2,2,L2_007,7,-0.4300755159299996,-1.5732722971926179,0.13027391001338026
0.45,-1.15200309344505,2,2,L2_008,8,-0.5171278809638311,-0.41374445680156346,0.4792273794127908
0.45,-1.15200309344505,2,2,L2_009,9,-0.6016754350529223,-1.3544491192068646,0.6569492576952469
0.45,-1.15200309344505,2,2,L2_010,10,0.3837425409587676,-1.6051973032522913,0.6499609342827654
0.45,-1.15200309344505,2,2,L2_011,11,0.15397210625645158,-1.5383199755725063,0.8378868043093651
0.45,-1.15200309344505,2,2,L2_012,12,1.737510080184812,-1.0740098299435505,-1.3874530155006604
0.45,-1.15200309344505,2,2,L2_013,13,1.9656241602149938,-1.4793096485913646,-0.7578574737341324
0.45,-1.15200309344505,2,2,L2_014,14,-1.580493488712563,-1.15751187646631,0.12125699209704772
0.45,-1.15200309344505,2,2,L2_015,15,-0.8966314314470795,-0.9027058717852051,0.27055895391111423
0.45,-1.15200309344505,2,2,L2_016,16,1.7362258226597165,-0.6837136306413448,-0.4811825106777553
0.45,-1.15200309344505,2,2,L2_017,17,-0.7109499790065675,-1.7335746858805785,1.1780335016464618
0.45,-1.15200309344505,2,2,L2_018,18,0.9272843635001471,-0.6602878292877538,1.7746641454955514
0.45,-1.15200309344505,2,2,L2_019,19,-0.6543958471517155,-0.8624140143626721,0.14832710757893175
0.45,-1.15200309344505,2,2,L2_020,20,0.598719756988222,-1.4228050441017777,-1.1176384105384112
0.45,-1.15200309344505,2,2,L2_021,21,-0.3690237532053959,-1.3736523160572252,1.154261041590113
0.45,-1.15200309344505,2,2,L2_022,22,0.13482320027587152,-0.7032795774355344,-1.2900937351703008
0.45,-1.15200309344505,2,2,L2_023,23,3.411839608238095,0.34536633163852287,-0.03845998458125918
0.45,-1.15200309344505,2,2,L2_024,24,-0.6292043294782533,0.6261194843170685,0.12682938038814437
0.45,-1.15200309344505,2,2,L2_025,25,-0.8095627290960987,-1.3392732161981462,0.8924489807127715
0.45,-1.15200309344505,2,2,L2_026,26,-0.8945647665906631,-0.9924934338507428,0.3345777398165237
0.45,-1.15200309344505,2,2,L2_027,27,-0.5216179407006047,-0.5705383492371926,-1.460634198217792
0.45,-1.15200309344505,2,2,L2_028,28,0.10187220223888785,-1.061685007426923,0.21565473818978725
0.45,-1.15200309344505,2,2,L2_029,29,0.5203491701172356,0.03803981051733201,0.5473530391051578
0.45,-1.15200309344505,2,2,L2_030,30,-0.5833228128531505,-0.6023137990151491,-0.1776694015255718
0.45,-1.15200309344505,2,2,L2_031,31,0.07909680514168074,0.28827850494012935,-0.3502470612541241
0.45,-1.15200309344505,2,2,L2_032,32,-0.3146323039273014,-0.45941702854634064,1.1514204381066113
0.45,-1.15200309344505,2,2,L2_033,33,0.0054673123128223915,-0.10118503407990828,0.987607845313007
0.45,-1.15200309344505,2,2,L2_034,34,-0.8017770292870137,-0.6648714800827695,-1.343727196255169
0.45,-1.15200309344505,2,2,L2_035,35,0.024358378433418638,0.074879706060542,0.6687592884798252
0.45,-1.15200309344505,2,2,L2_036,36,0.25636335765511664,-0.39388302284077775,0.9680885053178412
0.45,-1.15200309344505,2,2,L2_037,37,-0.44057828798347265,0.33971885639392224,0.14995468698456815
0.45,-1.15200309344505,2,2,L2_038,38,-0.2397932068892519,-0.036790460648333925,1.4562302150997972
0.45,-1.15200309344505,2,2,L2_039,39,-0.217650114121308,-1.1302815717085903,1.5566031611157105
0.45,-1.15200309344505,2,2,L2_040,40,-0.9069532705392022,0.909786927186188,-1.259636991464696
0.45,-1.15200309344505,2,2,L2_041,41,-1.0606031324089646,0.23994732252421716,-1.719247896815123
0.45,-1.15200309344505,2,2,L2_042,42,0.15895888814126344,0.6381953369780138,-0.8859125461595925
0.45,-1.15200309344505,2,2,L2_043,43,0.6911494831775769,-0.22303081073973813,-1.1555231001142823
0.45,-1.15200309344505,2,2,L2_044,44,0.5001088761482444,-0.07794751116651882,-0.7468532356273193
0.45,-1.15200309344505,2,2,L2_045,45,-1.1170187345112632,0.16298904074310114,1.6468181167618245
0.45,-1.15200309344505,2,2,L2_046,46,-0.882217056005855,0.33213106265072184,1.0694272970812397
0.45,-1.15200309344505,2,2,L2_047,47,0.17911432802613858,1.1047431561729153,0.9841590207916543
0.45,-1.15200309344505,2,2,L2_048,48,0.44566981144916,0.08623139453045325,-1.0851210997831575
0.45,-1.15200309344505,2,2,L2_049,49,-0.8539368302620529,0.6803410154852905,-1.407278480145055
0.45,-1.15200309344505,2,2,L2_050,50,-2.6259187205058736,0.13631074337197546,-0.09441180631506679
0.45,-1.15200309344505,2,2,L2_051,51,-0.4197738124249288,0.5170080598936737,-0.8617573262668934
0.45,-1.15200309344505,2,2,L2_052,52,-0.6963685365904382,0.6845203176940793,-0.2251940930609465
0.45,-1.15200309344505,2,2,L2_053,53,-1.1230830442990523,0.04845260295712063,-1.4075819780181211
0.45,-1.15200309344505,2,2,L2_054,54,0.11207506395116051,0.9269283488316707,-0.8233313008397164
0.45,-1.15200309344505,2,2,L2_055,55,0.9264244862658624,0.5545491499485025,-1.347654459495812
0.45,-1.15200309344505,2,2,L2_056,56,0.3219254145665019,0.6923295698094217,-1.3617497769324254
0.45,-1.15200309344505,2,2,L2_057,57,1.0086133871214178,0.8998311376201511,-0.8075231283003468
0.45,-1.15200309344505,2,2,L2_058,58,1.3089483721757824,1.4025763007100074,-0.5422303543748236
0.45,-1.15200309344505,2,2,L2_059,59,-0.3138579647497117,1.1064426568339534,-0.8582190713514711
0.45,-1.15200309344505,2,2,L2_060,60,-0.025222056811108035,0.38774351777469945,0.9019864994741044
0.45,-1.15200309344505,2,2,L2_061,61,0.5333059191532881,0.04111515736222047,-1.069531647336535
0.45,-1.15200309344505,2,2,L2_062,62,-0.5718892823989243,0.36824409461090263,-1.5475394880735391
0.45,-1.15200309344505,2,2,L2_063,63,-0.004441156178102461,0.3685323017413629,-1.0261001042210194
0.45,-1.15200309344505,2,2,L2_064,64,-1.2334342628323145,0.7097719754946354,1.1833195874037232
0.45,-1.15200309344505,2,2,L2_065,65,1.3091403148610374,1.108208512350049,0.8016178947120951
0.45,-1.15200309344505,2,2,L2_066,66,0.04177320858591371,1.5741321003238045,0.7122327131825202
0.45,-1.15200309344505,2,2,L2_067,67,-0.00032253890563448595,1.4787881723764795,-0.9568271267399231
0.45,-1.15200309344505,2,2,L2_068,68,1.589337657781369,0.8792759033175698,-1.3317396609923189
0.45,-1.15200309344505,2,2,L2_069,69,0.15933574476291565,1.129736484171076,-1.1891369599880448
0.45,-1.15200309344505,2,2,L2_070,70,2.3597882649718924,1.2680343896308508,0.28942524329381
0.45,-1.15200309344505,2,2,L2_071,71,-0.8399247281923573,0.8324111258324361,1.4223670306895515
0.45,-1.15200309344505,2,2,L2_072,72,-0.0901708783328558,1.334671082450379,1.533886349742071
0.45,-1.15200309344505,2,2,L2_073,73,-0.09752808728978592,1.3798135224200963,-0.2032249276750468
0.45,-1.15200309344505,2,2,L2_074,74,-1.001595597550366,1.2899153830129835,-1.1068909119756836
0.45,-1.15200309344505,2,2,L2_075,75,1.3403179838972108,0.909815238663675,1.1205708639706653
0.45,-1.15200309344505,2,2,L2_076,76,1.4370345684693322,1.8367454793089826,1.5319934153002595
0.45,-1.15200309344505,2,2,L2_077,77,-0.6711471721574847,1.633580667078401,1.3394579909451896
0.45,-1.15200309344505,2,2,L2_078,78,-2.814884395074893,1.0361436915213504,-0.19827246264988024
0.45,-1.15200309344505,2,2,L2_079,79,0.9895734898916736,1.765778759874626,-0.6820677483165787
0.45,-1.15200309344505,2,3,L3_000,80,0.9730165280244915,,
0.45,-1.15200309344505,2,3,L3_001,81,0.05322251973936343,,
0.45,-1.15200309344505,2,3,L3_002,82,-1.3402808579291445,,
0.45,-1.15200309344505,2,3,L3_003,83,0.10347113701581233,,
0.45,-1.15200309344505,2,3,L3_004,84,-1.6312081714697597,,
0.45,-1.15200309344505,2,3,L3_005,85,-1.7687053666305401,,
0.45,-1.15200309344505,2,3,L3_006,86,0.5353845450031616,,
0.45,-1.15200309344505,2,3,L3_007,87,0.34066982358083303,,
0.45,-1.15200309344505,2,3,L3_008,88,0.8397589576673687,,
0.45,-1.15200309344505,2,3,L3_009,89,0.7188676695933794,,
0.45,-1.15200309344505,2,3,L3_010,90,-1.1636970470219377,,
0.45,-1.15200309344505,2,3,L3_011,91,1.0632700889540516,,
0.45,-1.15200309344505,2,3,L3_012,92,0.8396115724065792,,
0.45,-1.15200309344505,2,3,L3_013,93,0.1782433983457443,,
0.45,-1.15200309344505,2,3,L3_014,94,2.027810550114347,,
0.45,-1.15200309344505,2,3,L3_015,95,-0.37219048798834375,,
0.45,-1.15200309344505,2,3,L3_016,96,-0.1697135501163093,,
0.45,-1.15200309344505,2,3,L3_017,97,0.18182391021447095,,
0.45,-1.15200309344505,2,3,L3_018,98,-0.9382942942465583,,
0.45,-1.15200309344505,2,3,L3_019,99,-0.7385767061176931,,
0.45,-1.15200309344505,2,3,L3_020,100,-1.396937172459451,,
0.45,-1.15200309344505,2,3,L3_021,101,0.4045096043230147,,
0.45,-1.15200309344505,2,3,L3_022,102,0.4044912982613047,,
0.45,-1.15200309344505,2,3,L3_023,103,0.3633411301992664,,
0.45,-1.15200309344505,2,3,L3_024,104,0.9456732758142367,,
0.45,-1.15200309344505,2,3,L3_025,105,0.017614127326716286,,
0.45,-1.15200309344505,2,3,L3_026,106,-0.5641869965697462,,
0.45,-1.15200309344505,2,3,L3_027,107,-0.1924520956848597,,
0.45,-1.15200309344505,2,3,L3_028,108,-0.49963847808676776,,
0.45,-1.15200309344505,2,3,L3_029,109,-0.96431194098537,,
0.45,-1.15200309344505,2,3,L3_030,110,1.0290654694883064,,
0.45,-1.15200309344505,2,3,L3_031,111,0.5255889080080725,,
0.45,-1.15200309344505,2,3,L3_032,112,1.0487956162544538,,
0.45,-1.15200309344505,2,3,L3_033,113,-0.9285178337447197,,
0.45,-1.15200309344505,2,3,L3_034,114,1.2910342255371374,,
0.45,-1.15200309344505,2,3,L3_035,115,0.6260555459940051,,
0.45,-1.15200309344505,2,3,L3_036,116,-0.9873734917907859,,
0.45,-1.15200309344505,2,3,L3_037,117,-0.09753491819740062,,
0.45,-1.15200309344505,2,3,L3_038,118,-0.3102720801667754,,
0.45,-1.15200309344505,2,3,L3_039,119,0.3381125480904225,,
0.45,-1.15200309344505,2,3,L3_040,120,-1.8379803004318886,,
0.45,-1.15200309344505,2,3,L3_041,121,-0.8028419060095264,,
0.45,-1.15200309344505,2,3,L3_042,122,-2.1856092241547773,,
0.45,-1.15200309344505,2,3,L3_043,123,0.9017176210287616,,
0.45,-1.15200309344505,2,3,L3_044,124,1.3183493286145267,,
0.45,-1.15200309344505,2,3,L3_045,125,2.0030290066048275,,
0.45,-1.15200309344505,2,3,L3_046,126,1.1041820159770084,,
0.45,-1.15200309344505,2,3,L3_047,127,-0.6766290239584124,,
0.45,-1.15200309344505,2,3,L3_048,128,0.3757050059180164,,
0.45,-1.15200309344505,2,3,L3_049,129,-0.7756054949349298,,
0.45,-1.15200309344505,2,3,L3_050,130,0.19428572045637968,,
0.45,-1.15200309344505,2,3,L3_051,131,0.5058607549607166,,
0.45,-1.15200309344505,2,3,L3_052,132,-1.4525759096597117,,
0.45,-1.15200309344505,2,3,L3_053,133,0.6948405282884823,,
0.45,-1.15200309344505,2,3,L3_054,134,-1.1423836795570754,,
0.45,-1.15200309344505,2,3,L3_055,135,0.14508714746659002,,
0.45,-1.15200309344505,2,3,L3_056,136,-1.4043349023721732,,
0.45,-1.15200309344505,2,3,L3_057,137,1.4877117195459635,,
0.45,-1.15200309344505,2,3,L3_058,138,-1.5244864276242125,,
0.45,-1.15200309344505,2,3,L3_059,139,-1.0011505834659784,,
0.45,-1.15200309344505,2,3,L3_060,140,0.008432047336595427,,
0.45,-1.15200309344505,2,3,L3_061,141,0.11718899335654091,,
0.45,-1.15200309344505,2,3,L3_062,142,0.9094083251986897,,
0.45,-1.15200309344505,2,3,L3_063,143,-0.19860935249342596,,
0.45,-1.15200309344505,2,3,L3_064,144,0.8606902542958238,,
0.45,-1.15200309344505,2,3,L3_065,145,0.813155956485907,,
0.45,-1.15200309344505,2,3,L3_066,146,0.06546767950467032,,
0.45,-1.15200309344505,2,3,L3_067,147,-0.16555349816166995,,
0.45,-1.15200309344505,2,3,L3_068,148,0.39277867002372974,,
0.45,-1.15200309344505,2,3,L3_069,149,0.24779604111241202,,
0.45,-1.15200309344505,2,3,L3_070,150,1.6688362253663165,,
0.45,-1.15200309344505,2,3,L3_071,151,0.7098659622771717,,
0.45,-1.15200309344505,2,3,L3_072,152,-0.17473430735522127,,
0.45,-1.15200309344505,2,3,L3_073,153,-0.3311845782861747,,
0.45,-1.15200309344505,2,3,L3_074,154,1.382506384651292,,
0.45,-1.15200309344505,2,3,L3_075,155,-1.2586647856038806,,
0.45,-1.15200309344505,2,3,L3_076,156,-2.3712094439443834,,
0.45,-1.15200309344505,2,3,L3_077,157,-1.5725792614251197,,
0.45,-1.15200309344505,2,3,L3_078,158,1.2284520226043556,,
0.45,-1.15200309344505,2,3,L3_079,159,0.9552443076132766,,
0.45,-1.15200309344505,3,2,L2_000,0,0.6947740609099279,-0.6436045175116654,1.3180709166481601
0.45,-1.15200309344505,3,2,L2_001,1,0.21551940448917617,-1.3114188536168572,1.0240679434706472
0.45,-1.15200309344505,3,2,L2_002,2,2.0518266311404014,-1.8503555466768324,0.5204860226682876
0.45,-1.15200309344505,3,2,L2_003,3,0.7427348704190243,-1.8286759148006935,0.8171471765667275
0.45,-1.15200309344505,3,2,L2_004,4,0.09049838590975715,-0.5086474794479974,-0.35803736128584784
0.45,-1.15200309344505,3,2,L2_005,5,-1.1241585575590258,-0.3644296023852296,0.8315759061648493
0.45,-1.15200309344505,3,2,L2_006,6,-0.6187273283636426,-1.4690842805659863,-0.8419800037554516
0.45,-1.15200309344505,3,2,L2_007,7,1.411322896266947,-1.5732722971926179,0.13027391001338026
0.45,-1.15200309344505,3,2,L2_008,8,-0.23393151762920797,-0.41374445680156346,0.4792273794127908
0.45,-1.15200309344505,3,2,L2_009,9,0.13373170157015593,-1.3544491192068646,0.6569492576952469
0.45,-1.15200309344505,3,2,L2_010,10,0.8856715967945714,-1.6051973032522913,0.6499609342827654
0.45,-1.15200309344505,3,2,L2_011,11,-0.19289711777763383,-1.5383199755725063,0.8378868043093651
0.45,-1.15200309344505,3,2,L2_012,12,-1.1369661338609145,-1.0740098299435505,-1.3874530155006604
0.45,-1.15200309344505,3,2,L2_013,13,1.1474239466720342,-1.4793096485913646,-0.7578574737341324
0.45,-1.15200309344505,3,2,L2_014,14,0.13247557635448332,-1.15751187646631,0.12125699209704772
0.45,-1.15200309344505,3,2,L2_015,15,-0.3800790924232528,-0.9027058717852051,0.27055895391111423
0.45,-1.15200309344505,3,2,L2_016,16,-0.23919423014540775,-0.6837136306413448,-0.4811825106777553
0.45,-1.15200309344505,3,2,L2_017,17,-1.2785586811927783,-1.7335746858805785,1.1780335016464618
0.45,-1.15200309344505,3,2,L2_018,18,-0.29632022148829096,-0.6602878292877538,1.7746641454955514
0.45,-1.15200309344505,3,2,L2_019,19,0.2513913344878551,-0.8624140143626721,0.14832710757893175
0.45,-1.15200309344505,3,2,L2_020,20,-0.7334002556951211,-1.4228050441017777,-1.1176384105384112
0.45,-1.15200309344505,3,2,L2_021,21,2.0820511783687086,-1.3736523160572252,1.154261041590113
0.45,-1.15200309344505,3,2,L2_022,22,0.6919875301476429,-0.7032795774355344,-1.2900937351703008
0.45,-1.15200309344505,3,2,L2_023,23,0.8387453465095343,0.34536633163852287,-0.03845998458125918
0.45,-1.15200309344505,3,2,L2_024,24,1.5537864089378117,0.6261194843170685,0.12682938038814437
0.45,-1.15200309344505,3,2,L2_025,25,-1.4887965160784806,-1.3392732161981462,0.8924489807127715
0.45,-1.15200309344505,3,2,L2_026,26,-1.5528741292021584,-0.9924934338507428,0.3345777398165237
0.45,-1.15200309344505,3,2,L2_027,27,1.0431254310101727,-0.5705383492371926,-1.460634198217792
0.45,-1.15200309344505,3,2,L2_028,28,-0.3559148594967613,-1.061685007426923,0.21565473818978725
0.45,-1.15200309344505,3,2,L2_029,29,-0.15452599696470543,0.03803981051733201,0.5473530391051578
0.45,-1.15200309344505,3,2,L2_030,30,0.027624094990140506,-0.6023137990151491,-0.1776694015255718
0.45,-1.15200309344505,3,2,L2_031,31,-0.3974918127751795,0.28827850494012935,-0.3502470612541241
0.45,-1.15200309344505,3,2,L2_032,32,-0.2044587272366797,-0.45941702854634064,1.1514204381066113
0.45,-1.15200309344505,3,2,L2_033,33,0.4653153002195093,-0.10118503407990828,0.987607845313007
0.45,-1.15200309344505,3,2,L2_034,34,-0.8929035790192388,-0.6648714800827695,-1.343727196255169
0.45,-1.15200309344505,3,2,L2_035,35,-0.25687590850431913,0.074879706060542,0.6687592884798252
0.45,-1.15200309344505,3,2,L2_036,36,-1.2511837584457857,-0.39388302284077775,0.9680885053178412
0.45,-1.15200309344505,3,2,L2_037,37,-0.7953340059612037,0.33971885639392224,0.14995468698456815
0.45,-1.15200309344505,3,2,L2_038,38,0.9934065146905375,-0.036790460648333925,1.4562302150997972
0.45,-1.15200309344505,3,2,L2_039,39,0.12656445196672553,-1.1302815717085903,1.5566031611157105
0.45,-1.15200309344505,3,2,L2_040,40,-1.5834293427375774,0.909786927186188,-1.259636991464696
0.45,-1.15200309344505,3,2,L2_041,41,0.3555484145482588,0.23994732252421716,-1.719247896815123
0.45,-1.15200309344505,3,2,L2_042,42,1.4580723712220478,0.6381953369780138,-0.8859125461595925
0.45,-1.15200309344505,3,2,L2_043,43,-0.2238705381083651,-0.22303081073973813,-1.1555231001142823
0.45,-1.15200309344505,3,2,L2_044,44,1.3660702481959848,-0.07794751116651882,-0.7468532356273193
0.45,-1.15200309344505,3,2,L2_045,45,-0.22050053844030734,0.16298904074310114,1.6468181167618245
0.45,-1.15200309344505,3,2,L2_046,46,-1.2713404257062437,0.33213106265072184,1.0694272970812397
0.45,-1.15200309344505,3,2,L2_047,47,1.5476579445754035,1.1047431561729153,0.9841590207916543
0.45,-1.15200309344505,3,2,L2_048,48,0.11196706308280777,0.08623139453045325,-1.0851210997831575
0.45,-1.15200309344505,3,2,L2_049,49,-0.9787497484296388,0.6803410154852905,-1.407278480145055
0.45,-1.15200309344505,3,2,L2_050,50,0.41929797158341325,0.13631074337197546,-0.09441180631506679
0.45,-1.15200309344505,3,2,L2_051,51,-2.031231377304811,0.5170080598936737,-0.8617573262668934
0.45,-1.15200309344505,3,2,L2_052,52,-0.4060349072556018,0.6845203176940793,-0.2251940930609465
0.45,-1.15200309344505,3,2,L2_053,53,-0.25928703888710747,0.04845260295712063,-1.4075819780181211
0.45,-1.15200309344505,3,2,L2_054,54,-1.3040234099018397,0.9269283488316707,-0.8233313008397164
0.45,-1.15200309344505,3,2,L2_055,55,-0.8074891514810585,0.5545491499485025,-1.347654459495812
0.45,-1.15200309344505,3,2,L2_056,56,2.0196400940793113,0.6923295698094217,-1.3617497769324254
0.45,-1.15200309344505,3,2,L2_057,57,1.1666784063217348,0.8998311376201511,-0.8075231283003468
0.45,-1.15200309344505,3,2,L2_058,58,-0.0954954309288971,1.4025763007100074,-0.5422303543748236
0.45,-1.15200309344505,3,2,L2_059,59,-1.2716085224832043,1.1064426568339534,-0.8582190713514711
0.45,-1.15200309344505,3,2,L2_060,60,0.5817356386844199,0.38774351777469945,0.9019864994741044
0.45,-1.15200309344505,3,2,L2_061,61,-0.2131954389573481,0.04111515736222047,-1.069531647336535
0.45,-1.15200309344505,3,2,L2_062,62,-1.560068935703683,0.36824409461090263,-1.5475394880735391
0.45,-1.15200309344505,3,2,L2_063,63,-0.7975070272999198,0.3685323017413629,-1.0261001042210194
0.45,-1.15200309344505,3,2,L2_064,64,-0.9399847039164992,0.7097719754946354,1.1833195874037232
0.45,-1.15200309344505,3,2,L2_065,65,-0.8713264615002676,1.108208512350049,0.8016178947120951
0.45,-1.15200309344505,3,2,L2_066,66,-0.6669003806476826,1.5741321003238045,0.7122327131825202
0.45,-1.15200309344505,3,2,L2_067,67,0.18830174840426817,1.4787881723764795,-0.9568271267399231
0.45,-1.15200309344505,3,2,L2_068,68,1.4913751229783356,0.8792759033175698,-1.3317396609923189
0.45,-1.15200309344505,3,2,L2_069,69,-0.9474600361583831,1.129736484171076,-1.1891369599880448
0.45,-1.15200309344505,3,2,L2_070,70,-1.2737592318700253,1.2680343896308508,0.28942524329381
0.45,-1.15200309344505,3,2,L2_071,71,-0.9262324954046537,0.8324111258324361,1.4223670306895515
0.45,-1.15200309344505,3,2,L2_072,72,1.511418525401655,1.334671082450379,1.533886349742071
0.45,-1.15200309344505,3,2,L2_073,73,0.9618630550060762,1.3798135224200963,-0.2032249276750468
0.45,-1.15200309344505,3,2,L2_074,74,0.7735742738108621,1.2899153830129835,-1.1068909119756836
0.45,-1.15200309344505,3,2,L2_075,75,0.08992285052517339,0.909815238663675,1.1205708639706653
0.45,-1.15200309344505,3,2,L2_076,76,0.8226545077357715,1.8367454793089826,1.5319934153002595
0.45,-1.15200309344505,3,2,L2_077,77,0.318787331872469,1.633580667078401,1.3394579909451896
0.45,-1.15200309344505,3,2,L2_078,78,-0.7186143384810413,1.0361436915213504,-0.19827246264988024
0.45,-1.15200309344505,3,2,L2_079,79,2.1881596815406503,1.765778759874626,-0.6820677483165787
0.45,-1.15200309344505,3,3,L3_000,80,0.13475120802505813,,
0.45,-1.15200309344505,3,3,L3_001,81,-0.9632153287181181,,
0.45,-1.15200309344505,3,3,L3_002,82,0.9815070548618055,,
0.45,-1.15200309344505,3,3,L3_003,83,-0.44170189635768037,,
0.45,-1.15200309344505,3,3,L3_004,84,-0.07162188027642782,,
0.45,-1.15200309344505,3,3,L3_005,85,0.25587048418056446,,
0.45,-1.15200309344505,3,3,L3_006,86,-1.2558136259898713,,
0.45,-1.15200309344505,3,3,L3_007,87,-2.2055824271769415,,
0.45,-1.15200309344505,3,3,L3_008,88,0.7868936251264395,,
0.45,-1.15200309344505,3,3,L3_009,89,1.9652957371698307,,
0.45,-1.15200309344505,3,3,L3_010,90,-0.9039839455316325,,
0.45,-1.15200309344505,3,3,L3_011,91,-0.7449609198407664,,
0.45,-1.15200309344505,3,3,L3_012,92,-0.15990941805010353,,
0.45,-1.15200309344505,3,3,L3_013,93,-1.591075193004944,,
0.45,-1.15200309344505,3,3,L3_014,94,-0.3175627476515883,,
0.45,-1.15200309344505,3,3,L3_015,95,-0.1636183930809104,,
0.45,-1.15200309344505,3,3,L3_016,96,-0.15761843074466816,,
0.45,-1.15200309344505,3,3,L3_017,97,-1.4095862571712594,,
0.45,-1.15200309344505,3,3,L3_018,98,0.17289880087001075,,
0.45,-1.15200309344505,3,3,L3_019,99,0.4997432295768813,,
0.45,-1.15200309344505,3,3,L3_020,100,1.4103140049990384,,
0.45,-1.15200309344505,3,3,L3_021,101,1.5354365466505535,,
0.45,-1.15200309344505,3,3,L3_022,102,-1.495412789821445,,
0.45,-1.15200309344505,3,3,L3_023,103,1.36356735337298,,
0.45,-1.15200309344505,3,3,L3_024,104,1.3900228506932064,,
0.45,-1.15200309344505,3,3,L3_025,105,0.687297356869704,,
0.45,-1.15200309344505,3,3,L3_026,106,-1.7062203023746247,,
0.45,-1.15200309344505,3,3,L3_027,107,1.1768738854358565,,
0.45,-1.15200309344505,3,3,L3_028,108,-1.224316624300116,,
0.45,-1.15200309344505,3,3,L3_029,109,-0.3202199816701529,,
0.45,-1.15200309344505,3,3,L3_030,110,0.25964909739443254,,
0.45,-1.15200309344505,3,3,L3_031,111,1.601984923357424,,
0.45,-1.15200309344505,3,3,L3_032,112,-0.46992444526685456,,
0.45,-1.15200309344505,3,3,L3_033,113,-0.6558734012387449,,
0.45,-1.15200309344505,3,3,L3_034,114,-0.7092976070222534,,
0.45,-1.15200309344505,3,3,L3_035,115,-0.38624058445019044,,
0.45,-1.15200309344505,3,3,L3_036,116,0.08235853108649964,,
0.45,-1.15200309344505,3,3,L3_037,117,0.3898549258714124,,
0.45,-1.15200309344505,3,3,L3_038,118,0.128060192121658,,
0.45,-1.15200309344505,3,3,L3_039,119,0.6617133056172512,,
0.45,-1.15200309344505,3,3,L3_040,120,0.9561726019021758,,
0.45,-1.15200309344505,3,3,L3_041,121,-1.1835500427756795,,
0.45,-1.15200309344505,3,3,L3_042,122,0.7845902325104259,,
0.45,-1.15200309344505,3,3,L3_043,123,1.6559692921342373,,
0.45,-1.15200309344505,3,3,L3_044,124,-0.5861601706224596,,
0.45,-1.15200309344505,3,3,L3_045,125,-0.5398528815368866,,
0.45,-1.15200309344505,3,3,L3_046,126,-0.5623417446646318,,
0.45,-1.15200309344505,3,3,L3_047,127,1.143624993584147,,
0.45,-1.15200309344505,3,3,L3_048,128,0.35466823794821795,,
0.45,-1.15200309344505,3,3,L3_049,129,0.8024922533804205,,
0.45,-1.15200309344505,3,3,L3_050,130,-2.097701649231019,,
0.45,-1.15200309344505,3,3,L3_051,131,-0.04064459789666754,,
0.45,-1.15200309344505,3,3,L3_052,132,-0.6337508484756997,,
0.45,-1.15200309344505,3,3,L3_053,133,-0.08514862861358519,,
0.45,-1.15200309344505,3,3,L3_054,134,0.6055880484684196,,
0.45,-1.15200309344505,3,3,L3_055,135,-0.4469700322000612,,
0.45,-1.15200309344505,3,3,L3_056,136,-1.4839213806428913,,
0.45,-1.15200309344505,3,3,L3_057,137,0.5117648680989259,,
0.45,-1.15200309344505,3,3,L3_058,138,-0.30792047051119137,,
0.45,-1.15200309344505,3,3,L3_059,139,2.226400230220981,,
0.45,-1.15200309344505,3,3,L3_060,140,-0.44377519481309685,,
0.45,-1.15200309344505,3,3,L3_061,141,-0.9442258630706927,,
0.45,-1.15200309344505,3,3,L3_062,142,-1.231001515215864,,
0.45,-1.15200309344505,3,3,L3_063,143,2.031468731026143,,
0.45,-1.15200309344505,3,3,L3_064,144,0.23113714505619093,,
0.45,-1.15200309344505,3,3,L3_065,145,-1.1634977099559036,,
0.45,-1.15200309344505,3,3,L3_066,146,1.2112839157679163,,
0.45,-1.15200309344505,3,3,L3_067,147,-0.4982371607302204,,
0.45,-1.15200309344505,3,3,L3_068,148,1.2805495311677382,,
0.45,-1.15200309344505,3,3,L3_069,149,-0.4523581210273818,,
0.45,-1.15200309344505,3,3,L3_070,150,-0.5277953233623313,,
0.45,-1.15200309344505,3,3,L3_071,151,0.5752862688028186,,
0.45,-1.15200309344505,3,3,L3_072,152,0.6548609121713641,,
0.45,-1.15200309344505,3,3,L3_073,153,0.9378249004114163,,
0.45,-1.15200309344505,3,3,L3_074,154,0.6998912161744782,,
0.45,-1.15200309344505,3,3,L3_075,155,-0.2726214630238471,,
0.45,-1.15200309344505,3,3,L3_076,156,-1.7929078155362985,,
0.45,-1.15200309344505,3,3,L3_077,157,0.02439795086068837,,
0.45,-1.15200309344505,3,3,L3_078,158,-0.041205491966788486,,
0.45,-1.15200309344505,3,3,L3_079,159,0.5172798626452116,,
0.67,-0.5777669993169522,0,2,L2_000,0,-1.1777991286113012,-0.6436045175116654,1.3180709166481601
0.67,-0.5777669993169522,0,2,L2_001,1,-1.6552155796951273,-1.3114188536168572,1.0240679434706472
0.67,-0.5777669993169522,0,2,L2_002,2,0.26801000269698566,-1.8503555466768324,0.5204860226682876
0.67,-0.5777669993169522,0,2,L2_003,3,2.087326188836986,-1.8286759148006935,0.8171471765667275
0.67,-0.5777669993169522,0,2,L2_004,4,-1.720899045225695,-0.5086474794479974,-0.35803736128584784
0.67,-0.5777669993169522,0,2,L2_005,5,-0.4175616592530865,-0.3644296023852296,0.8315759061648493
0.67,-0.5777669993169522,0,2,L2_006,6,-0.3559489060937563,-1.4690842805659863,-0.8419800037554516
0.67,-0.5777669993169522,0,2,L2_007,7,-0.7033040152047546,-1.5732722971926179,0.13027391001338026
0.67,-0.5777669993169522,0,2,L2_008,8,-0.8177856365250212,-0.41374445680156346,0.4792273794127908
0.67,-0.5777669993169522,0,2,L2_009,9,-0.4474252609070799,-1.3544491192068646,0.6569492576952469
0.67,-0.5777669993169522,0,2,L2_010,10,1.35200371944101,-1.6051973032522913,0.6499609342827654
0.67,-0.5777669993169522,0,2,L2_011,11,-0.8860487878570829,-1.5383199755725063,0.8378868043093651
0.67,-0.5777669993169522,0,2,L2_012,12,0.853638548582592,-1.0740098299435505,-1.3874530155006604
0.67,-0.5777669993169522,0,2,L2_013,13,-0.13658551718984574,-1.4793096485913646,-0.7578574737341324
0.67,-0.5777669993169522,0,2,L2_014,14,-1.2425516738293223,-1.15751187646631,0.12125699209704772
0.67,-0.5777669993169522,0,2,L2_015,15,-0.3697867044814722,-0.9027058717852051,0.27055895391111423
0.67,-0.5777669993169522,0,2,L2_016,16,0.7577742947095327,-0.6837136306413448,-0.4811825106777553
0.67,-0.5777669993169522,0,2,L2_017,17,0.12801248446163335,-1.7335746858805785,1.1780335016464618
0.67,-0.5777669993169522,0,2,L2_018,18,1.0427618384635189,-0.6602878292877538,1.7746641454955514
0.67,-0.5777669993169522,0,2,L2_019,19,0.7167769520082197,-0.8624140143626721,0.14832710757893175
0.67,-0.5777669993169522,0,2,L2_020,20,0.953403566078107,-1.4228050441017777,-1.1176384105384112
0.67,-0.5777669993169522,0,2,L2_021,21,1.7145554778300827,-1.3736523160572252,1.154261041590113
0.67,-0.5777669993169522,0,2,L2_022,22,2.668614097461532,-0.7032795774355344,-1.2900937351703008
0.67,-0.5777669993169522,0,2,L2_023,23,-0.7501187800977238,0.34536633163852287,-0.03845998458125918
0.67,-0.5777669993169522,0,2,L2_024,24,-0.347472627580688,0.6261194843170685,0.12682938038814437
0.67,-0.5777669993169522,0,2,L2_025,25,0.02209958946069362,-1.3392732161981462,0.8924489807127715
0.67,-0.5777669993169522,0,2,L2_026,26,-0.3058719875656246,-0.9924934338507428,0.3345777398165237
0.67,-0.5777669993169522,0,2,L2_027,27,-0.9703335556365943,-0.5705383492371926,-1.460634198217792
0.67,-0.5777669993169522,0,2,L2_028,28,-0.12832255000606219,-1.061685007426923,0.21565473818978725
0.67,-0.5777669993169522,0,2,L2_029,29,-0.15022364923357898,0.03803981051733201,0.5473530391051578
0.67,-0.5777669993169522,0,2,L2_030,30,0.834272485238749,-0.6023137990151491,-0.1776694015255718
0.67,-0.5777669993169522,0,2,L2_031,31,-1.441133946397286,0.28827850494012935,-0.3502470612541241
0.67,-0.5777669993169522,0,2,L2_032,32,-0.593503888375192,-0.45941702854634064,1.1514204381066113
0.67,-0.5777669993169522,0,2,L2_033,33,-0.8894475556471414,-0.10118503407990828,0.987607845313007
0.67,-0.5777669993169522,0,2,L2_034,34,-0.5109479376488958,-0.6648714800827695,-1.343727196255169
0.67,-0.5777669993169522,0,2,L2_035,35,-0.6177204844477197,0.074879706060542,0.6687592884798252
0.67,-0.5777669993169522,0,2,L2_036,36,-0.7989483534541946,-0.39388302284077775,0.9680885053178412
0.67,-0.5777669993169522,0,2,L2_037,37,-0.4451002567338882,0.33971885639392224,0.14995468698456815
0.67,-0.5777669993169522,0,2,L2_038,38,0.7758785344869956,-0.036790460648333925,1.4562302150997972
0.67,-0.5777669993169522,0,2,L2_039,39,-0.8737281013102185,-1.1302815717085903,1.5566031611157105
0.67,-0.5777669993169522,0,2,L2_040,40,0.6007136250218306,0.909786927186188,-1.259636991464696
0.67,-0.5777669993169522,0,2,L2_041,41,1.0884258807667049,0.23994732252421716,-1.719247896815123
0.67,-0.5777669993169522,0,2,L2_042,42,-0.7262059069351682,0.6381953369780138,-0.8859125461595925
0.67,-0.5777669993169522,0,2,L2_043,43,-0.7634662034881762,-0.22303081073973813,-1.1555231001142823
0.67,-0.5777669993169522,0,2,L2_044,44,1.2570561056819354,-0.07794751116651882,-0.7468532356273193
0.67,-0.5777669993169522,0,2,L2_045,45,-0.08418770657725248,0.16298904074310114,1.6468181167618245
0.67,-0.5777669993169522,0,2,L2_046,46,-0.39226535625677983,0.33213106265072184,1.0694272970812397
0.67,-0.5777669993169522,0,2,L2_047,47,-0.45703781475960237,1.1047431561729153,0.9841590207916543
0.67,-0.5777669993169522,0,2,L2_048,48,-0.6964174395039409,0.08623139453045325,-1.0851210997831575
0.67,-0.5777669993169522,0,2,L2_049,49,-0.8224453010382223,0.6803410154852905,-1.407278480145055
0.67,-0.5777669993169522,0,2,L2_050,50,1.8993692799276019,0.13631074337197546,-0.09441180631506679
0.67,-0.5777669993169522,0,2,L2_051,51,0.3419696757746274,0.5170080598936737,-0.8617573262668934
0.67,-0.5777669993169522,0,2,L2_052,52,-1.4282953187781398,0.6845203176940793,-0.2251940930609465
0.67,-0.5777669993169522,0,2,L2_053,53,1.4872920662276525,0.04845260295712063,-1.4075819780181211
0.67,-0.5777669993169522,0,2,L2_054,54,0.8648417087865016,0.9269283488316707,-0.8233313008397164
0.67,-0.5777669993169522,0,2,L2_055,55,1.7958826819775695,0.5545491499485025,-1.347654459495812
0.67,-0.5777669993169522,0,2,L2_056,56,0.9811989049901758,0.6923295698094217,-1.3617497769324254
0.67,-0.5777669993169522,0,2,L2_057,57,0.3487349575649079,0.8998311376201511,-0.8075231283003468
0.67,-0.5777669993169522,0,2,L2_058,58,-0.5455772122221118,1.4025763007100074,-0.5422303543748236
0.67,-0.5777669993169522,0,2,L2_059,59,-1.1538461200622587,1.1064426568339534,-0.8582190713514711
0.67,-0.5777669993169522,0,2,L2_060,60,-0.7804520910848857,0.38774351777469945,0.9019864994741044
0.67,-0.5777669993169522,0,2,L2_061,61,0.5725402621884809,0.04111515736222047,-1.069531647336535
0.67,-0.5777669993169522,0,2,L2_062,62,0.4915186555441449,0.36824409461090263,-1.5475394880735391
0.67,-0.5777669993169522,0,2,L2_063,63,1.2360536175817074,0.3685323017413629,-1.0261001042210194
0.67,-0.5777669993169522,0,2,L2_064,64,-0.7009371152762952,0.7097719754946354,1.1833195874037232
0.67,-0.5777669993169522,0,2,L2_065,65,0.3214203736739527,1.108208512350049,0.8016178947120951
0.67,-0.5777669993169522,0,2,L2_066,66,0.1348865370618565,1.5741321003238045,0.7122327131825202
0.67,-0.5777669993169522,0,2,L2_067,67,1.9506234440427215,1.4787881723764795,-0.9568271267399231
0.67,-0.5777669993169522,0,2,L2_068,68,0.650715233667082,0.8792759033175698,-1.3317396609923189
0.67,-0.5777669993169522,0,2,L2_069,69,-0.3413863347128386,1.129736484171076,-1.1891369599880448
0.67,-0.5777669993169522,0,2,L2_070,70,1.4620723928493582,1.2680343896308508,0.28942524329381
0.67,-0.5777669993169522,0,2,L2_071,71,-0.02649890068339982,0.8324111258324361,1.4223670306895515
0.67,-0.5777669993169522,0,2,L2_072,72,0.8777342198346585,1.334671082450379,1.533886349742071
0.67,-0.5777669993169522,0,2,L2_073,73,-0.020798433529597718,1.3798135224200963,-0.2032249276750468
0.67,-0.5777669993169522,0,2,L2_074,74,-2.396379416320382,1.2899153830129835,-1.1068909119756836
0.67,-0.5777669993169522,0,2,L2_075,75,-0.7081306975078813,0.909815238663675,1.1205708639706653
0.67,-0.5777669993169522,0,2,L2_076,76,-0.9271106194187086,1.8367454793089826,1.5319934153002595
0.67,-0.5777669993169522,0,2,L2_077,77,0.3961072043411549,1.633580667078401,1.3394579909451896
0.67,-0.5777669993169522,0,2,L2_078,78,0.13755688336778937,1.0361436915213504,-0.19827246264988024
0.67,-0.5777669993169522,0,2,L2_079,79,-1.3466179134651604,1.765778759874626,-0.6820677483165787
0.67,-0.5777669993169522,0,3,L3_000,80,0.28973621555835405,,
0.67,-0.5777669993169522,0,3,L3_001,81,-0.17194825086974935,,
0.67,-0.5777669993169522,0,3,L3_002,82,-0.20233592363029898,,
0.67,-0.5777669993169522,0,3,L3_003,83,0.6358682502375356,,
0.67,-0.5777669993169522,0,3,L3_004,84,-0.3608082503395266,,
0.67,-0.5777669993169522,0,3,L3_005,85,-0.9612514511583622,,
0.67,-0.5777669993169522,0,3,L3_006,86,-0.9047608044849734,,
0.67,-0.5777669993169522,0,3,L3_007,87,-0.17814120058499203,,
0.67,-0.5777669993169522,0,3,L3_008,88,1.5745746447544215,,
0.67,-0.5777669993169522,0,3,L3_009,89,-0.87427675204488,,
0.67,-0.5777669993169522,0,3,L3_010,90,0.4048687736832887,,
0.67,-0.5777669993169522,0,3,L3_011,91,-0.5013327087722689,,
0.67,-0.5777669993169522,0,3,L3_012,92,0.5336381520560278,,
0.67,-0.5777669993169522,0,3,L3_013,93,1.3007142314816262,,
0.67,-0.5777669993169522,0,3,L3_014,94,-1.1480136650903954,,
0.67,-0.5777669993169522,0,3,L3_015,95,-0.11226054085368271,,
0.67,-0.5777669993169522,0,3,L3_016,96,0.3678213682073865,,
0.67,-0.5777669993169522,0,3,L3_017,97,0.8045352778779101,,
0.67,-0.5777669993169522,0,3,L3_018,98,-0.493067295606241,,
0.67,-0.5777669993169522,0,3,L3_019,99,-1.2087958759456199,,
0.67,-0.5777669993169522,0,3,L3_020,100,1.1985373471552137,,
0.67,-0.5777669993169522,0,3,L3_021,101,0.9188205249125578,,
0.67,-0.5777669993169522,0,3,L3_022,102,-0.7325120786934244,,
0.67,-0.5777669993169522,0,3,L3_023,103,1.5438899436774474,,
0.67,-0.5777669993169522,0,3,L3_024,104,-0.26147057765926685,,
0.67,-0.5777669993169522,0,3,L3_025,105,0.14281311509541503,,
0.67,-0.5777669993169522,0,3,L3_026,106,-1.0661347489585904,,
0.67,-0.5777669993169522,0,3,L3_027,107,1.6293833090922547,,
0.67,-0.5777669993169522,0,3,L3_028,108,-0.5362692129445469,,
0.67,-0.5777669993169522,0,3,L3_029,109,-0.3230739946455109,,
0.67,-0.5777669993169522,0,3,L3_030,110,1.2757608564739475,,
0.67,-0.5777669993169522,0,3,L3_031,111,-1.636956177571313,,
0.67,-0.5777669993169522,0,3,L3_032,112,0.2780804217674461,,
0.67,-0.5777669993169522,0,3,L3_033,113,-1.274254560019299,,
0.67,-0.5777669993169522,0,3,L3_034,114,0.4981210781730314,,
0.67,-0.5777669993169522,0,3,L3_035,115,1.4922303219911592,,
0.67,-0.5777669993169522,0,3,L3_036,116,-0.7144007662307602,,
0.67,-0.5777669993169522,0,3,L3_037,117,-0.2227451006278212,,
0.67,-0.5777669993169522,0,3,L3_038,118,-1.4975300780181864,,
0.67,-0.5777669993169522,0,3,L3_039,119,-0.09331018852166174,,
0.67,-0.5777669993169522,0,3,L3_040,120,0.038759688286899886,,
0.67,-0.5777669993169522,0,3,L3_041,121,-1.353455328652187,,
0.67,-0.5777669993169522,0,3,L3_042,122,-1.2661688591939033,,
0.67,-0.5777669993169522,0,3,L3_043,123,0.25371597746252966,,
0.67,-0.5777669993169522,0,3,L3_044,124,1.9039947694395998,,
0.67,-0.5777669993169522,0,3,L3_045,125,-2.695859492468618,,
0.67,-0.5777669993169522,0,3,L3_046,126,-0.8014088419858358,,
0.67,-0.5777669993169522,0,3,L3_047,127,0.8622928107409523,,
0.67,-0.5777669993169522,0,3,L3_048,128,0.0461061683070904,,
0.67,-0.5777669993169522,0,3,L3_049,129,-0.06741745013363003,,
0.67,-0.5777669993169522,0,3,L3_050,130,1.5722742284484799,,
0.67,-0.5777669993169522,0,3,L3_051,131,-0.6873178237631967,,
0.67,-0.5777669993169522,0,3,L3_052,132,0.1815952966917969,,
0.67,-0.5777669993169522,0,3,L3_053,133,2.008924708814792,,
0.67,-0.5777669993169522,0,3,L3_054,134,2.8660438567326496,,
0.67,-0.5777669993169522,0,3,L3_055,135,-0.10707203990425442,,
0.67,-0.5777669993169522,0,3,L3_056,136,-0.2448911999756126,,
0.67,-0.5777669993169522,0,3,L3_057,137,-0.4734618309424105,,
0.67,-0.5777669993169522,0,3,L3_058,138,-1.6163658562699315,,
0.67,-0.5777669993169522,0,3,L3_059,139,0.177316795985858,,
0.67,-0.5777669993169522,0,3,L3_060,140,0.4108966282459433,,
0.67,-0.5777669993169522,0,3,L3_061,141,-1.5138662501750793,,
0.67,-0.5777669993169522,0,3,L3_062,142,0.6391110203387017,,
0.67,-0.5777669993169522,0,3,L3_063,143,-0.5345762990719612,,
0.67,-0.5777669993169522,0,3,L3_064,144,0.2059858770279925,,
0.67,-0.5777669993169522,0,3,L3_065,145,1.0073642097901843,,
0.67,-0.5777669993169522,0,3,L3_066,146,-0.7402786082599445,,
0.67,-0.5777669993169522,0,3,L3_067,147,0.737102182819389,,
0.67,-0.5777669993169522,0,3,L3_068,148,0.470002414217802,,
0.67,-0.5777669993169522,0,3,L3_069,149,1.08201062701677,,
0.67,-0.5777669993169522,0,3,L3_070,150,1.2169135769278654,,
0.67,-0.5777669993169522,0,3,L3_071,151,0.5369658981063729,,
0.67,-0.5777669993169522,0,3,L3_072,152,-0.4663309978269255,,
0.67,-0.5777669993169522,0,3,L3_073,153,-0.5887060765120471,,
0.67,-0.5777669993169522,0,3,L3_074,154,-1.3158370317378933,,
0.67,-0.5777669993169522,0,3,L3_075,155,0.8821737017058466,,
0.67,-0.5777669993169522,0,3,L3_076,156,-1.044306855223633,,
0.67,-0.5777669993169522,0,3,L3_077,157,-0.386553799266495,,
0.67,-0.5777669993169522,0,3,L3_078,158,0.14207027117546472,,
0.67,-0.5777669993169522,0,3,L3_079,159,-0.7514896958430418,,
0.67,-0.5777669993169522,1,2,L2_000,0,1.2117849030712347,-0.6436045175116654,1.3180709166481601
0.67,-0.5777669993169522,1,2,L2_001,1,-0.29456439396044903,-1.3114188536168572,1.0240679434706472
0.67,-0.5777669993169522,1,2,L2_002,2,1.0119333496326717,-1.8503555466768324,0.5204860226682876
0.67,-0.5777669993169522,1,2,L2_003,3,-0.3728965366682422,-1.8286759148006935,0.8171471765667275
0.67,-0.5777669993169522,1,2,L2_004,4,-0.6713184678611812,-0.5086474794479974,-0.35803736128584784
0.67,-0.5777669993169522,1,2,L2_005,5,1.312917377836309,-0.3644296023852296,0.8315759061648493
0.67,-0.5777669993169522,1,2,L2_006,6,-0.40788016718336795,-1.4690842805659863,-0.8419800037554516
0.67,-0.5777669993169522,1,2,L2_007,7,2.826723495735973,-1.5732722971926179,0.13027391001338026
0.67,-0.5777669993169522,1,2,L2_008,8,-1.8083950794047527,-0.41374445680156346,0.4792273794127908
0.67,-0.5777669993169522,1,2,L2_009,9,-0.7050139393181981,-1.3544491192068646,0.6569492576952469
0.67,-0.5777669993169522,1,2,L2_010,10,-0.004927673402495985,-1.6051973032522913,0.6499609342827654
0.67,-0.5777669993169522,1,2,L2_011,11,-2.2572303864480165,-1.5383199755725063,0.8378868043093651
0.67,-0.5777669993169522,1,2,L2_012,12,0.13400447673667096,-1.0740098299435505,-1.3874530155006604
0.67,-0.5777669993169522,1,2,L2_013,13,0.12369842212462985,-1.4793096485913646,-0.7578574737341324
0.67,-0.5777669993169522,1,2,L2_014,14,-1.5562529983311602,-1.15751187646631,0.12125699209704772
0.67,-0.5777669993169522,1,2,L2_015,15,0.060168742872929046,-0.9027058717852051,0.27055895391111423
0.67,-0.5777669993169522,1,2,L2_016,16,-1.154294643074163,-0.6837136306413448,-0.4811825106777553
0.67,-0.5777669993169522,1,2,L2_017,17,0.4949542783777876,-1.7335746858805785,1.1780335016464618
0.67,-0.5777669993169522,1,2,L2_018,18,-0.4625517278452459,-0.6602878292877538,1.7746641454955514
0.67,-0.5777669993169522,1,2,L2_019,19,1.0869599578585964,-0.8624140143626721,0.14832710757893175
0.67,-0.5777669993169522,1,2,L2_020,20,-2.7800933989305143,-1.4228050441017777,-1.1176384105384112
0.67,-0.5777669993169522,1,2,L2_021,21,0.2802722963275888,-1.3736523160572252,1.154261041590113
0.67,-0.5777669993169522,1,2,L2_022,22,0.2011768121636654,-0.7032795774355344,-1.2900937351703008
0.67,-0.5777669993169522,1,2,L2_023,23,-0.022452568733976698,0.34536633163852287,-0.03845998458125918
0.67,-0.5777669993169522,1,2,L2_024,24,-0.6189148162550708,0.6261194843170685,0.12682938038814437
0.67,-0.5777669993169522,1,2,L2_025,25,-0.27732421507638017,-1.3392732161981462,0.8924489807127715
0.67,-0.5777669993169522,1,2,L2_026,26,0.4939970190595056,-0.9924934338507428,0.3345777398165237
0.67,-0.5777669993169522,1,2,L2_027,27,-0.8550097373606745,-0.5705383492371926,-1.460634198217792
0.67,-0.5777669993169522,1,2,L2_028,28,1.0038490696304037,-1.061685007426923,0.21565473818978725
0.67,-0.5777669993169522,1,2,L2_029,29,-0.46086981071142874,0.03803981051733201,0.5473530391051578
0.67,-0.5777669993169522,1,2,L2_030,30,-0.7552726969707185,-0.6023137990151491,-0.1776694015255718
0.67,-0.5777669993169522,1,2,L2_031,31,0.08552930952873729,0.28827850494012935,-0.3502470612541241
0.67,-0.5777669993169522,1,2,L2_032,32,-0.9357727419888926,-0.45941702854634064,1.1514204381066113
0.67,-0.5777669993169522,1,2,L2_033,33,-1.048777753478273,-0.10118503407990828,0.987607845313007
0.67,-0.5777669993169522,1,2,L2_034,34,1.229211955920395,-0.6648714800827695,-1.343727196255169
0.67,-0.5777669993169522,1,2,L2_035,35,-0.24837762807733732,0.074879706060542,0.6687592884798252
0.67,-0.5777669993169522,1,2,L2_036,36,0.6625344595404903,-0.39388302284077775,0.9680885053178412
0.67,-0.5777669993169522,1,2,L2_037,37,-0.8300609500374162,0.33971885639392224,0.14995468698456815
0.67,-0.5777669993169522,1,2,L2_038,38,-0.3816182959316915,-0.036790460648333925,1.4562302150997972
0.67,-0.5777669993169522,1,2,L2_039,39,1.005177944693351,-1.1302815717085903,1.5566031611157105
0.67,-0.5777669993169522,1,2,L2_040,40,-0.6435262326781486,0.909786927186188,-1.259636991464696
0.67,-0.5777669993169522,1,2,L2_041,41,0.9542799005710244,0.23994732252421716,-1.719247896815123
0.67,-0.5777669993169522,1,2,L2_042,42,-0.09330787358124873,0.6381953369780138,-0.8859125461595925
0.67,-0.5777669993169522,1,2,L2_043,43,0.7597651148240011,-0.22303081073973813,-1.1555231001142823
0.67,-0.5777669993169522,1,2,L2_044,44,-0.03936588433921219,-0.07794751116651882,-0.7468532356273193
0.67,-0.5777669993169522,1,2,L2_045,45,0.4365962927962074,0.16298904074310114,1.6468181167618245
0.67,-0.5777669993169522,1,2,L2_046,46,-0.9573984995837872,0.33213106265072184,1.0694272970812397
0.67,-0.5777669993169522,1,2,L2_047,47,-0.15030002339753792,1.1047431561729153,0.9841590207916543
0.67,-0.5777669993169522,1,2,L2_048,48,0.6744720145422756,0.08623139453045325,-1.0851210997831575
0.67,-0.5777669993169522,1,2,L2_049,49,-0.2876657595424313,0.6803410154852905,-1.407278480145055
0.67,-0.5777669993169522,1,2,L2_050,50,-1.2270869980300703,0.13631074337197546,-0.09441180631506679
0.67,-0.5777669993169522,1,2,L2_051,51,-0.5573398679216862,0.5170080598936737,-0.8617573262668934
0.67,-0.5777669993169522,1,2,L2_052,52,-0.704270010091363,0.6845203176940793,-0.2251940930609465
0.67,-0.5777669993169522,1,2,L2_053,53,1.4842129139038622,0.04845260295712063,-1.4075819780181211
0.67,-0.5777669993169522,1,2,L2_054,54,-0.774226075680274,0.9269283488316707,-0.8233313008397164
0.67,-0.5777669993169522,1,2,L2_055,55,0.8331172763639401,0.5545491499485025,-1.347654459495812
0.67,-0.5777669993169522,1,2,L2_056,56,0.5330173056739973,0.6923295698094217,-1.3617497769324254
0.67,-0.5777669993169522,1,2,L2_057,57,0.6566742724011253,0.8998311376201511,-0.8075231283003468
0.67,-0.5777669993169522,1,2,L2_058,58,0.6641037892837619,1.4025763007100074,-0.5422303543748236
0.67,-0.5777669993169522,1,2,L2_059,59,0.6257692320220724,1.1064426568339534,-0.8582190713514711
0.67,-0.5777669993169522,1,2,L2_060,60,1.3139732337304753,0.38774351777469945,0.9019864994741044
0.67,-0.5777669993169522,1,2,L2_061,61,-0.841122334682642,0.04111515736222047,-1.069531647336535
0.67,-0.5777669993169522,1,2,L2_062,62,0.6459548630548007,0.36824409461090263,-1.5475394880735391
0.67,-0.5777669993169522,1,2,L2_063,63,-0.311587145437875,0.3685323017413629,-1.0261001042210194
0.67,-0.5777669993169522,1,2,L2_064,64,-0.11867290289756278,0.7097719754946354,1.1833195874037232
0.67,-0.5777669993169522,1,2,L2_065,65,1.2797210914375454,1.108208512350049,0.8016178947120951
0.67,-0.5777669993169522,1,2,L2_066,66,-0.9498411685352086,1.5741321003238045,0.7122327131825202
0.67,-0.5777669993169522,1,2,L2_067,67,1.9873312844585427,1.4787881723764795,-0.9568271267399231
0.67,-0.5777669993169522,1,2,L2_068,68,2.149285411069671,0.8792759033175698,-1.3317396609923189
0.67,-0.5777669993169522,1,2,L2_069,69,-0.5008542185004046,1.129736484171076,-1.1891369599880448
0.67,-0.5777669993169522,1,2,L2_070,70,0.4733180569851992,1.2680343896308508,0.28942524329381
0.67,-0.5777669993169522,1,2,L2_071,71,1.8027501822636804,0.8324111258324361,1.4223670306895515
0.67,-0.5777669993169522,1,2,L2_072,72,0.921318221837222,1.334671082450379,1.533886349742071
0.67,-0.5777669993169522,1,2,L2_073,73,-1.639032960258664,1.3798135224200963,-0.2032249276750468
0.67,-0.5777669993169522,1,2,L2_074,74,-1.50358634804637,1.2899153830129835,-1.1068909119756836
0.67,-0.5777669993169522,1,2,L2_075,75,-0.17838573258047521,0.909815238663675,1.1205708639706653
0.67,-0.5777669993169522,1,2,L2_076,76,-0.27201701653705707,1.8367454793089826,1.5319934153002595
0.67,-0.5777669993169522,1,2,L2_077,77,0.3082484564695914,1.633580667078401,1.3394579909451896
0.67,-0.5777669993169522,1,2,L2_078,78,-1.0046929334015398,1.0361436915213504,-0.19827246264988024
0.67,-0.5777669993169522,1,2,L2_079,79,-0.06465217202658549,1.765778759874626,-0.6820677483165787
0.67,-0.5777669993169522,1,3,L3_000,80,-0.316556469751852,,
0.67,-0.5777669993169522,1,3,L3_001,81,-1.3399575868816285,,
0.67,-0.5777669993169522,1,3,L3_002,82,-1.4807317612249846,,
0.67,-0.5777669993169522,1,3,L3_003,83,0.719948093662395,,
0.67,-0.5777669993169522,1,3,L3_004,84,-0.6901979726552198,,
0.67,-0.5777669993169522,1,3,L3_005,85,-0.13986189550031486,,
0.67,-0.5777669993169522,1,3,L3_006,86,-1.1947836589986964,,
0.67,-0.5777669993169522,1,3,L3_007,87,0.7654311947216795,,
0.67,-0.5777669993169522,1,3,L3_008,88,0.30405974646186956,,
0.67,-0.5777669993169522,1,3,L3_009,89,-0.8840322043052459,,
0.67,-0.5777669993169522,1,3,L3_010,90,-0.16852039152788265,,
0.67,-0.5777669993169522,1,3,L3_011,91,0.20768141292431555,,
0.67,-0.5777669993169522,1,3,L3_012,92,-0.46088894479871195,,
0.67,-0.5777669993169522,1,3,L3_013,93,1.8501385427121837,,
0.67,-0.5777669993169522,1,3,L3_014,94,-0.018397352070972508,,
0.67,-0.5777669993169522,1,3,L3_015,95,-0.21857620910836179,,
0.67,-0.5777669993169522,1,3,L3_016,96,-1.0817212743667015,,
0.67,-0.5777669993169522,1,3,L3_017,97,-1.0149289391265397,,
0.67,-0.5777669993169522,1,3,L3_018,98,1.2264933574934411,,
0.67,-0.5777669993169522,1,3,L3_019,99,-0.5088755310196134,,
0.67,-0.5777669993169522,1,3,L3_020,100,-0.8413936566946207,,
0.67,-0.5777669993169522,1,3,L3_021,101,0.8525752198556702,,
0.67,-0.5777669993169522,1,3,L3_022,102,-0.33095836357210445,,
0.67,-0.5777669993169522,1,3,L3_023,103,-0.647036006515281,,
0.67,-0.5777669993169522,1,3,L3_024,104,0.03552813757246756,,
0.67,-0.5777669993169522,1,3,L3_025,105,-2.082057767338827,,
0.67,-0.5777669993169522,1,3,L3_026,106,0.8942820337417919,,
0.67,-0.5777669993169522,1,3,L3_027,107,1.8826050139327224,,
0.67,-0.5777669993169522,1,3,L3_028,108,1.6058131503005448,,
0.67,-0.5777669993169522,1,3,L3_029,109,0.08426063850154733,,
0.67,-0.5777669993169522,1,3,L3_030,110,0.518062752462242,,
0.67,-0.5777669993169522,1,3,L3_031,111,-1.645333227420097,,
0.67,-0.5777669993169522,1,3,L3_032,112,-0.6004049072488742,,
0.67,-0.5777669993169522,1,3,L3_033,113,-0.2744175922102324,,
0.67,-0.5777669993169522,1,3,L3_034,114,1.400947322716115,,
0.67,-0.5777669993169522,1,3,L3_035,115,0.1661385143818857,,
0.67,-0.5777669993169522,1,3,L3_036,116,-1.5294068837587456,,
0.67,-0.5777669993169522,1,3,L3_037,117,0.6814121615225724,,
0.67,-0.5777669993169522,1,3,L3_038,118,-0.2836552423256374,,
0.67,-0.5777669993169522,1,3,L3_039,119,0.2980519778088647,,
0.67,-0.5777669993169522,1,3,L3_040,120,2.3539945736347963,,
0.67,-0.5777669993169522,1,3,L3_041,121,0.2606275879550206,,
0.67,-0.5777669993169522,1,3,L3_042,122,-1.1514811552187676,,
0.67,-0.5777669993169522,1,3,L3_043,123,0.9167771485251848,,
0.67,-0.5777669993169522,1,3,L3_044,124,0.38969767270696565,,
0.67,-0.5777669993169522,1,3,L3_045,125,1.8196139255585306,,
0.67,-0.5777669993169522,1,3,L3_046,126,-0.18155838132089752,,
0.67,-0.5777669993169522,1,3,L3_047,127,1.2762114156921074,,
0.67,-0.5777669993169522,1,3,L3_048,128,1.4757957808135662,,
0.67,-0.5777669993169522,1,3,L3_049,129,1.0500618125097674,,
0.67,-0.5777669993169522,1,3,L3_050,130,1.3642504388638559,,
0.67,-0.5777669993169522,1,3,L3_051,131,-0.6176593123423285,,
0.67,-0.5777669993169522,1,3,L3_052,132,-0.8510065230714641,,
0.67,-0.5777669993169522,1,3,L3_053,133,-1.5775659543748366,,
0.67,-0.5777669993169522,1,3,L3_054,134,-0.8109341178009323,,
0.67,-0.5777669993169522,1,3,L3_055,135,-0.20869401037018268,,
0.67,-0.5777669993169522,1,3,L3_056,136,-0.2924263801351831,,
0.67,-0.5777669993169522,1,3,L3_057,137,0.8999313718120066,,
0.67,-0.5777669993169522,1,3,L3_058,138,0.35325730624310897,,
0.67,-0.5777669993169522,1,3,L3_059,139,0.10811029793602196,,
0.67,-0.5777669993169522,1,3,L3_060,140,-1.0874951631404532,,
0.67,-0.5777669993169522,1,3,L3_061,141,0.19884390474965433,,
0.67,-0.5777669993169522,1,3,L3_062,142,0.5823434367722049,,
0.67,-0.5777669993169522,1,3,L3_063,143,-0.48017830150287005,,
0.67,-0.5777669993169522,1,3,L3_064,144,-0.8051875654636864,,
0.67,-0.5777669993169522,1,3,L3_065,145,2.209425049839482,,
0.67,-0.5777669993169522,1,3,L3_066,146,-0.7347718423172717,,
0.67,-0.5777669993169522,1,3,L3_067,147,-0.24418946071561987,,
0.67,-0.5777669993169522,1,3,L3_068,148,0.45809579067691164,,
0.67,-0.5777669993169522,1,3,L3_069,149,1.2785121437434321,,
0.67,-0.5777669993169522,1,3,L3_070,150,-0.3776934447671436,,
0.67,-0.5777669993169522,1,3,L3_071,151,-0.31417082053594997,,
0.67,-0.5777669993169522,1,3,L3_072,152,0.16954973987339347,,
0.67,-0.5777669993169522,1,3,L3_073,153,-0.4701577220436141,,
0.67,-0.5777669993169522,1,3,L3_074,154,0.8924986257161024,,
0.67,-0.5777669993169522,1,3,L3_075,155,-1.364775541512501,,
0.67,-0.5777669993169522,1,3,L3_076,156,0.3559227559947034,,
0.67,-0.5777669993169522,1,3,L3_077,157,-0.5724200827259616,,
0.67,-0.5777669993169522,1,3,L3_078,158,-2.4067996879448055,,
0.67,-0.5777669993169522,1,3,L3_079,159,0.39490925533654714,,
0.67,-0.5777669993169522,2,2,L2_000,0,2.121704158876862,-0.6436045175116654,1.3180709166481601
0.67,-0.5777669993169522,2,2,L2_001,1,0.3214549762308401,-1.3114188536168572,1.0240679434706472
0.67,-0.5777669993169522,2,2,L2_002,2,-0.24577624432972633,-1.8503555466768324,0.5204860226682876
0.67,-0.5777669993169522,2,2,L2_003,3,0.6958412343162094,-1.8286759148006935,0.8171471765667275
0.67,-0.5777669993169522,2,2,L2_004,4,1.793184815700856,-0.5086474794479974,-0.35803736128584784
0.67,-0.5777669993169522,2,2,L2_005,5,-0.732502351006609,-0.3644296023852296,0.8315759061648493
0.67,-0.5777669993169522,2,2,L2_006,6,0.7077689428131715,-1.4690842805659863,-0.8419800037554516
0.67,-0.5777669993169522,2,2,L2_007,7,-1.275814046016046,-1.5732722971926179,0.13027391001338026
0.67,-0.5777669993169522,2,2,L2_008,8,-0.581133584753386,-0.41374445680156346,0.4792273794127908
0.67,-0.5777669993169522,2,2,L2_009,9,0.07788056348185174,-1.3544491192068646,0.6569492576952469
0.67,-0.5777669993169522,2,2,L2_010,10,-0.20424068719563646,-1.6051973032522913,0.6499609342827654
0.67,-0.5777669993169522,2,2,L2_011,11,-0.39229146884606836,-1.5383199755725063,0.8378868043093651
0.67,-0.5777669993169522,2,2,L2_012,12,-1.9188082454474789,-1.0740098299435505,-1.3874530155006604
0.67,-0.5777669993169522,2,2,L2_013,13,-0.5716318359162635,-1.4793096485913646,-0.7578574737341324
0.67,-0.5777669993169522,2,2,L2_014,14,1.3127386784257034,-1.15751187646631,0.12125699209704772
0.67,-0.5777669993169522,2,2,L2_015,15,0.06080562549034317,-0.9027058717852051,0.27055895391111423
0.67,-0.5777669993169522,2,2,L2_016,16,0.6263048094469564,-0.6837136306413448,-0.4811825106777553
0.67,-0.5777669993169522,2,2,L2_017,17,1.4145301299811741,-1.7335746858805785,1.1780335016464618
0.67,-0.5777669993169522,2,2,L2_018,18,-0.9370705472402286,-0.6602878292877538,1.7746641454955514
0.67,-0.5777669993169522,2,2,L2_019,19,0.1426843336642763,-0.8624140143626721,0.14832710757893175
0.67,-0.5777669993169522,2,2,L2_020,20,-0.10333432707125612,-1.4228050441017777,-1.1176384105384112
0.67,-0.5777669993169522,2,2,L2_021,21,2.417700603470149,-1.3736523160572252,1.154261041590113
0.67,-0.5777669993169522,2,2,L2_022,22,0.012897775790946977,-0.7032795774355344,-1.2900937351703008
0.67,-0.5777669993169522,2,2,L2_023,23,-0.9925812386852405,0.34536633163852287,-0.03845998458125918
0.67,-0.5777669993169522,2,2,L2_024,24,-0.5201941745439883,0.6261194843170685,0.12682938038814437
0.67,-0.5777669993169522,2,2,L2_025,25,0.15925210169130227,-1.3392732161981462,0.8924489807127715
0.67,-0.5777669993169522,2,2,L2_026,26,-1.144808559766819,-0.9924934338507428,0.3345777398165237
0.67,-0.5777669993169522,2,2,L2_027,27,0.5809122694292859,-0.5705383492371926,-1.460634198217792
0.67,-0.5777669993169522,2,2,L2_028,28,-0.8216037272928233,-1.061685007426923,0.21565473818978725
0.67,-0.5777669993169522,2,2,L2_029,29,0.8127480303255974,0.03803981051733201,0.5473530391051578
0.67,-0.5777669993169522,2,2,L2_030,30,-0.17764151628913513,-0.6023137990151491,-0.1776694015255718
0.67,-0.5777669993169522,2,2,L2_031,31,-0.3995046083898986,0.28827850494012935,-0.3502470612541241
0.67,-0.5777669993169522,2,2,L2_032,32,1.97862240203246,-0.45941702854634064,1.1514204381066113
0.67,-0.5777669993169522,2,2,L2_033,33,-0.10545107682856124,-0.10118503407990828,0.987607845313007
0.67,-0.5777669993169522,2,2,L2_034,34,-0.8000697820063544,-0.6648714800827695,-1.343727196255169
0.67,-0.5777669993169522,2,2,L2_035,35,0.42492308732139455,0.074879706060542,0.6687592884798252
0.67,-0.5777669993169522,2,2,L2_036,36,-2.094975583134452,-0.39388302284077775,0.9680885053178412
0.67,-0.5777669993169522,2,2,L2_037,37,-1.4863367188519314,0.33971885639392224,0.14995468698456815
0.67,-0.5777669993169522,2,2,L2_038,38,-0.053184282487960165,-0.036790460648333925,1.4562302150997972
0.67,-0.5777669993169522,2,2,L2_039,39,-0.1988396326063299,-1.1302815717085903,1.5566031611157105
0.67,-0.5777669993169522,2,2,L2_040,40,-1.218256578431588,0.909786927186188,-1.259636991464696
0.67,-0.5777669993169522,2,2,L2_041,41,0.38551007285959904,0.23994732252421716,-1.719247896815123
0.67,-0.5777669993169522,2,2,L2_042,42,0.04510773560592039,0.6381953369780138,-0.8859125461595925
0.67,-0.5777669993169522,2,2,L2_043,43,-0.3768162944107856,-0.22303081073973813,-1.1555231001142823
0.67,-0.5777669993169522,2,2,L2_044,44,0.9157757420733975,-0.07794751116651882,-0.7468532356273193
0.67,-0.5777669993169522,2,2,L2_045,45,-0.6121834508199736,0.16298904074310114,1.6468181167618245
0.67,-0.5777669993169522,2,2,L2_046,46,0.6645565409397425,0.33213106265072184,1.0694272970812397
0.67,-0.5777669993169522,2,2,L2_047,47,0.08233523571373567,1.1047431561729153,0.9841590207916543
0.67,-0.5777669993169522,2,2,L2_048,48,1.9460943463616225,0.08623139453045325,-1.0851210997831575
0.67,-0.5777669993169522,2,2,L2_049,49,-0.5996130262299749,0.6803410154852905,-1.407278480145055
0.67,-0.5777669993169522,2,2,L2_050,50,-1.7846630884731565,0.13631074337197546,-0.09441180631506679
0.67,-0.5777669993169522,2,2,L2_051,51,0.14902941925996432,0.5170080598936737,-0.8617573262668934
0.67,-0.5777669993169522,2,2,L2_052,52,1.7740602617035353,0.6845203176940793,-0.2251940930609465
0.67,-0.5777669993169522,2,2,L2_053,53,-0.5169258412928772,0.04845260295712063,-1.4075819780181211
0.67,-0.5777669993169522,2,2,L2_054,54,1.0352452509950212,0.9269283488316707,-0.8233313008397164
0.67,-0.5777669993169522,2,2,L2_055,55,0.3049807513835408,0.5545491499485025,-1.347654459495812
0.67,-0.5777669993169522,2,2,L2_056,56,-0.5975019558512293,0.6923295698094217,-1.3617497769324254
0.67,-0.5777669993169522,2,2,L2_057,57,1.0296484070368759,0.8998311376201511,-0.8075231283003468
0.67,-0.5777669993169522,2,2,L2_058,58,-0.17080965477170637,1.4025763007100074,-0.5422303543748236
0.67,-0.5777669993169522,2,2,L2_059,59,1.1005158683380742,1.1064426568339534,-0.8582190713514711
0.67,-0.5777669993169522,2,2,L2_060,60,0.45266018274806874,0.38774351777469945,0.9019864994741044
0.67,-0.5777669993169522,2,2,L2_061,61,-0.8580983294025392,0.04111515736222047,-1.069531647336535
0.67,-0.5777669993169522,2,2,L2_062,62,0.40165665934900224,0.36824409461090263,-1.5475394880735391
0.67,-0.5777669993169522,2,2,L2_063,63,-1.2056187646284946,0.3685323017413629,-1.0261001042210194
0.67,-0.5777669993169522,2,2,L2_064,64,-0.15333090399559055,0.7097719754946354,1.1833195874037232
0.67,-0.5777669993169522,2,2,L2_065,65,-1.1390558058765403,1.108208512350049,0.8016178947120951
0.67,-0.5777669993169522,2,2,L2_066,66,0.01152444403451368,1.5741321003238045,0.7122327131825202
0.67,-0.5777669993169522,2,2,L2_067,67,0.5736415695939306,1.4787881723764795,-0.9568271267399231
0.67,-0.5777669993169522,2,2,L2_068,68,-1.0432463743052673,0.8792759033175698,-1.3317396609923189
0.67,-0.5777669993169522,2,2,L2_069,69,0.6751427420409977,1.129736484171076,-1.1891369599880448
0.67,-0.5777669993169522,2,2,L2_070,70,1.7592742057662856,1.2680343896308508,0.28942524329381
0.67,-0.5777669993169522,2,2,L2_071,71,-0.6756815171120988,0.8324111258324361,1.4223670306895515
0.67,-0.5777669993169522,2,2,L2_072,72,-0.5045333697325932,1.334671082450379,1.533886349742071
0.67,-0.5777669993169522,2,2,L2_073,73,0.4434174921450757,1.3798135224200963,-0.2032249276750468
0.67,-0.5777669993169522,2,2,L2_074,74,-2.209700433576171,1.2899153830129835,-1.1068909119756836
0.67,-0.5777669993169522,2,2,L2_075,75,1.6161006284048616,0.909815238663675,1.1205708639706653
0.67,-0.5777669993169522,2,2,L2_076,76,-0.7759702403150313,1.8367454793089826,1.5319934153002595
0.67,-0.5777669993169522,2,2,L2_077,77,-0.7884713578453395,1.633580667078401,1.3394579909451896
0.67,-0.5777669993169522,2,2,L2_078,78,-0.7952440385418831,1.0361436915213504,-0.19827246264988024
0.67,-0.5777669993169522,2,2,L2_079,79,0.7552831694760708,1.765778759874626,-0.6820677483165787
0.67,-0.5777669993169522,2,3,L3_000,80,0.9652950275599854,,
0.67,-0.5777669993169522,2,3,L3_001,81,0.1960200800300467,,
0.67,-0.5777669993169522,2,3,L3_002,82,-1.2092845168462738,,
0.67,-0.5777669993169522,2,3,L3_003,83,0.4050971735319685,,
0.67,-0.5777669993169522,2,3,L3_004,84,-0.09928857545573747,,
0.67,-0.5777669993169522,2,3,L3_005,85,-0.18390015502032864,,
0.67,-0.5777669993169522,2,3,L3_006,86,-0.6411242992286046,,
0.67,-0.5777669993169522,2,3,L3_007,87,2.1741219242125966,,
0.67,-0.5777669993169522,2,3,L3_008,88,0.26809795013990173,,
0.67,-0.5777669993169522,2,3,L3_009,89,-0.534138456983809,,
0.67,-0.5777669993169522,2,3,L3_010,90,-0.9344124872944294,,
0.67,-0.5777669993169522,2,3,L3_011,91,-0.9326128918297529,,
0.67,-0.5777669993169522,2,3,L3_012,92,2.1650213017355444,,
0.67,-0.5777669993169522,2,3,L3_013,93,-0.5700267519612848,,
0.67,-0.5777669993169522,2,3,L3_014,94,0.6377780764314295,,
0.67,-0.5777669993169522,2,3,L3_015,95,-0.4795640527435884,,
0.67,-0.5777669993169522,2,3,L3_016,96,1.7430035937312043,,
0.67,-0.5777669993169522,2,3,L3_017,97,1.0573057108485087,,
0.67,-0.5777669993169522,2,3,L3_018,98,0.44236255490889326,,
0.67,-0.5777669993169522,2,3,L3_019,99,-2.800552580717827,,
0.67,-0.5777669993169522,2,3,L3_020,100,1.4852711980556808,,
0.67,-0.5777669993169522,2,3,L3_021,101,0.825683318822034,,
0.67,-0.5777669993169522,2,3,L3_022,102,-0.40963414556733085,,
0.67,-0.5777669993169522,2,3,L3_023,103,0.8600539529697201,,
0.67,-0.5777669993169522,2,3,L3_024,104,1.000537221360022,,
0.67,-0.5777669993169522,2,3,L3_025,105,0.6954901333946012,,
0.67,-0.5777669993169522,2,3,L3_026,106,-0.9475385152818981,,
0.67,-0.5777669993169522,2,3,L3_027,107,0.09095127071712701,,
0.67,-0.5777669993169522,2,3,L3_028,108,-1.2728176469779064,,
0.67,-0.5777669993169522,2,3,L3_029,109,0.3991583371120304,,
0.67,-0.5777669993169522,2,3,L3_030,110,-0.3698266469928726,,
0.67,-0.5777669993169522,2,3,L3_031,111,0.26064123307663595,,
0.67,-0.5777669993169522,2,3,L3_032,112,0.3445607734160904,,
0.67,-0.5777669993169522,2,3,L3_033,113,-0.6841732266032502,,
0.67,-0.5777669993169522,2,3,L3_034,114,-0.6049009385024913,,
0.67,-0.5777669993169522,2,3,L3_035,115,-1.4352905581781865,,
0.67,-0.5777669993169522,2,3,L3_036,116,0.5964649976194103,,
0.67,-0.5777669993169522,2,3,L3_037,117,-1.1001670083776325,,
0.67,-0.5777669993169522,2,3,L3_038,118,-0.91946279892363,,
0.67,-0.5777669993169522,2,3,L3_039,119,0.9418401293273937,,
0.67,-0.5777669993169522,2,3,L3_040,120,1.7606407121412944,,
0.67,-0.5777669993169522,2,3,L3_041,121,0.8328579967149318,,
0.67,-0.5777669993169522,2,3,L3_042,122,1.3667371659890202,,
0.67,-0.5777669993169522,2,3,L3_043,123,-0.30629631523051765,,
0.67,-0.5777669993169522,2,3,L3_044,124,0.06085205419671459,,
0.67,-0.5777669993169522,2,3,L3_045,125,0.8366764444534949,,
0.67,-0.5777669993169522,2,3,L3_046,126,0.9793631628555359,,
0.67,-0.5777669993169522,2,3,L3_047,127,0.8553893064852616,,
0.67,-0.5777669993169522,2,3,L3_048,128,-0.6424833065089897,,
0.67,-0.5777669993169522,2,3,L3_049,129,0.3455704534738999,,
0.67,-0.5777669993169522,2,3,L3_050,130,1.6153082055780703,,
0.67,-0.5777669993169522,2,3,L3_051,131,-0.2825710021049352,,
0.67,-0.5777669993169522,2,3,L3_052,132,-1.3421665200809236,,
0.67,-0.5777669993169522,2,3,L3_053,133,0.6674047317946653,,
0.67,-0.5777669993169522,2,3,L3_054,134,0.2768629416363224,,
0.67,-0.5777669993169522,2,3,L3_055,135,-1.748566226167448,,
0.67,-0.5777669993169522,2,3,L3_056,136,0.006363428635308752,,
0.67,-0.5777669993169522,2,3,L3_057,137,0.12246215289156046,,
0.67,-0.5777669993169522,2,3,L3_058,138,0.5777564883669891,,
0.67,-0.5777669993169522,2,3,L3_059,139,-1.3005755703367987,,
0.67,-0.5777669993169522,2,3,L3_060,140,0.6837642481451102,,
0.67,-0.5777669993169522,2,3,L3_061,141,-0.6916778314968307,,
0.67,-0.5777669993169522,2,3,L3_062,142,-0.8744557678118975,,
0.67,-0.5777669993169522,2,3,L3_063,143,-0.8731425444865709,,
0.67,-0.5777669993169522,2,3,L3_064,144,-1.7418825646761316,,
0.67,-0.5777669993169522,2,3,L3_065,145,-0.08554792343416762,,
0.67,-0.5777669993169522,2,3,L3_066,146,0.7472220262122973,,
0.67,-0.5777669993169522,2,3,L3_067,147,-1.2680702007104245,,
0.67,-0.5777669993169522,2,3,L3_068,148,0.7599957621044862,,
0.67,-0.5777669993169522,2,3,L3_069,149,-0.614767991487252,,
0.67,-0.5777669993169522,2,3,L3_070,150,-0.5795174228177234,,
0.67,-0.5777669993169522,2,3,L3_071,151,-0.07404461527724913,,
0.67,-0.5777669993169522,2,3,L3_072,152,2.1299572760908867,,
0.67,-0.5777669993169522,2,3,L3_073,153,-0.6873621234050731,,
0.67,-0.5777669993169522,2,3,L3_074,154,-0.25191740674881186,,
0.67,-0.5777669993169522,2,3,L3_075,155,-1.7916225253418436,,
0.67,-0.5777669993169522,2,3,L3_076,156,-1.219603510639863,,
0.67,-0.5777669993169522,2,3,L3_077,157,-0.17706170761023532,,
0.67,-0.5777669993169522,2,3,L3_078,158,0.47332465777302635,,
0.67,-0.5777669993169522,2,3,L3_079,159,0.028784155320453253,,
0.67,-0.5777669993169522,3,2,L2_000,0,-1.0165659346920317,-0.6436045175116654,1.3180709166481601
0.67,-0.5777669993169522,3,2,L2_001,1,-0.49734998898987637,-1.3114188536168572,1.0240679434706472
0.67,-0.5777669993169522,3,2,L2_002,2,0.06533814300037905,-1.8503555466768324,0.5204860226682876
0.67,-0.5777669993169522,3,2,L2_003,3,0.10133224084231966,-1.8286759148006935,0.8171471765667275
0.67,-0.5777669993169522,3,2,L2_004,4,1.4676461552002902,-0.5086474794479974,-0.35803736128584784
0.67,-0.5777669993169522,3,2,L2_005,5,-0.7672161926649098,-0.3644296023852296,0.8315759061648493
0.67,-0.5777669993169522,3,2,L2_006,6,0.0393295378461792,-1.4690842805659863,-0.8419800037554516
0.67,-0.5777669993169522,3,2,L2_007,7,1.458353974267283,-1.5732722971926179,0.13027391001338026
0.67,-0.5777669993169522,3,2,L2_008,8,-0.4983715152571051,-0.41374445680156346,0.4792273794127908
0.67,-0.5777669993169522,3,2,L2_009,9,0.18786847176270074,-1.3544491192068646,0.6569492576952469
0.67,-0.5777669993169522,3,2,L2_010,10,0.614658406763169,-1.6051973032522913,0.6499609342827654
0.67,-0.5777669993169522,3,2,L2_011,11,-0.19021100819593387,-1.5383199755725063,0.8378868043093651
0.67,-0.5777669993169522,3,2,L2_012,12,-0.3429449863186572,-1.0740098299435505,-1.3874530155006604
0.67,-0.5777669993169522,3,2,L2_013,13,-0.1353913102190578,-1.4793096485913646,-0.7578574737341324
0.67,-0.5777669993169522,3,2,L2_014,14,-1.1778034584974546,-1.15751187646631,0.12125699209704772
0.67,-0.5777669993169522,3,2,L2_015,15,0.2676970310525427,-0.9027058717852051,0.27055895391111423
0.67,-0.5777669993169522,3,2,L2_016,16,-1.1297943860527127,-0.6837136306413448,-0.4811825106777553
0.67,-0.5777669993169522,3,2,L2_017,17,0.009363381918762943,-1.7335746858805785,1.1780335016464618
0.67,-0.5777669993169522,3,2,L2_018,18,0.8758368274090111,-0.6602878292877538,1.7746641454955514
0.67,-0.5777669993169522,3,2,L2_019,19,0.9411002892050532,-0.8624140143626721,0.14832710757893175
0.67,-0.5777669993169522,3,2,L2_020,20,-0.4803869162588019,-1.4228050441017777,-1.1176384105384112
0.67,-0.5777669993169522,3,2,L2_021,21,-0.5877971836571871,-1.3736523160572252,1.154261041590113
0.67,-0.5777669993169522,3,2,L2_022,22,-0.7188003414116593,-0.7032795774355344,-1.2900937351703008
0.67,-0.5777669993169522,3,2,L2_023,23,-1.2292268227682384,0.34536633163852287,-0.03845998458125918
0.67,-0.5777669993169522,3,2,L2_024,24,-1.8259273813426733,0.6261194843170685,0.12682938038814437
0.67,-0.5777669993169522,3,2,L2_025,25,2.2016713688309486,-1.3392732161981462,0.8924489807127715
0.67,-0.5777669993169522,3,2,L2_026,26,-0.8810461863266033,-0.9924934338507428,0.3345777398165237
0.67,-0.5777669993169522,3,2,L2_027,27,0.15313362025576036,-0.5705383492371926,-1.460634198217792
0.67,-0.5777669993169522,3,2,L2_028,28,-0.3654938185226775,-1.061685007426923,0.21565473818978725
0.67,-0.5777669993169522,3,2,L2_029,29,-0.866741132104096,0.03803981051733201,0.5473530391051578
0.67,-0.5777669993169522,3,2,L2_030,30,1.5913106776134325,-0.6023137990151491,-0.1776694015255718
0.67,-0.5777669993169522,3,2,L2_031,31,-0.6814746825964982,0.28827850494012935,-0.3502470612541241
0.67,-0.5777669993169522,3,2,L2_032,32,0.35086422714989884,-0.45941702854634064,1.1514204381066113
0.67,-0.5777669993169522,3,2,L2_033,33,-0.3043003391079806,-0.10118503407990828,0.987607845313007
0.67,-0.5777669993169522,3,2,L2_034,34,-1.6011958277242355,-0.6648714800827695,-1.343727196255169
0.67,-0.5777669993169522,3,2,L2_035,35,2.2745255850789654,0.074879706060542,0.6687592884798252
0.67,-0.5777669993169522,3,2,L2_036,36,-1.0154597574076585,-0.39388302284077775,0.9680885053178412
0.67,-0.5777669993169522,3,2,L2_037,37,0.0022339791209227593,0.33971885639392224,0.14995468698456815
0.67,-0.5777669993169522,3,2,L2_038,38,-1.01956715888876,-0.036790460648333925,1.4562302150997972
0.67,-0.5777669993169522,3,2,L2_039,39,0.49269092867539316,-1.1302815717085903,1.5566031611157105
0.67,-0.5777669993169522,3,2,L2_040,40,0.8092912911931341,0.909786927186188,-1.259636991464696
0.67,-0.5777669993169522,3,2,L2_041,41,0.819724578327039,0.23994732252421716,-1.719247896815123
0.67,-0.5777669993169522,3,2,L2_042,42,0.0213449485147782,0.6381953369780138,-0.8859125461595925
0.67,-0.5777669993169522,3,2,L2_043,43,-0.45289064453513395,-0.22303081073973813,-1.1555231001142823
0.67,-0.5777669993169522,3,2,L2_044,44,0.7108159057711745,-0.07794751116651882,-0.7468532356273193
0.67,-0.5777669993169522,3,2,L2_045,45,-1.298513263613466,0.16298904074310114,1.6468181167618245
0.67,-0.5777669993169522,3,2,L2_046,46,-0.7605220305057928,0.33213106265072184,1.0694272970812397
0.67,-0.5777669993169522,3,2,L2_047,47,0.1945290575237644,1.1047431561729153,0.9841590207916543
0.67,-0.5777669993169522,3,2,L2_048,48,2.5106814567932667,0.08623139453045325,-1.0851210997831575
0.67,-0.5777669993169522,3,2,L2_049,49,2.4338026194762623,0.6803410154852905,-1.407278480145055
0.67,-0.5777669993169522,3,2,L2_050,50,-0.49092109351165336,0.13631074337197546,-0.09441180631506679
0.67,-0.5777669993169522,3,2,L2_051,51,-0.2514545489951465,0.5170080598936737,-0.8617573262668934
0.67,-0.5777669993169522,3,2,L2_052,52,0.5675963381191189,0.6845203176940793,-0.2251940930609465
0.67,-0.5777669993169522,3,2,L2_053,53,-0.4701120302369562,0.04845260295712063,-1.4075819780181211
0.67,-0.5777669993169522,3,2,L2_054,54,1.3569810629176449,0.9269283488316707,-0.8233313008397164
0.67,-0.5777669993169522,3,2,L2_055,55,-0.4566686754250947,0.5545491499485025,-1.347654459495812
0.67,-0.5777669993169522,3,2,L2_056,56,1.7511343367325671,0.6923295698094217,-1.3617497769324254
0.67,-0.5777669993169522,3,2,L2_057,57,0.6721399322376523,0.8998311376201511,-0.8075231283003468
0.67,-0.5777669993169522,3,2,L2_058,58,-0.8657639278628435,1.4025763007100074,-0.5422303543748236
0.67,-0.5777669993169522,3,2,L2_059,59,-0.7701479453969281,1.1064426568339534,-0.8582190713514711
0.67,-0.5777669993169522,3,2,L2_060,60,0.5493049816848394,0.38774351777469945,0.9019864994741044
0.67,-0.5777669993169522,3,2,L2_061,61,0.07056883104615028,0.04111515736222047,-1.069531647336535
0.67,-0.5777669993169522,3,2,L2_062,62,1.3038536732854606,0.36824409461090263,-1.5475394880735391
0.67,-0.5777669993169522,3,2,L2_063,63,-0.060130146175272056,0.3685323017413629,-1.0261001042210194
0.67,-0.5777669993169522,3,2,L2_064,64,1.2437034650258139,0.7097719754946354,1.1833195874037232
0.67,-0.5777669993169522,3,2,L2_065,65,-0.41888153129562156,1.108208512350049,0.8016178947120951
0.67,-0.5777669993169522,3,2,L2_066,66,1.997545393258362,1.5741321003238045,0.7122327131825202
0.67,-0.5777669993169522,3,2,L2_067,67,-0.3583732966440138,1.4787881723764795,-0.9568271267399231
0.67,-0.5777669993169522,3,2,L2_068,68,-0.653660618560904,0.8792759033175698,-1.3317396609923189
0.67,-0.5777669993169522,3,2,L2_069,69,-1.029067637759635,1.129736484171076,-1.1891369599880448
0.67,-0.5777669993169522,3,2,L2_070,70,-1.7929994204166362,1.2680343896308508,0.28942524329381
0.67,-0.5777669993169522,3,2,L2_071,71,-1.0943884527500105,0.8324111258324361,1.4223670306895515
0.67,-0.5777669993169522,3,2,L2_072,72,-0.20984019269917026,1.334671082450379,1.533886349742071
0.67,-0.5777669993169522,3,2,L2_073,73,-0.4891830664167549,1.3798135224200963,-0.2032249276750468
0.67,-0.5777669993169522,3,2,L2_074,74,0.5254432038335689,1.2899153830129835,-1.1068909119756836
0.67,-0.5777669993169522,3,2,L2_075,75,-0.503767586065408,0.909815238663675,1.1205708639706653
0.67,-0.5777669993169522,3,2,L2_076,76,1.1652627374064348,1.8367454793089826,1.5319934153002595
0.67,-0.5777669993169522,3,2,L2_077,77,-0.3835150670801057,1.633580667078401,1.3394579909451896
0.67,-0.5777669993169522,3,2,L2_078,78,-1.5745382451390388,1.0361436915213504,-0.19827246264988024
0.67,-0.5777669993169522,3,2,L2_079,79,-0.08027290904966682,1.765778759874626,-0.6820677483165787
0.67,-0.5777669993169522,3,3,L3_000,80,0.21065903669071,,
0.67,-0.5777669993169522,3,3,L3_001,81,0.4897060598333857,,
0.67,-0.5777669993169522,3,3,L3_002,82,0.5117013958893358,,
0.67,-0.5777669993169522,3,3,L3_003,83,0.5201775613571082,,
0.67,-0.5777669993169522,3,3,L3_004,84,-1.513651761251353,,
0.67,-0.5777669993169522,3,3,L3_005,85,0.23178122212103805,,
0.67,-0.5777669993169522,3,3,L3_006,86,0.8646149658452079,,
0.67,-0.5777669993169522,3,3,L3_007,87,0.18838640472973045,,
0.67,-0.5777669993169522,3,3,L3_008,88,0.3565625031607059,,
0.67,-0.5777669993169522,3,3,L3_009,89,0.859175249002759,,
0.67,-0.5777669993169522,3,3,L3_010,90,0.2993232451141354,,
0.67,-0.5777669993169522,3,3,L3_011,91,-0.1321573457106087,,
0.67,-0.5777669993169522,3,3,L3_012,92,-1.0682138393790899,,
0.67,-0.5777669993169522,3,3,L3_013,93,0.7242818727738563,,
0.67,-0.5777669993169522,3,3,L3_014,94,0.6351815842308187,,
0.67,-0.5777669993169522,3,3,L3_015,95,-2.1776805993523456,,
0.67,-0.5777669993169522,3,3,L3_016,96,1.2944114629234509,,
0.67,-0.5777669993169522,3,3,L3_017,97,-1.2371005961897816,,
0.67,-0.5777669993169522,3,3,L3_018,98,-2.772172746121306,,
0.67,-0.5777669993169522,3,3,L3_019,99,1.3659456395728171,,
0.67,-0.5777669993169522,3,3,L3_020,100,0.36982994985422074,,
0.67,-0.5777669993169522,3,3,L3_021,101,-0.6663017670710348,,
0.67,-0.5777669993169522,3,3,L3_022,102,0.28712990710026104,,
0.67,-0.5777669993169522,3,3,L3_023,103,-2.1888355106180626,,
0.67,-0.5777669993169522,3,3,L3_024,104,0.303456586191245,,
0.67,-0.5777669993169522,3,3,L3_025,105,0.15540795816969963,,
0.67,-0.5777669993169522,3,3,L3_026,106,0.48362825118292063,,
0.67,-0.5777669993169522,3,3,L3_027,107,0.958340378351903,,
0.67,-0.5777669993169522,3,3,L3_028,108,-1.1894463514592848,,
0.67,-0.5777669993169522,3,3,L3_029,109,0.25785189086809196,,
0.67,-0.5777669993169522,3,3,L3_030,110,0.03589953361979699,,
0.67,-0.5777669993169522,3,3,L3_031,111,1.8938721588445675,,
0.67,-0.5777669993169522,3,3,L3_032,112,-0.44774751331986407,,
0.67,-0.5777669993169522,3,3,L3_033,113,0.741472426558975,,
0.67,-0.5777669993169522,3,3,L3_034,114,-0.24846276386012064,,
0.67,-0.5777669993169522,3,3,L3_035,115,-1.0562019774397389,,
0.67,-0.5777669993169522,3,3,L3_036,116,1.125572439506561,,
0.67,-0.5777669993169522,3,3,L3_037,117,-0.10418138051015566,,
0.67,-0.5777669993169522,3,3,L3_038,118,0.9145445968324387,,
0.67,-0.5777669993169522,3,3,L3_039,119,0.6814541799830122,,
0.67,-0.5777669993169522,3,3,L3_040,120,0.9106166279489022,,
0.67,-0.5777669993169522,3,3,L3_041,121,0.887585336218669,,
0.67,-0.5777669993169522,3,3,L3_042,122,-1.2441489461326658,,
0.67,-0.5777669993169522,3,3,L3_043,123,-0.7519085431765105,,
0.67,-0.5777669993169522,3,3,L3_044,124,0.2958971915142872,,
0.67,-0.5777669993169522,3,3,L3_045,125,-0.08958009883391427,,
0.67,-0.5777669993169522,3,3,L3_046,126,-0.6793728562017196,,
0.67,-0.5777669993169522,3,3,L3_047,127,-0.2213413879479361,,
0.67,-0.5777669993169522,3,3,L3_048,128,1.1936673288496005,,
0.67,-0.5777669993169522,3,3,L3_049,129,-0.11839437409312385,,
0.67,-0.5777669993169522,3,3,L3_050,130,-1.1732028479843375,,
0.67,-0.5777669993169522,3,3,L3_051,131,-1.3260346361772677,,
0.67,-0.5777669993169522,3,3,L3_052,132,1.1433405189229409,,
0.67,-0.5777669993169522,3,3,L3_053,133,-0.908827226506807,,
0.67,-0.5777669993169522,3,3,L3_054,134,1.7168553019380615,,
0.67,-0.5777669993169522,3,3,L3_055,135,-1.3352221197041512,,
0.67,-0.5777669993169522,3,3,L3_056,136,2.5137322754902334,,
0.67,-0.5777669993169522,3,3,L3_057,137,-0.067402629041546,,
0.67,-0.5777669993169522,3,3,L3_058,138,0.35323375191844447,,
0.67,-0.5777669993169522,3,3,L3_059,139,-1.40936908448343,,
0.67,-0.5777669993169522,3,3,L3_060,140,-0.9115593935854626,,
0.67,-0.5777669993169522,3,3,L3_061,141,-0.8886585472963848,,
0.67,-0.5777669993169522,3,3,L3_062,142,-0.47334963768807603,,
0.67,-0.5777669993169522,3,3,L3_063,143,0.41633773213519637,,
0.67,-0.5777669993169522,3,3,L3_064,144,0.5875071075218681,,
0.67,-0.5777669993169522,3,3,L3_065,145,0.3588821534374868,,
0.67,-0.5777669993169522,3,3,L3_066,146,-0.2432281725474367,,
0.67,-0.5777669993169522,3,3,L3_067,147,0.8529203673505157,,
0.67,-0.5777669993169522,3,3,L3_068,148,-0.22050413441480235,,
0.67,-0.5777669993169522,3,3,L3_069,149,-1.5389469268019862,,
0.67,-0.5777669993169522,3,3,L3_070,150,0.37677708582265934,,
0.67,-0.5777669993169522,3,3,L3_071,151,1.2306498228713996,,
0.67,-0.5777669993169522,3,3,L3_072,152,-1.1191586680439671,,
0.67,-0.5777669993169522,3,3,L3_073,153,1.2062823837989964,,
0.67,-0.5777669993169522,3,3,L3_074,154,1.0567314636766145,,
0.67,-0.5777669993169522,3,3,L3_075,155,0.5968854510855482,,
0.67,-0.5777669993169522,3,3,L3_076,156,-1.239448326076515,,
0.67,-0.5777669993169522,3,3,L3_077,157,-0.7148492126069632,,
0.67,-0.5777669993169522,3,3,L3_078,158,0.1973251079087904,,
0.67,-0.5777669993169522,3,3,L3_079,159,-1.178933547090916,,
1.0,0.0,0,2,L2_000,0,-1.0219864005756547,-0.6436045175116654,1.3180709166481601
1.0,0.0,0,2,L2_001,1,0.5790586408942269,-1.3114188536168572,1.0240679434706472
1.0,0.0,0,2,L2_002,2,0.20851304938582035,-1.8503555466768324,0.5204860226682876
1.0,0.0,0,2,L2_003,3,0.9363278300693187,-1.8286759148006935,0.8171471765667275
1.0,0.0,0,2,L2_004,4,0.39079081196745186,-0.5086474794479974,-0.35803736128584784
1.0,0.0,0,2,L2_005,5,1.8640463690209594,-0.3644296023852296,0.8315759061648493
1.0,0.0,0,2,L2_006,6,-1.6841399747221724,-1.4690842805659863,-0.8419800037554516
1.0,0.0,0,2,L2_007,7,-1.1332896522301432,-1.5732722971926179,0.13027391001338026
1.0,0.0,0,2,L2_008,8,-0.877571569934093,-0.41374445680156346,0.4792273794127908
1.0,0.0,0,2,L2_009,9,-1.7883299064438762,-1.3544491192068646,0.6569492576952469
1.0,0.0,0,2,L2_010,10,0.3688120242411472,-1.6051973032522913,0.6499609342827654
1.0,0.0,0,2,L2_011,11,0.8589448932678141,-1.5383199755725063,0.8378868043093651
1.0,0.0,0,2,L2_012,12,0.583185299533216,-1.0740098299435505,-1.3874530155006604
1.0,0.0,0,2,L2_013,13,-0.41828571784064844,-1.4793096485913646,-0.7578574737341324
1.0,0.0,0,2,L2_014,14,-0.9434323654965613,-1.15751187646631,0.12125699209704772
1.0,0.0,0,2,L2_015,15,-0.5205479981978702,-0.9027058717852051,0.27055895391111423
1.0,0.0,0,2,L2_016,16,0.23177822372163964,-0.6837136306413448,-0.4811825106777553
1.0,0.0,0,2,L2_017,17,0.5157084904475802,-1.7335746858805785,1.1780335016464618
1.0,0.0,0,2,L2_018,18,-0.9130013919337753,-0.6602878292877538,1.7746641454955514
1.0,0.0,0,2,L2_019,19,0.8383011230140365,-0.8624140143626721,0.14832710757893175
1.0,0.0,0,2,L2_020,20,-1.859969295293649,-1.4228050441017777,-1.1176384105384112
1.0,0.0,0,2,L2_021,21,0.6105207331820065,-1.3736523160572252,1.154261041590113
1.0,0.0,0,2,L2_022,22,0.413105642062949,-0.7032795774355344,-1.2900937351703008
1.0,0.0,0,2,L2_023,23,-1.356375638887825,0.34536633163852287,-0.03845998458125918
1.0,0.0,0,2,L2_024,24,0.9799408708145277,0.6261194843170685,0.12682938038814437
1.0,0.0,0,2,L2_025,25,0.4734571379920129,-1.3392732161981462,0.8924489807127715
1.0,0.0,0,2,L2_026,26,1.5983642278556112,-0.9924934338507428,0.3345777398165237
1.0,0.0,0,2,L2_027,27,0.18566632801321364,-0.5705383492371926,-1.460634198217792
1.0,0.0,0,2,L2_028,28,0.7042212244817069,-1.061685007426923,0.21565473818978725
1.0,0.0,0,2,L2_029,29,0.16967561811982984,0.03803981051733201,0.5473530391051578
1.0,0.0,0,2,L2_030,30,0.7079035290826543,-0.6023137990151491,-0.1776694015255718
1.0,0.0,0,2,L2_031,31,0.5861572059994674,0.28827850494012935,-0.3502470612541241
1.0,0.0,0,2,L2_032,32,0.2148796121393927,-0.45941702854634064,1.1514204381066113
1.0,0.0,0,2,L2_033,33,-0.3772978503811165,-0.10118503407990828,0.987607845313007
1.0,0.0,0,2,L2_034,34,1.2164676192722732,-0.6648714800827695,-1.343727196255169
1.0,0.0,0,2,L2_035,35,-0.023396355343102738,0.074879706060542,0.6687592884798252
1.0,0.0,0,2,L2_036,36,0.3380012775374799,-0.39388302284077775,0.9680885053178412
1.0,0.0,0,2,L2_037,37,2.308645844309131,0.33971885639392224,0.14995468698456815
1.0,0.0,0,2,L2_038,38,0.8172129051945661,-0.036790460648333925,1.4562302150997972
1.0,0.0,0,2,L2_039,39,0.5510066497137487,-1.1302815717085903,1.5566031611157105
1.0,0.0,0,2,L2_040,40,-1.102480792065346,0.909786927186188,-1.259636991464696
1.0,0.0,0,2,L2_041,41,1.438865829628365,0.23994732252421716,-1.719247896815123
1.0,0.0,0,2,L2_042,42,0.7619687869088213,0.6381953369780138,-0.8859125461595925
1.0,0.0,0,2,L2_043,43,-1.7521869698436552,-0.22303081073973813,-1.1555231001142823
1.0,0.0,0,2,L2_044,44,0.7750711571355231,-0.07794751116651882,-0.7468532356273193
1.0,0.0,0,2,L2_045,45,-0.5350865884712592,0.16298904074310114,1.6468181167618245
1.0,0.0,0,2,L2_046,46,1.8209606360940724,0.33213106265072184,1.0694272970812397
1.0,0.0,0,2,L2_047,47,1.4406078087857903,1.1047431561729153,0.9841590207916543
1.0,0.0,0,2,L2_048,48,-0.9774533181072569,0.08623139453045325,-1.0851210997831575
1.0,0.0,0,2,L2_049,49,-1.4638412208955853,0.6803410154852905,-1.407278480145055
1.0,0.0,0,2,L2_050,50,0.19581536502268618,0.13631074337197546,-0.09441180631506679
1.0,0.0,0,2,L2_051,51,0.04824041331469838,0.5170080598936737,-0.8617573262668934
1.0,0.0,0,2,L2_052,52,-0.9458577233262084,0.6845203176940793,-0.2251940930609465
1.0,0.0,0,2,L2_053,53,0.24194281557113956,0.04845260295712063,-1.4075819780181211
1.0,0.0,0,2,L2_054,54,0.1703260347590709,0.9269283488316707,-0.8233313008397164
1.0,0.0,0,2,L2_055,55,0.7799601678878211,0.5545491499485025,-1.347654459495812
1.0,0.0,0,2,L2_056,56,-0.7563008098848569,0.6923295698094217,-1.3617497769324254
1.0,0.0,0,2,L2_057,57,1.5105141894020595,0.8998311376201511,-0.8075231283003468
1.0,0.0,0,2,L2_058,58,0.5290967252285456,1.4025763007100074,-0.5422303543748236
1.0,0.0,0,2,L2_059,59,0.20829121546800494,1.1064426568339534,-0.8582190713514711
1.0,0.0,0,2,L2_060,60,-0.36313136585120054,0.38774351777469945,0.9019864994741044
1.0,0.0,0,2,L2_061,61,-0.28050208948508454,0.04111515736222047,-1.069531647336535
1.0,0.0,0,2,L2_062,62,-1.3338715327595398,0.36824409461090263,-1.5475394880735391
1.0,0.0,0,2,L2_063,63,-2.949276538145146,0.3685323017413629,-1.0261001042210194
1.0,0.0,0,2,L2_064,64,0.7183806322225007,0.7097719754946354,1.1833195874037232
1.0,0.0,0,2,L2_065,65,-1.2392729695971,1.108208512350049,0.8016178947120951
1.0,0.0,0,2,L2_066,66,0.3129152750726198,1.5741321003238045,0.7122327131825202
1.0,0.0,0,2,L2_067,67,-0.02722690406345785,1.4787881723764795,-0.9568271267399231
1.0,0.0,0,2,L2_068,68,-1.2499203123488336,0.8792759033175698,-1.3317396609923189
1.0,0.0,0,2,L2_069,69,-0.6075823969247008,1.129736484171076,-1.1891369599880448
1.0,0.0,0,2,L2_070,70,-0.6998383527254933,1.2680343896308508,0.28942524329381
1.0,0.0,0,2,L2_071,71,-0.44038312865404805,0.8324111258324361,1.4223670306895515
1.0,0.0,0,2,L2_072,72,1.3861829349509978,1.334671082450379,1.533886349742071
1.0,0.0,0,2,L2_073,73,-0.5286599039332279,1.3798135224200963,-0.2032249276750468
1.0,0.0,0,2,L2_074,74,-1.0799235782096526,1.2899153830129835,-1.1068909119756836
1.0,0.0,0,2,L2_075,75,-0.4545295255587136,0.909815238663675,1.1205708639706653
1.0,0.0,0,2,L2_076,76,0.1778286514446196,1.8367454793089826,1.5319934153002595
1.0,0.0,0,2,L2_077,77,-1.086877463225032,1.633580667078401,1.3394579909451896
1.0,0.0,0,2,L2_078,78,1.0695392459463755,1.0361436915213504,-0.19827246264988024
1.0,0.0,0,2,L2_079,79,-0.04537346482193448,1.765778759874626,-0.6820677483165787
1.0,0.0,0,3,L3_000,80,0.7647983190320783,,
1.0,0.0,0,3,L3_001,81,0.6300366570486013,,
1.0,0.0,0,3,L3_002,82,-0.5205675993273022,,
1.0,0.0,0,3,L3_003,83,1.7238508188969157,,
1.0,0.0,0,3,L3_004,84,-0.07803061987516695,,
1.0,0.0,0,3,L3_005,85,-1.0919301532501773,,
1.0,0.0,0,3,L3_006,86,1.4122363965710842,,
1.0,0.0,0,3,L3_007,87,-1.1345399575216901,,
1.0,0.0,0,3,L3_008,88,-1.9189568567489046,,
1.0,0.0,0,3,L3_009,89,0.08953067784398717,,
1.0,0.0,0,3,L3_010,90,-0.5385089597094802,,
1.0,0.0,0,3,L3_011,91,0.05318702885934733,,
1.0,0.0,0,3,L3_012,92,-0.5907457953828275,,
1.0,0.0,0,3,L3_013,93,-0.8216011010595268,,
1.0,0.0,0,3,L3_014,94,-1.0498349242041898,,
1.0,0.0,0,3,L3_015,95,-0.24731428421164214,,
1.0,0.0,0,3,L3_016,96,-0.7909800275925186,,
1.0,0.0,0,3,L3_017,97,-0.2454644300120796,,
1.0,0.0,0,3,L3_018,98,0.17675258528778334,,
1.0,0.0,0,3,L3_019,99,0.7895840527266234,,
1.0,0.0,0,3,L3_020,100,1.4169872509047707,,
1.0,0.0,0,3,L3_021,101,-2.1498178057432344,,
1.0,0.0,0,3,L3_022,102,1.2246414091145108,,
1.0,0.0,0,3,L3_023,103,0.7658521649194928,,
1.0,0.0,0,3,L3_024,104,-0.7905256021567049,,
1.0,0.0,0,3,L3_025,105,-0.3803706394426364,,
1.0,0.0,0,3,L3_026,106,1.1191395271995137,,
1.0,0.0,0,3,L3_027,107,0.08833610348919317,,
1.0,0.0,0,3,L3_028,108,0.9823499842855045,,
1.0,0.0,0,3,L3_029,109,0.20861244603094684,,
1.0,0.0,0,3,L3_030,110,-0.050073804152816995,,
1.0,0.0,0,3,L3_031,111,-2.5767028684833853,,
1.0,0.0,0,3,L3_032,112,-0.31289368040833543,,
1.0,0.0,0,3,L3_033,113,1.0691709857418472,,
1.0,0.0,0,3,L3_034,114,0.4568843677933914,,
1.0,0.0,0,3,L3_035,115,-0.5437775358535849,,
1.0,0.0,0,3,L3_036,116,1.5857503789703244,,
1.0,0.0,0,3,L3_037,117,0.3039227979000637,,
1.0,0.0,0,3,L3_038,118,-0.1601210893972284,,
1.0,0.0,0,3,L3_039,119,0.005140119194709973,,
1.0,0.0,0,3,L3_040,120,0.8456271748658348,,
1.0,0.0,0,3,L3_041,121,-0.264490058292768,,
1.0,0.0,0,3,L3_042,122,-0.2632207967913601,,
1.0,0.0,0,3,L3_043,123,-0.16371820296290407,,
1.0,0.0,0,3,L3_044,124,1.597997612567438,,
1.0,0.0,0,3,L3_045,125,-1.0801501983097774,,
1.0,0.0,0,3,L3_046,126,0.500735794623526,,
1.0,0.0,0,3,L3_047,127,-0.8173446797285385,,
1.0,0.0,0,3,L3_048,128,-1.0369633734391168,,
1.0,0.0,0,3,L3_049,129,0.6703455966733668,,
1.0,0.0,0,3,L3_050,130,-0.9128326079720805,,
1.0,0.0,0,3,L3_051,131,1.1740851035133244,,
1.0,0.0,0,3,L3_052,132,-0.31242421345891963,,
1.0,0.0,0,3,L3_053,133,-0.4633159523643383,,
1.0,0.0,0,3,L3_054,134,0.30207172163218354,,
1.0,0.0,0,3,L3_055,135,-1.2104636293551294,,
1.0,0.0,0,3,L3_056,136,-0.5002876989133259,,
1.0,0.0,0,3,L3_057,137,-2.401499310509325,,
1.0,0.0,0,3,L3_058,138,-0.7672239270696106,,
1.0,0.0,0,3,L3_059,139,-1.2242491292945505,,
1.0,0.0,0,3,L3_060,140,0.9181102184777965,,
1.0,0.0,0,3,L3_061,141,0.12807203790371546,,
1.0,0.0,0,3,L3_062,142,-0.5133450573811548,,
1.0,0.0,0,3,L3_063,143,1.276433589098231,,
1.0,0.0,0,3,L3_064,144,1.2557083558733517,,
1.0,0.0,0,3,L3_065,145,-0.34144004129213407,,
1.0,0.0,0,3,L3_066,146,1.6944284973522241,,
1.0,0.0,0,3,L3_067,147,-1.1271006696610841,,
1.0,0.0,0,3,L3_068,148,0.513329129842002,,
1.0,0.0,0,3,L3_069,149,1.486233784382175,,
1.0,0.0,0,3,L3_070,150,0.2399868115564427,,
1.0,0.0,0,3,L3_071,151,-1.3821054278880278,,
1.0,0.0,0,3,L3_072,152,1.65681034757955,,
1.0,0.0,0,3,L3_073,153,1.714218240362748,,
1.0,0.0,0,3,L3_074,154,-0.04296399303280467,,
1.0,0.0,0,3,L3_075,155,-0.44110852630725345,,
1.0,0.0,0,3,L3_076,156,1.0647200406475281,,
1.0,0.0,0,3,L3_077,157,0.581949297344324,,
1.0,0.0,0,3,L3_078,158,-1.1824593956480818,,
1.0,0.0,0,3,L3_079,159,-0.046162801900499,,
1.0,0.0,1,2,L2_000,0,0.07407051816206571,-0.6436045175116654,1.3180709166481601
1.0,0.0,1,2,L2_001,1,0.3150407382357771,-1.3114188536168572,1.0240679434706472
1.0,0.0,1,2,L2_002,2,-0.06093294728316477,-1.8503555466768324,0.5204860226682876
1.0,0.0,1,2,L2_003,3,-1.3830760375168103,-1.8286759148006935,0.8171471765667275
1.0,0.0,1,2,L2_004,4,-0.32230049158823176,-0.5086474794479974,-0.35803736128584784
1.0,0.0,1,2,L2_005,5,1.9786386877876818,-0.3644296023852296,0.8315759061648493
1.0,0.0,1,2,L2_006,6,-0.28392942782118413,-1.4690842805659863,-0.8419800037554516
1.0,0.0,1,2,L2_007,7,0.12883882821774814,-1.5732722971926179,0.13027391001338026
1.0,0.0,1,2,L2_008,8,-0.5870857785365847,-0.41374445680156346,0.4792273794127908
1.0,0.0,1,2,L2_009,9,-0.4847297170216212,-1.3544491192068646,0.6569492576952469
1.0,0.0,1,2,L2_010,10,-1.0580820809265914,-1.6051973032522913,0.6499609342827654
1.0,0.0,1,2,L2_011,11,0.37209224356320453,-1.5383199755725063,0.8378868043093651
1.0,0.0,1,2,L2_012,12,-0.5488687222622921,-1.0740098299435505,-1.3874530155006604
1.0,0.0,1,2,L2_013,13,1.5936889268016647,-1.4793096485913646,-0.7578574737341324
1.0,0.0,1,2,L2_014,14,1.2119115880116649,-1.15751187646631,0.12125699209704772
1.0,0.0,1,2,L2_015,15,-0.2650808620185118,-0.9027058717852051,0.27055895391111423
1.0,0.0,1,2,L2_016,16,0.9850331737065551,-0.6837136306413448,-0.4811825106777553
1.0,0.0,1,2,L2_017,17,-0.9059928112924925,-1.7335746858805785,1.1780335016464618
1.0,0.0,1,2,L2_018,18,0.19227292246844616,-0.6602878292877538,1.7746641454955514
1.0,0.0,1,2,L2_019,19,-0.12380800648857897,-0.8624140143626721,0.14832710757893175
1.0,0.0,1,2,L2_020,20,1.1109941398259326,-1.4228050441017777,-1.1176384105384112
1.0,0.0,1,2,L2_021,21,0.6542803584377063,-1.3736523160572252,1.154261041590113
1.0,0.0,1,2,L2_022,22,0.55536339781983,-0.7032795774355344,-1.2900937351703008
1.0,0.0,1,2,L2_023,23,0.7547664322190101,0.34536633163852287,-0.03845998458125918
1.0,0.0,1,2,L2_024,24,0.6615909419798551,0.6261194843170685,0.12682938038814437
1.0,0.0,1,2,L2_025,25,1.9416411870446282,-1.3392732161981462,0.8924489807127715
1.0,0.0,1,2,L2_026,26,-1.077739709011541,-0.9924934338507428,0.3345777398165237
1.0,0.0,1,2,L2_027,27,-0.13571660017038703,-0.5705383492371926,-1.460634198217792
1.0,0.0,1,2,L2_028,28,0.6153990046309721,-1.061685007426923,0.21565473818978725
1.0,0.0,1,2,L2_029,29,0.43607496916953403,0.03803981051733201,0.5473530391051578
1.0,0.0,1,2,L2_030,30,-0.28621749017678877,-0.6023137990151491,-0.1776694015255718
1.0,0.0,1,2,L2_031,31,-0.2623274054341793,0.28827850494012935,-0.3502470612541241
1.0,0.0,1,2,L2_032,32,-0.782161371502499,-0.45941702854634064,1.1514204381066113
1.0,0.0,1,2,L2_033,33,-0.43362668824129114,-0.10118503407990828,0.987607845313007
1.0,0.0,1,2,L2_034,34,0.36872875830401813,-0.6648714800827695,-1.343727196255169
1.0,0.0,1,2,L2_035,35,-0.3765211757341028,0.074879706060542,0.6687592884798252
1.0,0.0,1,2,L2_036,36,0.6976437604416207,-0.39388302284077775,0.9680885053178412
1.0,0.0,1,2,L2_037,37,-1.4006033026768914,0.33971885639392224,0.14995468698456815
1.0,0.0,1,2,L2_038,38,-0.6617265781763025,-0.036790460648333925,1.4562302150997972
1.0,0.0,1,2,L2_039,39,0.221404633361116,-1.1302815717085903,1.5566031611157105
1.0,0.0,1,2,L2_040,40,-0.872734157703857,0.909786927186188,-1.259636991464696
1.0,0.0,1,2,L2_041,41,-0.6368004485808899,0.23994732252421716,-1.719247896815123
1.0,0.0,1,2,L2_042,42,0.17392307569527413,0.6381953369780138,-0.8859125461595925
1.0,0.0,1,2,L2_043,43,-3.2575539430447193,-0.22303081073973813,-1.1555231001142823
1.0,0.0,1,2,L2_044,44,-1.23797573700658,-0.07794751116651882,-0.7468532356273193
1.0,0.0,1,2,L2_045,45,0.15358757344814733,0.16298904074310114,1.6468181167618245
1.0,0.0,1,2,L2_046,46,-1.27184864503518,0.33213106265072184,1.0694272970812397
1.0,0.0,1,2,L2_047,47,-0.0759923281717584,1.1047431561729153,0.9841590207916543
1.0,0.0,1,2,L2_048,48,0.5564012176894071,0.08623139453045325,-1.0851210997831575
1.0,0.0,1,2,L2_049,49,-0.8053729385766524,0.6803410154852905,-1.407278480145055
1.0,0.0,1,2,L2_050,50,-0.5371321232515461,0.13631074337197546,-0.09441180631506679
1.0,0.0,1,2,L2_051,51,1.3664274594757133,0.5170080598936737,-0.8617573262668934
1.0,0.0,1,2,L2_052,52,-0.7835538585961187,0.6845203176940793,-0.2251940930609465
1.0,0.0,1,2,L2_053,53,0.8977054870376734,0.04845260295712063,-1.4075819780181211
1.0,0.0,1,2,L2_054,54,0.347222562713249,0.9269283488316707,-0.8233313008397164
1.0,0.0,1,2,L2_055,55,-0.1011203021917864,0.5545491499485025,-1.347654459495812
1.0,0.0,1,2,L2_056,56,-1.0972077743410416,0.6923295698094217,-1.3617497769324254
1.0,0.0,1,2,L2_057,57,-1.1175786688391496,0.8998311376201511,-0.8075231283003468
1.0,0.0,1,2,L2_058,58,1.7874052492451058,1.4025763007100074,-0.5422303543748236
1.0,0.0,1,2,L2_059,59,2.0964300772285194,1.1064426568339534,-0.8582190713514711
1.0,0.0,1,2,L2_060,60,-0.7715948127387984,0.38774351777469945,0.9019864994741044
1.0,0.0,1,2,L2_061,61,1.3108765624566334,0.04111515736222047,-1.069531647336535
1.0,0.0,1,2,L2_062,62,1.014960406162177,0.36824409461090263,-1.5475394880735391
1.0,0.0,1,2,L2_063,63,-0.8684005729069165,0.3685323017413629,-1.0261001042210194
1.0,0.0,1,2,L2_064,64,-0.22476720078451437,0.7097719754946354,1.1833195874037232
1.0,0.0,1,2,L2_065,65,0.046099831806503025,1.108208512350049,0.8016178947120951
1.0,0.0,1,2,L2_066,66,-0.3808128100213924,1.5741321003238045,0.7122327131825202
1.0,0.0,1,2,L2_067,67,1.285164980101366,1.4787881723764795,-0.9568271267399231
1.0,0.0,1,2,L2_068,68,0.02724971244487922,0.8792759033175698,-1.3317396609923189
1.0,0.0,1,2,L2_069,69,-0.31992147344603034,1.129736484171076,-1.1891369599880448
1.0,0.0,1,2,L2_070,70,0.8902337728520359,1.2680343896308508,0.28942524329381
1.0,0.0,1,2,L2_071,71,-0.9184575663793246,0.8324111258324361,1.4223670306895515
1.0,0.0,1,2,L2_072,72,3.3973362810275614,1.334671082450379,1.533886349742071
1.0,0.0,1,2,L2_073,73,-1.1673864505480152,1.3798135224200963,-0.2032249276750468
1.0,0.0,1,2,L2_074,74,0.03268311592547599,1.2899153830129835,-1.1068909119756836
1.0,0.0,1,2,L2_075,75,-0.5298865171240226,0.909815238663675,1.1205708639706653
1.0,0.0,1,2,L2_076,76,-1.2204338693479662,1.8367454793089826,1.5319934153002595
1.0,0.0,1,2,L2_077,77,0.44637773411710496,1.633580667078401,1.3394579909451896
1.0,0.0,1,2,L2_078,78,-0.13195541797190471,1.0361436915213504,-0.19827246264988024
1.0,0.0,1,2,L2_079,79,-0.9305454891275414,1.765778759874626,-0.6820677483165787
1.0,0.0,1,3,L3_000,80,-0.44269138923960405,,
1.0,0.0,1,3,L3_001,81,-2.513835051767394,,
1.0,0.0,1,3,L3_002,82,0.26939491941984056,,
1.0,0.0,1,3,L3_003,83,1.3369879324919156,,
1.0,0.0,1,3,L3_004,84,0.8954901067627581,,
1.0,0.0,1,3,L3_005,85,-0.10556685466267159,,
1.0,0.0,1,3,L3_006,86,-1.0494268762686343,,
1.0,0.0,1,3,L3_007,87,-0.08688708851477256,,
1.0,0.0,1,3,L3_008,88,-1.3146923815601337,,
1.0,0.0,1,3,L3_009,89,0.9108509177700077,,
1.0,0.0,1,3,L3_010,90,-1.5897145489758056,,
1.0,0.0,1,3,L3_011,91,-0.2811632300619291,,
1.0,0.0,1,3,L3_012,92,0.9732248826867519,,
1.0,0.0,1,3,L3_013,93,-0.6564054353009613,,
1.0,0.0,1,3,L3_014,94,-0.28001015426297027,,
1.0,0.0,1,3,L3_015,95,-1.6819938083116317,,
1.0,0.0,1,3,L3_016,96,-0.08704775628840938,,
1.0,0.0,1,3,L3_017,97,-1.1635619039293572,,
1.0,0.0,1,3,L3_018,98,0.11301566968374897,,
1.0,0.0,1,3,L3_019,99,0.6082569504551122,,
1.0,0.0,1,3,L3_020,100,0.39053217755570024,,
1.0,0.0,1,3,L3_021,101,1.0679470046540327,,
1.0,0.0,1,3,L3_022,102,1.572493589894858,,
1.0,0.0,1,3,L3_023,103,-0.25282548502514735,,
1.0,0.0,1,3,L3_024,104,1.355880528155921,,
1.0,0.0,1,3,L3_025,105,-1.6574972725726993,,
1.0,0.0,1,3,L3_026,106,-0.07056389722069764,,
1.0,0.0,1,3,L3_027,107,-1.48637269377755,,
1.0,0.0,1,3,L3_028,108,-0.0030462546747356783,,
1.0,0.0,1,3,L3_029,109,-0.28207613502510054,,
1.0,0.0,1,3,L3_030,110,-0.6918010237185659,,
1.0,0.0,1,3,L3_031,111,0.15240880018855282,,
1.0,0.0,1,3,L3_032,112,-0.699870990716367,,
1.0,0.0,1,3,L3_033,113,0.3848638246505537,,
1.0,0.0,1,3,L3_034,114,-1.6484908238750096,,
1.0,0.0,1,3,L3_035,115,-1.1241894151605805,,
1.0,0.0,1,3,L3_036,116,0.7309224168887751,,
1.0,0.0,1,3,L3_037,117,0.21862661921401114,,
1.0,0.0,1,3,L3_038,118,-2.074927077715235,,
1.0,0.0,1,3,L3_039,119,0.8371176382982325,,
1.0,0.0,1,3,L3_040,120,-0.004916125843713492,,
1.0,0.0,1,3,L3_041,121,-0.07487125592850369,,
1.0,0.0,1,3,L3_042,122,0.8532717593406106,,
1.0,0.0,1,3,L3_043,123,-0.7843178878451201,,
1.0,0.0,1,3,L3_044,124,0.21876234407356404,,
1.0,0.0,1,3,L3_045,125,-0.19801436602393155,,
1.0,0.0,1,3,L3_046,126,-1.9086241397248387,,
1.0,0.0,1,3,L3_047,127,0.4691212685710939,,
1.0,0.0,1,3,L3_048,128,0.4837100085745195,,
1.0,0.0,1,3,L3_049,129,0.8408535008447503,,
1.0,0.0,1,3,L3_050,130,2.158237339577149,,
1.0,0.0,1,3,L3_051,131,1.3739018167613146,,
1.0,0.0,1,3,L3_052,132,1.380343640468923,,
1.0,0.0,1,3,L3_053,133,-0.6794700025391264,,
1.0,0.0,1,3,L3_054,134,-1.6454254710101217,,
1.0,0.0,1,3,L3_055,135,1.6700594794122106,,
1.0,0.0,1,3,L3_056,136,-0.8192016332176387,,
1.0,0.0,1,3,L3_057,137,0.5752999438825069,,
1.0,0.0,1,3,L3_058,138,0.5454396553792146,,
1.0,0.0,1,3,L3_059,139,0.8582963729235333,,
1.0,0.0,1,3,L3_060,140,1.0994237218294647,,
1.0,0.0,1,3,L3_061,141,1.139331299846912,,
1.0,0.0,1,3,L3_062,142,0.3301754490532673,,
1.0,0.0,1,3,L3_063,143,-0.13297051969618667,,
1.0,0.0,1,3,L3_064,144,-0.3414317372399721,,
1.0,0.0,1,3,L3_065,145,-1.580971033913171,,
1.0,0.0,1,3,L3_066,146,0.09752806269245431,,
1.0,0.0,1,3,L3_067,147,1.4213105744610168,,
1.0,0.0,1,3,L3_068,148,1.0939100514059248,,
1.0,0.0,1,3,L3_069,149,0.49941198306134904,,
1.0,0.0,1,3,L3_070,150,-0.18541470040672303,,
1.0,0.0,1,3,L3_071,151,-0.6508099779533524,,
1.0,0.0,1,3,L3_072,152,-1.036589608114561,,
1.0,0.0,1,3,L3_073,153,-0.06537021390113833,,
1.0,0.0,1,3,L3_074,154,0.6959857138017665,,
1.0,0.0,1,3,L3_075,155,0.01715966599722041,,
1.0,0.0,1,3,L3_076,156,-0.3524180350104799,,
1.0,0.0,1,3,L3_077,157,1.3371714807879176,,
1.0,0.0,1,3,L3_078,158,-0.4959924216356838,,
1.0,0.0,1,3,L3_079,159,1.2247475671127268,,
1.0,0.0,2,2,L2_000,0,1.0622564164684587,-0.6436045175116654,1.3180709166481601
1.0,0.0,2,2,L2_001,1,0.4489000218091534,-1.3114188536168572,1.0240679434706472
1.0,0.0,2,2,L2_002,2,-0.5927764333897051,-1.8503555466768324,0.5204860226682876
1.0,0.0,2,2,L2_003,3,-0.10560937487459815,-1.8286759148006935,0.8171471765667275
1.0,0.0,2,2,L2_004,4,2.061166986101096,-0.5086474794479974,-0.35803736128584784
1.0,0.0,2,2,L2_005,5,-0.4662528761884103,-0.3644296023852296,0.8315759061648493
1.0,0.0,2,2,L2_006,6,-0.3403725747771916,-1.4690842805659863,-0.8419800037554516
1.0,0.0,2,2,L2_007,7,-1.198859177511124,-1.5732722971926179,0.13027391001338026
1.0,0.0,2,2,L2_008,8,0.8375984881257448,-0.41374445680156346,0.4792273794127908
1.0,0.0,2,2,L2_009,9,1.3001991230047418,-1.3544491192068646,0.6569492576952469
1.0,0.0,2,2,L2_010,10,-0.18449372736356595,-1.6051973032522913,0.6499609342827654
1.0,0.0,2,2,L2_011,11,0.4693056645145375,-1.5383199755725063,0.8378868043093651
1.0,0.0,2,2,L2_012,12,0.2571131474484062,-1.0740098299435505,-1.3874530155006604
1.0,0.0,2,2,L2_013,13,0.2115822857863391,-1.4793096485913646,-0.7578574737341324
1.0,0.0,2,2,L2_014,14,0.51123743785964,-1.15751187646631,0.12125699209704772
1.0,0.0,2,2,L2_015,15,-0.16101201717196845,-0.9027058717852051,0.27055895391111423
1.0,0.0,2,2,L2_016,16,-1.2934237856779767,-0.6837136306413448,-0.4811825106777553
1.0,0.0,2,2,L2_017,17,-0.027299343343629615,-1.7335746858805785,1.1780335016464618
1.0,0.0,2,2,L2_018,18,3.156726334978667,-0.6602878292877538,1.7746641454955514
1.0,0.0,2,2,L2_019,19,-1.4421072749358765,-0.8624140143626721,0.14832710757893175
1.0,0.0,2,2,L2_020,20,-0.31132062263772703,-1.4228050441017777,-1.1176384105384112
1.0,0.0,2,2,L2_021,21,0.40418613223171895,-1.3736523160572252,1.154261041590113
1.0,0.0,2,2,L2_022,22,-0.4667910056636999,-0.7032795774355344,-1.2900937351703008
1.0,0.0,2,2,L2_023,23,0.816779295541475,0.34536633163852287,-0.03845998458125918
1.0,0.0,2,2,L2_024,24,-0.5548795314281328,0.6261194843170685,0.12682938038814437
1.0,0.0,2,2,L2_025,25,-1.908955775717867,-1.3392732161981462,0.8924489807127715
1.0,0.0,2,2,L2_026,26,0.7953971119701068,-0.9924934338507428,0.3345777398165237
1.0,0.0,2,2,L2_027,27,0.6132125558656032,-0.5705383492371926,-1.460634198217792
1.0,0.0,2,2,L2_028,28,-0.7829258854294497,-1.061685007426923,0.21565473818978725
1.0,0.0,2,2,L2_029,29,0.33285313206778655,0.03803981051733201,0.5473530391051578
1.0,0.0,2,2,L2_030,30,-1.3027479290327204,-0.6023137990151491,-0.1776694015255718
1.0,0.0,2,2,L2_031,31,0.9567035329379604,0.28827850494012935,-0.3502470612541241
1.0,0.0,2,2,L2_032,32,1.583301977182532,-0.45941702854634064,1.1514204381066113
1.0,0.0,2,2,L2_033,33,1.1698434850290997,-0.10118503407990828,0.987607845313007
1.0,0.0,2,2,L2_034,34,-0.9118639572137051,-0.6648714800827695,-1.343727196255169
1.0,0.0,2,2,L2_035,35,0.20151668289033803,0.074879706060542,0.6687592884798252
1.0,0.0,2,2,L2_036,36,-0.6898557388478761,-0.39388302284077775,0.9680885053178412
1.0,0.0,2,2,L2_037,37,-1.2008301433840285,0.33971885639392224,0.14995468698456815
1.0,0.0,2,2,L2_038,38,-0.26634688851819505,-0.036790460648333925,1.4562302150997972
1.0,0.0,2,2,L2_039,39,0.5907105721554254,-1.1302815717085903,1.5566031611157105
1.0,0.0,2,2,L2_040,40,2.0610751700971925,0.909786927186188,-1.259636991464696
1.0,0.0,2,2,L2_041,41,0.34386775510588247,0.23994732252421716,-1.719247896815123
1.0,0.0,2,2,L2_042,42,1.6184250537098213,0.6381953369780138,-0.8859125461595925
1.0,0.0,2,2,L2_043,43,1.074902175052609,-0.22303081073973813,-1.1555231001142823
1.0,0.0,2,2,L2_044,44,-1.6119310811279268,-0.07794751116651882,-0.7468532356273193
1.0,0.0,2,2,L2_045,45,0.1976672383843126,0.16298904074310114,1.6468181167618245
1.0,0.0,2,2,L2_046,46,0.967094419976239,0.33213106265072184,1.0694272970812397
1.0,0.0,2,2,L2_047,47,-0.2748183638735012,1.1047431561729153,0.9841590207916543
1.0,0.0,2,2,L2_048,48,0.45050387391144875,0.08623139453045325,-1.0851210997831575
1.0,0.0,2,2,L2_049,49,0.5631217812447779,0.6803410154852905,-1.407278480145055
1.0,0.0,2,2,L2_050,50,0.12184789210430967,0.13631074337197546,-0.09441180631506679
1.0,0.0,2,2,L2_051,51,-0.5683018584477088,0.5170080598936737,-0.8617573262668934
1.0,0.0,2,2,L2_052,52,-1.4498854182241419,0.6845203176940793,-0.2251940930609465
1.0,0.0,2,2,L2_053,53,-1.6532524743527226,0.04845260295712063,-1.4075819780181211
1.0,0.0,2,2,L2_054,54,0.32756547887408927,0.9269283488316707,-0.8233313008397164
1.0,0.0,2,2,L2_055,55,-2.1580419174667567,0.5545491499485025,-1.347654459495812
1.0,0.0,2,2,L2_056,56,0.7427006787581435,0.6923295698094217,-1.3617497769324254
1.0,0.0,2,2,L2_057,57,-0.8919968842770442,0.8998311376201511,-0.8075231283003468
1.0,0.0,2,2,L2_058,58,-1.7798350028227043,1.4025763007100074,-0.5422303543748236
1.0,0.0,2,2,L2_059,59,0.514526552427762,1.1064426568339534,-0.8582190713514711
1.0,0.0,2,2,L2_060,60,0.7761772804891337,0.38774351777469945,0.9019864994741044
1.0,0.0,2,2,L2_061,61,-0.7776564251523863,0.04111515736222047,-1.069531647336535
1.0,0.0,2,2,L2_062,62,0.16591763385181024,0.36824409461090263,-1.5475394880735391
1.0,0.0,2,2,L2_063,63,-1.9651037473878121,0.3685323017413629,-1.0261001042210194
1.0,0.0,2,2,L2_064,64,0.027673379815220334,0.7097719754946354,1.1833195874037232
1.0,0.0,2,2,L2_065,65,-0.28974269981552636,1.108208512350049,0.8016178947120951
1.0,0.0,2,2,L2_066,66,-0.2287828609367846,1.5741321003238045,0.7122327131825202
1.0,0.0,2,2,L2_067,67,-0.859171951453966,1.4787881723764795,-0.9568271267399231
1.0,0.0,2,2,L2_068,68,0.029192217711400636,0.8792759033175698,-1.3317396609923189
1.0,0.0,2,2,L2_069,69,0.7149316685826297,1.129736484171076,-1.1891369599880448
1.0,0.0,2,2,L2_070,70,0.5334834955795514,1.2680343896308508,0.28942524329381
1.0,0.0,2,2,L2_071,71,-0.13345559778076452,0.8324111258324361,1.4223670306895515
1.0,0.0,2,2,L2_072,72,1.046644706934463,1.334671082450379,1.533886349742071
1.0,0.0,2,2,L2_073,73,-1.423323769768129,1.3798135224200963,-0.2032249276750468
1.0,0.0,2,2,L2_074,74,-1.0088363661937827,1.2899153830129835,-1.1068909119756836
1.0,0.0,2,2,L2_075,75,0.28221951163542375,0.909815238663675,1.1205708639706653
1.0,0.0,2,2,L2_076,76,0.8381637761026607,1.8367454793089826,1.5319934153002595
1.0,0.0,2,2,L2_077,77,0.149531358098712,1.633580667078401,1.3394579909451896
1.0,0.0,2,2,L2_078,78,-0.3696487678058061,1.0361436915213504,-0.19827246264988024
1.0,0.0,2,2,L2_079,79,0.32468576757850165,1.765778759874626,-0.6820677483165787
1.0,0.0,2,3,L3_000,80,0.8054376876836418,,
1.0,0.0,2,3,L3_001,81,-0.1882664366747565,,
1.0,0.0,2,3,L3_002,82,0.7458508025960198,,
1.0,0.0,2,3,L3_003,83,-0.22368760617846542,,
1.0,0.0,2,3,L3_004,84,-1.46243389656122,,
1.0,0.0,2,3,L3_005,85,1.2782658567734178,,
1.0,0.0,2,3,L3_006,86,0.5782807334218458,,
1.0,0.0,2,3,L3_007,87,-0.5460647242355943,,
1.0,0.0,2,3,L3_008,88,-0.12134146306533258,,
1.0,0.0,2,3,L3_009,89,-1.1866245787761267,,
1.0,0.0,2,3,L3_010,90,2.1562999042406132,,
1.0,0.0,2,3,L3_011,91,0.48686264295762544,,
1.0,0.0,2,3,L3_012,92,0.23930122870425755,,
1.0,0.0,2,3,L3_013,93,-0.7142417733088963,,
1.0,0.0,2,3,L3_014,94,0.04926414758080189,,
1.0,0.0,2,3,L3_015,95,-1.5787574517446679,,
1.0,0.0,2,3,L3_016,96,0.40057580456515335,,
1.0,0.0,2,3,L3_017,97,0.36141470691718913,,
1.0,0.0,2,3,L3_018,98,-0.4868415499299671,,
1.0,0.0,2,3,L3_019,99,0.9221130801208332,,
1.0,0.0,2,3,L3_020,100,0.26183720323284976,,
1.0,0.0,2,3,L3_021,101,1.7438878143592562,,
1.0,0.0,2,3,L3_022,102,-1.530166501572153,,
1.0,0.0,2,3,L3_023,103,-0.49403867306596533,,
1.0,0.0,2,3,L3_024,104,0.47020193033776697,,
1.0,0.0,2,3,L3_025,105,1.553990182430577,,
1.0,0.0,2,3,L3_026,106,-1.5249312462683295,,
1.0,0.0,2,3,L3_027,107,-0.6735717980289481,,
1.0,0.0,2,3,L3_028,108,-0.191534503706499,,
1.0,0.0,2,3,L3_029,109,-0.03143380040624484,,
1.0,0.0,2,3,L3_030,110,-1.4667842158955142,,
1.0,0.0,2,3,L3_031,111,0.6636519332076486,,
1.0,0.0,2,3,L3_032,112,0.2156458777215526,,
1.0,0.0,2,3,L3_033,113,-0.11729199287805696,,
1.0,0.0,2,3,L3_034,114,0.5151971214270271,,
1.0,0.0,2,3,L3_035,115,-0.8639270572654449,,
1.0,0.0,2,3,L3_036,116,2.3468003726177877,,
1.0,0.0,2,3,L3_037,117,-2.0628662913052525,,
1.0,0.0,2,3,L3_038,118,-0.6097237926915786,,
1.0,0.0,2,3,L3_039,119,-0.08473970593576845,,
1.0,0.0,2,3,L3_040,120,-0.451805178489973,,
1.0,0.0,2,3,L3_041,121,-0.08512211927226056,,
1.0,0.0,2,3,L3_042,122,0.20464499967945315,,
1.0,0.0,2,3,L3_043,123,1.7325881671065386,,
1.0,0.0,2,3,L3_044,124,1.7854596674061678,,
1.0,0.0,2,3,L3_045,125,-0.31498031172811486,,
1.0,0.0,2,3,L3_046,126,-0.8781700752808743,,
1.0,0.0,2,3,L3_047,127,1.1285766057200166,,
1.0,0.0,2,3,L3_048,128,0.4960361339878032,,
1.0,0.0,2,3,L3_049,129,0.2723387360466606,,
1.0,0.0,2,3,L3_050,130,-0.034523402395174686,,
1.0,0.0,2,3,L3_051,131,0.16817651236493122,,
1.0,0.0,2,3,L3_052,132,2.147728581310538,,
1.0,0.0,2,3,L3_053,133,0.7165044470469203,,
1.0,0.0,2,3,L3_054,134,0.6544805195894237,,
1.0,0.0,2,3,L3_055,135,0.45857215571057286,,
1.0,0.0,2,3,L3_056,136,-1.3688619764252752,,
1.0,0.0,2,3,L3_057,137,-0.512919084546148,,
1.0,0.0,2,3,L3_058,138,-1.1399653363315245,,
1.0,0.0,2,3,L3_059,139,-0.46857772620355553,,
1.0,0.0,2,3,L3_060,140,-0.9866204975645957,,
1.0,0.0,2,3,L3_061,141,-0.36729070679833303,,
1.0,0.0,2,3,L3_062,142,-1.4614299821471461,,
1.0,0.0,2,3,L3_063,143,0.8577959334863379,,
1.0,0.0,2,3,L3_064,144,-2.3224316448007927,,
1.0,0.0,2,3,L3_065,145,-0.6918253318180916,,
1.0,0.0,2,3,L3_066,146,-0.5985731587191091,,
1.0,0.0,2,3,L3_067,147,0.6002630566622428,,
1.0,0.0,2,3,L3_068,148,0.09312943887838387,,
1.0,0.0,2,3,L3_069,149,0.3480742563904922,,
1.0,0.0,2,3,L3_070,150,0.4925704629379125,,
1.0,0.0,2,3,L3_071,151,-0.9551040204572331,,
1.0,0.0,2,3,L3_072,152,0.8267255207238409,,
1.0,0.0,2,3,L3_073,153,-0.21395708100412353,,
1.0,0.0,2,3,L3_074,154,0.9432829114404657,,
1.0,0.0,2,3,L3_075,155,1.0166633237530376,,
1.0,0.0,2,3,L3_076,156,-2.2986412655240733,,
1.0,0.0,2,3,L3_077,157,0.433126670483585,,
1.0,0.0,2,3,L3_078,158,-0.2869936133772718,,
1.0,0.0,2,3,L3_079,159,0.4254444407572382,,
1.0,0.0,3,2,L2_000,0,1.4546491971948767,-0.6436045175116654,1.3180709166481601
1.0,0.0,3,2,L2_001,1,0.49199579304765356,-1.3114188536168572,1.0240679434706472
1.0,0.0,3,2,L2_002,2,-2.333955292302102,-1.8503555466768324,0.5204860226682876
1.0,0.0,3,2,L2_003,3,-0.8402324413792962,-1.8286759148006935,0.8171471765667275
1.0,0.0,3,2,L2_004,4,-0.4768836939001687,-0.5086474794479974,-0.35803736128584784
1.0,0.0,3,2,L2_005,5,-1.2232312298216177,-0.3644296023852296,0.8315759061648493
1.0,0.0,3,2,L2_006,6,-0.17148457535795963,-1.4690842805659863,-0.8419800037554516
1.0,0.0,3,2,L2_007,7,0.31842222859268915,-1.5732722971926179,0.13027391001338026
1.0,0.0,3,2,L2_008,8,0.5569268447978339,-0.41374445680156346,0.4792273794127908
1.0,0.0,3,2,L2_009,9,-0.5725262809258884,-1.3544491192068646,0.6569492576952469
1.0,0.0,3,2,L2_010,10,0.6769713959076534,-1.6051973032522913,0.6499609342827654
1.0,0.0,3,2,L2_011,11,1.2114886028094556,-1.5383199755725063,0.8378868043093651
1.0,0.0,3,2,L2_012,12,0.14093895443866652,-1.0740098299435505,-1.3874530155006604
1.0,0.0,3,2,L2_013,13,1.513124763837977,-1.4793096485913646,-0.7578574737341324
1.0,0.0,3,2,L2_014,14,-1.02263444263978,-1.15751187646631,0.12125699209704772
1.0,0.0,3,2,L2_015,15,-1.4877018795418362,-0.9027058717852051,0.27055895391111423
1.0,0.0,3,2,L2_016,16,0.279619239900049,-0.6837136306413448,-0.4811825106777553
1.0,0.0,3,2,L2_017,17,-0.6988472907989179,-1.7335746858805785,1.1780335016464618
1.0,0.0,3,2,L2_018,18,-1.3305915253668053,-0.6602878292877538,1.7746641454955514
1.0,0.0,3,2,L2_019,19,0.8728362085556225,-0.8624140143626721,0.14832710757893175
1.0,0.0,3,2,L2_020,20,0.858116276875624,-1.4228050441017777,-1.1176384105384112
1.0,0.0,3,2,L2_021,21,-0.940008656461339,-1.3736523160572252,1.154261041590113
1.0,0.0,3,2,L2_022,22,-1.325478983582282,-0.7032795774355344,-1.2900937351703008
1.0,0.0,3,2,L2_023,23,1.498094188331974,0.34536633163852287,-0.03845998458125918
1.0,0.0,3,2,L2_024,24,-0.10464048106987858,0.6261194843170685,0.12682938038814437
1.0,0.0,3,2,L2_025,25,-0.6846165773463861,-1.3392732161981462,0.8924489807127715
1.0,0.0,3,2,L2_026,26,-1.997715937052741,-0.9924934338507428,0.3345777398165237
1.0,0.0,3,2,L2_027,27,-1.1178023097380718,-0.5705383492371926,-1.460634198217792
1.0,0.0,3,2,L2_028,28,0.042794593874033796,-1.061685007426923,0.21565473818978725
1.0,0.0,3,2,L2_029,29,0.6687167025948365,0.03803981051733201,0.5473530391051578
1.0,0.0,3,2,L2_030,30,-0.32925459074088803,-0.6023137990151491,-0.1776694015255718
1.0,0.0,3,2,L2_031,31,-1.5549860474598203,0.28827850494012935,-0.3502470612541241
1.0,0.0,3,2,L2_032,32,-0.24375129577706534,-0.45941702854634064,1.1514204381066113
1.0,0.0,3,2,L2_033,33,0.12403930680171452,-0.10118503407990828,0.987607845313007
1.0,0.0,3,2,L2_034,34,1.2296471542288714,-0.6648714800827695,-1.343727196255169
1.0,0.0,3,2,L2_035,35,0.617039178842762,0.074879706060542,0.6687592884798252
1.0,0.0,3,2,L2_036,36,0.3141794727034177,-0.39388302284077775,0.9680885053178412
1.0,0.0,3,2,L2_037,37,1.1690943484438132,0.33971885639392224,0.14995468698456815
1.0,0.0,3,2,L2_038,38,-1.4119854182819966,-0.036790460648333925,1.4562302150997972
1.0,0.0,3,2,L2_039,39,0.25402668084520186,-1.1302815717085903,1.5566031611157105
1.0,0.0,3,2,L2_040,40,1.2834323106161,0.909786927186188,-1.259636991464696
1.0,0.0,3,2,L2_041,41,1.2718773354777053,0.23994732252421716,-1.719247896815123
1.0,0.0,3,2,L2_042,42,1.2696563380616175,0.6381953369780138,-0.8859125461595925
1.0,0.0,3,2,L2_043,43,-0.2231392473094399,-0.22303081073973813,-1.1555231001142823
1.0,0.0,3,2,L2_044,44,-0.7047694099066597,-0.07794751116651882,-0.7468532356273193
1.0,0.0,3,2,L2_045,45,-1.263945668839406,0.16298904074310114,1.6468181167618245
1.0,0.0,3,2,L2_046,46,-0.9188634681981943,0.33213106265072184,1.0694272970812397
1.0,0.0,3,2,L2_047,47,2.559011742311492,1.1047431561729153,0.9841590207916543
1.0,0.0,3,2,L2_048,48,1.0006063679264263,0.08623139453045325,-1.0851210997831575
1.0,0.0,3,2,L2_049,49,0.3238850807771507,0.6803410154852905,-1.407278480145055
1.0,0.0,3,2,L2_050,50,0.573376409345635,0.13631074337197546,-0.09441180631506679
1.0,0.0,3,2,L2_051,51,-1.1411253083763089,0.5170080598936737,-0.8617573262668934
1.0,0.0,3,2,L2_052,52,0.829046939335619,0.6845203176940793,-0.2251940930609465
1.0,0.0,3,2,L2_053,53,-0.23395758562546298,0.04845260295712063,-1.4075819780181211
1.0,0.0,3,2,L2_054,54,-0.5357278112699891,0.9269283488316707,-0.8233313008397164
1.0,0.0,3,2,L2_055,55,-0.625009279805507,0.5545491499485025,-1.347654459495812
1.0,0.0,3,2,L2_056,56,2.302695424333169,0.6923295698094217,-1.3617497769324254
1.0,0.0,3,2,L2_057,57,0.6712488183049129,0.8998311376201511,-0.8075231283003468
1.0,0.0,3,2,L2_058,58,-0.7698154398134855,1.4025763007100074,-0.5422303543748236
1.0,0.0,3,2,L2_059,59,-0.299683351296626,1.1064426568339534,-0.8582190713514711
1.0,0.0,3,2,L2_060,60,1.7167434597651112,0.38774351777469945,0.9019864994741044
1.0,0.0,3,2,L2_061,61,-0.023422218905216407,0.04111515736222047,-1.069531647336535
1.0,0.0,3,2,L2_062,62,0.28983302818377926,0.36824409461090263,-1.5475394880735391
1.0,0.0,3,2,L2_063,63,0.41411473356791056,0.3685323017413629,-1.0261001042210194
1.0,0.0,3,2,L2_064,64,-1.5889325240709962,0.7097719754946354,1.1833195874037232
1.0,0.0,3,2,L2_065,65,0.7578496606402215,1.108208512350049,0.8016178947120951
1.0,0.0,3,2,L2_066,66,0.3161317365524886,1.5741321003238045,0.7122327131825202
1.0,0.0,3,2,L2_067,67,0.7371735095902356,1.4787881723764795,-0.9568271267399231
1.0,0.0,3,2,L2_068,68,0.9088472450801365,0.8792759033175698,-1.3317396609923189
1.0,0.0,3,2,L2_069,69,-0.5996994185554182,1.129736484171076,-1.1891369599880448
1.0,0.0,3,2,L2_070,70,0.21114638536104496,1.2680343896308508,0.28942524329381
1.0,0.0,3,2,L2_071,71,-0.33927291195498693,0.8324111258324361,1.4223670306895515
1.0,0.0,3,2,L2_072,72,-1.1016620081191622,1.334671082450379,1.533886349742071
1.0,0.0,3,2,L2_073,73,-0.46897029672956625,1.3798135224200963,-0.2032249276750468
1.0,0.0,3,2,L2_074,74,0.4354371547146485,1.2899153830129835,-1.1068909119756836
1.0,0.0,3,2,L2_075,75,0.5640353227511719,0.909815238663675,1.1205708639706653
1.0,0.0,3,2,L2_076,76,-0.0837296111480305,1.8367454793089826,1.5319934153002595
1.0,0.0,3,2,L2_077,77,-1.5396956214253654,1.633580667078401,1.3394579909451896
1.0,0.0,3,2,L2_078,78,-0.8701387328081444,1.0361436915213504,-0.19827246264988024
1.0,0.0,3,2,L2_079,79,0.471018728381376,1.765778759874626,-0.6820677483165787
1.0,0.0,3,3,L3_000,80,-0.7718536666247195,,
1.0,0.0,3,3,L3_001,81,0.8810820274861487,,
1.0,0.0,3,3,L3_002,82,0.602138963948057,,
1.0,0.0,3,3,L3_003,83,-0.03747063813040487,,
1.0,0.0,3,3,L3_004,84,-0.5073535715780443,,
1.0,0.0,3,3,L3_005,85,1.540653036616102,,
1.0,0.0,3,3,L3_006,86,0.49381075487413273,,
1.0,0.0,3,3,L3_007,87,0.9052823527182566,,
1.0,0.0,3,3,L3_008,88,-1.0589096285488713,,
1.0,0.0,3,3,L3_009,89,-0.8848913970629932,,
1.0,0.0,3,3,L3_010,90,0.03804658631361577,,
1.0,0.0,3,3,L3_011,91,-0.08817915350059932,,
1.0,0.0,3,3,L3_012,92,-0.7528731694646988,,
1.0,0.0,3,3,L3_013,93,0.8800525040294258,,
1.0,0.0,3,3,L3_014,94,1.047819099690212,,
1.0,0.0,3,3,L3_015,95,1.3862159675534615,,
1.0,0.0,3,3,L3_016,96,1.5909947174291132,,
1.0,0.0,3,3,L3_017,97,1.5447161743973497,,
1.0,0.0,3,3,L3_018,98,0.26117749827658104,,
1.0,0.0,3,3,L3_019,99,-0.6092657254255003,,
1.0,0.0,3,3,L3_020,100,-0.1711582066483607,,
1.0,0.0,3,3,L3_021,101,2.1618828879300835,,
1.0,0.0,3,3,L3_022,102,-1.2401492793053102,,
1.0,0.0,3,3,L3_023,103,1.3328447498761253,,
1.0,0.0,3,3,L3_024,104,1.6926115840270126,,
1.0,0.0,3,3,L3_025,105,-2.0735331932826178,,
1.0,0.0,3,3,L3_026,106,0.9478101900442782,,
1.0,0.0,3,3,L3_027,107,0.001141562491623863,,
1.0,0.0,3,3,L3_028,108,1.188249107203947,,
1.0,0.0,3,3,L3_029,109,0.4094405776360618,,
1.0,0.0,3,3,L3_030,110,0.3531722915263301,,
1.0,0.0,3,3,L3_031,111,0.5755787443752817,,
1.0,0.0,3,3,L3_032,112,-0.6312471591483513,,
1.0,0.0,3,3,L3_033,113,0.2290671524208818,,
1.0,0.0,3,3,L3_034,114,-2.186949055158439,,
1.0,0.0,3,3,L3_035,115,0.12455683830396289,,
1.0,0.0,3,3,L3_036,116,-0.8767030144500035,,
1.0,0.0,3,3,L3_037,117,-0.37930933873790523,,
1.0,0.0,3,3,L3_038,118,-0.8446227656235838,,
1.0,0.0,3,3,L3_039,119,-0.24520078900825337,,
1.0,0.0,3,3,L3_040,120,-1.094986931153851,,
1.0,0.0,3,3,L3_041,121,-1.1381343781234254,,
1.0,0.0,3,3,L3_042,122,-0.2928455964762944,,
1.0,0.0,3,3,L3_043,123,-0.4024434265661332,,
1.0,0.0,3,3,L3_044,124,-1.6087109637887438,,
1.0,0.0,3,3,L3_045,125,-1.1023206328016404,,
1.0,0.0,3,3,L3_046,126,-0.7274128690916579,,
1.0,0.0,3,3,L3_047,127,0.8650327038849008,,
1.0,0.0,3,3,L3_048,128,-0.771078123122394,,
1.0,0.0,3,3,L3_049,129,0.2436782880904791,,
1.0,0.0,3,3,L3_050,130,1.4898514707246149,,
1.0,0.0,3,3,L3_051,131,1.1545425204842703,,
1.0,0.0,3,3,L3_052,132,-0.21777110509455255,,
1.0,0.0,3,3,L3_053,133,0.6978683344749543,,
1.0,0.0,3,3,L3_054,134,-0.09367784882031781,,
1.0,0.0,3,3,L3_055,135,0.1477528134641424,,
1.0,0.0,3,3,L3_056,136,0.8189709013358444,,
1.0,0.0,3,3,L3_057,137,-1.2558043748488172,,
1.0,0.0,3,3,L3_058,138,1.1975213001900853,,
1.0,0.0,3,3,L3_059,139,-1.5083598717397677,,
1.0,0.0,3,3,L3_060,140,-1.4650204945862442,,
1.0,0.0,3,3,L3_061,141,0.3638793641180081,,
1.0,0.0,3,3,L3_062,142,-0.6926744252619328,,
1.0,0.0,3,3,L3_063,143,0.9331203512626652,,
1.0,0.0,3,3,L3_064,144,0.3776451973051628,,
1.0,0.0,3,3,L3_065,145,-0.04412512977129708,,
1.0,0.0,3,3,L3_066,146,-0.5214785347425064,,
1.0,0.0,3,3,L3_067,147,1.135655184567926,,
1.0,0.0,3,3,L3_068,148,-1.0682419750490806,,
1.0,0.0,3,3,L3_069,149,-0.7853714399686149,,
1.0,0.0,3,3,L3_070,150,0.6052037069074316,,
1.0,0.0,3,3,L3_071,151,0.22725686789863822,,
1.0,0.0,3,3,L3_072,152,1.3599187890032869,,
1.0,0.0,3,3,L3_073,153,-1.3033241740069628,,
1.0,0.0,3,3,L3_074,154,-1.312157191499172,,
1.0,0.0,3,3,L3_075,155,-1.7784874432357065,,
1.0,0.0,3,3,L3_076,156,0.8732969837333796,,
1.0,0.0,3,3,L3_077,157,0.5343185593187718,,
1.0,0.0,3,3,L3_078,158,0.6945860849510138,,
1.0,0.0,3,3,L3_079,159,-1.3643481094356584,,
1.5,0.5849625007211562,0,2,L2_000,0,0.3828354295106633,-0.6436045175116654,1.3180709166481601
1.5,0.5849625007211562,0,2,L2_001,1,-0.6234877588681177,-1.3114188536168572,1.0240679434706472
1.5,0.5849625007211562,0,2,L2_002,2,0.7405561575363862,-1.8503555466768324,0.5204860226682876
1.5,0.5849625007211562,0,2,L2_003,3,0.5747787576920758,-1.8286759148006935,0.8171471765667275
1.5,0.5849625007211562,0,2,L2_004,4,0.9294796530441415,-0.5086474794479974,-0.35803736128584784
1.5,0.5849625007211562,0,2,L2_005,5,0.3952732539555915,-0.3644296023852296,0.8315759061648493
1.5,0.5849625007211562,0,2,L2_006,6,1.8389738066913313,-1.4690842805659863,-0.8419800037554516
1.5,0.5849625007211562,0,2,L2_007,7,-0.5337302484640896,-1.5732722971926179,0.13027391001338026
1.5,0.5849625007211562,0,2,L2_008,8,0.7751720744472578,-0.41374445680156346,0.4792273794127908
1.5,0.5849625007211562,0,2,L2_009,9,0.8997408482961191,-1.3544491192068646,0.6569492576952469
1.5,0.5849625007211562,0,2,L2_010,10,-0.20849251171294209,-1.6051973032522913,0.6499609342827654
1.5,0.5849625007211562,0,2,L2_011,11,-0.43999079162225263,-1.5383199755725063,0.8378868043093651
1.5,0.5849625007211562,0,2,L2_012,12,-0.2662817636928577,-1.0740098299435505,-1.3874530155006604
1.5,0.5849625007211562,0,2,L2_013,13,-0.21324273031081858,-1.4793096485913646,-0.7578574737341324
1.5,0.5849625007211562,0,2,L2_014,14,1.461163139110965,-1.15751187646631,0.12125699209704772
1.5,0.5849625007211562,0,2,L2_015,15,0.014873954552754969,-0.9027058717852051,0.27055895391111423
1.5,0.5849625007211562,0,2,L2_016,16,0.6580522459377566,-0.6837136306413448,-0.4811825106777553
1.5,0.5849625007211562,0,2,L2_017,17,-0.6290685217503986,-1.7335746858805785,1.1780335016464618
1.5,0.5849625007211562,0,2,L2_018,18,0.8193452121097967,-0.6602878292877538,1.7746641454955514
1.5,0.5849625007211562,0,2,L2_019,19,-1.9708483861918509,-0.8624140143626721,0.14832710757893175
1.5,0.5849625007211562,0,2,L2_020,20,-1.1640803805199613,-1.4228050441017777,-1.1176384105384112
1.5,0.5849625007211562,0,2,L2_021,21,-1.3052468595824207,-1.3736523160572252,1.154261041590113
1.5,0.5849625007211562,0,2,L2_022,22,-1.4211149558354352,-0.7032795774355344,-1.2900937351703008
1.5,0.5849625007211562,0,2,L2_023,23,1.3885304627677313,0.34536633163852287,-0.03845998458125918
1.5,0.5849625007211562,0,2,L2_024,24,-0.24978520079699723,0.6261194843170685,0.12682938038814437
1.5,0.5849625007211562,0,2,L2_025,25,1.3930107956052618,-1.3392732161981462,0.8924489807127715
1.5,0.5849625007211562,0,2,L2_026,26,0.5130397359757995,-0.9924934338507428,0.3345777398165237
1.5,0.5849625007211562,0,2,L2_027,27,-0.8177567164953287,-0.5705383492371926,-1.460634198217792
1.5,0.5849625007211562,0,2,L2_028,28,-0.24288073102403823,-1.061685007426923,0.21565473818978725
1.5,0.5849625007211562,0,2,L2_029,29,0.8674814365879469,0.03803981051733201,0.5473530391051578
1.5,0.5849625007211562,0,2,L2_030,30,1.1329643169958172,-0.6023137990151491,-0.1776694015255718
1.5,0.5849625007211562,0,2,L2_031,31,1.0885340736773135,0.28827850494012935,-0.3502470612541241
1.5,0.5849625007211562,0,2,L2_032,32,1.289804505099687,-0.45941702854634064,1.1514204381066113
1.5,0.5849625007211562,0,2,L2_033,33,0.4977295033408041,-0.10118503407990828,0.987607845313007
1.5,0.5849625007211562,0,2,L2_034,34,-0.5204993720099408,-0.6648714800827695,-1.343727196255169
1.5,0.5849625007211562,0,2,L2_035,35,0.6528884080133761,0.074879706060542,0.6687592884798252
1.5,0.5849625007211562,0,2,L2_036,36,-1.0527888958733778,-0.39388302284077775,0.9680885053178412
1.5,0.5849625007211562,0,2,L2_037,37,1.5567614539882912,0.33971885639392224,0.14995468698456815
1.5,0.5849625007211562,0,2,L2_038,38,0.6129184380457856,-0.036790460648333925,1.4562302150997972
1.5,0.5849625007211562,0,2,L2_039,39,-1.2723854970793047,-1.1302815717085903,1.5566031611157105
1.5,0.5849625007211562,0,2,L2_040,40,1.024117859795554,0.909786927186188,-1.259636991464696
1.5,0.5849625007211562,0,2,L2_041,41,-1.017839039470133,0.23994732252421716,-1.719247896815123
1.5,0.5849625007211562,0,2,L2_042,42,-1.3060585823802526,0.6381953369780138,-0.8859125461595925
1.5,0.5849625007211562,0,2,L2_043,43,-1.6515369154514017,-0.22303081073973813,-1.1555231001142823
1.5,0.5849625007211562,0,2,L2_044,44,1.4501263143444116,-0.07794751116651882,-0.7468532356273193
1.5,0.5849625007211562,0,2,L2_045,45,-1.5802506117905466,0.16298904074310114,1.6468181167618245
1.5,0.5849625007211562,0,2,L2_046,46,-0.06491003348711731,0.33213106265072184,1.0694272970812397
1.5,0.5849625007211562,0,2,L2_047,47,-0.302386536713434,1.1047431561729153,0.9841590207916543
1.5,0.5849625007211562,0,2,L2_048,48,-0.6766894472236308,0.08623139453045325,-1.0851210997831575
1.5,0.5849625007211562,0,2,L2_049,49,-1.6916670583985756,0.6803410154852905,-1.407278480145055
1.5,0.5849625007211562,0,2,L2_050,50,-0.8361535285882333,0.13631074337197546,-0.09441180631506679
1.5,0.5849625007211562,0,2,L2_051,51,0.48055685505595813,0.5170080598936737,-0.8617573262668934
1.5,0.5849625007211562,0,2,L2_052,52,1.2613974281288425,0.6845203176940793,-0.2251940930609465
1.5,0.5849625007211562,0,2,L2_053,53,1.3507792156893432,0.04845260295712063,-1.4075819780181211
1.5,0.5849625007211562,0,2,L2_054,54,-0.6467840893138004,0.9269283488316707,-0.8233313008397164
1.5,0.5849625007211562,0,2,L2_055,55,-0.7011097907362365,0.5545491499485025,-1.347654459495812
1.5,0.5849625007211562,0,2,L2_056,56,1.505556725985972,0.6923295698094217,-1.3617497769324254
1.5,0.5849625007211562,0,2,L2_057,57,-0.014746869340042584,0.8998311376201511,-0.8075231283003468
1.5,0.5849625007211562,0,2,L2_058,58,1.3825501043086557,1.4025763007100074,-0.5422303543748236
1.5,0.5849625007211562,0,2,L2_059,59,-0.28668246722849866,1.1064426568339534,-0.8582190713514711
1.5,0.5849625007211562,0,2,L2_060,60,-0.5499364823370776,0.38774351777469945,0.9019864994741044
1.5,0.5849625007211562,0,2,L2_061,61,0.3751284185355282,0.04111515736222047,-1.069531647336535
1.5,0.5849625007211562,0,2,L2_062,62,-1.977444489998381,0.36824409461090263,-1.5475394880735391
1.5,0.5849625007211562,0,2,L2_063,63,-1.6781560816523426,0.3685323017413629,-1.0261001042210194
1.5,0.5849625007211562,0,2,L2_064,64,1.0242489063973477,0.7097719754946354,1.1833195874037232
1.5,0.5849625007211562,0,2,L2_065,65,-0.054341198167086255,1.108208512350049,0.8016178947120951
1.5,0.5849625007211562,0,2,L2_066,66,0.587562289267551,1.5741321003238045,0.7122327131825202
1.5,0.5849625007211562,0,2,L2_067,67,-0.6454582142449867,1.4787881723764795,-0.9568271267399231
1.5,0.5849625007211562,0,2,L2_068,68,-1.0905379239395223,0.8792759033175698,-1.3317396609923189
1.5,0.5849625007211562,0,2,L2_069,69,0.7132637022716002,1.129736484171076,-1.1891369599880448
1.5,0.5849625007211562,0,2,L2_070,70,-0.4618430534324037,1.2680343896308508,0.28942524329381
1.5,0.5849625007211562,0,2,L2_071,71,0.29292306807634516,0.8324111258324361,1.4223670306895515
1.5,0.5849625007211562,0,2,L2_072,72,-0.29564758450295586,1.334671082450379,1.533886349742071
1.5,0.5849625007211562,0,2,L2_073,73,0.15560889920325885,1.3798135224200963,-0.2032249276750468
1.5,0.5849625007211562,0,2,L2_074,74,1.702538030256291,1.2899153830129835,-1.1068909119756836
1.5,0.5849625007211562,0,2,L2_075,75,-0.15500995164486622,0.909815238663675,1.1205708639706653
1.5,0.5849625007211562,0,2,L2_076,76,-0.4909731809251237,1.8367454793089826,1.5319934153002595
1.5,0.5849625007211562,0,2,L2_077,77,-0.7678990183046249,1.633580667078401,1.3394579909451896
1.5,0.5849625007211562,0,2,L2_078,78,0.1677487665650668,1.0361436915213504,-0.19827246264988024
1.5,0.5849625007211562,0,2,L2_079,79,-2.0822707757631247,1.765778759874626,-0.6820677483165787
1.5,0.5849625007211562,0,3,L3_000,80,-0.4979659840303009,,
1.5,0.5849625007211562,0,3,L3_001,81,1.1616981596114297,,
1.5,0.5849625007211562,0,3,L3_002,82,1.273117405941682,,
1.5,0.5849625007211562,0,3,L3_003,83,0.034323114318431755,,
1.5,0.5849625007211562,0,3,L3_004,84,0.008365996347129036,,
1.5,0.5849625007211562,0,3,L3_005,85,1.698369784457435,,
1.5,0.5849625007211562,0,3,L3_006,86,-0.2657521977111798,,
1.5,0.5849625007211562,0,3,L3_007,87,-1.1025100897468603,,
1.5,0.5849625007211562,0,3,L3_008,88,0.7442576535229475,,
1.5,0.5849625007211562,0,3,L3_009,89,2.0265474670697348,,
1.5,0.5849625007211562,0,3,L3_010,90,0.18035420418554013,,
1.5,0.5849625007211562,0,3,L3_011,91,-0.3412162907998257,,
1.5,0.5849625007211562,0,3,L3_012,92,-1.1434928000008766,,
1.5,0.5849625007211562,0,3,L3_013,93,0.5624121689880403,,
1.5,0.5849625007211562,0,3,L3_014,94,1.0918972454385856,,
1.5,0.5849625007211562,0,3,L3_015,95,-0.5861578702777078,,
1.5,0.5849625007211562,0,3,L3_016,96,-1.0205702415636906,,
1.5,0.5849625007211562,0,3,L3_017,97,0.5123518423573493,,
1.5,0.5849625007211562,0,3,L3_018,98,0.013548329295138694,,
1.5,0.5849625007211562,0,3,L3_019,99,1.5311840265169196,,
1.5,0.5849625007211562,0,3,L3_020,100,0.38683470702628014,,
1.5,0.5849625007211562,0,3,L3_021,101,0.9596167113200915,,
1.5,0.5849625007211562,0,3,L3_022,102,2.0467407339131976,,
1.5,0.5849625007211562,0,3,L3_023,103,0.9978891587107581,,
1.5,0.5849625007211562,0,3,L3_024,104,-0.004486226952150315,,
1.5,0.5849625007211562,0,3,L3_025,105,-0.20026221662121943,,
1.5,0.5849625007211562,0,3,L3_026,106,-0.037257098105172005,,
1.5,0.5849625007211562,0,3,L3_027,107,-0.07779472060423553,,
1.5,0.5849625007211562,0,3,L3_028,108,-1.8206465564353305,,
1.5,0.5849625007211562,0,3,L3_029,109,-1.2523236245287237,,
1.5,0.5849625007211562,0,3,L3_030,110,0.6656340655754974,,
1.5,0.5849625007211562,0,3,L3_031,111,-0.5370138100884948,,
1.5,0.5849625007211562,0,3,L3_032,112,1.8081883531726657,,
1.5,0.5849625007211562,0,3,L3_033,113,-1.327342910795457,,
1.5,0.5849625007211562,0,3,L3_034,114,0.6663498647414969,,
1.5,0.5849625007211562,0,3,L3_035,115,-2.2147681118466185,,
1.5,0.5849625007211562,0,3,L3_036,116,0.06601452734496774,,
1.5,0.5849625007211562,0,3,L3_037,117,-1.398960386172661,,
1.5,0.5849625007211562,0,3,L3_038,118,-0.06407946664137697,,
1.5,0.5849625007211562,0,3,L3_039,119,-0.934161936666617,,
1.5,0.5849625007211562,0,3,L3_040,120,-0.14430378080687578,,
1.5,0.5849625007211562,0,3,L3_041,121,-1.8568348229154512,,
1.5,0.5849625007211562,0,3,L3_042,122,-1.5937600936173018,,
1.5,0.5849625007211562,0,3,L3_043,123,-0.23724254542276033,,
1.5,0.5849625007211562,0,3,L3_044,124,0.05208245352844279,,
1.5,0.5849625007211562,0,3,L3_045,125,1.116987086460487,,
1.5,0.5849625007211562,0,3,L3_046,126,-1.320196103021752,,
1.5,0.5849625007211562,0,3,L3_047,127,1.175125160934825,,
1.5,0.5849625007211562,0,3,L3_048,128,0.28893930209761337,,
1.5,0.5849625007211562,0,3,L3_049,129,-1.8675649871417028,,
1.5,0.5849625007211562,0,3,L3_050,130,1.8765134360821698,,
1.5,0.5849625007211562,0,3,L3_051,131,-1.5258910504870216,,
1.5,0.5849625007211562,0,3,L3_052,132,0.9590636543478316,,
1.5,0.5849625007211562,0,3,L3_053,133,0.42938142159166903,,
1.5,0.5849625007211562,0,3,L3_054,134,0.2751429308107635,,
1.5,0.5849625007211562,0,3,L3_055,135,0.16448752364337596,,
1.5,0.5849625007211562,0,3,L3_056,136,0.3732962732055618,,
1.5,0.5849625007211562,0,3,L3_057,137,0.4821873208270374,,
1.5,0.5849625007211562,0,3,L3_058,138,-2.497668197150592,,
1.5,0.5849625007211562,0,3,L3_059,139,-0.12523275774889361,,
1.5,0.5849625007211562,0,3,L3_060,140,1.0194577566885106,,
1.5,0.5849625007211562,0,3,L3_061,141,-0.5718162001266509,,
1.5,0.5849625007211562,0,3,L3_062,142,-1.0213068275526922,,
1.5,0.5849625007211562,0,3,L3_063,143,-0.3113669214645471,,
1.5,0.5849625007211562,0,3,L3_064,144,-0.6935645025798204,,
1.5,0.5849625007211562,0,3,L3_065,145,-0.1191231885722344,,
1.5,0.5849625007211562,0,3,L3_066,146,-0.18509352486673777,,
1.5,0.5849625007211562,0,3,L3_067,147,0.6927969684499485,,
1.5,0.5849625007211562,0,3,L3_068,148,-0.8998421437753914,,
1.5,0.5849625007211562,0,3,L3_069,149,-0.23773224137918492,,
1.5,0.5849625007211562,0,3,L3_070,150,0.30084381784025566,,
1.5,0.5849625007211562,0,3,L3_071,151,0.18500009986993615,,
1.5,0.5849625007211562,0,3,L3_072,152,-0.47821854757074245,,
1.5,0.5849625007211562,0,3,L3_073,153,-0.4599467688466164,,
1.5,0.5849625007211562,0,3,L3_074,154,0.6766629453379741,,
1.5,0.5849625007211562,0,3,L3_075,155,0.6223464666118923,,
1.5,0.5849625007211562,0,3,L3_076,156,-0.02165941034196304,,
1.5,0.5849625007211562,0,3,L3_077,157,0.5625674302080446,,
1.5,0.5849625007211562,0,3,L3_078,158,-0.12119953729877082,,
1.5,0.5849625007211562,0,3,L3_079,159,1.4277491238847986,,
1.5,0.5849625007211562,1,2,L2_000,0,0.8833472320870238,-0.6436045175116654,1.3180709166481601
1.5,0.5849625007211562,1,2,L2_001,1,1.6521096265724453,-1.3114188536168572,1.0240679434706472
1.5,0.5849625007211562,1,2,L2_002,2,0.20791744093256967,-1.8503555466768324,0.5204860226682876
1.5,0.5849625007211562,1,2,L2_003,3,0.7514125895320717,-1.8286759148006935,0.8171471765667275
1.5,0.5849625007211562,1,2,L2_004,4,-0.9636736423470423,-0.5086474794479974,-0.35803736128584784
1.5,0.5849625007211562,1,2,L2_005,5,0.05016112492582528,-0.3644296023852296,0.8315759061648493
1.5,0.5849625007211562,1,2,L2_006,6,-0.8111534966606636,-1.4690842805659863,-0.8419800037554516
1.5,0.5849625007211562,1,2,L2_007,7,-1.0913633066367068,-1.5732722971926179,0.13027391001338026
1.5,0.5849625007211562,1,2,L2_008,8,0.5804337310029493,-0.41374445680156346,0.4792273794127908
1.5,0.5849625007211562,1,2,L2_009,9,0.765214103964069,-1.3544491192068646,0.6569492576952469
1.5,0.5849625007211562,1,2,L2_010,10,-0.6709319366372217,-1.6051973032522913,0.6499609342827654
1.5,0.5849625007211562,1,2,L2_011,11,0.8082547102868437,-1.5383199755725063,0.8378868043093651
1.5,0.5849625007211562,1,2,L2_012,12,0.3649234754125546,-1.0740098299435505,-1.3874530155006604
1.5,0.5849625007211562,1,2,L2_013,13,-0.6680255119859915,-1.4793096485913646,-0.7578574737341324
1.5,0.5849625007211562,1,2,L2_014,14,-1.6680199106772404,-1.15751187646631,0.12125699209704772
1.5,0.5849625007211562,1,2,L2_015,15,-0.4271417822587121,-0.9027058717852051,0.27055895391111423
1.5,0.5849625007211562,1,2,L2_016,16,-2.2126240927356293,-0.6837136306413448,-0.4811825106777553
1.5,0.5849625007211562,1,2,L2_017,17,-0.37880462575423185,-1.7335746858805785,1.1780335016464618
1.5,0.5849625007211562,1,2,L2_018,18,-2.361211251086231,-0.6602878292877538,1.7746641454955514
1.5,0.5849625007211562,1,2,L2_019,19,1.6303442878639582,-0.8624140143626721,0.14832710757893175
1.5,0.5849625007211562,1,2,L2_020,20,0.8186637001156781,-1.4228050441017777,-1.1176384105384112
1.5,0.5849625007211562,1,2,L2_021,21,-1.0522637360359217,-1.3736523160572252,1.154261041590113
1.5,0.5849625007211562,1,2,L2_022,22,0.37573681706443446,-0.7032795774355344,-1.2900937351703008
1.5,0.5849625007211562,1,2,L2_023,23,-0.526789273409585,0.34536633163852287,-0.03845998458125918
1.5,0.5849625007211562,1,2,L2_024,24,-1.4778899053665278,0.6261194843170685,0.12682938038814437
1.5,0.5849625007211562,1,2,L2_025,25,-2.656407613356994,-1.3392732161981462,0.8924489807127715
1.5,0.5849625007211562,1,2,L2_026,26,0.7338272764594745,-0.9924934338507428,0.3345777398165237
1.5,0.5849625007211562,1,2,L2_027,27,0.31414753763615655,-0.5705383492371926,-1.460634198217792
1.5,0.5849625007211562,1,2,L2_028,28,0.1562248502061961,-1.061685007426923,0.21565473818978725
1.5,0.5849625007211562,1,2,L2_029,29,1.0684027456059118,0.03803981051733201,0.5473530391051578
1.5,0.5849625007211562,1,2,L2_030,30,0.8589133219971337,-0.6023137990151491,-0.1776694015255718
1.5,0.5849625007211562,1,2,L2_031,31,-0.8708289294282225,0.28827850494012935,-0.3502470612541241
1.5,0.5849625007211562,1,2,L2_032,32,0.5390152988267485,-0.45941702854634064,1.1514204381066113
1.5,0.5849625007211562,1,2,L2_033,33,-0.47644136247160396,-0.10118503407990828,0.987607845313007
1.5,0.5849625007211562,1,2,L2_034,34,1.2581086180697776,-0.6648714800827695,-1.343727196255169
1.5,0.5849625007211562,1,2,L2_035,35,1.5670056272300874,0.074879706060542,0.6687592884798252
1.5,0.5849625007211562,1,2,L2_036,36,-0.04743297647393017,-0.39388302284077775,0.9680885053178412
1.5,0.5849625007211562,1,2,L2_037,37,-0.5796548054163227,0.33971885639392224,0.14995468698456815
1.5,0.5849625007211562,1,2,L2_038,38,1.1116235314569864,-0.036790460648333925,1.4562302150997972
1.5,0.5849625007211562,1,2,L2_039,39,-0.2595872013692011,-1.1302815717085903,1.5566031611157105
1.5,0.5849625007211562,1,2,L2_040,40,0.00299036088536937,0.909786927186188,-1.259636991464696
1.5,0.5849625007211562,1,2,L2_041,41,0.26719718049573166,0.23994732252421716,-1.719247896815123
1.5,0.5849625007211562,1,2,L2_042,42,2.1307689968693375,0.6381953369780138,-0.8859125461595925
1.5,0.5849625007211562,1,2,L2_043,43,-0.6519069984405326,-0.22303081073973813,-1.1555231001142823
1.5,0.5849625007211562,1,2,L2_044,44,-0.9415981081423517,-0.07794751116651882,-0.7468532356273193
1.5,0.5849625007211562,1,2,L2_045,45,0.1574961766897995,0.16298904074310114,1.6468181167618245
1.5,0.5849625007211562,1,2,L2_046,46,0.8684357611239839,0.33213106265072184,1.0694272970812397
1.5,0.5849625007211562,1,2,L2_047,47,-1.5095237651148838,1.1047431561729153,0.9841590207916543
1.5,0.5849625007211562,1,2,L2_048,48,-0.6209322693892958,0.08623139453045325,-1.0851210997831575
1.5,0.5849625007211562,1,2,L2_049,49,-1.0976631698621149,0.6803410154852905,-1.407278480145055
1.5,0.5849625007211562,1,2,L2_050,50,-0.3139178845052367,0.13631074337197546,-0.09441180631506679
1.5,0.5849625007211562,1,2,L2_051,51,1.5159685928111484,0.5170080598936737,-0.8617573262668934
1.5,0.5849625007211562,1,2,L2_052,52,0.05497584161109984,0.6845203176940793,-0.2251940930609465
1.5,0.5849625007211562,1,2,L2_053,53,0.6252797307572169,0.04845260295712063,-1.4075819780181211
1.5,0.5849625007211562,1,2,L2_054,54,-0.4808459357277801,0.9269283488316707,-0.8233313008397164
1.5,0.5849625007211562,1,2,L2_055,55,0.08865643527687628,0.5545491499485025,-1.347654459495812
1.5,0.5849625007211562,1,2,L2_056,56,0.2857658034328212,0.6923295698094217,-1.3617497769324254
1.5,0.5849625007211562,1,2,L2_057,57,-0.48602456137897065,0.8998311376201511,-0.8075231283003468
1.5,0.5849625007211562,1,2,L2_058,58,1.9771848665514966,1.4025763007100074,-0.5422303543748236
1.5,0.5849625007211562,1,2,L2_059,59,-0.21462074739835665,1.1064426568339534,-0.8582190713514711
1.5,0.5849625007211562,1,2,L2_060,60,-0.09717757540296836,0.38774351777469945,0.9019864994741044
1.5,0.5849625007211562,1,2,L2_061,61,-0.5246072052519517,0.04111515736222047,-1.069531647336535
1.5,0.5849625007211562,1,2,L2_062,62,0.2533412786526989,0.36824409461090263,-1.5475394880735391
1.5,0.5849625007211562,1,2,L2_063,63,-0.9360981961336138,0.3685323017413629,-1.0261001042210194
1.5,0.5849625007211562,1,2,L2_064,64,-0.2901331078379053,0.7097719754946354,1.1833195874037232
1.5,0.5849625007211562,1,2,L2_065,65,0.4516286582788908,1.108208512350049,0.8016178947120951
1.5,0.5849625007211562,1,2,L2_066,66,1.751008556859619,1.5741321003238045,0.7122327131825202
1.5,0.5849625007211562,1,2,L2_067,67,0.12670464375388307,1.4787881723764795,-0.9568271267399231
1.5,0.5849625007211562,1,2,L2_068,68,0.7061792045595621,0.8792759033175698,-1.3317396609923189
1.5,0.5849625007211562,1,2,L2_069,69,0.6214744957119684,1.129736484171076,-1.1891369599880448
1.5,0.5849625007211562,1,2,L2_070,70,-0.05085199394755219,1.2680343896308508,0.28942524329381
1.5,0.5849625007211562,1,2,L2_071,71,-0.41526860410113003,0.8324111258324361,1.4223670306895515
1.5,0.5849625007211562,1,2,L2_072,72,-1.6373096370799527,1.334671082450379,1.533886349742071
1.5,0.5849625007211562,1,2,L2_073,73,1.9100675806141225,1.3798135224200963,-0.2032249276750468
1.5,0.5849625007211562,1,2,L2_074,74,0.41027513502347734,1.2899153830129835,-1.1068909119756836
1.5,0.5849625007211562,1,2,L2_075,75,-0.9351857935111255,0.909815238663675,1.1205708639706653
1.5,0.5849625007211562,1,2,L2_076,76,-0.9616180937027339,1.8367454793089826,1.5319934153002595
1.5,0.5849625007211562,1,2,L2_077,77,-0.5695165677482354,1.633580667078401,1.3394579909451896
1.5,0.5849625007211562,1,2,L2_078,78,1.0722059755671947,1.0361436915213504,-0.19827246264988024
1.5,0.5849625007211562,1,2,L2_079,79,0.16165265200977189,1.765778759874626,-0.6820677483165787
1.5,0.5849625007211562,1,3,L3_000,80,-1.1074845536498628,,
1.5,0.5849625007211562,1,3,L3_001,81,-0.7173127057807281,,
1.5,0.5849625007211562,1,3,L3_002,82,0.030696469734014187,,
1.5,0.5849625007211562,1,3,L3_003,83,-0.7128152714772698,,
1.5,0.5849625007211562,1,3,L3_004,84,0.0037570366342412503,,
1.5,0.5849625007211562,1,3,L3_005,85,-0.3941088042837866,,
1.5,0.5849625007211562,1,3,L3_006,86,-0.616130651188327,,
1.5,0.5849625007211562,1,3,L3_007,87,-1.3129162086428394,,
1.5,0.5849625007211562,1,3,L3_008,88,-0.06473817937689387,,
1.5,0.5849625007211562,1,3,L3_009,89,-0.6225829650318043,,
1.5,0.5849625007211562,1,3,L3_010,90,1.69149919761246,,
1.5,0.5849625007211562,1,3,L3_011,91,1.5319544431399825,,
1.5,0.5849625007211562,1,3,L3_012,92,-0.43329019719709816,,
1.5,0.5849625007211562,1,3,L3_013,93,-0.6980141906445243,,
1.5,0.5849625007211562,1,3,L3_014,94,-0.45744575122645703,,
1.5,0.5849625007211562,1,3,L3_015,95,-1.4445618680127752,,
1.5,0.5849625007211562,1,3,L3_016,96,-0.814039049899363,,
1.5,0.5849625007211562,1,3,L3_017,97,-1.2942418575224468,,
1.5,0.5849625007211562,1,3,L3_018,98,-0.2387876888039004,,
1.5,0.5849625007211562,1,3,L3_019,99,-0.43294606847439193,,
1.5,0.5849625007211562,1,3,L3_020,100,0.0895670410508706,,
1.5,0.5849625007211562,1,3,L3_021,101,1.9147960260760852,,
1.5,0.5849625007211562,1,3,L3_022,102,-0.9592879692136944,,
1.5,0.5849625007211562,1,3,L3_023,103,1.0739925254388967,,
1.5,0.5849625007211562,1,3,L3_024,104,-0.4003723041849479,,
1.5,0.5849625007211562,1,3,L3_025,105,-1.2670246866838553,,
1.5,0.5849625007211562,1,3,L3_026,106,-0.32084762898227775,,
1.5,0.5849625007211562,1,3,L3_027,107,0.42325569925518036,,
1.5,0.5849625007211562,1,3,L3_028,108,-0.3758710927613041,,
1.5,0.5849625007211562,1,3,L3_029,109,0.37272148094738505,,
1.5,0.5849625007211562,1,3,L3_030,110,2.4783798528729557,,
1.5,0.5849625007211562,1,3,L3_031,111,-1.0856216115150332,,
1.5,0.5849625007211562,1,3,L3_032,112,-1.8485818481177219,,
1.5,0.5849625007211562,1,3,L3_033,113,0.6555034236254925,,
1.5,0.5849625007211562,1,3,L3_034,114,-0.5601746857281701,,
1.5,0.5849625007211562,1,3,L3_035,115,-1.0214392961422807,,
1.5,0.5849625007211562,1,3,L3_036,116,1.63021044745488,,
1.5,0.5849625007211562,1,3,L3_037,117,-1.356964487500098,,
1.5,0.5849625007211562,1,3,L3_038,118,-0.09116034492991615,,
1.5,0.5849625007211562,1,3,L3_039,119,-1.1842430196466027,,
1.5,0.5849625007211562,1,3,L3_040,120,0.40438924362593887,,
1.5,0.5849625007211562,1,3,L3_041,121,0.3645536300113142,,
1.5,0.5849625007211562,1,3,L3_042,122,1.7402643125195933,,
1.5,0.5849625007211562,1,3,L3_043,123,1.338278295765201,,
1.5,0.5849625007211562,1,3,L3_044,124,1.3150011100492422,,
1.5,0.5849625007211562,1,3,L3_045,125,-0.8311249352212711,,
1.5,0.5849625007211562,1,3,L3_046,126,-2.0695796409394718,,
1.5,0.5849625007211562,1,3,L3_047,127,1.502274442618888,,
1.5,0.5849625007211562,1,3,L3_048,128,-0.6179781939059115,,
1.5,0.5849625007211562,1,3,L3_049,129,0.1663524556377164,,
1.5,0.5849625007211562,1,3,L3_050,130,-1.1484695928076838,,
1.5,0.5849625007211562,1,3,L3_051,131,1.348995785147641,,
1.5,0.5849625007211562,1,3,L3_052,132,1.0829309441982427,,
1.5,0.5849625007211562,1,3,L3_053,133,-0.5821868065765303,,
1.5,0.5849625007211562,1,3,L3_054,134,0.5788646493110071,,
1.5,0.5849625007211562,1,3,L3_055,135,0.6928278489977369,,
1.5,0.5849625007211562,1,3,L3_056,136,-0.8480207815177961,,
1.5,0.5849625007211562,1,3,L3_057,137,0.10031317159131259,,
1.5,0.5849625007211562,1,3,L3_058,138,0.10055491729711473,,
1.5,0.5849625007211562,1,3,L3_059,139,1.9262648689470947,,
1.5,0.5849625007211562,1,3,L3_060,140,0.38464617930172634,,
1.5,0.5849625007211562,1,3,L3_061,141,0.28330560606751737,,
1.5,0.5849625007211562,1,3,L3_062,142,1.1640823835824092,,
1.5,0.5849625007211562,1,3,L3_063,143,1.359427535580579,,
1.5,0.5849625007211562,1,3,L3_064,144,0.6678997231843434,,
1.5,0.5849625007211562,1,3,L3_065,145,0.04359747012349749,,
1.5,0.5849625007211562,1,3,L3_066,146,1.1177772301365216,,
1.5,0.5849625007211562,1,3,L3_067,147,0.5851673854687417,,
1.5,0.5849625007211562,1,3,L3_068,148,-1.5930097514557633,,
1.5,0.5849625007211562,1,3,L3_069,149,0.7315303123694216,,
1.5,0.5849625007211562,1,3,L3_070,150,-1.2775808626733007,,
1.5,0.5849625007211562,1,3,L3_071,151,-0.016850395419032237,,
1.5,0.5849625007211562,1,3,L3_072,152,-1.0467099154555537,,
1.5,0.5849625007211562,1,3,L3_073,153,-0.5395965085396358,,
1.5,0.5849625007211562,1,3,L3_074,154,-0.1446968062549897,,
1.5,0.5849625007211562,1,3,L3_075,155,0.2569280260532119,,
1.5,0.5849625007211562,1,3,L3_076,156,0.1168822663220666,,
1.5,0.5849625007211562,1,3,L3_077,157,1.3266036888815536,,
1.5,0.5849625007211562,1,3,L3_078,158,0.0052119335948628285,,
1.5,0.5849625007211562,1,3,L3_079,159,-0.05244988284158998,,
1.5,0.5849625007211562,2,2,L2_000,0,-0.5108532612046748,-0.6436045175116654,1.3180709166481601
1.5,0.5849625007211562,2,2,L2_001,1,-0.3213656785186601,-1.3114188536168572,1.0240679434706472
1.5,0.5849625007211562,2,2,L2_002,2,-1.0186169214032734,-1.8503555466768324,0.5204860226682876
1.5,0.5849625007211562,2,2,L2_003,3,2.008625927666668,-1.8286759148006935,0.8171471765667275
1.5,0.5849625007211562,2,2,L2_004,4,1.1565100984672145,-0.5086474794479974,-0.35803736128584784
1.5,0.5849625007211562,2,2,L2_005,5,0.9243168547537396,-0.3644296023852296,0.8315759061648493
1.5,0.5849625007211562,2,2,L2_006,6,-1.4361520043810847,-1.4690842805659863,-0.8419800037554516
1.5,0.5849625007211562,2,2,L2_007,7,-0.33960067052686854,-1.5732722971926179,0.13027391001338026
1.5,0.5849625007211562,2,2,L2_008,8,3.0488860260606745,-0.41374445680156346,0.4792273794127908
1.5,0.5849625007211562,2,2,L2_009,9,1.5721379849113062,-1.3544491192068646,0.6569492576952469
1.5,0.5849625007211562,2,2,L2_010,10,-1.856039513362949,-1.6051973032522913,0.6499609342827654
1.5,0.5849625007211562,2,2,L2_011,11,0.5829970920728071,-1.5383199755725063,0.8378868043093651
1.5,0.5849625007211562,2,2,L2_012,12,0.3008917964892391,-1.0740098299435505,-1.3874530155006604
1.5,0.5849625007211562,2,2,L2_013,13,-0.23723977413977348,-1.4793096485913646,-0.7578574737341324
1.5,0.5849625007211562,2,2,L2_014,14,-0.35871355971581903,-1.15751187646631,0.12125699209704772
1.5,0.5849625007211562,2,2,L2_015,15,-0.5022659693481419,-0.9027058717852051,0.27055895391111423
1.5,0.5849625007211562,2,2,L2_016,16,0.2096718137418338,-0.6837136306413448,-0.4811825106777553
1.5,0.5849625007211562,2,2,L2_017,17,0.567981126921509,-1.7335746858805785,1.1780335016464618
1.5,0.5849625007211562,2,2,L2_018,18,-0.5988027712843703,-0.6602878292877538,1.7746641454955514
1.5,0.5849625007211562,2,2,L2_019,19,-0.3708578980107359,-0.8624140143626721,0.14832710757893175
1.5,0.5849625007211562,2,2,L2_020,20,0.023722418862820338,-1.4228050441017777,-1.1176384105384112
1.5,0.5849625007211562,2,2,L2_021,21,-0.4192576760766615,-1.3736523160572252,1.154261041590113
1.5,0.5849625007211562,2,2,L2_022,22,0.08195944618462168,-0.7032795774355344,-1.2900937351703008
1.5,0.5849625007211562,2,2,L2_023,23,1.0750785913051715,0.34536633163852287,-0.03845998458125918
1.5,0.5849625007211562,2,2,L2_024,24,-1.3939155236244236,0.6261194843170685,0.12682938038814437
1.5,0.5849625007211562,2,2,L2_025,25,1.3471898336954766,-1.3392732161981462,0.8924489807127715
1.5,0.5849625007211562,2,2,L2_026,26,-0.6619188218344015,-0.9924934338507428,0.3345777398165237
1.5,0.5849625007211562,2,2,L2_027,27,0.4710880685305955,-0.5705383492371926,-1.460634198217792
1.5,0.5849625007211562,2,2,L2_028,28,-2.175935414928612,-1.061685007426923,0.21565473818978725
1.5,0.5849625007211562,2,2,L2_029,29,1.2563059852155871,0.03803981051733201,0.5473530391051578
1.5,0.5849625007211562,2,2,L2_030,30,-0.7206318518569359,-0.6023137990151491,-0.1776694015255718
1.5,0.5849625007211562,2,2,L2_031,31,-0.7480416432155778,0.28827850494012935,-0.3502470612541241
1.5,0.5849625007211562,2,2,L2_032,32,-0.9689304316532343,-0.45941702854634064,1.1514204381066113
1.5,0.5849625007211562,2,2,L2_033,33,-1.5815005894414875,-0.10118503407990828,0.987607845313007
1.5,0.5849625007211562,2,2,L2_034,34,0.1668681251086507,-0.6648714800827695,-1.343727196255169
1.5,0.5849625007211562,2,2,L2_035,35,-1.3709356881945196,0.074879706060542,0.6687592884798252
1.5,0.5849625007211562,2,2,L2_036,36,-0.3317519035670357,-0.39388302284077775,0.9680885053178412
1.5,0.5849625007211562,2,2,L2_037,37,-0.8524391764596873,0.33971885639392224,0.14995468698456815
1.5,0.5849625007211562,2,2,L2_038,38,1.144144947066118,-0.036790460648333925,1.4562302150997972
1.5,0.5849625007211562,2,2,L2_039,39,0.31175859480704365,-1.1302815717085903,1.5566031611157105
1.5,0.5849625007211562,2,2,L2_040,40,1.5612155552761242,0.909786927186188,-1.259636991464696
1.5,0.5849625007211562,2,2,L2_041,41,1.145733815605836,0.23994732252421716,-1.719247896815123
1.5,0.5849625007211562,2,2,L2_042,42,0.32956162200595024,0.6381953369780138,-0.8859125461595925
1.5,0.5849625007211562,2,2,L2_043,43,-0.503624983654345,-0.22303081073973813,-1.1555231001142823
1.5,0.5849625007211562,2,2,L2_044,44,1.5603446767647702,-0.07794751116651882,-0.7468532356273193
1.5,0.5849625007211562,2,2,L2_045,45,1.1638236752104858,0.16298904074310114,1.6468181167618245
1.5,0.5849625007211562,2,2,L2_046,46,-0.30559655406074165,0.33213106265072184,1.0694272970812397
1.5,0.5849625007211562,2,2,L2_047,47,0.18688095151260883,1.1047431561729153,0.9841590207916543
1.5,0.5849625007211562,2,2,L2_048,48,-1.2176682315336682,0.08623139453045325,-1.0851210997831575
1.5,0.5849625007211562,2,2,L2_049,49,1.0146421693337564,0.6803410154852905,-1.407278480145055
1.5,0.5849625007211562,2,2,L2_050,50,-0.3365621358216882,0.13631074337197546,-0.09441180631506679
1.5,0.5849625007211562,2,2,L2_051,51,-0.8430702264098232,0.5170080598936737,-0.8617573262668934
1.5,0.5849625007211562,2,2,L2_052,52,0.4475749205419756,0.6845203176940793,-0.2251940930609465
1.5,0.5849625007211562,2,2,L2_053,53,-0.13126861475178914,0.04845260295712063,-1.4075819780181211
1.5,0.5849625007211562,2,2,L2_054,54,0.30235339254359955,0.9269283488316707,-0.8233313008397164
1.5,0.5849625007211562,2,2,L2_055,55,0.36796375573345014,0.5545491499485025,-1.347654459495812
1.5,0.5849625007211562,2,2,L2_056,56,-0.5486039167838096,0.6923295698094217,-1.3617497769324254
1.5,0.5849625007211562,2,2,L2_057,57,0.03585745056653289,0.8998311376201511,-0.8075231283003468
1.5,0.5849625007211562,2,2,L2_058,58,1.2672102863740877,1.4025763007100074,-0.5422303543748236
1.5,0.5849625007211562,2,2,L2_059,59,-1.0093385385868217,1.1064426568339534,-0.8582190713514711
1.5,0.5849625007211562,2,2,L2_060,60,0.9512137973106677,0.38774351777469945,0.9019864994741044
1.5,0.5849625007211562,2,2,L2_061,61,0.5127102958083869,0.04111515736222047,-1.069531647336535
1.5,0.5849625007211562,2,2,L2_062,62,-0.5227522733963306,0.36824409461090263,-1.5475394880735391
1.5,0.5849625007211562,2,2,L2_063,63,-0.4802674684011709,0.3685323017413629,-1.0261001042210194
1.5,0.5849625007211562,2,2,L2_064,64,-0.48299090203428485,0.7097719754946354,1.1833195874037232
1.5,0.5849625007211562,2,2,L2_065,65,0.7348659128736958,1.108208512350049,0.8016178947120951
1.5,0.5849625007211562,2,2,L2_066,66,-0.492216397684958,1.5741321003238045,0.7122327131825202
1.5,0.5849625007211562,2,2,L2_067,67,0.31168032217971803,1.4787881723764795,-0.9568271267399231
1.5,0.5849625007211562,2,2,L2_068,68,0.08874529110461286,0.8792759033175698,-1.3317396609923189
1.5,0.5849625007211562,2,2,L2_069,69,-1.3035644160475373,1.129736484171076,-1.1891369599880448
1.5,0.5849625007211562,2,2,L2_070,70,1.6147793602620422,1.2680343896308508,0.28942524329381
1.5,0.5849625007211562,2,2,L2_071,71,0.3017173558062147,0.8324111258324361,1.4223670306895515
1.5,0.5849625007211562,2,2,L2_072,72,-0.23018810221421085,1.334671082450379,1.533886349742071
1.5,0.5849625007211562,2,2,L2_073,73,-1.6416806852836086,1.3798135224200963,-0.2032249276750468
1.5,0.5849625007211562,2,2,L2_074,74,-0.3812641799670336,1.2899153830129835,-1.1068909119756836
1.5,0.5849625007211562,2,2,L2_075,75,-0.9244743639486438,0.909815238663675,1.1205708639706653
1.5,0.5849625007211562,2,2,L2_076,76,1.269019193130005,1.8367454793089826,1.5319934153002595
1.5,0.5849625007211562,2,2,L2_077,77,0.6892244201035328,1.633580667078401,1.3394579909451896
1.5,0.5849625007211562,2,2,L2_078,78,0.1947221416595803,1.0361436915213504,-0.19827246264988024
1.5,0.5849625007211562,2,2,L2_079,79,-2.171076360239503,1.765778759874626,-0.6820677483165787
1.5,0.5849625007211562,2,3,L3_000,80,-1.0291801986230267,,
1.5,0.5849625007211562,2,3,L3_001,81,-0.38766750048969656,,
1.5,0.5849625007211562,2,3,L3_002,82,1.4329312108234298,,
1.5,0.5849625007211562,2,3,L3_003,83,1.3165945057785688,,
1.5,0.5849625007211562,2,3,L3_004,84,-1.0859389960915853,,
1.5,0.5849625007211562,2,3,L3_005,85,1.5878865989098396,,
1.5,0.5849625007211562,2,3,L3_006,86,-0.5256729059921312,,
1.5,0.5849625007211562,2,3,L3_007,87,-1.7019316709314993,,
1.5,0.5849625007211562,2,3,L3_008,88,0.7908191347834581,,
1.5,0.5849625007211562,2,3,L3_009,89,-0.8323189158835994,,
1.5,0.5849625007211562,2,3,L3_010,90,-0.883640335608948,,
1.5,0.5849625007211562,2,3,L3_011,91,-0.6624408774690949,,
1.5,0.5849625007211562,2,3,L3_012,92,0.9200377944612549,,
1.5,0.5849625007211562,2,3,L3_013,93,-0.3183731480492983,,
1.5,0.5849625007211562,2,3,L3_014,94,0.04220131303602511,,
1.5,0.5849625007211562,2,3,L3_015,95,-0.351677028210386,,
1.5,0.5849625007211562,2,3,L3_016,96,-0.4259414431351435,,
1.5,0.5849625007211562,2,3,L3_017,97,-0.3585626857745055,,
1.5,0.5849625007211562,2,3,L3_018,98,0.17657607504448267,,
1.5,0.5849625007211562,2,3,L3_019,99,-0.8892279267489426,,
1.5,0.5849625007211562,2,3,L3_020,100,-0.4561030313939853,,
1.5,0.5849625007211562,2,3,L3_021,101,0.7310181897300699,,
1.5,0.5849625007211562,2,3,L3_022,102,0.4716726998896769,,
1.5,0.5849625007211562,2,3,L3_023,103,-0.24077667241163872,,
1.5,0.5849625007211562,2,3,L3_024,104,1.8317547022559788,,
1.5,0.5849625007211562,2,3,L3_025,105,-1.3871730960913056,,
1.5,0.5849625007211562,2,3,L3_026,106,-0.9018364663690627,,
1.5,0.5849625007211562,2,3,L3_027,107,-0.9568207454352077,,
1.5,0.5849625007211562,2,3,L3_028,108,0.12236588582889917,,
1.5,0.5849625007211562,2,3,L3_029,109,-1.19056654000563,,
1.5,0.5849625007211562,2,3,L3_030,110,-0.5242845976583911,,
1.5,0.5849625007211562,2,3,L3_031,111,-0.34539454671719666,,
1.5,0.5849625007211562,2,3,L3_032,112,-0.11861269106142357,,
1.5,0.5849625007211562,2,3,L3_033,113,0.7126539463680297,,
1.5,0.5849625007211562,2,3,L3_034,114,-0.040955213914886865,,
1.5,0.5849625007211562,2,3,L3_035,115,0.2020237680635645,,
1.5,0.5849625007211562,2,3,L3_036,116,-1.077725145737086,,
1.5,0.5849625007211562,2,3,L3_037,117,1.089046882515414,,
1.5,0.5849625007211562,2,3,L3_038,118,-2.1259728815727024,,
1.5,0.5849625007211562,2,3,L3_039,119,-0.5265936124071277,,
1.5,0.5849625007211562,2,3,L3_040,120,1.955404216069116,,
1.5,0.5849625007211562,2,3,L3_041,121,0.04323498114665786,,
1.5,0.5849625007211562,2,3,L3_042,122,-2.42673025438227,,
1.5,0.5849625007211562,2,3,L3_043,123,0.11509358295123705,,
1.5,0.5849625007211562,2,3,L3_044,124,1.88336301152743,,
1.5,0.5849625007211562,2,3,L3_045,125,-0.23526268478442489,,
1.5,0.5849625007211562,2,3,L3_046,126,0.40196183114488837,,
1.5,0.5849625007211562,2,3,L3_047,127,1.5179657408439866,,
1.5,0.5849625007211562,2,3,L3_048,128,0.13566794347206848,,
1.5,0.5849625007211562,2,3,L3_049,129,1.525217271401916,,
1.5,0.5849625007211562,2,3,L3_050,130,0.8272051452625877,,
1.5,0.5849625007211562,2,3,L3_051,131,-0.07301477067149872,,
1.5,0.5849625007211562,2,3,L3_052,132,0.2893681496926889,,
1.5,0.5849625007211562,2,3,L3_053,133,-0.9617730443129584,,
1.5,0.5849625007211562,2,3,L3_054,134,-0.7686944012069803,,
1.5,0.5849625007211562,2,3,L3_055,135,-0.9799639867448702,,
1.5,0.5849625007211562,2,3,L3_056,136,1.2250794459441585,,
1.5,0.5849625007211562,2,3,L3_057,137,-0.3644647526225628,,
1.5,0.5849625007211562,2,3,L3_058,138,2.043782858460974,,
1.5,0.5849625007211562,2,3,L3_059,139,-0.6256452820436758,,
1.5,0.5849625007211562,2,3,L3_060,140,1.538719368278697,,
1.5,0.5849625007211562,2,3,L3_061,141,0.9353049917995978,,
1.5,0.5849625007211562,2,3,L3_062,142,-1.22159911752236,,
1.5,0.5849625007211562,2,3,L3_063,143,1.49122042774198,,
1.5,0.5849625007211562,2,3,L3_064,144,-0.6645846275762534,,
1.5,0.5849625007211562,2,3,L3_065,145,-0.5316624993219757,,
1.5,0.5849625007211562,2,3,L3_066,146,1.0623747806730155,,
1.5,0.5849625007211562,2,3,L3_067,147,0.42688678536188795,,
1.5,0.5849625007211562,2,3,L3_068,148,-0.27663671829689873,,
1.5,0.5849625007211562,2,3,L3_069,149,-0.12553477288551476,,
1.5,0.5849625007211562,2,3,L3_070,150,-0.5501303554692778,,
1.5,0.5849625007211562,2,3,L3_071,151,-0.5098790420853004,,
1.5,0.5849625007211562,2,3,L3_072,152,0.5126915466417282,,
1.5,0.5849625007211562,2,3,L3_073,153,-0.8741199025195634,,
1.5,0.5849625007211562,2,3,L3_074,154,-0.44007019509915846,,
1.5,0.5849625007211562,2,3,L3_075,155,-0.4676777785833208,,
1.5,0.5849625007211562,2,3,L3_076,156,0.5588502450915632,,
1.5,0.5849625007211562,2,3,L3_077,157,2.266231872472513,,
1.5,0.5849625007211562,2,3,L3_078,158,-1.2121878047236043,,
1.5,0.5849625007211562,2,3,L3_079,159,0.4718139611684907,,
1.5,0.5849625007211562,3,2,L2_000,0,1.2116586550075519,-0.6436045175116654,1.3180709166481601
1.5,0.5849625007211562,3,2,L2_001,1,0.07597467149746663,-1.3114188536168572,1.0240679434706472
1.5,0.5849625007211562,3,2,L2_002,2,-0.3776046840432748,-1.8503555466768324,0.5204860226682876
1.5,0.5849625007211562,3,2,L2_003,3,0.016775646603256842,-1.8286759148006935,0.8171471765667275
1.5,0.5849625007211562,3,2,L2_004,4,-1.2568579219387503,-0.5086474794479974,-0.35803736128584784
1.5,0.5849625007211562,3,2,L2_005,5,-2.20131345365686,-0.3644296023852296,0.8315759061648493
1.5,0.5849625007211562,3,2,L2_006,6,-0.7260282052065058,-1.4690842805659863,-0.8419800037554516
1.5,0.5849625007211562,3,2,L2_007,7,-0.6588831119200695,-1.5732722971926179,0.13027391001338026
1.5,0.5849625007211562,3,2,L2_008,8,0.5798511638130045,-0.41374445680156346,0.4792273794127908
1.5,0.5849625007211562,3,2,L2_009,9,-1.5786262702800422,-1.3544491192068646,0.6569492576952469
1.5,0.5849625007211562,3,2,L2_010,10,-1.07735337555327,-1.6051973032522913,0.6499609342827654
1.5,0.5849625007211562,3,2,L2_011,11,0.7859282700737721,-1.5383199755725063,0.8378868043093651
1.5,0.5849625007211562,3,2,L2_012,12,-1.5139118093253567,-1.0740098299435505,-1.3874530155006604
1.5,0.5849625007211562,3,2,L2_013,13,1.4644394926341837,-1.4793096485913646,-0.7578574737341324
1.5,0.5849625007211562,3,2,L2_014,14,-0.36100741653352936,-1.15751187646631,0.12125699209704772
1.5,0.5849625007211562,3,2,L2_015,15,0.008605358782607715,-0.9027058717852051,0.27055895391111423
1.5,0.5849625007211562,3,2,L2_016,16,-0.41787002108100246,-0.6837136306413448,-0.4811825106777553
1.5,0.5849625007211562,3,2,L2_017,17,-0.9421545259073685,-1.7335746858805785,1.1780335016464618
1.5,0.5849625007211562,3,2,L2_018,18,1.201398673178448,-0.6602878292877538,1.7746641454955514
1.5,0.5849625007211562,3,2,L2_019,19,0.04578759399958566,-0.8624140143626721,0.14832710757893175
1.5,0.5849625007211562,3,2,L2_020,20,2.980755658195445,-1.4228050441017777,-1.1176384105384112
1.5,0.5849625007211562,3,2,L2_021,21,-0.6029942150176448,-1.3736523160572252,1.154261041590113
1.5,0.5849625007211562,3,2,L2_022,22,-0.7124611721419248,-0.7032795774355344,-1.2900937351703008
1.5,0.5849625007211562,3,2,L2_023,23,1.063571837638498,0.34536633163852287,-0.03845998458125918
1.5,0.5849625007211562,3,2,L2_024,24,-0.2319406145120233,0.6261194843170685,0.12682938038814437
1.5,0.5849625007211562,3,2,L2_025,25,0.5629695745519241,-1.3392732161981462,0.8924489807127715
1.5,0.5849625007211562,3,2,L2_026,26,-0.6792050654496914,-0.9924934338507428,0.3345777398165237
1.5,0.5849625007211562,3,2,L2_027,27,1.122521037922193,-0.5705383492371926,-1.460634198217792
1.5,0.5849625007211562,3,2,L2_028,28,0.3552560770103666,-1.061685007426923,0.21565473818978725
1.5,0.5849625007211562,3,2,L2_029,29,1.5433235532945513,0.03803981051733201,0.5473530391051578
1.5,0.5849625007211562,3,2,L2_030,30,0.23957950058193517,-0.6023137990151491,-0.1776694015255718
1.5,0.5849625007211562,3,2,L2_031,31,-0.2287169659921162,0.28827850494012935,-0.3502470612541241
1.5,0.5849625007211562,3,2,L2_032,32,-0.04371041703960365,-0.45941702854634064,1.1514204381066113
1.5,0.5849625007211562,3,2,L2_033,33,-0.38669878499546834,-0.10118503407990828,0.987607845313007
1.5,0.5849625007211562,3,2,L2_034,34,0.5693638551123524,-0.6648714800827695,-1.343727196255169
1.5,0.5849625007211562,3,2,L2_035,35,0.0963671479511686,0.074879706060542,0.6687592884798252
1.5,0.5849625007211562,3,2,L2_036,36,-1.755625860356374,-0.39388302284077775,0.9680885053178412
1.5,0.5849625007211562,3,2,L2_037,37,-1.4787544950017917,0.33971885639392224,0.14995468698456815
1.5,0.5849625007211562,3,2,L2_038,38,-0.7427566329605196,-0.036790460648333925,1.4562302150997972
1.5,0.5849625007211562,3,2,L2_039,39,1.134550444091987,-1.1302815717085903,1.5566031611157105
1.5,0.5849625007211562,3,2,L2_040,40,-1.131212615429153,0.909786927186188,-1.259636991464696
1.5,0.5849625007211562,3,2,L2_041,41,0.27407900171131333,0.23994732252421716,-1.719247896815123
1.5,0.5849625007211562,3,2,L2_042,42,-1.0306154698189849,0.6381953369780138,-0.8859125461595925
1.5,0.5849625007211562,3,2,L2_043,43,-0.36424692486360044,-0.22303081073973813,-1.1555231001142823
1.5,0.5849625007211562,3,2,L2_044,44,-0.370801821382683,-0.07794751116651882,-0.7468532356273193
1.5,0.5849625007211562,3,2,L2_045,45,0.9229206302526363,0.16298904074310114,1.6468181167618245
1.5,0.5849625007211562,3,2,L2_046,46,-1.6608473291626282,0.33213106265072184,1.0694272970812397
1.5,0.5849625007211562,3,2,L2_047,47,1.9183920112214294,1.1047431561729153,0.9841590207916543
1.5,0.5849625007211562,3,2,L2_048,48,0.47218926247806847,0.08623139453045325,-1.0851210997831575
1.5,0.5849625007211562,3,2,L2_049,49,1.4676299059879188,0.6803410154852905,-1.407278480145055
1.5,0.5849625007211562,3,2,L2_050,50,1.2994060620154704,0.13631074337197546,-0.09441180631506679
1.5,0.5849625007211562,3,2,L2_051,51,-1.3365300172506727,0.5170080598936737,-0.8617573262668934
1.5,0.5849625007211562,3,2,L2_052,52,0.3108298601395739,0.6845203176940793,-0.2251940930609465
1.5,0.5849625007211562,3,2,L2_053,53,0.05477357682347525,0.04845260295712063,-1.4075819780181211
1.5,0.5849625007211562,3,2,L2_054,54,-0.055645035249547864,0.9269283488316707,-0.8233313008397164
1.5,0.5849625007211562,3,2,L2_055,55,1.0706085356437602,0.5545491499485025,-1.347654459495812
1.5,0.5849625007211562,3,2,L2_056,56,-0.6763436411963132,0.6923295698094217,-1.3617497769324254
1.5,0.5849625007211562,3,2,L2_057,57,-0.7504411562914709,0.8998311376201511,-0.8075231283003468
1.5,0.5849625007211562,3,2,L2_058,58,0.2064100178260831,1.4025763007100074,-0.5422303543748236
1.5,0.5849625007211562,3,2,L2_059,59,0.7477003832753628,1.1064426568339534,-0.8582190713514711
1.5,0.5849625007211562,3,2,L2_060,60,1.4039140397311505,0.38774351777469945,0.9019864994741044
1.5,0.5849625007211562,3,2,L2_061,61,0.373754550203837,0.04111515736222047,-1.069531647336535
1.5,0.5849625007211562,3,2,L2_062,62,-0.36570972391807294,0.36824409461090263,-1.5475394880735391
1.5,0.5849625007211562,3,2,L2_063,63,-0.7561597626254544,0.3685323017413629,-1.0261001042210194
1.5,0.5849625007211562,3,2,L2_064,64,1.1001469685315002,0.7097719754946354,1.1833195874037232
1.5,0.5849625007211562,3,2,L2_065,65,0.5369382146330741,1.108208512350049,0.8016178947120951
1.5,0.5849625007211562,3,2,L2_066,66,0.6060289780148024,1.5741321003238045,0.7122327131825202
1.5,0.5849625007211562,3,2,L2_067,67,1.8274539762626312,1.4787881723764795,-0.9568271267399231
1.5,0.5849625007211562,3,2,L2_068,68,-1.1910204251261813,0.8792759033175698,-1.3317396609923189
1.5,0.5849625007211562,3,2,L2_069,69,0.5886719019376105,1.129736484171076,-1.1891369599880448
1.5,0.5849625007211562,3,2,L2_070,70,1.1756667449850016,1.2680343896308508,0.28942524329381
1.5,0.5849625007211562,3,2,L2_071,71,-0.589838518026818,0.8324111258324361,1.4223670306895515
1.5,0.5849625007211562,3,2,L2_072,72,0.011246400771836439,1.334671082450379,1.533886349742071
1.5,0.5849625007211562,3,2,L2_073,73,-0.9811303202266531,1.3798135224200963,-0.2032249276750468
1.5,0.5849625007211562,3,2,L2_074,74,-1.8105217811293248,1.2899153830129835,-1.1068909119756836
1.5,0.5849625007211562,3,2,L2_075,75,-0.3511057080046592,0.909815238663675,1.1205708639706653
1.5,0.5849625007211562,3,2,L2_076,76,-0.5716748949082755,1.8367454793089826,1.5319934153002595
1.5,0.5849625007211562,3,2,L2_077,77,-0.6735694106684906,1.633580667078401,1.3394579909451896
1.5,0.5849625007211562,3,2,L2_078,78,0.49285873442049444,1.0361436915213504,-0.19827246264988024
1.5,0.5849625007211562,3,2,L2_079,79,0.7215916053847078,1.765778759874626,-0.6820677483165787
1.5,0.5849625007211562,3,3,L3_000,80,0.30041528946444584,,
1.5,0.5849625007211562,3,3,L3_001,81,0.06341451326170944,,
1.5,0.5849625007211562,3,3,L3_002,82,0.3008802276707178,,
1.5,0.5849625007211562,3,3,L3_003,83,-0.1344315444240529,,
1.5,0.5849625007211562,3,3,L3_004,84,0.06939559026154742,,
1.5,0.5849625007211562,3,3,L3_005,85,1.32799784298504,,
1.5,0.5849625007211562,3,3,L3_006,86,1.098616803525963,,
1.5,0.5849625007211562,3,3,L3_007,87,0.41550040312460634,,
1.5,0.5849625007211562,3,3,L3_008,88,1.7511577574389496,,
1.5,0.5849625007211562,3,3,L3_009,89,0.9974695794534595,,
1.5,0.5849625007211562,3,3,L3_010,90,1.081873180270786,,
1.5,0.5849625007211562,3,3,L3_011,91,-0.1322607822268998,,
1.5,0.5849625007211562,3,3,L3_012,92,0.35107198029937087,,
1.5,0.5849625007211562,3,3,L3_013,93,-1.6630554402084683,,
1.5,0.5849625007211562,3,3,L3_014,94,0.2918444116731842,,
1.5,0.5849625007211562,3,3,L3_015,95,1.6117785358812657,,
1.5,0.5849625007211562,3,3,L3_016,96,1.7354707224647963,,
1.5,0.5849625007211562,3,3,L3_017,97,-0.6101309631386294,,
1.5,0.5849625007211562,3,3,L3_018,98,0.33673691401291517,,
1.5,0.5849625007211562,3,3,L3_019,99,-0.2386472695835483,,
1.5,0.5849625007211562,3,3,L3_020,100,-0.9667496391395607,,
1.5,0.5849625007211562,3,3,L3_021,101,0.13049741983541693,,
1.5,0.5849625007211562,3,3,L3_022,102,0.6525160772178238,,
1.5,0.5849625007211562,3,3,L3_023,103,-0.14366648647081234,,
1.5,0.5849625007211562,3,3,L3_024,104,-0.8531077554501763,,
1.5,0.5849625007211562,3,3,L3_025,105,0.3755914467975029,,
1.5,0.5849625007211562,3,3,L3_026,106,-0.22959486263317208,,
1.5,0.5849625007211562,3,3,L3_027,107,0.9355723537360261,,
1.5,0.5849625007211562,3,3,L3_028,108,-0.2980548187808588,,
1.5,0.5849625007211562,3,3,L3_029,109,-0.11808068764289613,,
1.5,0.5849625007211562,3,3,L3_030,110,1.024801501840317,,
1.5,0.5849625007211562,3,3,L3_031,111,0.6922505776232883,,
1.5,0.5849625007211562,3,3,L3_032,112,-1.4319412925678414,,
1.5,0.5849625007211562,3,3,L3_033,113,2.0460015721168476,,
1.5,0.5849625007211562,3,3,L3_034,114,0.23507719681100067,,
1.5,0.5849625007211562,3,3,L3_035,115,0.23081248510542682,,
1.5,0.5849625007211562,3,3,L3_036,116,-1.7027401282146037,,
1.5,0.5849625007211562,3,3,L3_037,117,1.6786005353369364,,
1.5,0.5849625007211562,3,3,L3_038,118,2.073983017625028,,
1.5,0.5849625007211562,3,3,L3_039,119,0.9041958483986788,,
1.5,0.5849625007211562,3,3,L3_040,120,0.7295605328965566,,
1.5,0.5849625007211562,3,3,L3_041,121,-0.627584880955245,,
1.5,0.5849625007211562,3,3,L3_042,122,-1.3356074767970914,,
1.5,0.5849625007211562,3,3,L3_043,123,-1.7480433220181657,,
1.5,0.5849625007211562,3,3,L3_044,124,-1.5766287414766225,,
1.5,0.5849625007211562,3,3,L3_045,125,0.4223696192737066,,
1.5,0.5849625007211562,3,3,L3_046,126,-2.61846395464045,,
1.5,0.5849625007211562,3,3,L3_047,127,1.1514268370289389,,
1.5,0.5849625007211562,3,3,L3_048,128,-1.502144223938649,,
1.5,0.5849625007211562,3,3,L3_049,129,0.9841932817445939,,
1.5,0.5849625007211562,3,3,L3_050,130,1.1021821508915228,,
1.5,0.5849625007211562,3,3,L3_051,131,-0.48148123727782915,,
1.5,0.5849625007211562,3,3,L3_052,132,-0.6377031006570153,,
1.5,0.5849625007211562,3,3,L3_053,133,0.4470881413692225,,
1.5,0.5849625007211562,3,3,L3_054,134,-1.1761636151069306,,
1.5,0.5849625007211562,3,3,L3_055,135,-0.3948599453986436,,
1.5,0.5849625007211562,3,3,L3_056,136,-0.585858851967947,,
1.5,0.5849625007211562,3,3,L3_057,137,0.21734081414785705,,
1.5,0.5849625007211562,3,3,L3_058,138,0.44623628673482285,,
1.5,0.5849625007211562,3,3,L3_059,139,1.150892612859875,,
1.5,0.5849625007211562,3,3,L3_060,140,-0.3891262314418084,,
1.5,0.5849625007211562,3,3,L3_061,141,-1.3421563754455272,,
1.5,0.5849625007211562,3,3,L3_062,142,-0.31722874156997777,,
1.5,0.5849625007211562,3,3,L3_063,143,-0.521140342269961,,
1.5,0.5849625007211562,3,3,L3_064,144,-1.3004460687009605,,
1.5,0.5849625007211562,3,3,L3_065,145,0.3015639456601513,,
1.5,0.5849625007211562,3,3,L3_066,146,-0.07334693902782172,,
1.5,0.5849625007211562,3,3,L3_067,147,0.48727970041421426,,
1.5,0.5849625007211562,3,3,L3_068,148,-0.9836235943249152,,
1.5,0.5849625007211562,3,3,L3_069,149,-2.0753657613401426,,
1.5,0.5849625007211562,3,3,L3_070,150,0.399802765381072,,
1.5,0.5849625007211562,3,3,L3_071,151,0.48258722410758736,,
1.5,0.5849625007211562,3,3,L3_072,152,-0.34152754774801,,
1.5,0.5849625007211562,3,3,L3_073,153,-0.30462692253995066,,
1.5,0.5849625007211562,3,3,L3_074,154,-1.821644939403903,,
1.5,0.5849625007211562,3,3,L3_075,155,-0.6198709803789502,,
1.5,0.5849625007211562,3,3,L3_076,156,0.010596218714104138,,
1.5,0.5849625007211562,3,3,L3_077,157,0.5288156615329075,,
1.5,0.5849625007211562,3,3,L3_078,158,0.44111462056615697,,
1.5,0.5849625007211562,3,3,L3_079,159,-0.7194687326487748,,
2.25,1.1699250014423124,0,2,L2_000,0,0.21704714464599448,-0.6436045175116654,1.3180709166481601
2.25,1.1699250014423124,0,2,L2_001,1,-0.17683781060217968,-1.3114188536168572,1.0240679434706472
2.25,1.1699250014423124,0,2,L2_002,2,1.8437260320147615,-1.8503555466768324,0.5204860226682876
2.25,1.1699250014423124,0,2,L2_003,3,1.1521965589523038,-1.8286759148006935,0.8171471765667275
2.25,1.1699250014423124,0,2,L2_004,4,-0.5071983646234017,-0.5086474794479974,-0.35803736128584784
2.25,1.1699250014423124,0,2,L2_005,5,1.290753390436206,-0.3644296023852296,0.8315759061648493
2.25,1.1699250014423124,0,2,L2_006,6,0.871192705875009,-1.4690842805659863,-0.8419800037554516
2.25,1.1699250014423124,0,2,L2_007,7,-0.4076395932855422,-1.5732722971926179,0.13027391001338026
2.25,1.1699250014423124,0,2,L2_008,8,-1.7529457192191802,-0.41374445680156346,0.4792273794127908
2.25,1.1699250014423124,0,2,L2_009,9,-0.11219759569865374,-1.3544491192068646,0.6569492576952469
2.25,1.1699250014423124,0,2,L2_010,10,1.1630866853469444,-1.6051973032522913,0.6499609342827654
2.25,1.1699250014423124,0,2,L2_011,11,-1.047631933350377,-1.5383199755725063,0.8378868043093651
2.25,1.1699250014423124,0,2,L2_012,12,0.989177884368551,-1.0740098299435505,-1.3874530155006604
2.25,1.1699250014423124,0,2,L2_013,13,-2.0194098648543877,-1.4793096485913646,-0.7578574737341324
2.25,1.1699250014423124,0,2,L2_014,14,0.5593435694477353,-1.15751187646631,0.12125699209704772
2.25,1.1699250014423124,0,2,L2_015,15,-2.474972230900405,-0.9027058717852051,0.27055895391111423
2.25,1.1699250014423124,0,2,L2_016,16,-0.7880248124649928,-0.6837136306413448,-0.4811825106777553
2.25,1.1699250014423124,0,2,L2_017,17,-2.0997174778273244,-1.7335746858805785,1.1780335016464618
2.25,1.1699250014423124,0,2,L2_018,18,-1.148308348145602,-0.6602878292877538,1.7746641454955514
2.25,1.1699250014423124,0,2,L2_019,19,0.46642881817031095,-0.8624140143626721,0.14832710757893175
2.25,1.1699250014423124,0,2,L2_020,20,-1.0133805019527615,-1.4228050441017777,-1.1176384105384112
2.25,1.1699250014423124,0,2,L2_021,21,0.1876382131647545,-1.3736523160572252,1.154261041590113
2.25,1.1699250014423124,0,2,L2_022,22,-0.2892191025888903,-0.7032795774355344,-1.2900937351703008
2.25,1.1699250014423124,0,2,L2_023,23,0.13069882576327196,0.34536633163852287,-0.03845998458125918
2.25,1.1699250014423124,0,2,L2_024,24,0.14091794064119584,0.6261194843170685,0.12682938038814437
2.25,1.1699250014423124,0,2,L2_025,25,0.7293964739248836,-1.3392732161981462,0.8924489807127715
2.25,1.1699250014423124,0,2,L2_026,26,0.5700609652211791,-0.9924934338507428,0.3345777398165237
2.25,1.1699250014423124,0,2,L2_027,27,-1.572242913768305,-0.5705383492371926,-1.460634198217792
2.25,1.1699250014423124,0,2,L2_028,28,-1.2227894053757444,-1.061685007426923,0.21565473818978725
2.25,1.1699250014423124,0,2,L2_029,29,0.5647750172232453,0.03803981051733201,0.5473530391051578
2.25,1.1699250014423124,0,2,L2_030,30,0.4041723422828302,-0.6023137990151491,-0.1776694015255718
2.25,1.1699250014423124,0,2,L2_031,31,-1.108129368154494,0.28827850494012935,-0.3502470612541241
2.25,1.1699250014423124,0,2,L2_032,32,-1.2061319348061532,-0.45941702854634064,1.1514204381066113
2.25,1.1699250014423124,0,2,L2_033,33,-0.3598821559697442,-0.10118503407990828,0.987607845313007
2.25,1.1699250014423124,0,2,L2_034,34,-2.0920660457259266,-0.6648714800827695,-1.343727196255169
2.25,1.1699250014423124,0,2,L2_035,35,-1.3190037009301403,0.074879706060542,0.6687592884798252
2.25,1.1699250014423124,0,2,L2_036,36,0.1605961950649277,-0.39388302284077775,0.9680885053178412
2.25,1.1699250014423124,0,2,L2_037,37,0.9433742769376019,0.33971885639392224,0.14995468698456815
2.25,1.1699250014423124,0,2,L2_038,38,-0.14137473824821536,-0.036790460648333925,1.4562302150997972
2.25,1.1699250014423124,0,2,L2_039,39,1.5199967957757443,-1.1302815717085903,1.5566031611157105
2.25,1.1699250014423124,0,2,L2_040,40,-0.7219236998799784,0.909786927186188,-1.259636991464696
2.25,1.1699250014423124,0,2,L2_041,41,0.1881934151147027,0.23994732252421716,-1.719247896815123
2.25,1.1699250014423124,0,2,L2_042,42,0.3853527110657167,0.6381953369780138,-0.8859125461595925
2.25,1.1699250014423124,0,2,L2_043,43,1.912050020406618,-0.22303081073973813,-1.1555231001142823
2.25,1.1699250014423124,0,2,L2_044,44,-0.742817136159733,-0.07794751116651882,-0.7468532356273193
2.25,1.1699250014423124,0,2,L2_045,45,-0.208524114817965,0.16298904074310114,1.6468181167618245
2.25,1.1699250014423124,0,2,L2_046,46,-0.8817028366883078,0.33213106265072184,1.0694272970812397
2.25,1.1699250014423124,0,2,L2_047,47,-0.24773265998256652,1.1047431561729153,0.9841590207916543
2.25,1.1699250014423124,0,2,L2_048,48,2.6180216243897143,0.08623139453045325,-1.0851210997831575
2.25,1.1699250014423124,0,2,L2_049,49,-0.15579615500826333,0.6803410154852905,-1.407278480145055
2.25,1.1699250014423124,0,2,L2_050,50,0.27382389871686524,0.13631074337197546,-0.09441180631506679
2.25,1.1699250014423124,0,2,L2_051,51,-1.0138396191979906,0.5170080598936737,-0.8617573262668934
2.25,1.1699250014423124,0,2,L2_052,52,1.457403975047868,0.6845203176940793,-0.2251940930609465
2.25,1.1699250014423124,0,2,L2_053,53,0.14736429955519698,0.04845260295712063,-1.4075819780181211
2.25,1.1699250014423124,0,2,L2_054,54,0.5663145921490982,0.9269283488316707,-0.8233313008397164
2.25,1.1699250014423124,0,2,L2_055,55,1.1904827158246851,0.5545491499485025,-1.347654459495812
2.25,1.1699250014423124,0,2,L2_056,56,0.2283122856589548,0.6923295698094217,-1.3617497769324254
2.25,1.1699250014423124,0,2,L2_057,57,-0.6722297831610091,0.8998311376201511,-0.8075231283003468
2.25,1.1699250014423124,0,2,L2_058,58,-0.17345967386886182,1.4025763007100074,-0.5422303543748236
2.25,1.1699250014423124,0,2,L2_059,59,0.5059814277375411,1.1064426568339534,-0.8582190713514711
2.25,1.1699250014423124,0,2,L2_060,60,0.6158169438311755,0.38774351777469945,0.9019864994741044
2.25,1.1699250014423124,0,2,L2_061,61,0.2631550332430833,0.04111515736222047,-1.069531647336535
2.25,1.1699250014423124,0,2,L2_062,62,1.0230425071259293,0.36824409461090263,-1.5475394880735391
2.25,1.1699250014423124,0,2,L2_063,63,-0.8366385253232898,0.3685323017413629,-1.0261001042210194
2.25,1.1699250014423124,0,2,L2_064,64,0.38352930341313235,0.7097719754946354,1.1833195874037232
2.25,1.1699250014423124,0,2,L2_065,65,-0.4048790618216877,1.108208512350049,0.8016178947120951
2.25,1.1699250014423124,0,2,L2_066,66,-0.3536545347469385,1.5741321003238045,0.7122327131825202
2.25,1.1699250014423124,0,2,L2_067,67,1.6778272836752313,1.4787881723764795,-0.9568271267399231
2.25,1.1699250014423124,0,2,L2_068,68,-0.5898647116943952,0.8792759033175698,-1.3317396609923189
2.25,1.1699250014423124,0,2,L2_069,69,0.5300934397938398,1.129736484171076,-1.1891369599880448
2.25,1.1699250014423124,0,2,L2_070,70,-0.2436129323524298,1.2680343896308508,0.28942524329381
2.25,1.1699250014423124,0,2,L2_071,71,1.267055482144205,0.8324111258324361,1.4223670306895515
2.25,1.1699250014423124,0,2,L2_072,72,0.7865825767548467,1.334671082450379,1.533886349742071
2.25,1.1699250014423124,0,2,L2_073,73,0.028734959101078327,1.3798135224200963,-0.2032249276750468
2.25,1.1699250014423124,0,2,L2_074,74,-0.9523179423379377,1.2899153830129835,-1.1068909119756836
2.25,1.1699250014423124,0,2,L2_075,75,-0.11119699208287703,0.909815238663675,1.1205708639706653
2.25,1.1699250014423124,0,2,L2_076,76,0.44650170496052294,1.8367454793089826,1.5319934153002595
2.25,1.1699250014423124,0,2,L2_077,77,0.6498769961143332,1.633580667078401,1.3394579909451896
2.25,1.1699250014423124,0,2,L2_078,78,-0.8699375028174797,1.0361436915213504,-0.19827246264988024
2.25,1.1699250014423124,0,2,L2_079,79,0.9891344693520004,1.765778759874626,-0.6820677483165787
2.25,1.1699250014423124,0,3,L3_000,80,0.9282755205837863,,
2.25,1.1699250014423124,0,3,L3_001,81,1.0255771449722988,,
2.25,1.1699250014423124,0,3,L3_002,82,0.5411808724968707,,
2.25,1.1699250014423124,0,3,L3_003,83,0.42012552117950686,,
2.25,1.1699250014423124,0,3,L3_004,84,0.07116407286846094,,
2.25,1.1699250014423124,0,3,L3_005,85,-1.5647542460179178,,
2.25,1.1699250014423124,0,3,L3_006,86,0.7835317841599562,,
2.25,1.1699250014423124,0,3,L3_007,87,-0.9783045833932945,,
2.25,1.1699250014423124,0,3,L3_008,88,0.5081963290117102,,
2.25,1.1699250014423124,0,3,L3_009,89,-0.24297330717531582,,
2.25,1.1699250014423124,0,3,L3_010,90,1.2506456387180538,,
2.25,1.1699250014423124,0,3,L3_011,91,-0.7875392445368933,,
2.25,1.1699250014423124,0,3,L3_012,92,0.030403528724048307,,
2.25,1.1699250014423124,0,3,L3_013,93,1.4658799658263861,,
2.25,1.1699250014423124,0,3,L3_014,94,0.6376198965748345,,
2.25,1.1699250014423124,0,3,L3_015,95,0.5001935963657306,,
2.25,1.1699250014423124,0,3,L3_016,96,0.8425805145280504,,
2.25,1.1699250014423124,0,3,L3_017,97,-0.814581510869811,,
2.25,1.1699250014423124,0,3,L3_018,98,0.059189661187240665,,
2.25,1.1699250014423124,0,3,L3_019,99,0.6422274361913974,,
2.25,1.1699250014423124,0,3,L3_020,100,-1.9797900895990648,,
2.25,1.1699250014423124,0,3,L3_021,101,-0.7283839456132571,,
2.25,1.1699250014423124,0,3,L3_022,102,-2.647608978432852,,
2.25,1.1699250014423124,0,3,L3_023,103,0.02253938775228594,,
2.25,1.1699250014423124,0,3,L3_024,104,0.9206254203600858,,
2.25,1.1699250014423124,0,3,L3_025,105,-0.8128105907954498,,
2.25,1.1699250014423124,0,3,L3_026,106,0.6951732157296061,,
2.25,1.1699250014423124,0,3,L3_027,107,0.11932201035541698,,
2.25,1.1699250014423124,0,3,L3_028,108,-0.628411460442773,,
2.25,1.1699250014423124,0,3,L3_029,109,0.7831193894009487,,
2.25,1.1699250014423124,0,3,L3_030,110,-0.28002150538327875,,
2.25,1.1699250014423124,0,3,L3_031,111,0.6188413867492707,,
2.25,1.1699250014423124,0,3,L3_032,112,0.6621142256964807,,
2.25,1.1699250014423124,0,3,L3_033,113,1.8117430354753405,,
2.25,1.1699250014423124,0,3,L3_034,114,-0.7233569567601117,,
2.25,1.1699250014423124,0,3,L3_035,115,-0.518814712400205,,
2.25,1.1699250014423124,0,3,L3_036,116,-0.2564453350866873,,
2.25,1.1699250014423124,0,3,L3_037,117,-0.09654381034069177,,
2.25,1.1699250014423124,0,3,L3_038,118,0.6849954265779076,,
2.25,1.1699250014423124,0,3,L3_039,119,0.892545093145869,,
2.25,1.1699250014423124,0,3,L3_040,120,-2.4491496208393597,,
2.25,1.1699250014423124,0,3,L3_041,121,-0.022542878135999533,,
2.25,1.1699250014423124,0,3,L3_042,122,-1.6647850115574618,,
2.25,1.1699250014423124,0,3,L3_043,123,-0.28870218173061246,,
2.25,1.1699250014423124,0,3,L3_044,124,-0.30110106125210245,,
2.25,1.1699250014423124,0,3,L3_045,125,-0.6629352262798386,,
2.25,1.1699250014423124,0,3,L3_046,126,-0.7071622179238859,,
2.25,1.1699250014423124,0,3,L3_047,127,1.258348075431277,,
2.25,1.1699250014423124,0,3,L3_048,128,0.34723052611238964,,
2.25,1.1699250014423124,0,3,L3_049,129,-0.1651328022331382,,
2.25,1.1699250014423124,0,3,L3_050,130,1.6039852963462604,,
2.25,1.1699250014423124,0,3,L3_051,131,-0.8653511610979103,,
2.25,1.1699250014423124,0,3,L3_052,132,-0.5255687321082549,,
2.25,1.1699250014423124,0,3,L3_053,133,-1.3643243289992855,,
2.25,1.1699250014423124,0,3,L3_054,134,1.8572904792455867,,
2.25,1.1699250014423124,0,3,L3_055,135,0.540577304850816,,
2.25,1.1699250014423124,0,3,L3_056,136,0.2872367936451268,,
2.25,1.1699250014423124,0,3,L3_057,137,0.3640192782022889,,
2.25,1.1699250014423124,0,3,L3_058,138,-1.6198804142901604,,
2.25,1.1699250014423124,0,3,L3_059,139,1.9083683834887226,,
2.25,1.1699250014423124,0,3,L3_060,140,-0.2084251727406414,,
2.25,1.1699250014423124,0,3,L3_061,141,1.3646758595140869,,
2.25,1.1699250014423124,0,3,L3_062,142,-0.017719504839981456,,
2.25,1.1699250014423124,0,3,L3_063,143,0.03474093754471961,,
2.25,1.1699250014423124,0,3,L3_064,144,0.6520447166814523,,
2.25,1.1699250014423124,0,3,L3_065,145,-0.8774455076955964,,
2.25,1.1699250014423124,0,3,L3_066,146,-1.7699491192935686,,
2.25,1.1699250014423124,0,3,L3_067,147,-1.163489326074152,,
2.25,1.1699250014423124,0,3,L3_068,148,0.4370406438263768,,
2.25,1.1699250014423124,0,3,L3_069,149,-0.7504158491136356,,
2.25,1.1699250014423124,0,3,L3_070,150,0.5763817919404735,,
2.25,1.1699250014423124,0,3,L3_071,151,-0.9678189817053713,,
2.25,1.1699250014423124,0,3,L3_072,152,0.21779495245450575,,
2.25,1.1699250014423124,0,3,L3_073,153,-1.0629324466018384,,
2.25,1.1699250014423124,0,3,L3_074,154,1.0988521806935612,,
2.25,1.1699250014423124,0,3,L3_075,155,1.3572525925924965,,
2.25,1.1699250014423124,0,3,L3_076,156,-0.07928113639667117,,
2.25,1.1699250014423124,0,3,L3_077,157,1.5755733343824356,,
2.25,1.1699250014423124,0,3,L3_078,158,-0.426944435796244,,
2.25,1.1699250014423124,0,3,L3_079,159,-1.3778258280309161,,
2.25,1.1699250014423124,1,2,L2_000,0,-1.2227370452545434,-0.6436045175116654,1.3180709166481601
2.25,1.1699250014423124,1,2,L2_001,1,-1.2021576089965784,-1.3114188536168572,1.0240679434706472
2.25,1.1699250014423124,1,2,L2_002,2,-0.7021658190457283,-1.8503555466768324,0.5204860226682876
2.25,1.1699250014423124,1,2,L2_003,3,0.7045796538927379,-1.8286759148006935,0.8171471765667275
2.25,1.1699250014423124,1,2,L2_004,4,0.2407829520676201,-0.5086474794479974,-0.35803736128584784
2.25,1.1699250014423124,1,2,L2_005,5,0.6731457260517327,-0.3644296023852296,0.8315759061648493
2.25,1.1699250014423124,1,2,L2_006,6,1.2647842279105175,-1.4690842805659863,-0.8419800037554516
2.25,1.1699250014423124,1,2,L2_007,7,-0.13309475897689538,-1.5732722971926179,0.13027391001338026
2.25,1.1699250014423124,1,2,L2_008,8,0.04613170052318973,-0.41374445680156346,0.4792273794127908
2.25,1.1699250014423124,1,2,L2_009,9,1.7492583227670873,-1.3544491192068646,0.6569492576952469
2.25,1.1699250014423124,1,2,L2_010,10,-0.009462034229849038,-1.6051973032522913,0.6499609342827654
2.25,1.1699250014423124,1,2,L2_011,11,-0.3122778821421713,-1.5383199755725063,0.8378868043093651
2.25,1.1699250014423124,1,2,L2_012,12,1.3634670290101387,-1.0740098299435505,-1.3874530155006604
2.25,1.1699250014423124,1,2,L2_013,13,1.562265598911436,-1.4793096485913646,-0.7578574737341324
2.25,1.1699250014423124,1,2,L2_014,14,0.38963590220247074,-1.15751187646631,0.12125699209704772
2.25,1.1699250014423124,1,2,L2_015,15,-1.0517414568115209,-0.9027058717852051,0.27055895391111423
2.25,1.1699250014423124,1,2,L2_016,16,1.6447680851883628,-0.6837136306413448,-0.4811825106777553
2.25,1.1699250014423124,1,2,L2_017,17,-1.1953604479006479,-1.7335746858805785,1.1780335016464618
2.25,1.1699250014423124,1,2,L2_018,18,-0.9134384503523146,-0.6602878292877538,1.7746641454955514
2.25,1.1699250014423124,1,2,L2_019,19,-0.26473642536869596,-0.8624140143626721,0.14832710757893175
2.25,1.1699250014423124,1,2,L2_020,20,1.115222882539016,-1.4228050441017777,-1.1176384105384112
2.25,1.1699250014423124,1,2,L2_021,21,-1.0871008085045835,-1.3736523160572252,1.154261041590113
2.25,1.1699250014423124,1,2,L2_022,22,0.6213142376333204,-0.7032795774355344,-1.2900937351703008
2.25,1.1699250014423124,1,2,L2_023,23,-0.5513151885217743,0.34536633163852287,-0.03845998458125918
2.25,1.1699250014423124,1,2,L2_024,24,0.27197579898353597,0.6261194843170685,0.12682938038814437
2.25,1.1699250014423124,1,2,L2_025,25,0.2685031537026553,-1.3392732161981462,0.8924489807127715
2.25,1.1699250014423124,1,2,L2_026,26,-0.9772184295725613,-0.9924934338507428,0.3345777398165237
2.25,1.1699250014423124,1,2,L2_027,27,0.20067396496782208,-0.5705383492371926,-1.460634198217792
2.25,1.1699250014423124,1,2,L2_028,28,1.9660030725725643,-1.061685007426923,0.21565473818978725
2.25,1.1699250014423124,1,2,L2_029,29,-0.5428545762759971,0.03803981051733201,0.5473530391051578
2.25,1.1699250014423124,1,2,L2_030,30,0.015844601733457375,-0.6023137990151491,-0.1776694015255718
2.25,1.1699250014423124,1,2,L2_031,31,1.5968420370110044,0.28827850494012935,-0.3502470612541241
2.25,1.1699250014423124,1,2,L2_032,32,0.9680186591692324,-0.45941702854634064,1.1514204381066113
2.25,1.1699250014423124,1,2,L2_033,33,-0.09216664001059964,-0.10118503407990828,0.987607845313007
2.25,1.1699250014423124,1,2,L2_034,34,0.7043372144361578,-0.6648714800827695,-1.343727196255169
2.25,1.1699250014423124,1,2,L2_035,35,1.1243300673385643,0.074879706060542,0.6687592884798252
2.25,1.1699250014423124,1,2,L2_036,36,0.11260281295278227,-0.39388302284077775,0.9680885053178412
2.25,1.1699250014423124,1,2,L2_037,37,-0.4880724573883788,0.33971885639392224,0.14995468698456815
2.25,1.1699250014423124,1,2,L2_038,38,-1.0402193259661905,-0.036790460648333925,1.4562302150997972
2.25,1.1699250014423124,1,2,L2_039,39,-0.4161979383329271,-1.1302815717085903,1.5566031611157105
2.25,1.1699250014423124,1,2,L2_040,40,-1.560439853407041,0.909786927186188,-1.259636991464696
2.25,1.1699250014423124,1,2,L2_041,41,1.9373972698494324,0.23994732252421716,-1.719247896815123
2.25,1.1699250014423124,1,2,L2_042,42,0.44943710150641447,0.6381953369780138,-0.8859125461595925
2.25,1.1699250014423124,1,2,L2_043,43,-0.26145845631040376,-0.22303081073973813,-1.1555231001142823
2.25,1.1699250014423124,1,2,L2_044,44,0.12447640127669055,-0.07794751116651882,-0.7468532356273193
2.25,1.1699250014423124,1,2,L2_045,45,-1.8002529426908938,0.16298904074310114,1.6468181167618245
2.25,1.1699250014423124,1,2,L2_046,46,-0.25123245654901627,0.33213106265072184,1.0694272970812397
2.25,1.1699250014423124,1,2,L2_047,47,0.5487776794425706,1.1047431561729153,0.9841590207916543
2.25,1.1699250014423124,1,2,L2_048,48,0.30458447217624385,0.08623139453045325,-1.0851210997831575
2.25,1.1699250014423124,1,2,L2_049,49,-0.1542645553738952,0.6803410154852905,-1.407278480145055
2.25,1.1699250014423124,1,2,L2_050,50,0.2800829467464606,0.13631074337197546,-0.09441180631506679
2.25,1.1699250014423124,1,2,L2_051,51,0.8820220446811119,0.5170080598936737,-0.8617573262668934
2.25,1.1699250014423124,1,2,L2_052,52,-2.28033300092188,0.6845203176940793,-0.2251940930609465
2.25,1.1699250014423124,1,2,L2_053,53,1.5887158957188232,0.04845260295712063,-1.4075819780181211
2.25,1.1699250014423124,1,2,L2_054,54,0.6236702598374148,0.9269283488316707,-0.8233313008397164
2.25,1.1699250014423124,1,2,L2_055,55,0.9188230177115333,0.5545491499485025,-1.347654459495812
2.25,1.1699250014423124,1,2,L2_056,56,1.25511392462895,0.6923295698094217,-1.3617497769324254
2.25,1.1699250014423124,1,2,L2_057,57,-0.8012140343165302,0.8998311376201511,-0.8075231283003468
2.25,1.1699250014423124,1,2,L2_058,58,-0.1663241844232993,1.4025763007100074,-0.5422303543748236
2.25,1.1699250014423124,1,2,L2_059,59,-0.32204690422042,1.1064426568339534,-0.8582190713514711
2.25,1.1699250014423124,1,2,L2_060,60,0.23989923835137836,0.38774351777469945,0.9019864994741044
2.25,1.1699250014423124,1,2,L2_061,61,-1.8940117895851254,0.04111515736222047,-1.069531647336535
2.25,1.1699250014423124,1,2,L2_062,62,-1.3196182939612546,0.36824409461090263,-1.5475394880735391
2.25,1.1699250014423124,1,2,L2_063,63,0.6630276235953466,0.3685323017413629,-1.0261001042210194
2.25,1.1699250014423124,1,2,L2_064,64,-0.9466510040345109,0.7097719754946354,1.1833195874037232
2.25,1.1699250014423124,1,2,L2_065,65,-0.06940590335373677,1.108208512350049,0.8016178947120951
2.25,1.1699250014423124,1,2,L2_066,66,-1.7004577629266924,1.5741321003238045,0.7122327131825202
2.25,1.1699250014423124,1,2,L2_067,67,-1.0939234859061482,1.4787881723764795,-0.9568271267399231
2.25,1.1699250014423124,1,2,L2_068,68,-0.5889471324286306,0.8792759033175698,-1.3317396609923189
2.25,1.1699250014423124,1,2,L2_069,69,-0.017521780024251594,1.129736484171076,-1.1891369599880448
2.25,1.1699250014423124,1,2,L2_070,70,-0.7654555091902635,1.2680343896308508,0.28942524329381
2.25,1.1699250014423124,1,2,L2_071,71,-0.07290358771053876,0.8324111258324361,1.4223670306895515
2.25,1.1699250014423124,1,2,L2_072,72,-0.9175132416366708,1.334671082450379,1.533886349742071
2.25,1.1699250014423124,1,2,L2_073,73,-1.8158700943530377,1.3798135224200963,-0.2032249276750468
2.25,1.1699250014423124,1,2,L2_074,74,1.5119644943662274,1.2899153830129835,-1.1068909119756836
2.25,1.1699250014423124,1,2,L2_075,75,-0.16981496369861226,0.909815238663675,1.1205708639706653
2.25,1.1699250014423124,1,2,L2_076,76,0.5546223725531588,1.8367454793089826,1.5319934153002595
2.25,1.1699250014423124,1,2,L2_077,77,1.2269499089388036,1.633580667078401,1.3394579909451896
2.25,1.1699250014423124,1,2,L2_078,78,-1.3849021526039846,1.0361436915213504,-0.19827246264988024
2.25,1.1699250014423124,1,2,L2_079,79,0.8428280303326408,1.765778759874626,-0.6820677483165787
2.25,1.1699250014423124,1,3,L3_000,80,0.14532893027678037,,
2.25,1.1699250014423124,1,3,L3_001,81,-1.1701212972789339,,
2.25,1.1699250014423124,1,3,L3_002,82,0.9042120465386808,,
2.25,1.1699250014423124,1,3,L3_003,83,-2.6964541043326764,,
2.25,1.1699250014423124,1,3,L3_004,84,-1.0670950113327506,,
2.25,1.1699250014423124,1,3,L3_005,85,-1.2292993971180575,,
2.25,1.1699250014423124,1,3,L3_006,86,0.5984383107455171,,
2.25,1.1699250014423124,1,3,L3_007,87,0.6948990623613037,,
2.25,1.1699250014423124,1,3,L3_008,88,0.09427751517318261,,
2.25,1.1699250014423124,1,3,L3_009,89,0.2083384354967032,,
2.25,1.1699250014423124,1,3,L3_010,90,1.0750028411450772,,
2.25,1.1699250014423124,1,3,L3_011,91,0.4925027900101011,,
2.25,1.1699250014423124,1,3,L3_012,92,0.11011210486502353,,
2.25,1.1699250014423124,1,3,L3_013,93,-2.0675261421095557,,
2.25,1.1699250014423124,1,3,L3_014,94,-0.6444060620615144,,
2.25,1.1699250014423124,1,3,L3_015,95,-0.6140052122310771,,
2.25,1.1699250014423124,1,3,L3_016,96,-1.9152002657847178,,
2.25,1.1699250014423124,1,3,L3_017,97,-1.4597845979150537,,
2.25,1.1699250014423124,1,3,L3_018,98,-0.5034807795501577,,
2.25,1.1699250014423124,1,3,L3_019,99,-0.6188267761106601,,
2.25,1.1699250014423124,1,3,L3_020,100,0.440424545810562,,
2.25,1.1699250014423124,1,3,L3_021,101,-0.8200660661081295,,
2.25,1.1699250014423124,1,3,L3_022,102,-0.3469741933310341,,
2.25,1.1699250014423124,1,3,L3_023,103,-0.21518367027888782,,
2.25,1.1699250014423124,1,3,L3_024,104,-1.2734840235013452,,
2.25,1.1699250014423124,1,3,L3_025,105,-0.7959600754819356,,
2.25,1.1699250014423124,1,3,L3_026,106,-0.3912638696352214,,
2.25,1.1699250014423124,1,3,L3_027,107,-0.49827566817652896,,
2.25,1.1699250014423124,1,3,L3_028,108,1.5506662742376747,,
2.25,1.1699250014423124,1,3,L3_029,109,-1.6755724274377355,,
2.25,1.1699250014423124,1,3,L3_030,110,0.9861969008200098,,
2.25,1.1699250014423124,1,3,L3_031,111,-0.7962461867361662,,
2.25,1.1699250014423124,1,3,L3_032,112,0.8324276338100612,,
2.25,1.1699250014423124,1,3,L3_033,113,-0.12165217223811578,,
2.25,1.1699250014423124,1,3,L3_034,114,1.5134144392332325,,
2.25,1.1699250014423124,1,3,L3_035,115,-0.3316898780345489,,
2.25,1.1699250014423124,1,3,L3_036,116,1.48022070557303,,
2.25,1.1699250014423124,1,3,L3_037,117,-0.41600955560106545,,
2.25,1.1699250014423124,1,3,L3_038,118,1.0958865149881074,,
2.25,1.1699250014423124,1,3,L3_039,119,-0.6119102064600922,,
2.25,1.1699250014423124,1,3,L3_040,120,-0.6155859719365435,,
2.25,1.1699250014423124,1,3,L3_041,121,0.2954410315289197,,
2.25,1.1699250014423124,1,3,L3_042,122,-0.966074378378481,,
2.25,1.1699250014423124,1,3,L3_043,123,-1.2414756562587648,,
2.25,1.1699250014423124,1,3,L3_044,124,0.13525731824600962,,
2.25,1.1699250014423124,1,3,L3_045,125,-0.8378315144738884,,
2.25,1.1699250014423124,1,3,L3_046,126,2.3780425449138956,,
2.25,1.1699250014423124,1,3,L3_047,127,1.2727540028428117,,
2.25,1.1699250014423124,1,3,L3_048,128,-0.41863676907008734,,
2.25,1.1699250014423124,1,3,L3_049,129,-0.3450612546646318,,
2.25,1.1699250014423124,1,3,L3_050,130,-0.6458063595030221,,
2.25,1.1699250014423124,1,3,L3_051,131,-1.150675953508435,,
2.25,1.1699250014423124,1,3,L3_052,132,2.1052521695527635,,
2.25,1.1699250014423124,1,3,L3_053,133,-0.7063834505294947,,
2.25,1.1699250014423124,1,3,L3_054,134,-0.49879564405086413,,
2.25,1.1699250014423124,1,3,L3_055,135,1.4305796694839665,,
2.25,1.1699250014423124,1,3,L3_056,136,1.0708040989280754,,
2.25,1.1699250014423124,1,3,L3_057,137,0.5237473706329324,,
2.25,1.1699250014423124,1,3,L3_058,138,0.44565611520367154,,
2.25,1.1699250014423124,1,3,L3_059,139,1.7229899288289017,,
2.25,1.1699250014423124,1,3,L3_060,140,-0.828691356588768,,
2.25,1.1699250014423124,1,3,L3_061,141,0.5939118626885167,,
2.25,1.1699250014423124,1,3,L3_062,142,0.77464513938765,,
2.25,1.1699250014423124,1,3,L3_063,143,1.1973990410433262,,
2.25,1.1699250014423124,1,3,L3_064,144,0.2980340875137001,,
2.25,1.1699250014423124,1,3,L3_065,145,0.6647397903783971,,
2.25,1.1699250014423124,1,3,L3_066,146,0.05991532465565174,,
2.25,1.1699250014423124,1,3,L3_067,147,-0.13349024213342373,,
2.25,1.1699250014423124,1,3,L3_068,148,0.08479756269924575,,
2.25,1.1699250014423124,1,3,L3_069,149,0.7938984687204104,,
2.25,1.1699250014423124,1,3,L3_070,150,1.0156676838356435,,
2.25,1.1699250014423124,1,3,L3_071,151,-1.3911442287041949,,
2.25,1.1699250014423124,1,3,L3_072,152,0.4618384549341861,,
2.25,1.1699250014423124,1,3,L3_073,153,0.5229499047623448,,
2.25,1.1699250014423124,1,3,L3_074,154,-0.04925306236760314,,
2.25,1.1699250014423124,1,3,L3_075,155,1.516609698641276,,
2.25,1.1699250014423124,1,3,L3_076,156,1.197586744547021,,
2.25,1.1699250014423124,1,3,L3_077,157,-0.3630410396237555,,
2.25,1.1699250014423124,1,3,L3_078,158,-0.3673521569635669,,
2.25,1.1699250014423124,1,3,L3_079,159,0.05491961254723586,,
2.25,1.1699250014423124,2,2,L2_000,0,0.31303311971965037,-0.6436045175116654,1.3180709166481601
2.25,1.1699250014423124,2,2,L2_001,1,0.19790440781100063,-1.3114188536168572,1.0240679434706472
2.25,1.1699250014423124,2,2,L2_002,2,0.25285677128096157,-1.8503555466768324,0.5204860226682876
2.25,1.1699250014423124,2,2,L2_003,3,-1.7657509542627372,-1.8286759148006935,0.8171471765667275
2.25,1.1699250014423124,2,2,L2_004,4,0.06554413114913832,-0.5086474794479974,-0.35803736128584784
2.25,1.1699250014423124,2,2,L2_005,5,0.7115225561762547,-0.3644296023852296,0.8315759061648493
2.25,1.1699250014423124,2,2,L2_006,6,0.09561150312877652,-1.4690842805659863,-0.8419800037554516
2.25,1.1699250014423124,2,2,L2_007,7,0.034654297624280954,-1.5732722971926179,0.13027391001338026
2.25,1.1699250014423124,2,2,L2_008,8,0.08075501485194243,-0.41374445680156346,0.4792273794127908
2.25,1.1699250014423124,2,2,L2_009,9,-1.3508674324401972,-1.3544491192068646,0.6569492576952469
2.25,1.1699250014423124,2,2,L2_010,10,1.7202200258407632,-1.6051973032522913,0.6499609342827654
2.25,1.1699250014423124,2,2,L2_011,11,1.625663163689652,-1.5383199755725063,0.8378868043093651
2.25,1.1699250014423124,2,2,L2_012,12,1.1701934510036702,-1.0740098299435505,-1.3874530155006604
2.25,1.1699250014423124,2,2,L2_013,13,-0.3377627181013487,-1.4793096485913646,-0.7578574737341324
2.25,1.1699250014423124,2,2,L2_014,14,1.3046021925463238,-1.15751187646631,0.12125699209704772
2.25,1.1699250014423124,2,2,L2_015,15,1.3728419718073177,-0.9027058717852051,0.27055895391111423
2.25,1.1699250014423124,2,2,L2_016,16,0.5649437357112695,-0.6837136306413448,-0.4811825106777553
2.25,1.1699250014423124,2,2,L2_017,17,0.5278836351001286,-1.7335746858805785,1.1780335016464618
2.25,1.1699250014423124,2,2,L2_018,18,0.10960697386435139,-0.6602878292877538,1.7746641454955514
2.25,1.1699250014423124,2,2,L2_019,19,1.1456615882782029,-0.8624140143626721,0.14832710757893175
2.25,1.1699250014423124,2,2,L2_020,20,1.3463055638269452,-1.4228050441017777,-1.1176384105384112
2.25,1.1699250014423124,2,2,L2_021,21,0.1759270950962505,-1.3736523160572252,1.154261041590113
2.25,1.1699250014423124,2,2,L2_022,22,0.6615851508436512,-0.7032795774355344,-1.2900937351703008
2.25,1.1699250014423124,2,2,L2_023,23,0.23919821560028526,0.34536633163852287,-0.03845998458125918
2.25,1.1699250014423124,2,2,L2_024,24,-0.037817652890349086,0.6261194843170685,0.12682938038814437
2.25,1.1699250014423124,2,2,L2_025,25,0.6296322070806423,-1.3392732161981462,0.8924489807127715
2.25,1.1699250014423124,2,2,L2_026,26,0.8273593775365056,-0.9924934338507428,0.3345777398165237
2.25,1.1699250014423124,2,2,L2_027,27,0.6203237641005805,-0.5705383492371926,-1.460634198217792
2.25,1.1699250014423124,2,2,L2_028,28,-1.131917296424781,-1.061685007426923,0.21565473818978725
2.25,1.1699250014423124,2,2,L2_029,29,-0.07372175329911332,0.03803981051733201,0.5473530391051578
2.25,1.1699250014423124,2,2,L2_030,30,0.22006622761045713,-0.6023137990151491,-0.1776694015255718
2.25,1.1699250014423124,2,2,L2_031,31,-0.3938112713865024,0.28827850494012935,-0.3502470612541241
2.25,1.1699250014423124,2,2,L2_032,32,-0.23211675035366575,-0.45941702854634064,1.1514204381066113
2.25,1.1699250014423124,2,2,L2_033,33,-3.046391952904502,-0.10118503407990828,0.987607845313007
2.25,1.1699250014423124,2,2,L2_034,34,-0.16580390479518525,-0.6648714800827695,-1.343727196255169
2.25,1.1699250014423124,2,2,L2_035,35,0.35033940786043544,0.074879706060542,0.6687592884798252
2.25,1.1699250014423124,2,2,L2_036,36,0.302066898778734,-0.39388302284077775,0.9680885053178412
2.25,1.1699250014423124,2,2,L2_037,37,-0.07145410550763354,0.33971885639392224,0.14995468698456815
2.25,1.1699250014423124,2,2,L2_038,38,0.8494141527904246,-0.036790460648333925,1.4562302150997972
2.25,1.1699250014423124,2,2,L2_039,39,0.24959197939969252,-1.1302815717085903,1.5566031611157105
2.25,1.1699250014423124,2,2,L2_040,40,0.6366399757235349,0.909786927186188,-1.259636991464696
2.25,1.1699250014423124,2,2,L2_041,41,1.160656219049863,0.23994732252421716,-1.719247896815123
2.25,1.1699250014423124,2,2,L2_042,42,-0.6521973005234338,0.6381953369780138,-0.8859125461595925
2.25,1.1699250014423124,2,2,L2_043,43,-0.13277342587895313,-0.22303081073973813,-1.1555231001142823
2.25,1.1699250014423124,2,2,L2_044,44,-2.721673114055362,-0.07794751116651882,-0.7468532356273193
2.25,1.1699250014423124,2,2,L2_045,45,0.06326676115881755,0.16298904074310114,1.6468181167618245
2.25,1.1699250014423124,2,2,L2_046,46,-0.7909373827383984,0.33213106265072184,1.0694272970812397
2.25,1.1699250014423124,2,2,L2_047,47,-0.6767680124357547,1.1047431561729153,0.9841590207916543
2.25,1.1699250014423124,2,2,L2_048,48,-0.24979507937069131,0.08623139453045325,-1.0851210997831575
2.25,1.1699250014423124,2,2,L2_049,49,1.5921303405730884,0.6803410154852905,-1.407278480145055
2.25,1.1699250014423124,2,2,L2_050,50,-0.7830538804795344,0.13631074337197546,-0.09441180631506679
2.25,1.1699250014423124,2,2,L2_051,51,0.9827104527850424,0.5170080598936737,-0.8617573262668934
2.25,1.1699250014423124,2,2,L2_052,52,0.5758175978513629,0.6845203176940793,-0.2251940930609465
2.25,1.1699250014423124,2,2,L2_053,53,-0.48081882401534914,0.04845260295712063,-1.4075819780181211
2.25,1.1699250014423124,2,2,L2_054,54,-0.9987431312027297,0.9269283488316707,-0.8233313008397164
2.25,1.1699250014423124,2,2,L2_055,55,0.7142352160587517,0.5545491499485025,-1.347654459495812
2.25,1.1699250014423124,2,2,L2_056,56,-0.18523101051540028,0.6923295698094217,-1.3617497769324254
2.25,1.1699250014423124,2,2,L2_057,57,-0.29687277488340724,0.8998311376201511,-0.8075231283003468
2.25,1.1699250014423124,2,2,L2_058,58,-1.373028803334964,1.4025763007100074,-0.5422303543748236
2.25,1.1699250014423124,2,2,L2_059,59,-0.7086080330871125,1.1064426568339534,-0.8582190713514711
2.25,1.1699250014423124,2,2,L2_060,60,-1.9116356275977044,0.38774351777469945,0.9019864994741044
2.25,1.1699250014423124,2,2,L2_061,61,-1.3023769629659883,0.04111515736222047,-1.069531647336535
2.25,1.1699250014423124,2,2,L2_062,62,-0.017095819802193074,0.36824409461090263,-1.5475394880735391
2.25,1.1699250014423124,2,2,L2_063,63,-0.11751872029224233,0.3685323017413629,-1.0261001042210194
2.25,1.1699250014423124,2,2,L2_064,64,0.6126256776438422,0.7097719754946354,1.1833195874037232
2.25,1.1699250014423124,2,2,L2_065,65,-0.16285900254382538,1.108208512350049,0.8016178947120951
2.25,1.1699250014423124,2,2,L2_066,66,1.12427825675493,1.5741321003238045,0.7122327131825202
2.25,1.1699250014423124,2,2,L2_067,67,0.1314475272665733,1.4787881723764795,-0.9568271267399231
2.25,1.1699250014423124,2,2,L2_068,68,0.10649159847247698,0.8792759033175698,-1.3317396609923189
2.25,1.1699250014423124,2,2,L2_069,69,0.6194899261783672,1.129736484171076,-1.1891369599880448
2.25,1.1699250014423124,2,2,L2_070,70,1.1408922742843672,1.2680343896308508,0.28942524329381
2.25,1.1699250014423124,2,2,L2_071,71,0.5688186954241813,0.8324111258324361,1.4223670306895515
2.25,1.1699250014423124,2,2,L2_072,72,-0.2185211095520917,1.334671082450379,1.533886349742071
2.25,1.1699250014423124,2,2,L2_073,73,-1.4134430985807045,1.3798135224200963,-0.2032249276750468
2.25,1.1699250014423124,2,2,L2_074,74,0.8115582410360251,1.2899153830129835,-1.1068909119756836
2.25,1.1699250014423124,2,2,L2_075,75,-2.844468222259483,0.909815238663675,1.1205708639706653
2.25,1.1699250014423124,2,2,L2_076,76,0.795028541993179,1.8367454793089826,1.5319934153002595
2.25,1.1699250014423124,2,2,L2_077,77,-2.038228458823232,1.633580667078401,1.3394579909451896
2.25,1.1699250014423124,2,2,L2_078,78,0.5686861277257899,1.0361436915213504,-0.19827246264988024
2.25,1.1699250014423124,2,2,L2_079,79,-1.286018422783936,1.765778759874626,-0.6820677483165787
2.25,1.1699250014423124,2,3,L3_000,80,-1.4656812584391052,,
2.25,1.1699250014423124,2,3,L3_001,81,-1.0662072187679372,,
2.25,1.1699250014423124,2,3,L3_002,82,0.272939843328779,,
2.25,1.1699250014423124,2,3,L3_003,83,-0.7971447209895268,,
2.25,1.1699250014423124,2,3,L3_004,84,1.0248522986492945,,
2.25,1.1699250014423124,2,3,L3_005,85,-0.023210662555986934,,
2.25,1.1699250014423124,2,3,L3_006,86,0.395915642734257,,
2.25,1.1699250014423124,2,3,L3_007,87,1.306761811747182,,
2.25,1.1699250014423124,2,3,L3_008,88,-0.12374805394002242,,
2.25,1.1699250014423124,2,3,L3_009,89,-0.3437402777489088,,
2.25,1.1699250014423124,2,3,L3_010,90,0.3494027196051384,,
2.25,1.1699250014423124,2,3,L3_011,91,-0.3804825124997443,,
2.25,1.1699250014423124,2,3,L3_012,92,-0.8673019943734198,,
2.25,1.1699250014423124,2,3,L3_013,93,-0.2680588925045549,,
2.25,1.1699250014423124,2,3,L3_014,94,0.12070982402855432,,
2.25,1.1699250014423124,2,3,L3_015,95,1.5518063036208856,,
2.25,1.1699250014423124,2,3,L3_016,96,0.022826323964150682,,
2.25,1.1699250014423124,2,3,L3_017,97,0.05841770087200561,,
2.25,1.1699250014423124,2,3,L3_018,98,-1.2778483926195092,,
2.25,1.1699250014423124,2,3,L3_019,99,2.319281183702727,,
2.25,1.1699250014423124,2,3,L3_020,100,-0.7617267975951351,,
2.25,1.1699250014423124,2,3,L3_021,101,2.015324524139621,,
2.25,1.1699250014423124,2,3,L3_022,102,0.31059979468463716,,
2.25,1.1699250014423124,2,3,L3_023,103,-1.9305212698463206,,
2.25,1.1699250014423124,2,3,L3_024,104,-1.543302394210346,,
2.25,1.1699250014423124,2,3,L3_025,105,-1.6758310554875613,,
2.25,1.1699250014423124,2,3,L3_026,106,-0.529267075735985,,
2.25,1.1699250014423124,2,3,L3_027,107,0.6346869585672711,,
2.25,1.1699250014423124,2,3,L3_028,108,-0.4362383755717952,,
2.25,1.1699250014423124,2,3,L3_029,109,0.049246991972398,,
2.25,1.1699250014423124,2,3,L3_030,110,-1.450069476596138,,
2.25,1.1699250014423124,2,3,L3_031,111,1.0472598110427704,,
2.25,1.1699250014423124,2,3,L3_032,112,-0.2073036046208902,,
2.25,1.1699250014423124,2,3,L3_033,113,1.4473290038394966,,
2.25,1.1699250014423124,2,3,L3_034,114,0.9402308713748709,,
2.25,1.1699250014423124,2,3,L3_035,115,0.5082762371749103,,
2.25,1.1699250014423124,2,3,L3_036,116,0.9484976223100944,,
2.25,1.1699250014423124,2,3,L3_037,117,0.6255403684501085,,
2.25,1.1699250014423124,2,3,L3_038,118,0.7330650102116788,,
2.25,1.1699250014423124,2,3,L3_039,119,-1.919008550495481,,
2.25,1.1699250014423124,2,3,L3_040,120,-1.1102322848460497,,
2.25,1.1699250014423124,2,3,L3_041,121,-0.41263096892820145,,
2.25,1.1699250014423124,2,3,L3_042,122,1.4325502542992994,,
2.25,1.1699250014423124,2,3,L3_043,123,-0.17111739062966563,,
2.25,1.1699250014423124,2,3,L3_044,124,1.402450975235784,,
2.25,1.1699250014423124,2,3,L3_045,125,1.0716302936480693,,
2.25,1.1699250014423124,2,3,L3_046,126,0.4421072796474669,,
2.25,1.1699250014423124,2,3,L3_047,127,-0.8358748722848635,,
2.25,1.1699250014423124,2,3,L3_048,128,1.1222179329277535,,
2.25,1.1699250014423124,2,3,L3_049,129,-0.5132445082156019,,
2.25,1.1699250014423124,2,3,L3_050,130,-0.0918299961805208,,
2.25,1.1699250014423124,2,3,L3_051,131,-0.8814070685699429,,
2.25,1.1699250014423124,2,3,L3_052,132,-0.2930064119605441,,
2.25,1.1699250014423124,2,3,L3_053,133,1.7629742363365304,,
2.25,1.1699250014423124,2,3,L3_054,134,-0.837216259174596,,
2.25,1.1699250014423124,2,3,L3_055,135,-0.9562158784814225,,
2.25,1.1699250014423124,2,3,L3_056,136,-0.25291309704610876,,
2.25,1.1699250014423124,2,3,L3_057,137,0.25258037248126297,,
2.25,1.1699250014423124,2,3,L3_058,138,0.49981424835726074,,
2.25,1.1699250014423124,2,3,L3_059,139,-1.463243659811615,,
2.25,1.1699250014423124,2,3,L3_060,140,0.9979526830353078,,
2.25,1.1699250014423124,2,3,L3_061,141,0.3882098448142057,,
2.25,1.1699250014423124,2,3,L3_062,142,-1.2127756946757426,,
2.25,1.1699250014423124,2,3,L3_063,143,-0.14896792046544163,,
2.25,1.1699250014423124,2,3,L3_064,144,-2.4919373116914185,,
2.25,1.1699250014423124,2,3,L3_065,145,1.8115189239864764,,
2.25,1.1699250014423124,2,3,L3_066,146,1.3530667873107016,,
2.25,1.1699250014423124,2,3,L3_067,147,-0.730161527227555,,
2.25,1.1699250014423124,2,3,L3_068,148,-0.502388752943668,,
2.25,1.1699250014423124,2,3,L3_069,149,0.4350697111199087,,
2.25,1.1699250014423124,2,3,L3_070,150,0.8607626559844801,,
2.25,1.1699250014423124,2,3,L3_071,151,0.026014650715010183,,
2.25,1.1699250014423124,2,3,L3_072,152,0.5206110226778069,,
2.25,1.1699250014423124,2,3,L3_073,153,0.45835307140973575,,
2.25,1.1699250014423124,2,3,L3_074,154,-1.0826919140567333,,
2.25,1.1699250014423124,2,3,L3_075,155,0.49670559490713373,,
2.25,1.1699250014423124,2,3,L3_076,156,-0.5901806486925945,,
2.25,1.1699250014423124,2,3,L3_077,157,-0.35006570019193106,,
2.25,1.1699250014423124,2,3,L3_078,158,-0.6139764273248509,,
2.25,1.1699250014423124,2,3,L3_079,159,0.591209493082631,,
2.25,1.1699250014423124,3,2,L2_000,0,-2.00526400102821,-0.6436045175116654,1.3180709166481601
2.25,1.1699250014423124,3,2,L2_001,1,1.6844359311361503,-1.3114188536168572,1.0240679434706472
2.25,1.1699250014423124,3,2,L2_002,2,-0.9195762083125849,-1.8503555466768324,0.5204860226682876
2.25,1.1699250014423124,3,2,L2_003,3,0.24110227676519785,-1.8286759148006935,0.8171471765667275
2.25,1.1699250014423124,3,2,L2_004,4,-0.5133190950514517,-0.5086474794479974,-0.35803736128584784
2.25,1.1699250014423124,3,2,L2_005,5,0.7539517757608478,-0.3644296023852296,0.8315759061648493
2.25,1.1699250014423124,3,2,L2_006,6,-0.8394649834153594,-1.4690842805659863,-0.8419800037554516
2.25,1.1699250014423124,3,2,L2_007,7,1.1009086446114038,-1.5732722971926179,0.13027391001338026
2.25,1.1699250014423124,3,2,L2_008,8,-0.220062146440601,-0.41374445680156346,0.4792273794127908
2.25,1.1699250014423124,3,2,L2_009,9,0.7787521711966834,-1.3544491192068646,0.6569492576952469
2.25,1.1699250014423124,3,2,L2_010,10,-0.5134802243198703,-1.6051973032522913,0.6499609342827654
2.25,1.1699250014423124,3,2,L2_011,11,-0.2108881235515969,-1.5383199755725063,0.8378868043093651
2.25,1.1699250014423124,3,2,L2_012,12,1.8252066499864577,-1.0740098299435505,-1.3874530155006604
2.25,1.1699250014423124,3,2,L2_013,13,0.49607445437631276,-1.4793096485913646,-0.7578574737341324
2.25,1.1699250014423124,3,2,L2_014,14,0.8601280043291957,-1.15751187646631,0.12125699209704772
2.25,1.1699250014423124,3,2,L2_015,15,1.233602420073761,-0.9027058717852051,0.27055895391111423
2.25,1.1699250014423124,3,2,L2_016,16,-0.31569102481427674,-0.6837136306413448,-0.4811825106777553
2.25,1.1699250014423124,3,2,L2_017,17,0.7880044394321547,-1.7335746858805785,1.1780335016464618
2.25,1.1699250014423124,3,2,L2_018,18,-1.0948242403811712,-0.6602878292877538,1.7746641454955514
2.25,1.1699250014423124,3,2,L2_019,19,-0.012226744087347197,-0.8624140143626721,0.14832710757893175
2.25,1.1699250014423124,3,2,L2_020,20,-1.8671149038423862,-1.4228050441017777,-1.1176384105384112
2.25,1.1699250014423124,3,2,L2_021,21,-2.0207565133294816,-1.3736523160572252,1.154261041590113
2.25,1.1699250014423124,3,2,L2_022,22,-1.0029504406428458,-0.7032795774355344,-1.2900937351703008
2.25,1.1699250014423124,3,2,L2_023,23,0.12229029466180372,0.34536633163852287,-0.03845998458125918
2.25,1.1699250014423124,3,2,L2_024,24,-1.1402948888616986,0.6261194843170685,0.12682938038814437
2.25,1.1699250014423124,3,2,L2_025,25,-0.06498213426122752,-1.3392732161981462,0.8924489807127715
2.25,1.1699250014423124,3,2,L2_026,26,0.7134385993502981,-0.9924934338507428,0.3345777398165237
2.25,1.1699250014423124,3,2,L2_027,27,1.1721956042299508,-0.5705383492371926,-1.460634198217792
2.25,1.1699250014423124,3,2,L2_028,28,0.5384024827209031,-1.061685007426923,0.21565473818978725
2.25,1.1699250014423124,3,2,L2_029,29,1.557035422250847,0.03803981051733201,0.5473530391051578
2.25,1.1699250014423124,3,2,L2_030,30,-0.2505548888360816,-0.6023137990151491,-0.1776694015255718
2.25,1.1699250014423124,3,2,L2_031,31,-1.3639049269157417,0.28827850494012935,-0.3502470612541241
2.25,1.1699250014423124,3,2,L2_032,32,-0.33433178527822666,-0.45941702854634064,1.1514204381066113
2.25,1.1699250014423124,3,2,L2_033,33,0.12862214427019322,-0.10118503407990828,0.987607845313007
2.25,1.1699250014423124,3,2,L2_034,34,0.15180546840893772,-0.6648714800827695,-1.343727196255169
2.25,1.1699250014423124,3,2,L2_035,35,0.09936299021353678,0.074879706060542,0.6687592884798252
2.25,1.1699250014423124,3,2,L2_036,36,1.0658396986428598,-0.39388302284077775,0.9680885053178412
2.25,1.1699250014423124,3,2,L2_037,37,-0.9870831392879238,0.33971885639392224,0.14995468698456815
2.25,1.1699250014423124,3,2,L2_038,38,1.7075587409405732,-0.036790460648333925,1.4562302150997972
2.25,1.1699250014423124,3,2,L2_039,39,0.5417146604713652,-1.1302815717085903,1.5566031611157105
2.25,1.1699250014423124,3,2,L2_040,40,-0.3376581355915818,0.909786927186188,-1.259636991464696
2.25,1.1699250014423124,3,2,L2_041,41,-0.6355510526604315,0.23994732252421716,-1.719247896815123
2.25,1.1699250014423124,3,2,L2_042,42,0.42983851162246317,0.6381953369780138,-0.8859125461595925
2.25,1.1699250014423124,3,2,L2_043,43,0.9043023385508284,-0.22303081073973813,-1.1555231001142823
2.25,1.1699250014423124,3,2,L2_044,44,0.05708488113862777,-0.07794751116651882,-0.7468532356273193
2.25,1.1699250014423124,3,2,L2_045,45,0.1250102561138878,0.16298904074310114,1.6468181167618245
2.25,1.1699250014423124,3,2,L2_046,46,-1.0454492226024465,0.33213106265072184,1.0694272970812397
2.25,1.1699250014423124,3,2,L2_047,47,0.07760527194427018,1.1047431561729153,0.9841590207916543
2.25,1.1699250014423124,3,2,L2_048,48,0.8280547748209236,0.08623139453045325,-1.0851210997831575
2.25,1.1699250014423124,3,2,L2_049,49,0.8246968565480022,0.6803410154852905,-1.407278480145055
2.25,1.1699250014423124,3,2,L2_050,50,-1.6393445774576718,0.13631074337197546,-0.09441180631506679
2.25,1.1699250014423124,3,2,L2_051,51,-0.331179393176561,0.5170080598936737,-0.8617573262668934
2.25,1.1699250014423124,3,2,L2_052,52,0.10504282012316049,0.6845203176940793,-0.2251940930609465
2.25,1.1699250014423124,3,2,L2_053,53,-0.9643956754170745,0.04845260295712063,-1.4075819780181211
2.25,1.1699250014423124,3,2,L2_054,54,1.7868296689336876,0.9269283488316707,-0.8233313008397164
2.25,1.1699250014423124,3,2,L2_055,55,0.2603641855711146,0.5545491499485025,-1.347654459495812
2.25,1.1699250014423124,3,2,L2_056,56,-1.4454688532933408,0.6923295698094217,-1.3617497769324254
2.25,1.1699250014423124,3,2,L2_057,57,-0.24817046099398457,0.8998311376201511,-0.8075231283003468
2.25,1.1699250014423124,3,2,L2_058,58,-0.13895379506241368,1.4025763007100074,-0.5422303543748236
2.25,1.1699250014423124,3,2,L2_059,59,-1.1660710752800432,1.1064426568339534,-0.8582190713514711
2.25,1.1699250014423124,3,2,L2_060,60,0.018885657261762164,0.38774351777469945,0.9019864994741044
2.25,1.1699250014423124,3,2,L2_061,61,-0.6155498685940393,0.04111515736222047,-1.069531647336535
2.25,1.1699250014423124,3,2,L2_062,62,2.5907431251696904,0.36824409461090263,-1.5475394880735391
2.25,1.1699250014423124,3,2,L2_063,63,0.01900835828326484,0.3685323017413629,-1.0261001042210194
2.25,1.1699250014423124,3,2,L2_064,64,-0.07236354148303263,0.7097719754946354,1.1833195874037232
2.25,1.1699250014423124,3,2,L2_065,65,0.3404782752870362,1.108208512350049,0.8016178947120951
2.25,1.1699250014423124,3,2,L2_066,66,0.3929448491582754,1.5741321003238045,0.7122327131825202
2.25,1.1699250014423124,3,2,L2_067,67,-0.06402067601231996,1.4787881723764795,-0.9568271267399231
2.25,1.1699250014423124,3,2,L2_068,68,-0.48775409905659206,0.8792759033175698,-1.3317396609923189
2.25,1.1699250014423124,3,2,L2_069,69,0.9875900591415215,1.129736484171076,-1.1891369599880448
2.25,1.1699250014423124,3,2,L2_070,70,0.3446486785855506,1.2680343896308508,0.28942524329381
2.25,1.1699250014423124,3,2,L2_071,71,0.44511054308916326,0.8324111258324361,1.4223670306895515
2.25,1.1699250014423124,3,2,L2_072,72,-1.2173560747661847,1.334671082450379,1.533886349742071
2.25,1.1699250014423124,3,2,L2_073,73,-1.1788326673692062,1.3798135224200963,-0.2032249276750468
2.25,1.1699250014423124,3,2,L2_074,74,-1.8487775057121751,1.2899153830129835,-1.1068909119756836
2.25,1.1699250014423124,3,2,L2_075,75,-0.031040238407259762,0.909815238663675,1.1205708639706653
2.25,1.1699250014423124,3,2,L2_076,76,1.5026536051060864,1.8367454793089826,1.5319934153002595
2.25,1.1699250014423124,3,2,L2_077,77,-0.5600926373628071,1.633580667078401,1.3394579909451896
2.25,1.1699250014423124,3,2,L2_078,78,1.8641719661811713,1.0361436915213504,-0.19827246264988024
2.25,1.1699250014423124,3,2,L2_079,79,-1.7606975935026472,1.765778759874626,-0.6820677483165787
2.25,1.1699250014423124,3,3,L3_000,80,-1.1298431646043792,,
2.25,1.1699250014423124,3,3,L3_001,81,0.5122559627534302,,
2.25,1.1699250014423124,3,3,L3_002,82,-0.049333045895561554,,
2.25,1.1699250014423124,3,3,L3_003,83,-0.5268257713082454,,
2.25,1.1699250014423124,3,3,L3_004,84,-1.6045722403297902,,
2.25,1.1699250014423124,3,3,L3_005,85,0.25437822594904325,,
2.25,1.1699250014423124,3,3,L3_006,86,0.30700179342205464,,
2.25,1.1699250014423124,3,3,L3_007,87,1.4021964754977099,,
2.25,1.1699250014423124,3,3,L3_008,88,0.8637878530789962,,
2.25,1.1699250014423124,3,3,L3_009,89,0.4196770884255279,,
2.25,1.1699250014423124,3,3,L3_010,90,-2.357632345229863,,
2.25,1.1699250014423124,3,3,L3_011,91,-0.2964117608924389,,
2.25,1.1699250014423124,3,3,L3_012,92,0.11493617959544189,,
2.25,1.1699250014423124,3,3,L3_013,93,-0.18372856475959437,,
2.25,1.1699250014423124,3,3,L3_014,94,0.6561663861149022,,
2.25,1.1699250014423124,3,3,L3_015,95,-0.702749869572584,,
2.25,1.1699250014423124,3,3,L3_016,96,0.6781149331505131,,
2.25,1.1699250014423124,3,3,L3_017,97,-1.2224599471618862,,
2.25,1.1699250014423124,3,3,L3_018,98,-0.7667004376603894,,
2.25,1.1699250014423124,3,3,L3_019,99,0.43207969106271216,,
2.25,1.1699250014423124,3,3,L3_020,100,-0.13134782273601867,,
2.25,1.1699250014423124,3,3,L3_021,101,0.3125174128459686,,
2.25,1.1699250014423124,3,3,L3_022,102,-0.37771984080988247,,
2.25,1.1699250014423124,3,3,L3_023,103,-0.2141948534103065,,
2.25,1.1699250014423124,3,3,L3_024,104,0.5656513772233326,,
2.25,1.1699250014423124,3,3,L3_025,105,-0.7023844910316893,,
2.25,1.1699250014423124,3,3,L3_026,106,2.210270261074623,,
2.25,1.1699250014423124,3,3,L3_027,107,1.250966803878699,,
2.25,1.1699250014423124,3,3,L3_028,108,0.4268418812209852,,
2.25,1.1699250014423124,3,3,L3_029,109,-2.1183500083191698,,
2.25,1.1699250014423124,3,3,L3_030,110,-2.114748608717364,,
2.25,1.1699250014423124,3,3,L3_031,111,0.0789933698090753,,
2.25,1.1699250014423124,3,3,L3_032,112,0.6685072444426555,,
2.25,1.1699250014423124,3,3,L3_033,113,-0.7938404043198265,,
2.25,1.1699250014423124,3,3,L3_034,114,0.968658803419544,,
2.25,1.1699250014423124,3,3,L3_035,115,0.16497464930279204,,
2.25,1.1699250014423124,3,3,L3_036,116,-0.939416093531232,,
2.25,1.1699250014423124,3,3,L3_037,117,-0.6305259172451333,,
2.25,1.1699250014423124,3,3,L3_038,118,-0.39779679951862124,,
2.25,1.1699250014423124,3,3,L3_039,119,0.6107780313519131,,
2.25,1.1699250014423124,3,3,L3_040,120,1.164896129927248,,
2.25,1.1699250014423124,3,3,L3_041,121,-0.7076281332475899,,
2.25,1.1699250014423124,3,3,L3_042,122,-0.5144671022526276,,
2.25,1.1699250014423124,3,3,L3_043,123,0.32612117661997725,,
2.25,1.1699250014423124,3,3,L3_044,124,-0.16894438361241065,,
2.25,1.1699250014423124,3,3,L3_045,125,0.44214316176491203,,
2.25,1.1699250014423124,3,3,L3_046,126,-1.4934671847437146,,
2.25,1.1699250014423124,3,3,L3_047,127,1.5080191723917096,,
2.25,1.1699250014423124,3,3,L3_048,128,1.292033726482309,,
2.25,1.1699250014423124,3,3,L3_049,129,-1.3235972752709362,,
2.25,1.1699250014423124,3,3,L3_050,130,0.8122621561660852,,
2.25,1.1699250014423124,3,3,L3_051,131,-1.0186993205512311,,
2.25,1.1699250014423124,3,3,L3_052,132,0.6034808799594436,,
2.25,1.1699250014423124,3,3,L3_053,133,-0.2684530142123523,,
2.25,1.1699250014423124,3,3,L3_054,134,-0.8462732527001287,,
2.25,1.1699250014423124,3,3,L3_055,135,-0.05615685907979886,,
2.25,1.1699250014423124,3,3,L3_056,136,0.8250072769291964,,
2.25,1.1699250014423124,3,3,L3_057,137,0.528951124977294,,
2.25,1.1699250014423124,3,3,L3_058,138,1.6784300673887862,,
2.25,1.1699250014423124,3,3,L3_059,139,-0.0890316791329728,,
2.25,1.1699250014423124,3,3,L3_060,140,-2.2907769205627955,,
2.25,1.1699250014423124,3,3,L3_061,141,-0.9332484280736446,,
2.25,1.1699250014423124,3,3,L3_062,142,-1.8502498075034317,,
2.25,1.1699250014423124,3,3,L3_063,143,1.3679053945493254,,
2.25,1.1699250014423124,3,3,L3_064,144,-1.0420818603017086,,
2.25,1.1699250014423124,3,3,L3_065,145,0.6062046748947258,,
2.25,1.1699250014423124,3,3,L3_066,146,0.9405843068569057,,
2.25,1.1699250014423124,3,3,L3_067,147,1.1621240772686232,,
2.25,1.1699250014423124,3,3,L3_068,148,1.0664696121629835,,
2.25,1.1699250014423124,3,3,L3_069,149,0.8151983697288498,,
2.25,1.1699250014423124,3,3,L3_070,150,-0.6471706025403688,,
2.25,1.1699250014423124,3,3,L3_071,151,-1.4082091692558618,,
2.25,1.1699250014423124,3,3,L3_072,152,-0.8333729474647845,,
2.25,1.1699250014423124,3,3,L3_073,153,1.243540977226533,,
2.25,1.1699250014423124,3,3,L3_074,154,1.4695266770992435,,
2.25,1.1699250014423124,3,3,L3_075,155,0.6398518351563743,,
2.25,1.1699250014423124,3,3,L3_076,156,-0.39858026145853553,,
2.25,1.1699250014423124,3,3,L3_077,157,0.2470415671841105,,
2.25,1.1699250014423124,3,3,L3_078,158,0.484784654596219,,
2.25,1.1699250014423124,3,3,L3_079,159,1.0276587460685658,,
3.3,1.722466024471091,0,2,L2_000,0,-1.216859025389024,-0.6436045175116654,1.3180709166481601
3.3,1.722466024471091,0,2,L2_001,1,2.298071192151659,-1.3114188536168572,1.0240679434706472
3.3,1.722466024471091,0,2,L2_002,2,1.6009337462795272,-1.8503555466768324,0.5204860226682876
3.3,1.722466024471091,0,2,L2_003,3,0.14988073147686287,-1.8286759148006935,0.8171471765667275
3.3,1.722466024471091,0,2,L2_004,4,1.038340057957581,-0.5086474794479974,-0.35803736128584784
3.3,1.722466024471091,0,2,L2_005,5,-0.2338867889759996,-0.3644296023852296,0.8315759061648493
3.3,1.722466024471091,0,2,L2_006,6,-0.28001545595993454,-1.4690842805659863,-0.8419800037554516
3.3,1.722466024471091,0,2,L2_007,7,-1.3588849226181576,-1.5732722971926179,0.13027391001338026
3.3,1.722466024471091,0,2,L2_008,8,-1.2297624148788195,-0.41374445680156346,0.4792273794127908
3.3,1.722466024471091,0,2,L2_009,9,0.4474391163914801,-1.3544491192068646,0.6569492576952469
3.3,1.722466024471091,0,2,L2_010,10,0.03336005156920275,-1.6051973032522913,0.6499609342827654
3.3,1.722466024471091,0,2,L2_011,11,0.9254006374618382,-1.5383199755725063,0.8378868043093651
3.3,1.722466024471091,0,2,L2_012,12,0.700839981646185,-1.0740098299435505,-1.3874530155006604
3.3,1.722466024471091,0,2,L2_013,13,-0.23680911485317951,-1.4793096485913646,-0.7578574737341324
3.3,1.722466024471091,0,2,L2_014,14,1.3262045471457904,-1.15751187646631,0.12125699209704772
3.3,1.722466024471091,0,2,L2_015,15,-1.0235582903342952,-0.9027058717852051,0.27055895391111423
3.3,1.722466024471091,0,2,L2_016,16,1.3583062328090614,-0.6837136306413448,-0.4811825106777553
3.3,1.722466024471091,0,2,L2_017,17,-0.6796610085697922,-1.7335746858805785,1.1780335016464618
3.3,1.722466024471091,0,2,L2_018,18,0.1887268811086204,-0.6602878292877538,1.7746641454955514
3.3,1.722466024471091,0,2,L2_019,19,0.05990755506069642,-0.8624140143626721,0.14832710757893175
3.3,1.722466024471091,0,2,L2_020,20,0.12592155412975858,-1.4228050441017777,-1.1176384105384112
3.3,1.722466024471091,0,2,L2_021,21,-0.05325011133605605,-1.3736523160572252,1.154261041590113
3.3,1.722466024471091,0,2,L2_022,22,-0.4168478280523388,-0.7032795774355344,-1.2900937351703008
3.3,1.722466024471091,0,2,L2_023,23,-0.5917831874287195,0.34536633163852287,-0.03845998458125918
3.3,1.722466024471091,0,2,L2_024,24,-0.1273970935629334,0.6261194843170685,0.12682938038814437
3.3,1.722466024471091,0,2,L2_025,25,-0.20597300899628246,-1.3392732161981462,0.8924489807127715
3.3,1.722466024471091,0,2,L2_026,26,0.35834322182975215,-0.9924934338507428,0.3345777398165237
3.3,1.722466024471091,0,2,L2_027,27,0.27639208435428525,-0.5705383492371926,-1.460634198217792
3.3,1.722466024471091,0,2,L2_028,28,-0.670918406186066,-1.061685007426923,0.21565473818978725
3.3,1.722466024471091,0,2,L2_029,29,-1.224021661057894,0.03803981051733201,0.5473530391051578
3.3,1.722466024471091,0,2,L2_030,30,-1.7606952483791736,-0.6023137990151491,-0.1776694015255718
3.3,1.722466024471091,0,2,L2_031,31,0.7787131389211418,0.28827850494012935,-0.3502470612541241
3.3,1.722466024471091,0,2,L2_032,32,0.5649718031147146,-0.45941702854634064,1.1514204381066113
3.3,1.722466024471091,0,2,L2_033,33,0.3315278616130981,-0.10118503407990828,0.987607845313007
3.3,1.722466024471091,0,2,L2_034,34,-2.356638296551617,-0.6648714800827695,-1.343727196255169
3.3,1.722466024471091,0,2,L2_035,35,0.7301364077949772,0.074879706060542,0.6687592884798252
3.3,1.722466024471091,0,2,L2_036,36,-0.5975416940943713,-0.39388302284077775,0.9680885053178412
3.3,1.722466024471091,0,2,L2_037,37,0.12335798401332021,0.33971885639392224,0.14995468698456815
3.3,1.722466024471091,0,2,L2_038,38,1.3119669434779582,-0.036790460648333925,1.4562302150997972
3.3,1.722466024471091,0,2,L2_039,39,0.09238405951535322,-1.1302815717085903,1.5566031611157105
3.3,1.722466024471091,0,2,L2_040,40,-0.5988855898232084,0.909786927186188,-1.259636991464696
3.3,1.722466024471091,0,2,L2_041,41,0.6283305695981186,0.23994732252421716,-1.719247896815123
3.3,1.722466024471091,0,2,L2_042,42,-0.6766974334130872,0.6381953369780138,-0.8859125461595925
3.3,1.722466024471091,0,2,L2_043,43,-2.4909031368410326,-0.22303081073973813,-1.1555231001142823
3.3,1.722466024471091,0,2,L2_044,44,1.0027012887109095,-0.07794751116651882,-0.7468532356273193
3.3,1.722466024471091,0,2,L2_045,45,-0.40776949543315627,0.16298904074310114,1.6468181167618245
3.3,1.722466024471091,0,2,L2_046,46,-0.8457962136926316,0.33213106265072184,1.0694272970812397
3.3,1.722466024471091,0,2,L2_047,47,0.08451291992852879,1.1047431561729153,0.9841590207916543
3.3,1.722466024471091,0,2,L2_048,48,1.7144595779182514,0.08623139453045325,-1.0851210997831575
3.3,1.722466024471091,0,2,L2_049,49,-1.4142672183346165,0.6803410154852905,-1.407278480145055
3.3,1.722466024471091,0,2,L2_050,50,-0.8322818947996379,0.13631074337197546,-0.09441180631506679
3.3,1.722466024471091,0,2,L2_051,51,0.45157868509713606,0.5170080598936737,-0.8617573262668934
3.3,1.722466024471091,0,2,L2_052,52,-0.10841263666339547,0.6845203176940793,-0.2251940930609465
3.3,1.722466024471091,0,2,L2_053,53,0.09441687515407657,0.04845260295712063,-1.4075819780181211
3.3,1.722466024471091,0,2,L2_054,54,0.5212872758266166,0.9269283488316707,-0.8233313008397164
3.3,1.722466024471091,0,2,L2_055,55,2.1997494024828907,0.5545491499485025,-1.347654459495812
3.3,1.722466024471091,0,2,L2_056,56,2.7126291144123598,0.6923295698094217,-1.3617497769324254
3.3,1.722466024471091,0,2,L2_057,57,0.29140599133039913,0.8998311376201511,-0.8075231283003468
3.3,1.722466024471091,0,2,L2_058,58,1.3742435678015352,1.4025763007100074,-0.5422303543748236
3.3,1.722466024471091,0,2,L2_059,59,0.24334791530855351,1.1064426568339534,-0.8582190713514711
3.3,1.722466024471091,0,2,L2_060,60,-1.218152265353325,0.38774351777469945,0.9019864994741044
3.3,1.722466024471091,0,2,L2_061,61,1.052965307294871,0.04111515736222047,-1.069531647336535
3.3,1.722466024471091,0,2,L2_062,62,1.0880523932995383,0.36824409461090263,-1.5475394880735391
3.3,1.722466024471091,0,2,L2_063,63,-1.2709189336784186,0.3685323017413629,-1.0261001042210194
3.3,1.722466024471091,0,2,L2_064,64,-0.4921120974317436,0.7097719754946354,1.1833195874037232
3.3,1.722466024471091,0,2,L2_065,65,-1.0994347339359474,1.108208512350049,0.8016178947120951
3.3,1.722466024471091,0,2,L2_066,66,0.4464437519298213,1.5741321003238045,0.7122327131825202
3.3,1.722466024471091,0,2,L2_067,67,0.06140050720948951,1.4787881723764795,-0.9568271267399231
3.3,1.722466024471091,0,2,L2_068,68,-0.6073756209966445,0.8792759033175698,-1.3317396609923189
3.3,1.722466024471091,0,2,L2_069,69,0.30048813543530833,1.129736484171076,-1.1891369599880448
3.3,1.722466024471091,0,2,L2_070,70,-0.12455915403484909,1.2680343896308508,0.28942524329381
3.3,1.722466024471091,0,2,L2_071,71,0.3501307680809928,0.8324111258324361,1.4223670306895515
3.3,1.722466024471091,0,2,L2_072,72,1.1689570600246009,1.334671082450379,1.533886349742071
3.3,1.722466024471091,0,2,L2_073,73,-0.43721446780932577,1.3798135224200963,-0.2032249276750468
3.3,1.722466024471091,0,2,L2_074,74,0.002971679165262195,1.2899153830129835,-1.1068909119756836
3.3,1.722466024471091,0,2,L2_075,75,-1.6941645930112474,0.909815238663675,1.1205708639706653
3.3,1.722466024471091,0,2,L2_076,76,-0.6884560543244173,1.8367454793089826,1.5319934153002595
3.3,1.722466024471091,0,2,L2_077,77,-0.3358161257171241,1.633580667078401,1.3394579909451896
3.3,1.722466024471091,0,2,L2_078,78,-1.3432462179834903,1.0361436915213504,-0.19827246264988024
3.3,1.722466024471091,0,2,L2_079,79,0.3397688646698152,1.765778759874626,-0.6820677483165787
3.3,1.722466024471091,0,3,L3_000,80,-0.33898702757027915,,
3.3,1.722466024471091,0,3,L3_001,81,-0.7811630470976493,,
3.3,1.722466024471091,0,3,L3_002,82,0.3922161198082628,,
3.3,1.722466024471091,0,3,L3_003,83,0.35251082705989606,,
3.3,1.722466024471091,0,3,L3_004,84,-2.181037240913118,,
3.3,1.722466024471091,0,3,L3_005,85,1.8277452768312639,,
3.3,1.722466024471091,0,3,L3_006,86,0.431943950843975,,
3.3,1.722466024471091,0,3,L3_007,87,-0.8214603006871852,,
3.3,1.722466024471091,0,3,L3_008,88,-0.12540145112847179,,
3.3,1.722466024471091,0,3,L3_009,89,-0.17304176943252492,,
3.3,1.722466024471091,0,3,L3_010,90,-2.0155935626592454,,
3.3,1.722466024471091,0,3,L3_011,91,-1.7706677036444651,,
3.3,1.722466024471091,0,3,L3_012,92,-0.05719417842100425,,
3.3,1.722466024471091,0,3,L3_013,93,-0.016787282461343034,,
3.3,1.722466024471091,0,3,L3_014,94,0.6629822699870098,,
3.3,1.722466024471091,0,3,L3_015,95,-0.5719449518453712,,
3.3,1.722466024471091,0,3,L3_016,96,0.7904037527857206,,
3.3,1.722466024471091,0,3,L3_017,97,0.6295756648884451,,
3.3,1.722466024471091,0,3,L3_018,98,0.6009036255536283,,
3.3,1.722466024471091,0,3,L3_019,99,-0.631021913187535,,
3.3,1.722466024471091,0,3,L3_020,100,0.10413499518597855,,
3.3,1.722466024471091,0,3,L3_021,101,-0.7311288933063249,,
3.3,1.722466024471091,0,3,L3_022,102,0.4897866035284536,,
3.3,1.722466024471091,0,3,L3_023,103,-0.25131230702538904,,
3.3,1.722466024471091,0,3,L3_024,104,-1.4439084441960037,,
3.3,1.722466024471091,0,3,L3_025,105,1.1015326358314343,,
3.3,1.722466024471091,0,3,L3_026,106,-1.81449507476892,,
3.3,1.722466024471091,0,3,L3_027,107,-2.2459941272902864,,
3.3,1.722466024471091,0,3,L3_028,108,-0.11798462078805376,,
3.3,1.722466024471091,0,3,L3_029,109,-0.2369412337888087,,
3.3,1.722466024471091,0,3,L3_030,110,0.8960750814695779,,
3.3,1.722466024471091,0,3,L3_031,111,-0.3821112591401096,,
3.3,1.722466024471091,0,3,L3_032,112,-0.07828141119287968,,
3.3,1.722466024471091,0,3,L3_033,113,0.8236914860043185,,
3.3,1.722466024471091,0,3,L3_034,114,-0.4164092581141249,,
3.3,1.722466024471091,0,3,L3_035,115,0.12175939989712005,,
3.3,1.722466024471091,0,3,L3_036,116,-1.8744076212044514,,
3.3,1.722466024471091,0,3,L3_037,117,1.0834944720749926,,
3.3,1.722466024471091,0,3,L3_038,118,0.5127128362242453,,
3.3,1.722466024471091,0,3,L3_039,119,-0.4056926825064471,,
3.3,1.722466024471091,0,3,L3_040,120,-0.4852807253428642,,
3.3,1.722466024471091,0,3,L3_041,121,1.4874526728441786,,
3.3,1.722466024471091,0,3,L3_042,122,1.3767674406612256,,
3.3,1.722466024471091,0,3,L3_043,123,1.4664350508847608,,
3.3,1.722466024471091,0,3,L3_044,124,1.4377073889533225,,
3.3,1.722466024471091,0,3,L3_045,125,-0.8384473451308504,,
3.3,1.722466024471091,0,3,L3_046,126,-0.0696520240283719,,
3.3,1.722466024471091,0,3,L3_047,127,1.306591984769996,,
3.3,1.722466024471091,0,3,L3_048,128,-0.8534128554019218,,
3.3,1.722466024471091,0,3,L3_049,129,1.4456547617659437,,
3.3,1.722466024471091,0,3,L3_050,130,1.1306361391233934,,
3.3,1.722466024471091,0,3,L3_051,131,-0.7700018277118985,,
3.3,1.722466024471091,0,3,L3_052,132,0.2059350718698795,,
3.3,1.722466024471091,0,3,L3_053,133,-1.2864721574774325,,
3.3,1.722466024471091,0,3,L3_054,134,-0.2296872127259199,,
3.3,1.722466024471091,0,3,L3_055,135,1.269162630800141,,
3.3,1.722466024471091,0,3,L3_056,136,0.3183616581311409,,
3.3,1.722466024471091,0,3,L3_057,137,0.26796730232350535,,
3.3,1.722466024471091,0,3,L3_058,138,-0.7411324527703151,,
3.3,1.722466024471091,0,3,L3_059,139,-2.0807400996043017,,
3.3,1.722466024471091,0,3,L3_060,140,2.2609387947637605,,
3.3,1.722466024471091,0,3,L3_061,141,-0.4843009720855562,,
3.3,1.722466024471091,0,3,L3_062,142,0.6916212316065908,,
3.3,1.722466024471091,0,3,L3_063,143,-1.1821758098822979,,
3.3,1.722466024471091,0,3,L3_064,144,0.4140427135103127,,
3.3,1.722466024471091,0,3,L3_065,145,1.0440878005314516,,
3.3,1.722466024471091,0,3,L3_066,146,0.5139405863829657,,
3.3,1.722466024471091,0,3,L3_067,147,0.751474587025386,,
3.3,1.722466024471091,0,3,L3_068,148,0.8720182766266044,,
3.3,1.722466024471091,0,3,L3_069,149,0.20590565919909337,,
3.3,1.722466024471091,0,3,L3_070,150,1.2361879553601007,,
3.3,1.722466024471091,0,3,L3_071,151,-0.14768594581311711,,
3.3,1.722466024471091,0,3,L3_072,152,0.27509695849275995,,
3.3,1.722466024471091,0,3,L3_073,153,-0.23498916127150646,,
3.3,1.722466024471091,0,3,L3_074,154,0.13737828930068086,,
3.3,1.722466024471091,0,3,L3_075,155,0.3286882026633651,,
3.3,1.722466024471091,0,3,L3_076,156,-1.2185476883534296,,
3.3,1.722466024471091,0,3,L3_077,157,-1.5510893180742473,,
3.3,1.722466024471091,0,3,L3_078,158,0.8219000724219878,,
3.3,1.722466024471091,0,3,L3_079,159,-0.4308392699428197,,
3.3,1.722466024471091,1,2,L2_000,0,1.8464410583326367,-0.6436045175116654,1.3180709166481601
3.3,1.722466024471091,1,2,L2_001,1,-0.049151002985688905,-1.3114188536168572,1.0240679434706472
3.3,1.722466024471091,1,2,L2_002,2,0.8083775893368089,-1.8503555466768324,0.5204860226682876
3.3,1.722466024471091,1,2,L2_003,3,0.5696601797046627,-1.8286759148006935,0.8171471765667275
3.3,1.722466024471091,1,2,L2_004,4,1.1208087445037902,-0.5086474794479974,-0.35803736128584784
3.3,1.722466024471091,1,2,L2_005,5,0.8345849169054098,-0.3644296023852296,0.8315759061648493
3.3,1.722466024471091,1,2,L2_006,6,0.2768913823704091,-1.4690842805659863,-0.8419800037554516
3.3,1.722466024471091,1,2,L2_007,7,-1.2947708068635675,-1.5732722971926179,0.13027391001338026
3.3,1.722466024471091,1,2,L2_008,8,0.4662361961190125,-0.41374445680156346,0.4792273794127908
3.3,1.722466024471091,1,2,L2_009,9,-0.2534768227329702,-1.3544491192068646,0.6569492576952469
3.3,1.722466024471091,1,2,L2_010,10,-0.10078480902939745,-1.6051973032522913,0.6499609342827654
3.3,1.722466024471091,1,2,L2_011,11,0.5620476683288556,-1.5383199755725063,0.8378868043093651
3.3,1.722466024471091,1,2,L2_012,12,1.4412648945873414,-1.0740098299435505,-1.3874530155006604
3.3,1.722466024471091,1,2,L2_013,13,-0.35376814120180994,-1.4793096485913646,-0.7578574737341324
3.3,1.722466024471091,1,2,L2_014,14,-1.4726333841262944,-1.15751187646631,0.12125699209704772
3.3,1.722466024471091,1,2,L2_015,15,0.004885149018502924,-0.9027058717852051,0.27055895391111423
3.3,1.722466024471091,1,2,L2_016,16,-0.37207826556728807,-0.6837136306413448,-0.4811825106777553
3.3,1.722466024471091,1,2,L2_017,17,0.10117520948573133,-1.7335746858805785,1.1780335016464618
3.3,1.722466024471091,1,2,L2_018,18,-1.097272305775092,-0.6602878292877538,1.7746641454955514
3.3,1.722466024471091,1,2,L2_019,19,-0.5602103951702262,-0.8624140143626721,0.14832710757893175
3.3,1.722466024471091,1,2,L2_020,20,-0.29351256383294677,-1.4228050441017777,-1.1176384105384112
3.3,1.722466024471091,1,2,L2_021,21,1.0599998288648187,-1.3736523160572252,1.154261041590113
3.3,1.722466024471091,1,2,L2_022,22,0.5119205953369645,-0.7032795774355344,-1.2900937351703008
3.3,1.722466024471091,1,2,L2_023,23,-0.37118321926728676,0.34536633163852287,-0.03845998458125918
3.3,1.722466024471091,1,2,L2_024,24,-0.6646610478477816,0.6261194843170685,0.12682938038814437
3.3,1.722466024471091,1,2,L2_025,25,1.1240070564777438,-1.3392732161981462,0.8924489807127715
3.3,1.722466024471091,1,2,L2_026,26,0.19773109554919913,-0.9924934338507428,0.3345777398165237
3.3,1.722466024471091,1,2,L2_027,27,-0.27075555886923885,-0.5705383492371926,-1.460634198217792
3.3,1.722466024471091,1,2,L2_028,28,-0.2062894704425966,-1.061685007426923,0.21565473818978725
3.3,1.722466024471091,1,2,L2_029,29,-0.9856442707869463,0.03803981051733201,0.5473530391051578
3.3,1.722466024471091,1,2,L2_030,30,-1.8822883927530507,-0.6023137990151491,-0.1776694015255718
3.3,1.722466024471091,1,2,L2_031,31,0.7557276120996399,0.28827850494012935,-0.3502470612541241
3.3,1.722466024471091,1,2,L2_032,32,-0.05614846676733587,-0.45941702854634064,1.1514204381066113
3.3,1.722466024471091,1,2,L2_033,33,0.5876883246826,-0.10118503407990828,0.987607845313007
3.3,1.722466024471091,1,2,L2_034,34,2.1260480206730916,-0.6648714800827695,-1.343727196255169
3.3,1.722466024471091,1,2,L2_035,35,0.25469308847137345,0.074879706060542,0.6687592884798252
3.3,1.722466024471091,1,2,L2_036,36,0.3269678877712221,-0.39388302284077775,0.9680885053178412
3.3,1.722466024471091,1,2,L2_037,37,1.4720376461288296,0.33971885639392224,0.14995468698456815
3.3,1.722466024471091,1,2,L2_038,38,-1.6685849460662658,-0.036790460648333925,1.4562302150997972
3.3,1.722466024471091,1,2,L2_039,39,-1.0056451548318648,-1.1302815717085903,1.5566031611157105
3.3,1.722466024471091,1,2,L2_040,40,-0.8527573529551414,0.909786927186188,-1.259636991464696
3.3,1.722466024471091,1,2,L2_041,41,0.16493504168577314,0.23994732252421716,-1.719247896815123
3.3,1.722466024471091,1,2,L2_042,42,-0.8368283391216549,0.6381953369780138,-0.8859125461595925
3.3,1.722466024471091,1,2,L2_043,43,-0.8072285267734001,-0.22303081073973813,-1.1555231001142823
3.3,1.722466024471091,1,2,L2_044,44,-0.18458679763537575,-0.07794751116651882,-0.7468532356273193
3.3,1.722466024471091,1,2,L2_045,45,-1.162766220509907,0.16298904074310114,1.6468181167618245
3.3,1.722466024471091,1,2,L2_046,46,1.8245448720034565,0.33213106265072184,1.0694272970812397
3.3,1.722466024471091,1,2,L2_047,47,1.5205860829285134,1.1047431561729153,0.9841590207916543
3.3,1.722466024471091,1,2,L2_048,48,1.781038099735025,0.08623139453045325,-1.0851210997831575
3.3,1.722466024471091,1,2,L2_049,49,1.178678253889957,0.6803410154852905,-1.407278480145055
3.3,1.722466024471091,1,2,L2_050,50,0.0988498499861175,0.13631074337197546,-0.09441180631506679
3.3,1.722466024471091,1,2,L2_051,51,-0.129265919934386,0.5170080598936737,-0.8617573262668934
3.3,1.722466024471091,1,2,L2_052,52,0.43647025472705037,0.6845203176940793,-0.2251940930609465
3.3,1.722466024471091,1,2,L2_053,53,0.683213832235307,0.04845260295712063,-1.4075819780181211
3.3,1.722466024471091,1,2,L2_054,54,-0.8311814062276068,0.9269283488316707,-0.8233313008397164
3.3,1.722466024471091,1,2,L2_055,55,2.064752554048656,0.5545491499485025,-1.347654459495812
3.3,1.722466024471091,1,2,L2_056,56,-0.05718269774171384,0.6923295698094217,-1.3617497769324254
3.3,1.722466024471091,1,2,L2_057,57,1.2722664755148703,0.8998311376201511,-0.8075231283003468
3.3,1.722466024471091,1,2,L2_058,58,2.0820748499166535,1.4025763007100074,-0.5422303543748236
3.3,1.722466024471091,1,2,L2_059,59,0.03881407124181555,1.1064426568339534,-0.8582190713514711
3.3,1.722466024471091,1,2,L2_060,60,-1.625067579877732,0.38774351777469945,0.9019864994741044
3.3,1.722466024471091,1,2,L2_061,61,-0.12735427192732776,0.04111515736222047,-1.069531647336535
3.3,1.722466024471091,1,2,L2_062,62,-0.725500058924373,0.36824409461090263,-1.5475394880735391
3.3,1.722466024471091,1,2,L2_063,63,-1.2572111901161889,0.3685323017413629,-1.0261001042210194
3.3,1.722466024471091,1,2,L2_064,64,-0.7651660363572574,0.7097719754946354,1.1833195874037232
3.3,1.722466024471091,1,2,L2_065,65,0.5542273848020745,1.108208512350049,0.8016178947120951
3.3,1.722466024471091,1,2,L2_066,66,0.5741553727798102,1.5741321003238045,0.7122327131825202
3.3,1.722466024471091,1,2,L2_067,67,0.11601281563257694,1.4787881723764795,-0.9568271267399231
3.3,1.722466024471091,1,2,L2_068,68,-1.3174993247774298,0.8792759033175698,-1.3317396609923189
3.3,1.722466024471091,1,2,L2_069,69,-0.7454733974267838,1.129736484171076,-1.1891369599880448
3.3,1.722466024471091,1,2,L2_070,70,-1.0697255876085032,1.2680343896308508,0.28942524329381
3.3,1.722466024471091,1,2,L2_071,71,-0.57642621978559,0.8324111258324361,1.4223670306895515
3.3,1.722466024471091,1,2,L2_072,72,-0.4725849642603703,1.334671082450379,1.533886349742071
3.3,1.722466024471091,1,2,L2_073,73,-2.0393877104669165,1.3798135224200963,-0.2032249276750468
3.3,1.722466024471091,1,2,L2_074,74,0.272068449539118,1.2899153830129835,-1.1068909119756836
3.3,1.722466024471091,1,2,L2_075,75,0.12221721275529866,0.909815238663675,1.1205708639706653
3.3,1.722466024471091,1,2,L2_076,76,-1.7466070330119148,1.8367454793089826,1.5319934153002595
3.3,1.722466024471091,1,2,L2_077,77,-0.29404794195137574,1.633580667078401,1.3394579909451896
3.3,1.722466024471091,1,2,L2_078,78,-1.5133953461229463,1.0361436915213504,-0.19827246264988024
3.3,1.722466024471091,1,2,L2_079,79,0.8620033302609166,1.765778759874626,-0.6820677483165787
3.3,1.722466024471091,1,3,L3_000,80,-1.1554295964310284,,
3.3,1.722466024471091,1,3,L3_001,81,1.0863382363145437,,
3.3,1.722466024471091,1,3,L3_002,82,-0.367955370013457,,
3.3,1.722466024471091,1,3,L3_003,83,-0.33124304547924177,,
3.3,1.722466024471091,1,3,L3_004,84,-0.19538893303704638,,
3.3,1.722466024471091,1,3,L3_005,85,-0.5800038229258844,,
3.3,1.722466024471091,1,3,L3_006,86,1.9114582805341376,,
3.3,1.722466024471091,1,3,L3_007,87,0.5499590807937922,,
3.3,1.722466024471091,1,3,L3_008,88,2.2963739403118475,,
3.3,1.722466024471091,1,3,L3_009,89,1.1112723601561045,,
3.3,1.722466024471091,1,3,L3_010,90,-1.885270140089189,,
3.3,1.722466024471091,1,3,L3_011,91,0.45836820500553194,,
3.3,1.722466024471091,1,3,L3_012,92,-1.2070136895006514,,
3.3,1.722466024471091,1,3,L3_013,93,-1.0525097571448723,,
3.3,1.722466024471091,1,3,L3_014,94,-0.2034013236730672,,
3.3,1.722466024471091,1,3,L3_015,95,1.0343048204856742,,
3.3,1.722466024471091,1,3,L3_016,96,-0.04283526822041901,,
3.3,1.722466024471091,1,3,L3_017,97,-1.5951974859888265,,
3.3,1.722466024471091,1,3,L3_018,98,1.6256310736159079,,
3.3,1.722466024471091,1,3,L3_019,99,1.1812846347243544,,
3.3,1.722466024471091,1,3,L3_020,100,-0.6534766666919263,,
3.3,1.722466024471091,1,3,L3_021,101,1.1049998405715964,,
3.3,1.722466024471091,1,3,L3_022,102,1.5617035213070503,,
3.3,1.722466024471091,1,3,L3_023,103,-2.2973416921109977,,
3.3,1.722466024471091,1,3,L3_024,104,-0.4404871859292816,,
3.3,1.722466024471091,1,3,L3_025,105,-0.9632260633836975,,
3.3,1.722466024471091,1,3,L3_026,106,1.4305492352996614,,
3.3,1.722466024471091,1,3,L3_027,107,-0.3971721675866206,,
3.3,1.722466024471091,1,3,L3_028,108,-0.3773632523833335,,
3.3,1.722466024471091,1,3,L3_029,109,1.142511614664531,,
3.3,1.722466024471091,1,3,L3_030,110,-1.0400603528508938,,
3.3,1.722466024471091,1,3,L3_031,111,-1.346200773463754,,
3.3,1.722466024471091,1,3,L3_032,112,0.9076846740322893,,
3.3,1.722466024471091,1,3,L3_033,113,-0.35171211102578803,,
3.3,1.722466024471091,1,3,L3_034,114,1.5836697540194042,,
3.3,1.722466024471091,1,3,L3_035,115,0.10247605930113539,,
3.3,1.722466024471091,1,3,L3_036,116,-0.5291909898476359,,
3.3,1.722466024471091,1,3,L3_037,117,0.3846000929900986,,
3.3,1.722466024471091,1,3,L3_038,118,1.1865011176597535,,
3.3,1.722466024471091,1,3,L3_039,119,0.47434807105039833,,
3.3,1.722466024471091,1,3,L3_040,120,-0.4009194328006303,,
3.3,1.722466024471091,1,3,L3_041,121,-0.0950813704627836,,
3.3,1.722466024471091,1,3,L3_042,122,-0.9779180822899841,,
3.3,1.722466024471091,1,3,L3_043,123,0.2991685507877148,,
3.3,1.722466024471091,1,3,L3_044,124,0.6749001872193522,,
3.3,1.722466024471091,1,3,L3_045,125,-0.5946880639355963,,
3.3,1.722466024471091,1,3,L3_046,126,-0.9330164091429926,,
3.3,1.722466024471091,1,3,L3_047,127,-1.0053147934291071,,
3.3,1.722466024471091,1,3,L3_048,128,0.10342305764350487,,
3.3,1.722466024471091,1,3,L3_049,129,-1.2848486826063967,,
3.3,1.722466024471091,1,3,L3_050,130,-0.2856066165799215,,
3.3,1.722466024471091,1,3,L3_051,131,-0.3167634470120436,,
3.3,1.722466024471091,1,3,L3_052,132,-0.4169047316046824,,
3.3,1.722466024471091,1,3,L3_053,133,0.6054453927578111,,
3.3,1.722466024471091,1,3,L3_054,134,0.811333415794481,,
3.3,1.722466024471091,1,3,L3_055,135,-0.6942707859198701,,
3.3,1.722466024471091,1,3,L3_056,136,1.1622474500614435,,
3.3,1.722466024471091,1,3,L3_057,137,-1.7546280787683566,,
3.3,1.722466024471091,1,3,L3_058,138,0.9737063410465812,,
3.3,1.722466024471091,1,3,L3_059,139,-0.006981950581741479,,
3.3,1.722466024471091,1,3,L3_060,140,-0.9547518421872143,,
3.3,1.722466024471091,1,3,L3_061,141,-0.242853463452546,,
3.3,1.722466024471091,1,3,L3_062,142,0.20666612464494574,,
3.3,1.722466024471091,1,3,L3_063,143,-0.3235806933031734,,
3.3,1.722466024471091,1,3,L3_064,144,1.0765966339911697,,
3.3,1.722466024471091,1,3,L3_065,145,0.41706742862311535,,
3.3,1.722466024471091,1,3,L3_066,146,-0.24823641833678073,,
3.3,1.722466024471091,1,3,L3_067,147,-0.022470440746556068,,
3.3,1.722466024471091,1,3,L3_068,148,-0.9213593418350294,,
3.3,1.722466024471091,1,3,L3_069,149,0.7848541200412473,,
3.3,1.722466024471091,1,3,L3_070,150,0.14124387291605184,,
3.3,1.722466024471091,1,3,L3_071,151,0.47447627556361094,,
3.3,1.722466024471091,1,3,L3_072,152,1.7450344062508778,,
3.3,1.722466024471091,1,3,L3_073,153,-0.18702235777987924,,
3.3,1.722466024471091,1,3,L3_074,154,-0.030486349112568128,,
3.3,1.722466024471091,1,3,L3_075,155,-2.827624144215378,,
3.3,1.722466024471091,1,3,L3_076,156,-0.798419213227764,,
3.3,1.722466024471091,1,3,L3_077,157,0.76821669632519,,
3.3,1.722466024471091,1,3,L3_078,158,0.586215748835491,,
3.3,1.722466024471091,1,3,L3_079,159,0.3715960817682076,,
3.3,1.722466024471091,2,2,L2_000,0,-1.3350899564819212,-0.6436045175116654,1.3180709166481601
3.3,1.722466024471091,2,2,L2_001,1,0.08956656046777803,-1.3114188536168572,1.0240679434706472
3.3,1.722466024471091,2,2,L2_002,2,-1.1335392932124073,-1.8503555466768324,0.5204860226682876
3.3,1.722466024471091,2,2,L2_003,3,0.8356436317782548,-1.8286759148006935,0.8171471765667275
3.3,1.722466024471091,2,2,L2_004,4,0.5770506693798475,-0.5086474794479974,-0.35803736128584784
3.3,1.722466024471091,2,2,L2_005,5,1.1635938686123235,-0.3644296023852296,0.8315759061648493
3.3,1.722466024471091,2,2,L2_006,6,1.8094658366170493,-1.4690842805659863,-0.8419800037554516
3.3,1.722466024471091,2,2,L2_007,7,-0.36060470828807917,-1.5732722971926179,0.13027391001338026
3.3,1.722466024471091,2,2,L2_008,8,0.6085040036959926,-0.41374445680156346,0.4792273794127908
3.3,1.722466024471091,2,2,L2_009,9,-0.3619133717554357,-1.3544491192068646,0.6569492576952469
3.3,1.722466024471091,2,2,L2_010,10,-0.03295739800581863,-1.6051973032522913,0.6499609342827654
3.3,1.722466024471091,2,2,L2_011,11,-0.8259109411396102,-1.5383199755725063,0.8378868043093651
3.3,1.722466024471091,2,2,L2_012,12,0.9799749737836058,-1.0740098299435505,-1.3874530155006604
3.3,1.722466024471091,2,2,L2_013,13,0.9492692649651632,-1.4793096485913646,-0.7578574737341324
3.3,1.722466024471091,2,2,L2_014,14,-0.024806598403016817,-1.15751187646631,0.12125699209704772
3.3,1.722466024471091,2,2,L2_015,15,-1.6385156781782317,-0.9027058717852051,0.27055895391111423
3.3,1.722466024471091,2,2,L2_016,16,1.6315867835708202,-0.6837136306413448,-0.4811825106777553
3.3,1.722466024471091,2,2,L2_017,17,0.1423504761807812,-1.7335746858805785,1.1780335016464618
3.3,1.722466024471091,2,2,L2_018,18,0.224979818625981,-0.6602878292877538,1.7746641454955514
3.3,1.722466024471091,2,2,L2_019,19,1.1688767740884287,-0.8624140143626721,0.14832710757893175
3.3,1.722466024471091,2,2,L2_020,20,0.8004369640363419,-1.4228050441017777,-1.1176384105384112
3.3,1.722466024471091,2,2,L2_021,21,1.7566012723530997,-1.3736523160572252,1.154261041590113
3.3,1.722466024471091,2,2,L2_022,22,-0.7930025793098813,-0.7032795774355344,-1.2900937351703008
3.3,1.722466024471091,2,2,L2_023,23,0.9310878564450936,0.34536633163852287,-0.03845998458125918
3.3,1.722466024471091,2,2,L2_024,24,0.5815543014273508,0.6261194843170685,0.12682938038814437
3.3,1.722466024471091,2,2,L2_025,25,-0.2730493151540616,-1.3392732161981462,0.8924489807127715
3.3,1.722466024471091,2,2,L2_026,26,-0.9187308998412216,-0.9924934338507428,0.3345777398165237
3.3,1.722466024471091,2,2,L2_027,27,1.1820579536769118,-0.5705383492371926,-1.460634198217792
3.3,1.722466024471091,2,2,L2_028,28,-1.6612214936479908,-1.061685007426923,0.21565473818978725
3.3,1.722466024471091,2,2,L2_029,29,-0.8774781599053117,0.03803981051733201,0.5473530391051578
3.3,1.722466024471091,2,2,L2_030,30,0.331361350639524,-0.6023137990151491,-0.1776694015255718
3.3,1.722466024471091,2,2,L2_031,31,-0.3339112437250317,0.28827850494012935,-0.3502470612541241
3.3,1.722466024471091,2,2,L2_032,32,-0.6389928368516735,-0.45941702854634064,1.1514204381066113
3.3,1.722466024471091,2,2,L2_033,33,-0.5205833854942182,-0.10118503407990828,0.987607845313007
3.3,1.722466024471091,2,2,L2_034,34,-1.3097183008493476,-0.6648714800827695,-1.343727196255169
3.3,1.722466024471091,2,2,L2_035,35,1.6519352446480684,0.074879706060542,0.6687592884798252
3.3,1.722466024471091,2,2,L2_036,36,-1.0490018901950418,-0.39388302284077775,0.9680885053178412
3.3,1.722466024471091,2,2,L2_037,37,-0.6052383737877522,0.33971885639392224,0.14995468698456815
3.3,1.722466024471091,2,2,L2_038,38,-1.2935004430669064,-0.036790460648333925,1.4562302150997972
3.3,1.722466024471091,2,2,L2_039,39,0.9562309254821127,-1.1302815717085903,1.5566031611157105
3.3,1.722466024471091,2,2,L2_040,40,-0.30128815442401163,0.909786927186188,-1.259636991464696
3.3,1.722466024471091,2,2,L2_041,41,0.6325151460711707,0.23994732252421716,-1.719247896815123
3.3,1.722466024471091,2,2,L2_042,42,0.7877803566083537,0.6381953369780138,-0.8859125461595925
3.3,1.722466024471091,2,2,L2_043,43,0.49284731339886534,-0.22303081073973813,-1.1555231001142823
3.3,1.722466024471091,2,2,L2_044,44,-2.208257874817483,-0.07794751116651882,-0.7468532356273193
3.3,1.722466024471091,2,2,L2_045,45,0.00734235496930776,0.16298904074310114,1.6468181167618245
3.3,1.722466024471091,2,2,L2_046,46,1.6971113246477403,0.33213106265072184,1.0694272970812397
3.3,1.722466024471091,2,2,L2_047,47,-0.10419095405785295,1.1047431561729153,0.9841590207916543
3.3,1.722466024471091,2,2,L2_048,48,-0.5285421870435942,0.08623139453045325,-1.0851210997831575
3.3,1.722466024471091,2,2,L2_049,49,-0.06646721337845057,0.6803410154852905,-1.407278480145055
3.3,1.722466024471091,2,2,L2_050,50,-2.2324778299807613,0.13631074337197546,-0.09441180631506679
3.3,1.722466024471091,2,2,L2_051,51,-0.42310626761844927,0.5170080598936737,-0.8617573262668934
3.3,1.722466024471091,2,2,L2_052,52,-0.5937332014266701,0.6845203176940793,-0.2251940930609465
3.3,1.722466024471091,2,2,L2_053,53,-1.7280800619348096,0.04845260295712063,-1.4075819780181211
3.3,1.722466024471091,2,2,L2_054,54,-2.0058085413332836,0.9269283488316707,-0.8233313008397164
3.3,1.722466024471091,2,2,L2_055,55,1.0040913963535265,0.5545491499485025,-1.347654459495812
3.3,1.722466024471091,2,2,L2_056,56,-1.2811451290422629,0.6923295698094217,-1.3617497769324254
3.3,1.722466024471091,2,2,L2_057,57,-0.8450487922846451,0.8998311376201511,-0.8075231283003468
3.3,1.722466024471091,2,2,L2_058,58,0.6026761928493353,1.4025763007100074,-0.5422303543748236
3.3,1.722466024471091,2,2,L2_059,59,0.5382895401639993,1.1064426568339534,-0.8582190713514711
3.3,1.722466024471091,2,2,L2_060,60,0.4366599143736372,0.38774351777469945,0.9019864994741044
3.3,1.722466024471091,2,2,L2_061,61,-0.5481334602677879,0.04111515736222047,-1.069531647336535
3.3,1.722466024471091,2,2,L2_062,62,1.9017683089792976,0.36824409461090263,-1.5475394880735391
3.3,1.722466024471091,2,2,L2_063,63,0.3250978339065604,0.3685323017413629,-1.0261001042210194
3.3,1.722466024471091,2,2,L2_064,64,-0.07190183919874726,0.7097719754946354,1.1833195874037232
3.3,1.722466024471091,2,2,L2_065,65,1.7247686020921713,1.108208512350049,0.8016178947120951
3.3,1.722466024471091,2,2,L2_066,66,-0.028655070526704865,1.5741321003238045,0.7122327131825202
3.3,1.722466024471091,2,2,L2_067,67,0.5813580027294157,1.4787881723764795,-0.9568271267399231
3.3,1.722466024471091,2,2,L2_068,68,0.2670890069385791,0.8792759033175698,-1.3317396609923189
3.3,1.722466024471091,2,2,L2_069,69,-0.693904275248726,1.129736484171076,-1.1891369599880448
3.3,1.722466024471091,2,2,L2_070,70,-0.7573043988835964,1.2680343896308508,0.28942524329381
3.3,1.722466024471091,2,2,L2_071,71,-0.3549314024768227,0.8324111258324361,1.4223670306895515
3.3,1.722466024471091,2,2,L2_072,72,0.6710669473079952,1.334671082450379,1.533886349742071
3.3,1.722466024471091,2,2,L2_073,73,-1.3965912544590604,1.3798135224200963,-0.2032249276750468
3.3,1.722466024471091,2,2,L2_074,74,-0.19258898948972547,1.2899153830129835,-1.1068909119756836
3.3,1.722466024471091,2,2,L2_075,75,0.8616194587732925,0.909815238663675,1.1205708639706653
3.3,1.722466024471091,2,2,L2_076,76,1.3531306711501325,1.8367454793089826,1.5319934153002595
3.3,1.722466024471091,2,2,L2_077,77,0.6308566757096223,1.633580667078401,1.3394579909451896
3.3,1.722466024471091,2,2,L2_078,78,-0.5960157644571924,1.0361436915213504,-0.19827246264988024
3.3,1.722466024471091,2,2,L2_079,79,0.05774195214597525,1.765778759874626,-0.6820677483165787
3.3,1.722466024471091,2,3,L3_000,80,0.15381189574039283,,
3.3,1.722466024471091,2,3,L3_001,81,-0.907638663056131,,
3.3,1.722466024471091,2,3,L3_002,82,1.7880750632108962,,
3.3,1.722466024471091,2,3,L3_003,83,-0.1549241330844886,,
3.3,1.722466024471091,2,3,L3_004,84,-0.6750251804949058,,
3.3,1.722466024471091,2,3,L3_005,85,-0.2652951316542698,,
3.3,1.722466024471091,2,3,L3_006,86,-0.26260630324272427,,
3.3,1.722466024471091,2,3,L3_007,87,0.11049840688071977,,
3.3,1.722466024471091,2,3,L3_008,88,-0.37735457188179,,
3.3,1.722466024471091,2,3,L3_009,89,0.6329278858614706,,
3.3,1.722466024471091,2,3,L3_010,90,1.7514614213478092,,
3.3,1.722466024471091,2,3,L3_011,91,-0.4946562826976646,,
3.3,1.722466024471091,2,3,L3_012,92,-1.2491904940502598,,
3.3,1.722466024471091,2,3,L3_013,93,-0.28892806690772455,,
3.3,1.722466024471091,2,3,L3_014,94,0.6611117873382529,,
3.3,1.722466024471091,2,3,L3_015,95,-0.2731456243548769,,
3.3,1.722466024471091,2,3,L3_016,96,-1.662172854193054,,
3.3,1.722466024471091,2,3,L3_017,97,0.9061039436135393,,
3.3,1.722466024471091,2,3,L3_018,98,-1.3961192380049097,,
3.3,1.722466024471091,2,3,L3_019,99,0.6430027459332142,,
3.3,1.722466024471091,2,3,L3_020,100,-0.9565698061184172,,
3.3,1.722466024471091,2,3,L3_021,101,-0.8922869853939818,,
3.3,1.722466024471091,2,3,L3_022,102,0.7799552884804513,,
3.3,1.722466024471091,2,3,L3_023,103,-0.4913485165508995,,
3.3,1.722466024471091,2,3,L3_024,104,1.3915826276111023,,
3.3,1.722466024471091,2,3,L3_025,105,0.5649117891907913,,
3.3,1.722466024471091,2,3,L3_026,106,-0.6718739806921531,,
3.3,1.722466024471091,2,3,L3_027,107,-0.6539193408063859,,
3.3,1.722466024471091,2,3,L3_028,108,1.6464300350407224,,
3.3,1.722466024471091,2,3,L3_029,109,-1.7485752253001234,,
3.3,1.722466024471091,2,3,L3_030,110,-0.6186283319648215,,
3.3,1.722466024471091,2,3,L3_031,111,0.5869677400900697,,
3.3,1.722466024471091,2,3,L3_032,112,0.643996557786998,,
3.3,1.722466024471091,2,3,L3_033,113,-0.14515373651997915,,
3.3,1.722466024471091,2,3,L3_034,114,-2.119113373874336,,
3.3,1.722466024471091,2,3,L3_035,115,-1.1581123029508278,,
3.3,1.722466024471091,2,3,L3_036,116,-0.26945257940330486,,
3.3,1.722466024471091,2,3,L3_037,117,1.2504888150028615,,
3.3,1.722466024471091,2,3,L3_038,118,0.4917954890433449,,
3.3,1.722466024471091,2,3,L3_039,119,1.3319085205402448,,
3.3,1.722466024471091,2,3,L3_040,120,-1.841297639211569,,
3.3,1.722466024471091,2,3,L3_041,121,-0.2206747854452701,,
3.3,1.722466024471091,2,3,L3_042,122,-2.4021090958173397,,
3.3,1.722466024471091,2,3,L3_043,123,-1.2566213696410262,,
3.3,1.722466024471091,2,3,L3_044,124,0.5900225678223581,,
3.3,1.722466024471091,2,3,L3_045,125,1.5448814141868839,,
3.3,1.722466024471091,2,3,L3_046,126,0.6974699300362648,,
3.3,1.722466024471091,2,3,L3_047,127,-1.1874274682518349,,
3.3,1.722466024471091,2,3,L3_048,128,1.1091512124764942,,
3.3,1.722466024471091,2,3,L3_049,129,-0.022347867219721013,,
3.3,1.722466024471091,2,3,L3_050,130,0.8038304916947059,,
3.3,1.722466024471091,2,3,L3_051,131,0.059093488596265106,,
3.3,1.722466024471091,2,3,L3_052,132,1.611556702839298,,
3.3,1.722466024471091,2,3,L3_053,133,0.21716410402976882,,
3.3,1.722466024471091,2,3,L3_054,134,0.49184289853652324,,
3.3,1.722466024471091,2,3,L3_055,135,1.1889710240888767,,
3.3,1.722466024471091,2,3,L3_056,136,1.2725120219644352,,
3.3,1.722466024471091,2,3,L3_057,137,1.0729157834619263,,
3.3,1.722466024471091,2,3,L3_058,138,0.9223747407506147,,
3.3,1.722466024471091,2,3,L3_059,139,-1.5574510920069313,,
3.3,1.722466024471091,2,3,L3_060,140,2.5345196172278017,,
3.3,1.722466024471091,2,3,L3_061,141,-0.21818184078820593,,
3.3,1.722466024471091,2,3,L3_062,142,0.02261999241293177,,
3.3,1.722466024471091,2,3,L3_063,143,-1.2058121308899996,,
3.3,1.722466024471091,2,3,L3_064,144,0.04388315674806117,,
3.3,1.722466024471091,2,3,L3_065,145,-0.11543921310709593,,
3.3,1.722466024471091,2,3,L3_066,146,-0.16362897573469054,,
3.3,1.722466024471091,2,3,L3_067,147,0.08047979584023025,,
3.3,1.722466024471091,2,3,L3_068,148,-0.3048239768489963,,
3.3,1.722466024471091,2,3,L3_069,149,-0.30752417328038334,,
3.3,1.722466024471091,2,3,L3_070,150,-0.684757051659575,,
3.3,1.722466024471091,2,3,L3_071,151,0.5792863412237736,,
3.3,1.722466024471091,2,3,L3_072,152,-1.1697348191791386,,
3.3,1.722466024471091,2,3,L3_073,153,0.27361875653478346,,
3.3,1.722466024471091,2,3,L3_074,154,-1.2687349135319033,,
3.3,1.722466024471091,2,3,L3_075,155,0.4764196165779688,,
3.3,1.722466024471091,2,3,L3_076,156,0.4316115586281403,,
3.3,1.722466024471091,2,3,L3_077,157,0.8688312752061357,,
3.3,1.722466024471091,2,3,L3_078,158,-0.6451220603437445,,
3.3,1.722466024471091,2,3,L3_079,159,0.07569269255838941,,
3.3,1.722466024471091,3,2,L2_000,0,-0.11433790345007477,-0.6436045175116654,1.3180709166481601
3.3,1.722466024471091,3,2,L2_001,1,-1.0915811233861221,-1.3114188536168572,1.0240679434706472
3.3,1.722466024471091,3,2,L2_002,2,-0.24643424374574427,-1.8503555466768324,0.5204860226682876
3.3,1.722466024471091,3,2,L2_003,3,-1.0184509319458024,-1.8286759148006935,0.8171471765667275
3.3,1.722466024471091,3,2,L2_004,4,-0.011864094419606827,-0.5086474794479974,-0.35803736128584784
3.3,1.722466024471091,3,2,L2_005,5,2.020581776871,-0.3644296023852296,0.8315759061648493
3.3,1.722466024471091,3,2,L2_006,6,0.23890067834813564,-1.4690842805659863,-0.8419800037554516
3.3,1.722466024471091,3,2,L2_007,7,-0.6915042401010382,-1.5732722971926179,0.13027391001338026
3.3,1.722466024471091,3,2,L2_008,8,1.8775882864406543,-0.41374445680156346,0.4792273794127908
3.3,1.722466024471091,3,2,L2_009,9,-1.3728214326886488,-1.3544491192068646,0.6569492576952469
3.3,1.722466024471091,3,2,L2_010,10,0.28479520597988384,-1.6051973032522913,0.6499609342827654
3.3,1.722466024471091,3,2,L2_011,11,-0.12426050784686002,-1.5383199755725063,0.8378868043093651
3.3,1.722466024471091,3,2,L2_012,12,-0.3660095625253065,-1.0740098299435505,-1.3874530155006604
3.3,1.722466024471091,3,2,L2_013,13,-0.18368451583337247,-1.4793096485913646,-0.7578574737341324
3.3,1.722466024471091,3,2,L2_014,14,-0.45579363186286165,-1.15751187646631,0.12125699209704772
3.3,1.722466024471091,3,2,L2_015,15,-1.1259615062995816,-0.9027058717852051,0.27055895391111423
3.3,1.722466024471091,3,2,L2_016,16,-0.7714679812207836,-0.6837136306413448,-0.4811825106777553
3.3,1.722466024471091,3,2,L2_017,17,0.4940054481593085,-1.7335746858805785,1.1780335016464618
3.3,1.722466024471091,3,2,L2_018,18,1.0543762835128903,-0.6602878292877538,1.7746641454955514
3.3,1.722466024471091,3,2,L2_019,19,1.411411780742324,-0.8624140143626721,0.14832710757893175
3.3,1.722466024471091,3,2,L2_020,20,-1.831138530187121,-1.4228050441017777,-1.1176384105384112
3.3,1.722466024471091,3,2,L2_021,21,0.08850924130832302,-1.3736523160572252,1.154261041590113
3.3,1.722466024471091,3,2,L2_022,22,-0.3954360732430979,-0.7032795774355344,-1.2900937351703008
3.3,1.722466024471091,3,2,L2_023,23,1.3822143669965639,0.34536633163852287,-0.03845998458125918
3.3,1.722466024471091,3,2,L2_024,24,-0.0861580805131645,0.6261194843170685,0.12682938038814437
3.3,1.722466024471091,3,2,L2_025,25,2.414310333216392,-1.3392732161981462,0.8924489807127715
3.3,1.722466024471091,3,2,L2_026,26,-0.8344259356017024,-0.9924934338507428,0.3345777398165237
3.3,1.722466024471091,3,2,L2_027,27,-0.4737072171327219,-0.5705383492371926,-1.460634198217792
3.3,1.722466024471091,3,2,L2_028,28,-0.07198049032351299,-1.061685007426923,0.21565473818978725
3.3,1.722466024471091,3,2,L2_029,29,0.8535228176609712,0.03803981051733201,0.5473530391051578
3.3,1.722466024471091,3,2,L2_030,30,-0.9517099392458729,-0.6023137990151491,-0.1776694015255718
3.3,1.722466024471091,3,2,L2_031,31,0.2841625207108497,0.28827850494012935,-0.3502470612541241
3.3,1.722466024471091,3,2,L2_032,32,-0.7548719765974142,-0.45941702854634064,1.1514204381066113
3.3,1.722466024471091,3,2,L2_033,33,0.5059651455061893,-0.10118503407990828,0.987607845313007
3.3,1.722466024471091,3,2,L2_034,34,-0.8121361199957331,-0.6648714800827695,-1.343727196255169
3.3,1.722466024471091,3,2,L2_035,35,-0.5954456495594407,0.074879706060542,0.6687592884798252
3.3,1.722466024471091,3,2,L2_036,36,-1.3008135182477083,-0.39388302284077775,0.9680885053178412
3.3,1.722466024471091,3,2,L2_037,37,-0.9261641241043067,0.33971885639392224,0.14995468698456815
3.3,1.722466024471091,3,2,L2_038,38,-0.27646562727710144,-0.036790460648333925,1.4562302150997972
3.3,1.722466024471091,3,2,L2_039,39,0.05769183574441345,-1.1302815717085903,1.5566031611157105
3.3,1.722466024471091,3,2,L2_040,40,-2.0066346643003805,0.909786927186188,-1.259636991464696
3.3,1.722466024471091,3,2,L2_041,41,0.3840357000523416,0.23994732252421716,-1.719247896815123
3.3,1.722466024471091,3,2,L2_042,42,0.6428699704127075,0.6381953369780138,-0.8859125461595925
3.3,1.722466024471091,3,2,L2_043,43,0.16147011387674493,-0.22303081073973813,-1.1555231001142823
3.3,1.722466024471091,3,2,L2_044,44,-0.08862331836023271,-0.07794751116651882,-0.7468532356273193
3.3,1.722466024471091,3,2,L2_045,45,-0.3305123309370941,0.16298904074310114,1.6468181167618245
3.3,1.722466024471091,3,2,L2_046,46,1.0767812399777659,0.33213106265072184,1.0694272970812397
3.3,1.722466024471091,3,2,L2_047,47,-0.10232928874863029,1.1047431561729153,0.9841590207916543
3.3,1.722466024471091,3,2,L2_048,48,1.67894576057065,0.08623139453045325,-1.0851210997831575
3.3,1.722466024471091,3,2,L2_049,49,0.4921933726282774,0.6803410154852905,-1.407278480145055
3.3,1.722466024471091,3,2,L2_050,50,-1.2216458501456837,0.13631074337197546,-0.09441180631506679
3.3,1.722466024471091,3,2,L2_051,51,-0.27524833868266885,0.5170080598936737,-0.8617573262668934
3.3,1.722466024471091,3,2,L2_052,52,1.4123475860655184,0.6845203176940793,-0.2251940930609465
3.3,1.722466024471091,3,2,L2_053,53,-0.4321203623662748,0.04845260295712063,-1.4075819780181211
3.3,1.722466024471091,3,2,L2_054,54,0.6314953849202275,0.9269283488316707,-0.8233313008397164
3.3,1.722466024471091,3,2,L2_055,55,1.3670591866387822,0.5545491499485025,-1.347654459495812
3.3,1.722466024471091,3,2,L2_056,56,1.6303672861688592,0.6923295698094217,-1.3617497769324254
3.3,1.722466024471091,3,2,L2_057,57,0.25495093483650205,0.8998311376201511,-0.8075231283003468
3.3,1.722466024471091,3,2,L2_058,58,0.17053870658550715,1.4025763007100074,-0.5422303543748236
3.3,1.722466024471091,3,2,L2_059,59,0.40451184362619447,1.1064426568339534,-0.8582190713514711
3.3,1.722466024471091,3,2,L2_060,60,-0.5763933086697673,0.38774351777469945,0.9019864994741044
3.3,1.722466024471091,3,2,L2_061,61,-1.2618972022062658,0.04111515736222047,-1.069531647336535
3.3,1.722466024471091,3,2,L2_062,62,-1.5331273924203168,0.36824409461090263,-1.5475394880735391
3.3,1.722466024471091,3,2,L2_063,63,-0.4631130718348185,0.3685323017413629,-1.0261001042210194
3.3,1.722466024471091,3,2,L2_064,64,-0.55303879192738,0.7097719754946354,1.1833195874037232
3.3,1.722466024471091,3,2,L2_065,65,-1.2029367379265448,1.108208512350049,0.8016178947120951
3.3,1.722466024471091,3,2,L2_066,66,-1.7432487625233377,1.5741321003238045,0.7122327131825202
3.3,1.722466024471091,3,2,L2_067,67,2.422807553387926,1.4787881723764795,-0.9568271267399231
3.3,1.722466024471091,3,2,L2_068,68,-0.7126859608207902,0.8792759033175698,-1.3317396609923189
3.3,1.722466024471091,3,2,L2_069,69,1.4332421208718098,1.129736484171076,-1.1891369599880448
3.3,1.722466024471091,3,2,L2_070,70,1.7417958098444366,1.2680343896308508,0.28942524329381
3.3,1.722466024471091,3,2,L2_071,71,0.8994248493318893,0.8324111258324361,1.4223670306895515
3.3,1.722466024471091,3,2,L2_072,72,-0.3637938750997087,1.334671082450379,1.533886349742071
3.3,1.722466024471091,3,2,L2_073,73,-1.0682907747179269,1.3798135224200963,-0.2032249276750468
3.3,1.722466024471091,3,2,L2_074,74,-0.24710753332460858,1.2899153830129835,-1.1068909119756836
3.3,1.722466024471091,3,2,L2_075,75,-0.9926063424234021,0.909815238663675,1.1205708639706653
3.3,1.722466024471091,3,2,L2_076,76,1.0141889520904555,1.8367454793089826,1.5319934153002595
3.3,1.722466024471091,3,2,L2_077,77,0.050861656515781374,1.633580667078401,1.3394579909451896
3.3,1.722466024471091,3,2,L2_078,78,0.4332751143906071,1.0361436915213504,-0.19827246264988024
3.3,1.722466024471091,3,2,L2_079,79,0.7887800007996364,1.765778759874626,-0.6820677483165787
3.3,1.722466024471091,3,3,L3_000,80,-0.6815865654886588,,
3.3,1.722466024471091,3,3,L3_001,81,-0.6362176856940951,,
3.3,1.722466024471091,3,3,L3_002,82,1.8483440501783919,,
3.3,1.722466024471091,3,3,L3_003,83,-2.252435603510569,,
3.3,1.722466024471091,3,3,L3_004,84,0.5715277604881005,,
3.3,1.722466024471091,3,3,L3_005,85,-0.8738069096477834,,
3.3,1.722466024471091,3,3,L3_006,86,-0.3520133509371943,,
3.3,1.722466024471091,3,3,L3_007,87,-0.45119934998630146,,
3.3,1.722466024471091,3,3,L3_008,88,0.826552461530579,,
3.3,1.722466024471091,3,3,L3_009,89,1.4167360851328494,,
3.3,1.722466024471091,3,3,L3_010,90,-1.5319485074139192,,
3.3,1.722466024471091,3,3,L3_011,91,0.5265496546169229,,
3.3,1.722466024471091,3,3,L3_012,92,-0.9100253670809613,,
3.3,1.722466024471091,3,3,L3_013,93,0.7525051984953706,,
3.3,1.722466024471091,3,3,L3_014,94,0.762762211886887,,
3.3,1.722466024471091,3,3,L3_015,95,-0.7001064888208894,,
3.3,1.722466024471091,3,3,L3_016,96,-0.481449892448051,,
3.3,1.722466024471091,3,3,L3_017,97,-0.07208761246312986,,
3.3,1.722466024471091,3,3,L3_018,98,-2.051847455604299,,
3.3,1.722466024471091,3,3,L3_019,99,0.921319622243049,,
3.3,1.722466024471091,3,3,L3_020,100,-0.008353185673537359,,
3.3,1.722466024471091,3,3,L3_021,101,1.6492405807799217,,
3.3,1.722466024471091,3,3,L3_022,102,1.6386172752401456,,
3.3,1.722466024471091,3,3,L3_023,103,-1.7344573363731657,,
3.3,1.722466024471091,3,3,L3_024,104,0.9493614987375791,,
3.3,1.722466024471091,3,3,L3_025,105,0.8103347618342694,,
3.3,1.722466024471091,3,3,L3_026,106,-0.4644674571651929,,
3.3,1.722466024471091,3,3,L3_027,107,-1.483192362419069,,
3.3,1.722466024471091,3,3,L3_028,108,-1.0580286203019509,,
3.3,1.722466024471091,3,3,L3_029,109,0.7262269005952137,,
3.3,1.722466024471091,3,3,L3_030,110,-1.6638889125710505,,
3.3,1.722466024471091,3,3,L3_031,111,0.947992684975463,,
3.3,1.722466024471091,3,3,L3_032,112,1.0584089065882738,,
3.3,1.722466024471091,3,3,L3_033,113,-0.2896191370701381,,
3.3,1.722466024471091,3,3,L3_034,114,0.4928643402557547,,
3.3,1.722466024471091,3,3,L3_035,115,-1.107507954044899,,
3.3,1.722466024471091,3,3,L3_036,116,-0.1210338978441361,,
3.3,1.722466024471091,3,3,L3_037,117,0.446230449902131,,
3.3,1.722466024471091,3,3,L3_038,118,0.7239021046543974,,
3.3,1.722466024471091,3,3,L3_039,119,1.419737810898811,,
3.3,1.722466024471091,3,3,L3_040,120,1.3991285533695217,,
3.3,1.722466024471091,3,3,L3_041,121,-0.9828207747298591,,
3.3,1.722466024471091,3,3,L3_042,122,0.742631308380423,,
3.3,1.722466024471091,3,3,L3_043,123,0.7383421030531565,,
3.3,1.722466024471091,3,3,L3_044,124,0.4040787966292901,,
3.3,1.722466024471091,3,3,L3_045,125,0.19858952165157542,,
3.3,1.722466024471091,3,3,L3_046,126,-1.0855039932209007,,
3.3,1.722466024471091,3,3,L3_047,127,-0.6811120323990538,,
3.3,1.722466024471091,3,3,L3_048,128,-0.20080546326289359,,
3.3,1.722466024471091,3,3,L3_049,129,-0.7689743083277275,,
3.3,1.722466024471091,3,3,L3_050,130,-0.6708805012236556,,
3.3,1.722466024471091,3,3,L3_051,131,0.9542234560026703,,
3.3,1.722466024471091,3,3,L3_052,132,0.3281657275842743,,
3.3,1.722466024471091,3,3,L3_053,133,-0.5289411085063127,,
3.3,1.722466024471091,3,3,L3_054,134,0.6366222827437439,,
3.3,1.722466024471091,3,3,L3_055,135,-2.051156705396452,,
3.3,1.722466024471091,3,3,L3_056,136,1.0976696052239245,,
3.3,1.722466024471091,3,3,L3_057,137,0.27626211690738905,,
3.3,1.722466024471091,3,3,L3_058,138,-2.438096619393661,,
3.3,1.722466024471091,3,3,L3_059,139,0.45485831922736186,,
3.3,1.722466024471091,3,3,L3_060,140,-0.05599328105954485,,
3.3,1.722466024471091,3,3,L3_061,141,-0.11918726568091209,,
3.3,1.722466024471091,3,3,L3_062,142,0.6140463489823456,,
3.3,1.722466024471091,3,3,L3_063,143,0.28922702355122354,,
3.3,1.722466024471091,3,3,L3_064,144,1.2477713944221183,,
3.3,1.722466024471091,3,3,L3_065,145,-0.6616738643687656,,
3.3,1.722466024471091,3,3,L3_066,146,0.40137515509707783,,
3.3,1.722466024471091,3,3,L3_067,147,1.3549710893533848,,
3.3,1.722466024471091,3,3,L3_068,148,-0.674884853861781,,
3.3,1.722466024471091,3,3,L3_069,149,-0.8238555274095516,,
3.3,1.722466024471091,3,3,L3_070,150,-0.32720418527489076,,
3.3,1.722466024471091,3,3,L3_071,151,0.34626973988165655,,
3.3,1.722466024471091,3,3,L3_072,152,1.1037517630736058,,
3.3,1.722466024471091,3,3,L3_073,153,0.8080444550829474,,
3.3,1.722466024471091,3,3,L3_074,154,0.4969691158239965,,
3.3,1.722466024471091,3,3,L3_075,155,0.20283679137453925,,
3.3,1.722466024471091,3,3,L3_076,156,0.31555208360051606,,
3.3,1.722466024471091,3,3,L3_077,157,-0.0846101175723425,,
3.3,1.722466024471091,3,3,L3_078,158,-2.1296425642590258,,
3.3,1.722466024471091,3,3,L3_079,159,0.31001570845528603,,
5.0,2.321928094887362,0,2,L2_000,0,-0.14392911018157117,-0.6436045175116654,1.3180709166481601
5.0,2.321928094887362,0,2,L2_001,1,-0.9789084477013075,-1.3114188536168572,1.0240679434706472
5.0,2.321928094887362,0,2,L2_002,2,-0.2378959518189563,-1.8503555466768324,0.5204860226682876
5.0,2.321928094887362,0,2,L2_003,3,-0.05002437681405473,-1.8286759148006935,0.8171471765667275
5.0,2.321928094887362,0,2,L2_004,4,1.1895875451703097,-0.5086474794479974,-0.35803736128584784
5.0,2.321928094887362,0,2,L2_005,5,-1.3133603461708883,-0.3644296023852296,0.8315759061648493
5.0,2.321928094887362,0,2,L2_006,6,3.3019922150509884,-1.4690842805659863,-0.8419800037554516
5.0,2.321928094887362,0,2,L2_007,7,-0.9790761383350695,-1.5732722971926179,0.13027391001338026
5.0,2.321928094887362,0,2,L2_008,8,0.3662720728927615,-0.41374445680156346,0.4792273794127908
5.0,2.321928094887362,0,2,L2_009,9,0.18892076698117963,-1.3544491192068646,0.6569492576952469
5.0,2.321928094887362,0,2,L2_010,10,0.16183888674330899,-1.6051973032522913,0.6499609342827654
5.0,2.321928094887362,0,2,L2_011,11,-0.723309154884169,-1.5383199755725063,0.8378868043093651
5.0,2.321928094887362,0,2,L2_012,12,-0.6396193717747507,-1.0740098299435505,-1.3874530155006604
5.0,2.321928094887362,0,2,L2_013,13,-0.1510531706160881,-1.4793096485913646,-0.7578574737341324
5.0,2.321928094887362,0,2,L2_014,14,-0.11150974148202078,-1.15751187646631,0.12125699209704772
5.0,2.321928094887362,0,2,L2_015,15,-0.030377019020780955,-0.9027058717852051,0.27055895391111423
5.0,2.321928094887362,0,2,L2_016,16,0.31384739453083244,-0.6837136306413448,-0.4811825106777553
5.0,2.321928094887362,0,2,L2_017,17,-0.5675435411286688,-1.7335746858805785,1.1780335016464618
5.0,2.321928094887362,0,2,L2_018,18,1.2245863957300347,-0.6602878292877538,1.7746641454955514
5.0,2.321928094887362,0,2,L2_019,19,0.5420404196813715,-0.8624140143626721,0.14832710757893175
5.0,2.321928094887362,0,2,L2_020,20,-1.6039252018755632,-1.4228050441017777,-1.1176384105384112
5.0,2.321928094887362,0,2,L2_021,21,0.5890750638371307,-1.3736523160572252,1.154261041590113
5.0,2.321928094887362,0,2,L2_022,22,1.9039977696815151,-0.7032795774355344,-1.2900937351703008
5.0,2.321928094887362,0,2,L2_023,23,0.8349631052047871,0.34536633163852287,-0.03845998458125918
5.0,2.321928094887362,0,2,L2_024,24,-0.43459145596589055,0.6261194843170685,0.12682938038814437
5.0,2.321928094887362,0,2,L2_025,25,-0.3912606607492846,-1.3392732161981462,0.8924489807127715
5.0,2.321928094887362,0,2,L2_026,26,-0.06853850282054517,-0.9924934338507428,0.3345777398165237
5.0,2.321928094887362,0,2,L2_027,27,-1.1930665917572012,-0.5705383492371926,-1.460634198217792
5.0,2.321928094887362,0,2,L2_028,28,0.13158886458864058,-1.061685007426923,0.21565473818978725
5.0,2.321928094887362,0,2,L2_029,29,0.30327454148980615,0.03803981051733201,0.5473530391051578
5.0,2.321928094887362,0,2,L2_030,30,-1.111764421037017,-0.6023137990151491,-0.1776694015255718
5.0,2.321928094887362,0,2,L2_031,31,-0.8044151784546597,0.28827850494012935,-0.3502470612541241
5.0,2.321928094887362,0,2,L2_032,32,1.3167139824444147,-0.45941702854634064,1.1514204381066113
5.0,2.321928094887362,0,2,L2_033,33,-0.972672092187352,-0.10118503407990828,0.987607845313007
5.0,2.321928094887362,0,2,L2_034,34,0.25301630347620924,-0.6648714800827695,-1.343727196255169
5.0,2.321928094887362,0,2,L2_035,35,0.038322922631464695,0.074879706060542,0.6687592884798252
5.0,2.321928094887362,0,2,L2_036,36,-0.2089071152180705,-0.39388302284077775,0.9680885053178412
5.0,2.321928094887362,0,2,L2_037,37,1.1980135864594952,0.33971885639392224,0.14995468698456815
5.0,2.321928094887362,0,2,L2_038,38,1.2621389071129252,-0.036790460648333925,1.4562302150997972
5.0,2.321928094887362,0,2,L2_039,39,-1.0456389891808564,-1.1302815717085903,1.5566031611157105
5.0,2.321928094887362,0,2,L2_040,40,2.7279689846490522,0.909786927186188,-1.259636991464696
5.0,2.321928094887362,0,2,L2_041,41,-0.298915733073896,0.23994732252421716,-1.719247896815123
5.0,2.321928094887362,0,2,L2_042,42,1.4349470649951697,0.6381953369780138,-0.8859125461595925
5.0,2.321928094887362,0,2,L2_043,43,0.11955342236973243,-0.22303081073973813,-1.1555231001142823
5.0,2.321928094887362,0,2,L2_044,44,-1.0196526044014884,-0.07794751116651882,-0.7468532356273193
5.0,2.321928094887362,0,2,L2_045,45,0.5321228263948061,0.16298904074310114,1.6468181167618245
5.0,2.321928094887362,0,2,L2_046,46,-1.6287614725767972,0.33213106265072184,1.0694272970812397
5.0,2.321928094887362,0,2,L2_047,47,0.7488842726028329,1.1047431561729153,0.9841590207916543
5.0,2.321928094887362,0,2,L2_048,48,-0.7700161319419433,0.08623139453045325,-1.0851210997831575
5.0,2.321928094887362,0,2,L2_049,49,1.714072182222954,0.6803410154852905,-1.407278480145055
5.0,2.321928094887362,0,2,L2_050,50,-0.027165692905216608,0.13631074337197546,-0.09441180631506679
5.0,2.321928094887362,0,2,L2_051,51,0.7274929481319882,0.5170080598936737,-0.8617573262668934
5.0,2.321928094887362,0,2,L2_052,52,-1.5805527534064043,0.6845203176940793,-0.2251940930609465
5.0,2.321928094887362,0,2,L2_053,53,-1.2009229686032032,0.04845260295712063,-1.4075819780181211
5.0,2.321928094887362,0,2,L2_054,54,1.140148711456313,0.9269283488316707,-0.8233313008397164
5.0,2.321928094887362,0,2,L2_055,55,0.7185880244815109,0.5545491499485025,-1.347654459495812
5.0,2.321928094887362,0,2,L2_056,56,-0.703726992525274,0.6923295698094217,-1.3617497769324254
5.0,2.321928094887362,0,2,L2_057,57,-0.7901786658182504,0.8998311376201511,-0.8075231283003468
5.0,2.321928094887362,0,2,L2_058,58,-0.32195550281621327,1.4025763007100074,-0.5422303543748236
5.0,2.321928094887362,0,2,L2_059,59,-0.42542726912793033,1.1064426568339534,-0.8582190713514711
5.0,2.321928094887362,0,2,L2_060,60,-1.0586750241581824,0.38774351777469945,0.9019864994741044
5.0,2.321928094887362,0,2,L2_061,61,-0.15578475811529824,0.04111515736222047,-1.069531647336535
5.0,2.321928094887362,0,2,L2_062,62,-0.42963451045655604,0.36824409461090263,-1.5475394880735391
5.0,2.321928094887362,0,2,L2_063,63,0.1919613965873687,0.3685323017413629,-1.0261001042210194
5.0,2.321928094887362,0,2,L2_064,64,1.2708924766650223,0.7097719754946354,1.1833195874037232
5.0,2.321928094887362,0,2,L2_065,65,0.20318923041193215,1.108208512350049,0.8016178947120951
5.0,2.321928094887362,0,2,L2_066,66,-1.0290846338862014,1.5741321003238045,0.7122327131825202
5.0,2.321928094887362,0,2,L2_067,67,1.3405342739452684,1.4787881723764795,-0.9568271267399231
5.0,2.321928094887362,0,2,L2_068,68,0.641542627999414,0.8792759033175698,-1.3317396609923189
5.0,2.321928094887362,0,2,L2_069,69,1.6535101140485635,1.129736484171076,-1.1891369599880448
5.0,2.321928094887362,0,2,L2_070,70,-1.348400011616967,1.2680343896308508,0.28942524329381
5.0,2.321928094887362,0,2,L2_071,71,-1.0406358109294847,0.8324111258324361,1.4223670306895515
5.0,2.321928094887362,0,2,L2_072,72,0.0479346887557345,1.334671082450379,1.533886349742071
5.0,2.321928094887362,0,2,L2_073,73,-0.7185599498051856,1.3798135224200963,-0.2032249276750468
5.0,2.321928094887362,0,2,L2_074,74,-0.21751542794538642,1.2899153830129835,-1.1068909119756836
5.0,2.321928094887362,0,2,L2_075,75,-0.6667802410859298,0.909815238663675,1.1205708639706653
5.0,2.321928094887362,0,2,L2_076,76,-1.5191646704050155,1.8367454793089826,1.5319934153002595
5.0,2.321928094887362,0,2,L2_077,77,-1.0181870375047497,1.633580667078401,1.3394579909451896
5.0,2.321928094887362,0,2,L2_078,78,0.8508664265235221,1.0361436915213504,-0.19827246264988024
5.0,2.321928094887362,0,2,L2_079,79,0.546684026331907,1.765778759874626,-0.6820677483165787
5.0,2.321928094887362,0,3,L3_000,80,-1.0134431655126488,,
5.0,2.321928094887362,0,3,L3_001,81,-1.5078985019409965,,
5.0,2.321928094887362,0,3,L3_002,82,-0.1650996459681502,,
5.0,2.321928094887362,0,3,L3_003,83,-0.2515595162800961,,
5.0,2.321928094887362,0,3,L3_004,84,-1.6963525110189004,,
5.0,2.321928094887362,0,3,L3_005,85,-0.8986373163188021,,
5.0,2.321928094887362,0,3,L3_006,86,-0.8727231614327114,,
5.0,2.321928094887362,0,3,L3_007,87,0.09608472471248904,,
5.0,2.321928094887362,0,3,L3_008,88,0.376911796085419,,
5.0,2.321928094887362,0,3,L3_009,89,0.091852588158565,,
5.0,2.321928094887362,0,3,L3_010,90,-0.5104398740905294,,
5.0,2.321928094887362,0,3,L3_011,91,1.9633579278405453,,
5.0,2.321928094887362,0,3,L3_012,92,0.39455895620235776,,
5.0,2.321928094887362,0,3,L3_013,93,-0.044315065323422005,,
5.0,2.321928094887362,0,3,L3_014,94,-0.6416498187708032,,
5.0,2.321928094887362,0,3,L3_015,95,1.3524892933960584,,
5.0,2.321928094887362,0,3,L3_016,96,-1.4749058982653624,,
5.0,2.321928094887362,0,3,L3_017,97,0.13626638691099008,,
5.0,2.321928094887362,0,3,L3_018,98,2.027669779108099,,
5.0,2.321928094887362,0,3,L3_019,99,-0.3855466480652873,,
5.0,2.321928094887362,0,3,L3_020,100,-0.7030341779792447,,
5.0,2.321928094887362,0,3,L3_021,101,1.7088938974655006,,
5.0,2.321928094887362,0,3,L3_022,102,-1.7796369957599858,,
5.0,2.321928094887362,0,3,L3_023,103,-0.4796384130575164,,
5.0,2.321928094887362,0,3,L3_024,104,-0.03835769099978364,,
5.0,2.321928094887362,0,3,L3_025,105,0.6209060971276815,,
5.0,2.321928094887362,0,3,L3_026,106,0.4891694071654318,,
5.0,2.321928094887362,0,3,L3_027,107,0.16045276577571843,,
5.0,2.321928094887362,0,3,L3_028,108,0.992080446608621,,
5.0,2.321928094887362,0,3,L3_029,109,0.6399001709785996,,
5.0,2.321928094887362,0,3,L3_030,110,1.5886193331295653,,
5.0,2.321928094887362,0,3,L3_031,111,0.3545353478354844,,
5.0,2.321928094887362,0,3,L3_032,112,-0.6796142787839086,,
5.0,2.321928094887362,0,3,L3_033,113,1.5504138051035177,,
5.0,2.321928094887362,0,3,L3_034,114,0.7273966688406972,,
5.0,2.321928094887362,0,3,L3_035,115,-1.307552444078591,,
5.0,2.321928094887362,0,3,L3_036,116,0.0001567823504689457,,
5.0,2.321928094887362,0,3,L3_037,117,0.5985333339023103,,
5.0,2.321928094887362,0,3,L3_038,118,-1.023147529012296,,
5.0,2.321928094887362,0,3,L3_039,119,-0.3465429103363929,,
5.0,2.321928094887362,0,3,L3_040,120,-0.6607824299078168,,
5.0,2.321928094887362,0,3,L3_041,121,-0.6769231800173937,,
5.0,2.321928094887362,0,3,L3_042,122,-1.9199042122831198,,
5.0,2.321928094887362,0,3,L3_043,123,-0.6943831479140318,,
5.0,2.321928094887362,0,3,L3_044,124,-0.5863147771012729,,
5.0,2.321928094887362,0,3,L3_045,125,0.5619451619120428,,
5.0,2.321928094887362,0,3,L3_046,126,0.5646604100411029,,
5.0,2.321928094887362,0,3,L3_047,127,-0.7372049142605207,,
5.0,2.321928094887362,0,3,L3_048,128,1.3834652105205612,,
5.0,2.321928094887362,0,3,L3_049,129,0.37139320421216554,,
5.0,2.321928094887362,0,3,L3_050,130,-0.021340619451091773,,
5.0,2.321928094887362,0,3,L3_051,131,1.062600323604559,,
5.0,2.321928094887362,0,3,L3_052,132,0.07223578523049562,,
5.0,2.321928094887362,0,3,L3_053,133,0.538511753335071,,
5.0,2.321928094887362,0,3,L3_054,134,-0.19357847012842205,,
5.0,2.321928094887362,0,3,L3_055,135,-1.059301084181445,,
5.0,2.321928094887362,0,3,L3_056,136,-0.23276623301053195,,
5.0,2.321928094887362,0,3,L3_057,137,-0.36476335323929926,,
5.0,2.321928094887362,0,3,L3_058,138,-0.31726530085693405,,
5.0,2.321928094887362,0,3,L3_059,139,-0.9895133578445157,,
5.0,2.321928094887362,0,3,L3_060,140,-0.787189916066476,,
5.0,2.321928094887362,0,3,L3_061,141,1.0956078251967942,,
5.0,2.321928094887362,0,3,L3_062,142,0.29651372736777565,,
5.0,2.321928094887362,0,3,L3_063,143,1.17553461859408,,
5.0,2.321928094887362,0,3,L3_064,144,-1.0421242685459307,,
5.0,2.321928094887362,0,3,L3_065,145,-0.7130467324205493,,
5.0,2.321928094887362,0,3,L3_066,146,0.013633378048836277,,
5.0,2.321928094887362,0,3,L3_067,147,0.2694348668766625,,
5.0,2.321928094887362,0,3,L3_068,148,-0.4473503288387037,,
5.0,2.321928094887362,0,3,L3_069,149,1.3286562465626406,,
5.0,2.321928094887362,0,3,L3_070,150,-0.8613619534886475,,
5.0,2.321928094887362,0,3,L3_071,151,-1.3057189271767577,,
5.0,2.321928094887362,0,3,L3_072,152,1.2804813234301222,,
5.0,2.321928094887362,0,3,L3_073,153,3.039227092471749,,
5.0,2.321928094887362,0,3,L3_074,154,-1.4839527394343124,,
5.0,2.321928094887362,0,3,L3_075,155,-0.12479486044868925,,
5.0,2.321928094887362,0,3,L3_076,156,1.979420973387532,,
5.0,2.321928094887362,0,3,L3_077,157,1.1673257323248702,,
5.0,2.321928094887362,0,3,L3_078,158,-0.7738852926350501,,
5.0,2.321928094887362,0,3,L3_079,159,-0.2573354795685521,,
5.0,2.321928094887362,1,2,L2_000,0,-0.015310787854614259,-0.6436045175116654,1.3180709166481601
5.0,2.321928094887362,1,2,L2_001,1,-0.7168363695275333,-1.3114188536168572,1.0240679434706472
5.0,2.321928094887362,1,2,L2_002,2,-0.26091789262297277,-1.8503555466768324,0.5204860226682876
5.0,2.321928094887362,1,2,L2_003,3,0.6816481108300632,-1.8286759148006935,0.8171471765667275
5.0,2.321928094887362,1,2,L2_004,4,1.1121052016962445,-0.5086474794479974,-0.35803736128584784
5.0,2.321928094887362,1,2,L2_005,5,0.2631974725029808,-0.3644296023852296,0.8315759061648493
5.0,2.321928094887362,1,2,L2_006,6,0.6105574700126438,-1.4690842805659863,-0.8419800037554516
5.0,2.321928094887362,1,2,L2_007,7,0.47577881909298314,-1.5732722971926179,0.13027391001338026
5.0,2.321928094887362,1,2,L2_008,8,0.09487530826993952,-0.41374445680156346,0.4792273794127908
5.0,2.321928094887362,1,2,L2_009,9,-1.345251773484282,-1.3544491192068646,0.6569492576952469
5.0,2.321928094887362,1,2,L2_010,10,0.3765311580610474,-1.6051973032522913,0.6499609342827654
5.0,2.321928094887362,1,2,L2_011,11,0.6177853659043373,-1.5383199755725063,0.8378868043093651
5.0,2.321928094887362,1,2,L2_012,12,-2.245563662547661,-1.0740098299435505,-1.3874530155006604
5.0,2.321928094887362,1,2,L2_013,13,2.027113480731242,-1.4793096485913646,-0.7578574737341324
5.0,2.321928094887362,1,2,L2_014,14,-0.07650367951067004,-1.15751187646631,0.12125699209704772
5.0,2.321928094887362,1,2,L2_015,15,1.3535353652348365,-0.9027058717852051,0.27055895391111423
5.0,2.321928094887362,1,2,L2_016,16,0.8797561120514672,-0.6837136306413448,-0.4811825106777553
5.0,2.321928094887362,1,2,L2_017,17,-2.3522454644872077,-1.7335746858805785,1.1780335016464618
5.0,2.321928094887362,1,2,L2_018,18,1.2926343507746914,-0.6602878292877538,1.7746641454955514
5.0,2.321928094887362,1,2,L2_019,19,-1.6268657897079024,-0.8624140143626721,0.14832710757893175
5.0,2.321928094887362,1,2,L2_020,20,0.6999706410014853,-1.4228050441017777,-1.1176384105384112
5.0,2.321928094887362,1,2,L2_021,21,-2.0981764318942573,-1.3736523160572252,1.154261041590113
5.0,2.321928094887362,1,2,L2_022,22,-0.2398052992001951,-0.7032795774355344,-1.2900937351703008
5.0,2.321928094887362,1,2,L2_023,23,2.1198331913982567,0.34536633163852287,-0.03845998458125918
5.0,2.321928094887362,1,2,L2_024,24,0.7030994605108554,0.6261194843170685,0.12682938038814437
5.0,2.321928094887362,1,2,L2_025,25,1.0165847606754546,-1.3392732161981462,0.8924489807127715
5.0,2.321928094887362,1,2,L2_026,26,-1.277384891667233,-0.9924934338507428,0.3345777398165237
5.0,2.321928094887362,1,2,L2_027,27,0.22351477855774632,-0.5705383492371926,-1.460634198217792
5.0,2.321928094887362,1,2,L2_028,28,-1.0285820170083992,-1.061685007426923,0.21565473818978725
5.0,2.321928094887362,1,2,L2_029,29,-0.22332306544779118,0.03803981051733201,0.5473530391051578
5.0,2.321928094887362,1,2,L2_030,30,-0.2866856699039964,-0.6023137990151491,-0.1776694015255718
5.0,2.321928094887362,1,2,L2_031,31,-1.5405184780813324,0.28827850494012935,-0.3502470612541241
5.0,2.321928094887362,1,2,L2_032,32,0.7293635613360793,-0.45941702854634064,1.1514204381066113
5.0,2.321928094887362,1,2,L2_033,33,0.49669631154559,-0.10118503407990828,0.987607845313007
5.0,2.321928094887362,1,2,L2_034,34,0.4006662980098563,-0.6648714800827695,-1.343727196255169
5.0,2.321928094887362,1,2,L2_035,35,0.9207224070099276,0.074879706060542,0.6687592884798252
5.0,2.321928094887362,1,2,L2_036,36,-0.7977245008334515,-0.39388302284077775,0.9680885053178412
5.0,2.321928094887362,1,2,L2_037,37,-0.0835058395529242,0.33971885639392224,0.14995468698456815
5.0,2.321928094887362,1,2,L2_038,38,-0.30207992810668277,-0.036790460648333925,1.4562302150997972
5.0,2.321928094887362,1,2,L2_039,39,1.2862511553584481,-1.1302815717085903,1.5566031611157105
5.0,2.321928094887362,1,2,L2_040,40,0.24529633573212825,0.909786927186188,-1.259636991464696
5.0,2.321928094887362,1,2,L2_041,41,-0.2370036102516326,0.23994732252421716,-1.719247896815123
5.0,2.321928094887362,1,2,L2_042,42,-0.2722766162394337,0.6381953369780138,-0.8859125461595925
5.0,2.321928094887362,1,2,L2_043,43,0.29548660966572715,-0.22303081073973813,-1.1555231001142823
5.0,2.321928094887362,1,2,L2_044,44,-0.6088479019317818,-0.07794751116651882,-0.7468532356273193
5.0,2.321928094887362,1,2,L2_045,45,1.226212141754103,0.16298904074310114,1.6468181167618245
5.0,2.321928094887362,1,2,L2_046,46,-1.4645660976374921,0.33213106265072184,1.0694272970812397
5.0,2.321928094887362,1,2,L2_047,47,0.5948185503290759,1.1047431561729153,0.9841590207916543
5.0,2.321928094887362,1,2,L2_048,48,-0.3010249557760004,0.08623139453045325,-1.0851210997831575
5.0,2.321928094887362,1,2,L2_049,49,2.3089210729632024,0.6803410154852905,-1.407278480145055
5.0,2.321928094887362,1,2,L2_050,50,-1.1014899691821345,0.13631074337197546,-0.09441180631506679
5.0,2.321928094887362,1,2,L2_051,51,-0.7869117045076807,0.5170080598936737,-0.8617573262668934
5.0,2.321928094887362,1,2,L2_052,52,0.3100389707801405,0.6845203176940793,-0.2251940930609465
5.0,2.321928094887362,1,2,L2_053,53,1.3902969353922683,0.04845260295712063,-1.4075819780181211
5.0,2.321928094887362,1,2,L2_054,54,-0.697844747162256,0.9269283488316707,-0.8233313008397164
5.0,2.321928094887362,1,2,L2_055,55,0.29016928579364526,0.5545491499485025,-1.347654459495812
5.0,2.321928094887362,1,2,L2_056,56,0.45068082217371497,0.6923295698094217,-1.3617497769324254
5.0,2.321928094887362,1,2,L2_057,57,0.3020794549109101,0.8998311376201511,-0.8075231283003468
5.0,2.321928094887362,1,2,L2_058,58,0.1636972291427895,1.4025763007100074,-0.5422303543748236
5.0,2.321928094887362,1,2,L2_059,59,-0.7473636356744696,1.1064426568339534,-0.8582190713514711
5.0,2.321928094887362,1,2,L2_060,60,-1.613927534039541,0.38774351777469945,0.9019864994741044
5.0,2.321928094887362,1,2,L2_061,61,0.3373167773342871,0.04111515736222047,-1.069531647336535
5.0,2.321928094887362,1,2,L2_062,62,0.24087525515985103,0.36824409461090263,-1.5475394880735391
5.0,2.321928094887362,1,2,L2_063,63,0.31789743406662696,0.3685323017413629,-1.0261001042210194
5.0,2.321928094887362,1,2,L2_064,64,-1.145003633569377,0.7097719754946354,1.1833195874037232
5.0,2.321928094887362,1,2,L2_065,65,-0.5528245764494506,1.108208512350049,0.8016178947120951
5.0,2.321928094887362,1,2,L2_066,66,-0.4751003437603,1.5741321003238045,0.7122327131825202
5.0,2.321928094887362,1,2,L2_067,67,-0.6104200546630331,1.4787881723764795,-0.9568271267399231
5.0,2.321928094887362,1,2,L2_068,68,-0.0727719023301763,0.8792759033175698,-1.3317396609923189
5.0,2.321928094887362,1,2,L2_069,69,0.41231456122065147,1.129736484171076,-1.1891369599880448
5.0,2.321928094887362,1,2,L2_070,70,-0.07263648188698121,1.2680343896308508,0.28942524329381
5.0,2.321928094887362,1,2,L2_071,71,0.6511729765681197,0.8324111258324361,1.4223670306895515
5.0,2.321928094887362,1,2,L2_072,72,0.8169425277148097,1.334671082450379,1.533886349742071
5.0,2.321928094887362,1,2,L2_073,73,-2.173536726907013,1.3798135224200963,-0.2032249276750468
5.0,2.321928094887362,1,2,L2_074,74,-0.5377108133006401,1.2899153830129835,-1.1068909119756836
5.0,2.321928094887362,1,2,L2_075,75,0.9953260908802338,0.909815238663675,1.1205708639706653
5.0,2.321928094887362,1,2,L2_076,76,-1.3825164408608834,1.8367454793089826,1.5319934153002595
5.0,2.321928094887362,1,2,L2_077,77,0.8424122413896448,1.633580667078401,1.3394579909451896
5.0,2.321928094887362,1,2,L2_078,78,-0.6033478388584439,1.0361436915213504,-0.19827246264988024
5.0,2.321928094887362,1,2,L2_079,79,1.4002310728896894,1.765778759874626,-0.6820677483165787
5.0,2.321928094887362,1,3,L3_000,80,0.29266095341283044,,
5.0,2.321928094887362,1,3,L3_001,81,0.6469990494699062,,
5.0,2.321928094887362,1,3,L3_002,82,1.9197819969320276,,
5.0,2.321928094887362,1,3,L3_003,83,0.4870370899045495,,
5.0,2.321928094887362,1,3,L3_004,84,0.38097945034423003,,
5.0,2.321928094887362,1,3,L3_005,85,-0.6569199973295085,,
5.0,2.321928094887362,1,3,L3_006,86,0.15993288918873494,,
5.0,2.321928094887362,1,3,L3_007,87,-0.10397315011997432,,
5.0,2.321928094887362,1,3,L3_008,88,0.7014321270724596,,
5.0,2.321928094887362,1,3,L3_009,89,-0.21193873347542652,,
5.0,2.321928094887362,1,3,L3_010,90,-0.046208558418361044,,
5.0,2.321928094887362,1,3,L3_011,91,1.4751925895861917,,
5.0,2.321928094887362,1,3,L3_012,92,1.3423496781276798,,
5.0,2.321928094887362,1,3,L3_013,93,-0.48074076720713405,,
5.0,2.321928094887362,1,3,L3_014,94,0.4295666742041287,,
5.0,2.321928094887362,1,3,L3_015,95,-0.6221361144359179,,
5.0,2.321928094887362,1,3,L3_016,96,0.17779940433736446,,
5.0,2.321928094887362,1,3,L3_017,97,0.36005083137799704,,
5.0,2.321928094887362,1,3,L3_018,98,-1.763795020299963,,
5.0,2.321928094887362,1,3,L3_019,99,0.53758051854499,,
5.0,2.321928094887362,1,3,L3_020,100,-0.8511434564167603,,
5.0,2.321928094887362,1,3,L3_021,101,-0.33651921794400297,,
5.0,2.321928094887362,1,3,L3_022,102,-0.12479007055870756,,
5.0,2.321928094887362,1,3,L3_023,103,0.6945586632707101,,
5.0,2.321928094887362,1,3,L3_024,104,0.9897307488114622,,
5.0,2.321928094887362,1,3,L3_025,105,0.19194268281790575,,
5.0,2.321928094887362,1,3,L3_026,106,-1.3077227734082164,,
5.0,2.321928094887362,1,3,L3_027,107,0.16671170181334077,,
5.0,2.321928094887362,1,3,L3_028,108,2.0847210792968354,,
5.0,2.321928094887362,1,3,L3_029,109,-0.620550178997774,,
5.0,2.321928094887362,1,3,L3_030,110,-0.09111808428434137,,
5.0,2.321928094887362,1,3,L3_031,111,-0.29648759920844114,,
5.0,2.321928094887362,1,3,L3_032,112,-1.51034918259567,,
5.0,2.321928094887362,1,3,L3_033,113,0.28988696665123254,,
5.0,2.321928094887362,1,3,L3_034,114,1.5063291985027862,,
5.0,2.321928094887362,1,3,L3_035,115,0.016247624342200857,,
5.0,2.321928094887362,1,3,L3_036,116,-0.26028576440559575,,
5.0,2.321928094887362,1,3,L3_037,117,-1.080310627318834,,
5.0,2.321928094887362,1,3,L3_038,118,2.699131049733485,,
5.0,2.321928094887362,1,3,L3_039,119,-0.4288351851378414,,
5.0,2.321928094887362,1,3,L3_040,120,-0.14463165954755672,,
5.0,2.321928094887362,1,3,L3_041,121,-1.8001067024957391,,
5.0,2.321928094887362,1,3,L3_042,122,-0.9672494738807682,,
5.0,2.321928094887362,1,3,L3_043,123,-0.11665483439005905,,
5.0,2.321928094887362,1,3,L3_044,124,-0.0829080251729359,,
5.0,2.321928094887362,1,3,L3_045,125,-0.8736255410388547,,
5.0,2.321928094887362,1,3,L3_046,126,-1.0859022740053947,,
5.0,2.321928094887362,1,3,L3_047,127,1.1054316904111527,,
5.0,2.321928094887362,1,3,L3_048,128,1.6220073236482577,,
5.0,2.321928094887362,1,3,L3_049,129,-1.3885601838393793,,
5.0,2.321928094887362,1,3,L3_050,130,1.5891098725649038,,
5.0,2.321928094887362,1,3,L3_051,131,0.09629745863941322,,
5.0,2.321928094887362,1,3,L3_052,132,-0.6671647100413588,,
5.0,2.321928094887362,1,3,L3_053,133,-0.8686272969073302,,
5.0,2.321928094887362,1,3,L3_054,134,-0.029662824678420206,,
5.0,2.321928094887362,1,3,L3_055,135,0.32420592064872866,,
5.0,2.321928094887362,1,3,L3_056,136,-0.42698811666794795,,
5.0,2.321928094887362,1,3,L3_057,137,1.3163297154984248,,
5.0,2.321928094887362,1,3,L3_058,138,-0.4709644427748971,,
5.0,2.321928094887362,1,3,L3_059,139,0.41373884147487333,,
5.0,2.321928094887362,1,3,L3_060,140,-0.44959413172061785,,
5.0,2.321928094887362,1,3,L3_061,141,0.6772677854583312,,
5.0,2.321928094887362,1,3,L3_062,142,0.15666895866196603,,
5.0,2.321928094887362,1,3,L3_063,143,-0.9209243470935831,,
5.0,2.321928094887362,1,3,L3_064,144,0.13708360068418018,,
5.0,2.321928094887362,1,3,L3_065,145,-0.01903851654815643,,
5.0,2.321928094887362,1,3,L3_066,146,-2.123471757049851,,
5.0,2.321928094887362,1,3,L3_067,147,1.1004436396263964,,
5.0,2.321928094887362,1,3,L3_068,148,0.30204587414290374,,
5.0,2.321928094887362,1,3,L3_069,149,1.7136476697092629,,
5.0,2.321928094887362,1,3,L3_070,150,-0.568754872578967,,
5.0,2.321928094887362,1,3,L3_071,151,-0.23373478453609542,,
5.0,2.321928094887362,1,3,L3_072,152,0.9804020862947737,,
5.0,2.321928094887362,1,3,L3_073,153,-0.4785597870842651,,
5.0,2.321928094887362,1,3,L3_074,154,-0.4780330853873279,,
5.0,2.321928094887362,1,3,L3_075,155,0.9155178018286712,,
5.0,2.321928094887362,1,3,L3_076,156,-3.394327561776009,,
5.0,2.321928094887362,1,3,L3_077,157,-0.30852715978123435,,
5.0,2.321928094887362,1,3,L3_078,158,-1.0576597767282514,,
5.0,2.321928094887362,1,3,L3_079,159,-0.25132485974774105,,
5.0,2.321928094887362,2,2,L2_000,0,0.7157830820709246,-0.6436045175116654,1.3180709166481601
5.0,2.321928094887362,2,2,L2_001,1,-0.1865747160562645,-1.3114188536168572,1.0240679434706472
5.0,2.321928094887362,2,2,L2_002,2,-1.144717584025177,-1.8503555466768324,0.5204860226682876
5.0,2.321928094887362,2,2,L2_003,3,-0.09551083734567171,-1.8286759148006935,0.8171471765667275
5.0,2.321928094887362,2,2,L2_004,4,-0.9925578292412293,-0.5086474794479974,-0.35803736128584784
5.0,2.321928094887362,2,2,L2_005,5,0.8601750073231424,-0.3644296023852296,0.8315759061648493
5.0,2.321928094887362,2,2,L2_006,6,-1.148702688623698,-1.4690842805659863,-0.8419800037554516
5.0,2.321928094887362,2,2,L2_007,7,-0.03835514566461696,-1.5732722971926179,0.13027391001338026
5.0,2.321928094887362,2,2,L2_008,8,0.3586829411160147,-0.41374445680156346,0.4792273794127908
5.0,2.321928094887362,2,2,L2_009,9,-0.7233156813451902,-1.3544491192068646,0.6569492576952469
5.0,2.321928094887362,2,2,L2_010,10,-1.1290248832835235,-1.6051973032522913,0.6499609342827654
5.0,2.321928094887362,2,2,L2_011,11,-1.7572798553825173,-1.5383199755725063,0.8378868043093651
5.0,2.321928094887362,2,2,L2_012,12,0.5010903196542609,-1.0740098299435505,-1.3874530155006604
5.0,2.321928094887362,2,2,L2_013,13,-0.6158773100297086,-1.4793096485913646,-0.7578574737341324
5.0,2.321928094887362,2,2,L2_014,14,-0.4672264830343169,-1.15751187646631,0.12125699209704772
5.0,2.321928094887362,2,2,L2_015,15,-1.6147117832720705,-0.9027058717852051,0.27055895391111423
5.0,2.321928094887362,2,2,L2_016,16,0.1740572944300942,-0.6837136306413448,-0.4811825106777553
5.0,2.321928094887362,2,2,L2_017,17,0.8623322492626216,-1.7335746858805785,1.1780335016464618
5.0,2.321928094887362,2,2,L2_018,18,0.6942954237818753,-0.6602878292877538,1.7746641454955514
5.0,2.321928094887362,2,2,L2_019,19,2.1229961112179665,-0.8624140143626721,0.14832710757893175
5.0,2.321928094887362,2,2,L2_020,20,0.19706050877811662,-1.4228050441017777,-1.1176384105384112
5.0,2.321928094887362,2,2,L2_021,21,1.1936325148245632,-1.3736523160572252,1.154261041590113
5.0,2.321928094887362,2,2,L2_022,22,1.1053595746429745,-0.7032795774355344,-1.2900937351703008
5.0,2.321928094887362,2,2,L2_023,23,-2.087330375082212,0.34536633163852287,-0.03845998458125918
5.0,2.321928094887362,2,2,L2_024,24,0.5582448143333248,0.6261194843170685,0.12682938038814437
5.0,2.321928094887362,2,2,L2_025,25,-0.8362806661152231,-1.3392732161981462,0.8924489807127715
5.0,2.321928094887362,2,2,L2_026,26,0.9179255120522043,-0.9924934338507428,0.3345777398165237
5.0,2.321928094887362,2,2,L2_027,27,0.8871181616114749,-0.5705383492371926,-1.460634198217792
5.0,2.321928094887362,2,2,L2_028,28,0.7481451025861936,-1.061685007426923,0.21565473818978725
5.0,2.321928094887362,2,2,L2_029,29,0.9215605581611093,0.03803981051733201,0.5473530391051578
5.0,2.321928094887362,2,2,L2_030,30,0.47312195570249405,-0.6023137990151491,-0.1776694015255718
5.0,2.321928094887362,2,2,L2_031,31,-0.2756589792329381,0.28827850494012935,-0.3502470612541241
5.0,2.321928094887362,2,2,L2_032,32,1.4074350133816331,-0.45941702854634064,1.1514204381066113
5.0,2.321928094887362,2,2,L2_033,33,0.35216838050279714,-0.10118503407990828,0.987607845313007
5.0,2.321928094887362,2,2,L2_034,34,-2.002963590356694,-0.6648714800827695,-1.343727196255169
5.0,2.321928094887362,2,2,L2_035,35,-0.7569673717809607,0.074879706060542,0.6687592884798252
5.0,2.321928094887362,2,2,L2_036,36,-0.2020199563834918,-0.39388302284077775,0.9680885053178412
5.0,2.321928094887362,2,2,L2_037,37,-0.9982089367905759,0.33971885639392224,0.14995468698456815
5.0,2.321928094887362,2,2,L2_038,38,-0.4895361010816437,-0.036790460648333925,1.4562302150997972
5.0,2.321928094887362,2,2,L2_039,39,-1.9261391367532423,-1.1302815717085903,1.5566031611157105
5.0,2.321928094887362,2,2,L2_040,40,2.0717378156461828,0.909786927186188,-1.259636991464696
5.0,2.321928094887362,2,2,L2_041,41,0.4414152701305663,0.23994732252421716,-1.719247896815123
5.0,2.321928094887362,2,2,L2_042,42,-2.340406491550075,0.6381953369780138,-0.8859125461595925
5.0,2.321928094887362,2,2,L2_043,43,0.2772448585674053,-0.22303081073973813,-1.1555231001142823
5.0,2.321928094887362,2,2,L2_044,44,0.06262769593453005,-0.07794751116651882,-0.7468532356273193
5.0,2.321928094887362,2,2,L2_045,45,-1.1487334296634584,0.16298904074310114,1.6468181167618245
5.0,2.321928094887362,2,2,L2_046,46,-0.21449234904497902,0.33213106265072184,1.0694272970812397
5.0,2.321928094887362,2,2,L2_047,47,0.18877545961381684,1.1047431561729153,0.9841590207916543
5.0,2.321928094887362,2,2,L2_048,48,0.6318556270009735,0.08623139453045325,-1.0851210997831575
5.0,2.321928094887362,2,2,L2_049,49,0.28925815083019296,0.6803410154852905,-1.407278480145055
5.0,2.321928094887362,2,2,L2_050,50,1.1822152329623208,0.13631074337197546,-0.09441180631506679
5.0,2.321928094887362,2,2,L2_051,51,1.1215345529720513,0.5170080598936737,-0.8617573262668934
5.0,2.321928094887362,2,2,L2_052,52,0.8796978651774299,0.6845203176940793,-0.2251940930609465
5.0,2.321928094887362,2,2,L2_053,53,1.000830480041581,0.04845260295712063,-1.4075819780181211
5.0,2.321928094887362,2,2,L2_054,54,0.35240950028195117,0.9269283488316707,-0.8233313008397164
5.0,2.321928094887362,2,2,L2_055,55,-1.3209585219234308,0.5545491499485025,-1.347654459495812
5.0,2.321928094887362,2,2,L2_056,56,-0.393756381636976,0.6923295698094217,-1.3617497769324254
5.0,2.321928094887362,2,2,L2_057,57,-0.8362823889960301,0.8998311376201511,-0.8075231283003468
5.0,2.321928094887362,2,2,L2_058,58,-2.3103604180093154,1.4025763007100074,-0.5422303543748236
5.0,2.321928094887362,2,2,L2_059,59,1.2725722137679814,1.1064426568339534,-0.8582190713514711
5.0,2.321928094887362,2,2,L2_060,60,0.6073550071549658,0.38774351777469945,0.9019864994741044
5.0,2.321928094887362,2,2,L2_061,61,0.6439310419694301,0.04111515736222047,-1.069531647336535
5.0,2.321928094887362,2,2,L2_062,62,0.2607609272352537,0.36824409461090263,-1.5475394880735391
5.0,2.321928094887362,2,2,L2_063,63,0.7720169995199453,0.3685323017413629,-1.0261001042210194
5.0,2.321928094887362,2,2,L2_064,64,-2.0209660293292706,0.7097719754946354,1.1833195874037232
5.0,2.321928094887362,2,2,L2_065,65,0.8857522182625748,1.108208512350049,0.8016178947120951
5.0,2.321928094887362,2,2,L2_066,66,0.2054691868648119,1.5741321003238045,0.7122327131825202
5.0,2.321928094887362,2,2,L2_067,67,-0.3471522991326485,1.4787881723764795,-0.9568271267399231
5.0,2.321928094887362,2,2,L2_068,68,-0.9762486450515756,0.8792759033175698,-1.3317396609923189
5.0,2.321928094887362,2,2,L2_069,69,-0.27929593485466714,1.129736484171076,-1.1891369599880448
5.0,2.321928094887362,2,2,L2_070,70,0.10298717339031202,1.2680343896308508,0.28942524329381
5.0,2.321928094887362,2,2,L2_071,71,-0.12076236066530852,0.8324111258324361,1.4223670306895515
5.0,2.321928094887362,2,2,L2_072,72,0.557081226773698,1.334671082450379,1.533886349742071
5.0,2.321928094887362,2,2,L2_073,73,0.3714399829687979,1.3798135224200963,-0.2032249276750468
5.0,2.321928094887362,2,2,L2_074,74,0.1025826418623432,1.2899153830129835,-1.1068909119756836
5.0,2.321928094887362,2,2,L2_075,75,1.2735210365518397,0.909815238663675,1.1205708639706653
5.0,2.321928094887362,2,2,L2_076,76,1.0634911208859765,1.8367454793089826,1.5319934153002595
5.0,2.321928094887362,2,2,L2_077,77,0.06542615301359891,1.633580667078401,1.3394579909451896
5.0,2.321928094887362,2,2,L2_078,78,-0.6722329669377861,1.0361436915213504,-0.19827246264988024
5.0,2.321928094887362,2,2,L2_079,79,0.7354341628620514,1.765778759874626,-0.6820677483165787
5.0,2.321928094887362,2,3,L3_000,80,-1.4561119339474535,,
5.0,2.321928094887362,2,3,L3_001,81,-1.1209409746806545,,
5.0,2.321928094887362,2,3,L3_002,82,0.527149633634479,,
5.0,2.321928094887362,2,3,L3_003,83,-0.2446600458469515,,
5.0,2.321928094887362,2,3,L3_004,84,-2.397580754386755,,
5.0,2.321928094887362,2,3,L3_005,85,-0.7397298266354124,,
5.0,2.321928094887362,2,3,L3_006,86,-0.4765113726976687,,
5.0,2.321928094887362,2,3,L3_007,87,1.5254302605770789,,
5.0,2.321928094887362,2,3,L3_008,88,-0.7215039752768696,,
5.0,2.321928094887362,2,3,L3_009,89,0.6784456858311569,,
5.0,2.321928094887362,2,3,L3_010,90,1.6558760098993783,,
5.0,2.321928094887362,2,3,L3_011,91,1.9705069720066934,,
5.0,2.321928094887362,2,3,L3_012,92,0.29498379579858575,,
5.0,2.321928094887362,2,3,L3_013,93,-1.022148252653016,,
5.0,2.321928094887362,2,3,L3_014,94,0.06376528946577063,,
5.0,2.321928094887362,2,3,L3_015,95,-2.3111906113783505,,
5.0,2.321928094887362,2,3,L3_016,96,-0.8856946477663493,,
5.0,2.321928094887362,2,3,L3_017,97,-1.124056336582232,,
5.0,2.321928094887362,2,3,L3_018,98,1.0462759081817434,,
5.0,2.321928094887362,2,3,L3_019,99,0.11752279390092851,,
5.0,2.321928094887362,2,3,L3_020,100,0.6403831537495543,,
5.0,2.321928094887362,2,3,L3_021,101,1.0253493176968318,,
5.0,2.321928094887362,2,3,L3_022,102,-0.6159174769942717,,
5.0,2.321928094887362,2,3,L3_023,103,-0.864818562163773,,
5.0,2.321928094887362,2,3,L3_024,104,0.6048424060638324,,
5.0,2.321928094887362,2,3,L3_025,105,-0.8257572305008815,,
5.0,2.321928094887362,2,3,L3_026,106,-0.4501550191354529,,
5.0,2.321928094887362,2,3,L3_027,107,-0.5298650536241278,,
5.0,2.321928094887362,2,3,L3_028,108,0.1875661506778915,,
5.0,2.321928094887362,2,3,L3_029,109,-0.39883061506821826,,
5.0,2.321928094887362,2,3,L3_030,110,0.45711824343108554,,
5.0,2.321928094887362,2,3,L3_031,111,1.0546995882595807,,
5.0,2.321928094887362,2,3,L3_032,112,-1.024977014485515,,
5.0,2.321928094887362,2,3,L3_033,113,0.18376982029605965,,
5.0,2.321928094887362,2,3,L3_034,114,0.37191384514651826,,
5.0,2.321928094887362,2,3,L3_035,115,1.0133987761186039,,
5.0,2.321928094887362,2,3,L3_036,116,-2.0130707161365216,,
5.0,2.321928094887362,2,3,L3_037,117,0.6136860342356908,,
5.0,2.321928094887362,2,3,L3_038,118,0.6146853365453324,,
5.0,2.321928094887362,2,3,L3_039,119,1.4387449536893044,,
5.0,2.321928094887362,2,3,L3_040,120,1.5606527650011672,,
5.0,2.321928094887362,2,3,L3_041,121,-1.4661568442008592,,
5.0,2.321928094887362,2,3,L3_042,122,-0.4088007869169973,,
5.0,2.321928094887362,2,3,L3_043,123,0.10872662561750517,,
5.0,2.321928094887362,2,3,L3_044,124,1.1615380425346913,,
5.0,2.321928094887362,2,3,L3_045,125,0.1502178730753227,,
5.0,2.321928094887362,2,3,L3_046,126,-0.337876959739629,,
5.0,2.321928094887362,2,3,L3_047,127,0.10915622935267043,,
5.0,2.321928094887362,2,3,L3_048,128,-0.08982067613624867,,
5.0,2.321928094887362,2,3,L3_049,129,-0.8596673143398285,,
5.0,2.321928094887362,2,3,L3_050,130,0.11440913846042561,,
5.0,2.321928094887362,2,3,L3_051,131,-0.5828726962312604,,
5.0,2.321928094887362,2,3,L3_052,132,0.34545351366828153,,
5.0,2.321928094887362,2,3,L3_053,133,0.9942309761149468,,
5.0,2.321928094887362,2,3,L3_054,134,0.34358746676506974,,
5.0,2.321928094887362,2,3,L3_055,135,-1.5667543600689746,,
5.0,2.321928094887362,2,3,L3_056,136,-0.2355422239937203,,
5.0,2.321928094887362,2,3,L3_057,137,-0.6469682208057224,,
5.0,2.321928094887362,2,3,L3_058,138,-0.2899199050636278,,
5.0,2.321928094887362,2,3,L3_059,139,0.039111272235722284,,
5.0,2.321928094887362,2,3,L3_060,140,1.5468619537234296,,
5.0,2.321928094887362,2,3,L3_061,141,0.7042776488905407,,
5.0,2.321928094887362,2,3,L3_062,142,0.0033963552954452618,,
5.0,2.321928094887362,2,3,L3_063,143,-0.4672128549807914,,
5.0,2.321928094887362,2,3,L3_064,144,-0.672627410982076,,
5.0,2.321928094887362,2,3,L3_065,145,-1.106892244519024,,
5.0,2.321928094887362,2,3,L3_066,146,-0.7107878703560041,,
5.0,2.321928094887362,2,3,L3_067,147,-0.8531010705241374,,
5.0,2.321928094887362,2,3,L3_068,148,1.1333102040700322,,
5.0,2.321928094887362,2,3,L3_069,149,-0.40447086360362444,,
5.0,2.321928094887362,2,3,L3_070,150,-0.28004400693796827,,
5.0,2.321928094887362,2,3,L3_071,151,1.5880897730671273,,
5.0,2.321928094887362,2,3,L3_072,152,1.8025609559011488,,
5.0,2.321928094887362,2,3,L3_073,153,0.36619492226759653,,
5.0,2.321928094887362,2,3,L3_074,154,0.5370662860737667,,
5.0,2.321928094887362,2,3,L3_075,155,2.381278256449536,,
5.0,2.321928094887362,2,3,L3_076,156,0.46619851236573334,,
5.0,2.321928094887362,2,3,L3_077,157,0.7752493664784162,,
5.0,2.321928094887362,2,3,L3_078,158,-0.22981410310280198,,
5.0,2.321928094887362,2,3,L3_079,159,-1.8848312801505152,,
5.0,2.321928094887362,3,2,L2_000,0,-0.004703867428860738,-0.6436045175116654,1.3180709166481601
5.0,2.321928094887362,3,2,L2_001,1,-0.1215381545582343,-1.3114188536168572,1.0240679434706472
5.0,2.321928094887362,3,2,L2_002,2,-1.1449893935168225,-1.8503555466768324,0.5204860226682876
5.0,2.321928094887362,3,2,L2_003,3,-0.11281521281613206,-1.8286759148006935,0.8171471765667275
5.0,2.321928094887362,3,2,L2_004,4,-0.33007867816994324,-0.5086474794479974,-0.35803736128584784
5.0,2.321928094887362,3,2,L2_005,5,-0.8228385404693208,-0.3644296023852296,0.8315759061648493
5.0,2.321928094887362,3,2,L2_006,6,1.0185841653113323,-1.4690842805659863,-0.8419800037554516
5.0,2.321928094887362,3,2,L2_007,7,1.8807602027766606,-1.5732722971926179,0.13027391001338026
5.0,2.321928094887362,3,2,L2_008,8,0.30881955906123504,-0.41374445680156346,0.4792273794127908
5.0,2.321928094887362,3,2,L2_009,9,1.0510553999396142,-1.3544491192068646,0.6569492576952469
5.0,2.321928094887362,3,2,L2_010,10,-2.290446445945342,-1.6051973032522913,0.6499609342827654
5.0,2.321928094887362,3,2,L2_011,11,-0.5896312803033533,-1.5383199755725063,0.8378868043093651
5.0,2.321928094887362,3,2,L2_012,12,0.46717534795176036,-1.0740098299435505,-1.3874530155006604
5.0,2.321928094887362,3,2,L2_013,13,-1.0253510022717494,-1.4793096485913646,-0.7578574737341324
5.0,2.321928094887362,3,2,L2_014,14,0.06770505184591351,-1.15751187646631,0.12125699209704772
5.0,2.321928094887362,3,2,L2_015,15,0.5207576789195033,-0.9027058717852051,0.27055895391111423
5.0,2.321928094887362,3,2,L2_016,16,0.0004614672809367566,-0.6837136306413448,-0.4811825106777553
5.0,2.321928094887362,3,2,L2_017,17,-2.166205468663448,-1.7335746858805785,1.1780335016464618
5.0,2.321928094887362,3,2,L2_018,18,-0.12578549530311953,-0.6602878292877538,1.7746641454955514
5.0,2.321928094887362,3,2,L2_019,19,-0.5213963815710518,-0.8624140143626721,0.14832710757893175
5.0,2.321928094887362,3,2,L2_020,20,0.2007883950001703,-1.4228050441017777,-1.1176384105384112
5.0,2.321928094887362,3,2,L2_021,21,0.04830869944591729,-1.3736523160572252,1.154261041590113
5.0,2.321928094887362,3,2,L2_022,22,1.050044553941865,-0.7032795774355344,-1.2900937351703008
5.0,2.321928094887362,3,2,L2_023,23,0.19126556490804483,0.34536633163852287,-0.03845998458125918
5.0,2.321928094887362,3,2,L2_024,24,-1.2322153202931996,0.6261194843170685,0.12682938038814437
5.0,2.321928094887362,3,2,L2_025,25,1.7982351746944834,-1.3392732161981462,0.8924489807127715
5.0,2.321928094887362,3,2,L2_026,26,0.9686148044023044,-0.9924934338507428,0.3345777398165237
5.0,2.321928094887362,3,2,L2_027,27,0.9284532229845096,-0.5705383492371926,-1.460634198217792
5.0,2.321928094887362,3,2,L2_028,28,-0.5689976697889235,-1.061685007426923,0.21565473818978725
5.0,2.321928094887362,3,2,L2_029,29,-1.0766670311514632,0.03803981051733201,0.5473530391051578
5.0,2.321928094887362,3,2,L2_030,30,-0.8062268307446522,-0.6023137990151491,-0.1776694015255718
5.0,2.321928094887362,3,2,L2_031,31,-0.5918127145423573,0.28827850494012935,-0.3502470612541241
5.0,2.321928094887362,3,2,L2_032,32,-0.19919296742478979,-0.45941702854634064,1.1514204381066113
5.0,2.321928094887362,3,2,L2_033,33,1.6312986083057563,-0.10118503407990828,0.987607845313007
5.0,2.321928094887362,3,2,L2_034,34,0.03159035180478315,-0.6648714800827695,-1.343727196255169
5.0,2.321928094887362,3,2,L2_035,35,0.754136282627784,0.074879706060542,0.6687592884798252
5.0,2.321928094887362,3,2,L2_036,36,0.5068482718969,-0.39388302284077775,0.9680885053178412
5.0,2.321928094887362,3,2,L2_037,37,0.5209146929951505,0.33971885639392224,0.14995468698456815
5.0,2.321928094887362,3,2,L2_038,38,-0.5846706886374622,-0.036790460648333925,1.4562302150997972
5.0,2.321928094887362,3,2,L2_039,39,-0.3929895914017866,-1.1302815717085903,1.5566031611157105
5.0,2.321928094887362,3,2,L2_040,40,1.069649531436673,0.909786927186188,-1.259636991464696
5.0,2.321928094887362,3,2,L2_041,41,-0.322158506447873,0.23994732252421716,-1.719247896815123
5.0,2.321928094887362,3,2,L2_042,42,0.0007242407152794973,0.6381953369780138,-0.8859125461595925
5.0,2.321928094887362,3,2,L2_043,43,-0.4874225691962667,-0.22303081073973813,-1.1555231001142823
5.0,2.321928094887362,3,2,L2_044,44,-0.056134398691514355,-0.07794751116651882,-0.7468532356273193
5.0,2.321928094887362,3,2,L2_045,45,-0.08870522184176535,0.16298904074310114,1.6468181167618245
5.0,2.321928094887362,3,2,L2_046,46,1.1288696286042832,0.33213106265072184,1.0694272970812397
5.0,2.321928094887362,3,2,L2_047,47,-0.906596482739421,1.1047431561729153,0.9841590207916543
5.0,2.321928094887362,3,2,L2_048,48,0.8676660076582752,0.08623139453045325,-1.0851210997831575
5.0,2.321928094887362,3,2,L2_049,49,1.8285929730597923,0.6803410154852905,-1.407278480145055
5.0,2.321928094887362,3,2,L2_050,50,0.16664147601767745,0.13631074337197546,-0.09441180631506679
5.0,2.321928094887362,3,2,L2_051,51,1.1216774506326317,0.5170080598936737,-0.8617573262668934
5.0,2.321928094887362,3,2,L2_052,52,1.7086078246496355,0.6845203176940793,-0.2251940930609465
5.0,2.321928094887362,3,2,L2_053,53,1.3846581884197413,0.04845260295712063,-1.4075819780181211
5.0,2.321928094887362,3,2,L2_054,54,1.8049345832780626,0.9269283488316707,-0.8233313008397164
5.0,2.321928094887362,3,2,L2_055,55,-0.5631929965060771,0.5545491499485025,-1.347654459495812
5.0,2.321928094887362,3,2,L2_056,56,-0.7839826783398055,0.6923295698094217,-1.3617497769324254
5.0,2.321928094887362,3,2,L2_057,57,-0.8654192855061338,0.8998311376201511,-0.8075231283003468
5.0,2.321928094887362,3,2,L2_058,58,0.37036063469343944,1.4025763007100074,-0.5422303543748236
5.0,2.321928094887362,3,2,L2_059,59,-0.04826921344685879,1.1064426568339534,-0.8582190713514711
5.0,2.321928094887362,3,2,L2_060,60,-2.373614630530002,0.38774351777469945,0.9019864994741044
5.0,2.321928094887362,3,2,L2_061,61,-0.2548272048776233,0.04111515736222047,-1.069531647336535
5.0,2.321928094887362,3,2,L2_062,62,-0.7784412476624744,0.36824409461090263,-1.5475394880735391
5.0,2.321928094887362,3,2,L2_063,63,0.17311629551554786,0.3685323017413629,-1.0261001042210194
5.0,2.321928094887362,3,2,L2_064,64,-0.15879030006411232,0.7097719754946354,1.1833195874037232
5.0,2.321928094887362,3,2,L2_065,65,-2.5623539401453597,1.108208512350049,0.8016178947120951
5.0,2.321928094887362,3,2,L2_066,66,-1.0037170669771693,1.5741321003238045,0.7122327131825202
5.0,2.321928094887362,3,2,L2_067,67,0.40980044494322443,1.4787881723764795,-0.9568271267399231
5.0,2.321928094887362,3,2,L2_068,68,-1.5656739886249702,0.8792759033175698,-1.3317396609923189
5.0,2.321928094887362,3,2,L2_069,69,0.21541566090777264,1.129736484171076,-1.1891369599880448
5.0,2.321928094887362,3,2,L2_070,70,-0.4798283188272622,1.2680343896308508,0.28942524329381
5.0,2.321928094887362,3,2,L2_071,71,-0.2250327053348625,0.8324111258324361,1.4223670306895515
5.0,2.321928094887362,3,2,L2_072,72,-0.21992045037116756,1.334671082450379,1.533886349742071
5.0,2.321928094887362,3,2,L2_073,73,0.9797820239265147,1.3798135224200963,-0.2032249276750468
5.0,2.321928094887362,3,2,L2_074,74,1.6947536632951021,1.2899153830129835,-1.1068909119756836
5.0,2.321928094887362,3,2,L2_075,75,-1.5198873443632335,0.909815238663675,1.1205708639706653
5.0,2.321928094887362,3,2,L2_076,76,1.3012542391900757,1.8367454793089826,1.5319934153002595
5.0,2.321928094887362,3,2,L2_077,77,0.9850769895164185,1.633580667078401,1.3394579909451896
5.0,2.321928094887362,3,2,L2_078,78,-0.8598078992267416,1.0361436915213504,-0.19827246264988024
5.0,2.321928094887362,3,2,L2_079,79,-0.32507016783207937,1.765778759874626,-0.6820677483165787
5.0,2.321928094887362,3,3,L3_000,80,1.491493560807985,,
5.0,2.321928094887362,3,3,L3_001,81,0.6607132716581176,,
5.0,2.321928094887362,3,3,L3_002,82,0.4725344642248062,,
5.0,2.321928094887362,3,3,L3_003,83,0.8423181704654092,,
5.0,2.321928094887362,3,3,L3_004,84,-0.003174339446702753,,
5.0,2.321928094887362,3,3,L3_005,85,0.2856276064983333,,
5.0,2.321928094887362,3,3,L3_006,86,-1.1627581569501981,,
5.0,2.321928094887362,3,3,L3_007,87,0.08568524874891939,,
5.0,2.321928094887362,3,3,L3_008,88,-0.3112754934341408,,
5.0,2.321928094887362,3,3,L3_009,89,-0.11820382775789878,,
5.0,2.321928094887362,3,3,L3_010,90,-0.9794039417945364,,
5.0,2.321928094887362,3,3,L3_011,91,0.9227559270375456,,
5.0,2.321928094887362,3,3,L3_012,92,-0.37398399048491066,,
5.0,2.321928094887362,3,3,L3_013,93,0.6781253883999703,,
5.0,2.321928094887362,3,3,L3_014,94,-2.002404739838168,,
5.0,2.321928094887362,3,3,L3_015,95,-0.36426135094009937,,
5.0,2.321928094887362,3,3,L3_016,96,-0.01603217579973561,,
5.0,2.321928094887362,3,3,L3_017,97,-1.3887907522058294,,
5.0,2.321928094887362,3,3,L3_018,98,1.000354362237561,,
5.0,2.321928094887362,3,3,L3_019,99,2.3946740987989896,,
5.0,2.321928094887362,3,3,L3_020,100,1.1724662577482357,,
5.0,2.321928094887362,3,3,L3_021,101,1.468042346718004,,
5.0,2.321928094887362,3,3,L3_022,102,-1.314152912719792,,
5.0,2.321928094887362,3,3,L3_023,103,0.7376424192573429,,
5.0,2.321928094887362,3,3,L3_024,104,-1.5859100696691177,,
5.0,2.321928094887362,3,3,L3_025,105,-0.914250465910029,,
5.0,2.321928094887362,3,3,L3_026,106,0.19435726055469452,,
5.0,2.321928094887362,3,3,L3_027,107,-1.1170190086523266,,
5.0,2.321928094887362,3,3,L3_028,108,-1.2853217458160089,,
5.0,2.321928094887362,3,3,L3_029,109,0.5585697452137578,,
5.0,2.321928094887362,3,3,L3_030,110,0.5871282822967028,,
5.0,2.321928094887362,3,3,L3_031,111,-0.07870947905070738,,
5.0,2.321928094887362,3,3,L3_032,112,-0.8302539458722497,,
5.0,2.321928094887362,3,3,L3_033,113,1.6921646208196455,,
5.0,2.321928094887362,3,3,L3_034,114,1.059839205298538,,
5.0,2.321928094887362,3,3,L3_035,115,-0.42739412078618516,,
5.0,2.321928094887362,3,3,L3_036,116,-0.9136903393905079,,
5.0,2.321928094887362,3,3,L3_037,117,-1.0933463003158994,,
5.0,2.321928094887362,3,3,L3_038,118,-0.18257498461812674,,
5.0,2.321928094887362,3,3,L3_039,119,-0.7689851563085182,,
5.0,2.321928094887362,3,3,L3_040,120,-0.38855807073097703,,
5.0,2.321928094887362,3,3,L3_041,121,1.533979739625636,,
5.0,2.321928094887362,3,3,L3_042,122,-0.2533212882180715,,
5.0,2.321928094887362,3,3,L3_043,123,-0.993271812387404,,
5.0,2.321928094887362,3,3,L3_044,124,0.018213441419323576,,
5.0,2.321928094887362,3,3,L3_045,125,0.2795495528084298,,
5.0,2.321928094887362,3,3,L3_046,126,-0.8505140214909448,,
5.0,2.321928094887362,3,3,L3_047,127,0.3554270151459741,,
5.0,2.321928094887362,3,3,L3_048,128,-2.0354988427164,,
5.0,2.321928094887362,3,3,L3_049,129,1.8984850928975354,,
5.0,2.321928094887362,3,3,L3_050,130,-1.0673525806883983,,
5.0,2.321928094887362,3,3,L3_051,131,-0.2842479691442803,,
5.0,2.321928094887362,3,3,L3_052,132,-1.2776823977929435,,
5.0,2.321928094887362,3,3,L3_053,133,-1.0898673366981693,,
5.0,2.321928094887362,3,3,L3_054,134,-1.182341981467954,,
5.0,2.321928094887362,3,3,L3_055,135,0.6608937927210429,,
5.0,2.321928094887362,3,3,L3_056,136,0.1804832879189826,,
5.0,2.321928094887362,3,3,L3_057,137,1.6963502109148525,,
5.0,2.321928094887362,3,3,L3_058,138,0.850806265788313,,
5.0,2.321928094887362,3,3,L3_059,139,-0.8752964054483113,,
5.0,2.321928094887362,3,3,L3_060,140,0.39866938931909357,,
5.0,2.321928094887362,3,3,L3_061,141,-0.34286013133473137,,
5.0,2.321928094887362,3,3,L3_062,142,0.8741007065770449,,
5.0,2.321928094887362,3,3,L3_063,143,0.40362065913091083,,
5.0,2.321928094887362,3,3,L3_064,144,1.65823848892041,,
5.0,2.321928094887362,3,3,L3_065,145,-0.14762652356383868,,
5.0,2.321928094887362,3,3,L3_066,146,-1.304340211686369,,
5.0,2.321928094887362,3,3,L3_067,147,0.5476998396450875,,
5.0,2.321928094887362,3,3,L3_068,148,-1.3192137344394177,,
5.0,2.321928094887362,3,3,L3_069,149,0.28539153776718773,,
5.0,2.321928094887362,3,3,L3_070,150,-0.2671863174054621,,
5.0,2.321928094887362,3,3,L3_071,151,1.5985151695461322,,
5.0,2.321928094887362,3,3,L3_072,152,0.17151159978888048,,
5.0,2.321928094887362,3,3,L3_073,153,-1.2808898926428525,,
5.0,2.321928094887362,3,3,L3_074,154,0.16167335545516698,,
5.0,2.321928094887362,3,3,L3_075,155,1.1315296063113138,,
5.0,2.321928094887362,3,3,L3_076,156,-1.0516563288888388,,
5.0,2.321928094887362,3,3,L3_077,157,1.2418459564124813,,
5.0,2.321928094887362,3,3,L3_078,158,0.898615433246792,,
5.0,2.321928094887362,3,3,L3_079,159,0.0935307663619025,,
